// Created by Crowbar 0.74
version 1
nodes
  0 "tag_origin" -1
  1 "tag_view" 0
  2 "tag_ads" 1
  3 "tag_torso" 2
  4 "j_mainroot" 3
  5 "j_spinelower" 4
  6 "j_spineupper" 5
  7 "j_clavicle_le" 6
  8 "j_clavicle_ri" 6
  9 "j_shoulder_le" 7
  10 "j_teres_le" 7
  11 "j_shoulder_ri" 8
  12 "j_teres_ri" 8
  13 "j_shouldertwist_le" 9
  14 "j_elbow_le" 9
  15 "ValveBiped.Bip01_L_UpperArm" 9
  16 "j_shouldertwist_ri" 11
  17 "j_elbow_ri" 11
  18 "ValveBiped.Bip01_R_UpperArm" 11
  19 "j_wristfronttwist1_le" 14
  20 "j_elbowdq_le" 14
  21 "j_wrist_le" 14
  22 "ValveBiped.Bip01_L_Forearm" 19
  23 "j_wristfronttwist1_ri" 17
  24 "j_elbowdq_ri" 17
  25 "j_wrist_ri" 17
  26 "ValveBiped.Bip01_R_Forearm" 23
  27 "j_metaindex_le_1" 21
  28 "j_metamid_le_1" 21
  29 "j_metapinky_le_1" 21
  30 "j_metaring_le_1" 21
  31 "j_thumb_le_1" 21
  32 "ValveBiped.Bip01_L_Hand" 21
  33 "j_metaindex_ri_1" 25
  34 "j_metamid_ri_1" 25
  35 "j_metapinky_ri_1" 25
  36 "j_metaring_ri_1" 25
  37 "j_thumb_ri_1" 25
  38 "ValveBiped.Bip01_R_Hand" 25
  39 "j_index_le_1" 27
  40 "j_mid_le_1" 28
  41 "j_pinky_le_1" 29
  42 "j_webbing_le_3" 29
  43 "j_ring_le_1" 30
  44 "j_thumb_le_2" 31
  45 "j_webbing_le_2" 31
  46 "ValveBiped.Bip01_L_Finger0" 31
  47 "j_index_ri_1" 33
  48 "j_mid_ri_1" 34
  49 "j_pinky_ri_1" 35
  50 "j_webbing_ri_3" 35
  51 "j_ring_ri_1" 36
  52 "j_thumb_ri_2" 37
  53 "j_webbing_ri_2" 37
  54 "ValveBiped.Bip01_R_Finger0" 37
  55 "j_index_le_2" 39
  56 "j_indexbulge_le_1" 39
  57 "j_proc_index_le_1" 39
  58 "ValveBiped.Bip01_L_Finger1" 39
  59 "j_mid_le_2" 40
  60 "j_proc_mid_le_1" 40
  61 "ValveBiped.Bip01_L_Finger2" 40
  62 "j_pinky_le_2" 41
  63 "j_proc_pinky_le_1" 41
  64 "ValveBiped.Bip01_L_Finger4" 41
  65 "j_ring_le_2" 43
  66 "j_proc_ring_le_1" 43
  67 "ValveBiped.Bip01_L_Finger3" 43
  68 "j_thumb_le_3" 44
  69 "ValveBiped.Bip01_L_Finger01" 44
  70 "j_index_ri_2" 47
  71 "j_indexbulge_ri_1" 47
  72 "j_proc_index_ri_1" 47
  73 "ValveBiped.Bip01_R_Finger1" 47
  74 "j_mid_ri_2" 48
  75 "j_proc_mid_ri_1" 48
  76 "ValveBiped.Bip01_R_Finger2" 48
  77 "j_pinky_ri_2" 49
  78 "j_proc_pinky_ri_1" 49
  79 "ValveBiped.Bip01_R_Finger4" 49
  80 "j_ring_ri_2" 51
  81 "j_proc_ring_ri_1" 51
  82 "ValveBiped.Bip01_R_Finger3" 51
  83 "j_thumb_ri_3" 52
  84 "ValveBiped.Bip01_R_Finger01" 52
  85 "j_index_le_3" 55
  86 "ValveBiped.Bip01_L_Finger11" 55
  87 "j_mid_le_3" 59
  88 "ValveBiped.Bip01_L_Finger21" 59
  89 "j_pinky_le_3" 62
  90 "ValveBiped.Bip01_L_Finger41" 62
  91 "j_ring_le_3" 65
  92 "ValveBiped.Bip01_L_Finger31" 65
  93 "ValveBiped.Bip01_L_Finger02" 68
  94 "j_index_ri_3" 70
  95 "ValveBiped.Bip01_R_Finger11" 70
  96 "j_mid_ri_3" 74
  97 "ValveBiped.Bip01_R_Finger21" 74
  98 "j_pinky_ri_3" 77
  99 "ValveBiped.Bip01_R_Finger41" 77
  100 "j_ring_ri_3" 80
  101 "ValveBiped.Bip01_R_Finger31" 80
  102 "ValveBiped.Bip01_R_Finger02" 83
  103 "ValveBiped.Bip01_L_Finger12" 85
  104 "ValveBiped.Bip01_L_Finger22" 87
  105 "ValveBiped.Bip01_L_Finger42" 89
  106 "ValveBiped.Bip01_L_Finger32" 91
  107 "ValveBiped.Bip01_R_Finger12" 94
  108 "ValveBiped.Bip01_R_Finger22" 96
  109 "ValveBiped.Bip01_R_Finger42" 98
  110 "ValveBiped.Bip01_R_Finger32" 100
  111 "ValveBiped.Anim_Attachment_RH" -1
  112 "tag_sling" -1
  113 "tag_attachments" 112
  114 "j_gun" -1
  115 "j_trigger" 112
  116 "tag_acog_2" 112
  117 "tag_barrel_attach" 112
  118 "tag_flash" 117
  119 "tag_folding_grip" 117
  120 "tag_grenade_launcher" 117
  121 "tag_grip_attach" 117
  122 "tag_ik_loc_le" 117
  123 "tag_laser_attach" 117
  124 "tag_silencer" 117
  125 "tag_grip_hide" 117
  126 "tag_brass" 112
  127 "tag_cosmetic" 112
  128 "tag_holo" 112
  129 "tag_hybrid" 112
  130 "j_hybrid_scope" 129
  131 "j_magnifier_lever" 129
  132 "tag_glass_ads2" 129
  133 "tag_glass_hip2" 129
  134 "tag_reticle_attach2" 129
  135 "tag_ik_loc_ri" 112
  136 "tag_mag_attach" 112
  137 "j_mag1" 136
  138 "j_mag_follower" 137
  139 "j_mag2" 136
  140 "tag_pistolgrip_attach" 112
  141 "tag_reflex" 112
  142 "tag_scope" 112
  143 "tag_sight_on" 112
  144 "tag_stock_attach" 112
  145 "j_charginghandle" 112
  146 "j_charginghandleassist" 112
  147 "j_firesel" 112
  148 "j_magrel" 112
  149 "j_magrel_right" 112
  150 "j_mike4_bolt" 112
  151 "tag_sight_off" 112
  152 "tag_tip" 117
  153 "j_stock" 144
  154 "tag_stock_hide" 112
  155 "j_b_01" 137
  156 "j_b_010" 137
  157 "j_b_011" 137
  158 "j_b_012" 137
  159 "j_b_013" 137
  160 "j_b_014" 137
  161 "j_b_015" 137
  162 "j_b_016" 137
  163 "j_b_02" 137
  164 "j_b_03" 137
  165 "j_b_04" 137
  166 "j_b_05" 137
  167 "j_b_06" 137
  168 "j_b_07" 137
  169 "j_b_08" 137
  170 "j_b_09" 137
  171 "tag_sight_on2" 117
  172 "tag_sight_off2" 117
  173 "tag_sync" 0
  174 "j_hip_le" 4
  175 "j_hiptwist_le" 174
  176 "j_knee_le" 174
  177 "j_ankle_le" 176
  178 "j_ball_le" 177
  179 "j_kneedq_le" 176
  180 "j_hip_proc_le" 174
  181 "j_hip_ri" 4
  182 "j_hiptwist_ri" 181
  183 "tag_stowed_thigh" 182
  184 "j_knee_ri" 181
  185 "j_ankle_ri" 184
  186 "j_ball_ri" 185
  187 "j_kneedq_ri" 184
  188 "j_hip_proc_ri" 181
  189 "j_proc_wristfronttwist1_le" 19
  190 "tag_wrist_attach_le" 189
  191 "j_shield_le" 14
  192 "j_index_le_4" 85
  193 "j_thumb_le_4" 68
  194 "j_webbing_le_1" 21
  195 "tag_weapon_left" 21
  196 "tag_accessory_left" 21
  197 "j_proc_metaindex_le_1" 21
  198 "j_proc_metaindex_le_2" 197
  199 "j_proc_metaknuckle_le_1" 21
  200 "j_proc_knuckle_le_1" 199
  201 "j_proc_idle_knuckle_le_1" 199
  202 "j_proc_orient_knuckle_le_1" 199
  203 "j_proc_metapinky_le_1" 21
  204 "j_proc_metapinky_le_2" 203
  205 "tag_carry_attach" 7
  206 "j_shield_ri" 17
  207 "j_index_ri_4" 94
  208 "j_thumb_ri_4" 83
  209 "j_webbing_ri_1" 25
  210 "tag_weapon_right" 25
  211 "tag_knife_attach2" 25
  212 "tag_accessory_right" 25
  213 "j_proc_metaindex_ri_1" 25
  214 "j_proc_metaindex_ri_2" 213
  215 "j_proc_metaknuckle_ri_1" 25
  216 "j_proc_knuckle_ri_1" 215
  217 "j_proc_idle_knuckle_ri_1" 215
  218 "j_proc_orient_knuckle_ri_1" 215
  219 "j_proc_metapinky_ri_1" 25
  220 "j_proc_metapinky_ri_2" 219
  221 "j_spine4" 6
  222 "j_chest" 221
  223 "j_proc_spineupper" 6
  224 "j_proc_spinelower" 5
  225 "j_groinprotector" 4
  226 "j_crotch" 4
  227 "tag_weapon" 3
  228 "j_bullet2" 137
  229 "tag_cambone" 1
  230 "tag_camera" 229
  231 "tag_player" 230
  232 "tag_playerhelmet" 230
  233 "tag_camera_scripted" 0
  234 "j_grenade" -1
  235 "j_gun.001" 227
  236 "j_barrel" 112
  237 "j_safety" 112
  238 "j_lever" 120
  239 "tag_flash_alt" 120
  240 "tag_ik_loc_le_launcher" 120
  241 "j_chamber" 120
  242 "j_grenade_empty" 120
  243 "j_basespring" 137
  244 "j_bullet" 137
  245 "tag_rail_attach" 112
  246 "Joints" -1
end
skeleton
  time 0
    0 0.000000 0.000000 0.000000 0.000000 0.000000 -1.570796
    1 0.000000 0.000000 0.000000 0.000000 0.000000 0.000000
    2 0.000000 0.000000 0.000000 0.000000 0.000000 0.000000
    3 0.000000 0.000000 0.000000 0.000000 0.000000 0.000000
    4 0.000000 0.000000 0.000000 0.000000 0.000000 0.000000
    5 0.000000 0.000000 0.000000 0.000000 0.000000 0.000000
    6 0.000000 0.000000 0.000000 0.000000 0.000000 0.000000
    7 0.000000 0.000000 0.000000 -0.030106 0.326069 -0.403330
    8 0.000000 0.000000 0.000000 0.000000 0.000000 0.000000
    9 0.000000 0.000000 0.000000 -0.139851 -0.278493 0.249285
    10 0.000000 0.000000 0.000000 0.000000 0.000000 0.000000
    11 0.000000 0.000000 0.000000 0.007940 0.058697 -0.081809
    12 0.000000 0.000000 0.000000 0.000000 0.000000 0.000000
    13 0.000000 0.000000 0.000000 0.039445 -0.000060 0.000000
    14 0.000000 0.000000 0.000000 0.000048 -0.000012 1.007095
    15 0.000000 0.000000 0.000000 0.000000 0.000000 0.000000
    16 0.000000 0.000000 0.000000 -0.027631 0.000000 0.000000
    17 0.000000 0.000000 0.000000 0.000036 0.000036 0.111625
    18 0.000000 0.000000 0.000000 0.000000 0.000000 0.000000
    19 0.000000 0.000000 0.000000 0.077752 0.000000 0.000000
    20 -0.375011 0.175787 0.000000 0.000000 0.000000 -0.503537
    21 0.000000 0.000000 0.000000 -0.421592 0.058885 -1.033960
    22 0.000000 0.000000 0.000000 0.000000 0.000000 0.000000
    23 0.000000 0.000000 0.000000 1.543856 -0.000096 0.000132
    24 -0.113285 0.031251 0.000000 -0.000132 0.000000 -0.055793
    25 0.000000 0.000000 0.000000 0.193297 -0.404252 0.482440
    26 0.000000 0.000000 0.000000 0.000000 0.000000 0.000000
    27 0.000000 0.000000 0.000000 0.000000 -0.000048 0.000120
    28 0.000000 0.000000 0.000000 0.000000 0.000000 0.000000
    29 0.000000 0.000000 0.000000 0.000053 0.044024 0.000072
    30 0.000000 0.000000 0.000000 0.000108 -0.031795 0.000048
    31 0.000000 0.000000 0.000000 0.737778 0.693307 0.210451
    32 0.000000 0.000000 0.000000 0.000000 0.000000 0.000000
    33 0.000000 0.000000 0.000000 -0.000051 -0.000084 0.000096
    34 0.000000 0.000000 0.000000 -0.000051 0.000036 0.000120
    35 0.000000 0.000000 0.000000 0.000000 0.000048 0.000120
    36 0.000000 0.000000 0.000000 0.000054 0.000036 0.000036
    37 0.000000 0.000000 0.000000 -0.000066 -0.000061 0.000072
    38 0.000000 0.000000 0.000000 0.000000 0.000000 0.000000
    39 0.000000 0.000000 0.000000 -0.127389 0.028150 -0.467841
    40 0.000000 0.000000 0.000000 0.027746 -0.037233 -0.606678
    41 0.000000 0.000000 0.000000 -0.323500 -0.022934 0.711531
    42 0.000000 0.000000 0.000000 0.000000 0.000000 0.000000
    43 0.000000 0.000000 0.000000 -0.075703 0.054271 -0.068212
    44 0.000000 0.000000 0.000000 0.228526 0.238765 0.153330
    45 0.000000 0.000000 -0.335948 0.000000 0.000000 0.000000
    46 0.000000 0.000000 0.000000 0.000000 0.000000 0.000000
    47 0.000000 0.000000 0.000000 0.000054 0.000000 0.000000
    48 0.000000 0.000000 0.000000 0.000033 -0.000012 0.000064
    49 0.000000 0.000000 0.000000 -0.000012 -0.000144 -0.000043
    50 0.000000 0.000000 0.000000 0.000000 0.000000 0.000000
    51 0.000000 0.000000 0.000000 -0.000084 -0.000013 0.000000
    52 0.000000 0.000000 0.000000 0.000027 -0.000036 -0.000069
    53 0.000000 0.000000 0.000000 0.000000 0.000000 0.000000
    54 0.000000 0.000000 0.000000 0.000000 0.000000 0.000000
    55 0.000000 0.000000 0.000000 -0.000036 0.000036 0.520282
    56 0.000000 0.000000 0.000000 0.000000 0.000000 0.000000
    57 0.000000 0.000000 0.000000 0.000000 0.000000 0.000000
    58 0.000000 0.000000 0.000000 0.000000 0.000000 0.000000
    59 0.000000 0.000000 0.000000 -0.008641 -0.019559 0.254540
    60 0.000000 0.000000 0.000000 0.000000 0.000000 0.000000
    61 0.000000 0.000000 0.000000 0.000000 0.000000 0.000000
    62 0.000000 0.000000 0.000000 -0.010990 0.017414 0.566394
    63 0.000000 0.000000 0.000000 0.000000 0.000000 0.000000
    64 0.000000 0.000000 0.000000 0.000000 0.000000 0.000000
    65 0.000000 0.000000 0.000000 0.023046 0.010175 0.121911
    66 0.000000 0.000000 0.000000 0.000000 0.000000 0.000000
    67 0.000000 0.000000 0.000000 0.000000 0.000000 0.000000
    68 0.000000 0.000000 0.000000 -0.085953 0.013782 -0.884241
    69 0.000000 0.000000 0.000000 0.000000 0.000000 0.000000
    70 0.000000 0.000000 0.000000 0.000096 -0.000084 0.000042
    71 0.000000 0.000000 0.000000 0.000000 0.000000 0.000000
    72 0.000000 0.000000 0.000000 0.000000 0.000000 0.000000
    73 0.000000 0.000000 0.000000 0.000000 0.000000 0.000000
    74 0.000000 0.000000 0.000000 0.000012 -0.000084 -0.000043
    75 0.000000 0.000000 0.000000 0.000000 0.000000 0.000000
    76 0.000000 0.000000 0.000000 0.000000 0.000000 0.000000
    77 0.000000 0.000000 0.000000 -0.000048 0.000024 0.000000
    78 0.000000 0.000000 0.000000 0.000000 0.000000 0.000000
    79 0.000000 0.000000 0.000000 0.000000 0.000000 0.000000
    80 0.000000 0.000000 0.000000 -0.000012 0.000084 0.000035
    81 0.000000 0.000000 0.000000 0.000000 0.000000 0.000000
    82 0.000000 0.000000 0.000000 0.000000 0.000000 0.000000
    83 0.000000 0.000000 0.000000 0.000000 0.000000 -0.000033
    84 0.000000 0.000000 0.000000 0.000000 0.000000 0.000000
    85 0.000000 0.000000 0.000000 0.000228 0.003691 0.016413
    86 0.000000 0.000000 0.000000 0.000000 0.000000 0.000000
    87 0.000000 0.000000 0.000000 0.021285 0.009492 0.432993
    88 0.000000 0.000000 0.000000 0.000000 0.000000 0.000000
    89 0.000000 0.000000 0.000000 -0.004015 0.020206 -0.173162
    90 0.000000 0.000000 0.000000 0.000000 0.000000 0.000000
    91 0.000000 0.000000 0.000000 0.000000 0.000000 0.245922
    92 0.000000 0.000000 0.000000 0.000000 0.000000 0.000000
    93 0.000000 0.000000 0.000000 0.000000 0.000000 0.000000
    94 0.000000 0.000000 0.000000 0.000000 0.000000 0.000000
    95 0.000000 0.000000 0.000000 0.000000 0.000000 0.000000
    96 0.000000 0.000000 0.000000 -0.000024 -0.000048 0.000000
    97 0.000000 0.000000 0.000000 0.000000 0.000000 0.000000
    98 0.000000 0.000000 0.000000 0.000000 0.000000 -0.000054
    99 0.000000 0.000000 0.000000 0.000000 0.000000 0.000000
    100 0.000000 0.000000 0.000000 0.000048 -0.000024 0.000000
    101 0.000000 0.000000 0.000000 0.000000 0.000000 0.000000
    102 0.000000 0.000000 0.000000 0.000000 0.000000 0.000000
    103 0.000000 0.000000 0.000000 0.000000 0.000000 0.000000
    104 0.000000 0.000000 0.000000 0.000000 0.000000 0.000000
    105 0.000000 0.000000 0.000000 0.000000 0.000000 0.000000
    106 0.000000 0.000000 0.000000 0.000000 0.000000 0.000000
    107 0.000000 0.000000 0.000000 0.000000 0.000000 0.000000
    108 0.000000 0.000000 0.000000 0.000000 0.000000 0.000000
    109 0.000000 0.000000 0.000000 0.000000 0.000000 0.000000
    110 0.000000 0.000000 0.000000 0.000000 0.000000 0.000000
    111 0.000000 0.000000 0.000000 0.000000 0.000000 -1.570796
    112 -1.324259 -2.750084 -0.968780 0.425791 0.515656 -1.428607
    113 0.000000 0.000000 0.000000 0.000000 0.000000 0.000000
    114 -0.136723 -1.312540 -6.129093 0.425787 0.515779 -1.428900
    115 0.000000 0.000000 0.000000 0.000000 0.000000 0.000000
    116 0.000000 0.000000 0.000000 0.000000 0.000000 0.000000
    117 0.000000 0.000000 0.000000 0.000000 0.000000 0.000000
    118 0.000000 0.000000 0.000000 0.000000 0.000000 0.000000
    119 0.000000 0.000000 0.000000 0.000000 0.000000 0.000000
    120 0.000000 0.000000 0.000000 0.000000 0.000000 0.000000
    121 0.000000 0.000000 0.000000 0.000000 0.000000 0.000000
    122 0.000000 0.000000 0.000000 0.000000 0.000000 0.000000
    123 0.000000 0.000000 0.000000 0.000000 0.000000 0.000000
    124 0.000000 0.000000 0.000000 0.000000 0.000000 0.000000
    125 0.000000 0.000000 0.000000 0.000000 0.000000 0.000000
    126 0.000000 0.000000 0.000000 0.000000 0.000000 0.000000
    127 0.000000 0.000000 0.000000 0.000000 0.000000 0.000000
    128 0.000000 0.000000 0.000000 0.000000 0.000000 0.000000
    129 0.000000 0.000000 0.000000 0.000000 0.000000 0.000000
    130 0.000000 0.000000 0.000000 0.000000 0.000000 0.000000
    131 0.000000 0.000000 0.000000 0.000000 0.000000 0.000000
    132 0.000000 0.000000 0.000000 0.000000 0.000000 0.000000
    133 0.000000 0.000000 0.000000 0.000000 0.000000 0.000000
    134 0.000000 0.000000 0.000000 0.000000 0.000000 0.000000
    135 0.000000 0.000000 0.000000 0.000000 0.000000 0.000000
    136 0.000000 0.000000 0.000000 0.000000 0.000000 0.000000
    137 0.000000 0.000000 0.000000 0.000000 0.000000 0.000000
    138 0.000000 0.000000 0.000000 0.000000 0.000000 0.000000
    139 28.649312 -21.223304 7.238502 -0.413706 -0.525514 0.094375
    140 0.000000 0.000000 0.000000 0.000000 0.000000 0.000000
    141 0.000000 0.000000 0.000000 0.000000 0.000000 0.000000
    142 0.000000 0.000000 0.000000 0.000000 0.000000 0.000000
    143 0.000000 0.000000 0.000000 0.000000 0.000000 0.000000
    144 0.000000 0.000000 0.000000 0.000000 0.000000 0.000000
    145 0.000000 0.000000 0.000000 0.000000 0.000000 0.000000
    146 0.000000 0.000000 0.000000 0.000000 0.000000 0.000000
    147 0.000000 0.000000 0.000000 0.000000 0.000000 0.000000
    148 0.000000 0.000000 0.000000 0.000000 0.000000 0.000000
    149 0.000000 0.000000 0.000000 0.000000 0.000000 0.000000
    150 0.000000 0.000000 0.000000 0.000000 0.000000 0.000000
    151 0.000000 0.000000 0.000000 0.000000 0.000000 0.000000
    152 0.000000 0.000000 0.000000 0.000000 0.000000 0.000000
    153 0.000000 0.000000 0.000000 0.000000 0.000000 0.000000
    154 0.000000 0.000000 0.000000 0.000000 0.000000 0.000000
    155 0.000000 0.000000 0.000000 0.000000 0.000000 0.000000
    156 0.000000 0.000000 0.000000 0.000000 0.000000 0.000000
    157 0.000000 0.000000 0.000000 0.000000 0.000000 0.000000
    158 0.000000 0.000000 0.000000 0.000000 0.000000 0.000000
    159 0.000000 0.000000 0.000000 0.000000 0.000000 0.000000
    160 0.000000 0.000000 0.000000 0.000000 0.000000 0.000000
    161 0.000000 0.000000 0.000000 0.000000 0.000000 0.000000
    162 0.000000 0.000000 0.000000 0.000000 0.000000 0.000000
    163 0.000000 0.000000 0.000000 0.000000 0.000000 0.000000
    164 0.000000 0.000000 0.000000 0.000000 0.000000 0.000000
    165 0.000000 0.000000 0.000000 0.000000 0.000000 0.000000
    166 0.000000 0.000000 0.000000 0.000000 0.000000 0.000000
    167 0.000000 0.000000 0.000000 0.000000 0.000000 0.000000
    168 0.000000 0.000000 0.000000 0.000000 0.000000 0.000000
    169 0.000000 0.000000 0.000000 0.000000 0.000000 0.000000
    170 0.000000 0.000000 0.000000 0.000000 0.000000 0.000000
    171 0.000000 0.000000 0.000000 0.000000 0.000000 0.000000
    172 0.000000 0.000000 0.000000 0.000000 0.000000 0.000000
    173 0.000000 0.000000 0.000000 0.000000 0.000000 0.000000
    174 0.000000 0.000000 0.000000 0.000004 -0.000689 0.000000
    175 0.000000 0.000000 0.000000 0.000000 0.000000 0.000000
    176 0.000000 0.000000 0.000000 0.000000 0.000000 0.000000
    177 0.000000 0.000000 0.000000 0.000000 0.000000 0.000000
    178 0.000000 0.000000 0.000000 0.000000 0.000000 0.000000
    179 0.000000 0.000000 0.000000 0.000000 0.000000 0.000000
    180 0.000000 0.000000 0.000000 0.000000 0.000000 0.000000
    181 0.000000 0.000000 0.000000 0.000000 0.000000 0.000000
    182 0.000000 0.000000 0.000000 0.000000 0.000000 0.000000
    183 0.000000 0.000000 0.000000 0.000000 0.000000 0.000000
    184 0.000000 0.000000 0.000000 0.000000 0.000000 0.000000
    185 0.000000 0.000000 0.000000 0.000000 0.000000 0.000000
    186 0.000000 0.000000 0.000000 0.000000 0.000000 0.000000
    187 0.000000 0.000000 0.000000 0.000000 0.000000 0.000000
    188 0.000000 0.000000 0.000000 0.000000 0.000000 0.000000
    189 0.000000 0.000000 0.000000 0.000000 0.000000 0.000000
    190 0.000000 0.000000 0.000000 0.000000 0.000000 0.000000
    191 0.000000 0.000000 0.000000 0.097196 0.000000 -0.000048
    192 0.000000 0.000000 0.000000 0.000000 0.000000 0.000000
    193 0.000000 0.000000 0.000000 0.000000 0.000000 0.000000
    194 0.000000 0.000000 0.000000 0.000000 -0.000024 -0.000048
    195 -2.441481 -3.543077 -2.578204 0.627710 0.683297 0.154452
    196 0.000000 0.000000 0.000000 0.000000 0.000000 0.000000
    197 0.000000 0.000000 0.000000 0.000000 0.000000 0.000000
    198 0.000000 0.000000 0.000000 0.000000 0.000000 0.000000
    199 0.000000 0.000000 0.000000 0.000000 0.000000 0.000000
    200 0.000000 0.000000 0.000000 0.000000 0.000000 0.000000
    201 0.000000 0.000000 0.000000 0.000000 0.000000 0.000000
    202 0.000000 0.000000 0.000000 0.000000 0.000000 0.000000
    203 0.000000 0.000000 0.000000 0.000000 0.000000 0.000000
    204 0.000000 0.000000 0.000000 0.000000 0.000000 0.000000
    205 0.734397 2.242256 1.929746 -0.394957 -0.018011 -0.327426
    206 0.000000 0.000000 0.000000 0.771933 0.000000 0.000000
    207 0.000000 0.000000 0.000000 0.000000 0.000000 0.000000
    208 0.000000 0.000000 0.000000 0.000000 0.000000 0.000000
    209 0.000000 0.000000 0.000000 0.000000 -0.000024 0.000064
    210 0.000000 0.000000 0.000000 0.000000 0.000000 0.000000
    211 0.000000 0.000000 0.000000 0.000000 0.000000 0.000000
    212 0.000000 0.000000 0.000000 0.000000 0.000000 0.000000
    213 0.000000 0.000000 0.000000 0.000000 0.000000 0.000000
    214 0.000000 0.000000 0.000000 0.000000 0.000000 0.000000
    215 0.000000 0.000000 0.000000 0.000000 0.000000 0.000000
    216 0.000000 0.000000 0.000000 0.000000 0.000000 0.000000
    217 0.000000 0.000000 0.000000 0.000000 0.000000 0.000000
    218 0.000000 0.000000 0.000000 0.000000 0.000000 0.000000
    219 0.000000 0.000000 0.000000 0.000000 0.000000 0.000000
    220 0.000000 0.000000 0.000000 0.000000 0.000000 0.000000
    221 0.000000 0.000000 0.000000 0.000000 0.000000 0.000000
    222 0.000000 0.000000 0.000000 0.000000 0.000000 0.000000
    223 0.000000 0.000000 0.000000 0.000000 0.000000 0.000000
    224 0.000000 0.000000 0.000000 0.000000 0.000000 0.000000
    225 0.000000 0.000000 0.000000 0.000000 0.000000 0.000000
    226 0.000000 0.000000 0.000000 0.000000 0.000000 0.000000
    227 1.304727 -0.132817 -6.125187 0.425791 0.515672 0.141909
    228 0.000000 0.000000 0.000000 0.000000 0.000000 0.000000
    229 0.000000 0.000000 0.000000 0.000000 0.000000 0.000000
    230 0.000000 0.000000 0.000000 -0.006472 0.003392 -0.004518
    231 0.000000 0.000000 0.000000 0.000000 0.000000 0.000000
    232 0.000000 0.000000 0.000000 0.000000 0.000000 0.000000
    233 0.000000 0.000000 0.000000 0.000000 0.000000 0.000000
    234 0.000000 0.000000 0.000000 0.000000 0.000000 -1.570796
    235 0.000000 0.000000 0.000000 0.000000 0.000000 0.000000
    236 0.000000 0.000000 0.000000 0.000000 0.000000 0.000000
    237 0.000000 0.000000 0.000000 0.000000 0.000000 0.000000
    238 0.000000 0.000000 0.000000 0.000000 0.000000 0.000000
    239 0.000000 0.000000 0.000000 0.000000 0.000000 0.000000
    240 0.000000 0.000000 0.000000 0.000000 0.000000 0.000000
    241 0.000000 0.000000 0.000000 0.000000 0.000000 0.000000
    242 0.000000 0.000000 0.000000 0.000000 0.000000 0.000000
    243 0.000000 0.000000 0.000000 0.000000 0.000000 0.000000
    244 0.000000 0.000000 0.000000 0.000000 0.000000 0.000000
    245 0.000000 0.000000 0.000000 0.000000 0.000000 0.000000
    246 0.000000 0.000000 0.000000 0.000000 0.000000 -1.570796
  time 1
    0 0.000000 0.000000 0.000000 0.000000 0.000000 -1.570796
    1 0.000000 0.000000 0.000000 0.000000 0.000000 0.000000
    2 0.000000 0.000000 0.000000 0.000000 0.000000 0.000000
    3 0.000000 0.000000 0.000000 0.000000 0.000000 0.000000
    4 0.000000 0.000000 0.000000 0.000000 0.000000 0.000000
    5 0.000000 0.000000 0.000000 0.000000 0.000000 0.000000
    6 0.000000 0.000000 0.000000 0.000000 0.000000 0.000000
    7 0.000000 0.000000 0.000000 -0.028004 0.301986 -0.373422
    8 0.000000 0.000000 0.000000 0.000000 0.000000 0.000000
    9 0.000000 0.000000 0.000000 -0.195008 -0.278218 0.465529
    10 0.000000 0.000000 0.000000 0.000000 0.000000 0.000000
    11 0.000000 0.000000 0.000000 0.009527 0.053849 -0.068672
    12 0.000000 0.000000 0.000000 0.000000 0.000000 0.000000
    13 0.000000 0.000000 0.000000 0.025387 0.000000 0.000000
    14 0.000000 0.000000 0.000000 0.000024 0.000060 0.577806
    15 0.000000 0.000000 0.000000 0.000000 0.000000 0.000000
    16 0.000000 0.000000 0.000000 -0.025323 0.000000 0.000000
    17 0.000000 0.000000 0.000000 0.000072 0.000084 0.102734
    18 0.000000 0.000000 0.000000 0.000000 0.000000 0.000000
    19 0.000000 0.000000 0.000000 0.096900 0.000000 0.000000
    20 -0.308603 0.187506 0.000000 0.000048 -0.000012 -0.288993
    21 0.000000 0.000000 0.000000 -0.254591 0.115102 -0.808307
    22 0.000000 0.000000 0.000000 0.000000 0.000000 0.000000
    23 0.000000 0.000000 0.000000 1.441183 0.000000 0.000060
    24 -0.121097 0.035157 0.000000 -0.000132 0.000000 -0.051428
    25 0.000000 0.000000 0.000000 0.174020 -0.396325 0.456377
    26 0.000000 0.000000 0.000000 0.000000 0.000000 0.000000
    27 0.000000 0.000000 0.000000 0.000000 -0.000036 0.000120
    28 0.000000 0.000000 0.000000 0.000000 0.000000 0.000000
    29 0.000000 0.000000 0.000000 0.000000 0.017638 0.000048
    30 0.000000 0.000000 0.000000 0.000108 -0.031795 0.000036
    31 0.000000 0.000000 0.000000 0.348109 0.542884 -0.091304
    32 0.000000 0.000000 0.000000 0.000000 0.000000 0.000000
    33 0.000000 0.000000 0.000000 -0.000051 -0.000072 0.000084
    34 0.000000 0.000000 0.000000 -0.000051 0.000036 0.000120
    35 0.000000 0.000000 0.000000 0.000000 0.000048 0.000120
    36 0.000000 0.000000 0.000000 0.000054 0.000036 0.000036
    37 0.000000 0.000000 0.000000 -0.000066 -0.000061 0.000036
    38 0.000000 0.000000 0.000000 0.000000 0.000000 0.000000
    39 0.000000 0.000000 0.000000 -0.172115 0.166930 0.015048
    40 0.000000 0.000000 0.000000 0.044973 -0.025195 -0.543224
    41 0.000000 0.000000 0.000000 -0.321715 -0.027268 0.767969
    42 0.000000 0.000000 0.000000 0.000000 0.000000 0.000000
    43 0.000000 0.000000 0.000000 -0.041571 0.038044 -0.027095
    44 0.000000 0.000000 0.000000 0.324478 0.257815 0.196159
    45 0.000000 0.000000 -0.140629 0.000000 0.000000 0.000000
    46 0.000000 0.000000 0.000000 0.000000 0.000000 0.000000
    47 0.000000 0.000000 0.000000 0.000054 0.000000 0.000000
    48 0.000000 0.000000 0.000000 0.000033 -0.000012 0.000064
    49 0.000000 0.000000 0.000000 -0.000012 -0.000132 -0.000043
    50 0.000000 0.000000 0.000000 0.000000 0.000000 0.000000
    51 0.000000 0.000000 0.000000 -0.000070 0.000000 0.000000
    52 0.000000 0.000000 0.000000 0.000027 -0.000024 -0.000052
    53 0.000000 0.000000 0.000000 0.000000 0.000000 0.000000
    54 0.000000 0.000000 0.000000 0.000000 0.000000 0.000000
    55 0.000000 0.000000 0.000000 -0.000036 0.000036 0.532021
    56 0.000000 0.000000 0.000000 0.000000 0.000000 0.000000
    57 0.000000 0.000000 0.000000 0.000000 0.000000 0.000000
    58 0.000000 0.000000 0.000000 0.000000 0.000000 0.000000
    59 0.000000 0.000000 0.000000 -0.002721 -0.021213 -0.034200
    60 0.000000 0.000000 0.000000 0.000000 0.000000 0.000000
    61 0.000000 0.000000 0.000000 0.000000 0.000000 0.000000
    62 0.000000 0.000000 0.000000 -0.017749 0.010427 0.092626
    63 0.000000 0.000000 0.000000 0.000000 0.000000 0.000000
    64 0.000000 0.000000 0.000000 0.000000 0.000000 0.000000
    65 0.000000 0.000000 0.000000 0.017893 0.017641 -0.241289
    66 0.000000 0.000000 0.000000 0.000000 0.000000 0.000000
    67 0.000000 0.000000 0.000000 0.000000 0.000000 0.000000
    68 0.000000 0.000000 0.000000 -0.033018 0.006843 -0.436741
    69 0.000000 0.000000 0.000000 0.000000 0.000000 0.000000
    70 0.000000 0.000000 0.000000 0.000096 -0.000084 0.000042
    71 0.000000 0.000000 0.000000 0.000000 0.000000 0.000000
    72 0.000000 0.000000 0.000000 0.000000 0.000000 0.000000
    73 0.000000 0.000000 0.000000 0.000000 0.000000 0.000000
    74 0.000000 0.000000 0.000000 0.000000 -0.000072 -0.000043
    75 0.000000 0.000000 0.000000 0.000000 0.000000 0.000000
    76 0.000000 0.000000 0.000000 0.000000 0.000000 0.000000
    77 0.000000 0.000000 0.000000 -0.000048 0.000024 0.000000
    78 0.000000 0.000000 0.000000 0.000000 0.000000 0.000000
    79 0.000000 0.000000 0.000000 0.000000 0.000000 0.000000
    80 0.000000 0.000000 0.000000 -0.000012 0.000072 0.000035
    81 0.000000 0.000000 0.000000 0.000000 0.000000 0.000000
    82 0.000000 0.000000 0.000000 0.000000 0.000000 0.000000
    83 0.000000 0.000000 0.000000 0.000000 0.000000 -0.000033
    84 0.000000 0.000000 0.000000 0.000000 0.000000 0.000000
    85 0.000000 0.000000 0.000000 0.000096 0.001546 -0.247932
    86 0.000000 0.000000 0.000000 0.000000 0.000000 0.000000
    87 0.000000 0.000000 0.000000 0.017390 0.015436 0.125679
    88 0.000000 0.000000 0.000000 0.000000 0.000000 0.000000
    89 0.000000 0.000000 0.000000 -0.002756 0.020422 -0.111150
    90 0.000000 0.000000 0.000000 0.000000 0.000000 0.000000
    91 0.000000 0.000000 0.000000 0.000000 0.000000 0.167070
    92 0.000000 0.000000 0.000000 0.000000 0.000000 0.000000
    93 0.000000 0.000000 0.000000 0.000000 0.000000 0.000000
    94 0.000000 0.000000 0.000000 0.000000 0.000000 0.000000
    95 0.000000 0.000000 0.000000 0.000000 0.000000 0.000000
    96 0.000000 0.000000 0.000000 -0.000024 -0.000048 0.000000
    97 0.000000 0.000000 0.000000 0.000000 0.000000 0.000000
    98 0.000000 0.000000 0.000000 0.000000 0.000000 0.000000
    99 0.000000 0.000000 0.000000 0.000000 0.000000 0.000000
    100 0.000000 0.000000 0.000000 0.000048 -0.000024 0.000000
    101 0.000000 0.000000 0.000000 0.000000 0.000000 0.000000
    102 0.000000 0.000000 0.000000 0.000000 0.000000 0.000000
    103 0.000000 0.000000 0.000000 0.000000 0.000000 0.000000
    104 0.000000 0.000000 0.000000 0.000000 0.000000 0.000000
    105 0.000000 0.000000 0.000000 0.000000 0.000000 0.000000
    106 0.000000 0.000000 0.000000 0.000000 0.000000 0.000000
    107 0.000000 0.000000 0.000000 0.000000 0.000000 0.000000
    108 0.000000 0.000000 0.000000 0.000000 0.000000 0.000000
    109 0.000000 0.000000 0.000000 0.000000 0.000000 0.000000
    110 0.000000 0.000000 0.000000 0.000000 0.000000 0.000000
    111 0.000000 0.000000 0.000000 0.000000 0.000000 -1.570796
    112 -1.234413 -2.652425 -1.035188 0.394859 0.503082 -1.426649
    113 0.000000 0.000000 0.000000 0.000000 0.000000 0.000000
    114 -0.015625 -1.273476 -6.086123 0.394906 0.503124 -1.426849
    115 0.000000 0.000000 0.000000 0.000000 0.000000 0.000000
    116 0.000000 0.000000 0.000000 0.000000 0.000000 0.000000
    117 0.000000 0.000000 0.000000 0.000000 0.000000 0.000000
    118 0.000000 0.000000 0.000000 0.000000 0.000000 0.000000
    119 0.000000 0.000000 0.000000 0.000000 0.000000 0.000000
    120 0.000000 0.000000 0.000000 0.000000 0.000000 0.000000
    121 0.000000 0.000000 0.000000 0.000000 0.000000 0.000000
    122 0.000000 0.000000 0.000000 0.000000 0.000000 0.000000
    123 0.000000 0.000000 0.000000 0.000000 0.000000 0.000000
    124 0.000000 0.000000 0.000000 0.000000 0.000000 0.000000
    125 0.000000 0.000000 0.000000 0.000000 0.000000 0.000000
    126 0.000000 0.000000 0.000000 0.000000 0.000000 0.000000
    127 0.000000 0.000000 0.000000 0.000000 0.000000 0.000000
    128 0.000000 0.000000 0.000000 0.000000 0.000000 0.000000
    129 0.000000 0.000000 0.000000 0.000000 0.000000 0.000000
    130 0.000000 0.000000 0.000000 0.000000 0.000000 0.000000
    131 0.000000 0.000000 0.000000 0.000000 0.000000 0.000000
    132 0.000000 0.000000 0.000000 0.000000 0.000000 0.000000
    133 0.000000 0.000000 0.000000 0.000000 0.000000 0.000000
    134 0.000000 0.000000 0.000000 0.000000 0.000000 0.000000
    135 0.000000 0.000000 0.000000 0.000000 0.000000 0.000000
    136 0.000000 0.000000 0.000000 0.000000 0.000000 0.000000
    137 0.000000 0.000000 0.000000 0.000000 0.000000 0.000000
    138 0.000000 0.000000 0.000000 0.000000 0.000000 0.000000
    139 27.996948 -19.707633 6.601764 -0.376096 -0.517428 0.068930
    140 0.000000 0.000000 0.000000 0.000000 0.000000 0.000000
    141 0.000000 0.000000 0.000000 0.000000 0.000000 0.000000
    142 0.000000 0.000000 0.000000 0.000000 0.000000 0.000000
    143 0.000000 0.000000 0.000000 0.000000 0.000000 0.000000
    144 0.000000 0.000000 0.000000 0.000000 0.000000 0.000000
    145 0.000000 0.000000 0.000000 0.000000 0.000000 0.000000
    146 0.000000 0.000000 0.000000 0.000000 0.000000 0.000000
    147 0.000000 0.000000 0.000000 0.000000 0.000000 0.000000
    148 0.000000 0.000000 0.000000 0.000000 0.000000 0.000000
    149 0.000000 0.000000 0.000000 0.000000 0.000000 0.000000
    150 0.000000 0.000000 0.000000 0.000000 0.000000 0.000000
    151 0.000000 0.000000 0.000000 0.000000 0.000000 0.000000
    152 0.000000 0.000000 0.000000 0.000000 0.000000 0.000000
    153 0.000000 0.000000 0.000000 0.000000 0.000000 0.000000
    154 0.000000 0.000000 0.000000 0.000000 0.000000 0.000000
    155 0.000000 0.000000 0.000000 0.000000 0.000000 0.000000
    156 0.000000 0.000000 0.000000 0.000000 0.000000 0.000000
    157 0.000000 0.000000 0.000000 0.000000 0.000000 0.000000
    158 0.000000 0.000000 0.000000 0.000000 0.000000 0.000000
    159 0.000000 0.000000 0.000000 0.000000 0.000000 0.000000
    160 0.000000 0.000000 0.000000 0.000000 0.000000 0.000000
    161 0.000000 0.000000 0.000000 0.000000 0.000000 0.000000
    162 0.000000 0.000000 0.000000 0.000000 0.000000 0.000000
    163 0.000000 0.000000 0.000000 0.000000 0.000000 0.000000
    164 0.000000 0.000000 0.000000 0.000000 0.000000 0.000000
    165 0.000000 0.000000 0.000000 0.000000 0.000000 0.000000
    166 0.000000 0.000000 0.000000 0.000000 0.000000 0.000000
    167 0.000000 0.000000 0.000000 0.000000 0.000000 0.000000
    168 0.000000 0.000000 0.000000 0.000000 0.000000 0.000000
    169 0.000000 0.000000 0.000000 0.000000 0.000000 0.000000
    170 0.000000 0.000000 0.000000 0.000000 0.000000 0.000000
    171 0.000000 0.000000 0.000000 0.000000 0.000000 0.000000
    172 0.000000 0.000000 0.000000 0.000000 0.000000 0.000000
    173 0.000000 0.000000 0.000000 0.000000 0.000000 0.000000
    174 0.000000 0.000000 0.000000 0.000004 -0.000689 0.000000
    175 0.000000 0.000000 0.000000 0.000000 0.000000 0.000000
    176 0.000000 0.000000 0.000000 0.000000 0.000000 0.000000
    177 0.000000 0.000000 0.000000 0.000000 0.000000 0.000000
    178 0.000000 0.000000 0.000000 0.000000 0.000000 0.000000
    179 0.000000 0.000000 0.000000 0.000000 0.000000 0.000000
    180 0.000000 0.000000 0.000000 0.000000 0.000000 0.000000
    181 0.000000 0.000000 0.000000 0.000000 0.000000 0.000000
    182 0.000000 0.000000 0.000000 0.000000 0.000000 0.000000
    183 0.000000 0.000000 0.000000 0.000000 0.000000 0.000000
    184 0.000000 0.000000 0.000000 0.000000 0.000000 0.000000
    185 0.000000 0.000000 0.000000 0.000000 0.000000 0.000000
    186 0.000000 0.000000 0.000000 0.000000 0.000000 0.000000
    187 0.000000 0.000000 0.000000 0.000000 0.000000 0.000000
    188 0.000000 0.000000 0.000000 0.000000 0.000000 0.000000
    189 0.000000 0.000000 0.000000 0.000000 0.000000 0.000000
    190 0.000000 0.000000 0.000000 0.000000 0.000000 0.000000
    191 0.000000 0.000000 0.000000 0.121085 0.000000 -0.000048
    192 0.000000 0.000000 0.000000 0.000000 0.000000 0.000000
    193 0.000000 0.000000 0.000000 0.000000 0.000000 0.000000
    194 0.000000 0.000000 0.000000 0.000000 -0.000024 -0.000048
    195 -1.789117 -2.402417 -3.257912 0.470711 0.685293 0.082834
    196 0.000000 0.000000 0.000000 0.000000 0.000000 0.000000
    197 0.000000 0.000000 0.000000 0.000000 0.000000 0.000000
    198 0.000000 0.000000 0.000000 0.000000 0.000000 0.000000
    199 0.000000 0.000000 0.000000 0.000000 0.000000 0.000000
    200 0.000000 0.000000 0.000000 0.000000 0.000000 0.000000
    201 0.000000 0.000000 0.000000 0.000000 0.000000 0.000000
    202 0.000000 0.000000 0.000000 0.000000 0.000000 0.000000
    203 0.000000 0.000000 0.000000 0.000000 0.000000 0.000000
    204 0.000000 0.000000 0.000000 0.000000 0.000000 0.000000
    205 0.742210 2.046937 1.753960 -0.366212 -0.016915 -0.303183
    206 0.000000 0.000000 0.000000 0.720555 0.000000 0.000000
    207 0.000000 0.000000 0.000000 0.000000 0.000000 0.000000
    208 0.000000 0.000000 0.000000 0.000000 0.000000 0.000000
    209 0.000000 0.000000 0.000000 0.000000 -0.000024 0.000048
    210 0.000000 0.000000 0.000000 0.000000 0.000000 0.000000
    211 0.000000 0.000000 0.000000 0.000000 0.000000 0.000000
    212 0.000000 0.000000 0.000000 0.000000 0.000000 0.000000
    213 0.000000 0.000000 0.000000 0.000000 0.000000 0.000000
    214 0.000000 0.000000 0.000000 0.000000 0.000000 0.000000
    215 0.000000 0.000000 0.000000 0.000000 0.000000 0.000000
    216 0.000000 0.000000 0.000000 0.000000 0.000000 0.000000
    217 0.000000 0.000000 0.000000 0.000000 0.000000 0.000000
    218 0.000000 0.000000 0.000000 0.000000 0.000000 0.000000
    219 0.000000 0.000000 0.000000 0.000000 0.000000 0.000000
    220 0.000000 0.000000 0.000000 0.000000 0.000000 0.000000
    221 0.000000 0.000000 0.000000 0.000000 0.000000 0.000000
    222 0.000000 0.000000 0.000000 0.000000 0.000000 0.000000
    223 0.000000 0.000000 0.000000 0.000000 0.000000 0.000000
    224 0.000000 0.000000 0.000000 0.000000 0.000000 0.000000
    225 0.000000 0.000000 0.000000 0.000000 0.000000 0.000000
    226 0.000000 0.000000 0.000000 0.000000 0.000000 0.000000
    227 1.265664 -0.011719 -6.074404 0.394859 0.503144 0.143867
    228 0.000000 0.000000 0.000000 0.000000 0.000000 0.000000
    229 0.000000 0.000000 0.000000 0.000000 0.000000 0.000000
    230 0.000000 0.000000 0.000000 0.007610 0.005621 -0.003272
    231 0.000000 0.000000 0.000000 0.000000 0.000000 0.000000
    232 0.000000 0.000000 0.000000 0.000000 0.000000 0.000000
    233 0.000000 0.000000 0.000000 0.000000 0.000000 0.000000
    234 0.000000 0.000000 0.000000 0.000000 0.000000 -1.570796
    235 0.000000 0.000000 0.000000 0.000000 0.000000 0.000000
    236 0.000000 0.000000 0.000000 0.000000 0.000000 0.000000
    237 0.000000 0.000000 0.000000 0.000000 0.000000 0.000000
    238 0.000000 0.000000 0.000000 0.000000 0.000000 0.000000
    239 0.000000 0.000000 0.000000 0.000000 0.000000 0.000000
    240 0.000000 0.000000 0.000000 0.000000 0.000000 0.000000
    241 0.000000 0.000000 0.000000 0.000000 0.000000 0.000000
    242 0.000000 0.000000 0.000000 0.000000 0.000000 0.000000
    243 0.000000 0.000000 0.000000 0.000000 0.000000 0.000000
    244 0.000000 0.000000 0.000000 0.000000 0.000000 0.000000
    245 0.000000 0.000000 0.000000 0.000000 0.000000 0.000000
    246 0.000000 0.000000 0.000000 0.000000 0.000000 -1.570796
  time 2
    0 0.000000 0.000000 0.000000 0.000000 0.000000 -1.570796
    1 0.000000 0.000000 0.000000 0.000000 0.000000 0.000000
    2 0.000000 0.000000 0.000000 0.000000 0.000000 0.000000
    3 0.000000 0.000000 0.000000 0.000000 0.000000 0.000000
    4 0.000000 0.000000 0.000000 0.000000 0.000000 0.000000
    5 0.000000 0.000000 0.000000 0.000000 0.000000 0.000000
    6 0.000000 0.000000 0.000000 0.000000 0.000000 0.000000
    7 0.000000 0.000000 0.000000 -0.022365 0.241494 -0.298699
    8 0.000000 0.000000 0.000000 0.000000 0.000000 0.000000
    9 0.000000 0.000000 0.000000 -0.241466 -0.277058 0.635810
    10 0.000000 0.000000 0.000000 0.000000 0.000000 0.000000
    11 0.000000 0.000000 0.000000 0.010871 0.039257 -0.052637
    12 0.000000 0.000000 0.000000 0.000000 0.000000 0.000000
    13 0.000000 0.000000 0.000000 0.022657 0.000000 0.000000
    14 0.000000 0.000000 0.000000 0.000000 0.000000 0.202600
    15 0.000000 0.000000 0.000000 0.000000 0.000000 0.000000
    16 0.000000 0.000000 0.000000 -0.023081 0.000000 0.000000
    17 0.000000 0.000000 0.000000 0.000036 -0.000036 0.108149
    18 0.000000 0.000000 0.000000 0.000000 0.000000 0.000000
    19 0.000000 0.000000 0.000000 0.043940 0.000000 0.000000
    20 -0.148442 0.078127 0.000000 0.000048 -0.000012 -0.101276
    21 0.000000 0.000000 0.000000 -0.311833 0.205839 -0.675711
    22 0.000000 0.000000 0.000000 0.000000 0.000000 0.000000
    23 0.000000 0.000000 0.000000 1.213904 -0.000084 0.000144
    24 -0.128910 0.039064 0.000000 -0.000072 -0.000024 -0.054099
    25 0.000000 0.000000 0.000000 0.183222 -0.375042 0.388154
    26 0.000000 0.000000 0.000000 0.000000 0.000000 0.000000
    27 0.000000 0.000000 0.000000 0.000000 -0.000036 0.000108
    28 0.000000 0.000000 0.000000 0.000000 0.000000 0.000000
    29 0.000000 0.000000 0.000000 0.000053 0.000018 0.000120
    30 0.000000 0.000000 0.000000 0.000108 -0.031807 0.000024
    31 0.000000 0.000000 0.000000 -0.021082 0.351632 -0.313121
    32 0.000000 0.000000 0.000000 0.000000 0.000000 0.000000
    33 0.000000 0.000000 0.000000 -0.000051 -0.000072 0.000084
    34 0.000000 0.000000 0.000000 -0.000051 0.000036 0.000108
    35 0.000000 0.000000 0.000000 0.000000 0.000036 0.000108
    36 0.000000 0.000000 0.000000 0.000054 0.000036 0.000024
    37 0.000000 0.000000 0.000000 -0.000066 -0.000061 0.000036
    38 0.000000 0.000000 0.000000 0.000000 0.000000 0.000000
    39 0.000000 0.000000 0.000000 -0.136932 0.241991 0.404988
    40 0.000000 0.000000 0.000000 0.055081 -0.013175 -0.479770
    41 0.000000 0.000000 0.000000 -0.319635 -0.053154 0.827735
    42 0.000000 0.000000 0.000000 0.000000 0.000000 0.000000
    43 0.000000 0.000000 0.000000 -0.010659 0.009673 0.014145
    44 0.000000 0.000000 0.000000 0.392152 0.264148 0.236800
    45 0.000000 0.000000 0.046876 0.000000 0.000000 0.000000
    46 0.000000 0.000000 0.000000 0.000000 0.000000 0.000000
    47 0.000000 0.000000 0.000000 0.000054 0.000000 0.000000
    48 0.000000 0.000000 0.000000 0.000033 -0.000012 0.000064
    49 0.000000 0.000000 0.000000 -0.000012 -0.000120 0.000000
    50 0.000000 0.000000 0.000000 0.000000 0.000000 0.000000
    51 0.000000 0.000000 0.000000 -0.000070 0.000000 0.000000
    52 0.000000 0.000000 0.000000 0.000027 -0.000024 -0.000052
    53 0.000000 0.000000 0.000000 0.000000 0.000000 0.000000
    54 0.000000 0.000000 0.000000 0.000000 0.000000 0.000000
    55 0.000000 0.000000 0.000000 -0.000036 0.000036 0.543759
    56 0.000000 0.000000 0.000000 0.000000 0.000000 0.000000
    57 0.000000 0.000000 0.000000 0.000000 0.000000 0.000000
    58 0.000000 0.000000 0.000000 0.000000 0.000000 0.000000
    59 0.000000 0.000000 0.000000 0.002936 -0.021153 -0.302364
    60 0.000000 0.000000 0.000000 0.000000 0.000000 0.000000
    61 0.000000 0.000000 0.000000 0.000000 0.000000 0.000000
    62 0.000000 0.000000 0.000000 -0.020434 0.002553 -0.316482
    63 0.000000 0.000000 0.000000 0.000000 0.000000 0.000000
    64 0.000000 0.000000 0.000000 0.000000 0.000000 0.000000
    65 0.000000 0.000000 0.000000 0.011218 0.022399 -0.567060
    66 0.000000 0.000000 0.000000 0.000000 0.000000 0.000000
    67 0.000000 0.000000 0.000000 0.000000 0.000000 0.000000
    68 0.000000 0.000000 0.000000 0.000000 0.000000 -0.176523
    69 0.000000 0.000000 0.000000 0.000000 0.000000 0.000000
    70 0.000000 0.000000 0.000000 0.000084 -0.000072 0.000042
    71 0.000000 0.000000 0.000000 0.000000 0.000000 0.000000
    72 0.000000 0.000000 0.000000 0.000000 0.000000 0.000000
    73 0.000000 0.000000 0.000000 0.000000 0.000000 0.000000
    74 0.000000 0.000000 0.000000 0.000000 -0.000072 -0.000043
    75 0.000000 0.000000 0.000000 0.000000 0.000000 0.000000
    76 0.000000 0.000000 0.000000 0.000000 0.000000 0.000000
    77 0.000000 0.000000 0.000000 -0.000048 0.000024 0.000000
    78 0.000000 0.000000 0.000000 0.000000 0.000000 0.000000
    79 0.000000 0.000000 0.000000 0.000000 0.000000 0.000000
    80 0.000000 0.000000 0.000000 -0.000012 0.000072 0.000035
    81 0.000000 0.000000 0.000000 0.000000 0.000000 0.000000
    82 0.000000 0.000000 0.000000 0.000000 0.000000 0.000000
    83 0.000000 0.000000 0.000000 0.000000 0.000000 -0.000033
    84 0.000000 0.000000 0.000000 0.000000 0.000000 0.000000
    85 0.000000 0.000000 0.000000 0.000048 0.000060 -0.480029
    86 0.000000 0.000000 0.000000 0.000000 0.000000 0.000000
    87 0.000000 0.000000 0.000000 0.012824 0.019463 -0.135470
    88 0.000000 0.000000 0.000000 0.000000 0.000000 0.000000
    89 0.000000 0.000000 0.000000 -0.001486 0.020554 -0.049081
    90 0.000000 0.000000 0.000000 0.000000 0.000000 0.000000
    91 0.000000 0.000000 0.000000 0.000000 0.000000 0.062717
    92 0.000000 0.000000 0.000000 0.000000 0.000000 0.000000
    93 0.000000 0.000000 0.000000 0.000000 0.000000 0.000000
    94 0.000000 0.000000 0.000000 0.000000 0.000000 0.000000
    95 0.000000 0.000000 0.000000 0.000000 0.000000 0.000000
    96 0.000000 0.000000 0.000000 -0.000012 -0.000048 0.000000
    97 0.000000 0.000000 0.000000 0.000000 0.000000 0.000000
    98 0.000000 0.000000 0.000000 0.000000 0.000000 0.000000
    99 0.000000 0.000000 0.000000 0.000000 0.000000 0.000000
    100 0.000000 0.000000 0.000000 0.000048 -0.000012 0.000000
    101 0.000000 0.000000 0.000000 0.000000 0.000000 0.000000
    102 0.000000 0.000000 0.000000 0.000000 0.000000 0.000000
    103 0.000000 0.000000 0.000000 0.000000 0.000000 0.000000
    104 0.000000 0.000000 0.000000 0.000000 0.000000 0.000000
    105 0.000000 0.000000 0.000000 0.000000 0.000000 0.000000
    106 0.000000 0.000000 0.000000 0.000000 0.000000 0.000000
    107 0.000000 0.000000 0.000000 0.000000 0.000000 0.000000
    108 0.000000 0.000000 0.000000 0.000000 0.000000 0.000000
    109 0.000000 0.000000 0.000000 0.000000 0.000000 0.000000
    110 0.000000 0.000000 0.000000 0.000000 0.000000 0.000000
    111 0.000000 0.000000 0.000000 0.000000 0.000000 -1.570796
    112 -1.093783 -2.597736 -1.199255 0.371529 0.466516 -1.423293
    113 0.000000 0.000000 0.000000 0.000000 0.000000 0.000000
    114 0.183599 -1.382855 -5.914243 0.371584 0.466499 -1.423586
    115 0.000000 0.000000 0.000000 0.000000 0.000000 0.000000
    116 0.000000 0.000000 0.000000 0.000000 0.000000 0.000000
    117 0.000000 0.000000 0.000000 0.000000 0.000000 0.000000
    118 0.000000 0.000000 0.000000 0.000000 0.000000 0.000000
    119 0.000000 0.000000 0.000000 0.000000 0.000000 0.000000
    120 0.000000 0.000000 0.000000 0.000000 0.000000 0.000000
    121 0.000000 0.000000 0.000000 0.000000 0.000000 0.000000
    122 0.000000 0.000000 0.000000 0.000000 0.000000 0.000000
    123 0.000000 0.000000 0.000000 0.000000 0.000000 0.000000
    124 0.000000 0.000000 0.000000 0.000000 0.000000 0.000000
    125 0.000000 0.000000 0.000000 0.000000 0.000000 0.000000
    126 0.000000 0.000000 0.000000 0.000000 0.000000 0.000000
    127 0.000000 0.000000 0.000000 0.000000 0.000000 0.000000
    128 0.000000 0.000000 0.000000 0.000000 0.000000 0.000000
    129 0.000000 0.000000 0.000000 0.000000 0.000000 0.000000
    130 0.000000 0.000000 0.000000 0.000000 0.000000 0.000000
    131 0.000000 0.000000 0.000000 0.000000 0.000000 0.000000
    132 0.000000 0.000000 0.000000 0.000000 0.000000 0.000000
    133 0.000000 0.000000 0.000000 0.000000 0.000000 0.000000
    134 0.000000 0.000000 0.000000 0.000000 0.000000 0.000000
    135 0.000000 0.000000 0.000000 0.000000 0.000000 0.000000
    136 0.000000 0.000000 0.000000 0.000000 0.000000 0.000000
    137 0.000000 0.000000 0.000000 0.000000 0.000000 0.000000
    138 0.000000 0.000000 0.000000 0.000000 0.000000 0.000000
    139 25.907041 -18.766198 5.738456 -0.345800 -0.486312 0.037313
    140 0.000000 0.000000 0.000000 0.000000 0.000000 0.000000
    141 0.000000 0.000000 0.000000 0.000000 0.000000 0.000000
    142 0.000000 0.000000 0.000000 0.000000 0.000000 0.000000
    143 0.000000 0.000000 0.000000 0.000000 0.000000 0.000000
    144 0.000000 0.000000 0.000000 0.000000 0.000000 0.000000
    145 0.000000 0.000000 0.000000 0.000000 0.000000 0.000000
    146 0.000000 0.000000 0.000000 0.000000 0.000000 0.000000
    147 0.000000 0.000000 0.000000 0.000000 0.000000 0.000000
    148 0.000000 0.000000 0.000000 0.000000 0.000000 0.000000
    149 0.000000 0.000000 0.000000 0.000000 0.000000 0.000000
    150 0.000000 0.000000 0.000000 0.000000 0.000000 0.000000
    151 0.000000 0.000000 0.000000 0.000000 0.000000 0.000000
    152 0.000000 0.000000 0.000000 0.000000 0.000000 0.000000
    153 0.000000 0.000000 0.000000 0.000000 0.000000 0.000000
    154 0.000000 0.000000 0.000000 0.000000 0.000000 0.000000
    155 0.000000 0.000000 0.000000 0.000000 0.000000 0.000000
    156 0.000000 0.000000 0.000000 0.000000 0.000000 0.000000
    157 0.000000 0.000000 0.000000 0.000000 0.000000 0.000000
    158 0.000000 0.000000 0.000000 0.000000 0.000000 0.000000
    159 0.000000 0.000000 0.000000 0.000000 0.000000 0.000000
    160 0.000000 0.000000 0.000000 0.000000 0.000000 0.000000
    161 0.000000 0.000000 0.000000 0.000000 0.000000 0.000000
    162 0.000000 0.000000 0.000000 0.000000 0.000000 0.000000
    163 0.000000 0.000000 0.000000 0.000000 0.000000 0.000000
    164 0.000000 0.000000 0.000000 0.000000 0.000000 0.000000
    165 0.000000 0.000000 0.000000 0.000000 0.000000 0.000000
    166 0.000000 0.000000 0.000000 0.000000 0.000000 0.000000
    167 0.000000 0.000000 0.000000 0.000000 0.000000 0.000000
    168 0.000000 0.000000 0.000000 0.000000 0.000000 0.000000
    169 0.000000 0.000000 0.000000 0.000000 0.000000 0.000000
    170 0.000000 0.000000 0.000000 0.000000 0.000000 0.000000
    171 0.000000 0.000000 0.000000 0.000000 0.000000 0.000000
    172 0.000000 0.000000 0.000000 0.000000 0.000000 0.000000
    173 0.000000 0.000000 0.000000 0.000000 0.000000 0.000000
    174 0.000000 0.000000 0.000000 0.000004 -0.000689 0.000000
    175 0.000000 0.000000 0.000000 0.000000 0.000000 0.000000
    176 0.000000 0.000000 0.000000 0.000000 0.000000 0.000000
    177 0.000000 0.000000 0.000000 0.000000 0.000000 0.000000
    178 0.000000 0.000000 0.000000 0.000000 0.000000 0.000000
    179 0.000000 0.000000 0.000000 0.000000 0.000000 0.000000
    180 0.000000 0.000000 0.000000 0.000000 0.000000 0.000000
    181 0.000000 0.000000 0.000000 0.000000 0.000000 0.000000
    182 0.000000 0.000000 0.000000 0.000000 0.000000 0.000000
    183 0.000000 0.000000 0.000000 0.000000 0.000000 0.000000
    184 0.000000 0.000000 0.000000 0.000000 0.000000 0.000000
    185 0.000000 0.000000 0.000000 0.000000 0.000000 0.000000
    186 0.000000 0.000000 0.000000 0.000000 0.000000 0.000000
    187 0.000000 0.000000 0.000000 0.000000 0.000000 0.000000
    188 0.000000 0.000000 0.000000 0.000000 0.000000 0.000000
    189 0.000000 0.000000 0.000000 0.000000 0.000000 0.000000
    190 0.000000 0.000000 0.000000 0.000000 0.000000 0.000000
    191 0.000000 0.000000 0.000000 0.054972 0.000000 -0.000048
    192 0.000000 0.000000 0.000000 0.000000 0.000000 0.000000
    193 0.000000 0.000000 0.000000 0.000000 0.000000 0.000000
    194 0.000000 0.000000 0.000000 0.000000 -0.000024 -0.000048
    195 0.277352 0.378918 -5.261879 0.532133 0.664688 0.213198
    196 0.000000 0.000000 0.000000 0.000000 0.000000 0.000000
    197 0.000000 0.000000 0.000000 0.000000 0.000000 0.000000
    198 0.000000 0.000000 0.000000 0.000000 0.000000 0.000000
    199 0.000000 0.000000 0.000000 0.000000 0.000000 0.000000
    200 0.000000 0.000000 0.000000 0.000000 0.000000 0.000000
    201 0.000000 0.000000 0.000000 0.000000 0.000000 0.000000
    202 0.000000 0.000000 0.000000 0.000000 0.000000 0.000000
    203 0.000000 0.000000 0.000000 0.000000 0.000000 0.000000
    204 0.000000 0.000000 0.000000 0.000000 0.000000 0.000000
    205 0.722678 1.574267 1.332072 -0.294158 -0.013865 -0.242336
    206 0.000000 0.000000 0.000000 0.606878 0.000000 0.000000
    207 0.000000 0.000000 0.000000 0.000000 0.000000 0.000000
    208 0.000000 0.000000 0.000000 0.000000 0.000000 0.000000
    209 0.000000 0.000000 0.000000 0.000000 -0.000024 0.000048
    210 0.000000 0.000000 0.000000 0.000000 0.000000 0.000000
    211 0.000000 0.000000 0.000000 0.000000 0.000000 0.000000
    212 0.000000 0.000000 0.000000 0.000000 0.000000 0.000000
    213 0.000000 0.000000 0.000000 0.000000 0.000000 0.000000
    214 0.000000 0.000000 0.000000 0.000000 0.000000 0.000000
    215 0.000000 0.000000 0.000000 0.000000 0.000000 0.000000
    216 0.000000 0.000000 0.000000 0.000000 0.000000 0.000000
    217 0.000000 0.000000 0.000000 0.000000 0.000000 0.000000
    218 0.000000 0.000000 0.000000 0.000000 0.000000 0.000000
    219 0.000000 0.000000 0.000000 0.000000 0.000000 0.000000
    220 0.000000 0.000000 0.000000 0.000000 0.000000 0.000000
    221 0.000000 0.000000 0.000000 0.000000 0.000000 0.000000
    222 0.000000 0.000000 0.000000 0.000000 0.000000 0.000000
    223 0.000000 0.000000 0.000000 0.000000 0.000000 0.000000
    224 0.000000 0.000000 0.000000 0.000000 0.000000 0.000000
    225 0.000000 0.000000 0.000000 0.000000 0.000000 0.000000
    226 0.000000 0.000000 0.000000 0.000000 0.000000 0.000000
    227 1.386761 0.183599 -5.906430 0.371529 0.466539 0.147223
    228 0.000000 0.000000 0.000000 0.000000 0.000000 0.000000
    229 0.000000 0.000000 0.000000 0.000000 0.000000 0.000000
    230 0.000000 0.000000 0.000000 0.015616 0.009696 0.000252
    231 0.000000 0.000000 0.000000 0.000000 0.000000 0.000000
    232 0.000000 0.000000 0.000000 0.000000 0.000000 0.000000
    233 0.000000 0.000000 0.000000 0.000000 0.000000 0.000000
    234 0.000000 0.000000 0.000000 0.000000 0.000000 -1.570796
    235 0.000000 0.000000 0.000000 0.000000 0.000000 0.000000
    236 0.000000 0.000000 0.000000 0.000000 0.000000 0.000000
    237 0.000000 0.000000 0.000000 0.000000 0.000000 0.000000
    238 0.000000 0.000000 0.000000 0.000000 0.000000 0.000000
    239 0.000000 0.000000 0.000000 0.000000 0.000000 0.000000
    240 0.000000 0.000000 0.000000 0.000000 0.000000 0.000000
    241 0.000000 0.000000 0.000000 0.000000 0.000000 0.000000
    242 0.000000 0.000000 0.000000 0.000000 0.000000 0.000000
    243 0.000000 0.000000 0.000000 0.000000 0.000000 0.000000
    244 0.000000 0.000000 0.000000 0.000000 0.000000 0.000000
    245 0.000000 0.000000 0.000000 0.000000 0.000000 0.000000
    246 0.000000 0.000000 0.000000 0.000000 0.000000 -1.570796
  time 3
    0 0.000000 0.000000 0.000000 0.000000 0.000000 -1.570796
    1 0.000000 0.000000 0.000000 0.000000 0.000000 0.000000
    2 0.000000 0.000000 0.000000 0.000000 0.000000 0.000000
    3 0.000000 0.000000 0.000000 0.000000 0.000000 0.000000
    4 0.000000 0.000000 0.000000 0.000000 0.000000 0.000000
    5 0.000000 0.000000 0.000000 0.000000 0.000000 0.000000
    6 0.000000 0.000000 0.000000 0.000000 0.000000 0.000000
    7 0.000000 0.000000 0.000000 -0.015101 0.163105 -0.201617
    8 0.000000 0.000000 0.000000 0.000000 0.000000 0.000000
    9 0.000000 0.000000 0.000000 -0.205141 -0.199429 0.619567
    10 0.000000 0.000000 0.000000 0.000000 0.000000 0.000000
    11 0.000000 0.000000 0.000000 0.014841 0.030219 -0.036601
    12 0.000000 0.000000 0.000000 0.000000 0.000000 0.000000
    13 0.000000 0.000000 0.000000 -0.001956 0.000000 0.000060
    14 0.000000 0.000000 0.000000 0.000036 -0.000036 0.055924
    15 0.000000 0.000000 0.000000 0.000000 0.000000 0.000000
    16 0.000000 0.000000 0.000000 -0.020773 0.000000 0.000000
    17 0.000000 0.000000 0.000000 0.000084 0.000000 0.123911
    18 0.000000 0.000000 0.000000 0.000000 0.000000 0.000000
    19 0.000000 0.000000 0.000000 0.005644 0.000000 0.000000
    20 -0.042970 0.019532 0.000000 0.000000 0.000000 -0.028024
    21 0.000000 0.000000 0.000000 -0.431950 0.227338 -0.722240
    22 0.000000 0.000000 0.000000 0.000000 0.000000 0.000000
    23 0.000000 0.000000 0.000000 0.886835 0.000000 0.000060
    24 -0.140629 0.042970 0.000000 -0.000048 0.000012 -0.061995
    25 0.000000 0.000000 0.000000 0.183338 -0.347058 0.283415
    26 0.000000 0.000000 0.000000 0.000000 0.000000 0.000000
    27 0.000000 0.000000 0.000000 0.000000 -0.000036 0.000108
    28 0.000000 0.000000 0.000000 0.000000 0.000000 0.000000
    29 0.000000 0.000000 0.000000 0.000053 0.000018 0.000108
    30 0.000000 0.000000 0.000000 0.000108 -0.031819 0.000012
    31 0.000000 0.000000 0.000000 0.030914 0.267128 -0.252770
    32 0.000000 0.000000 0.000000 0.000000 0.000000 0.000000
    33 0.000000 0.000000 0.000000 -0.000051 -0.000072 0.000072
    34 0.000000 0.000000 0.000000 -0.000051 0.000036 0.000108
    35 0.000000 0.000000 0.000000 0.000000 0.000036 0.000096
    36 0.000000 0.000000 0.000000 0.000054 0.000036 0.000024
    37 0.000000 0.000000 0.000000 -0.000066 -0.000041 0.000036
    38 0.000000 0.000000 0.000000 0.000000 0.000000 0.000000
    39 0.000000 0.000000 0.000000 -0.127060 0.256972 0.230049
    40 0.000000 0.000000 0.000000 0.054123 -0.025008 -0.545469
    41 0.000000 0.000000 0.000000 -0.400147 -0.198852 0.845367
    42 0.000000 0.000000 0.000000 0.000000 0.000000 0.000000
    43 0.000000 0.000000 0.000000 -0.028358 -0.053308 -0.055922
    44 0.000000 0.000000 0.000000 0.368556 0.271500 0.157706
    45 0.000000 0.000000 0.042970 0.000000 0.000000 0.000000
    46 0.000000 0.000000 0.000000 0.000000 0.000000 0.000000
    47 0.000000 0.000000 0.000000 0.000036 0.000000 0.000000
    48 0.000000 0.000000 0.000000 0.000033 -0.000012 0.000064
    49 0.000000 0.000000 0.000000 -0.000012 -0.000120 0.000000
    50 0.000000 0.000000 0.000000 0.000000 0.000000 0.000000
    51 0.000000 0.000000 0.000000 -0.000070 0.000000 0.000000
    52 0.000000 0.000000 0.000000 0.000027 -0.000024 -0.000052
    53 0.000000 0.000000 0.000000 0.000000 0.000000 0.000000
    54 0.000000 0.000000 0.000000 0.000000 0.000000 0.000000
    55 0.000000 0.000000 0.000000 -0.000072 -0.000024 0.348063
    56 0.000000 0.000000 0.000000 0.000000 0.000000 0.000000
    57 0.000000 0.000000 0.000000 0.000000 0.000000 0.000000
    58 0.000000 0.000000 0.000000 0.000000 0.000000 0.000000
    59 0.000000 0.000000 0.000000 0.009851 -0.017617 -0.624169
    60 0.000000 0.000000 0.000000 0.000000 0.000000 0.000000
    61 0.000000 0.000000 0.000000 0.000000 0.000000 0.000000
    62 0.000000 0.000000 0.000000 -0.020506 -0.001798 -0.529074
    63 0.000000 0.000000 0.000000 0.000000 0.000000 0.000000
    64 0.000000 0.000000 0.000000 0.000000 0.000000 0.000000
    65 0.000000 0.000000 0.000000 0.004099 0.024772 -0.867354
    66 0.000000 0.000000 0.000000 0.000000 0.000000 0.000000
    67 0.000000 0.000000 0.000000 0.000000 0.000000 0.000000
    68 0.000000 0.000000 0.000000 0.000060 0.000000 -0.382148
    69 0.000000 0.000000 0.000000 0.000000 0.000000 0.000000
    70 0.000000 0.000000 0.000000 0.000084 -0.000072 0.000042
    71 0.000000 0.000000 0.000000 0.000000 0.000000 0.000000
    72 0.000000 0.000000 0.000000 0.000000 0.000000 0.000000
    73 0.000000 0.000000 0.000000 0.000000 0.000000 0.000000
    74 0.000000 0.000000 0.000000 0.000000 -0.000060 -0.000043
    75 0.000000 0.000000 0.000000 0.000000 0.000000 0.000000
    76 0.000000 0.000000 0.000000 0.000000 0.000000 0.000000
    77 0.000000 0.000000 0.000000 -0.000036 0.000024 0.000000
    78 0.000000 0.000000 0.000000 0.000000 0.000000 0.000000
    79 0.000000 0.000000 0.000000 0.000000 0.000000 0.000000
    80 0.000000 0.000000 0.000000 -0.000012 0.000060 0.000035
    81 0.000000 0.000000 0.000000 0.000000 0.000000 0.000000
    82 0.000000 0.000000 0.000000 0.000000 0.000000 0.000000
    83 0.000000 0.000000 0.000000 0.000000 0.000000 -0.000033
    84 0.000000 0.000000 0.000000 0.000000 0.000000 0.000000
    85 0.000000 0.000000 0.000000 0.000036 0.000072 -0.688720
    86 0.000000 0.000000 0.000000 0.000000 0.000000 0.000000
    87 0.000000 0.000000 0.000000 0.009192 0.021416 -0.312358
    88 0.000000 0.000000 0.000000 0.000000 0.000000 0.000000
    89 0.000000 0.000000 0.000000 -0.006615 0.019511 -0.303876
    90 0.000000 0.000000 0.000000 0.000000 0.000000 0.000000
    91 0.000000 0.000000 0.000000 0.000000 0.000000 -0.135087
    92 0.000000 0.000000 0.000000 0.000000 0.000000 0.000000
    93 0.000000 0.000000 0.000000 0.000000 0.000000 0.000000
    94 0.000000 0.000000 0.000000 0.000000 0.000000 0.000000
    95 0.000000 0.000000 0.000000 0.000000 0.000000 0.000000
    96 0.000000 0.000000 0.000000 -0.000012 -0.000036 0.000000
    97 0.000000 0.000000 0.000000 0.000000 0.000000 0.000000
    98 0.000000 0.000000 0.000000 0.000000 0.000000 0.000000
    99 0.000000 0.000000 0.000000 0.000000 0.000000 0.000000
    100 0.000000 0.000000 0.000000 0.000036 -0.000012 0.000000
    101 0.000000 0.000000 0.000000 0.000000 0.000000 0.000000
    102 0.000000 0.000000 0.000000 0.000000 0.000000 0.000000
    103 0.000000 0.000000 0.000000 0.000000 0.000000 0.000000
    104 0.000000 0.000000 0.000000 0.000000 0.000000 0.000000
    105 0.000000 0.000000 0.000000 0.000000 0.000000 0.000000
    106 0.000000 0.000000 0.000000 0.000000 0.000000 0.000000
    107 0.000000 0.000000 0.000000 0.000000 0.000000 0.000000
    108 0.000000 0.000000 0.000000 0.000000 0.000000 0.000000
    109 0.000000 0.000000 0.000000 0.000000 0.000000 0.000000
    110 0.000000 0.000000 0.000000 0.000000 0.000000 0.000000
    111 0.000000 0.000000 0.000000 0.000000 0.000000 -1.570796
    112 -0.945341 -2.562578 -1.316446 0.320501 0.407557 -1.422360
    113 0.000000 0.000000 0.000000 0.000000 0.000000 0.000000
    114 0.386731 -1.605518 -5.476730 0.320516 0.407740 -1.422560
    115 0.000000 0.000000 0.000000 0.000000 0.000000 0.000000
    116 0.000000 0.000000 0.000000 0.000000 0.000000 0.000000
    117 0.000000 0.000000 0.000000 0.000000 0.000000 0.000000
    118 0.000000 0.000000 0.000000 0.000000 0.000000 0.000000
    119 0.000000 0.000000 0.000000 0.000000 0.000000 0.000000
    120 0.000000 0.000000 0.000000 0.000000 0.000000 0.000000
    121 0.000000 0.000000 0.000000 0.000000 0.000000 0.000000
    122 0.000000 0.000000 0.000000 0.000000 0.000000 0.000000
    123 0.000000 0.000000 0.000000 0.000000 0.000000 0.000000
    124 0.000000 0.000000 0.000000 0.000000 0.000000 0.000000
    125 0.000000 0.000000 0.000000 0.000000 0.000000 0.000000
    126 0.000000 0.000000 0.000000 0.000000 0.000000 0.000000
    127 0.000000 0.000000 0.000000 0.000000 0.000000 0.000000
    128 0.000000 0.000000 0.000000 0.000000 0.000000 0.000000
    129 0.000000 0.000000 0.000000 0.000000 0.000000 0.000000
    130 0.000000 0.000000 0.000000 0.000000 0.000000 0.000000
    131 0.000000 0.000000 0.000000 0.000000 0.000000 0.000000
    132 0.000000 0.000000 0.000000 0.000000 0.000000 0.000000
    133 0.000000 0.000000 0.000000 0.000000 0.000000 0.000000
    134 0.000000 0.000000 0.000000 0.000000 0.000000 0.000000
    135 0.000000 0.000000 0.000000 0.000000 0.000000 0.000000
    136 0.000000 0.000000 0.000000 0.000000 0.000000 0.000000
    137 0.000000 0.000000 0.000000 0.000000 0.000000 0.000000
    138 0.000000 0.000000 0.000000 0.000000 0.000000 0.000000
    139 22.492874 -16.367687 4.183721 -0.287581 -0.432214 -0.010254
    140 0.000000 0.000000 0.000000 0.000000 0.000000 0.000000
    141 0.000000 0.000000 0.000000 0.000000 0.000000 0.000000
    142 0.000000 0.000000 0.000000 0.000000 0.000000 0.000000
    143 0.000000 0.000000 0.000000 0.000000 0.000000 0.000000
    144 0.000000 0.000000 0.000000 0.000000 0.000000 0.000000
    145 0.000000 0.000000 0.000000 0.000000 0.000000 0.000000
    146 0.000000 0.000000 0.000000 0.000000 0.000000 0.000000
    147 0.000000 0.000000 0.000000 0.000000 0.000000 0.000000
    148 0.000000 0.000000 0.000000 0.000000 0.000000 0.000000
    149 0.000000 0.000000 0.000000 0.000000 0.000000 0.000000
    150 0.000000 0.000000 0.000000 0.000000 0.000000 0.000000
    151 0.000000 0.000000 0.000000 0.000000 0.000000 0.000000
    152 0.000000 0.000000 0.000000 0.000000 0.000000 0.000000
    153 0.000000 0.000000 0.000000 0.000000 0.000000 0.000000
    154 0.000000 0.000000 0.000000 0.000000 0.000000 0.000000
    155 0.000000 0.000000 0.000000 0.000000 0.000000 0.000000
    156 0.000000 0.000000 0.000000 0.000000 0.000000 0.000000
    157 0.000000 0.000000 0.000000 0.000000 0.000000 0.000000
    158 0.000000 0.000000 0.000000 0.000000 0.000000 0.000000
    159 0.000000 0.000000 0.000000 0.000000 0.000000 0.000000
    160 0.000000 0.000000 0.000000 0.000000 0.000000 0.000000
    161 0.000000 0.000000 0.000000 0.000000 0.000000 0.000000
    162 0.000000 0.000000 0.000000 0.000000 0.000000 0.000000
    163 0.000000 0.000000 0.000000 0.000000 0.000000 0.000000
    164 0.000000 0.000000 0.000000 0.000000 0.000000 0.000000
    165 0.000000 0.000000 0.000000 0.000000 0.000000 0.000000
    166 0.000000 0.000000 0.000000 0.000000 0.000000 0.000000
    167 0.000000 0.000000 0.000000 0.000000 0.000000 0.000000
    168 0.000000 0.000000 0.000000 0.000000 0.000000 0.000000
    169 0.000000 0.000000 0.000000 0.000000 0.000000 0.000000
    170 0.000000 0.000000 0.000000 0.000000 0.000000 0.000000
    171 0.000000 0.000000 0.000000 0.000000 0.000000 0.000000
    172 0.000000 0.000000 0.000000 0.000000 0.000000 0.000000
    173 0.000000 0.000000 0.000000 0.000000 0.000000 0.000000
    174 0.000000 0.000000 0.000000 0.000004 -0.000689 0.000000
    175 0.000000 0.000000 0.000000 0.000000 0.000000 0.000000
    176 0.000000 0.000000 0.000000 0.000000 0.000000 0.000000
    177 0.000000 0.000000 0.000000 0.000000 0.000000 0.000000
    178 0.000000 0.000000 0.000000 0.000000 0.000000 0.000000
    179 0.000000 0.000000 0.000000 0.000000 0.000000 0.000000
    180 0.000000 0.000000 0.000000 0.000000 0.000000 0.000000
    181 0.000000 0.000000 0.000000 0.000000 0.000000 0.000000
    182 0.000000 0.000000 0.000000 0.000000 0.000000 0.000000
    183 0.000000 0.000000 0.000000 0.000000 0.000000 0.000000
    184 0.000000 0.000000 0.000000 0.000000 0.000000 0.000000
    185 0.000000 0.000000 0.000000 0.000000 0.000000 0.000000
    186 0.000000 0.000000 0.000000 0.000000 0.000000 0.000000
    187 0.000000 0.000000 0.000000 0.000000 0.000000 0.000000
    188 0.000000 0.000000 0.000000 0.000000 0.000000 0.000000
    189 0.000000 0.000000 0.000000 0.000000 0.000000 0.000000
    190 0.000000 0.000000 0.000000 0.000000 0.000000 0.000000
    191 0.000000 0.000000 0.000000 0.007060 0.000000 -0.000048
    192 0.000000 0.000000 0.000000 0.000000 0.000000 0.000000
    193 0.000000 0.000000 0.000000 0.000000 0.000000 0.000000
    194 0.000000 0.000000 0.000000 0.000000 -0.000012 -0.000048
    195 2.277413 2.941496 -5.031404 0.660813 0.621960 0.392289
    196 0.000000 0.000000 0.000000 0.000000 0.000000 0.000000
    197 0.000000 0.000000 0.000000 0.000000 0.000000 0.000000
    198 0.000000 0.000000 0.000000 0.000000 0.000000 0.000000
    199 0.000000 0.000000 0.000000 0.000000 0.000000 0.000000
    200 0.000000 0.000000 0.000000 0.000000 0.000000 0.000000
    201 0.000000 0.000000 0.000000 0.000000 0.000000 0.000000
    202 0.000000 0.000000 0.000000 0.000000 0.000000 0.000000
    203 0.000000 0.000000 0.000000 0.000000 0.000000 0.000000
    204 0.000000 0.000000 0.000000 0.000000 0.000000 0.000000
    205 0.589862 1.003937 0.824244 -0.199586 -0.009577 -0.163569
    206 0.000000 0.000000 0.000000 0.443395 -0.000048 -0.000012
    207 0.000000 0.000000 0.000000 0.000000 0.000000 0.000000
    208 0.000000 0.000000 0.000000 0.000000 0.000000 0.000000
    209 0.000000 0.000000 0.000000 0.000000 -0.000012 0.000048
    210 0.000000 0.000000 0.000000 0.000000 0.000000 0.000000
    211 0.000000 0.000000 0.000000 0.000000 0.000000 0.000000
    212 0.000000 0.000000 0.000000 0.000000 0.000000 0.000000
    213 0.000000 0.000000 0.000000 0.000000 0.000000 0.000000
    214 0.000000 0.000000 0.000000 0.000000 0.000000 0.000000
    215 0.000000 0.000000 0.000000 0.000000 0.000000 0.000000
    216 0.000000 0.000000 0.000000 0.000000 0.000000 0.000000
    217 0.000000 0.000000 0.000000 0.000000 0.000000 0.000000
    218 0.000000 0.000000 0.000000 0.000000 0.000000 0.000000
    219 0.000000 0.000000 0.000000 0.000000 0.000000 0.000000
    220 0.000000 0.000000 0.000000 0.000000 0.000000 0.000000
    221 0.000000 0.000000 0.000000 0.000000 0.000000 0.000000
    222 0.000000 0.000000 0.000000 0.000000 0.000000 0.000000
    223 0.000000 0.000000 0.000000 0.000000 0.000000 0.000000
    224 0.000000 0.000000 0.000000 0.000000 0.000000 0.000000
    225 0.000000 0.000000 0.000000 0.000000 0.000000 0.000000
    226 0.000000 0.000000 0.000000 0.000000 0.000000 0.000000
    227 1.605518 0.390637 -5.468917 0.320501 0.407588 0.148249
    228 0.000000 0.000000 0.000000 0.000000 0.000000 0.000000
    229 0.000000 0.000000 0.000000 0.000000 0.000000 0.000000
    230 0.000000 0.000000 0.000000 0.018504 0.014861 0.002265
    231 0.000000 0.000000 0.000000 0.000000 0.000000 0.000000
    232 0.000000 0.000000 0.000000 0.000000 0.000000 0.000000
    233 0.000000 0.000000 0.000000 0.000000 0.000000 0.000000
    234 0.000000 0.000000 0.000000 0.000000 0.000000 -1.570796
    235 0.000000 0.000000 0.000000 0.000000 0.000000 0.000000
    236 0.000000 0.000000 0.000000 0.000000 0.000000 0.000000
    237 0.000000 0.000000 0.000000 0.000000 0.000000 0.000000
    238 0.000000 0.000000 0.000000 0.000000 0.000000 0.000000
    239 0.000000 0.000000 0.000000 0.000000 0.000000 0.000000
    240 0.000000 0.000000 0.000000 0.000000 0.000000 0.000000
    241 0.000000 0.000000 0.000000 0.000000 0.000000 0.000000
    242 0.000000 0.000000 0.000000 0.000000 0.000000 0.000000
    243 0.000000 0.000000 0.000000 0.000000 0.000000 0.000000
    244 0.000000 0.000000 0.000000 0.000000 0.000000 0.000000
    245 0.000000 0.000000 0.000000 0.000000 0.000000 0.000000
    246 0.000000 0.000000 0.000000 0.000000 0.000000 -1.570796
  time 4
    0 0.000000 0.000000 0.000000 0.000000 0.000000 -1.570796
    1 0.000000 0.000000 0.000000 0.000000 0.000000 0.000000
    2 0.000000 0.000000 0.000000 0.000000 0.000000 0.000000
    3 0.000000 0.000000 0.000000 0.000000 0.000000 0.000000
    4 0.000000 0.000000 0.000000 0.000000 0.000000 0.000000
    5 0.000000 0.000000 0.000000 0.000000 0.000000 0.000000
    6 0.000000 0.000000 0.000000 0.000000 0.000000 0.000000
    7 0.000000 0.000000 0.000000 -0.007742 0.084622 -0.104535
    8 0.000000 0.000000 0.000000 0.000000 0.000000 0.000000
    9 0.000000 0.000000 0.000000 -0.114233 -0.047194 0.484726
    10 0.000000 0.000000 0.000000 0.000000 0.000000 0.000000
    11 0.000000 0.000000 0.000000 0.026200 0.046788 -0.024189
    12 0.000000 0.000000 0.000000 0.000000 0.000000 0.000000
    13 0.000000 0.000000 0.000000 -0.047224 0.000000 0.000000
    14 0.000000 0.000000 0.000000 0.000036 0.000036 0.035595
    15 0.000000 0.000000 0.000000 0.000000 0.000000 0.000000
    16 0.000000 0.000000 0.000000 -0.025719 0.000000 0.000000
    17 0.000000 0.000000 0.000000 0.000036 0.000120 0.149210
    18 0.000000 0.000000 0.000000 0.000000 0.000000 0.000000
    19 0.000000 0.000000 0.000000 0.012144 0.000000 0.000000
    20 -0.027345 0.011719 0.000000 0.000048 -0.000012 -0.017841
    21 0.000000 0.000000 0.000000 -0.487799 0.110444 -0.841706
    22 0.000000 0.000000 0.000000 0.000000 0.000000 0.000000
    23 0.000000 0.000000 0.000000 0.363682 0.000000 0.000060
    24 -0.148442 0.046876 0.000000 -0.000132 0.000000 -0.074601
    25 0.000000 0.000000 0.000000 0.105821 -0.319425 0.126063
    26 0.000000 0.000000 0.000000 0.000000 0.000000 0.000000
    27 0.000000 0.000000 0.000000 0.000000 -0.000036 0.000096
    28 0.000000 0.000000 0.000000 0.000000 0.000000 0.000000
    29 0.000000 0.000000 0.000000 0.000053 0.000018 0.000108
    30 0.000000 0.000000 0.000000 0.000108 -0.031819 0.000012
    31 0.000000 0.000000 0.000000 0.121877 0.200509 -0.152358
    32 0.000000 0.000000 0.000000 0.000000 0.000000 0.000000
    33 0.000000 0.000000 0.000000 -0.000051 -0.000060 0.000072
    34 0.000000 0.000000 0.000000 -0.000051 0.000024 0.000096
    35 0.000000 0.000000 0.000000 0.000000 0.000036 0.000096
    36 0.000000 0.000000 0.000000 0.000054 0.000036 0.000024
    37 0.000000 0.000000 0.000000 -0.000066 -0.000041 0.000036
    38 0.000000 0.000000 0.000000 0.000000 0.000000 0.000000
    39 0.000000 0.000000 0.000000 -0.092982 0.260837 -0.097872
    40 0.000000 0.000000 0.000000 0.050518 -0.046793 -0.667470
    41 0.000000 0.000000 0.000000 -0.550087 -0.401610 0.846880
    42 0.000000 0.000000 0.000000 0.000000 0.000000 0.000000
    43 0.000000 0.000000 0.000000 -0.061646 -0.124822 -0.186448
    44 0.000000 0.000000 0.000000 0.318208 0.270920 0.008856
    45 0.000000 0.000000 0.039064 0.000000 0.000000 0.000000
    46 0.000000 0.000000 0.000000 0.000000 0.000000 0.000000
    47 0.000000 0.000000 0.000000 0.000036 0.000000 0.000000
    48 0.000000 0.000000 0.000000 0.000033 -0.000012 0.000064
    49 0.000000 0.000000 0.000000 -0.000012 -0.000108 0.000000
    50 0.000000 0.000000 0.000000 0.000000 0.000000 0.000000
    51 0.000000 0.000000 0.000000 -0.000056 0.000000 0.000000
    52 0.000000 0.000000 0.000000 0.000027 -0.000024 -0.000052
    53 0.000000 0.000000 0.000000 0.000000 0.000000 0.000000
    54 0.000000 0.000000 0.000000 0.000000 0.000000 0.000000
    55 0.000000 0.000000 0.000000 -0.000060 0.000000 -0.015133
    56 0.000000 0.000000 0.000000 0.000000 0.000000 0.000000
    57 0.000000 0.000000 0.000000 0.000000 0.000000 0.000000
    58 0.000000 0.000000 0.000000 0.000000 0.000000 0.000000
    59 0.000000 0.000000 0.000000 0.015940 -0.009720 -0.940960
    60 0.000000 0.000000 0.000000 0.000000 0.000000 0.000000
    61 0.000000 0.000000 0.000000 0.000000 0.000000 0.000000
    62 0.000000 0.000000 0.000000 -0.020050 -0.004434 -0.658196
    63 0.000000 0.000000 0.000000 0.000000 0.000000 0.000000
    64 0.000000 0.000000 0.000000 0.000000 0.000000 0.000000
    65 0.000000 0.000000 0.000000 -0.002637 0.024976 -1.136804
    66 0.000000 0.000000 0.000000 0.000000 0.000000 0.000000
    67 0.000000 0.000000 0.000000 0.000000 0.000000 0.000000
    68 0.000000 0.000000 0.000000 0.000000 0.000000 -0.764098
    69 0.000000 0.000000 0.000000 0.000000 0.000000 0.000000
    70 0.000000 0.000000 0.000000 0.000072 -0.000060 0.000042
    71 0.000000 0.000000 0.000000 0.000000 0.000000 0.000000
    72 0.000000 0.000000 0.000000 0.000000 0.000000 0.000000
    73 0.000000 0.000000 0.000000 0.000000 0.000000 0.000000
    74 0.000000 0.000000 0.000000 0.000000 -0.000060 -0.000043
    75 0.000000 0.000000 0.000000 0.000000 0.000000 0.000000
    76 0.000000 0.000000 0.000000 0.000000 0.000000 0.000000
    77 0.000000 0.000000 0.000000 -0.000036 0.000012 0.000000
    78 0.000000 0.000000 0.000000 0.000000 0.000000 0.000000
    79 0.000000 0.000000 0.000000 0.000000 0.000000 0.000000
    80 0.000000 0.000000 0.000000 -0.000012 0.000060 0.000035
    81 0.000000 0.000000 0.000000 0.000000 0.000000 0.000000
    82 0.000000 0.000000 0.000000 0.000000 0.000000 0.000000
    83 0.000000 0.000000 0.000000 0.000000 0.000000 -0.000033
    84 0.000000 0.000000 0.000000 0.000000 0.000000 0.000000
    85 0.000000 0.000000 0.000000 0.000012 0.000072 -0.873254
    86 0.000000 0.000000 0.000000 0.000000 0.000000 0.000000
    87 0.000000 0.000000 0.000000 0.006268 0.022447 -0.445751
    88 0.000000 0.000000 0.000000 0.000000 0.000000 0.000000
    89 0.000000 0.000000 0.000000 -0.014777 0.014358 -0.776866
    90 0.000000 0.000000 0.000000 0.000000 0.000000 0.000000
    91 0.000000 0.000000 0.000000 0.000000 0.000000 -0.354981
    92 0.000000 0.000000 0.000000 0.000000 0.000000 0.000000
    93 0.000000 0.000000 0.000000 0.000000 0.000000 0.000000
    94 0.000000 0.000000 0.000000 0.000000 0.000000 0.000000
    95 0.000000 0.000000 0.000000 0.000000 0.000000 0.000000
    96 0.000000 0.000000 0.000000 -0.000012 -0.000036 0.000000
    97 0.000000 0.000000 0.000000 0.000000 0.000000 0.000000
    98 0.000000 0.000000 0.000000 0.000000 0.000000 0.000000
    99 0.000000 0.000000 0.000000 0.000000 0.000000 0.000000
    100 0.000000 0.000000 0.000000 0.000036 -0.000012 0.000000
    101 0.000000 0.000000 0.000000 0.000000 0.000000 0.000000
    102 0.000000 0.000000 0.000000 0.000000 0.000000 0.000000
    103 0.000000 0.000000 0.000000 0.000000 0.000000 0.000000
    104 0.000000 0.000000 0.000000 0.000000 0.000000 0.000000
    105 0.000000 0.000000 0.000000 0.000000 0.000000 0.000000
    106 0.000000 0.000000 0.000000 0.000000 0.000000 0.000000
    107 0.000000 0.000000 0.000000 0.000000 0.000000 0.000000
    108 0.000000 0.000000 0.000000 0.000000 0.000000 0.000000
    109 0.000000 0.000000 0.000000 0.000000 0.000000 0.000000
    110 0.000000 0.000000 0.000000 0.000000 0.000000 0.000000
    111 0.000000 0.000000 0.000000 0.000000 0.000000 -1.570796
    112 -0.707053 -2.527421 -1.265664 0.162522 0.320297 -1.425157
    113 0.000000 0.000000 0.000000 0.000000 0.000000 0.000000
    114 0.656270 -1.898495 -4.566546 0.162516 0.320271 -1.425357
    115 0.000000 0.000000 0.000000 0.000000 0.000000 0.000000
    116 0.000000 0.000000 0.000000 0.000000 0.000000 0.000000
    117 0.000000 0.000000 0.000000 0.000000 0.000000 0.000000
    118 0.000000 0.000000 0.000000 0.000000 0.000000 0.000000
    119 0.000000 0.000000 0.000000 0.000000 0.000000 0.000000
    120 0.000000 0.000000 0.000000 0.000000 0.000000 0.000000
    121 0.000000 0.000000 0.000000 0.000000 0.000000 0.000000
    122 0.000000 0.000000 0.000000 0.000000 0.000000 0.000000
    123 0.000000 0.000000 0.000000 0.000000 0.000000 0.000000
    124 0.000000 0.000000 0.000000 0.000000 0.000000 0.000000
    125 0.000000 0.000000 0.000000 0.000000 0.000000 0.000000
    126 0.000000 0.000000 0.000000 0.000000 0.000000 0.000000
    127 0.000000 0.000000 0.000000 0.000000 0.000000 0.000000
    128 0.000000 0.000000 0.000000 0.000000 0.000000 0.000000
    129 0.000000 0.000000 0.000000 0.000000 0.000000 0.000000
    130 0.000000 0.000000 0.000000 0.000000 0.000000 0.000000
    131 0.000000 0.000000 0.000000 0.000000 0.000000 0.000000
    132 0.000000 0.000000 0.000000 0.000000 0.000000 0.000000
    133 0.000000 0.000000 0.000000 0.000000 0.000000 0.000000
    134 0.000000 0.000000 0.000000 0.000000 0.000000 0.000000
    135 0.000000 0.000000 0.000000 0.000000 0.000000 0.000000
    136 0.000000 0.000000 0.000000 0.000000 0.000000 0.000000
    137 0.000000 0.000000 0.000000 0.000000 0.000000 0.000000
    138 0.000000 0.000000 0.000000 0.000000 0.000000 0.000000
    139 17.391156 -7.746330 1.687551 -0.123181 -0.338962 -0.092192
    140 0.000000 0.000000 0.000000 0.000000 0.000000 0.000000
    141 0.000000 0.000000 0.000000 0.000000 0.000000 0.000000
    142 0.000000 0.000000 0.000000 0.000000 0.000000 0.000000
    143 0.000000 0.000000 0.000000 0.000000 0.000000 0.000000
    144 0.000000 0.000000 0.000000 0.000000 0.000000 0.000000
    145 0.000000 0.000000 0.000000 0.000000 0.000000 0.000000
    146 0.000000 0.000000 0.000000 0.000000 0.000000 0.000000
    147 0.000000 0.000000 0.000000 0.000000 0.000000 0.000000
    148 0.000000 0.000000 0.000000 0.000000 0.000000 0.000000
    149 0.000000 0.000000 0.000000 0.000000 0.000000 0.000000
    150 0.000000 0.000000 0.000000 0.000000 0.000000 0.000000
    151 0.000000 0.000000 0.000000 0.000000 0.000000 0.000000
    152 0.000000 0.000000 0.000000 0.000000 0.000000 0.000000
    153 0.000000 0.000000 0.000000 0.000000 0.000000 0.000000
    154 0.000000 0.000000 0.000000 0.000000 0.000000 0.000000
    155 0.000000 0.000000 0.000000 0.000000 0.000000 0.000000
    156 0.000000 0.000000 0.000000 0.000000 0.000000 0.000000
    157 0.000000 0.000000 0.000000 0.000000 0.000000 0.000000
    158 0.000000 0.000000 0.000000 0.000000 0.000000 0.000000
    159 0.000000 0.000000 0.000000 0.000000 0.000000 0.000000
    160 0.000000 0.000000 0.000000 0.000000 0.000000 0.000000
    161 0.000000 0.000000 0.000000 0.000000 0.000000 0.000000
    162 0.000000 0.000000 0.000000 0.000000 0.000000 0.000000
    163 0.000000 0.000000 0.000000 0.000000 0.000000 0.000000
    164 0.000000 0.000000 0.000000 0.000000 0.000000 0.000000
    165 0.000000 0.000000 0.000000 0.000000 0.000000 0.000000
    166 0.000000 0.000000 0.000000 0.000000 0.000000 0.000000
    167 0.000000 0.000000 0.000000 0.000000 0.000000 0.000000
    168 0.000000 0.000000 0.000000 0.000000 0.000000 0.000000
    169 0.000000 0.000000 0.000000 0.000000 0.000000 0.000000
    170 0.000000 0.000000 0.000000 0.000000 0.000000 0.000000
    171 0.000000 0.000000 0.000000 0.000000 0.000000 0.000000
    172 0.000000 0.000000 0.000000 0.000000 0.000000 0.000000
    173 0.000000 0.000000 0.000000 0.000000 0.000000 0.000000
    174 0.000000 0.000000 0.000000 0.000004 -0.000689 0.000000
    175 0.000000 0.000000 0.000000 0.000000 0.000000 0.000000
    176 0.000000 0.000000 0.000000 0.000000 0.000000 0.000000
    177 0.000000 0.000000 0.000000 0.000000 0.000000 0.000000
    178 0.000000 0.000000 0.000000 0.000000 0.000000 0.000000
    179 0.000000 0.000000 0.000000 0.000000 0.000000 0.000000
    180 0.000000 0.000000 0.000000 0.000000 0.000000 0.000000
    181 0.000000 0.000000 0.000000 0.000000 0.000000 0.000000
    182 0.000000 0.000000 0.000000 0.000000 0.000000 0.000000
    183 0.000000 0.000000 0.000000 0.000000 0.000000 0.000000
    184 0.000000 0.000000 0.000000 0.000000 0.000000 0.000000
    185 0.000000 0.000000 0.000000 0.000000 0.000000 0.000000
    186 0.000000 0.000000 0.000000 0.000000 0.000000 0.000000
    187 0.000000 0.000000 0.000000 0.000000 0.000000 0.000000
    188 0.000000 0.000000 0.000000 0.000000 0.000000 0.000000
    189 0.000000 0.000000 0.000000 0.000000 0.000000 0.000000
    190 0.000000 0.000000 0.000000 0.000000 0.000000 0.000000
    191 0.000000 0.000000 0.000000 0.015123 0.000000 -0.000048
    192 0.000000 0.000000 0.000000 0.000000 0.000000 0.000000
    193 0.000000 0.000000 0.000000 0.000000 0.000000 0.000000
    194 0.000000 0.000000 0.000000 0.000000 -0.000012 -0.000032
    195 3.488388 4.523576 -3.507920 0.717260 0.567043 0.478064
    196 0.000000 0.000000 0.000000 0.000000 0.000000 0.000000
    197 0.000000 0.000000 0.000000 0.000000 0.000000 0.000000
    198 0.000000 0.000000 0.000000 0.000000 0.000000 0.000000
    199 0.000000 0.000000 0.000000 0.000000 0.000000 0.000000
    200 0.000000 0.000000 0.000000 0.000000 0.000000 0.000000
    201 0.000000 0.000000 0.000000 0.000000 0.000000 0.000000
    202 0.000000 0.000000 0.000000 0.000000 0.000000 0.000000
    203 0.000000 0.000000 0.000000 0.000000 0.000000 0.000000
    204 0.000000 0.000000 0.000000 0.000000 0.000000 0.000000
    205 0.355480 0.484390 0.382824 -0.104057 -0.004955 -0.084803
    206 0.000000 0.000000 0.000000 0.181788 0.000000 0.000000
    207 0.000000 0.000000 0.000000 0.000000 0.000000 0.000000
    208 0.000000 0.000000 0.000000 0.000000 0.000000 0.000000
    209 0.000000 0.000000 0.000000 0.000000 -0.000012 0.000048
    210 0.000000 0.000000 0.000000 0.000000 0.000000 0.000000
    211 0.000000 0.000000 0.000000 0.000000 0.000000 0.000000
    212 0.000000 0.000000 0.000000 0.000000 0.000000 0.000000
    213 0.000000 0.000000 0.000000 0.000000 0.000000 0.000000
    214 0.000000 0.000000 0.000000 0.000000 0.000000 0.000000
    215 0.000000 0.000000 0.000000 0.000000 0.000000 0.000000
    216 0.000000 0.000000 0.000000 0.000000 0.000000 0.000000
    217 0.000000 0.000000 0.000000 0.000000 0.000000 0.000000
    218 0.000000 0.000000 0.000000 0.000000 0.000000 0.000000
    219 0.000000 0.000000 0.000000 0.000000 0.000000 0.000000
    220 0.000000 0.000000 0.000000 0.000000 0.000000 0.000000
    221 0.000000 0.000000 0.000000 0.000000 0.000000 0.000000
    222 0.000000 0.000000 0.000000 0.000000 0.000000 0.000000
    223 0.000000 0.000000 0.000000 0.000000 0.000000 0.000000
    224 0.000000 0.000000 0.000000 0.000000 0.000000 0.000000
    225 0.000000 0.000000 0.000000 0.000000 0.000000 0.000000
    226 0.000000 0.000000 0.000000 0.000000 0.000000 0.000000
    227 1.894589 0.664083 -4.570452 0.162522 0.320340 0.145545
    228 0.000000 0.000000 0.000000 0.000000 0.000000 0.000000
    229 0.000000 0.000000 0.000000 0.000000 0.000000 0.000000
    230 0.000000 0.000000 0.000000 0.017725 0.020410 0.003476
    231 0.000000 0.000000 0.000000 0.000000 0.000000 0.000000
    232 0.000000 0.000000 0.000000 0.000000 0.000000 0.000000
    233 0.000000 0.000000 0.000000 0.000000 0.000000 0.000000
    234 0.000000 0.000000 0.000000 0.000000 0.000000 -1.570796
    235 0.000000 0.000000 0.000000 0.000000 0.000000 0.000000
    236 0.000000 0.000000 0.000000 0.000000 0.000000 0.000000
    237 0.000000 0.000000 0.000000 0.000000 0.000000 0.000000
    238 0.000000 0.000000 0.000000 0.000000 0.000000 0.000000
    239 0.000000 0.000000 0.000000 0.000000 0.000000 0.000000
    240 0.000000 0.000000 0.000000 0.000000 0.000000 0.000000
    241 0.000000 0.000000 0.000000 0.000000 0.000000 0.000000
    242 0.000000 0.000000 0.000000 0.000000 0.000000 0.000000
    243 0.000000 0.000000 0.000000 0.000000 0.000000 0.000000
    244 0.000000 0.000000 0.000000 0.000000 0.000000 0.000000
    245 0.000000 0.000000 0.000000 0.000000 0.000000 0.000000
    246 0.000000 0.000000 0.000000 0.000000 0.000000 -1.570796
  time 5
    0 0.000000 0.000000 0.000000 0.000000 0.000000 -1.570796
    1 0.000000 0.000000 0.000000 0.000000 0.000000 0.000000
    2 0.000000 0.000000 0.000000 0.000000 0.000000 0.000000
    3 0.000000 0.000000 0.000000 0.000000 0.000000 0.000000
    4 0.000000 0.000000 0.000000 0.000000 0.000000 0.000000
    5 0.000000 0.000000 0.000000 0.000000 0.000000 0.000000
    6 0.000000 0.000000 0.000000 0.000000 0.000000 0.000000
    7 0.000000 0.000000 0.000000 -0.002103 0.024225 -0.029813
    8 0.000000 0.000000 0.000000 0.000000 0.000000 0.000000
    9 0.000000 0.000000 0.000000 -0.040722 0.024726 0.193263
    10 0.000000 0.000000 0.000000 0.000000 0.000000 0.000000
    11 0.000000 0.000000 0.000000 0.033224 0.061757 -0.029081
    12 0.000000 0.000000 0.000000 0.000000 0.000000 0.000000
    13 0.000000 0.000000 0.000000 -0.030619 0.000000 0.000000
    14 0.000000 0.000000 0.000000 0.000084 0.000072 0.117832
    15 0.000000 0.000000 0.000000 0.000000 0.000000 0.000000
    16 0.000000 0.000000 0.000000 -0.030665 0.000000 0.000000
    17 0.000000 0.000000 0.000000 0.000060 0.000096 0.186230
    18 0.000000 0.000000 0.000000 0.000000 0.000000 0.000000
    19 0.000000 0.000000 0.000000 0.036533 0.000000 0.000000
    20 -0.078127 0.039064 0.000000 -0.000048 0.000012 -0.058947
    21 0.000000 0.000000 0.000000 -0.231815 -0.005056 -0.458196
    22 0.000000 0.000000 0.000000 0.000000 0.000000 0.000000
    23 0.000000 0.000000 0.000000 0.117965 0.000000 0.000060
    24 -0.175787 0.058596 0.000000 -0.000120 0.000012 -0.093093
    25 0.000000 0.000000 0.000000 0.067500 -0.269195 -0.026620
    26 0.000000 0.000000 0.000000 0.000000 0.000000 0.000000
    27 0.000000 0.000000 0.000000 0.000000 -0.000036 0.000084
    28 0.000000 0.000000 0.000000 0.000000 0.000000 0.000000
    29 0.000000 0.000000 0.000000 0.000053 0.000018 0.000096
    30 0.000000 0.000000 0.000000 0.000108 -0.031831 0.000000
    31 0.000000 0.000000 0.000000 0.172637 0.141422 -0.070977
    32 0.000000 0.000000 0.000000 0.000000 0.000000 0.000000
    33 0.000000 0.000000 0.000000 -0.000051 -0.000060 0.000060
    34 0.000000 0.000000 0.000000 -0.000051 0.000024 0.000096
    35 0.000000 0.000000 0.000000 0.000000 0.000036 0.000084
    36 0.000000 0.000000 0.000000 0.000054 0.000024 0.000024
    37 0.000000 0.000000 0.000000 -0.000066 -0.000041 0.000036
    38 0.000000 0.000000 0.000000 0.000000 0.000000 0.000000
    39 0.000000 0.000000 0.000000 -0.060068 0.252081 -0.274121
    40 0.000000 0.000000 0.000000 0.044220 -0.058458 -0.733086
    41 0.000000 0.000000 0.000000 -0.619986 -0.512682 0.779162
    42 0.000000 0.000000 0.000000 0.000000 0.000000 0.000000
    43 0.000000 0.000000 0.000000 -0.079523 -0.158608 -0.257051
    44 0.000000 0.000000 0.000000 0.278366 0.240014 -0.073920
    45 0.000000 0.000000 0.035157 0.000000 0.000000 0.000000
    46 0.000000 0.000000 0.000000 0.000000 0.000000 0.000000
    47 0.000000 0.000000 0.000000 0.000036 0.000000 0.000000
    48 0.000000 0.000000 0.000000 0.000033 -0.000012 0.000064
    49 0.000000 0.000000 0.000000 -0.000012 -0.000108 0.000000
    50 0.000000 0.000000 0.000000 0.000000 0.000000 0.000000
    51 0.000000 0.000000 0.000000 -0.000056 0.000000 0.000000
    52 0.000000 0.000000 0.000000 0.000027 -0.000024 -0.000052
    53 0.000000 0.000000 0.000000 0.000000 0.000000 0.000000
    54 0.000000 0.000000 0.000000 0.000000 0.000000 0.000000
    55 0.000000 0.000000 0.000000 -0.000060 -0.000060 -0.210714
    56 0.000000 0.000000 0.000000 0.000000 0.000000 0.000000
    57 0.000000 0.000000 0.000000 0.000000 0.000000 0.000000
    58 0.000000 0.000000 0.000000 0.000000 0.000000 0.000000
    59 0.000000 0.000000 0.000000 0.018708 -0.002433 -1.084053
    60 0.000000 0.000000 0.000000 0.000000 0.000000 0.000000
    61 0.000000 0.000000 0.000000 0.000000 0.000000 0.000000
    62 0.000000 0.000000 0.000000 -0.019894 -0.005297 -0.701775
    63 0.000000 0.000000 0.000000 0.000000 0.000000 0.000000
    64 0.000000 0.000000 0.000000 0.000000 0.000000 0.000000
    65 0.000000 0.000000 0.000000 -0.005525 0.024497 -1.253701
    66 0.000000 0.000000 0.000000 0.000000 0.000000 0.000000
    67 0.000000 0.000000 0.000000 0.000000 0.000000 0.000000
    68 0.000000 0.000000 0.000000 0.000000 0.000000 -0.969763
    69 0.000000 0.000000 0.000000 0.000000 0.000000 0.000000
    70 0.000000 0.000000 0.000000 0.000072 -0.000060 0.000000
    71 0.000000 0.000000 0.000000 0.000000 0.000000 0.000000
    72 0.000000 0.000000 0.000000 0.000000 0.000000 0.000000
    73 0.000000 0.000000 0.000000 0.000000 0.000000 0.000000
    74 0.000000 0.000000 0.000000 0.000000 -0.000060 -0.000043
    75 0.000000 0.000000 0.000000 0.000000 0.000000 0.000000
    76 0.000000 0.000000 0.000000 0.000000 0.000000 0.000000
    77 0.000000 0.000000 0.000000 -0.000036 0.000012 0.000000
    78 0.000000 0.000000 0.000000 0.000000 0.000000 0.000000
    79 0.000000 0.000000 0.000000 0.000000 0.000000 0.000000
    80 0.000000 0.000000 0.000000 -0.000012 0.000060 0.000035
    81 0.000000 0.000000 0.000000 0.000000 0.000000 0.000000
    82 0.000000 0.000000 0.000000 0.000000 0.000000 0.000000
    83 0.000000 0.000000 0.000000 0.000000 0.000000 -0.000033
    84 0.000000 0.000000 0.000000 0.000000 0.000000 0.000000
    85 0.000000 0.000000 0.000000 0.000012 0.000084 -0.952777
    86 0.000000 0.000000 0.000000 0.000000 0.000000 0.000000
    87 0.000000 0.000000 0.000000 0.005129 0.022747 -0.498385
    88 0.000000 0.000000 0.000000 0.000000 0.000000 0.000000
    89 0.000000 0.000000 0.000000 -0.017857 0.010163 -1.031493
    90 0.000000 0.000000 0.000000 0.000000 0.000000 0.000000
    91 0.000000 0.000000 0.000000 0.000000 0.000060 -0.458853
    92 0.000000 0.000000 0.000000 0.000000 0.000000 0.000000
    93 0.000000 0.000000 0.000000 0.000000 0.000000 0.000000
    94 0.000000 0.000000 0.000000 0.000000 0.000000 0.000000
    95 0.000000 0.000000 0.000000 0.000000 0.000000 0.000000
    96 0.000000 0.000000 0.000000 -0.000012 -0.000036 0.000000
    97 0.000000 0.000000 0.000000 0.000000 0.000000 0.000000
    98 0.000000 0.000000 0.000000 0.000000 0.000000 0.000000
    99 0.000000 0.000000 0.000000 0.000000 0.000000 0.000000
    100 0.000000 0.000000 0.000000 0.000036 -0.000012 0.000000
    101 0.000000 0.000000 0.000000 0.000000 0.000000 0.000000
    102 0.000000 0.000000 0.000000 0.000000 0.000000 0.000000
    103 0.000000 0.000000 0.000000 0.000000 0.000000 0.000000
    104 0.000000 0.000000 0.000000 0.000000 0.000000 0.000000
    105 0.000000 0.000000 0.000000 0.000000 0.000000 0.000000
    106 0.000000 0.000000 0.000000 0.000000 0.000000 0.000000
    107 0.000000 0.000000 0.000000 0.000000 0.000000 0.000000
    108 0.000000 0.000000 0.000000 0.000000 0.000000 0.000000
    109 0.000000 0.000000 0.000000 0.000000 0.000000 0.000000
    110 0.000000 0.000000 0.000000 0.000000 0.000000 0.000000
    111 0.000000 0.000000 0.000000 0.000000 0.000000 -1.570796
    112 -0.531266 -2.472732 -1.082064 0.042728 0.212820 -1.434108
    113 0.000000 0.000000 0.000000 0.000000 0.000000 0.000000
    114 0.804712 -2.152409 -3.312601 0.042864 0.212992 -1.434307
    115 0.000000 0.000000 0.000000 0.000000 0.000000 0.000000
    116 0.000000 0.000000 0.000000 0.000000 0.000000 0.000000
    117 0.000000 0.000000 0.000000 0.000000 0.000000 0.000000
    118 0.000000 0.000000 0.000000 0.000000 0.000000 0.000000
    119 0.000000 0.000000 0.000000 0.000000 0.000000 0.000000
    120 0.000000 0.000000 0.000000 0.000000 0.000000 0.000000
    121 0.000000 0.000000 0.000000 0.000000 0.000000 0.000000
    122 0.000000 0.000000 0.000000 0.000000 0.000000 0.000000
    123 0.000000 0.000000 0.000000 0.000000 0.000000 0.000000
    124 0.000000 0.000000 0.000000 0.000000 0.000000 0.000000
    125 0.000000 0.000000 0.000000 0.000000 0.000000 0.000000
    126 0.000000 0.000000 0.000000 0.000000 0.000000 0.000000
    127 0.000000 0.000000 0.000000 0.000000 0.000000 0.000000
    128 0.000000 0.000000 0.000000 0.000000 0.000000 0.000000
    129 0.000000 0.000000 0.000000 0.000000 0.000000 0.000000
    130 0.000000 0.000000 0.000000 0.000000 0.000000 0.000000
    131 0.000000 0.000000 0.000000 0.000000 0.000000 0.000000
    132 0.000000 0.000000 0.000000 0.000000 0.000000 0.000000
    133 0.000000 0.000000 0.000000 0.000000 0.000000 0.000000
    134 0.000000 0.000000 0.000000 0.000000 0.000000 0.000000
    135 0.000000 0.000000 0.000000 0.000000 0.000000 0.000000
    136 0.000000 0.000000 0.000000 0.000000 0.000000 0.000000
    137 0.000000 0.000000 0.000000 0.000000 0.000000 0.000000
    138 0.000000 0.000000 0.000000 0.000000 0.000000 0.000000
    139 11.004242 -0.929716 0.597674 -0.014151 -0.218897 -0.126657
    140 0.000000 0.000000 0.000000 0.000000 0.000000 0.000000
    141 0.000000 0.000000 0.000000 0.000000 0.000000 0.000000
    142 0.000000 0.000000 0.000000 0.000000 0.000000 0.000000
    143 0.000000 0.000000 0.000000 0.000000 0.000000 0.000000
    144 0.000000 0.000000 0.000000 0.000000 0.000000 0.000000
    145 0.000000 0.000000 0.000000 0.000000 0.000000 0.000000
    146 0.000000 0.000000 0.000000 0.000000 0.000000 0.000000
    147 0.000000 0.000000 0.000000 0.000000 0.000000 0.000000
    148 0.000000 0.000000 0.000000 0.000000 0.000000 0.000000
    149 0.000000 0.000000 0.000000 0.000000 0.000000 0.000000
    150 0.000000 0.000000 0.000000 0.000000 0.000000 0.000000
    151 0.000000 0.000000 0.000000 0.000000 0.000000 0.000000
    152 0.000000 0.000000 0.000000 0.000000 0.000000 0.000000
    153 0.000000 0.000000 0.000000 0.000000 0.000000 0.000000
    154 0.000000 0.000000 0.000000 0.000000 0.000000 0.000000
    155 0.000000 0.000000 0.000000 0.000000 0.000000 0.000000
    156 0.000000 0.000000 0.000000 0.000000 0.000000 0.000000
    157 0.000000 0.000000 0.000000 0.000000 0.000000 0.000000
    158 0.000000 0.000000 0.000000 0.000000 0.000000 0.000000
    159 0.000000 0.000000 0.000000 0.000000 0.000000 0.000000
    160 0.000000 0.000000 0.000000 0.000000 0.000000 0.000000
    161 0.000000 0.000000 0.000000 0.000000 0.000000 0.000000
    162 0.000000 0.000000 0.000000 0.000000 0.000000 0.000000
    163 0.000000 0.000000 0.000000 0.000000 0.000000 0.000000
    164 0.000000 0.000000 0.000000 0.000000 0.000000 0.000000
    165 0.000000 0.000000 0.000000 0.000000 0.000000 0.000000
    166 0.000000 0.000000 0.000000 0.000000 0.000000 0.000000
    167 0.000000 0.000000 0.000000 0.000000 0.000000 0.000000
    168 0.000000 0.000000 0.000000 0.000000 0.000000 0.000000
    169 0.000000 0.000000 0.000000 0.000000 0.000000 0.000000
    170 0.000000 0.000000 0.000000 0.000000 0.000000 0.000000
    171 0.000000 0.000000 0.000000 0.000000 0.000000 0.000000
    172 0.000000 0.000000 0.000000 0.000000 0.000000 0.000000
    173 0.000000 0.000000 0.000000 0.000000 0.000000 0.000000
    174 0.000000 0.000000 0.000000 0.000004 -0.000689 0.000000
    175 0.000000 0.000000 0.000000 0.000000 0.000000 0.000000
    176 0.000000 0.000000 0.000000 0.000000 0.000000 0.000000
    177 0.000000 0.000000 0.000000 0.000000 0.000000 0.000000
    178 0.000000 0.000000 0.000000 0.000000 0.000000 0.000000
    179 0.000000 0.000000 0.000000 0.000000 0.000000 0.000000
    180 0.000000 0.000000 0.000000 0.000000 0.000000 0.000000
    181 0.000000 0.000000 0.000000 0.000000 0.000000 0.000000
    182 0.000000 0.000000 0.000000 0.000000 0.000000 0.000000
    183 0.000000 0.000000 0.000000 0.000000 0.000000 0.000000
    184 0.000000 0.000000 0.000000 0.000000 0.000000 0.000000
    185 0.000000 0.000000 0.000000 0.000000 0.000000 0.000000
    186 0.000000 0.000000 0.000000 0.000000 0.000000 0.000000
    187 0.000000 0.000000 0.000000 0.000000 0.000000 0.000000
    188 0.000000 0.000000 0.000000 0.000000 0.000000 0.000000
    189 0.000000 0.000000 0.000000 0.000000 0.000000 0.000000
    190 0.000000 0.000000 0.000000 0.000000 0.000000 0.000000
    191 0.000000 0.000000 0.000000 0.045637 0.000000 -0.000048
    192 0.000000 0.000000 0.000000 0.000000 0.000000 0.000000
    193 0.000000 0.000000 0.000000 0.000000 0.000000 0.000000
    194 0.000000 0.000000 0.000000 0.000000 -0.000012 -0.000032
    195 1.953185 1.832087 -1.812555 0.298595 0.345553 0.130732
    196 0.000000 0.000000 0.000000 0.000000 0.000000 0.000000
    197 0.000000 0.000000 0.000000 0.000000 0.000000 0.000000
    198 0.000000 0.000000 0.000000 0.000000 0.000000 0.000000
    199 0.000000 0.000000 0.000000 0.000000 0.000000 0.000000
    200 0.000000 0.000000 0.000000 0.000000 0.000000 0.000000
    201 0.000000 0.000000 0.000000 0.000000 0.000000 0.000000
    202 0.000000 0.000000 0.000000 0.000000 0.000000 0.000000
    203 0.000000 0.000000 0.000000 0.000000 0.000000 0.000000
    204 0.000000 0.000000 0.000000 0.000000 0.000000 0.000000
    205 0.109378 0.128910 0.097659 -0.029799 -0.001382 -0.024243
    206 0.000000 0.000000 0.000000 0.058980 0.000000 0.000000
    207 0.000000 0.000000 0.000000 0.000000 0.000000 0.000000
    208 0.000000 0.000000 0.000000 0.000000 0.000000 0.000000
    209 0.000000 0.000000 0.000000 0.000000 -0.000012 0.000048
    210 0.000000 0.000000 0.000000 0.000000 0.000000 0.000000
    211 0.000000 0.000000 0.000000 0.000000 0.000000 0.000000
    212 0.000000 0.000000 0.000000 0.000000 0.000000 0.000000
    213 0.000000 0.000000 0.000000 0.000000 0.000000 0.000000
    214 0.000000 0.000000 0.000000 0.000000 0.000000 0.000000
    215 0.000000 0.000000 0.000000 0.000000 0.000000 0.000000
    216 0.000000 0.000000 0.000000 0.000000 0.000000 0.000000
    217 0.000000 0.000000 0.000000 0.000000 0.000000 0.000000
    218 0.000000 0.000000 0.000000 0.000000 0.000000 0.000000
    219 0.000000 0.000000 0.000000 0.000000 0.000000 0.000000
    220 0.000000 0.000000 0.000000 0.000000 0.000000 0.000000
    221 0.000000 0.000000 0.000000 0.000000 0.000000 0.000000
    222 0.000000 0.000000 0.000000 0.000000 0.000000 0.000000
    223 0.000000 0.000000 0.000000 0.000000 0.000000 0.000000
    224 0.000000 0.000000 0.000000 0.000000 0.000000 0.000000
    225 0.000000 0.000000 0.000000 0.000000 0.000000 0.000000
    226 0.000000 0.000000 0.000000 0.000000 0.000000 0.000000
    227 2.144597 0.812525 -3.304788 0.042728 0.212879 0.136594
    228 0.000000 0.000000 0.000000 0.000000 0.000000 0.000000
    229 0.000000 0.000000 0.000000 0.000000 0.000000 0.000000
    230 0.000000 0.000000 0.000000 0.014382 0.023034 0.003883
    231 0.000000 0.000000 0.000000 0.000000 0.000000 0.000000
    232 0.000000 0.000000 0.000000 0.000000 0.000000 0.000000
    233 0.000000 0.000000 0.000000 0.000000 0.000000 0.000000
    234 0.000000 0.000000 0.000000 0.000000 0.000000 -1.570796
    235 0.000000 0.000000 0.000000 0.000000 0.000000 0.000000
    236 0.000000 0.000000 0.000000 0.000000 0.000000 0.000000
    237 0.000000 0.000000 0.000000 0.000000 0.000000 0.000000
    238 0.000000 0.000000 0.000000 0.000000 0.000000 0.000000
    239 0.000000 0.000000 0.000000 0.000000 0.000000 0.000000
    240 0.000000 0.000000 0.000000 0.000000 0.000000 0.000000
    241 0.000000 0.000000 0.000000 0.000000 0.000000 0.000000
    242 0.000000 0.000000 0.000000 0.000000 0.000000 0.000000
    243 0.000000 0.000000 0.000000 0.000000 0.000000 0.000000
    244 0.000000 0.000000 0.000000 0.000000 0.000000 0.000000
    245 0.000000 0.000000 0.000000 0.000000 0.000000 0.000000
    246 0.000000 0.000000 0.000000 0.000000 0.000000 -1.570796
  time 6
    0 0.000000 0.000000 0.000000 0.000000 0.000000 -1.570796
    1 0.000000 0.000000 0.000000 0.000000 0.000000 0.000000
    2 0.000000 0.000000 0.000000 0.000000 0.000000 0.000000
    3 0.000000 0.000000 0.000000 0.000000 0.000000 0.000000
    4 0.000000 0.000000 0.000000 0.000000 0.000000 0.000000
    5 0.000000 0.000000 0.000000 0.000000 0.000000 0.000000
    6 0.000000 0.000000 0.000000 0.000000 0.000000 0.000000
    7 0.000000 0.000000 0.000000 0.000000 0.000000 0.000000
    8 0.000000 0.000000 0.000000 0.000000 0.000000 0.000000
    9 0.000000 0.000000 0.000000 -0.016251 -0.020209 -0.007107
    10 0.000000 0.000000 0.000000 0.000000 0.000000 0.000000
    11 0.000000 0.000000 0.000000 0.025345 0.043493 -0.050462
    12 0.000000 0.000000 0.000000 0.000000 0.000000 0.000000
    13 0.000000 0.000000 0.000000 0.015241 0.000000 0.000000
    14 0.000000 0.000000 0.000000 0.000084 -0.000012 0.177055
    15 0.000000 0.000000 0.000000 0.000000 0.000000 0.000000
    16 0.000000 0.000000 0.000000 -0.031456 -0.000012 0.000000
    17 0.000000 0.000000 0.000000 0.000084 0.000072 0.223250
    18 0.000000 0.000000 0.000000 0.000000 0.000000 0.000000
    19 0.000000 0.000000 0.000000 -0.000907 -0.000024 0.000000
    20 -0.132817 0.070315 0.000000 0.000000 0.000000 -0.088540
    21 0.000000 0.000000 0.000000 0.007027 0.021858 0.012181
    22 0.000000 0.000000 0.000000 0.000000 0.000000 0.000000
    23 0.000000 0.000000 0.000000 0.226580 0.000000 0.000060
    24 -0.203131 0.070315 0.000000 -0.000108 0.000036 -0.111614
    25 0.000000 0.000000 0.000000 0.160334 -0.163216 -0.096237
    26 0.000000 0.000000 0.000000 0.000000 0.000000 0.000000
    27 0.000000 0.000000 0.000000 0.000000 -0.000024 0.000084
    28 0.000000 0.000000 0.000000 0.000000 0.000000 0.000000
    29 0.000000 0.000000 0.000000 0.000053 0.000018 0.000096
    30 0.000000 0.000000 0.000000 0.000161 -0.023586 0.000000
    31 0.000000 0.000000 0.000000 0.129478 0.078581 -0.029472
    32 0.000000 0.000000 0.000000 0.000000 0.000000 0.000000
    33 0.000000 0.000000 0.000000 0.000000 -0.000060 0.000060
    34 0.000000 0.000000 0.000000 -0.000051 0.000024 0.000084
    35 0.000000 0.000000 0.000000 0.000000 0.000036 0.000084
    36 0.000000 0.000000 0.000000 0.000054 0.000024 0.000024
    37 0.000000 0.000000 0.000000 -0.000033 -0.000041 0.000036
    38 0.000000 0.000000 0.000000 0.000000 0.000000 0.000000
    39 0.000000 0.000000 0.000000 -0.040343 0.188320 -0.200350
    40 0.000000 0.000000 0.000000 0.032241 -0.044128 -0.543016
    41 0.000000 0.000000 0.000000 -0.443895 -0.396800 0.506002
    42 0.000000 0.000000 0.000000 0.000000 0.000000 0.000000
    43 0.000000 0.000000 0.000000 -0.058893 -0.117743 -0.190036
    44 0.000000 0.000000 0.000000 0.196966 0.155970 -0.055766
    45 0.000000 0.000000 0.027345 0.000000 0.000000 0.000000
    46 0.000000 0.000000 0.000000 0.000000 0.000000 0.000000
    47 0.000000 0.000000 0.000000 0.000036 0.000000 0.000000
    48 0.000000 0.000000 0.000000 0.000016 -0.000012 0.000064
    49 0.000000 0.000000 0.000000 0.000000 -0.000096 0.000000
    50 0.000000 0.000000 0.000000 0.000000 0.000000 0.000000
    51 0.000000 0.000000 0.000000 -0.000056 0.000000 0.000000
    52 0.000000 0.000000 0.000000 0.000027 -0.000024 -0.000034
    53 0.000000 0.000000 0.000000 0.000000 0.000000 0.000000
    54 0.000000 0.000000 0.000000 0.000000 0.000000 0.000000
    55 0.000000 0.000000 0.000000 -0.000060 0.000000 -0.156050
    56 0.000000 0.000000 0.000000 0.000000 0.000000 0.000000
    57 0.000000 0.000000 0.000000 0.000000 0.000000 0.000000
    58 0.000000 0.000000 0.000000 0.000000 0.000000 0.000000
    59 0.000000 0.000000 0.000000 0.015340 -0.001546 -0.803023
    60 0.000000 0.000000 0.000000 0.000000 0.000000 0.000000
    61 0.000000 0.000000 0.000000 0.000000 0.000000 0.000000
    62 0.000000 0.000000 0.000000 -0.015700 -0.003847 -0.519818
    63 0.000000 0.000000 0.000000 0.000000 0.000000 0.000000
    64 0.000000 0.000000 0.000000 0.000000 0.000000 0.000000
    65 0.000000 0.000000 0.000000 -0.003032 0.021680 -0.928538
    66 0.000000 0.000000 0.000000 0.000000 0.000000 0.000000
    67 0.000000 0.000000 0.000000 0.000000 0.000000 0.000000
    68 0.000000 0.000000 0.000000 0.000000 0.000000 -0.718399
    69 0.000000 0.000000 0.000000 0.000000 0.000000 0.000000
    70 0.000000 0.000000 0.000000 0.000060 -0.000060 0.000000
    71 0.000000 0.000000 0.000000 0.000000 0.000000 0.000000
    72 0.000000 0.000000 0.000000 0.000000 0.000000 0.000000
    73 0.000000 0.000000 0.000000 0.000000 0.000000 0.000000
    74 0.000000 0.000000 0.000000 0.000000 -0.000048 -0.000043
    75 0.000000 0.000000 0.000000 0.000000 0.000000 0.000000
    76 0.000000 0.000000 0.000000 0.000000 0.000000 0.000000
    77 0.000000 0.000000 0.000000 -0.000036 0.000012 0.000000
    78 0.000000 0.000000 0.000000 0.000000 0.000000 0.000000
    79 0.000000 0.000000 0.000000 0.000000 0.000000 0.000000
    80 0.000000 0.000000 0.000000 -0.000012 0.000048 0.000035
    81 0.000000 0.000000 0.000000 0.000000 0.000000 0.000000
    82 0.000000 0.000000 0.000000 0.000000 0.000000 0.000000
    83 0.000000 0.000000 0.000000 0.000000 0.000000 -0.000033
    84 0.000000 0.000000 0.000000 0.000000 0.000000 0.000000
    85 0.000000 0.000000 0.000000 0.000096 0.000072 -0.705827
    86 0.000000 0.000000 0.000000 0.000000 0.000000 0.000000
    87 0.000000 0.000000 0.000000 0.003991 0.017294 -0.369086
    88 0.000000 0.000000 0.000000 0.000000 0.000000 0.000000
    89 0.000000 0.000000 0.000000 -0.014382 0.009216 -0.764048
    90 0.000000 0.000000 0.000000 0.000000 0.000000 0.000000
    91 0.000000 0.000000 0.000000 0.000000 0.000000 -0.339902
    92 0.000000 0.000000 0.000000 0.000000 0.000000 0.000000
    93 0.000000 0.000000 0.000000 0.000000 0.000000 0.000000
    94 0.000000 0.000000 0.000000 0.000000 0.000000 0.000000
    95 0.000000 0.000000 0.000000 0.000000 0.000000 0.000000
    96 0.000000 0.000000 0.000000 -0.000012 -0.000036 0.000000
    97 0.000000 0.000000 0.000000 0.000000 0.000000 0.000000
    98 0.000000 0.000000 0.000000 0.000000 0.000000 0.000000
    99 0.000000 0.000000 0.000000 0.000000 0.000000 0.000000
    100 0.000000 0.000000 0.000000 0.000036 -0.000012 0.000000
    101 0.000000 0.000000 0.000000 0.000000 0.000000 0.000000
    102 0.000000 0.000000 0.000000 0.000000 0.000000 0.000000
    103 0.000000 0.000000 0.000000 0.000000 0.000000 0.000000
    104 0.000000 0.000000 0.000000 0.000000 0.000000 0.000000
    105 0.000000 0.000000 0.000000 0.000000 0.000000 0.000000
    106 0.000000 0.000000 0.000000 0.000000 0.000000 0.000000
    107 0.000000 0.000000 0.000000 0.000000 0.000000 0.000000
    108 0.000000 0.000000 0.000000 0.000000 0.000000 0.000000
    109 0.000000 0.000000 0.000000 0.000000 0.000000 0.000000
    110 0.000000 0.000000 0.000000 0.000000 0.000000 0.000000
    111 0.000000 0.000000 0.000000 0.000000 0.000000 -1.570796
    112 -0.531266 -2.394604 -0.843776 0.097076 0.108720 -1.473921
    113 0.000000 0.000000 0.000000 0.000000 0.000000 0.000000
    114 0.429701 -2.289132 -1.972716 0.095777 0.108084 -1.474769
    115 0.000000 0.000000 0.000000 0.000000 0.000000 0.000000
    116 0.000000 0.000000 0.000000 0.000000 0.000000 0.000000
    117 0.000000 0.000000 0.000000 0.000000 0.000000 0.000000
    118 0.000000 0.000000 0.000000 0.000000 0.000000 0.000000
    119 0.000000 0.000000 0.000000 0.000000 0.000000 0.000000
    120 0.000000 0.000000 0.000000 0.000000 0.000000 0.000000
    121 0.000000 0.000000 0.000000 0.000000 0.000000 0.000000
    122 0.000000 0.000000 0.000000 0.000000 0.000000 0.000000
    123 0.000000 0.000000 0.000000 0.000000 0.000000 0.000000
    124 0.000000 0.000000 0.000000 0.000000 0.000000 0.000000
    125 0.000000 0.000000 0.000000 0.000000 0.000000 0.000000
    126 0.000000 0.000000 0.000000 0.000000 0.000000 0.000000
    127 0.000000 0.000000 0.000000 0.000000 0.000000 0.000000
    128 0.000000 0.000000 0.000000 0.000000 0.000000 0.000000
    129 0.000000 0.000000 0.000000 0.000000 0.000000 0.000000
    130 0.000000 0.000000 0.000000 0.000000 0.000000 0.000000
    131 0.000000 0.000000 0.000000 0.000000 0.000000 0.000000
    132 0.000000 0.000000 0.000000 0.000000 0.000000 0.000000
    133 0.000000 0.000000 0.000000 0.000000 0.000000 0.000000
    134 0.000000 0.000000 0.000000 0.000000 0.000000 0.000000
    135 0.000000 0.000000 0.000000 0.000000 0.000000 0.000000
    136 0.000000 0.000000 0.000000 0.000000 0.000000 0.000000
    137 0.000000 0.000000 0.000000 0.000000 0.000000 0.000000
    138 0.000000 0.000000 0.000000 0.000000 0.000000 0.000000
    139 4.625141 -4.578265 0.117191 -0.086711 -0.118646 -0.084406
    140 0.000000 0.000000 0.000000 0.000000 0.000000 0.000000
    141 0.000000 0.000000 0.000000 0.000000 0.000000 0.000000
    142 0.000000 0.000000 0.000000 0.000000 0.000000 0.000000
    143 0.000000 0.000000 0.000000 0.000000 0.000000 0.000000
    144 0.000000 0.000000 0.000000 0.000000 0.000000 0.000000
    145 0.000000 0.000000 0.000000 0.000000 0.000000 0.000000
    146 0.000000 0.000000 0.000000 0.000000 0.000000 0.000000
    147 0.000000 0.000000 0.000000 0.000000 0.000000 0.000000
    148 0.000000 0.000000 0.000000 0.000000 0.000000 0.000000
    149 0.000000 0.000000 0.000000 0.000000 0.000000 0.000000
    150 0.000000 0.000000 0.000000 0.000000 0.000000 0.000000
    151 0.000000 0.000000 0.000000 0.000000 0.000000 0.000000
    152 0.000000 0.000000 0.000000 0.000000 0.000000 0.000000
    153 0.000000 0.000000 0.000000 0.000000 0.000000 0.000000
    154 0.000000 0.000000 0.000000 0.000000 0.000000 0.000000
    155 0.000000 0.000000 0.000000 0.000000 0.000000 0.000000
    156 0.000000 0.000000 0.000000 0.000000 0.000000 0.000000
    157 0.000000 0.000000 0.000000 0.000000 0.000000 0.000000
    158 0.000000 0.000000 0.000000 0.000000 0.000000 0.000000
    159 0.000000 0.000000 0.000000 0.000000 0.000000 0.000000
    160 0.000000 0.000000 0.000000 0.000000 0.000000 0.000000
    161 0.000000 0.000000 0.000000 0.000000 0.000000 0.000000
    162 0.000000 0.000000 0.000000 0.000000 0.000000 0.000000
    163 0.000000 0.000000 0.000000 0.000000 0.000000 0.000000
    164 0.000000 0.000000 0.000000 0.000000 0.000000 0.000000
    165 0.000000 0.000000 0.000000 0.000000 0.000000 0.000000
    166 0.000000 0.000000 0.000000 0.000000 0.000000 0.000000
    167 0.000000 0.000000 0.000000 0.000000 0.000000 0.000000
    168 0.000000 0.000000 0.000000 0.000000 0.000000 0.000000
    169 0.000000 0.000000 0.000000 0.000000 0.000000 0.000000
    170 0.000000 0.000000 0.000000 0.000000 0.000000 0.000000
    171 0.000000 0.000000 0.000000 0.000000 0.000000 0.000000
    172 0.000000 0.000000 0.000000 0.000000 0.000000 0.000000
    173 0.000000 0.000000 0.000000 0.000000 0.000000 0.000000
    174 0.000000 0.000000 0.000000 0.000004 -0.000689 0.000000
    175 0.000000 0.000000 0.000000 0.000000 0.000000 0.000000
    176 0.000000 0.000000 0.000000 0.000000 0.000000 0.000000
    177 0.000000 0.000000 0.000000 0.000000 0.000000 0.000000
    178 0.000000 0.000000 0.000000 0.000000 0.000000 0.000000
    179 0.000000 0.000000 0.000000 0.000000 0.000000 0.000000
    180 0.000000 0.000000 0.000000 0.000000 0.000000 0.000000
    181 0.000000 0.000000 0.000000 0.000000 0.000000 0.000000
    182 0.000000 0.000000 0.000000 0.000000 0.000000 0.000000
    183 0.000000 0.000000 0.000000 0.000000 0.000000 0.000000
    184 0.000000 0.000000 0.000000 0.000000 0.000000 0.000000
    185 0.000000 0.000000 0.000000 0.000000 0.000000 0.000000
    186 0.000000 0.000000 0.000000 0.000000 0.000000 0.000000
    187 0.000000 0.000000 0.000000 0.000000 0.000000 0.000000
    188 0.000000 0.000000 0.000000 0.000000 0.000000 0.000000
    189 0.000000 0.000000 0.000000 0.000000 0.000000 0.000000
    190 0.000000 0.000000 0.000000 0.000000 0.000000 0.000000
    191 0.000000 0.000000 0.000000 -0.001204 0.000000 -0.000048
    192 0.000000 0.000000 0.000000 0.000000 0.000000 0.000000
    193 0.000000 0.000000 0.000000 0.000000 0.000000 0.000000
    194 0.000000 0.000000 0.000000 0.000000 -0.000012 -0.000032
    195 0.000000 0.000000 0.000000 0.000096 0.000000 0.000000
    196 0.000000 0.000000 0.000000 0.000000 0.000000 0.000000
    197 0.000000 0.000000 0.000000 0.000000 0.000000 0.000000
    198 0.000000 0.000000 0.000000 0.000000 0.000000 0.000000
    199 0.000000 0.000000 0.000000 0.000000 0.000000 0.000000
    200 0.000000 0.000000 0.000000 0.000000 0.000000 0.000000
    201 0.000000 0.000000 0.000000 0.000000 0.000000 0.000000
    202 0.000000 0.000000 0.000000 0.000000 0.000000 0.000000
    203 0.000000 0.000000 0.000000 0.000000 0.000000 0.000000
    204 0.000000 0.000000 0.000000 0.000000 0.000000 0.000000
    205 0.000000 0.000000 0.000000 0.000000 0.000000 0.000000
    206 0.000000 0.000000 0.000000 0.113241 0.000000 0.000000
    207 0.000000 0.000000 0.000000 0.000000 0.000000 0.000000
    208 0.000000 0.000000 0.000000 0.000000 0.000000 0.000000
    209 0.000000 0.000000 0.000000 0.000000 -0.000012 0.000032
    210 0.000000 0.000000 0.000000 0.000000 0.000000 0.000000
    211 0.000000 0.000000 0.000000 0.000000 0.000000 0.000000
    212 0.000000 0.000000 0.000000 0.000000 0.000000 0.000000
    213 0.000000 0.000000 0.000000 0.000000 0.000000 0.000000
    214 0.000000 0.000000 0.000000 0.000000 0.000000 0.000000
    215 0.000000 0.000000 0.000000 0.000000 0.000000 0.000000
    216 0.000000 0.000000 0.000000 0.000000 0.000000 0.000000
    217 0.000000 0.000000 0.000000 0.000000 0.000000 0.000000
    218 0.000000 0.000000 0.000000 0.000000 0.000000 0.000000
    219 0.000000 0.000000 0.000000 0.000000 0.000000 0.000000
    220 0.000000 0.000000 0.000000 0.000000 0.000000 0.000000
    221 0.000000 0.000000 0.000000 0.000000 0.000000 0.000000
    222 0.000000 0.000000 0.000000 0.000000 0.000000 0.000000
    223 0.000000 0.000000 0.000000 0.000000 0.000000 0.000000
    224 0.000000 0.000000 0.000000 0.000000 0.000000 0.000000
    225 0.000000 0.000000 0.000000 0.000000 0.000000 0.000000
    226 0.000000 0.000000 0.000000 0.000000 0.000000 0.000000
    227 2.281320 0.449232 -1.992248 0.097076 0.108749 0.096875
    228 0.000000 0.000000 0.000000 0.000000 0.000000 0.000000
    229 0.000000 0.000000 0.000000 0.000000 0.000000 0.000000
    230 0.000000 0.000000 0.000000 0.010642 0.018648 0.003236
    231 0.000000 0.000000 0.000000 0.000000 0.000000 0.000000
    232 0.000000 0.000000 0.000000 0.000000 0.000000 0.000000
    233 0.000000 0.000000 0.000000 0.000000 0.000000 0.000000
    234 0.000000 0.000000 0.000000 0.000000 0.000000 -1.570796
    235 0.000000 0.000000 0.000000 0.000000 0.000000 0.000000
    236 0.000000 0.000000 0.000000 0.000000 0.000000 0.000000
    237 0.000000 0.000000 0.000000 0.000000 0.000000 0.000000
    238 0.000000 0.000000 0.000000 0.000000 0.000000 0.000000
    239 0.000000 0.000000 0.000000 0.000000 0.000000 0.000000
    240 0.000000 0.000000 0.000000 0.000000 0.000000 0.000000
    241 0.000000 0.000000 0.000000 0.000000 0.000000 0.000000
    242 0.000000 0.000000 0.000000 0.000000 0.000000 0.000000
    243 0.000000 0.000000 0.000000 0.000000 0.000000 0.000000
    244 0.000000 0.000000 0.000000 0.000000 0.000000 0.000000
    245 0.000000 0.000000 0.000000 0.000000 0.000000 0.000000
    246 0.000000 0.000000 0.000000 0.000000 0.000000 -1.570796
  time 7
    0 0.000000 0.000000 0.000000 0.000000 0.000000 -1.570796
    1 0.000000 0.000000 0.000000 0.000000 0.000000 0.000000
    2 0.000000 0.000000 0.000000 0.000000 0.000000 0.000000
    3 0.000000 0.000000 0.000000 0.000000 0.000000 0.000000
    4 0.000000 0.000000 0.000000 0.000000 0.000000 0.000000
    5 0.000000 0.000000 0.000000 0.000000 0.000000 0.000000
    6 0.000000 0.000000 0.000000 0.000000 0.000000 0.000000
    7 0.000000 0.000000 0.000000 0.000000 0.000000 0.000000
    8 0.000000 0.000000 0.000000 0.000000 0.000000 0.000000
    9 0.000000 0.000000 0.000000 -0.013765 -0.071371 -0.038579
    10 0.000000 0.000000 0.000000 0.000000 0.000000 0.000000
    11 0.000000 0.000000 0.000000 0.017894 0.025042 -0.071662
    12 0.000000 0.000000 0.000000 0.000000 0.000000 0.000000
    13 0.000000 0.000000 0.000000 0.025023 0.000000 0.000000
    14 0.000000 0.000000 0.000000 0.000036 -0.000048 0.190710
    15 0.000000 0.000000 0.000000 0.000000 0.000000 0.000000
    16 0.000000 0.000000 0.000000 -0.032247 -0.000036 0.000000
    17 0.000000 0.000000 0.000000 0.000036 -0.000048 0.242810
    18 0.000000 0.000000 0.000000 0.000000 0.000000 0.000000
    19 0.000000 0.000000 0.000000 0.024893 0.000000 0.000000
    20 -0.128910 0.066408 0.000000 0.000012 0.000048 -0.095400
    21 0.000000 0.000000 0.000000 0.058817 0.079867 -0.008337
    22 0.000000 0.000000 0.000000 0.000000 0.000000 0.000000
    23 0.000000 0.000000 0.000000 0.300680 -0.000060 0.000036
    24 -0.230476 0.082034 0.000000 -0.000072 -0.000036 -0.121377
    25 0.000000 0.000000 0.000000 0.229697 -0.073791 -0.123763
    26 0.000000 0.000000 0.000000 0.000000 0.000000 0.000000
    27 0.000000 0.000000 0.000000 0.000000 -0.000024 0.000072
    28 0.000000 0.000000 0.000000 0.000000 0.000000 0.000000
    29 0.000000 0.000000 0.000000 0.000053 0.000018 0.000084
    30 0.000000 0.000000 0.000000 0.000054 -0.008102 -0.000024
    31 0.000000 0.000000 0.000000 0.045572 0.023481 -0.006813
    32 0.000000 0.000000 0.000000 0.000000 0.000000 0.000000
    33 0.000000 0.000000 0.000000 0.000000 -0.000048 0.000060
    34 0.000000 0.000000 0.000000 -0.000051 0.000024 0.000072
    35 0.000000 0.000000 0.000000 0.000000 0.000024 0.000072
    36 0.000000 0.000000 0.000000 0.000054 0.000024 0.000024
    37 0.000000 0.000000 0.000000 -0.000033 -0.000041 0.000036
    38 0.000000 0.000000 0.000000 0.000000 0.000000 0.000000
    39 0.000000 0.000000 0.000000 -0.012937 0.066882 -0.068372
    40 0.000000 0.000000 0.000000 0.012481 -0.016306 -0.189987
    41 0.000000 0.000000 0.000000 -0.151784 -0.145365 0.158771
    42 0.000000 0.000000 0.000000 0.000000 0.000000 0.000000
    43 0.000000 0.000000 0.000000 -0.020608 -0.041339 -0.066356
    44 0.000000 0.000000 0.000000 0.067463 0.051468 -0.019122
    45 0.000000 0.000000 0.019532 0.000000 0.000000 0.000000
    46 0.000000 0.000000 0.000000 0.000000 0.000000 0.000000
    47 0.000000 0.000000 0.000000 0.000036 0.000000 0.000000
    48 0.000000 0.000000 0.000000 0.000016 -0.000012 0.000032
    49 0.000000 0.000000 0.000000 0.000000 -0.000084 0.000000
    50 0.000000 0.000000 0.000000 0.000000 0.000000 0.000000
    51 0.000000 0.000000 0.000000 -0.000042 0.000000 0.000000
    52 0.000000 0.000000 0.000000 0.000013 -0.000024 -0.000034
    53 0.000000 0.000000 0.000000 0.000000 0.000000 0.000000
    54 0.000000 0.000000 0.000000 0.000000 0.000000 0.000000
    55 0.000000 0.000000 0.000000 -0.000060 0.000000 -0.054549
    56 0.000000 0.000000 0.000000 0.000000 0.000000 0.000000
    57 0.000000 0.000000 0.000000 0.000000 0.000000 0.000000
    58 0.000000 0.000000 0.000000 0.000000 0.000000 0.000000
    59 0.000000 0.000000 0.000000 0.005669 -0.001786 -0.281077
    60 0.000000 0.000000 0.000000 0.000000 0.000000 0.000000
    61 0.000000 0.000000 0.000000 0.000000 0.000000 0.000000
    62 0.000000 0.000000 0.000000 -0.006052 -0.001139 -0.181892
    63 0.000000 0.000000 0.000000 0.000000 0.000000 0.000000
    64 0.000000 0.000000 0.000000 0.000000 0.000000 0.000000
    65 0.000000 0.000000 0.000000 0.000324 0.009612 -0.324859
    66 0.000000 0.000000 0.000000 0.000000 0.000000 0.000000
    67 0.000000 0.000000 0.000000 0.000000 0.000000 0.000000
    68 0.000000 0.000000 0.000000 0.000000 0.000000 -0.251404
    69 0.000000 0.000000 0.000000 0.000000 0.000000 0.000000
    70 0.000000 0.000000 0.000000 0.000060 -0.000048 0.000000
    71 0.000000 0.000000 0.000000 0.000000 0.000000 0.000000
    72 0.000000 0.000000 0.000000 0.000000 0.000000 0.000000
    73 0.000000 0.000000 0.000000 0.000000 0.000000 0.000000
    74 0.000000 0.000000 0.000000 0.000000 -0.000048 -0.000043
    75 0.000000 0.000000 0.000000 0.000000 0.000000 0.000000
    76 0.000000 0.000000 0.000000 0.000000 0.000000 0.000000
    77 0.000000 0.000000 0.000000 -0.000024 0.000012 0.000000
    78 0.000000 0.000000 0.000000 0.000000 0.000000 0.000000
    79 0.000000 0.000000 0.000000 0.000000 0.000000 0.000000
    80 0.000000 0.000000 0.000000 -0.000012 0.000048 0.000035
    81 0.000000 0.000000 0.000000 0.000000 0.000000 0.000000
    82 0.000000 0.000000 0.000000 0.000000 0.000000 0.000000
    83 0.000000 0.000000 0.000000 0.000000 0.000000 -0.000033
    84 0.000000 0.000000 0.000000 0.000000 0.000000 0.000000
    85 0.000000 0.000000 0.000000 0.000060 0.000048 -0.247008
    86 0.000000 0.000000 0.000000 0.000000 0.000000 0.000000
    87 0.000000 0.000000 0.000000 0.001618 0.006316 -0.129180
    88 0.000000 0.000000 0.000000 0.000000 0.000000 0.000000
    89 0.000000 0.000000 0.000000 -0.005513 0.004458 -0.267389
    90 0.000000 0.000000 0.000000 0.000000 0.000000 0.000000
    91 0.000000 0.000000 0.000000 0.000000 0.000000 -0.118951
    92 0.000000 0.000000 0.000000 0.000000 0.000000 0.000000
    93 0.000000 0.000000 0.000000 0.000000 0.000000 0.000000
    94 0.000000 0.000000 0.000000 0.000000 0.000000 0.000000
    95 0.000000 0.000000 0.000000 0.000000 0.000000 0.000000
    96 0.000000 0.000000 0.000000 -0.000012 -0.000024 0.000000
    97 0.000000 0.000000 0.000000 0.000000 0.000000 0.000000
    98 0.000000 0.000000 0.000000 0.000000 0.000000 0.000000
    99 0.000000 0.000000 0.000000 0.000000 0.000000 0.000000
    100 0.000000 0.000000 0.000000 0.000024 -0.000012 0.000000
    101 0.000000 0.000000 0.000000 0.000000 0.000000 0.000000
    102 0.000000 0.000000 0.000000 0.000000 0.000000 0.000000
    103 0.000000 0.000000 0.000000 0.000000 0.000000 0.000000
    104 0.000000 0.000000 0.000000 0.000000 0.000000 0.000000
    105 0.000000 0.000000 0.000000 0.000000 0.000000 0.000000
    106 0.000000 0.000000 0.000000 0.000000 0.000000 0.000000
    107 0.000000 0.000000 0.000000 0.000000 0.000000 0.000000
    108 0.000000 0.000000 0.000000 0.000000 0.000000 0.000000
    109 0.000000 0.000000 0.000000 0.000000 0.000000 0.000000
    110 0.000000 0.000000 0.000000 0.000000 0.000000 0.000000
    111 0.000000 0.000000 0.000000 0.000000 0.000000 -1.570796
    112 -0.503922 -2.203192 -0.546892 0.151687 0.030346 -1.515040
    113 0.000000 0.000000 0.000000 0.000000 0.000000 0.000000
    114 0.062502 -2.187567 -0.878933 0.151639 0.030364 -1.515138
    115 0.000000 0.000000 0.000000 0.000000 0.000000 0.000000
    116 0.000000 0.000000 0.000000 0.000000 0.000000 0.000000
    117 0.000000 0.000000 0.000000 0.000000 0.000000 0.000000
    118 0.000000 0.000000 0.000000 0.000000 0.000000 0.000000
    119 0.000000 0.000000 0.000000 0.000000 0.000000 0.000000
    120 0.000000 0.000000 0.000000 0.000000 0.000000 0.000000
    121 0.000000 0.000000 0.000000 0.000000 0.000000 0.000000
    122 0.000000 0.000000 0.000000 0.000000 0.000000 0.000000
    123 0.000000 0.000000 0.000000 0.000000 0.000000 0.000000
    124 0.000000 0.000000 0.000000 0.000000 0.000000 0.000000
    125 0.000000 0.000000 0.000000 0.000000 0.000000 0.000000
    126 0.000000 0.000000 0.000000 0.000000 0.000000 0.000000
    127 0.000000 0.000000 0.000000 0.000000 0.000000 0.000000
    128 0.000000 0.000000 0.000000 0.000000 0.000000 0.000000
    129 0.000000 0.000000 0.000000 0.000000 0.000000 0.000000
    130 0.000000 0.000000 0.000000 0.000000 0.000000 0.000000
    131 0.000000 0.000000 0.000000 0.000000 0.000000 0.000000
    132 0.000000 0.000000 0.000000 0.000000 0.000000 0.000000
    133 0.000000 0.000000 0.000000 0.000000 0.000000 0.000000
    134 0.000000 0.000000 0.000000 0.000000 0.000000 0.000000
    135 0.000000 0.000000 0.000000 0.000000 0.000000 0.000000
    136 0.000000 0.000000 0.000000 0.000000 0.000000 0.000000
    137 0.000000 0.000000 0.000000 0.000000 0.000000 0.000000
    138 0.000000 0.000000 0.000000 0.000000 0.000000 0.000000
    139 -0.117191 -8.254158 0.324229 -0.149869 -0.039249 -0.049846
    140 0.000000 0.000000 0.000000 0.000000 0.000000 0.000000
    141 0.000000 0.000000 0.000000 0.000000 0.000000 0.000000
    142 0.000000 0.000000 0.000000 0.000000 0.000000 0.000000
    143 0.000000 0.000000 0.000000 0.000000 0.000000 0.000000
    144 0.000000 0.000000 0.000000 0.000000 0.000000 0.000000
    145 0.000000 0.000000 0.000000 0.000000 0.000000 0.000000
    146 0.000000 0.000000 0.000000 0.000000 0.000000 0.000000
    147 0.000000 0.000000 0.000000 0.000000 0.000000 0.000000
    148 0.000000 0.000000 0.000000 0.000000 0.000000 0.000000
    149 0.000000 0.000000 0.000000 0.000000 0.000000 0.000000
    150 0.000000 0.000000 0.000000 0.000000 0.000000 0.000000
    151 0.000000 0.000000 0.000000 0.000000 0.000000 0.000000
    152 0.000000 0.000000 0.000000 0.000000 0.000000 0.000000
    153 0.000000 0.000000 0.000000 0.000000 0.000000 0.000000
    154 0.000000 0.000000 0.000000 0.000000 0.000000 0.000000
    155 0.000000 0.000000 0.000000 0.000000 0.000000 0.000000
    156 0.000000 0.000000 0.000000 0.000000 0.000000 0.000000
    157 0.000000 0.000000 0.000000 0.000000 0.000000 0.000000
    158 0.000000 0.000000 0.000000 0.000000 0.000000 0.000000
    159 0.000000 0.000000 0.000000 0.000000 0.000000 0.000000
    160 0.000000 0.000000 0.000000 0.000000 0.000000 0.000000
    161 0.000000 0.000000 0.000000 0.000000 0.000000 0.000000
    162 0.000000 0.000000 0.000000 0.000000 0.000000 0.000000
    163 0.000000 0.000000 0.000000 0.000000 0.000000 0.000000
    164 0.000000 0.000000 0.000000 0.000000 0.000000 0.000000
    165 0.000000 0.000000 0.000000 0.000000 0.000000 0.000000
    166 0.000000 0.000000 0.000000 0.000000 0.000000 0.000000
    167 0.000000 0.000000 0.000000 0.000000 0.000000 0.000000
    168 0.000000 0.000000 0.000000 0.000000 0.000000 0.000000
    169 0.000000 0.000000 0.000000 0.000000 0.000000 0.000000
    170 0.000000 0.000000 0.000000 0.000000 0.000000 0.000000
    171 0.000000 0.000000 0.000000 0.000000 0.000000 0.000000
    172 0.000000 0.000000 0.000000 0.000000 0.000000 0.000000
    173 0.000000 0.000000 0.000000 0.000000 0.000000 0.000000
    174 0.000000 0.000000 0.000000 0.000004 -0.000689 0.000000
    175 0.000000 0.000000 0.000000 0.000000 0.000000 0.000000
    176 0.000000 0.000000 0.000000 0.000000 0.000000 0.000000
    177 0.000000 0.000000 0.000000 0.000000 0.000000 0.000000
    178 0.000000 0.000000 0.000000 0.000000 0.000000 0.000000
    179 0.000000 0.000000 0.000000 0.000000 0.000000 0.000000
    180 0.000000 0.000000 0.000000 0.000000 0.000000 0.000000
    181 0.000000 0.000000 0.000000 0.000000 0.000000 0.000000
    182 0.000000 0.000000 0.000000 0.000000 0.000000 0.000000
    183 0.000000 0.000000 0.000000 0.000000 0.000000 0.000000
    184 0.000000 0.000000 0.000000 0.000000 0.000000 0.000000
    185 0.000000 0.000000 0.000000 0.000000 0.000000 0.000000
    186 0.000000 0.000000 0.000000 0.000000 0.000000 0.000000
    187 0.000000 0.000000 0.000000 0.000000 0.000000 0.000000
    188 0.000000 0.000000 0.000000 0.000000 0.000000 0.000000
    189 0.000000 0.000000 0.000000 0.000000 0.000000 0.000000
    190 0.000000 0.000000 0.000000 0.000000 0.000000 0.000000
    191 0.000000 0.000000 0.000000 0.031082 0.000060 -0.000048
    192 0.000000 0.000000 0.000000 0.000000 0.000000 0.000000
    193 0.000000 0.000000 0.000000 0.000000 0.000000 0.000000
    194 0.000000 0.000000 0.000000 0.000000 -0.000012 -0.000032
    195 0.000000 0.000000 0.000000 0.000096 0.000000 0.000000
    196 0.000000 0.000000 0.000000 0.000000 0.000000 0.000000
    197 0.000000 0.000000 0.000000 0.000000 0.000000 0.000000
    198 0.000000 0.000000 0.000000 0.000000 0.000000 0.000000
    199 0.000000 0.000000 0.000000 0.000000 0.000000 0.000000
    200 0.000000 0.000000 0.000000 0.000000 0.000000 0.000000
    201 0.000000 0.000000 0.000000 0.000000 0.000000 0.000000
    202 0.000000 0.000000 0.000000 0.000000 0.000000 0.000000
    203 0.000000 0.000000 0.000000 0.000000 0.000000 0.000000
    204 0.000000 0.000000 0.000000 0.000000 0.000000 0.000000
    205 0.000000 0.000000 0.000000 0.000000 0.000000 0.000000
    206 0.000000 0.000000 0.000000 0.150289 0.000000 0.000000
    207 0.000000 0.000000 0.000000 0.000000 0.000000 0.000000
    208 0.000000 0.000000 0.000000 0.000000 0.000000 0.000000
    209 0.000000 0.000000 0.000000 0.000000 -0.000012 0.000032
    210 0.000000 0.000000 0.000000 0.000000 0.000000 0.000000
    211 0.000000 0.000000 0.000000 0.000000 0.000000 0.000000
    212 0.000000 0.000000 0.000000 0.000000 0.000000 0.000000
    213 0.000000 0.000000 0.000000 0.000000 0.000000 0.000000
    214 0.000000 0.000000 0.000000 0.000000 0.000000 0.000000
    215 0.000000 0.000000 0.000000 0.000000 0.000000 0.000000
    216 0.000000 0.000000 0.000000 0.000000 0.000000 0.000000
    217 0.000000 0.000000 0.000000 0.000000 0.000000 0.000000
    218 0.000000 0.000000 0.000000 0.000000 0.000000 0.000000
    219 0.000000 0.000000 0.000000 0.000000 0.000000 0.000000
    220 0.000000 0.000000 0.000000 0.000000 0.000000 0.000000
    221 0.000000 0.000000 0.000000 0.000000 0.000000 0.000000
    222 0.000000 0.000000 0.000000 0.000000 0.000000 0.000000
    223 0.000000 0.000000 0.000000 0.000000 0.000000 0.000000
    224 0.000000 0.000000 0.000000 0.000000 0.000000 0.000000
    225 0.000000 0.000000 0.000000 0.000000 0.000000 0.000000
    226 0.000000 0.000000 0.000000 0.000000 0.000000 0.000000
    227 2.183660 0.070315 -0.875027 0.151687 0.030341 0.055756
    228 0.000000 0.000000 0.000000 0.000000 0.000000 0.000000
    229 0.000000 0.000000 0.000000 0.000000 0.000000 0.000000
    230 0.000000 0.000000 0.000000 0.006915 0.014262 0.002613
    231 0.000000 0.000000 0.000000 0.000000 0.000000 0.000000
    232 0.000000 0.000000 0.000000 0.000000 0.000000 0.000000
    233 0.000000 0.000000 0.000000 0.000000 0.000000 0.000000
    234 0.000000 0.000000 0.000000 0.000000 0.000000 -1.570796
    235 0.000000 0.000000 0.000000 0.000000 0.000000 0.000000
    236 0.000000 0.000000 0.000000 0.000000 0.000000 0.000000
    237 0.000000 0.000000 0.000000 0.000000 0.000000 0.000000
    238 0.000000 0.000000 0.000000 0.000000 0.000000 0.000000
    239 0.000000 0.000000 0.000000 0.000000 0.000000 0.000000
    240 0.000000 0.000000 0.000000 0.000000 0.000000 0.000000
    241 0.000000 0.000000 0.000000 0.000000 0.000000 0.000000
    242 0.000000 0.000000 0.000000 0.000000 0.000000 0.000000
    243 0.000000 0.000000 0.000000 0.000000 0.000000 0.000000
    244 0.000000 0.000000 0.000000 0.000000 0.000000 0.000000
    245 0.000000 0.000000 0.000000 0.000000 0.000000 0.000000
    246 0.000000 0.000000 0.000000 0.000000 0.000000 -1.570796
  time 8
    0 0.000000 0.000000 0.000000 0.000000 0.000000 -1.570796
    1 0.000000 0.000000 0.000000 0.000000 0.000000 0.000000
    2 0.000000 0.000000 0.000000 0.000000 0.000000 0.000000
    3 0.000000 0.000000 0.000000 0.000000 0.000000 0.000000
    4 0.000000 0.000000 0.000000 0.000000 0.000000 0.000000
    5 0.000000 0.000000 0.000000 0.000000 0.000000 0.000000
    6 0.000000 0.000000 0.000000 0.000000 0.000000 0.000000
    7 0.000000 0.000000 0.000000 0.000000 0.000000 0.000000
    8 0.000000 0.000000 0.000000 0.000000 0.000000 0.000000
    9 0.000000 0.000000 0.000000 -0.008508 -0.050521 -0.058237
    10 0.000000 0.000000 0.000000 0.000000 0.000000 0.000000
    11 0.000000 0.000000 0.000000 0.017406 0.045470 -0.074017
    12 0.000000 0.000000 0.000000 0.000000 0.000000 0.000000
    13 0.000000 0.000000 0.000000 0.026797 0.000000 0.000000
    14 0.000000 0.000000 0.000000 0.000048 0.000024 0.190173
    15 0.000000 0.000000 0.000000 0.000000 0.000000 0.000000
    16 0.000000 0.000000 0.000000 -0.033039 -0.000060 0.000000
    17 0.000000 0.000000 0.000000 0.000084 0.000072 0.202638
    18 0.000000 0.000000 0.000000 0.000000 0.000000 0.000000
    19 0.000000 0.000000 0.000000 -0.003578 0.000000 -0.000012
    20 -0.125004 0.066408 0.000000 0.000000 0.000000 -0.095134
    21 0.000000 0.000000 0.000000 -0.037616 0.060478 -0.037742
    22 0.000000 0.000000 0.000000 0.000000 0.000000 0.000000
    23 0.000000 0.000000 0.000000 0.137451 0.000000 0.000060
    24 -0.179693 0.062502 0.000000 -0.000072 -0.000036 -0.101363
    25 0.000000 0.000000 0.000000 0.110364 -0.077426 -0.099512
    26 0.000000 0.000000 0.000000 0.000000 0.000000 0.000000
    27 0.000000 0.000000 0.000000 0.000000 -0.000024 0.000072
    28 0.000000 0.000000 0.000000 0.000000 0.000000 0.000000
    29 0.000000 0.000000 0.000000 0.000053 0.000018 0.000072
    30 0.000000 0.000000 0.000000 0.000161 0.000000 0.000000
    31 0.000000 0.000000 0.000000 0.000000 -0.000047 0.000000
    32 0.000000 0.000000 0.000000 0.000000 0.000000 0.000000
    33 0.000000 0.000000 0.000000 0.000000 -0.000048 0.000048
    34 0.000000 0.000000 0.000000 -0.000051 0.000024 0.000072
    35 0.000000 0.000000 0.000000 0.000000 0.000024 0.000072
    36 0.000000 0.000000 0.000000 0.000000 0.000024 0.000012
    37 0.000000 0.000000 0.000000 -0.000033 -0.000020 0.000036
    38 0.000000 0.000000 0.000000 0.000000 0.000000 0.000000
    39 0.000000 0.000000 0.000000 0.000000 0.000000 -0.000040
    40 0.000000 0.000000 0.000000 0.000023 0.000037 -0.000042
    41 0.000000 0.000000 0.000000 -0.000039 -0.000048 -0.000043
    42 0.000000 0.000000 0.000000 0.000000 0.000000 0.000000
    43 0.000000 0.000000 0.000000 0.000000 0.000000 0.000000
    44 0.000000 0.000000 0.000000 0.000064 0.000035 0.000000
    45 0.000000 0.000000 0.011719 0.000000 0.000000 0.000000
    46 0.000000 0.000000 0.000000 0.000000 0.000000 0.000000
    47 0.000000 0.000000 0.000000 0.000018 0.000000 0.000000
    48 0.000000 0.000000 0.000000 0.000016 -0.000012 0.000032
    49 0.000000 0.000000 0.000000 0.000000 -0.000084 0.000000
    50 0.000000 0.000000 0.000000 0.000000 0.000000 0.000000
    51 0.000000 0.000000 0.000000 -0.000042 0.000000 0.000000
    52 0.000000 0.000000 0.000000 0.000013 -0.000012 -0.000034
    53 0.000000 0.000000 0.000000 0.000000 0.000000 0.000000
    54 0.000000 0.000000 0.000000 0.000000 0.000000 0.000000
    55 0.000000 0.000000 0.000000 0.000000 0.000000 0.000058
    56 0.000000 0.000000 0.000000 0.000000 0.000000 0.000000
    57 0.000000 0.000000 0.000000 0.000000 0.000000 0.000000
    58 0.000000 0.000000 0.000000 0.000000 0.000000 0.000000
    59 0.000000 0.000000 0.000000 0.000000 -0.000084 -0.000047
    60 0.000000 0.000000 0.000000 0.000000 0.000000 0.000000
    61 0.000000 0.000000 0.000000 0.000000 0.000000 0.000000
    62 0.000000 0.000000 0.000000 0.000000 0.000000 0.000000
    63 0.000000 0.000000 0.000000 0.000000 0.000000 0.000000
    64 0.000000 0.000000 0.000000 0.000000 0.000000 0.000000
    65 0.000000 0.000000 0.000000 -0.000084 0.000072 0.000051
    66 0.000000 0.000000 0.000000 0.000000 0.000000 0.000000
    67 0.000000 0.000000 0.000000 0.000000 0.000000 0.000000
    68 0.000000 0.000000 0.000000 0.000000 0.000000 0.000000
    69 0.000000 0.000000 0.000000 0.000000 0.000000 0.000000
    70 0.000000 0.000000 0.000000 0.000060 -0.000048 0.000000
    71 0.000000 0.000000 0.000000 0.000000 0.000000 0.000000
    72 0.000000 0.000000 0.000000 0.000000 0.000000 0.000000
    73 0.000000 0.000000 0.000000 0.000000 0.000000 0.000000
    74 0.000000 0.000000 0.000000 0.000000 -0.000048 -0.000043
    75 0.000000 0.000000 0.000000 0.000000 0.000000 0.000000
    76 0.000000 0.000000 0.000000 0.000000 0.000000 0.000000
    77 0.000000 0.000000 0.000000 -0.000024 0.000012 0.000000
    78 0.000000 0.000000 0.000000 0.000000 0.000000 0.000000
    79 0.000000 0.000000 0.000000 0.000000 0.000000 0.000000
    80 0.000000 0.000000 0.000000 -0.000012 0.000048 0.000035
    81 0.000000 0.000000 0.000000 0.000000 0.000000 0.000000
    82 0.000000 0.000000 0.000000 0.000000 0.000000 0.000000
    83 0.000000 0.000000 0.000000 0.000000 0.000000 -0.000033
    84 0.000000 0.000000 0.000000 0.000000 0.000000 0.000000
    85 0.000000 0.000000 0.000000 0.000048 -0.000012 0.000000
    86 0.000000 0.000000 0.000000 0.000000 0.000000 0.000000
    87 0.000000 0.000000 0.000000 0.000000 0.000000 0.000059
    88 0.000000 0.000000 0.000000 0.000000 0.000000 0.000000
    89 0.000000 0.000000 0.000000 0.000048 -0.000024 0.000056
    90 0.000000 0.000000 0.000000 0.000000 0.000000 0.000000
    91 0.000000 0.000000 0.000000 0.000000 0.000000 0.000000
    92 0.000000 0.000000 0.000000 0.000000 0.000000 0.000000
    93 0.000000 0.000000 0.000000 0.000000 0.000000 0.000000
    94 0.000000 0.000000 0.000000 0.000000 0.000000 0.000000
    95 0.000000 0.000000 0.000000 0.000000 0.000000 0.000000
    96 0.000000 0.000000 0.000000 -0.000012 -0.000024 0.000000
    97 0.000000 0.000000 0.000000 0.000000 0.000000 0.000000
    98 0.000000 0.000000 0.000000 0.000000 0.000000 0.000000
    99 0.000000 0.000000 0.000000 0.000000 0.000000 0.000000
    100 0.000000 0.000000 0.000000 0.000024 -0.000012 0.000000
    101 0.000000 0.000000 0.000000 0.000000 0.000000 0.000000
    102 0.000000 0.000000 0.000000 0.000000 0.000000 0.000000
    103 0.000000 0.000000 0.000000 0.000000 0.000000 0.000000
    104 0.000000 0.000000 0.000000 0.000000 0.000000 0.000000
    105 0.000000 0.000000 0.000000 0.000000 0.000000 0.000000
    106 0.000000 0.000000 0.000000 0.000000 0.000000 0.000000
    107 0.000000 0.000000 0.000000 0.000000 0.000000 0.000000
    108 0.000000 0.000000 0.000000 0.000000 0.000000 0.000000
    109 0.000000 0.000000 0.000000 0.000000 0.000000 0.000000
    110 0.000000 0.000000 0.000000 0.000000 0.000000 0.000000
    111 0.000000 0.000000 0.000000 0.000000 0.000000 -1.570796
    112 -0.269539 -1.925840 -0.187506 0.037747 0.030257 -1.530237
    113 0.000000 0.000000 0.000000 0.000000 0.000000 0.000000
    114 0.140629 -1.918027 -0.507828 0.037794 0.030229 -1.530334
    115 0.000000 0.000000 0.000000 0.000000 0.000000 0.000000
    116 0.000000 0.000000 0.000000 0.000000 0.000000 0.000000
    117 0.000000 0.000000 0.000000 0.000000 0.000000 0.000000
    118 0.000000 0.000000 0.000000 0.000000 0.000000 0.000000
    119 0.000000 0.000000 0.000000 0.000000 0.000000 0.000000
    120 0.000000 0.000000 0.000000 0.000000 0.000000 0.000000
    121 0.000000 0.000000 0.000000 0.000000 0.000000 0.000000
    122 0.000000 0.000000 0.000000 0.000000 0.000000 0.000000
    123 0.000000 0.000000 0.000000 0.000000 0.000000 0.000000
    124 0.000000 0.000000 0.000000 0.000000 0.000000 0.000000
    125 0.000000 0.000000 0.000000 0.000000 0.000000 0.000000
    126 0.000000 0.000000 0.000000 0.000000 0.000000 0.000000
    127 0.000000 0.000000 0.000000 0.000000 0.000000 0.000000
    128 0.000000 0.000000 0.000000 0.000000 0.000000 0.000000
    129 0.000000 0.000000 0.000000 0.000000 0.000000 0.000000
    130 0.000000 0.000000 0.000000 0.000000 0.000000 0.000000
    131 0.000000 0.000000 0.000000 0.000000 0.000000 0.000000
    132 0.000000 0.000000 0.000000 0.000000 0.000000 0.000000
    133 0.000000 0.000000 0.000000 0.000000 0.000000 0.000000
    134 0.000000 0.000000 0.000000 0.000000 0.000000 0.000000
    135 0.000000 0.000000 0.000000 0.000000 0.000000 0.000000
    136 0.000000 0.000000 0.000000 0.000000 0.000000 0.000000
    137 0.000000 0.000000 0.000000 0.000000 0.000000 0.000000
    138 0.000000 0.000000 0.000000 0.000000 0.000000 0.000000
    139 0.078127 -1.714896 -0.136723 -0.036470 -0.032440 -0.038833
    140 0.000000 0.000000 0.000000 0.000000 0.000000 0.000000
    141 0.000000 0.000000 0.000000 0.000000 0.000000 0.000000
    142 0.000000 0.000000 0.000000 0.000000 0.000000 0.000000
    143 0.000000 0.000000 0.000000 0.000000 0.000000 0.000000
    144 0.000000 0.000000 0.000000 0.000000 0.000000 0.000000
    145 0.000000 0.000000 0.000000 0.000000 0.000000 0.000000
    146 0.000000 0.000000 0.000000 0.000000 0.000000 0.000000
    147 0.000000 0.000000 0.000000 0.000000 0.000000 0.000000
    148 0.000000 0.000000 0.000000 0.000000 0.000000 0.000000
    149 0.000000 0.000000 0.000000 0.000000 0.000000 0.000000
    150 0.000000 0.000000 0.000000 0.000000 0.000000 0.000000
    151 0.000000 0.000000 0.000000 0.000000 0.000000 0.000000
    152 0.000000 0.000000 0.000000 0.000000 0.000000 0.000000
    153 0.000000 0.000000 0.000000 0.000000 0.000000 0.000000
    154 0.000000 0.000000 0.000000 0.000000 0.000000 0.000000
    155 0.000000 0.000000 0.000000 0.000000 0.000000 0.000000
    156 0.000000 0.000000 0.000000 0.000000 0.000000 0.000000
    157 0.000000 0.000000 0.000000 0.000000 0.000000 0.000000
    158 0.000000 0.000000 0.000000 0.000000 0.000000 0.000000
    159 0.000000 0.000000 0.000000 0.000000 0.000000 0.000000
    160 0.000000 0.000000 0.000000 0.000000 0.000000 0.000000
    161 0.000000 0.000000 0.000000 0.000000 0.000000 0.000000
    162 0.000000 0.000000 0.000000 0.000000 0.000000 0.000000
    163 0.000000 0.000000 0.000000 0.000000 0.000000 0.000000
    164 0.000000 0.000000 0.000000 0.000000 0.000000 0.000000
    165 0.000000 0.000000 0.000000 0.000000 0.000000 0.000000
    166 0.000000 0.000000 0.000000 0.000000 0.000000 0.000000
    167 0.000000 0.000000 0.000000 0.000000 0.000000 0.000000
    168 0.000000 0.000000 0.000000 0.000000 0.000000 0.000000
    169 0.000000 0.000000 0.000000 0.000000 0.000000 0.000000
    170 0.000000 0.000000 0.000000 0.000000 0.000000 0.000000
    171 0.000000 0.000000 0.000000 0.000000 0.000000 0.000000
    172 0.000000 0.000000 0.000000 0.000000 0.000000 0.000000
    173 0.000000 0.000000 0.000000 0.000000 0.000000 0.000000
    174 0.000000 0.000000 0.000000 0.000004 -0.000689 0.000000
    175 0.000000 0.000000 0.000000 0.000000 0.000000 0.000000
    176 0.000000 0.000000 0.000000 0.000000 0.000000 0.000000
    177 0.000000 0.000000 0.000000 0.000000 0.000000 0.000000
    178 0.000000 0.000000 0.000000 0.000000 0.000000 0.000000
    179 0.000000 0.000000 0.000000 0.000000 0.000000 0.000000
    180 0.000000 0.000000 0.000000 0.000000 0.000000 0.000000
    181 0.000000 0.000000 0.000000 0.000000 0.000000 0.000000
    182 0.000000 0.000000 0.000000 0.000000 0.000000 0.000000
    183 0.000000 0.000000 0.000000 0.000000 0.000000 0.000000
    184 0.000000 0.000000 0.000000 0.000000 0.000000 0.000000
    185 0.000000 0.000000 0.000000 0.000000 0.000000 0.000000
    186 0.000000 0.000000 0.000000 0.000000 0.000000 0.000000
    187 0.000000 0.000000 0.000000 0.000000 0.000000 0.000000
    188 0.000000 0.000000 0.000000 0.000000 0.000000 0.000000
    189 0.000000 0.000000 0.000000 0.000000 0.000000 0.000000
    190 0.000000 0.000000 0.000000 0.000000 0.000000 0.000000
    191 0.000000 0.000000 0.000000 -0.004550 0.000036 -0.000084
    192 0.000000 0.000000 0.000000 0.000000 0.000000 0.000000
    193 0.000000 0.000000 0.000000 0.000000 0.000000 0.000000
    194 0.000000 0.000000 0.000000 0.000000 -0.000012 -0.000032
    195 0.000000 0.000000 0.000000 0.000096 0.000000 0.000000
    196 0.000000 0.000000 0.000000 0.000000 0.000000 0.000000
    197 0.000000 0.000000 0.000000 0.000000 0.000000 0.000000
    198 0.000000 0.000000 0.000000 0.000000 0.000000 0.000000
    199 0.000000 0.000000 0.000000 0.000000 0.000000 0.000000
    200 0.000000 0.000000 0.000000 0.000000 0.000000 0.000000
    201 0.000000 0.000000 0.000000 0.000000 0.000000 0.000000
    202 0.000000 0.000000 0.000000 0.000000 0.000000 0.000000
    203 0.000000 0.000000 0.000000 0.000000 0.000000 0.000000
    204 0.000000 0.000000 0.000000 0.000000 0.000000 0.000000
    205 0.000000 0.000000 0.000000 0.000000 0.000000 0.000000
    206 0.000000 0.000000 0.000000 0.068678 0.000000 0.000000
    207 0.000000 0.000000 0.000000 0.000000 0.000000 0.000000
    208 0.000000 0.000000 0.000000 0.000000 0.000000 0.000000
    209 0.000000 0.000000 0.000000 0.000000 -0.000012 0.000032
    210 0.000000 0.000000 0.000000 0.000000 0.000000 0.000000
    211 0.000000 0.000000 0.000000 0.000000 0.000000 0.000000
    212 0.000000 0.000000 0.000000 0.000000 0.000000 0.000000
    213 0.000000 0.000000 0.000000 0.000000 0.000000 0.000000
    214 0.000000 0.000000 0.000000 0.000000 0.000000 0.000000
    215 0.000000 0.000000 0.000000 0.000000 0.000000 0.000000
    216 0.000000 0.000000 0.000000 0.000000 0.000000 0.000000
    217 0.000000 0.000000 0.000000 0.000000 0.000000 0.000000
    218 0.000000 0.000000 0.000000 0.000000 0.000000 0.000000
    219 0.000000 0.000000 0.000000 0.000000 0.000000 0.000000
    220 0.000000 0.000000 0.000000 0.000000 0.000000 0.000000
    221 0.000000 0.000000 0.000000 0.000000 0.000000 0.000000
    222 0.000000 0.000000 0.000000 0.000000 0.000000 0.000000
    223 0.000000 0.000000 0.000000 0.000000 0.000000 0.000000
    224 0.000000 0.000000 0.000000 0.000000 0.000000 0.000000
    225 0.000000 0.000000 0.000000 0.000000 0.000000 0.000000
    226 0.000000 0.000000 0.000000 0.000000 0.000000 0.000000
    227 1.914121 0.144536 -0.507828 0.037747 0.030253 0.040559
    228 0.000000 0.000000 0.000000 0.000000 0.000000 0.000000
    229 0.000000 0.000000 0.000000 0.000000 0.000000 0.000000
    230 0.000000 0.000000 0.000000 0.006963 0.010331 0.001522
    231 0.000000 0.000000 0.000000 0.000000 0.000000 0.000000
    232 0.000000 0.000000 0.000000 0.000000 0.000000 0.000000
    233 0.000000 0.000000 0.000000 0.000000 0.000000 0.000000
    234 0.000000 0.000000 0.000000 0.000000 0.000000 -1.570796
    235 0.000000 0.000000 0.000000 0.000000 0.000000 0.000000
    236 0.000000 0.000000 0.000000 0.000000 0.000000 0.000000
    237 0.000000 0.000000 0.000000 0.000000 0.000000 0.000000
    238 0.000000 0.000000 0.000000 0.000000 0.000000 0.000000
    239 0.000000 0.000000 0.000000 0.000000 0.000000 0.000000
    240 0.000000 0.000000 0.000000 0.000000 0.000000 0.000000
    241 0.000000 0.000000 0.000000 0.000000 0.000000 0.000000
    242 0.000000 0.000000 0.000000 0.000000 0.000000 0.000000
    243 0.000000 0.000000 0.000000 0.000000 0.000000 0.000000
    244 0.000000 0.000000 0.000000 0.000000 0.000000 0.000000
    245 0.000000 0.000000 0.000000 0.000000 0.000000 0.000000
    246 0.000000 0.000000 0.000000 0.000000 0.000000 -1.570796
  time 9
    0 0.000000 0.000000 0.000000 0.000000 0.000000 -1.570796
    1 0.000000 0.000000 0.000000 0.000000 0.000000 0.000000
    2 0.000000 0.000000 0.000000 0.000000 0.000000 0.000000
    3 0.000000 0.000000 0.000000 0.000000 0.000000 0.000000
    4 0.000000 0.000000 0.000000 0.000000 0.000000 0.000000
    5 0.000000 0.000000 0.000000 0.000000 0.000000 0.000000
    6 0.000000 0.000000 0.000000 0.000000 0.000000 0.000000
    7 0.000000 0.000000 0.000000 0.000000 0.000000 0.000000
    8 0.000000 0.000000 0.000000 0.000000 0.000000 0.000000
    9 0.000000 0.000000 0.000000 -0.003633 -0.009616 -0.061929
    10 0.000000 0.000000 0.000000 0.000000 0.000000 0.000000
    11 0.000000 0.000000 0.000000 0.016917 0.063169 -0.066045
    12 0.000000 0.000000 0.000000 0.000000 0.000000 0.000000
    13 0.000000 0.000000 0.000000 0.023248 0.000000 0.000000
    14 0.000000 0.000000 0.000000 0.000048 0.000024 0.164474
    15 0.000000 0.000000 0.000000 0.000000 0.000000 0.000000
    16 0.000000 0.000000 0.000000 -0.029346 -0.000060 0.000000
    17 0.000000 0.000000 0.000000 0.000036 0.000120 0.137490
    18 0.000000 0.000000 0.000000 0.000000 0.000000 0.000000
    19 0.000000 0.000000 0.000000 -0.032098 0.000000 -0.000024
    20 -0.121097 0.062502 0.000000 -0.000048 0.000012 -0.082265
    21 0.000000 0.000000 0.000000 -0.125993 0.027074 -0.041336
    22 0.000000 0.000000 0.000000 0.000000 0.000000 0.000000
    23 0.000000 0.000000 0.000000 -0.069643 0.000000 0.000060
    24 -0.128910 0.046876 0.000000 -0.000072 -0.000024 -0.068743
    25 0.000000 0.000000 0.000000 -0.025858 -0.096432 -0.037073
    26 0.000000 0.000000 0.000000 0.000000 0.000000 0.000000
    27 0.000000 0.000000 0.000000 0.000000 -0.000024 0.000060
    28 0.000000 0.000000 0.000000 0.000000 0.000000 0.000000
    29 0.000000 0.000000 0.000000 0.000053 0.000018 0.000072
    30 0.000000 0.000000 0.000000 0.000161 0.000000 0.000000
    31 0.000000 0.000000 0.000000 0.000000 -0.000047 0.000000
    32 0.000000 0.000000 0.000000 0.000000 0.000000 0.000000
    33 0.000000 0.000000 0.000000 0.000000 -0.000036 0.000048
    34 0.000000 0.000000 0.000000 0.000000 0.000012 0.000060
    35 0.000000 0.000000 0.000000 0.000000 0.000024 0.000060
    36 0.000000 0.000000 0.000000 0.000000 0.000024 0.000012
    37 0.000000 0.000000 0.000000 -0.000033 -0.000020 0.000036
    38 0.000000 0.000000 0.000000 0.000000 0.000000 0.000000
    39 0.000000 0.000000 0.000000 0.000000 0.000000 -0.000040
    40 0.000000 0.000000 0.000000 0.000023 0.000037 -0.000042
    41 0.000000 0.000000 0.000000 -0.000039 -0.000048 -0.000043
    42 0.000000 0.000000 0.000000 0.000000 0.000000 0.000000
    43 0.000000 0.000000 0.000000 0.000000 0.000000 0.000000
    44 0.000000 0.000000 0.000000 0.000064 0.000035 0.000000
    45 0.000000 0.000000 0.003906 0.000000 0.000000 0.000000
    46 0.000000 0.000000 0.000000 0.000000 0.000000 0.000000
    47 0.000000 0.000000 0.000000 0.000018 0.000000 0.000000
    48 0.000000 0.000000 0.000000 0.000016 0.000000 0.000032
    49 0.000000 0.000000 0.000000 0.000000 -0.000072 0.000000
    50 0.000000 0.000000 0.000000 0.000000 0.000000 0.000000
    51 0.000000 0.000000 0.000000 -0.000042 0.000000 0.000000
    52 0.000000 0.000000 0.000000 0.000013 -0.000012 -0.000034
    53 0.000000 0.000000 0.000000 0.000000 0.000000 0.000000
    54 0.000000 0.000000 0.000000 0.000000 0.000000 0.000000
    55 0.000000 0.000000 0.000000 0.000000 0.000000 0.000058
    56 0.000000 0.000000 0.000000 0.000000 0.000000 0.000000
    57 0.000000 0.000000 0.000000 0.000000 0.000000 0.000000
    58 0.000000 0.000000 0.000000 0.000000 0.000000 0.000000
    59 0.000000 0.000000 0.000000 0.000000 -0.000072 -0.000047
    60 0.000000 0.000000 0.000000 0.000000 0.000000 0.000000
    61 0.000000 0.000000 0.000000 0.000000 0.000000 0.000000
    62 0.000000 0.000000 0.000000 0.000000 0.000000 0.000000
    63 0.000000 0.000000 0.000000 0.000000 0.000000 0.000000
    64 0.000000 0.000000 0.000000 0.000000 0.000000 0.000000
    65 0.000000 0.000000 0.000000 -0.000072 0.000072 0.000051
    66 0.000000 0.000000 0.000000 0.000000 0.000000 0.000000
    67 0.000000 0.000000 0.000000 0.000000 0.000000 0.000000
    68 0.000000 0.000000 0.000000 0.000000 0.000000 0.000000
    69 0.000000 0.000000 0.000000 0.000000 0.000000 0.000000
    70 0.000000 0.000000 0.000000 0.000048 -0.000036 0.000000
    71 0.000000 0.000000 0.000000 0.000000 0.000000 0.000000
    72 0.000000 0.000000 0.000000 0.000000 0.000000 0.000000
    73 0.000000 0.000000 0.000000 0.000000 0.000000 0.000000
    74 0.000000 0.000000 0.000000 0.000000 -0.000036 -0.000043
    75 0.000000 0.000000 0.000000 0.000000 0.000000 0.000000
    76 0.000000 0.000000 0.000000 0.000000 0.000000 0.000000
    77 0.000000 0.000000 0.000000 -0.000024 0.000012 0.000000
    78 0.000000 0.000000 0.000000 0.000000 0.000000 0.000000
    79 0.000000 0.000000 0.000000 0.000000 0.000000 0.000000
    80 0.000000 0.000000 0.000000 0.000000 0.000036 0.000000
    81 0.000000 0.000000 0.000000 0.000000 0.000000 0.000000
    82 0.000000 0.000000 0.000000 0.000000 0.000000 0.000000
    83 0.000000 0.000000 0.000000 0.000000 0.000000 0.000000
    84 0.000000 0.000000 0.000000 0.000000 0.000000 0.000000
    85 0.000000 0.000000 0.000000 0.000048 -0.000012 0.000000
    86 0.000000 0.000000 0.000000 0.000000 0.000000 0.000000
    87 0.000000 0.000000 0.000000 0.000000 0.000000 0.000059
    88 0.000000 0.000000 0.000000 0.000000 0.000000 0.000000
    89 0.000000 0.000000 0.000000 0.000048 -0.000024 0.000056
    90 0.000000 0.000000 0.000000 0.000000 0.000000 0.000000
    91 0.000000 0.000000 0.000000 0.000000 0.000000 0.000000
    92 0.000000 0.000000 0.000000 0.000000 0.000000 0.000000
    93 0.000000 0.000000 0.000000 0.000000 0.000000 0.000000
    94 0.000000 0.000000 0.000000 0.000000 0.000000 0.000000
    95 0.000000 0.000000 0.000000 0.000000 0.000000 0.000000
    96 0.000000 0.000000 0.000000 -0.000012 -0.000024 0.000000
    97 0.000000 0.000000 0.000000 0.000000 0.000000 0.000000
    98 0.000000 0.000000 0.000000 0.000000 0.000000 0.000000
    99 0.000000 0.000000 0.000000 0.000000 0.000000 0.000000
    100 0.000000 0.000000 0.000000 0.000024 -0.000012 0.000000
    101 0.000000 0.000000 0.000000 0.000000 0.000000 0.000000
    102 0.000000 0.000000 0.000000 0.000000 0.000000 0.000000
    103 0.000000 0.000000 0.000000 0.000000 0.000000 0.000000
    104 0.000000 0.000000 0.000000 0.000000 0.000000 0.000000
    105 0.000000 0.000000 0.000000 0.000000 0.000000 0.000000
    106 0.000000 0.000000 0.000000 0.000000 0.000000 0.000000
    107 0.000000 0.000000 0.000000 0.000000 0.000000 0.000000
    108 0.000000 0.000000 0.000000 0.000000 0.000000 0.000000
    109 0.000000 0.000000 0.000000 0.000000 0.000000 0.000000
    110 0.000000 0.000000 0.000000 0.000000 0.000000 0.000000
    111 0.000000 0.000000 0.000000 0.000000 0.000000 -1.570796
    112 -0.050783 -1.546922 0.062502 -0.076018 0.059314 -1.547860
    113 0.000000 0.000000 0.000000 0.000000 0.000000 0.000000
    114 0.167974 -1.523484 -0.558611 -0.075866 0.059207 -1.548048
    115 0.000000 0.000000 0.000000 0.000000 0.000000 0.000000
    116 0.000000 0.000000 0.000000 0.000000 0.000000 0.000000
    117 0.000000 0.000000 0.000000 0.000000 0.000000 0.000000
    118 0.000000 0.000000 0.000000 0.000000 0.000000 0.000000
    119 0.000000 0.000000 0.000000 0.000000 0.000000 0.000000
    120 0.000000 0.000000 0.000000 0.000000 0.000000 0.000000
    121 0.000000 0.000000 0.000000 0.000000 0.000000 0.000000
    122 0.000000 0.000000 0.000000 0.000000 0.000000 0.000000
    123 0.000000 0.000000 0.000000 0.000000 0.000000 0.000000
    124 0.000000 0.000000 0.000000 0.000000 0.000000 0.000000
    125 0.000000 0.000000 0.000000 0.000000 0.000000 0.000000
    126 0.000000 0.000000 0.000000 0.000000 0.000000 0.000000
    127 0.000000 0.000000 0.000000 0.000000 0.000000 0.000000
    128 0.000000 0.000000 0.000000 0.000000 0.000000 0.000000
    129 0.000000 0.000000 0.000000 0.000000 0.000000 0.000000
    130 0.000000 0.000000 0.000000 0.000000 0.000000 0.000000
    131 0.000000 0.000000 0.000000 0.000000 0.000000 0.000000
    132 0.000000 0.000000 0.000000 0.000000 0.000000 0.000000
    133 0.000000 0.000000 0.000000 0.000000 0.000000 0.000000
    134 0.000000 0.000000 0.000000 0.000000 0.000000 0.000000
    135 0.000000 0.000000 0.000000 0.000000 0.000000 0.000000
    136 0.000000 0.000000 0.000000 0.000000 0.000000 0.000000
    137 0.000000 0.000000 0.000000 0.000000 0.000000 0.000000
    138 0.000000 0.000000 0.000000 0.000000 0.000000 0.000000
    139 2.171941 4.875149 0.085940 0.077499 -0.057881 -0.026395
    140 0.000000 0.000000 0.000000 0.000000 0.000000 0.000000
    141 0.000000 0.000000 0.000000 0.000000 0.000000 0.000000
    142 0.000000 0.000000 0.000000 0.000000 0.000000 0.000000
    143 0.000000 0.000000 0.000000 0.000000 0.000000 0.000000
    144 0.000000 0.000000 0.000000 0.000000 0.000000 0.000000
    145 0.000000 0.000000 0.000000 0.000000 0.000000 0.000000
    146 0.000000 0.000000 0.000000 0.000000 0.000000 0.000000
    147 0.000000 0.000000 0.000000 0.000000 0.000000 0.000000
    148 0.000000 0.000000 0.000000 0.000000 0.000000 0.000000
    149 0.000000 0.000000 0.000000 0.000000 0.000000 0.000000
    150 0.000000 0.000000 0.000000 0.000000 0.000000 0.000000
    151 0.000000 0.000000 0.000000 0.000000 0.000000 0.000000
    152 0.000000 0.000000 0.000000 0.000000 0.000000 0.000000
    153 0.000000 0.000000 0.000000 0.000000 0.000000 0.000000
    154 0.000000 0.000000 0.000000 0.000000 0.000000 0.000000
    155 0.000000 0.000000 0.000000 0.000000 0.000000 0.000000
    156 0.000000 0.000000 0.000000 0.000000 0.000000 0.000000
    157 0.000000 0.000000 0.000000 0.000000 0.000000 0.000000
    158 0.000000 0.000000 0.000000 0.000000 0.000000 0.000000
    159 0.000000 0.000000 0.000000 0.000000 0.000000 0.000000
    160 0.000000 0.000000 0.000000 0.000000 0.000000 0.000000
    161 0.000000 0.000000 0.000000 0.000000 0.000000 0.000000
    162 0.000000 0.000000 0.000000 0.000000 0.000000 0.000000
    163 0.000000 0.000000 0.000000 0.000000 0.000000 0.000000
    164 0.000000 0.000000 0.000000 0.000000 0.000000 0.000000
    165 0.000000 0.000000 0.000000 0.000000 0.000000 0.000000
    166 0.000000 0.000000 0.000000 0.000000 0.000000 0.000000
    167 0.000000 0.000000 0.000000 0.000000 0.000000 0.000000
    168 0.000000 0.000000 0.000000 0.000000 0.000000 0.000000
    169 0.000000 0.000000 0.000000 0.000000 0.000000 0.000000
    170 0.000000 0.000000 0.000000 0.000000 0.000000 0.000000
    171 0.000000 0.000000 0.000000 0.000000 0.000000 0.000000
    172 0.000000 0.000000 0.000000 0.000000 0.000000 0.000000
    173 0.000000 0.000000 0.000000 0.000000 0.000000 0.000000
    174 0.000000 0.000000 0.000000 0.000004 -0.000689 0.000000
    175 0.000000 0.000000 0.000000 0.000000 0.000000 0.000000
    176 0.000000 0.000000 0.000000 0.000000 0.000000 0.000000
    177 0.000000 0.000000 0.000000 0.000000 0.000000 0.000000
    178 0.000000 0.000000 0.000000 0.000000 0.000000 0.000000
    179 0.000000 0.000000 0.000000 0.000000 0.000000 0.000000
    180 0.000000 0.000000 0.000000 0.000000 0.000000 0.000000
    181 0.000000 0.000000 0.000000 0.000000 0.000000 0.000000
    182 0.000000 0.000000 0.000000 0.000000 0.000000 0.000000
    183 0.000000 0.000000 0.000000 0.000000 0.000000 0.000000
    184 0.000000 0.000000 0.000000 0.000000 0.000000 0.000000
    185 0.000000 0.000000 0.000000 0.000000 0.000000 0.000000
    186 0.000000 0.000000 0.000000 0.000000 0.000000 0.000000
    187 0.000000 0.000000 0.000000 0.000000 0.000000 0.000000
    188 0.000000 0.000000 0.000000 0.000000 0.000000 0.000000
    189 0.000000 0.000000 0.000000 0.000000 0.000000 0.000000
    190 0.000000 0.000000 0.000000 0.000000 0.000000 0.000000
    191 0.000000 0.000000 0.000000 -0.040217 0.000012 -0.000120
    192 0.000000 0.000000 0.000000 0.000000 0.000000 0.000000
    193 0.000000 0.000000 0.000000 0.000000 0.000000 0.000000
    194 0.000000 0.000000 0.000000 0.000000 -0.000012 -0.000016
    195 0.000000 0.000000 0.000000 0.000096 0.000000 0.000000
    196 0.000000 0.000000 0.000000 0.000000 0.000000 0.000000
    197 0.000000 0.000000 0.000000 0.000000 0.000000 0.000000
    198 0.000000 0.000000 0.000000 0.000000 0.000000 0.000000
    199 0.000000 0.000000 0.000000 0.000000 0.000000 0.000000
    200 0.000000 0.000000 0.000000 0.000000 0.000000 0.000000
    201 0.000000 0.000000 0.000000 0.000000 0.000000 0.000000
    202 0.000000 0.000000 0.000000 0.000000 0.000000 0.000000
    203 0.000000 0.000000 0.000000 0.000000 0.000000 0.000000
    204 0.000000 0.000000 0.000000 0.000000 0.000000 0.000000
    205 0.000000 0.000000 0.000000 0.000000 0.000000 0.000000
    206 0.000000 0.000000 0.000000 -0.034907 0.000000 0.000000
    207 0.000000 0.000000 0.000000 0.000000 0.000000 0.000000
    208 0.000000 0.000000 0.000000 0.000000 0.000000 0.000000
    209 0.000000 0.000000 0.000000 0.000000 -0.000012 0.000032
    210 0.000000 0.000000 0.000000 0.000000 0.000000 0.000000
    211 0.000000 0.000000 0.000000 0.000000 0.000000 0.000000
    212 0.000000 0.000000 0.000000 0.000000 0.000000 0.000000
    213 0.000000 0.000000 0.000000 0.000000 0.000000 0.000000
    214 0.000000 0.000000 0.000000 0.000000 0.000000 0.000000
    215 0.000000 0.000000 0.000000 0.000000 0.000000 0.000000
    216 0.000000 0.000000 0.000000 0.000000 0.000000 0.000000
    217 0.000000 0.000000 0.000000 0.000000 0.000000 0.000000
    218 0.000000 0.000000 0.000000 0.000000 0.000000 0.000000
    219 0.000000 0.000000 0.000000 0.000000 0.000000 0.000000
    220 0.000000 0.000000 0.000000 0.000000 0.000000 0.000000
    221 0.000000 0.000000 0.000000 0.000000 0.000000 0.000000
    222 0.000000 0.000000 0.000000 0.000000 0.000000 0.000000
    223 0.000000 0.000000 0.000000 0.000000 0.000000 0.000000
    224 0.000000 0.000000 0.000000 0.000000 0.000000 0.000000
    225 0.000000 0.000000 0.000000 0.000000 0.000000 0.000000
    226 0.000000 0.000000 0.000000 0.000000 0.000000 0.000000
    227 1.523484 0.171880 -0.558611 -0.076018 0.059350 0.022937
    228 0.000000 0.000000 0.000000 0.000000 0.000000 0.000000
    229 0.000000 0.000000 0.000000 0.000000 0.000000 0.000000
    230 0.000000 0.000000 0.000000 0.007011 0.006400 0.000443
    231 0.000000 0.000000 0.000000 0.000000 0.000000 0.000000
    232 0.000000 0.000000 0.000000 0.000000 0.000000 0.000000
    233 0.000000 0.000000 0.000000 0.000000 0.000000 0.000000
    234 0.000000 0.000000 0.000000 0.000000 0.000000 -1.570796
    235 0.000000 0.000000 0.000000 0.000000 0.000000 0.000000
    236 0.000000 0.000000 0.000000 0.000000 0.000000 0.000000
    237 0.000000 0.000000 0.000000 0.000000 0.000000 0.000000
    238 0.000000 0.000000 0.000000 0.000000 0.000000 0.000000
    239 0.000000 0.000000 0.000000 0.000000 0.000000 0.000000
    240 0.000000 0.000000 0.000000 0.000000 0.000000 0.000000
    241 0.000000 0.000000 0.000000 0.000000 0.000000 0.000000
    242 0.000000 0.000000 0.000000 0.000000 0.000000 0.000000
    243 0.000000 0.000000 0.000000 0.000000 0.000000 0.000000
    244 0.000000 0.000000 0.000000 0.000000 0.000000 0.000000
    245 0.000000 0.000000 0.000000 0.000000 0.000000 0.000000
    246 0.000000 0.000000 0.000000 0.000000 0.000000 -1.570796
  time 10
    0 0.000000 0.000000 0.000000 0.000000 0.000000 -1.570796
    1 0.000000 0.000000 0.000000 0.000000 0.000000 0.000000
    2 0.000000 0.000000 0.000000 0.000000 0.000000 0.000000
    3 0.000000 0.000000 0.000000 0.000000 0.000000 0.000000
    4 0.000000 0.000000 0.000000 0.000000 0.000000 0.000000
    5 0.000000 0.000000 0.000000 0.000000 0.000000 0.000000
    6 0.000000 0.000000 0.000000 0.000000 0.000000 0.000000
    7 0.000000 0.000000 0.000000 0.000000 0.000000 0.000000
    8 0.000000 0.000000 0.000000 0.000000 0.000000 0.000000
    9 0.000000 0.000000 0.000000 -0.002294 -0.006899 -0.034425
    10 0.000000 0.000000 0.000000 0.000000 0.000000 0.000000
    11 0.000000 0.000000 0.000000 0.012886 0.048483 -0.043939
    12 0.000000 0.000000 0.000000 0.000000 0.000000 0.000000
    13 0.000000 0.000000 0.000000 0.012830 0.000024 -0.000024
    14 0.000000 0.000000 0.000000 0.000000 0.000072 0.091442
    15 0.000000 0.000000 0.000000 0.000000 0.000000 0.000000
    16 0.000000 0.000000 0.000000 -0.019586 -0.000036 0.000000
    17 0.000000 0.000000 0.000000 0.000012 0.000096 0.082041
    18 0.000000 0.000000 0.000000 0.000000 0.000000 0.000000
    19 0.000000 0.000000 0.000000 -0.022272 0.000000 0.000000
    20 -0.070315 0.039064 0.000000 -0.000012 0.000036 -0.044802
    21 0.000000 0.000000 0.000000 -0.058090 0.009635 0.006540
    22 0.000000 0.000000 0.000000 0.000000 0.000000 0.000000
    23 0.000000 0.000000 0.000000 0.009874 0.000000 0.000060
    24 -0.078127 0.027345 0.000000 -0.000072 -0.000024 -0.041033
    25 0.000000 0.000000 0.000000 0.004019 -0.087279 0.002927
    26 0.000000 0.000000 0.000000 0.000000 0.000000 0.000000
    27 0.000000 0.000000 0.000000 0.000000 -0.000012 0.000060
    28 0.000000 0.000000 0.000000 0.000000 0.000000 0.000000
    29 0.000000 0.000000 0.000000 0.000053 0.000000 0.000060
    30 0.000000 0.000000 0.000000 0.000108 0.000000 0.000000
    31 0.000000 0.000000 0.000000 0.000000 -0.000023 0.000000
    32 0.000000 0.000000 0.000000 0.000000 0.000000 0.000000
    33 0.000000 0.000000 0.000000 0.000000 -0.000036 0.000036
    34 0.000000 0.000000 0.000000 0.000000 0.000012 0.000060
    35 0.000000 0.000000 0.000000 0.000000 0.000024 0.000060
    36 0.000000 0.000000 0.000000 0.000000 0.000012 0.000012
    37 0.000000 0.000000 0.000000 -0.000033 -0.000020 0.000000
    38 0.000000 0.000000 0.000000 0.000000 0.000000 0.000000
    39 0.000000 0.000000 0.000000 0.000000 0.000000 -0.000040
    40 0.000000 0.000000 0.000000 0.000023 0.000037 -0.000042
    41 0.000000 0.000000 0.000000 -0.000039 -0.000048 -0.000043
    42 0.000000 0.000000 0.000000 0.000000 0.000000 0.000000
    43 0.000000 0.000000 0.000000 0.000000 0.000000 0.000000
    44 0.000000 0.000000 0.000000 0.000042 0.000018 0.000000
    45 0.000000 0.000000 0.000000 0.000000 0.000000 0.000000
    46 0.000000 0.000000 0.000000 0.000000 0.000000 0.000000
    47 0.000000 0.000000 0.000000 0.000018 0.000000 0.000000
    48 0.000000 0.000000 0.000000 0.000016 0.000000 0.000032
    49 0.000000 0.000000 0.000000 0.000000 -0.000060 0.000000
    50 0.000000 0.000000 0.000000 0.000000 0.000000 0.000000
    51 0.000000 0.000000 0.000000 -0.000042 0.000000 0.000000
    52 0.000000 0.000000 0.000000 0.000013 -0.000012 -0.000017
    53 0.000000 0.000000 0.000000 0.000000 0.000000 0.000000
    54 0.000000 0.000000 0.000000 0.000000 0.000000 0.000000
    55 0.000000 0.000000 0.000000 0.000000 0.000000 0.000000
    56 0.000000 0.000000 0.000000 0.000000 0.000000 0.000000
    57 0.000000 0.000000 0.000000 0.000000 0.000000 0.000000
    58 0.000000 0.000000 0.000000 0.000000 0.000000 0.000000
    59 0.000000 0.000000 0.000000 0.000000 -0.000060 -0.000047
    60 0.000000 0.000000 0.000000 0.000000 0.000000 0.000000
    61 0.000000 0.000000 0.000000 0.000000 0.000000 0.000000
    62 0.000000 0.000000 0.000000 0.000000 0.000000 0.000000
    63 0.000000 0.000000 0.000000 0.000000 0.000000 0.000000
    64 0.000000 0.000000 0.000000 0.000000 0.000000 0.000000
    65 0.000000 0.000000 0.000000 -0.000072 0.000060 0.000051
    66 0.000000 0.000000 0.000000 0.000000 0.000000 0.000000
    67 0.000000 0.000000 0.000000 0.000000 0.000000 0.000000
    68 0.000000 0.000000 0.000000 0.000000 0.000000 0.000000
    69 0.000000 0.000000 0.000000 0.000000 0.000000 0.000000
    70 0.000000 0.000000 0.000000 0.000048 -0.000036 0.000000
    71 0.000000 0.000000 0.000000 0.000000 0.000000 0.000000
    72 0.000000 0.000000 0.000000 0.000000 0.000000 0.000000
    73 0.000000 0.000000 0.000000 0.000000 0.000000 0.000000
    74 0.000000 0.000000 0.000000 0.000000 -0.000036 0.000000
    75 0.000000 0.000000 0.000000 0.000000 0.000000 0.000000
    76 0.000000 0.000000 0.000000 0.000000 0.000000 0.000000
    77 0.000000 0.000000 0.000000 -0.000024 0.000012 0.000000
    78 0.000000 0.000000 0.000000 0.000000 0.000000 0.000000
    79 0.000000 0.000000 0.000000 0.000000 0.000000 0.000000
    80 0.000000 0.000000 0.000000 0.000000 0.000036 0.000000
    81 0.000000 0.000000 0.000000 0.000000 0.000000 0.000000
    82 0.000000 0.000000 0.000000 0.000000 0.000000 0.000000
    83 0.000000 0.000000 0.000000 0.000000 0.000000 0.000000
    84 0.000000 0.000000 0.000000 0.000000 0.000000 0.000000
    85 0.000000 0.000000 0.000000 0.000036 -0.000012 0.000000
    86 0.000000 0.000000 0.000000 0.000000 0.000000 0.000000
    87 0.000000 0.000000 0.000000 0.000000 0.000000 0.000000
    88 0.000000 0.000000 0.000000 0.000000 0.000000 0.000000
    89 0.000000 0.000000 0.000000 0.000036 -0.000012 0.000000
    90 0.000000 0.000000 0.000000 0.000000 0.000000 0.000000
    91 0.000000 0.000000 0.000000 0.000000 0.000000 0.000000
    92 0.000000 0.000000 0.000000 0.000000 0.000000 0.000000
    93 0.000000 0.000000 0.000000 0.000000 0.000000 0.000000
    94 0.000000 0.000000 0.000000 0.000000 0.000000 0.000000
    95 0.000000 0.000000 0.000000 0.000000 0.000000 0.000000
    96 0.000000 0.000000 0.000000 0.000000 -0.000024 0.000000
    97 0.000000 0.000000 0.000000 0.000000 0.000000 0.000000
    98 0.000000 0.000000 0.000000 0.000000 0.000000 0.000000
    99 0.000000 0.000000 0.000000 0.000000 0.000000 0.000000
    100 0.000000 0.000000 0.000000 0.000024 -0.000012 0.000000
    101 0.000000 0.000000 0.000000 0.000000 0.000000 0.000000
    102 0.000000 0.000000 0.000000 0.000000 0.000000 0.000000
    103 0.000000 0.000000 0.000000 0.000000 0.000000 0.000000
    104 0.000000 0.000000 0.000000 0.000000 0.000000 0.000000
    105 0.000000 0.000000 0.000000 0.000000 0.000000 0.000000
    106 0.000000 0.000000 0.000000 0.000000 0.000000 0.000000
    107 0.000000 0.000000 0.000000 0.000000 0.000000 0.000000
    108 0.000000 0.000000 0.000000 0.000000 0.000000 0.000000
    109 0.000000 0.000000 0.000000 0.000000 0.000000 0.000000
    110 0.000000 0.000000 0.000000 0.000000 0.000000 0.000000
    111 0.000000 0.000000 0.000000 0.000000 0.000000 -1.570796
    112 -0.171880 -1.023469 0.105472 -0.022718 0.056693 -1.547860
    113 0.000000 0.000000 0.000000 0.000000 0.000000 0.000000
    114 0.046876 -1.019562 -0.488296 -0.022861 0.057150 -1.548235
    115 0.000000 0.000000 0.000000 0.000000 0.000000 0.000000
    116 0.000000 0.000000 0.000000 0.000000 0.000000 0.000000
    117 0.000000 0.000000 0.000000 0.000000 0.000000 0.000000
    118 0.000000 0.000000 0.000000 0.000000 0.000000 0.000000
    119 0.000000 0.000000 0.000000 0.000000 0.000000 0.000000
    120 0.000000 0.000000 0.000000 0.000000 0.000000 0.000000
    121 0.000000 0.000000 0.000000 0.000000 0.000000 0.000000
    122 0.000000 0.000000 0.000000 0.000000 0.000000 0.000000
    123 0.000000 0.000000 0.000000 0.000000 0.000000 0.000000
    124 0.000000 0.000000 0.000000 0.000000 0.000000 0.000000
    125 0.000000 0.000000 0.000000 0.000000 0.000000 0.000000
    126 0.000000 0.000000 0.000000 0.000000 0.000000 0.000000
    127 0.000000 0.000000 0.000000 0.000000 0.000000 0.000000
    128 0.000000 0.000000 0.000000 0.000000 0.000000 0.000000
    129 0.000000 0.000000 0.000000 0.000000 0.000000 0.000000
    130 0.000000 0.000000 0.000000 0.000000 0.000000 0.000000
    131 0.000000 0.000000 0.000000 0.000000 0.000000 0.000000
    132 0.000000 0.000000 0.000000 0.000000 0.000000 0.000000
    133 0.000000 0.000000 0.000000 0.000000 0.000000 0.000000
    134 0.000000 0.000000 0.000000 0.000000 0.000000 0.000000
    135 0.000000 0.000000 0.000000 0.000000 0.000000 0.000000
    136 0.000000 0.000000 0.000000 0.000000 0.000000 0.000000
    137 0.000000 0.000000 0.000000 0.000000 0.000000 0.000000
    138 0.000000 0.000000 0.000000 0.000000 0.000000 0.000000
    139 2.531327 1.730522 -0.304697 0.024028 -0.056557 -0.023262
    140 0.000000 0.000000 0.000000 0.000000 0.000000 0.000000
    141 0.000000 0.000000 0.000000 0.000000 0.000000 0.000000
    142 0.000000 0.000000 0.000000 0.000000 0.000000 0.000000
    143 0.000000 0.000000 0.000000 0.000000 0.000000 0.000000
    144 0.000000 0.000000 0.000000 0.000000 0.000000 0.000000
    145 0.000000 0.000000 0.000000 0.000000 0.000000 0.000000
    146 0.000000 0.000000 0.000000 0.000000 0.000000 0.000000
    147 0.000000 0.000000 0.000000 0.000000 0.000000 0.000000
    148 0.000000 0.000000 0.000000 0.000000 0.000000 0.000000
    149 0.000000 0.000000 0.000000 0.000000 0.000000 0.000000
    150 0.000000 0.000000 0.000000 0.000000 0.000000 0.000000
    151 0.000000 0.000000 0.000000 0.000000 0.000000 0.000000
    152 0.000000 0.000000 0.000000 0.000000 0.000000 0.000000
    153 0.000000 0.000000 0.000000 0.000000 0.000000 0.000000
    154 0.000000 0.000000 0.000000 0.000000 0.000000 0.000000
    155 0.000000 0.000000 0.000000 0.000000 0.000000 0.000000
    156 0.000000 0.000000 0.000000 0.000000 0.000000 0.000000
    157 0.000000 0.000000 0.000000 0.000000 0.000000 0.000000
    158 0.000000 0.000000 0.000000 0.000000 0.000000 0.000000
    159 0.000000 0.000000 0.000000 0.000000 0.000000 0.000000
    160 0.000000 0.000000 0.000000 0.000000 0.000000 0.000000
    161 0.000000 0.000000 0.000000 0.000000 0.000000 0.000000
    162 0.000000 0.000000 0.000000 0.000000 0.000000 0.000000
    163 0.000000 0.000000 0.000000 0.000000 0.000000 0.000000
    164 0.000000 0.000000 0.000000 0.000000 0.000000 0.000000
    165 0.000000 0.000000 0.000000 0.000000 0.000000 0.000000
    166 0.000000 0.000000 0.000000 0.000000 0.000000 0.000000
    167 0.000000 0.000000 0.000000 0.000000 0.000000 0.000000
    168 0.000000 0.000000 0.000000 0.000000 0.000000 0.000000
    169 0.000000 0.000000 0.000000 0.000000 0.000000 0.000000
    170 0.000000 0.000000 0.000000 0.000000 0.000000 0.000000
    171 0.000000 0.000000 0.000000 0.000000 0.000000 0.000000
    172 0.000000 0.000000 0.000000 0.000000 0.000000 0.000000
    173 0.000000 0.000000 0.000000 0.000000 0.000000 0.000000
    174 0.000000 0.000000 0.000000 0.000004 -0.000689 0.000000
    175 0.000000 0.000000 0.000000 0.000000 0.000000 0.000000
    176 0.000000 0.000000 0.000000 0.000000 0.000000 0.000000
    177 0.000000 0.000000 0.000000 0.000000 0.000000 0.000000
    178 0.000000 0.000000 0.000000 0.000000 0.000000 0.000000
    179 0.000000 0.000000 0.000000 0.000000 0.000000 0.000000
    180 0.000000 0.000000 0.000000 0.000000 0.000000 0.000000
    181 0.000000 0.000000 0.000000 0.000000 0.000000 0.000000
    182 0.000000 0.000000 0.000000 0.000000 0.000000 0.000000
    183 0.000000 0.000000 0.000000 0.000000 0.000000 0.000000
    184 0.000000 0.000000 0.000000 0.000000 0.000000 0.000000
    185 0.000000 0.000000 0.000000 0.000000 0.000000 0.000000
    186 0.000000 0.000000 0.000000 0.000000 0.000000 0.000000
    187 0.000000 0.000000 0.000000 0.000000 0.000000 0.000000
    188 0.000000 0.000000 0.000000 0.000000 0.000000 0.000000
    189 0.000000 0.000000 0.000000 0.000000 0.000000 0.000000
    190 0.000000 0.000000 0.000000 0.000000 0.000000 0.000000
    191 0.000000 0.000000 0.000000 -0.027804 0.000000 -0.000048
    192 0.000000 0.000000 0.000000 0.000000 0.000000 0.000000
    193 0.000000 0.000000 0.000000 0.000000 0.000000 0.000000
    194 0.000000 0.000000 0.000000 0.000000 -0.000012 -0.000016
    195 0.000000 0.000000 0.000000 0.000096 0.000000 0.000000
    196 0.000000 0.000000 0.000000 0.000000 0.000000 0.000000
    197 0.000000 0.000000 0.000000 0.000000 0.000000 0.000000
    198 0.000000 0.000000 0.000000 0.000000 0.000000 0.000000
    199 0.000000 0.000000 0.000000 0.000000 0.000000 0.000000
    200 0.000000 0.000000 0.000000 0.000000 0.000000 0.000000
    201 0.000000 0.000000 0.000000 0.000000 0.000000 0.000000
    202 0.000000 0.000000 0.000000 0.000000 0.000000 0.000000
    203 0.000000 0.000000 0.000000 0.000000 0.000000 0.000000
    204 0.000000 0.000000 0.000000 0.000000 0.000000 0.000000
    205 0.000000 0.000000 0.000000 0.000000 0.000000 0.000000
    206 0.000000 0.000000 0.000000 0.004893 0.000000 0.000000
    207 0.000000 0.000000 0.000000 0.000000 0.000000 0.000000
    208 0.000000 0.000000 0.000000 0.000000 0.000000 0.000000
    209 0.000000 0.000000 0.000000 0.000000 -0.000012 0.000016
    210 0.000000 0.000000 0.000000 0.000000 0.000000 0.000000
    211 0.000000 0.000000 0.000000 0.000000 0.000000 0.000000
    212 0.000000 0.000000 0.000000 0.000000 0.000000 0.000000
    213 0.000000 0.000000 0.000000 0.000000 0.000000 0.000000
    214 0.000000 0.000000 0.000000 0.000000 0.000000 0.000000
    215 0.000000 0.000000 0.000000 0.000000 0.000000 0.000000
    216 0.000000 0.000000 0.000000 0.000000 0.000000 0.000000
    217 0.000000 0.000000 0.000000 0.000000 0.000000 0.000000
    218 0.000000 0.000000 0.000000 0.000000 0.000000 0.000000
    219 0.000000 0.000000 0.000000 0.000000 0.000000 0.000000
    220 0.000000 0.000000 0.000000 0.000000 0.000000 0.000000
    221 0.000000 0.000000 0.000000 0.000000 0.000000 0.000000
    222 0.000000 0.000000 0.000000 0.000000 0.000000 0.000000
    223 0.000000 0.000000 0.000000 0.000000 0.000000 0.000000
    224 0.000000 0.000000 0.000000 0.000000 0.000000 0.000000
    225 0.000000 0.000000 0.000000 0.000000 0.000000 0.000000
    226 0.000000 0.000000 0.000000 0.000000 0.000000 0.000000
    227 1.003937 0.054689 -0.484390 -0.022718 0.056685 0.022843
    228 0.000000 0.000000 0.000000 0.000000 0.000000 0.000000
    229 0.000000 0.000000 0.000000 0.000000 0.000000 0.000000
    230 0.000000 0.000000 0.000000 0.004207 0.002804 -0.000288
    231 0.000000 0.000000 0.000000 0.000000 0.000000 0.000000
    232 0.000000 0.000000 0.000000 0.000000 0.000000 0.000000
    233 0.000000 0.000000 0.000000 0.000000 0.000000 0.000000
    234 0.000000 0.000000 0.000000 0.000000 0.000000 -1.570796
    235 0.000000 0.000000 0.000000 0.000000 0.000000 0.000000
    236 0.000000 0.000000 0.000000 0.000000 0.000000 0.000000
    237 0.000000 0.000000 0.000000 0.000000 0.000000 0.000000
    238 0.000000 0.000000 0.000000 0.000000 0.000000 0.000000
    239 0.000000 0.000000 0.000000 0.000000 0.000000 0.000000
    240 0.000000 0.000000 0.000000 0.000000 0.000000 0.000000
    241 0.000000 0.000000 0.000000 0.000000 0.000000 0.000000
    242 0.000000 0.000000 0.000000 0.000000 0.000000 0.000000
    243 0.000000 0.000000 0.000000 0.000000 0.000000 0.000000
    244 0.000000 0.000000 0.000000 0.000000 0.000000 0.000000
    245 0.000000 0.000000 0.000000 0.000000 0.000000 0.000000
    246 0.000000 0.000000 0.000000 0.000000 0.000000 -1.570796
  time 11
    0 0.000000 0.000000 0.000000 0.000000 0.000000 -1.570796
    1 0.000000 0.000000 0.000000 0.000000 0.000000 0.000000
    2 0.000000 0.000000 0.000000 0.000000 0.000000 0.000000
    3 0.000000 0.000000 0.000000 0.000000 0.000000 0.000000
    4 0.000000 0.000000 0.000000 0.000000 0.000000 0.000000
    5 0.000000 0.000000 0.000000 0.000000 0.000000 0.000000
    6 0.000000 0.000000 0.000000 0.000000 0.000000 0.000000
    7 0.000000 0.000000 0.000000 0.000000 0.000000 0.000000
    8 0.000000 0.000000 0.000000 0.000000 0.000000 0.000000
    9 0.000000 0.000000 0.000000 -0.001338 -0.006319 -0.003784
    10 0.000000 0.000000 0.000000 0.000000 0.000000 0.000000
    11 0.000000 0.000000 0.000000 0.008550 0.031161 -0.018935
    12 0.000000 0.000000 0.000000 0.000000 0.000000 0.000000
    13 0.000000 0.000000 0.000000 0.002411 0.000060 -0.000048
    14 0.000000 0.000000 0.000000 0.000036 -0.000036 0.014499
    15 0.000000 0.000000 0.000000 0.000000 0.000000 0.000000
    16 0.000000 0.000000 0.000000 -0.009892 -0.000012 0.000000
    17 0.000000 0.000000 0.000000 0.000000 0.000084 0.026593
    18 0.000000 0.000000 0.000000 0.000000 0.000000 0.000000
    19 0.000000 0.000000 0.000000 -0.008768 0.000000 0.000000
    20 -0.023438 0.011719 0.000000 0.000012 0.000048 -0.007365
    21 0.000000 0.000000 0.000000 0.020413 -0.018394 0.054866
    22 0.000000 0.000000 0.000000 0.000000 0.000000 0.000000
    23 0.000000 0.000000 0.000000 0.117179 0.000000 0.000060
    24 -0.027345 0.011719 0.000000 -0.000072 -0.000024 -0.013324
    25 0.000000 0.000000 0.000000 0.047931 -0.081717 0.029338
    26 0.000000 0.000000 0.000000 0.000000 0.000000 0.000000
    27 0.000000 0.000000 0.000000 0.000000 -0.000012 0.000048
    28 0.000000 0.000000 0.000000 0.000000 0.000000 0.000000
    29 0.000000 0.000000 0.000000 0.000000 0.000000 0.000048
    30 0.000000 0.000000 0.000000 0.000108 0.000000 0.000000
    31 0.000000 0.000000 0.000000 0.000000 -0.000023 0.000000
    32 0.000000 0.000000 0.000000 0.000000 0.000000 0.000000
    33 0.000000 0.000000 0.000000 0.000000 -0.000036 0.000036
    34 0.000000 0.000000 0.000000 0.000000 0.000012 0.000048
    35 0.000000 0.000000 0.000000 0.000000 0.000012 0.000048
    36 0.000000 0.000000 0.000000 0.000000 0.000012 0.000012
    37 0.000000 0.000000 0.000000 -0.000033 -0.000020 0.000000
    38 0.000000 0.000000 0.000000 0.000000 0.000000 0.000000
    39 0.000000 0.000000 0.000000 0.000000 0.000000 -0.000040
    40 0.000000 0.000000 0.000000 0.000023 0.000037 -0.000042
    41 0.000000 0.000000 0.000000 -0.000039 -0.000024 -0.000043
    42 0.000000 0.000000 0.000000 0.000000 0.000000 0.000000
    43 0.000000 0.000000 0.000000 0.000000 0.000000 0.000000
    44 0.000000 0.000000 0.000000 0.000042 0.000018 0.000000
    45 0.000000 0.000000 0.000000 0.000000 0.000000 0.000000
    46 0.000000 0.000000 0.000000 0.000000 0.000000 0.000000
    47 0.000000 0.000000 0.000000 0.000018 0.000000 0.000000
    48 0.000000 0.000000 0.000000 0.000016 0.000000 0.000032
    49 0.000000 0.000000 0.000000 0.000000 -0.000060 0.000000
    50 0.000000 0.000000 0.000000 0.000000 0.000000 0.000000
    51 0.000000 0.000000 0.000000 -0.000028 0.000000 0.000000
    52 0.000000 0.000000 0.000000 0.000013 -0.000012 -0.000017
    53 0.000000 0.000000 0.000000 0.000000 0.000000 0.000000
    54 0.000000 0.000000 0.000000 0.000000 0.000000 0.000000
    55 0.000000 0.000000 0.000000 0.000000 0.000000 0.000000
    56 0.000000 0.000000 0.000000 0.000000 0.000000 0.000000
    57 0.000000 0.000000 0.000000 0.000000 0.000000 0.000000
    58 0.000000 0.000000 0.000000 0.000000 0.000000 0.000000
    59 0.000000 0.000000 0.000000 0.000000 -0.000060 -0.000047
    60 0.000000 0.000000 0.000000 0.000000 0.000000 0.000000
    61 0.000000 0.000000 0.000000 0.000000 0.000000 0.000000
    62 0.000000 0.000000 0.000000 0.000000 0.000000 0.000000
    63 0.000000 0.000000 0.000000 0.000000 0.000000 0.000000
    64 0.000000 0.000000 0.000000 0.000000 0.000000 0.000000
    65 0.000000 0.000000 0.000000 -0.000060 0.000048 0.000051
    66 0.000000 0.000000 0.000000 0.000000 0.000000 0.000000
    67 0.000000 0.000000 0.000000 0.000000 0.000000 0.000000
    68 0.000000 0.000000 0.000000 0.000000 0.000000 0.000000
    69 0.000000 0.000000 0.000000 0.000000 0.000000 0.000000
    70 0.000000 0.000000 0.000000 0.000036 -0.000036 0.000000
    71 0.000000 0.000000 0.000000 0.000000 0.000000 0.000000
    72 0.000000 0.000000 0.000000 0.000000 0.000000 0.000000
    73 0.000000 0.000000 0.000000 0.000000 0.000000 0.000000
    74 0.000000 0.000000 0.000000 0.000000 -0.000024 0.000000
    75 0.000000 0.000000 0.000000 0.000000 0.000000 0.000000
    76 0.000000 0.000000 0.000000 0.000000 0.000000 0.000000
    77 0.000000 0.000000 0.000000 -0.000012 0.000012 0.000000
    78 0.000000 0.000000 0.000000 0.000000 0.000000 0.000000
    79 0.000000 0.000000 0.000000 0.000000 0.000000 0.000000
    80 0.000000 0.000000 0.000000 0.000000 0.000024 0.000000
    81 0.000000 0.000000 0.000000 0.000000 0.000000 0.000000
    82 0.000000 0.000000 0.000000 0.000000 0.000000 0.000000
    83 0.000000 0.000000 0.000000 0.000000 0.000000 0.000000
    84 0.000000 0.000000 0.000000 0.000000 0.000000 0.000000
    85 0.000000 0.000000 0.000000 0.000036 -0.000012 0.000000
    86 0.000000 0.000000 0.000000 0.000000 0.000000 0.000000
    87 0.000000 0.000000 0.000000 0.000000 0.000000 0.000000
    88 0.000000 0.000000 0.000000 0.000000 0.000000 0.000000
    89 0.000000 0.000000 0.000000 0.000036 -0.000012 0.000000
    90 0.000000 0.000000 0.000000 0.000000 0.000000 0.000000
    91 0.000000 0.000000 0.000000 0.000000 0.000000 0.000000
    92 0.000000 0.000000 0.000000 0.000000 0.000000 0.000000
    93 0.000000 0.000000 0.000000 0.000000 0.000000 0.000000
    94 0.000000 0.000000 0.000000 0.000000 0.000000 0.000000
    95 0.000000 0.000000 0.000000 0.000000 0.000000 0.000000
    96 0.000000 0.000000 0.000000 0.000000 -0.000012 0.000000
    97 0.000000 0.000000 0.000000 0.000000 0.000000 0.000000
    98 0.000000 0.000000 0.000000 0.000000 0.000000 0.000000
    99 0.000000 0.000000 0.000000 0.000000 0.000000 0.000000
    100 0.000000 0.000000 0.000000 0.000012 0.000000 0.000000
    101 0.000000 0.000000 0.000000 0.000000 0.000000 0.000000
    102 0.000000 0.000000 0.000000 0.000000 0.000000 0.000000
    103 0.000000 0.000000 0.000000 0.000000 0.000000 0.000000
    104 0.000000 0.000000 0.000000 0.000000 0.000000 0.000000
    105 0.000000 0.000000 0.000000 0.000000 0.000000 0.000000
    106 0.000000 0.000000 0.000000 0.000000 0.000000 0.000000
    107 0.000000 0.000000 0.000000 0.000000 0.000000 0.000000
    108 0.000000 0.000000 0.000000 0.000000 0.000000 0.000000
    109 0.000000 0.000000 0.000000 0.000000 0.000000 0.000000
    110 0.000000 0.000000 0.000000 0.000000 0.000000 0.000000
    111 0.000000 0.000000 0.000000 0.000000 0.000000 -1.570796
    112 -0.328135 -0.484390 0.117191 0.041941 0.048207 -1.537324
    113 0.000000 0.000000 0.000000 0.000000 0.000000 0.000000
    114 0.007813 -0.464858 -0.355480 0.041943 0.046686 -1.537327
    115 0.000000 0.000000 0.000000 0.000000 0.000000 0.000000
    116 0.000000 0.000000 0.000000 0.000000 0.000000 0.000000
    117 0.000000 0.000000 0.000000 0.000000 0.000000 0.000000
    118 0.000000 0.000000 0.000000 0.000000 0.000000 0.000000
    119 0.000000 0.000000 0.000000 0.000000 0.000000 0.000000
    120 0.000000 0.000000 0.000000 0.000000 0.000000 0.000000
    121 0.000000 0.000000 0.000000 0.000000 0.000000 0.000000
    122 0.000000 0.000000 0.000000 0.000000 0.000000 0.000000
    123 0.000000 0.000000 0.000000 0.000000 0.000000 0.000000
    124 0.000000 0.000000 0.000000 0.000000 0.000000 0.000000
    125 0.000000 0.000000 0.000000 0.000000 0.000000 0.000000
    126 0.000000 0.000000 0.000000 0.000000 0.000000 0.000000
    127 0.000000 0.000000 0.000000 0.000000 0.000000 0.000000
    128 0.000000 0.000000 0.000000 0.000000 0.000000 0.000000
    129 0.000000 0.000000 0.000000 0.000000 0.000000 0.000000
    130 0.000000 0.000000 0.000000 0.000000 0.000000 0.000000
    131 0.000000 0.000000 0.000000 0.000000 0.000000 0.000000
    132 0.000000 0.000000 0.000000 0.000000 0.000000 0.000000
    133 0.000000 0.000000 0.000000 0.000000 0.000000 0.000000
    134 0.000000 0.000000 0.000000 0.000000 0.000000 0.000000
    135 0.000000 0.000000 0.000000 0.000000 0.000000 0.000000
    136 0.000000 0.000000 0.000000 0.000000 0.000000 0.000000
    137 0.000000 0.000000 0.000000 0.000000 0.000000 0.000000
    138 0.000000 0.000000 0.000000 0.000000 0.000000 0.000000
    139 2.601642 -2.023499 -0.468764 -0.040364 -0.050078 -0.030572
    140 0.000000 0.000000 0.000000 0.000000 0.000000 0.000000
    141 0.000000 0.000000 0.000000 0.000000 0.000000 0.000000
    142 0.000000 0.000000 0.000000 0.000000 0.000000 0.000000
    143 0.000000 0.000000 0.000000 0.000000 0.000000 0.000000
    144 0.000000 0.000000 0.000000 0.000000 0.000000 0.000000
    145 0.000000 0.000000 0.000000 0.000000 0.000000 0.000000
    146 0.000000 0.000000 0.000000 0.000000 0.000000 0.000000
    147 0.000000 0.000000 0.000000 0.000000 0.000000 0.000000
    148 0.000000 0.000000 0.000000 0.000000 0.000000 0.000000
    149 0.000000 0.000000 0.000000 0.000000 0.000000 0.000000
    150 0.000000 0.000000 0.000000 0.000000 0.000000 0.000000
    151 0.000000 0.000000 0.000000 0.000000 0.000000 0.000000
    152 0.000000 0.000000 0.000000 0.000000 0.000000 0.000000
    153 0.000000 0.000000 0.000000 0.000000 0.000000 0.000000
    154 0.000000 0.000000 0.000000 0.000000 0.000000 0.000000
    155 0.000000 0.000000 0.000000 0.000000 0.000000 0.000000
    156 0.000000 0.000000 0.000000 0.000000 0.000000 0.000000
    157 0.000000 0.000000 0.000000 0.000000 0.000000 0.000000
    158 0.000000 0.000000 0.000000 0.000000 0.000000 0.000000
    159 0.000000 0.000000 0.000000 0.000000 0.000000 0.000000
    160 0.000000 0.000000 0.000000 0.000000 0.000000 0.000000
    161 0.000000 0.000000 0.000000 0.000000 0.000000 0.000000
    162 0.000000 0.000000 0.000000 0.000000 0.000000 0.000000
    163 0.000000 0.000000 0.000000 0.000000 0.000000 0.000000
    164 0.000000 0.000000 0.000000 0.000000 0.000000 0.000000
    165 0.000000 0.000000 0.000000 0.000000 0.000000 0.000000
    166 0.000000 0.000000 0.000000 0.000000 0.000000 0.000000
    167 0.000000 0.000000 0.000000 0.000000 0.000000 0.000000
    168 0.000000 0.000000 0.000000 0.000000 0.000000 0.000000
    169 0.000000 0.000000 0.000000 0.000000 0.000000 0.000000
    170 0.000000 0.000000 0.000000 0.000000 0.000000 0.000000
    171 0.000000 0.000000 0.000000 0.000000 0.000000 0.000000
    172 0.000000 0.000000 0.000000 0.000000 0.000000 0.000000
    173 0.000000 0.000000 0.000000 0.000000 0.000000 0.000000
    174 0.000000 0.000000 0.000000 0.000004 -0.000689 0.000000
    175 0.000000 0.000000 0.000000 0.000000 0.000000 0.000000
    176 0.000000 0.000000 0.000000 0.000000 0.000000 0.000000
    177 0.000000 0.000000 0.000000 0.000000 0.000000 0.000000
    178 0.000000 0.000000 0.000000 0.000000 0.000000 0.000000
    179 0.000000 0.000000 0.000000 0.000000 0.000000 0.000000
    180 0.000000 0.000000 0.000000 0.000000 0.000000 0.000000
    181 0.000000 0.000000 0.000000 0.000000 0.000000 0.000000
    182 0.000000 0.000000 0.000000 0.000000 0.000000 0.000000
    183 0.000000 0.000000 0.000000 0.000000 0.000000 0.000000
    184 0.000000 0.000000 0.000000 0.000000 0.000000 0.000000
    185 0.000000 0.000000 0.000000 0.000000 0.000000 0.000000
    186 0.000000 0.000000 0.000000 0.000000 0.000000 0.000000
    187 0.000000 0.000000 0.000000 0.000000 0.000000 0.000000
    188 0.000000 0.000000 0.000000 0.000000 0.000000 0.000000
    189 0.000000 0.000000 0.000000 0.000000 0.000000 0.000000
    190 0.000000 0.000000 0.000000 0.000000 0.000000 0.000000
    191 0.000000 0.000000 0.000000 -0.010941 0.000000 -0.000048
    192 0.000000 0.000000 0.000000 0.000000 0.000000 0.000000
    193 0.000000 0.000000 0.000000 0.000000 0.000000 0.000000
    194 0.000000 0.000000 0.000000 0.000000 0.000000 -0.000016
    195 0.000000 0.000000 0.000000 0.000096 0.000000 0.000000
    196 0.000000 0.000000 0.000000 0.000000 0.000000 0.000000
    197 0.000000 0.000000 0.000000 0.000000 0.000000 0.000000
    198 0.000000 0.000000 0.000000 0.000000 0.000000 0.000000
    199 0.000000 0.000000 0.000000 0.000000 0.000000 0.000000
    200 0.000000 0.000000 0.000000 0.000000 0.000000 0.000000
    201 0.000000 0.000000 0.000000 0.000000 0.000000 0.000000
    202 0.000000 0.000000 0.000000 0.000000 0.000000 0.000000
    203 0.000000 0.000000 0.000000 0.000000 0.000000 0.000000
    204 0.000000 0.000000 0.000000 0.000000 0.000000 0.000000
    205 0.000000 0.000000 0.000000 0.000000 0.000000 0.000000
    206 0.000000 0.000000 0.000000 0.058630 0.000000 0.000000
    207 0.000000 0.000000 0.000000 0.000000 0.000000 0.000000
    208 0.000000 0.000000 0.000000 0.000000 0.000000 0.000000
    209 0.000000 0.000000 0.000000 0.000000 0.000000 0.000016
    210 0.000000 0.000000 0.000000 0.000000 0.000000 0.000000
    211 0.000000 0.000000 0.000000 0.000000 0.000000 0.000000
    212 0.000000 0.000000 0.000000 0.000000 0.000000 0.000000
    213 0.000000 0.000000 0.000000 0.000000 0.000000 0.000000
    214 0.000000 0.000000 0.000000 0.000000 0.000000 0.000000
    215 0.000000 0.000000 0.000000 0.000000 0.000000 0.000000
    216 0.000000 0.000000 0.000000 0.000000 0.000000 0.000000
    217 0.000000 0.000000 0.000000 0.000000 0.000000 0.000000
    218 0.000000 0.000000 0.000000 0.000000 0.000000 0.000000
    219 0.000000 0.000000 0.000000 0.000000 0.000000 0.000000
    220 0.000000 0.000000 0.000000 0.000000 0.000000 0.000000
    221 0.000000 0.000000 0.000000 0.000000 0.000000 0.000000
    222 0.000000 0.000000 0.000000 0.000000 0.000000 0.000000
    223 0.000000 0.000000 0.000000 0.000000 0.000000 0.000000
    224 0.000000 0.000000 0.000000 0.000000 0.000000 0.000000
    225 0.000000 0.000000 0.000000 0.000000 0.000000 0.000000
    226 0.000000 0.000000 0.000000 0.000000 0.000000 0.000000
    227 0.468764 0.007813 -0.386731 0.041941 0.048200 0.033473
    228 0.000000 0.000000 0.000000 0.000000 0.000000 0.000000
    229 0.000000 0.000000 0.000000 0.000000 0.000000 0.000000
    230 0.000000 0.000000 0.000000 -0.002649 0.001091 -0.000455
    231 0.000000 0.000000 0.000000 0.000000 0.000000 0.000000
    232 0.000000 0.000000 0.000000 0.000000 0.000000 0.000000
    233 0.000000 0.000000 0.000000 0.000000 0.000000 0.000000
    234 0.000000 0.000000 0.000000 0.000000 0.000000 -1.570796
    235 0.000000 0.000000 0.000000 0.000000 0.000000 0.000000
    236 0.000000 0.000000 0.000000 0.000000 0.000000 0.000000
    237 0.000000 0.000000 0.000000 0.000000 0.000000 0.000000
    238 0.000000 0.000000 0.000000 0.000000 0.000000 0.000000
    239 0.000000 0.000000 0.000000 0.000000 0.000000 0.000000
    240 0.000000 0.000000 0.000000 0.000000 0.000000 0.000000
    241 0.000000 0.000000 0.000000 0.000000 0.000000 0.000000
    242 0.000000 0.000000 0.000000 0.000000 0.000000 0.000000
    243 0.000000 0.000000 0.000000 0.000000 0.000000 0.000000
    244 0.000000 0.000000 0.000000 0.000000 0.000000 0.000000
    245 0.000000 0.000000 0.000000 0.000000 0.000000 0.000000
    246 0.000000 0.000000 0.000000 0.000000 0.000000 -1.570796
  time 12
    0 0.000000 0.000000 0.000000 0.000000 0.000000 -1.570796
    1 0.000000 0.000000 0.000000 0.000000 0.000000 0.000000
    2 0.000000 0.000000 0.000000 0.000000 0.000000 0.000000
    3 0.000000 0.000000 0.000000 0.000000 0.000000 0.000000
    4 0.000000 0.000000 0.000000 0.000000 0.000000 0.000000
    5 0.000000 0.000000 0.000000 0.000000 0.000000 0.000000
    6 0.000000 0.000000 0.000000 0.000000 0.000000 0.000000
    7 0.000000 0.000000 0.000000 0.000000 0.000000 0.000000
    8 0.000000 0.000000 0.000000 0.000000 0.000000 0.000000
    9 0.000000 0.000000 0.000000 0.001338 0.005708 0.011168
    10 0.000000 0.000000 0.000000 0.000000 0.000000 0.000000
    11 0.000000 0.000000 0.000000 0.003787 0.013933 0.005979
    12 0.000000 0.000000 0.000000 0.000000 0.000000 0.000000
    13 0.000000 0.000000 0.000000 -0.004868 0.000000 0.000000
    14 0.000000 0.000000 0.000000 0.000036 0.000120 -0.030455
    15 0.000000 0.000000 0.000000 0.000000 0.000000 0.000000
    16 0.000000 0.000000 0.000000 -0.000132 0.000000 0.000000
    17 0.000000 0.000000 0.000000 0.000084 0.000000 -0.021096
    18 0.000000 0.000000 0.000000 0.000000 0.000000 0.000000
    19 0.000000 0.000000 0.000000 -0.001008 -0.000024 0.000000
    20 0.023438 -0.011719 0.000000 -0.000012 -0.000048 0.015209
    21 0.000000 0.000000 0.000000 0.041735 -0.034997 0.054067
    22 0.000000 0.000000 0.000000 0.000000 0.000000 0.000000
    23 0.000000 0.000000 0.000000 0.094809 0.000000 0.000060
    24 0.019532 -0.003906 0.000000 -0.000048 0.000024 0.010567
    25 0.000000 0.000000 0.000000 0.034420 -0.053734 0.037073
    26 0.000000 0.000000 0.000000 0.000000 0.000000 0.000000
    27 0.000000 0.000000 0.000000 0.000000 -0.000012 0.000036
    28 0.000000 0.000000 0.000000 0.000000 0.000000 0.000000
    29 0.000000 0.000000 0.000000 0.000000 0.000000 0.000048
    30 0.000000 0.000000 0.000000 0.000108 0.000000 0.000000
    31 0.000000 0.000000 0.000000 0.000000 -0.000023 0.000000
    32 0.000000 0.000000 0.000000 0.000000 0.000000 0.000000
    33 0.000000 0.000000 0.000000 0.000000 -0.000024 0.000024
    34 0.000000 0.000000 0.000000 0.000000 0.000012 0.000048
    35 0.000000 0.000000 0.000000 0.000000 0.000012 0.000036
    36 0.000000 0.000000 0.000000 0.000000 0.000012 0.000012
    37 0.000000 0.000000 0.000000 -0.000033 -0.000020 0.000000
    38 0.000000 0.000000 0.000000 0.000000 0.000000 0.000000
    39 0.000000 0.000000 0.000000 0.000000 0.000000 0.000000
    40 0.000000 0.000000 0.000000 0.000000 0.000019 -0.000042
    41 0.000000 0.000000 0.000000 -0.000020 -0.000024 -0.000043
    42 0.000000 0.000000 0.000000 0.000000 0.000000 0.000000
    43 0.000000 0.000000 0.000000 0.000000 0.000000 0.000000
    44 0.000000 0.000000 0.000000 0.000042 0.000018 0.000000
    45 0.000000 0.000000 0.000000 0.000000 0.000000 0.000000
    46 0.000000 0.000000 0.000000 0.000000 0.000000 0.000000
    47 0.000000 0.000000 0.000000 0.000018 0.000000 0.000000
    48 0.000000 0.000000 0.000000 0.000016 0.000000 0.000032
    49 0.000000 0.000000 0.000000 0.000000 -0.000048 0.000000
    50 0.000000 0.000000 0.000000 0.000000 0.000000 0.000000
    51 0.000000 0.000000 0.000000 -0.000028 0.000000 0.000000
    52 0.000000 0.000000 0.000000 0.000013 -0.000012 -0.000017
    53 0.000000 0.000000 0.000000 0.000000 0.000000 0.000000
    54 0.000000 0.000000 0.000000 0.000000 0.000000 0.000000
    55 0.000000 0.000000 0.000000 0.000000 0.000000 0.000000
    56 0.000000 0.000000 0.000000 0.000000 0.000000 0.000000
    57 0.000000 0.000000 0.000000 0.000000 0.000000 0.000000
    58 0.000000 0.000000 0.000000 0.000000 0.000000 0.000000
    59 0.000000 0.000000 0.000000 0.000000 -0.000048 -0.000047
    60 0.000000 0.000000 0.000000 0.000000 0.000000 0.000000
    61 0.000000 0.000000 0.000000 0.000000 0.000000 0.000000
    62 0.000000 0.000000 0.000000 0.000000 0.000000 0.000000
    63 0.000000 0.000000 0.000000 0.000000 0.000000 0.000000
    64 0.000000 0.000000 0.000000 0.000000 0.000000 0.000000
    65 0.000000 0.000000 0.000000 -0.000048 0.000048 0.000051
    66 0.000000 0.000000 0.000000 0.000000 0.000000 0.000000
    67 0.000000 0.000000 0.000000 0.000000 0.000000 0.000000
    68 0.000000 0.000000 0.000000 0.000000 0.000000 0.000000
    69 0.000000 0.000000 0.000000 0.000000 0.000000 0.000000
    70 0.000000 0.000000 0.000000 0.000036 -0.000024 0.000000
    71 0.000000 0.000000 0.000000 0.000000 0.000000 0.000000
    72 0.000000 0.000000 0.000000 0.000000 0.000000 0.000000
    73 0.000000 0.000000 0.000000 0.000000 0.000000 0.000000
    74 0.000000 0.000000 0.000000 0.000000 -0.000024 0.000000
    75 0.000000 0.000000 0.000000 0.000000 0.000000 0.000000
    76 0.000000 0.000000 0.000000 0.000000 0.000000 0.000000
    77 0.000000 0.000000 0.000000 -0.000012 0.000000 0.000000
    78 0.000000 0.000000 0.000000 0.000000 0.000000 0.000000
    79 0.000000 0.000000 0.000000 0.000000 0.000000 0.000000
    80 0.000000 0.000000 0.000000 0.000000 0.000024 0.000000
    81 0.000000 0.000000 0.000000 0.000000 0.000000 0.000000
    82 0.000000 0.000000 0.000000 0.000000 0.000000 0.000000
    83 0.000000 0.000000 0.000000 0.000000 0.000000 0.000000
    84 0.000000 0.000000 0.000000 0.000000 0.000000 0.000000
    85 0.000000 0.000000 0.000000 0.000036 -0.000012 0.000000
    86 0.000000 0.000000 0.000000 0.000000 0.000000 0.000000
    87 0.000000 0.000000 0.000000 0.000000 0.000000 0.000000
    88 0.000000 0.000000 0.000000 0.000000 0.000000 0.000000
    89 0.000000 0.000000 0.000000 0.000024 -0.000012 0.000000
    90 0.000000 0.000000 0.000000 0.000000 0.000000 0.000000
    91 0.000000 0.000000 0.000000 0.000000 0.000000 0.000000
    92 0.000000 0.000000 0.000000 0.000000 0.000000 0.000000
    93 0.000000 0.000000 0.000000 0.000000 0.000000 0.000000
    94 0.000000 0.000000 0.000000 0.000000 0.000000 0.000000
    95 0.000000 0.000000 0.000000 0.000000 0.000000 0.000000
    96 0.000000 0.000000 0.000000 0.000000 -0.000012 0.000000
    97 0.000000 0.000000 0.000000 0.000000 0.000000 0.000000
    98 0.000000 0.000000 0.000000 0.000000 0.000000 0.000000
    99 0.000000 0.000000 0.000000 0.000000 0.000000 0.000000
    100 0.000000 0.000000 0.000000 0.000012 0.000000 0.000000
    101 0.000000 0.000000 0.000000 0.000000 0.000000 0.000000
    102 0.000000 0.000000 0.000000 0.000000 0.000000 0.000000
    103 0.000000 0.000000 0.000000 0.000000 0.000000 0.000000
    104 0.000000 0.000000 0.000000 0.000000 0.000000 0.000000
    105 0.000000 0.000000 0.000000 0.000000 0.000000 0.000000
    106 0.000000 0.000000 0.000000 0.000000 0.000000 0.000000
    107 0.000000 0.000000 0.000000 0.000000 0.000000 0.000000
    108 0.000000 0.000000 0.000000 0.000000 0.000000 0.000000
    109 0.000000 0.000000 0.000000 0.000000 0.000000 0.000000
    110 0.000000 0.000000 0.000000 0.000000 0.000000 0.000000
    111 0.000000 0.000000 0.000000 0.000000 0.000000 -1.570796
    112 -0.289071 0.039064 0.070315 0.042466 0.029635 -1.544410
    113 0.000000 0.000000 0.000000 0.000000 0.000000 0.000000
    114 -0.019532 0.042970 -0.234382 0.042496 0.029693 -1.544412
    115 0.000000 0.000000 0.000000 0.000000 0.000000 0.000000
    116 0.000000 0.000000 0.000000 0.000000 0.000000 0.000000
    117 0.000000 0.000000 0.000000 0.000000 0.000000 0.000000
    118 0.000000 0.000000 0.000000 0.000000 0.000000 0.000000
    119 0.000000 0.000000 0.000000 0.000000 0.000000 0.000000
    120 0.000000 0.000000 0.000000 0.000000 0.000000 0.000000
    121 0.000000 0.000000 0.000000 0.000000 0.000000 0.000000
    122 0.000000 0.000000 0.000000 0.000000 0.000000 0.000000
    123 0.000000 0.000000 0.000000 0.000000 0.000000 0.000000
    124 0.000000 0.000000 0.000000 0.000000 0.000000 0.000000
    125 0.000000 0.000000 0.000000 0.000000 0.000000 0.000000
    126 0.000000 0.000000 0.000000 0.000000 0.000000 0.000000
    127 0.000000 0.000000 0.000000 0.000000 0.000000 0.000000
    128 0.000000 0.000000 0.000000 0.000000 0.000000 0.000000
    129 0.000000 0.000000 0.000000 0.000000 0.000000 0.000000
    130 0.000000 0.000000 0.000000 0.000000 0.000000 0.000000
    131 0.000000 0.000000 0.000000 0.000000 0.000000 0.000000
    132 0.000000 0.000000 0.000000 0.000000 0.000000 0.000000
    133 0.000000 0.000000 0.000000 0.000000 0.000000 0.000000
    134 0.000000 0.000000 0.000000 0.000000 0.000000 0.000000
    135 0.000000 0.000000 0.000000 0.000000 0.000000 0.000000
    136 0.000000 0.000000 0.000000 0.000000 0.000000 0.000000
    137 0.000000 0.000000 0.000000 0.000000 0.000000 0.000000
    138 0.000000 0.000000 0.000000 0.000000 0.000000 0.000000
    139 1.953185 -2.148503 -0.343760 -0.041694 -0.031163 -0.024591
    140 0.000000 0.000000 0.000000 0.000000 0.000000 0.000000
    141 0.000000 0.000000 0.000000 0.000000 0.000000 0.000000
    142 0.000000 0.000000 0.000000 0.000000 0.000000 0.000000
    143 0.000000 0.000000 0.000000 0.000000 0.000000 0.000000
    144 0.000000 0.000000 0.000000 0.000000 0.000000 0.000000
    145 0.000000 0.000000 0.000000 0.000000 0.000000 0.000000
    146 0.000000 0.000000 0.000000 0.000000 0.000000 0.000000
    147 0.000000 0.000000 0.000000 0.000000 0.000000 0.000000
    148 0.000000 0.000000 0.000000 0.000000 0.000000 0.000000
    149 0.000000 0.000000 0.000000 0.000000 0.000000 0.000000
    150 0.000000 0.000000 0.000000 0.000000 0.000000 0.000000
    151 0.000000 0.000000 0.000000 0.000000 0.000000 0.000000
    152 0.000000 0.000000 0.000000 0.000000 0.000000 0.000000
    153 0.000000 0.000000 0.000000 0.000000 0.000000 0.000000
    154 0.000000 0.000000 0.000000 0.000000 0.000000 0.000000
    155 0.000000 0.000000 0.000000 0.000000 0.000000 0.000000
    156 0.000000 0.000000 0.000000 0.000000 0.000000 0.000000
    157 0.000000 0.000000 0.000000 0.000000 0.000000 0.000000
    158 0.000000 0.000000 0.000000 0.000000 0.000000 0.000000
    159 0.000000 0.000000 0.000000 0.000000 0.000000 0.000000
    160 0.000000 0.000000 0.000000 0.000000 0.000000 0.000000
    161 0.000000 0.000000 0.000000 0.000000 0.000000 0.000000
    162 0.000000 0.000000 0.000000 0.000000 0.000000 0.000000
    163 0.000000 0.000000 0.000000 0.000000 0.000000 0.000000
    164 0.000000 0.000000 0.000000 0.000000 0.000000 0.000000
    165 0.000000 0.000000 0.000000 0.000000 0.000000 0.000000
    166 0.000000 0.000000 0.000000 0.000000 0.000000 0.000000
    167 0.000000 0.000000 0.000000 0.000000 0.000000 0.000000
    168 0.000000 0.000000 0.000000 0.000000 0.000000 0.000000
    169 0.000000 0.000000 0.000000 0.000000 0.000000 0.000000
    170 0.000000 0.000000 0.000000 0.000000 0.000000 0.000000
    171 0.000000 0.000000 0.000000 0.000000 0.000000 0.000000
    172 0.000000 0.000000 0.000000 0.000000 0.000000 0.000000
    173 0.000000 0.000000 0.000000 0.000000 0.000000 0.000000
    174 0.000000 0.000000 0.000000 0.000004 -0.000689 0.000000
    175 0.000000 0.000000 0.000000 0.000000 0.000000 0.000000
    176 0.000000 0.000000 0.000000 0.000000 0.000000 0.000000
    177 0.000000 0.000000 0.000000 0.000000 0.000000 0.000000
    178 0.000000 0.000000 0.000000 0.000000 0.000000 0.000000
    179 0.000000 0.000000 0.000000 0.000000 0.000000 0.000000
    180 0.000000 0.000000 0.000000 0.000000 0.000000 0.000000
    181 0.000000 0.000000 0.000000 0.000000 0.000000 0.000000
    182 0.000000 0.000000 0.000000 0.000000 0.000000 0.000000
    183 0.000000 0.000000 0.000000 0.000000 0.000000 0.000000
    184 0.000000 0.000000 0.000000 0.000000 0.000000 0.000000
    185 0.000000 0.000000 0.000000 0.000000 0.000000 0.000000
    186 0.000000 0.000000 0.000000 0.000000 0.000000 0.000000
    187 0.000000 0.000000 0.000000 0.000000 0.000000 0.000000
    188 0.000000 0.000000 0.000000 0.000000 0.000000 0.000000
    189 0.000000 0.000000 0.000000 0.000000 0.000000 0.000000
    190 0.000000 0.000000 0.000000 0.000000 0.000000 0.000000
    191 0.000000 0.000000 0.000000 -0.001338 0.000000 0.000000
    192 0.000000 0.000000 0.000000 0.000000 0.000000 0.000000
    193 0.000000 0.000000 0.000000 0.000000 0.000000 0.000000
    194 0.000000 0.000000 0.000000 0.000000 0.000000 -0.000016
    195 0.000000 0.000000 0.000000 0.000096 0.000000 0.000000
    196 0.000000 0.000000 0.000000 0.000000 0.000000 0.000000
    197 0.000000 0.000000 0.000000 0.000000 0.000000 0.000000
    198 0.000000 0.000000 0.000000 0.000000 0.000000 0.000000
    199 0.000000 0.000000 0.000000 0.000000 0.000000 0.000000
    200 0.000000 0.000000 0.000000 0.000000 0.000000 0.000000
    201 0.000000 0.000000 0.000000 0.000000 0.000000 0.000000
    202 0.000000 0.000000 0.000000 0.000000 0.000000 0.000000
    203 0.000000 0.000000 0.000000 0.000000 0.000000 0.000000
    204 0.000000 0.000000 0.000000 0.000000 0.000000 0.000000
    205 0.000000 0.000000 0.000000 0.000000 0.000000 0.000000
    206 0.000000 0.000000 0.000000 0.047358 0.000000 0.000000
    207 0.000000 0.000000 0.000000 0.000000 0.000000 0.000000
    208 0.000000 0.000000 0.000000 0.000000 0.000000 0.000000
    209 0.000000 0.000000 0.000000 0.000000 0.000000 0.000016
    210 0.000000 0.000000 0.000000 0.000000 0.000000 0.000000
    211 0.000000 0.000000 0.000000 0.000000 0.000000 0.000000
    212 0.000000 0.000000 0.000000 0.000000 0.000000 0.000000
    213 0.000000 0.000000 0.000000 0.000000 0.000000 0.000000
    214 0.000000 0.000000 0.000000 0.000000 0.000000 0.000000
    215 0.000000 0.000000 0.000000 0.000000 0.000000 0.000000
    216 0.000000 0.000000 0.000000 0.000000 0.000000 0.000000
    217 0.000000 0.000000 0.000000 0.000000 0.000000 0.000000
    218 0.000000 0.000000 0.000000 0.000000 0.000000 0.000000
    219 0.000000 0.000000 0.000000 0.000000 0.000000 0.000000
    220 0.000000 0.000000 0.000000 0.000000 0.000000 0.000000
    221 0.000000 0.000000 0.000000 0.000000 0.000000 0.000000
    222 0.000000 0.000000 0.000000 0.000000 0.000000 0.000000
    223 0.000000 0.000000 0.000000 0.000000 0.000000 0.000000
    224 0.000000 0.000000 0.000000 0.000000 0.000000 0.000000
    225 0.000000 0.000000 0.000000 0.000000 0.000000 0.000000
    226 0.000000 0.000000 0.000000 0.000000 0.000000 0.000000
    227 -0.046876 -0.019532 -0.242195 0.042466 0.029675 0.026386
    228 0.000000 0.000000 0.000000 0.000000 0.000000 0.000000
    229 0.000000 0.000000 0.000000 0.000000 0.000000 0.000000
    230 0.000000 0.000000 0.000000 -0.009516 -0.000611 -0.000599
    231 0.000000 0.000000 0.000000 0.000000 0.000000 0.000000
    232 0.000000 0.000000 0.000000 0.000000 0.000000 0.000000
    233 0.000000 0.000000 0.000000 0.000000 0.000000 0.000000
    234 0.000000 0.000000 0.000000 0.000000 0.000000 -1.570796
    235 0.000000 0.000000 0.000000 0.000000 0.000000 0.000000
    236 0.000000 0.000000 0.000000 0.000000 0.000000 0.000000
    237 0.000000 0.000000 0.000000 0.000000 0.000000 0.000000
    238 0.000000 0.000000 0.000000 0.000000 0.000000 0.000000
    239 0.000000 0.000000 0.000000 0.000000 0.000000 0.000000
    240 0.000000 0.000000 0.000000 0.000000 0.000000 0.000000
    241 0.000000 0.000000 0.000000 0.000000 0.000000 0.000000
    242 0.000000 0.000000 0.000000 0.000000 0.000000 0.000000
    243 0.000000 0.000000 0.000000 0.000000 0.000000 0.000000
    244 0.000000 0.000000 0.000000 0.000000 0.000000 0.000000
    245 0.000000 0.000000 0.000000 0.000000 0.000000 0.000000
    246 0.000000 0.000000 0.000000 0.000000 0.000000 -1.570796
  time 13
    0 0.000000 0.000000 0.000000 0.000000 0.000000 -1.570796
    1 0.000000 0.000000 0.000000 0.000000 0.000000 0.000000
    2 0.000000 0.000000 0.000000 0.000000 0.000000 0.000000
    3 0.000000 0.000000 0.000000 0.000000 0.000000 0.000000
    4 0.000000 0.000000 0.000000 0.000000 0.000000 0.000000
    5 0.000000 0.000000 0.000000 0.000000 0.000000 0.000000
    6 0.000000 0.000000 0.000000 0.000000 0.000000 0.000000
    7 0.000000 0.000000 0.000000 0.000000 0.000000 0.000000
    8 0.000000 0.000000 0.000000 0.000000 0.000000 0.000000
    9 0.000000 0.000000 0.000000 0.003155 0.015141 0.009875
    10 0.000000 0.000000 0.000000 0.000000 0.000000 0.000000
    11 0.000000 0.000000 0.000000 0.001038 0.005507 0.014495
    12 0.000000 0.000000 0.000000 0.000000 0.000000 0.000000
    13 0.000000 0.000000 0.000000 -0.006278 0.000060 0.000000
    14 0.000000 0.000000 0.000000 0.000000 0.000000 -0.034061
    15 0.000000 0.000000 0.000000 0.000000 0.000000 0.000000
    16 0.000000 0.000000 0.000000 0.004023 0.000000 0.000000
    17 0.000000 0.000000 0.000000 0.000084 0.000012 -0.037424
    18 0.000000 0.000000 0.000000 0.000000 0.000000 0.000000
    19 0.000000 0.000000 0.000000 0.000302 0.000000 0.000000
    20 0.019532 -0.007813 0.000000 0.000048 -0.000012 0.017070
    21 0.000000 0.000000 0.000000 0.024229 -0.030736 0.028406
    22 0.000000 0.000000 0.000000 0.000000 0.000000 0.000000
    23 0.000000 0.000000 0.000000 0.020098 0.000060 0.000000
    24 0.019532 -0.003906 0.000000 -0.000072 -0.000024 0.018722
    25 0.000000 0.000000 0.000000 0.000815 -0.024524 0.030383
    26 0.000000 0.000000 0.000000 0.000000 0.000000 0.000000
    27 0.000000 0.000000 0.000000 0.000000 -0.000012 0.000036
    28 0.000000 0.000000 0.000000 0.000000 0.000000 0.000000
    29 0.000000 0.000000 0.000000 0.000000 0.000000 0.000036
    30 0.000000 0.000000 0.000000 0.000054 0.000000 0.000000
    31 0.000000 0.000000 0.000000 0.000000 -0.000023 0.000000
    32 0.000000 0.000000 0.000000 0.000000 0.000000 0.000000
    33 0.000000 0.000000 0.000000 0.000000 -0.000024 0.000024
    34 0.000000 0.000000 0.000000 0.000000 0.000012 0.000036
    35 0.000000 0.000000 0.000000 0.000000 0.000012 0.000036
    36 0.000000 0.000000 0.000000 0.000000 0.000012 0.000012
    37 0.000000 0.000000 0.000000 0.000000 -0.000020 0.000000
    38 0.000000 0.000000 0.000000 0.000000 0.000000 0.000000
    39 0.000000 0.000000 0.000000 0.000000 0.000000 0.000000
    40 0.000000 0.000000 0.000000 0.000000 0.000019 -0.000042
    41 0.000000 0.000000 0.000000 -0.000020 -0.000024 0.000000
    42 0.000000 0.000000 0.000000 0.000000 0.000000 0.000000
    43 0.000000 0.000000 0.000000 0.000000 0.000000 0.000000
    44 0.000000 0.000000 0.000000 0.000021 0.000018 0.000000
    45 0.000000 0.000000 0.000000 0.000000 0.000000 0.000000
    46 0.000000 0.000000 0.000000 0.000000 0.000000 0.000000
    47 0.000000 0.000000 0.000000 0.000018 0.000000 0.000000
    48 0.000000 0.000000 0.000000 0.000000 0.000000 0.000000
    49 0.000000 0.000000 0.000000 0.000000 -0.000036 0.000000
    50 0.000000 0.000000 0.000000 0.000000 0.000000 0.000000
    51 0.000000 0.000000 0.000000 -0.000028 0.000000 0.000000
    52 0.000000 0.000000 0.000000 0.000000 0.000000 -0.000017
    53 0.000000 0.000000 0.000000 0.000000 0.000000 0.000000
    54 0.000000 0.000000 0.000000 0.000000 0.000000 0.000000
    55 0.000000 0.000000 0.000000 0.000000 0.000000 0.000000
    56 0.000000 0.000000 0.000000 0.000000 0.000000 0.000000
    57 0.000000 0.000000 0.000000 0.000000 0.000000 0.000000
    58 0.000000 0.000000 0.000000 0.000000 0.000000 0.000000
    59 0.000000 0.000000 0.000000 0.000000 -0.000036 0.000000
    60 0.000000 0.000000 0.000000 0.000000 0.000000 0.000000
    61 0.000000 0.000000 0.000000 0.000000 0.000000 0.000000
    62 0.000000 0.000000 0.000000 0.000000 0.000000 0.000000
    63 0.000000 0.000000 0.000000 0.000000 0.000000 0.000000
    64 0.000000 0.000000 0.000000 0.000000 0.000000 0.000000
    65 0.000000 0.000000 0.000000 -0.000048 0.000036 0.000000
    66 0.000000 0.000000 0.000000 0.000000 0.000000 0.000000
    67 0.000000 0.000000 0.000000 0.000000 0.000000 0.000000
    68 0.000000 0.000000 0.000000 0.000000 0.000000 0.000000
    69 0.000000 0.000000 0.000000 0.000000 0.000000 0.000000
    70 0.000000 0.000000 0.000000 0.000024 -0.000024 0.000000
    71 0.000000 0.000000 0.000000 0.000000 0.000000 0.000000
    72 0.000000 0.000000 0.000000 0.000000 0.000000 0.000000
    73 0.000000 0.000000 0.000000 0.000000 0.000000 0.000000
    74 0.000000 0.000000 0.000000 0.000000 -0.000024 0.000000
    75 0.000000 0.000000 0.000000 0.000000 0.000000 0.000000
    76 0.000000 0.000000 0.000000 0.000000 0.000000 0.000000
    77 0.000000 0.000000 0.000000 -0.000012 0.000000 0.000000
    78 0.000000 0.000000 0.000000 0.000000 0.000000 0.000000
    79 0.000000 0.000000 0.000000 0.000000 0.000000 0.000000
    80 0.000000 0.000000 0.000000 0.000000 0.000024 0.000000
    81 0.000000 0.000000 0.000000 0.000000 0.000000 0.000000
    82 0.000000 0.000000 0.000000 0.000000 0.000000 0.000000
    83 0.000000 0.000000 0.000000 0.000000 0.000000 0.000000
    84 0.000000 0.000000 0.000000 0.000000 0.000000 0.000000
    85 0.000000 0.000000 0.000000 0.000024 -0.000012 0.000000
    86 0.000000 0.000000 0.000000 0.000000 0.000000 0.000000
    87 0.000000 0.000000 0.000000 0.000000 0.000000 0.000000
    88 0.000000 0.000000 0.000000 0.000000 0.000000 0.000000
    89 0.000000 0.000000 0.000000 0.000024 -0.000012 0.000000
    90 0.000000 0.000000 0.000000 0.000000 0.000000 0.000000
    91 0.000000 0.000000 0.000000 0.000000 0.000000 0.000000
    92 0.000000 0.000000 0.000000 0.000000 0.000000 0.000000
    93 0.000000 0.000000 0.000000 0.000000 0.000000 0.000000
    94 0.000000 0.000000 0.000000 0.000000 0.000000 0.000000
    95 0.000000 0.000000 0.000000 0.000000 0.000000 0.000000
    96 0.000000 0.000000 0.000000 0.000000 -0.000012 0.000000
    97 0.000000 0.000000 0.000000 0.000000 0.000000 0.000000
    98 0.000000 0.000000 0.000000 0.000000 0.000000 0.000000
    99 0.000000 0.000000 0.000000 0.000000 0.000000 0.000000
    100 0.000000 0.000000 0.000000 0.000012 0.000000 0.000000
    101 0.000000 0.000000 0.000000 0.000000 0.000000 0.000000
    102 0.000000 0.000000 0.000000 0.000000 0.000000 0.000000
    103 0.000000 0.000000 0.000000 0.000000 0.000000 0.000000
    104 0.000000 0.000000 0.000000 0.000000 0.000000 0.000000
    105 0.000000 0.000000 0.000000 0.000000 0.000000 0.000000
    106 0.000000 0.000000 0.000000 0.000000 0.000000 0.000000
    107 0.000000 0.000000 0.000000 0.000000 0.000000 0.000000
    108 0.000000 0.000000 0.000000 0.000000 0.000000 0.000000
    109 0.000000 0.000000 0.000000 0.000000 0.000000 0.000000
    110 0.000000 0.000000 0.000000 0.000000 0.000000 0.000000
    111 0.000000 0.000000 0.000000 0.000000 0.000000 -1.570796
    112 -0.160161 0.253914 0.050783 0.012582 0.014262 -1.559887
    113 0.000000 0.000000 0.000000 0.000000 0.000000 0.000000
    114 -0.054689 0.253914 -0.097659 0.012445 0.014220 -1.559888
    115 0.000000 0.000000 0.000000 0.000000 0.000000 0.000000
    116 0.000000 0.000000 0.000000 0.000000 0.000000 0.000000
    117 0.000000 0.000000 0.000000 0.000000 0.000000 0.000000
    118 0.000000 0.000000 0.000000 0.000000 0.000000 0.000000
    119 0.000000 0.000000 0.000000 0.000000 0.000000 0.000000
    120 0.000000 0.000000 0.000000 0.000000 0.000000 0.000000
    121 0.000000 0.000000 0.000000 0.000000 0.000000 0.000000
    122 0.000000 0.000000 0.000000 0.000000 0.000000 0.000000
    123 0.000000 0.000000 0.000000 0.000000 0.000000 0.000000
    124 0.000000 0.000000 0.000000 0.000000 0.000000 0.000000
    125 0.000000 0.000000 0.000000 0.000000 0.000000 0.000000
    126 0.000000 0.000000 0.000000 0.000000 0.000000 0.000000
    127 0.000000 0.000000 0.000000 0.000000 0.000000 0.000000
    128 0.000000 0.000000 0.000000 0.000000 0.000000 0.000000
    129 0.000000 0.000000 0.000000 0.000000 0.000000 0.000000
    130 0.000000 0.000000 0.000000 0.000000 0.000000 0.000000
    131 0.000000 0.000000 0.000000 0.000000 0.000000 0.000000
    132 0.000000 0.000000 0.000000 0.000000 0.000000 0.000000
    133 0.000000 0.000000 0.000000 0.000000 0.000000 0.000000
    134 0.000000 0.000000 0.000000 0.000000 0.000000 0.000000
    135 0.000000 0.000000 0.000000 0.000000 0.000000 0.000000
    136 0.000000 0.000000 0.000000 0.000000 0.000000 0.000000
    137 0.000000 0.000000 0.000000 0.000000 0.000000 0.000000
    138 0.000000 0.000000 0.000000 0.000000 0.000000 0.000000
    139 1.171911 -0.535173 -0.167974 -0.012347 -0.014612 -0.010444
    140 0.000000 0.000000 0.000000 0.000000 0.000000 0.000000
    141 0.000000 0.000000 0.000000 0.000000 0.000000 0.000000
    142 0.000000 0.000000 0.000000 0.000000 0.000000 0.000000
    143 0.000000 0.000000 0.000000 0.000000 0.000000 0.000000
    144 0.000000 0.000000 0.000000 0.000000 0.000000 0.000000
    145 0.000000 0.000000 0.000000 0.000000 0.000000 0.000000
    146 0.000000 0.000000 0.000000 0.000000 0.000000 0.000000
    147 0.000000 0.000000 0.000000 0.000000 0.000000 0.000000
    148 0.000000 0.000000 0.000000 0.000000 0.000000 0.000000
    149 0.000000 0.000000 0.000000 0.000000 0.000000 0.000000
    150 0.000000 0.000000 0.000000 0.000000 0.000000 0.000000
    151 0.000000 0.000000 0.000000 0.000000 0.000000 0.000000
    152 0.000000 0.000000 0.000000 0.000000 0.000000 0.000000
    153 0.000000 0.000000 0.000000 0.000000 0.000000 0.000000
    154 0.000000 0.000000 0.000000 0.000000 0.000000 0.000000
    155 0.000000 0.000000 0.000000 0.000000 0.000000 0.000000
    156 0.000000 0.000000 0.000000 0.000000 0.000000 0.000000
    157 0.000000 0.000000 0.000000 0.000000 0.000000 0.000000
    158 0.000000 0.000000 0.000000 0.000000 0.000000 0.000000
    159 0.000000 0.000000 0.000000 0.000000 0.000000 0.000000
    160 0.000000 0.000000 0.000000 0.000000 0.000000 0.000000
    161 0.000000 0.000000 0.000000 0.000000 0.000000 0.000000
    162 0.000000 0.000000 0.000000 0.000000 0.000000 0.000000
    163 0.000000 0.000000 0.000000 0.000000 0.000000 0.000000
    164 0.000000 0.000000 0.000000 0.000000 0.000000 0.000000
    165 0.000000 0.000000 0.000000 0.000000 0.000000 0.000000
    166 0.000000 0.000000 0.000000 0.000000 0.000000 0.000000
    167 0.000000 0.000000 0.000000 0.000000 0.000000 0.000000
    168 0.000000 0.000000 0.000000 0.000000 0.000000 0.000000
    169 0.000000 0.000000 0.000000 0.000000 0.000000 0.000000
    170 0.000000 0.000000 0.000000 0.000000 0.000000 0.000000
    171 0.000000 0.000000 0.000000 0.000000 0.000000 0.000000
    172 0.000000 0.000000 0.000000 0.000000 0.000000 0.000000
    173 0.000000 0.000000 0.000000 0.000000 0.000000 0.000000
    174 0.000000 0.000000 0.000000 0.000004 -0.000689 0.000000
    175 0.000000 0.000000 0.000000 0.000000 0.000000 0.000000
    176 0.000000 0.000000 0.000000 0.000000 0.000000 0.000000
    177 0.000000 0.000000 0.000000 0.000000 0.000000 0.000000
    178 0.000000 0.000000 0.000000 0.000000 0.000000 0.000000
    179 0.000000 0.000000 0.000000 0.000000 0.000000 0.000000
    180 0.000000 0.000000 0.000000 0.000000 0.000000 0.000000
    181 0.000000 0.000000 0.000000 0.000000 0.000000 0.000000
    182 0.000000 0.000000 0.000000 0.000000 0.000000 0.000000
    183 0.000000 0.000000 0.000000 0.000000 0.000000 0.000000
    184 0.000000 0.000000 0.000000 0.000000 0.000000 0.000000
    185 0.000000 0.000000 0.000000 0.000000 0.000000 0.000000
    186 0.000000 0.000000 0.000000 0.000000 0.000000 0.000000
    187 0.000000 0.000000 0.000000 0.000000 0.000000 0.000000
    188 0.000000 0.000000 0.000000 0.000000 0.000000 0.000000
    189 0.000000 0.000000 0.000000 0.000000 0.000000 0.000000
    190 0.000000 0.000000 0.000000 0.000000 0.000000 0.000000
    191 0.000000 0.000000 0.000000 0.000335 0.000000 -0.000048
    192 0.000000 0.000000 0.000000 0.000000 0.000000 0.000000
    193 0.000000 0.000000 0.000000 0.000000 0.000000 0.000000
    194 0.000000 0.000000 0.000000 0.000000 0.000000 -0.000016
    195 0.000000 0.000000 0.000000 0.000000 0.000000 0.000000
    196 0.000000 0.000000 0.000000 0.000000 0.000000 0.000000
    197 0.000000 0.000000 0.000000 0.000000 0.000000 0.000000
    198 0.000000 0.000000 0.000000 0.000000 0.000000 0.000000
    199 0.000000 0.000000 0.000000 0.000000 0.000000 0.000000
    200 0.000000 0.000000 0.000000 0.000000 0.000000 0.000000
    201 0.000000 0.000000 0.000000 0.000000 0.000000 0.000000
    202 0.000000 0.000000 0.000000 0.000000 0.000000 0.000000
    203 0.000000 0.000000 0.000000 0.000000 0.000000 0.000000
    204 0.000000 0.000000 0.000000 0.000000 0.000000 0.000000
    205 0.000000 0.000000 0.000000 0.000000 0.000000 0.000000
    206 0.000000 0.000000 0.000000 0.010005 0.000000 0.000000
    207 0.000000 0.000000 0.000000 0.000000 0.000000 0.000000
    208 0.000000 0.000000 0.000000 0.000000 0.000000 0.000000
    209 0.000000 0.000000 0.000000 0.000000 0.000000 0.000016
    210 0.000000 0.000000 0.000000 0.000000 0.000000 0.000000
    211 0.000000 0.000000 0.000000 0.000000 0.000000 0.000000
    212 0.000000 0.000000 0.000000 0.000000 0.000000 0.000000
    213 0.000000 0.000000 0.000000 0.000000 0.000000 0.000000
    214 0.000000 0.000000 0.000000 0.000000 0.000000 0.000000
    215 0.000000 0.000000 0.000000 0.000000 0.000000 0.000000
    216 0.000000 0.000000 0.000000 0.000000 0.000000 0.000000
    217 0.000000 0.000000 0.000000 0.000000 0.000000 0.000000
    218 0.000000 0.000000 0.000000 0.000000 0.000000 0.000000
    219 0.000000 0.000000 0.000000 0.000000 0.000000 0.000000
    220 0.000000 0.000000 0.000000 0.000000 0.000000 0.000000
    221 0.000000 0.000000 0.000000 0.000000 0.000000 0.000000
    222 0.000000 0.000000 0.000000 0.000000 0.000000 0.000000
    223 0.000000 0.000000 0.000000 0.000000 0.000000 0.000000
    224 0.000000 0.000000 0.000000 0.000000 0.000000 0.000000
    225 0.000000 0.000000 0.000000 0.000000 0.000000 0.000000
    226 0.000000 0.000000 0.000000 0.000000 0.000000 0.000000
    227 -0.257820 -0.050783 -0.093753 0.012582 0.014260 0.010909
    228 0.000000 0.000000 0.000000 0.000000 0.000000 0.000000
    229 0.000000 0.000000 0.000000 0.000000 0.000000 0.000000
    230 0.000000 0.000000 0.000000 -0.006819 -0.000300 -0.000407
    231 0.000000 0.000000 0.000000 0.000000 0.000000 0.000000
    232 0.000000 0.000000 0.000000 0.000000 0.000000 0.000000
    233 0.000000 0.000000 0.000000 0.000000 0.000000 0.000000
    234 0.000000 0.000000 0.000000 0.000000 0.000000 -1.570796
    235 0.000000 0.000000 0.000000 0.000000 0.000000 0.000000
    236 0.000000 0.000000 0.000000 0.000000 0.000000 0.000000
    237 0.000000 0.000000 0.000000 0.000000 0.000000 0.000000
    238 0.000000 0.000000 0.000000 0.000000 0.000000 0.000000
    239 0.000000 0.000000 0.000000 0.000000 0.000000 0.000000
    240 0.000000 0.000000 0.000000 0.000000 0.000000 0.000000
    241 0.000000 0.000000 0.000000 0.000000 0.000000 0.000000
    242 0.000000 0.000000 0.000000 0.000000 0.000000 0.000000
    243 0.000000 0.000000 0.000000 0.000000 0.000000 0.000000
    244 0.000000 0.000000 0.000000 0.000000 0.000000 0.000000
    245 0.000000 0.000000 0.000000 0.000000 0.000000 0.000000
    246 0.000000 0.000000 0.000000 0.000000 0.000000 -1.570796
  time 14
    0 0.000000 0.000000 0.000000 0.000000 0.000000 -1.570796
    1 0.000000 0.000000 0.000000 0.000000 0.000000 0.000000
    2 0.000000 0.000000 0.000000 0.000000 0.000000 0.000000
    3 0.000000 0.000000 0.000000 0.000000 0.000000 0.000000
    4 0.000000 0.000000 0.000000 0.000000 0.000000 0.000000
    5 0.000000 0.000000 0.000000 0.000000 0.000000 0.000000
    6 0.000000 0.000000 0.000000 0.000000 0.000000 0.000000
    7 0.000000 0.000000 0.000000 0.000000 0.000000 0.000000
    8 0.000000 0.000000 0.000000 0.000000 0.000000 0.000000
    9 0.000000 0.000000 0.000000 0.002294 0.011020 0.000369
    10 0.000000 0.000000 0.000000 0.000000 0.000000 0.000000
    11 0.000000 0.000000 0.000000 0.000428 0.005366 0.003805
    12 0.000000 0.000000 0.000000 0.000000 0.000000 0.000000
    13 0.000000 0.000000 0.000000 -0.002502 0.000000 0.000000
    14 0.000000 0.000000 0.000000 -0.000036 0.000036 -0.011737
    15 0.000000 0.000000 0.000000 0.000000 0.000000 0.000000
    16 0.000000 0.000000 0.000000 0.001187 0.000000 0.000000
    17 0.000000 0.000000 0.000000 0.000036 0.000048 -0.018995
    18 0.000000 0.000000 0.000000 0.000000 0.000000 0.000000
    19 0.000000 0.000000 0.000000 -0.004283 0.000000 0.000000
    20 0.015625 -0.007813 0.000000 0.000036 -0.000048 0.007046
    21 0.000000 0.000000 0.000000 -0.009025 -0.013417 0.004144
    22 0.000000 0.000000 0.000000 0.000000 0.000000 0.000000
    23 0.000000 0.000000 0.000000 -0.039409 -0.000060 0.000048
    24 0.019532 -0.003906 0.000000 -0.000072 -0.000024 0.009505
    25 0.000000 0.000000 0.000000 -0.023936 -0.007620 0.017073
    26 0.000000 0.000000 0.000000 0.000000 0.000000 0.000000
    27 0.000000 0.000000 0.000000 0.000000 -0.000012 0.000024
    28 0.000000 0.000000 0.000000 0.000000 0.000000 0.000000
    29 0.000000 0.000000 0.000000 0.000000 0.000000 0.000036
    30 0.000000 0.000000 0.000000 0.000054 0.000000 0.000000
    31 0.000000 0.000000 0.000000 0.000000 -0.000023 0.000000
    32 0.000000 0.000000 0.000000 0.000000 0.000000 0.000000
    33 0.000000 0.000000 0.000000 0.000000 -0.000012 0.000024
    34 0.000000 0.000000 0.000000 0.000000 0.000000 0.000024
    35 0.000000 0.000000 0.000000 0.000000 0.000012 0.000024
    36 0.000000 0.000000 0.000000 0.000000 0.000012 0.000000
    37 0.000000 0.000000 0.000000 0.000000 0.000000 0.000000
    38 0.000000 0.000000 0.000000 0.000000 0.000000 0.000000
    39 0.000000 0.000000 0.000000 0.000000 0.000000 0.000000
    40 0.000000 0.000000 0.000000 0.000000 0.000019 0.000000
    41 0.000000 0.000000 0.000000 -0.000020 -0.000024 0.000000
    42 0.000000 0.000000 0.000000 0.000000 0.000000 0.000000
    43 0.000000 0.000000 0.000000 0.000000 0.000000 0.000000
    44 0.000000 0.000000 0.000000 0.000021 0.000018 0.000000
    45 0.000000 0.000000 0.000000 0.000000 0.000000 0.000000
    46 0.000000 0.000000 0.000000 0.000000 0.000000 0.000000
    47 0.000000 0.000000 0.000000 0.000000 0.000000 0.000000
    48 0.000000 0.000000 0.000000 0.000000 0.000000 0.000000
    49 0.000000 0.000000 0.000000 0.000000 -0.000036 0.000000
    50 0.000000 0.000000 0.000000 0.000000 0.000000 0.000000
    51 0.000000 0.000000 0.000000 -0.000014 0.000000 0.000000
    52 0.000000 0.000000 0.000000 0.000000 0.000000 -0.000017
    53 0.000000 0.000000 0.000000 0.000000 0.000000 0.000000
    54 0.000000 0.000000 0.000000 0.000000 0.000000 0.000000
    55 0.000000 0.000000 0.000000 0.000000 0.000000 0.000000
    56 0.000000 0.000000 0.000000 0.000000 0.000000 0.000000
    57 0.000000 0.000000 0.000000 0.000000 0.000000 0.000000
    58 0.000000 0.000000 0.000000 0.000000 0.000000 0.000000
    59 0.000000 0.000000 0.000000 0.000000 -0.000036 0.000000
    60 0.000000 0.000000 0.000000 0.000000 0.000000 0.000000
    61 0.000000 0.000000 0.000000 0.000000 0.000000 0.000000
    62 0.000000 0.000000 0.000000 0.000000 0.000000 0.000000
    63 0.000000 0.000000 0.000000 0.000000 0.000000 0.000000
    64 0.000000 0.000000 0.000000 0.000000 0.000000 0.000000
    65 0.000000 0.000000 0.000000 -0.000036 0.000036 0.000000
    66 0.000000 0.000000 0.000000 0.000000 0.000000 0.000000
    67 0.000000 0.000000 0.000000 0.000000 0.000000 0.000000
    68 0.000000 0.000000 0.000000 0.000000 0.000000 0.000000
    69 0.000000 0.000000 0.000000 0.000000 0.000000 0.000000
    70 0.000000 0.000000 0.000000 0.000024 -0.000024 0.000000
    71 0.000000 0.000000 0.000000 0.000000 0.000000 0.000000
    72 0.000000 0.000000 0.000000 0.000000 0.000000 0.000000
    73 0.000000 0.000000 0.000000 0.000000 0.000000 0.000000
    74 0.000000 0.000000 0.000000 0.000000 -0.000012 0.000000
    75 0.000000 0.000000 0.000000 0.000000 0.000000 0.000000
    76 0.000000 0.000000 0.000000 0.000000 0.000000 0.000000
    77 0.000000 0.000000 0.000000 -0.000012 0.000000 0.000000
    78 0.000000 0.000000 0.000000 0.000000 0.000000 0.000000
    79 0.000000 0.000000 0.000000 0.000000 0.000000 0.000000
    80 0.000000 0.000000 0.000000 0.000000 0.000012 0.000000
    81 0.000000 0.000000 0.000000 0.000000 0.000000 0.000000
    82 0.000000 0.000000 0.000000 0.000000 0.000000 0.000000
    83 0.000000 0.000000 0.000000 0.000000 0.000000 0.000000
    84 0.000000 0.000000 0.000000 0.000000 0.000000 0.000000
    85 0.000000 0.000000 0.000000 0.000024 0.000000 0.000000
    86 0.000000 0.000000 0.000000 0.000000 0.000000 0.000000
    87 0.000000 0.000000 0.000000 0.000000 0.000000 0.000000
    88 0.000000 0.000000 0.000000 0.000000 0.000000 0.000000
    89 0.000000 0.000000 0.000000 0.000024 -0.000012 0.000000
    90 0.000000 0.000000 0.000000 0.000000 0.000000 0.000000
    91 0.000000 0.000000 0.000000 0.000000 0.000000 0.000000
    92 0.000000 0.000000 0.000000 0.000000 0.000000 0.000000
    93 0.000000 0.000000 0.000000 0.000000 0.000000 0.000000
    94 0.000000 0.000000 0.000000 0.000000 0.000000 0.000000
    95 0.000000 0.000000 0.000000 0.000000 0.000000 0.000000
    96 0.000000 0.000000 0.000000 0.000000 -0.000012 0.000000
    97 0.000000 0.000000 0.000000 0.000000 0.000000 0.000000
    98 0.000000 0.000000 0.000000 0.000000 0.000000 0.000000
    99 0.000000 0.000000 0.000000 0.000000 0.000000 0.000000
    100 0.000000 0.000000 0.000000 0.000012 0.000000 0.000000
    101 0.000000 0.000000 0.000000 0.000000 0.000000 0.000000
    102 0.000000 0.000000 0.000000 0.000000 0.000000 0.000000
    103 0.000000 0.000000 0.000000 0.000000 0.000000 0.000000
    104 0.000000 0.000000 0.000000 0.000000 0.000000 0.000000
    105 0.000000 0.000000 0.000000 0.000000 0.000000 0.000000
    106 0.000000 0.000000 0.000000 0.000000 0.000000 0.000000
    107 0.000000 0.000000 0.000000 0.000000 0.000000 0.000000
    108 0.000000 0.000000 0.000000 0.000000 0.000000 0.000000
    109 0.000000 0.000000 0.000000 0.000000 0.000000 0.000000
    110 0.000000 0.000000 0.000000 0.000000 0.000000 0.000000
    111 0.000000 0.000000 0.000000 0.000000 0.000000 -1.570796
    112 0.000000 0.136723 0.066408 -0.017388 0.006576 -1.571263
    113 0.000000 0.000000 0.000000 0.000000 0.000000 0.000000
    114 -0.027345 0.117191 -0.015625 -0.017975 0.007244 -1.572474
    115 0.000000 0.000000 0.000000 0.000000 0.000000 0.000000
    116 0.000000 0.000000 0.000000 0.000000 0.000000 0.000000
    117 0.000000 0.000000 0.000000 0.000000 0.000000 0.000000
    118 0.000000 0.000000 0.000000 0.000000 0.000000 0.000000
    119 0.000000 0.000000 0.000000 0.000000 0.000000 0.000000
    120 0.000000 0.000000 0.000000 0.000000 0.000000 0.000000
    121 0.000000 0.000000 0.000000 0.000000 0.000000 0.000000
    122 0.000000 0.000000 0.000000 0.000000 0.000000 0.000000
    123 0.000000 0.000000 0.000000 0.000000 0.000000 0.000000
    124 0.000000 0.000000 0.000000 0.000000 0.000000 0.000000
    125 0.000000 0.000000 0.000000 0.000000 0.000000 0.000000
    126 0.000000 0.000000 0.000000 0.000000 0.000000 0.000000
    127 0.000000 0.000000 0.000000 0.000000 0.000000 0.000000
    128 0.000000 0.000000 0.000000 0.000000 0.000000 0.000000
    129 0.000000 0.000000 0.000000 0.000000 0.000000 0.000000
    130 0.000000 0.000000 0.000000 0.000000 0.000000 0.000000
    131 0.000000 0.000000 0.000000 0.000000 0.000000 0.000000
    132 0.000000 0.000000 0.000000 0.000000 0.000000 0.000000
    133 0.000000 0.000000 0.000000 0.000000 0.000000 0.000000
    134 0.000000 0.000000 0.000000 0.000000 0.000000 0.000000
    135 0.000000 0.000000 0.000000 0.000000 0.000000 0.000000
    136 0.000000 0.000000 0.000000 0.000000 0.000000 0.000000
    137 0.000000 0.000000 0.000000 0.000000 0.000000 0.000000
    138 0.000000 0.000000 0.000000 0.000000 0.000000 0.000000
    139 0.539079 1.062532 -0.027345 0.017380 -0.006573 0.000475
    140 0.000000 0.000000 0.000000 0.000000 0.000000 0.000000
    141 0.000000 0.000000 0.000000 0.000000 0.000000 0.000000
    142 0.000000 0.000000 0.000000 0.000000 0.000000 0.000000
    143 0.000000 0.000000 0.000000 0.000000 0.000000 0.000000
    144 0.000000 0.000000 0.000000 0.000000 0.000000 0.000000
    145 0.000000 0.000000 0.000000 0.000000 0.000000 0.000000
    146 0.000000 0.000000 0.000000 0.000000 0.000000 0.000000
    147 0.000000 0.000000 0.000000 0.000000 0.000000 0.000000
    148 0.000000 0.000000 0.000000 0.000000 0.000000 0.000000
    149 0.000000 0.000000 0.000000 0.000000 0.000000 0.000000
    150 0.000000 0.000000 0.000000 0.000000 0.000000 0.000000
    151 0.000000 0.000000 0.000000 0.000000 0.000000 0.000000
    152 0.000000 0.000000 0.000000 0.000000 0.000000 0.000000
    153 0.000000 0.000000 0.000000 0.000000 0.000000 0.000000
    154 0.000000 0.000000 0.000000 0.000000 0.000000 0.000000
    155 0.000000 0.000000 0.000000 0.000000 0.000000 0.000000
    156 0.000000 0.000000 0.000000 0.000000 0.000000 0.000000
    157 0.000000 0.000000 0.000000 0.000000 0.000000 0.000000
    158 0.000000 0.000000 0.000000 0.000000 0.000000 0.000000
    159 0.000000 0.000000 0.000000 0.000000 0.000000 0.000000
    160 0.000000 0.000000 0.000000 0.000000 0.000000 0.000000
    161 0.000000 0.000000 0.000000 0.000000 0.000000 0.000000
    162 0.000000 0.000000 0.000000 0.000000 0.000000 0.000000
    163 0.000000 0.000000 0.000000 0.000000 0.000000 0.000000
    164 0.000000 0.000000 0.000000 0.000000 0.000000 0.000000
    165 0.000000 0.000000 0.000000 0.000000 0.000000 0.000000
    166 0.000000 0.000000 0.000000 0.000000 0.000000 0.000000
    167 0.000000 0.000000 0.000000 0.000000 0.000000 0.000000
    168 0.000000 0.000000 0.000000 0.000000 0.000000 0.000000
    169 0.000000 0.000000 0.000000 0.000000 0.000000 0.000000
    170 0.000000 0.000000 0.000000 0.000000 0.000000 0.000000
    171 0.000000 0.000000 0.000000 0.000000 0.000000 0.000000
    172 0.000000 0.000000 0.000000 0.000000 0.000000 0.000000
    173 0.000000 0.000000 0.000000 0.000000 0.000000 0.000000
    174 0.000000 0.000000 0.000000 0.000004 -0.000689 0.000000
    175 0.000000 0.000000 0.000000 0.000000 0.000000 0.000000
    176 0.000000 0.000000 0.000000 0.000000 0.000000 0.000000
    177 0.000000 0.000000 0.000000 0.000000 0.000000 0.000000
    178 0.000000 0.000000 0.000000 0.000000 0.000000 0.000000
    179 0.000000 0.000000 0.000000 0.000000 0.000000 0.000000
    180 0.000000 0.000000 0.000000 0.000000 0.000000 0.000000
    181 0.000000 0.000000 0.000000 0.000000 0.000000 0.000000
    182 0.000000 0.000000 0.000000 0.000000 0.000000 0.000000
    183 0.000000 0.000000 0.000000 0.000000 0.000000 0.000000
    184 0.000000 0.000000 0.000000 0.000000 0.000000 0.000000
    185 0.000000 0.000000 0.000000 0.000000 0.000000 0.000000
    186 0.000000 0.000000 0.000000 0.000000 0.000000 0.000000
    187 0.000000 0.000000 0.000000 0.000000 0.000000 0.000000
    188 0.000000 0.000000 0.000000 0.000000 0.000000 0.000000
    189 0.000000 0.000000 0.000000 0.000000 0.000000 0.000000
    190 0.000000 0.000000 0.000000 0.000000 0.000000 0.000000
    191 0.000000 0.000000 0.000000 -0.004115 0.000024 -0.000024
    192 0.000000 0.000000 0.000000 0.000000 0.000000 0.000000
    193 0.000000 0.000000 0.000000 0.000000 0.000000 0.000000
    194 0.000000 0.000000 0.000000 0.000000 0.000000 0.000000
    195 0.000000 0.000000 0.000000 0.000000 0.000000 0.000000
    196 0.000000 0.000000 0.000000 0.000000 0.000000 0.000000
    197 0.000000 0.000000 0.000000 0.000000 0.000000 0.000000
    198 0.000000 0.000000 0.000000 0.000000 0.000000 0.000000
    199 0.000000 0.000000 0.000000 0.000000 0.000000 0.000000
    200 0.000000 0.000000 0.000000 0.000000 0.000000 0.000000
    201 0.000000 0.000000 0.000000 0.000000 0.000000 0.000000
    202 0.000000 0.000000 0.000000 0.000000 0.000000 0.000000
    203 0.000000 0.000000 0.000000 0.000000 0.000000 0.000000
    204 0.000000 0.000000 0.000000 0.000000 0.000000 0.000000
    205 0.000000 0.000000 0.000000 0.000000 0.000000 0.000000
    206 0.000000 0.000000 0.000000 -0.019704 0.000000 0.000000
    207 0.000000 0.000000 0.000000 0.000000 0.000000 0.000000
    208 0.000000 0.000000 0.000000 0.000000 0.000000 0.000000
    209 0.000000 0.000000 0.000000 0.000000 0.000000 0.000016
    210 0.000000 0.000000 0.000000 0.000000 0.000000 0.000000
    211 0.000000 0.000000 0.000000 0.000000 0.000000 0.000000
    212 0.000000 0.000000 0.000000 0.000000 0.000000 0.000000
    213 0.000000 0.000000 0.000000 0.000000 0.000000 0.000000
    214 0.000000 0.000000 0.000000 0.000000 0.000000 0.000000
    215 0.000000 0.000000 0.000000 0.000000 0.000000 0.000000
    216 0.000000 0.000000 0.000000 0.000000 0.000000 0.000000
    217 0.000000 0.000000 0.000000 0.000000 0.000000 0.000000
    218 0.000000 0.000000 0.000000 0.000000 0.000000 0.000000
    219 0.000000 0.000000 0.000000 0.000000 0.000000 0.000000
    220 0.000000 0.000000 0.000000 0.000000 0.000000 0.000000
    221 0.000000 0.000000 0.000000 0.000000 0.000000 0.000000
    222 0.000000 0.000000 0.000000 0.000000 0.000000 0.000000
    223 0.000000 0.000000 0.000000 0.000000 0.000000 0.000000
    224 0.000000 0.000000 0.000000 0.000000 0.000000 0.000000
    225 0.000000 0.000000 0.000000 0.000000 0.000000 0.000000
    226 0.000000 0.000000 0.000000 0.000000 0.000000 0.000000
    227 -0.136723 -0.003906 0.000000 -0.017388 0.006575 -0.000466
    228 0.000000 0.000000 0.000000 0.000000 0.000000 0.000000
    229 0.000000 0.000000 0.000000 0.000000 0.000000 0.000000
    230 0.000000 0.000000 0.000000 -0.004111 0.000000 -0.000204
    231 0.000000 0.000000 0.000000 0.000000 0.000000 0.000000
    232 0.000000 0.000000 0.000000 0.000000 0.000000 0.000000
    233 0.000000 0.000000 0.000000 0.000000 0.000000 0.000000
    234 0.000000 0.000000 0.000000 0.000000 0.000000 -1.570796
    235 0.000000 0.000000 0.000000 0.000000 0.000000 0.000000
    236 0.000000 0.000000 0.000000 0.000000 0.000000 0.000000
    237 0.000000 0.000000 0.000000 0.000000 0.000000 0.000000
    238 0.000000 0.000000 0.000000 0.000000 0.000000 0.000000
    239 0.000000 0.000000 0.000000 0.000000 0.000000 0.000000
    240 0.000000 0.000000 0.000000 0.000000 0.000000 0.000000
    241 0.000000 0.000000 0.000000 0.000000 0.000000 0.000000
    242 0.000000 0.000000 0.000000 0.000000 0.000000 0.000000
    243 0.000000 0.000000 0.000000 0.000000 0.000000 0.000000
    244 0.000000 0.000000 0.000000 0.000000 0.000000 0.000000
    245 0.000000 0.000000 0.000000 0.000000 0.000000 0.000000
    246 0.000000 0.000000 0.000000 0.000000 0.000000 -1.570796
  time 15
    0 0.000000 0.000000 0.000000 0.000000 0.000000 -1.570796
    1 0.000000 0.000000 0.000000 0.000000 0.000000 0.000000
    2 0.000000 0.000000 0.000000 0.000000 0.000000 0.000000
    3 0.000000 0.000000 0.000000 0.000000 0.000000 0.000000
    4 0.000000 0.000000 0.000000 0.000000 0.000000 0.000000
    5 0.000000 0.000000 0.000000 0.000000 0.000000 0.000000
    6 0.000000 0.000000 0.000000 0.000000 0.000000 0.000000
    7 0.000000 0.000000 0.000000 0.000000 0.000000 0.000000
    8 0.000000 0.000000 0.000000 0.000000 0.000000 0.000000
    9 0.000000 0.000000 0.000000 0.000956 0.002045 -0.006461
    10 0.000000 0.000000 0.000000 0.000000 0.000000 0.000000
    11 0.000000 0.000000 0.000000 -0.000122 0.005178 -0.006795
    12 0.000000 0.000000 0.000000 0.000000 0.000000 0.000000
    13 0.000000 0.000000 0.000000 0.001274 -0.000060 0.000000
    14 0.000000 0.000000 0.000000 0.000000 0.000084 0.005830
    15 0.000000 0.000000 0.000000 0.000000 0.000000 0.000000
    16 0.000000 0.000000 0.000000 -0.001649 0.000000 0.000000
    17 0.000000 0.000000 0.000000 0.000000 0.000084 -0.000647
    18 0.000000 0.000000 0.000000 0.000000 0.000000 0.000000
    19 0.000000 0.000000 0.000000 -0.006853 0.000000 0.000000
    20 0.011719 -0.003906 0.000000 0.000024 -0.000072 -0.002951
    21 0.000000 0.000000 0.000000 -0.025744 -0.000836 -0.007439
    22 0.000000 0.000000 0.000000 0.000000 0.000000 0.000000
    23 0.000000 0.000000 0.000000 -0.053215 0.000000 0.000000
    24 0.015625 -0.003906 0.000000 -0.000072 -0.000024 0.000258
    25 0.000000 0.000000 0.000000 -0.027547 -0.001095 0.004460
    26 0.000000 0.000000 0.000000 0.000000 0.000000 0.000000
    27 0.000000 0.000000 0.000000 0.000000 0.000000 0.000024
    28 0.000000 0.000000 0.000000 0.000000 0.000000 0.000000
    29 0.000000 0.000000 0.000000 0.000000 0.000000 0.000024
    30 0.000000 0.000000 0.000000 0.000054 0.000000 0.000000
    31 0.000000 0.000000 0.000000 0.000000 0.000000 0.000000
    32 0.000000 0.000000 0.000000 0.000000 0.000000 0.000000
    33 0.000000 0.000000 0.000000 0.000000 -0.000012 0.000012
    34 0.000000 0.000000 0.000000 0.000000 0.000000 0.000024
    35 0.000000 0.000000 0.000000 0.000000 0.000000 0.000024
    36 0.000000 0.000000 0.000000 0.000000 0.000000 0.000000
    37 0.000000 0.000000 0.000000 0.000000 0.000000 0.000000
    38 0.000000 0.000000 0.000000 0.000000 0.000000 0.000000
    39 0.000000 0.000000 0.000000 0.000000 0.000000 0.000000
    40 0.000000 0.000000 0.000000 0.000000 0.000019 0.000000
    41 0.000000 0.000000 0.000000 -0.000020 0.000000 0.000000
    42 0.000000 0.000000 0.000000 0.000000 0.000000 0.000000
    43 0.000000 0.000000 0.000000 0.000000 0.000000 0.000000
    44 0.000000 0.000000 0.000000 0.000021 0.000000 0.000000
    45 0.000000 0.000000 0.000000 0.000000 0.000000 0.000000
    46 0.000000 0.000000 0.000000 0.000000 0.000000 0.000000
    47 0.000000 0.000000 0.000000 0.000000 0.000000 0.000000
    48 0.000000 0.000000 0.000000 0.000000 0.000000 0.000000
    49 0.000000 0.000000 0.000000 0.000000 -0.000024 0.000000
    50 0.000000 0.000000 0.000000 0.000000 0.000000 0.000000
    51 0.000000 0.000000 0.000000 -0.000014 0.000000 0.000000
    52 0.000000 0.000000 0.000000 0.000000 0.000000 0.000000
    53 0.000000 0.000000 0.000000 0.000000 0.000000 0.000000
    54 0.000000 0.000000 0.000000 0.000000 0.000000 0.000000
    55 0.000000 0.000000 0.000000 0.000000 0.000000 0.000000
    56 0.000000 0.000000 0.000000 0.000000 0.000000 0.000000
    57 0.000000 0.000000 0.000000 0.000000 0.000000 0.000000
    58 0.000000 0.000000 0.000000 0.000000 0.000000 0.000000
    59 0.000000 0.000000 0.000000 0.000000 -0.000024 0.000000
    60 0.000000 0.000000 0.000000 0.000000 0.000000 0.000000
    61 0.000000 0.000000 0.000000 0.000000 0.000000 0.000000
    62 0.000000 0.000000 0.000000 0.000000 0.000000 0.000000
    63 0.000000 0.000000 0.000000 0.000000 0.000000 0.000000
    64 0.000000 0.000000 0.000000 0.000000 0.000000 0.000000
    65 0.000000 0.000000 0.000000 -0.000024 0.000024 0.000000
    66 0.000000 0.000000 0.000000 0.000000 0.000000 0.000000
    67 0.000000 0.000000 0.000000 0.000000 0.000000 0.000000
    68 0.000000 0.000000 0.000000 0.000000 0.000000 0.000000
    69 0.000000 0.000000 0.000000 0.000000 0.000000 0.000000
    70 0.000000 0.000000 0.000000 0.000012 -0.000012 0.000000
    71 0.000000 0.000000 0.000000 0.000000 0.000000 0.000000
    72 0.000000 0.000000 0.000000 0.000000 0.000000 0.000000
    73 0.000000 0.000000 0.000000 0.000000 0.000000 0.000000
    74 0.000000 0.000000 0.000000 0.000000 -0.000012 0.000000
    75 0.000000 0.000000 0.000000 0.000000 0.000000 0.000000
    76 0.000000 0.000000 0.000000 0.000000 0.000000 0.000000
    77 0.000000 0.000000 0.000000 0.000000 0.000000 0.000000
    78 0.000000 0.000000 0.000000 0.000000 0.000000 0.000000
    79 0.000000 0.000000 0.000000 0.000000 0.000000 0.000000
    80 0.000000 0.000000 0.000000 0.000000 0.000012 0.000000
    81 0.000000 0.000000 0.000000 0.000000 0.000000 0.000000
    82 0.000000 0.000000 0.000000 0.000000 0.000000 0.000000
    83 0.000000 0.000000 0.000000 0.000000 0.000000 0.000000
    84 0.000000 0.000000 0.000000 0.000000 0.000000 0.000000
    85 0.000000 0.000000 0.000000 0.000012 0.000000 0.000000
    86 0.000000 0.000000 0.000000 0.000000 0.000000 0.000000
    87 0.000000 0.000000 0.000000 0.000000 0.000000 0.000000
    88 0.000000 0.000000 0.000000 0.000000 0.000000 0.000000
    89 0.000000 0.000000 0.000000 0.000012 0.000000 0.000000
    90 0.000000 0.000000 0.000000 0.000000 0.000000 0.000000
    91 0.000000 0.000000 0.000000 0.000000 0.000000 0.000000
    92 0.000000 0.000000 0.000000 0.000000 0.000000 0.000000
    93 0.000000 0.000000 0.000000 0.000000 0.000000 0.000000
    94 0.000000 0.000000 0.000000 0.000000 0.000000 0.000000
    95 0.000000 0.000000 0.000000 0.000000 0.000000 0.000000
    96 0.000000 0.000000 0.000000 0.000000 0.000000 0.000000
    97 0.000000 0.000000 0.000000 0.000000 0.000000 0.000000
    98 0.000000 0.000000 0.000000 0.000000 0.000000 0.000000
    99 0.000000 0.000000 0.000000 0.000000 0.000000 0.000000
    100 0.000000 0.000000 0.000000 0.000000 0.000000 0.000000
    101 0.000000 0.000000 0.000000 0.000000 0.000000 0.000000
    102 0.000000 0.000000 0.000000 0.000000 0.000000 0.000000
    103 0.000000 0.000000 0.000000 0.000000 0.000000 0.000000
    104 0.000000 0.000000 0.000000 0.000000 0.000000 0.000000
    105 0.000000 0.000000 0.000000 0.000000 0.000000 0.000000
    106 0.000000 0.000000 0.000000 0.000000 0.000000 0.000000
    107 0.000000 0.000000 0.000000 0.000000 0.000000 0.000000
    108 0.000000 0.000000 0.000000 0.000000 0.000000 0.000000
    109 0.000000 0.000000 0.000000 0.000000 0.000000 0.000000
    110 0.000000 0.000000 0.000000 0.000000 0.000000 0.000000
    111 0.000000 0.000000 0.000000 0.000000 0.000000 -1.570796
    112 0.085940 -0.007813 0.082034 -0.027174 0.001200 -1.574526
    113 0.000000 0.000000 0.000000 0.000000 0.000000 0.000000
    114 0.039064 -0.007813 0.070315 -0.027101 0.001118 -1.574712
    115 0.000000 0.000000 0.000000 0.000000 0.000000 0.000000
    116 0.000000 0.000000 0.000000 0.000000 0.000000 0.000000
    117 0.000000 0.000000 0.000000 0.000000 0.000000 0.000000
    118 0.000000 0.000000 0.000000 0.000000 0.000000 0.000000
    119 0.000000 0.000000 0.000000 0.000000 0.000000 0.000000
    120 0.000000 0.000000 0.000000 0.000000 0.000000 0.000000
    121 0.000000 0.000000 0.000000 0.000000 0.000000 0.000000
    122 0.000000 0.000000 0.000000 0.000000 0.000000 0.000000
    123 0.000000 0.000000 0.000000 0.000000 0.000000 0.000000
    124 0.000000 0.000000 0.000000 0.000000 0.000000 0.000000
    125 0.000000 0.000000 0.000000 0.000000 0.000000 0.000000
    126 0.000000 0.000000 0.000000 0.000000 0.000000 0.000000
    127 0.000000 0.000000 0.000000 0.000000 0.000000 0.000000
    128 0.000000 0.000000 0.000000 0.000000 0.000000 0.000000
    129 0.000000 0.000000 0.000000 0.000000 0.000000 0.000000
    130 0.000000 0.000000 0.000000 0.000000 0.000000 0.000000
    131 0.000000 0.000000 0.000000 0.000000 0.000000 0.000000
    132 0.000000 0.000000 0.000000 0.000000 0.000000 0.000000
    133 0.000000 0.000000 0.000000 0.000000 0.000000 0.000000
    134 0.000000 0.000000 0.000000 0.000000 0.000000 0.000000
    135 0.000000 0.000000 0.000000 0.000000 0.000000 0.000000
    136 0.000000 0.000000 0.000000 0.000000 0.000000 0.000000
    137 0.000000 0.000000 0.000000 0.000000 0.000000 0.000000
    138 0.000000 0.000000 0.000000 0.000000 0.000000 0.000000
    139 0.050783 1.550829 0.027345 0.027163 -0.001229 0.003703
    140 0.000000 0.000000 0.000000 0.000000 0.000000 0.000000
    141 0.000000 0.000000 0.000000 0.000000 0.000000 0.000000
    142 0.000000 0.000000 0.000000 0.000000 0.000000 0.000000
    143 0.000000 0.000000 0.000000 0.000000 0.000000 0.000000
    144 0.000000 0.000000 0.000000 0.000000 0.000000 0.000000
    145 0.000000 0.000000 0.000000 0.000000 0.000000 0.000000
    146 0.000000 0.000000 0.000000 0.000000 0.000000 0.000000
    147 0.000000 0.000000 0.000000 0.000000 0.000000 0.000000
    148 0.000000 0.000000 0.000000 0.000000 0.000000 0.000000
    149 0.000000 0.000000 0.000000 0.000000 0.000000 0.000000
    150 0.000000 0.000000 0.000000 0.000000 0.000000 0.000000
    151 0.000000 0.000000 0.000000 0.000000 0.000000 0.000000
    152 0.000000 0.000000 0.000000 0.000000 0.000000 0.000000
    153 0.000000 0.000000 0.000000 0.000000 0.000000 0.000000
    154 0.000000 0.000000 0.000000 0.000000 0.000000 0.000000
    155 0.000000 0.000000 0.000000 0.000000 0.000000 0.000000
    156 0.000000 0.000000 0.000000 0.000000 0.000000 0.000000
    157 0.000000 0.000000 0.000000 0.000000 0.000000 0.000000
    158 0.000000 0.000000 0.000000 0.000000 0.000000 0.000000
    159 0.000000 0.000000 0.000000 0.000000 0.000000 0.000000
    160 0.000000 0.000000 0.000000 0.000000 0.000000 0.000000
    161 0.000000 0.000000 0.000000 0.000000 0.000000 0.000000
    162 0.000000 0.000000 0.000000 0.000000 0.000000 0.000000
    163 0.000000 0.000000 0.000000 0.000000 0.000000 0.000000
    164 0.000000 0.000000 0.000000 0.000000 0.000000 0.000000
    165 0.000000 0.000000 0.000000 0.000000 0.000000 0.000000
    166 0.000000 0.000000 0.000000 0.000000 0.000000 0.000000
    167 0.000000 0.000000 0.000000 0.000000 0.000000 0.000000
    168 0.000000 0.000000 0.000000 0.000000 0.000000 0.000000
    169 0.000000 0.000000 0.000000 0.000000 0.000000 0.000000
    170 0.000000 0.000000 0.000000 0.000000 0.000000 0.000000
    171 0.000000 0.000000 0.000000 0.000000 0.000000 0.000000
    172 0.000000 0.000000 0.000000 0.000000 0.000000 0.000000
    173 0.000000 0.000000 0.000000 0.000000 0.000000 0.000000
    174 0.000000 0.000000 0.000000 0.000004 -0.000689 0.000000
    175 0.000000 0.000000 0.000000 0.000000 0.000000 0.000000
    176 0.000000 0.000000 0.000000 0.000000 0.000000 0.000000
    177 0.000000 0.000000 0.000000 0.000000 0.000000 0.000000
    178 0.000000 0.000000 0.000000 0.000000 0.000000 0.000000
    179 0.000000 0.000000 0.000000 0.000000 0.000000 0.000000
    180 0.000000 0.000000 0.000000 0.000000 0.000000 0.000000
    181 0.000000 0.000000 0.000000 0.000000 0.000000 0.000000
    182 0.000000 0.000000 0.000000 0.000000 0.000000 0.000000
    183 0.000000 0.000000 0.000000 0.000000 0.000000 0.000000
    184 0.000000 0.000000 0.000000 0.000000 0.000000 0.000000
    185 0.000000 0.000000 0.000000 0.000000 0.000000 0.000000
    186 0.000000 0.000000 0.000000 0.000000 0.000000 0.000000
    187 0.000000 0.000000 0.000000 0.000000 0.000000 0.000000
    188 0.000000 0.000000 0.000000 0.000000 0.000000 0.000000
    189 0.000000 0.000000 0.000000 0.000000 0.000000 0.000000
    190 0.000000 0.000000 0.000000 0.000000 0.000000 0.000000
    191 0.000000 0.000000 0.000000 -0.008599 0.000060 0.000000
    192 0.000000 0.000000 0.000000 0.000000 0.000000 0.000000
    193 0.000000 0.000000 0.000000 0.000000 0.000000 0.000000
    194 0.000000 0.000000 0.000000 0.000000 0.000000 0.000000
    195 0.000000 0.000000 0.000000 0.000000 0.000000 0.000000
    196 0.000000 0.000000 0.000000 0.000000 0.000000 0.000000
    197 0.000000 0.000000 0.000000 0.000000 0.000000 0.000000
    198 0.000000 0.000000 0.000000 0.000000 0.000000 0.000000
    199 0.000000 0.000000 0.000000 0.000000 0.000000 0.000000
    200 0.000000 0.000000 0.000000 0.000000 0.000000 0.000000
    201 0.000000 0.000000 0.000000 0.000000 0.000000 0.000000
    202 0.000000 0.000000 0.000000 0.000000 0.000000 0.000000
    203 0.000000 0.000000 0.000000 0.000000 0.000000 0.000000
    204 0.000000 0.000000 0.000000 0.000000 0.000000 0.000000
    205 0.000000 0.000000 0.000000 0.000000 0.000000 0.000000
    206 0.000000 0.000000 0.000000 -0.026606 0.000000 0.000000
    207 0.000000 0.000000 0.000000 0.000000 0.000000 0.000000
    208 0.000000 0.000000 0.000000 0.000000 0.000000 0.000000
    209 0.000000 0.000000 0.000000 0.000000 0.000000 0.000000
    210 0.000000 0.000000 0.000000 0.000000 0.000000 0.000000
    211 0.000000 0.000000 0.000000 0.000000 0.000000 0.000000
    212 0.000000 0.000000 0.000000 0.000000 0.000000 0.000000
    213 0.000000 0.000000 0.000000 0.000000 0.000000 0.000000
    214 0.000000 0.000000 0.000000 0.000000 0.000000 0.000000
    215 0.000000 0.000000 0.000000 0.000000 0.000000 0.000000
    216 0.000000 0.000000 0.000000 0.000000 0.000000 0.000000
    217 0.000000 0.000000 0.000000 0.000000 0.000000 0.000000
    218 0.000000 0.000000 0.000000 0.000000 0.000000 0.000000
    219 0.000000 0.000000 0.000000 0.000000 0.000000 0.000000
    220 0.000000 0.000000 0.000000 0.000000 0.000000 0.000000
    221 0.000000 0.000000 0.000000 0.000000 0.000000 0.000000
    222 0.000000 0.000000 0.000000 0.000000 0.000000 0.000000
    223 0.000000 0.000000 0.000000 0.000000 0.000000 0.000000
    224 0.000000 0.000000 0.000000 0.000000 0.000000 0.000000
    225 0.000000 0.000000 0.000000 0.000000 0.000000 0.000000
    226 0.000000 0.000000 0.000000 0.000000 0.000000 0.000000
    227 0.007813 0.046876 0.070315 -0.027174 0.001199 -0.003636
    228 0.000000 0.000000 0.000000 0.000000 0.000000 0.000000
    229 0.000000 0.000000 0.000000 0.000000 0.000000 0.000000
    230 0.000000 0.000000 0.000000 -0.001414 0.000300 -0.000012
    231 0.000000 0.000000 0.000000 0.000000 0.000000 0.000000
    232 0.000000 0.000000 0.000000 0.000000 0.000000 0.000000
    233 0.000000 0.000000 0.000000 0.000000 0.000000 0.000000
    234 0.000000 0.000000 0.000000 0.000000 0.000000 -1.570796
    235 0.000000 0.000000 0.000000 0.000000 0.000000 0.000000
    236 0.000000 0.000000 0.000000 0.000000 0.000000 0.000000
    237 0.000000 0.000000 0.000000 0.000000 0.000000 0.000000
    238 0.000000 0.000000 0.000000 0.000000 0.000000 0.000000
    239 0.000000 0.000000 0.000000 0.000000 0.000000 0.000000
    240 0.000000 0.000000 0.000000 0.000000 0.000000 0.000000
    241 0.000000 0.000000 0.000000 0.000000 0.000000 0.000000
    242 0.000000 0.000000 0.000000 0.000000 0.000000 0.000000
    243 0.000000 0.000000 0.000000 0.000000 0.000000 0.000000
    244 0.000000 0.000000 0.000000 0.000000 0.000000 0.000000
    245 0.000000 0.000000 0.000000 0.000000 0.000000 0.000000
    246 0.000000 0.000000 0.000000 0.000000 0.000000 -1.570796
  time 16
    0 0.000000 0.000000 0.000000 0.000000 0.000000 -1.570796
    1 0.000000 0.000000 0.000000 0.000000 0.000000 0.000000
    2 0.000000 0.000000 0.000000 0.000000 0.000000 0.000000
    3 0.000000 0.000000 0.000000 0.000000 0.000000 0.000000
    4 0.000000 0.000000 0.000000 0.000000 0.000000 0.000000
    5 0.000000 0.000000 0.000000 0.000000 0.000000 0.000000
    6 0.000000 0.000000 0.000000 0.000000 0.000000 0.000000
    7 0.000000 0.000000 0.000000 0.000000 0.000000 0.000000
    8 0.000000 0.000000 0.000000 0.000000 0.000000 0.000000
    9 0.000000 0.000000 0.000000 0.000096 0.000824 -0.001292
    10 0.000000 0.000000 0.000000 0.000000 0.000000 0.000000
    11 0.000000 0.000000 0.000000 -0.000366 0.000141 -0.000906
    12 0.000000 0.000000 0.000000 0.000000 0.000000 0.000000
    13 0.000000 0.000000 0.000000 0.000546 -0.000036 0.000000
    14 0.000000 0.000000 0.000000 0.000084 0.000000 0.001841
    15 0.000000 0.000000 0.000000 0.000000 0.000000 0.000000
    16 0.000000 0.000000 0.000000 0.000066 0.000000 0.000000
    17 0.000000 0.000000 0.000000 0.000084 0.000000 0.000162
    18 0.000000 0.000000 0.000000 0.000000 0.000000 0.000000
    19 0.000000 0.000000 0.000000 -0.001965 0.000000 0.000000
    20 0.007813 -0.003906 0.000000 0.000036 -0.000048 -0.000027
    21 0.000000 0.000000 0.000000 -0.010600 0.000040 -0.005342
    22 0.000000 0.000000 0.000000 0.000000 0.000000 0.000000
    23 0.000000 0.000000 0.000000 -0.023680 0.000000 0.000000
    24 0.011719 0.000000 0.000000 -0.000060 -0.000012 0.000201
    25 0.000000 0.000000 0.000000 -0.011531 0.001927 -0.001115
    26 0.000000 0.000000 0.000000 0.000000 0.000000 0.000000
    27 0.000000 0.000000 0.000000 0.000000 0.000000 0.000012
    28 0.000000 0.000000 0.000000 0.000000 0.000000 0.000000
    29 0.000000 0.000000 0.000000 0.000000 0.000000 0.000012
    30 0.000000 0.000000 0.000000 0.000000 0.000000 0.000000
    31 0.000000 0.000000 0.000000 0.000000 0.000000 0.000000
    32 0.000000 0.000000 0.000000 0.000000 0.000000 0.000000
    33 0.000000 0.000000 0.000000 0.000000 -0.000012 0.000012
    34 0.000000 0.000000 0.000000 0.000000 0.000000 0.000012
    35 0.000000 0.000000 0.000000 0.000000 0.000000 0.000012
    36 0.000000 0.000000 0.000000 0.000000 0.000000 0.000000
    37 0.000000 0.000000 0.000000 0.000000 0.000000 0.000000
    38 0.000000 0.000000 0.000000 0.000000 0.000000 0.000000
    39 0.000000 0.000000 0.000000 0.000000 0.000000 0.000000
    40 0.000000 0.000000 0.000000 0.000000 0.000000 0.000000
    41 0.000000 0.000000 0.000000 0.000000 0.000000 0.000000
    42 0.000000 0.000000 0.000000 0.000000 0.000000 0.000000
    43 0.000000 0.000000 0.000000 0.000000 0.000000 0.000000
    44 0.000000 0.000000 0.000000 0.000000 0.000000 0.000000
    45 0.000000 0.000000 0.000000 0.000000 0.000000 0.000000
    46 0.000000 0.000000 0.000000 0.000000 0.000000 0.000000
    47 0.000000 0.000000 0.000000 0.000000 0.000000 0.000000
    48 0.000000 0.000000 0.000000 0.000000 0.000000 0.000000
    49 0.000000 0.000000 0.000000 0.000000 -0.000012 0.000000
    50 0.000000 0.000000 0.000000 0.000000 0.000000 0.000000
    51 0.000000 0.000000 0.000000 -0.000014 0.000000 0.000000
    52 0.000000 0.000000 0.000000 0.000000 0.000000 0.000000
    53 0.000000 0.000000 0.000000 0.000000 0.000000 0.000000
    54 0.000000 0.000000 0.000000 0.000000 0.000000 0.000000
    55 0.000000 0.000000 0.000000 0.000000 0.000000 0.000000
    56 0.000000 0.000000 0.000000 0.000000 0.000000 0.000000
    57 0.000000 0.000000 0.000000 0.000000 0.000000 0.000000
    58 0.000000 0.000000 0.000000 0.000000 0.000000 0.000000
    59 0.000000 0.000000 0.000000 0.000000 -0.000012 0.000000
    60 0.000000 0.000000 0.000000 0.000000 0.000000 0.000000
    61 0.000000 0.000000 0.000000 0.000000 0.000000 0.000000
    62 0.000000 0.000000 0.000000 0.000000 0.000000 0.000000
    63 0.000000 0.000000 0.000000 0.000000 0.000000 0.000000
    64 0.000000 0.000000 0.000000 0.000000 0.000000 0.000000
    65 0.000000 0.000000 0.000000 -0.000024 0.000012 0.000000
    66 0.000000 0.000000 0.000000 0.000000 0.000000 0.000000
    67 0.000000 0.000000 0.000000 0.000000 0.000000 0.000000
    68 0.000000 0.000000 0.000000 0.000000 0.000000 0.000000
    69 0.000000 0.000000 0.000000 0.000000 0.000000 0.000000
    70 0.000000 0.000000 0.000000 0.000012 -0.000012 0.000000
    71 0.000000 0.000000 0.000000 0.000000 0.000000 0.000000
    72 0.000000 0.000000 0.000000 0.000000 0.000000 0.000000
    73 0.000000 0.000000 0.000000 0.000000 0.000000 0.000000
    74 0.000000 0.000000 0.000000 0.000000 -0.000012 0.000000
    75 0.000000 0.000000 0.000000 0.000000 0.000000 0.000000
    76 0.000000 0.000000 0.000000 0.000000 0.000000 0.000000
    77 0.000000 0.000000 0.000000 0.000000 0.000000 0.000000
    78 0.000000 0.000000 0.000000 0.000000 0.000000 0.000000
    79 0.000000 0.000000 0.000000 0.000000 0.000000 0.000000
    80 0.000000 0.000000 0.000000 0.000000 0.000012 0.000000
    81 0.000000 0.000000 0.000000 0.000000 0.000000 0.000000
    82 0.000000 0.000000 0.000000 0.000000 0.000000 0.000000
    83 0.000000 0.000000 0.000000 0.000000 0.000000 0.000000
    84 0.000000 0.000000 0.000000 0.000000 0.000000 0.000000
    85 0.000000 0.000000 0.000000 0.000012 0.000000 0.000000
    86 0.000000 0.000000 0.000000 0.000000 0.000000 0.000000
    87 0.000000 0.000000 0.000000 0.000000 0.000000 0.000000
    88 0.000000 0.000000 0.000000 0.000000 0.000000 0.000000
    89 0.000000 0.000000 0.000000 0.000012 0.000000 0.000000
    90 0.000000 0.000000 0.000000 0.000000 0.000000 0.000000
    91 0.000000 0.000000 0.000000 0.000000 0.000000 0.000000
    92 0.000000 0.000000 0.000000 0.000000 0.000000 0.000000
    93 0.000000 0.000000 0.000000 0.000000 0.000000 0.000000
    94 0.000000 0.000000 0.000000 0.000000 0.000000 0.000000
    95 0.000000 0.000000 0.000000 0.000000 0.000000 0.000000
    96 0.000000 0.000000 0.000000 0.000000 0.000000 0.000000
    97 0.000000 0.000000 0.000000 0.000000 0.000000 0.000000
    98 0.000000 0.000000 0.000000 0.000000 0.000000 0.000000
    99 0.000000 0.000000 0.000000 0.000000 0.000000 0.000000
    100 0.000000 0.000000 0.000000 0.000000 0.000000 0.000000
    101 0.000000 0.000000 0.000000 0.000000 0.000000 0.000000
    102 0.000000 0.000000 0.000000 0.000000 0.000000 0.000000
    103 0.000000 0.000000 0.000000 0.000000 0.000000 0.000000
    104 0.000000 0.000000 0.000000 0.000000 0.000000 0.000000
    105 0.000000 0.000000 0.000000 0.000000 0.000000 0.000000
    106 0.000000 0.000000 0.000000 0.000000 0.000000 0.000000
    107 0.000000 0.000000 0.000000 0.000000 0.000000 0.000000
    108 0.000000 0.000000 0.000000 0.000000 0.000000 0.000000
    109 0.000000 0.000000 0.000000 0.000000 0.000000 0.000000
    110 0.000000 0.000000 0.000000 0.000000 0.000000 0.000000
    111 0.000000 0.000000 0.000000 0.000000 0.000000 -1.570796
    112 0.050783 0.007813 0.011719 -0.011446 -0.001022 -1.572195
    113 0.000000 0.000000 0.000000 0.000000 0.000000 0.000000
    114 0.031251 0.000000 0.000000 -0.011615 -0.000134 -1.572288
    115 0.000000 0.000000 0.000000 0.000000 0.000000 0.000000
    116 0.000000 0.000000 0.000000 0.000000 0.000000 0.000000
    117 0.000000 0.000000 0.000000 0.000000 0.000000 0.000000
    118 0.000000 0.000000 0.000000 0.000000 0.000000 0.000000
    119 0.000000 0.000000 0.000000 0.000000 0.000000 0.000000
    120 0.000000 0.000000 0.000000 0.000000 0.000000 0.000000
    121 0.000000 0.000000 0.000000 0.000000 0.000000 0.000000
    122 0.000000 0.000000 0.000000 0.000000 0.000000 0.000000
    123 0.000000 0.000000 0.000000 0.000000 0.000000 0.000000
    124 0.000000 0.000000 0.000000 0.000000 0.000000 0.000000
    125 0.000000 0.000000 0.000000 0.000000 0.000000 0.000000
    126 0.000000 0.000000 0.000000 0.000000 0.000000 0.000000
    127 0.000000 0.000000 0.000000 0.000000 0.000000 0.000000
    128 0.000000 0.000000 0.000000 0.000000 0.000000 0.000000
    129 0.000000 0.000000 0.000000 0.000000 0.000000 0.000000
    130 0.000000 0.000000 0.000000 0.000000 0.000000 0.000000
    131 0.000000 0.000000 0.000000 0.000000 0.000000 0.000000
    132 0.000000 0.000000 0.000000 0.000000 0.000000 0.000000
    133 0.000000 0.000000 0.000000 0.000000 0.000000 0.000000
    134 0.000000 0.000000 0.000000 0.000000 0.000000 0.000000
    135 0.000000 0.000000 0.000000 0.000000 0.000000 0.000000
    136 0.000000 0.000000 0.000000 0.000000 0.000000 0.000000
    137 0.000000 0.000000 0.000000 0.000000 0.000000 0.000000
    138 0.000000 0.000000 0.000000 0.000000 0.000000 0.000000
    139 -0.066408 0.640645 0.031251 0.011397 0.001040 0.001424
    140 0.000000 0.000000 0.000000 0.000000 0.000000 0.000000
    141 0.000000 0.000000 0.000000 0.000000 0.000000 0.000000
    142 0.000000 0.000000 0.000000 0.000000 0.000000 0.000000
    143 0.000000 0.000000 0.000000 0.000000 0.000000 0.000000
    144 0.000000 0.000000 0.000000 0.000000 0.000000 0.000000
    145 0.000000 0.000000 0.000000 0.000000 0.000000 0.000000
    146 0.000000 0.000000 0.000000 0.000000 0.000000 0.000000
    147 0.000000 0.000000 0.000000 0.000000 0.000000 0.000000
    148 0.000000 0.000000 0.000000 0.000000 0.000000 0.000000
    149 0.000000 0.000000 0.000000 0.000000 0.000000 0.000000
    150 0.000000 0.000000 0.000000 0.000000 0.000000 0.000000
    151 0.000000 0.000000 0.000000 0.000000 0.000000 0.000000
    152 0.000000 0.000000 0.000000 0.000000 0.000000 0.000000
    153 0.000000 0.000000 0.000000 0.000000 0.000000 0.000000
    154 0.000000 0.000000 0.000000 0.000000 0.000000 0.000000
    155 0.000000 0.000000 0.000000 0.000000 0.000000 0.000000
    156 0.000000 0.000000 0.000000 0.000000 0.000000 0.000000
    157 0.000000 0.000000 0.000000 0.000000 0.000000 0.000000
    158 0.000000 0.000000 0.000000 0.000000 0.000000 0.000000
    159 0.000000 0.000000 0.000000 0.000000 0.000000 0.000000
    160 0.000000 0.000000 0.000000 0.000000 0.000000 0.000000
    161 0.000000 0.000000 0.000000 0.000000 0.000000 0.000000
    162 0.000000 0.000000 0.000000 0.000000 0.000000 0.000000
    163 0.000000 0.000000 0.000000 0.000000 0.000000 0.000000
    164 0.000000 0.000000 0.000000 0.000000 0.000000 0.000000
    165 0.000000 0.000000 0.000000 0.000000 0.000000 0.000000
    166 0.000000 0.000000 0.000000 0.000000 0.000000 0.000000
    167 0.000000 0.000000 0.000000 0.000000 0.000000 0.000000
    168 0.000000 0.000000 0.000000 0.000000 0.000000 0.000000
    169 0.000000 0.000000 0.000000 0.000000 0.000000 0.000000
    170 0.000000 0.000000 0.000000 0.000000 0.000000 0.000000
    171 0.000000 0.000000 0.000000 0.000000 0.000000 0.000000
    172 0.000000 0.000000 0.000000 0.000000 0.000000 0.000000
    173 0.000000 0.000000 0.000000 0.000000 0.000000 0.000000
    174 0.000000 0.000000 0.000000 0.000004 -0.000689 0.000000
    175 0.000000 0.000000 0.000000 0.000000 0.000000 0.000000
    176 0.000000 0.000000 0.000000 0.000000 0.000000 0.000000
    177 0.000000 0.000000 0.000000 0.000000 0.000000 0.000000
    178 0.000000 0.000000 0.000000 0.000000 0.000000 0.000000
    179 0.000000 0.000000 0.000000 0.000000 0.000000 0.000000
    180 0.000000 0.000000 0.000000 0.000000 0.000000 0.000000
    181 0.000000 0.000000 0.000000 0.000000 0.000000 0.000000
    182 0.000000 0.000000 0.000000 0.000000 0.000000 0.000000
    183 0.000000 0.000000 0.000000 0.000000 0.000000 0.000000
    184 0.000000 0.000000 0.000000 0.000000 0.000000 0.000000
    185 0.000000 0.000000 0.000000 0.000000 0.000000 0.000000
    186 0.000000 0.000000 0.000000 0.000000 0.000000 0.000000
    187 0.000000 0.000000 0.000000 0.000000 0.000000 0.000000
    188 0.000000 0.000000 0.000000 0.000000 0.000000 0.000000
    189 0.000000 0.000000 0.000000 0.000000 0.000000 0.000000
    190 0.000000 0.000000 0.000000 0.000000 0.000000 0.000000
    191 0.000000 0.000000 0.000000 -0.002509 0.000024 -0.000024
    192 0.000000 0.000000 0.000000 0.000000 0.000000 0.000000
    193 0.000000 0.000000 0.000000 0.000000 0.000000 0.000000
    194 0.000000 0.000000 0.000000 0.000000 0.000000 0.000000
    195 0.000000 0.000000 0.000000 0.000000 0.000000 0.000000
    196 0.000000 0.000000 0.000000 0.000000 0.000000 0.000000
    197 0.000000 0.000000 0.000000 0.000000 0.000000 0.000000
    198 0.000000 0.000000 0.000000 0.000000 0.000000 0.000000
    199 0.000000 0.000000 0.000000 0.000000 0.000000 0.000000
    200 0.000000 0.000000 0.000000 0.000000 0.000000 0.000000
    201 0.000000 0.000000 0.000000 0.000000 0.000000 0.000000
    202 0.000000 0.000000 0.000000 0.000000 0.000000 0.000000
    203 0.000000 0.000000 0.000000 0.000000 0.000000 0.000000
    204 0.000000 0.000000 0.000000 0.000000 0.000000 0.000000
    205 0.000000 0.000000 0.000000 0.000000 0.000000 0.000000
    206 0.000000 0.000000 0.000000 -0.011840 0.000000 0.000000
    207 0.000000 0.000000 0.000000 0.000000 0.000000 0.000000
    208 0.000000 0.000000 0.000000 0.000000 0.000000 0.000000
    209 0.000000 0.000000 0.000000 0.000000 0.000000 0.000000
    210 0.000000 0.000000 0.000000 0.000000 0.000000 0.000000
    211 0.000000 0.000000 0.000000 0.000000 0.000000 0.000000
    212 0.000000 0.000000 0.000000 0.000000 0.000000 0.000000
    213 0.000000 0.000000 0.000000 0.000000 0.000000 0.000000
    214 0.000000 0.000000 0.000000 0.000000 0.000000 0.000000
    215 0.000000 0.000000 0.000000 0.000000 0.000000 0.000000
    216 0.000000 0.000000 0.000000 0.000000 0.000000 0.000000
    217 0.000000 0.000000 0.000000 0.000000 0.000000 0.000000
    218 0.000000 0.000000 0.000000 0.000000 0.000000 0.000000
    219 0.000000 0.000000 0.000000 0.000000 0.000000 0.000000
    220 0.000000 0.000000 0.000000 0.000000 0.000000 0.000000
    221 0.000000 0.000000 0.000000 0.000000 0.000000 0.000000
    222 0.000000 0.000000 0.000000 0.000000 0.000000 0.000000
    223 0.000000 0.000000 0.000000 0.000000 0.000000 0.000000
    224 0.000000 0.000000 0.000000 0.000000 0.000000 0.000000
    225 0.000000 0.000000 0.000000 0.000000 0.000000 0.000000
    226 0.000000 0.000000 0.000000 0.000000 0.000000 0.000000
    227 -0.007813 0.035157 0.023438 -0.011446 -0.001022 -0.001399
    228 0.000000 0.000000 0.000000 0.000000 0.000000 0.000000
    229 0.000000 0.000000 0.000000 0.000000 0.000000 0.000000
    230 0.000000 0.000000 0.000000 0.001270 0.000599 0.000180
    231 0.000000 0.000000 0.000000 0.000000 0.000000 0.000000
    232 0.000000 0.000000 0.000000 0.000000 0.000000 0.000000
    233 0.000000 0.000000 0.000000 0.000000 0.000000 0.000000
    234 0.000000 0.000000 0.000000 0.000000 0.000000 -1.570796
    235 0.000000 0.000000 0.000000 0.000000 0.000000 0.000000
    236 0.000000 0.000000 0.000000 0.000000 0.000000 0.000000
    237 0.000000 0.000000 0.000000 0.000000 0.000000 0.000000
    238 0.000000 0.000000 0.000000 0.000000 0.000000 0.000000
    239 0.000000 0.000000 0.000000 0.000000 0.000000 0.000000
    240 0.000000 0.000000 0.000000 0.000000 0.000000 0.000000
    241 0.000000 0.000000 0.000000 0.000000 0.000000 0.000000
    242 0.000000 0.000000 0.000000 0.000000 0.000000 0.000000
    243 0.000000 0.000000 0.000000 0.000000 0.000000 0.000000
    244 0.000000 0.000000 0.000000 0.000000 0.000000 0.000000
    245 0.000000 0.000000 0.000000 0.000000 0.000000 0.000000
    246 0.000000 0.000000 0.000000 0.000000 0.000000 -1.570796
  time 17
    0 0.000000 0.000000 0.000000 0.000000 0.000000 -1.570796
    1 0.000000 0.000000 0.000000 0.000000 0.000000 0.000000
    2 0.000000 0.000000 0.000000 0.000000 0.000000 0.000000
    3 0.000000 0.000000 0.000000 0.000000 0.000000 0.000000
    4 0.000000 0.000000 0.000000 0.000000 0.000000 0.000000
    5 0.000000 0.000000 0.000000 0.000000 0.000000 0.000000
    6 0.000000 0.000000 0.000000 0.000000 0.000000 0.000000
    7 0.000000 0.000000 0.000000 0.000000 0.000000 0.000000
    8 0.000000 0.000000 0.000000 0.000000 0.000000 0.000000
    9 0.000000 0.000000 0.000000 -0.000287 0.001007 0.005076
    10 0.000000 0.000000 0.000000 0.000000 0.000000 0.000000
    11 0.000000 0.000000 0.000000 -0.000672 -0.004848 0.004983
    12 0.000000 0.000000 0.000000 0.000000 0.000000 0.000000
    13 0.000000 0.000000 0.000000 -0.000091 -0.000012 0.000000
    14 0.000000 0.000000 0.000000 -0.000084 0.000000 -0.005830
    15 0.000000 0.000000 0.000000 0.000000 0.000000 0.000000
    16 0.000000 0.000000 0.000000 0.001781 0.000000 0.000000
    17 0.000000 0.000000 0.000000 0.000072 0.000096 -0.002991
    18 0.000000 0.000000 0.000000 0.000000 0.000000 0.000000
    19 0.000000 0.000000 0.000000 0.002822 0.000012 0.000000
    20 0.003906 0.000000 0.000000 0.000048 -0.000012 0.002898
    21 0.000000 0.000000 0.000000 0.006784 -0.001234 -0.001498
    22 0.000000 0.000000 0.000000 0.000000 0.000000 0.000000
    23 0.000000 0.000000 0.000000 0.004981 0.000000 0.000060
    24 0.007813 0.000000 0.000000 -0.000036 -0.000012 0.000115
    25 0.000000 0.000000 0.000000 0.003902 0.004861 -0.004599
    26 0.000000 0.000000 0.000000 0.000000 0.000000 0.000000
    27 0.000000 0.000000 0.000000 0.000000 0.000000 0.000012
    28 0.000000 0.000000 0.000000 0.000000 0.000000 0.000000
    29 0.000000 0.000000 0.000000 0.000000 0.000000 0.000012
    30 0.000000 0.000000 0.000000 0.000000 0.000000 0.000000
    31 0.000000 0.000000 0.000000 0.000000 0.000000 0.000000
    32 0.000000 0.000000 0.000000 0.000000 0.000000 0.000000
    33 0.000000 0.000000 0.000000 0.000000 0.000000 0.000000
    34 0.000000 0.000000 0.000000 0.000000 0.000000 0.000012
    35 0.000000 0.000000 0.000000 0.000000 0.000000 0.000012
    36 0.000000 0.000000 0.000000 0.000000 0.000000 0.000000
    37 0.000000 0.000000 0.000000 0.000000 0.000000 0.000000
    38 0.000000 0.000000 0.000000 0.000000 0.000000 0.000000
    39 0.000000 0.000000 0.000000 0.000000 0.000000 0.000000
    40 0.000000 0.000000 0.000000 0.000000 0.000000 0.000000
    41 0.000000 0.000000 0.000000 0.000000 0.000000 0.000000
    42 0.000000 0.000000 0.000000 0.000000 0.000000 0.000000
    43 0.000000 0.000000 0.000000 0.000000 0.000000 0.000000
    44 0.000000 0.000000 0.000000 0.000000 0.000000 0.000000
    45 0.000000 0.000000 0.000000 0.000000 0.000000 0.000000
    46 0.000000 0.000000 0.000000 0.000000 0.000000 0.000000
    47 0.000000 0.000000 0.000000 0.000000 0.000000 0.000000
    48 0.000000 0.000000 0.000000 0.000000 0.000000 0.000000
    49 0.000000 0.000000 0.000000 0.000000 -0.000012 0.000000
    50 0.000000 0.000000 0.000000 0.000000 0.000000 0.000000
    51 0.000000 0.000000 0.000000 0.000000 0.000000 0.000000
    52 0.000000 0.000000 0.000000 0.000000 0.000000 0.000000
    53 0.000000 0.000000 0.000000 0.000000 0.000000 0.000000
    54 0.000000 0.000000 0.000000 0.000000 0.000000 0.000000
    55 0.000000 0.000000 0.000000 0.000000 0.000000 0.000000
    56 0.000000 0.000000 0.000000 0.000000 0.000000 0.000000
    57 0.000000 0.000000 0.000000 0.000000 0.000000 0.000000
    58 0.000000 0.000000 0.000000 0.000000 0.000000 0.000000
    59 0.000000 0.000000 0.000000 0.000000 -0.000012 0.000000
    60 0.000000 0.000000 0.000000 0.000000 0.000000 0.000000
    61 0.000000 0.000000 0.000000 0.000000 0.000000 0.000000
    62 0.000000 0.000000 0.000000 0.000000 0.000000 0.000000
    63 0.000000 0.000000 0.000000 0.000000 0.000000 0.000000
    64 0.000000 0.000000 0.000000 0.000000 0.000000 0.000000
    65 0.000000 0.000000 0.000000 -0.000012 0.000012 0.000000
    66 0.000000 0.000000 0.000000 0.000000 0.000000 0.000000
    67 0.000000 0.000000 0.000000 0.000000 0.000000 0.000000
    68 0.000000 0.000000 0.000000 0.000000 0.000000 0.000000
    69 0.000000 0.000000 0.000000 0.000000 0.000000 0.000000
    70 0.000000 0.000000 0.000000 0.000000 0.000000 0.000000
    71 0.000000 0.000000 0.000000 0.000000 0.000000 0.000000
    72 0.000000 0.000000 0.000000 0.000000 0.000000 0.000000
    73 0.000000 0.000000 0.000000 0.000000 0.000000 0.000000
    74 0.000000 0.000000 0.000000 0.000000 0.000000 0.000000
    75 0.000000 0.000000 0.000000 0.000000 0.000000 0.000000
    76 0.000000 0.000000 0.000000 0.000000 0.000000 0.000000
    77 0.000000 0.000000 0.000000 0.000000 0.000000 0.000000
    78 0.000000 0.000000 0.000000 0.000000 0.000000 0.000000
    79 0.000000 0.000000 0.000000 0.000000 0.000000 0.000000
    80 0.000000 0.000000 0.000000 0.000000 0.000000 0.000000
    81 0.000000 0.000000 0.000000 0.000000 0.000000 0.000000
    82 0.000000 0.000000 0.000000 0.000000 0.000000 0.000000
    83 0.000000 0.000000 0.000000 0.000000 0.000000 0.000000
    84 0.000000 0.000000 0.000000 0.000000 0.000000 0.000000
    85 0.000000 0.000000 0.000000 0.000000 0.000000 0.000000
    86 0.000000 0.000000 0.000000 0.000000 0.000000 0.000000
    87 0.000000 0.000000 0.000000 0.000000 0.000000 0.000000
    88 0.000000 0.000000 0.000000 0.000000 0.000000 0.000000
    89 0.000000 0.000000 0.000000 0.000000 0.000000 0.000000
    90 0.000000 0.000000 0.000000 0.000000 0.000000 0.000000
    91 0.000000 0.000000 0.000000 0.000000 0.000000 0.000000
    92 0.000000 0.000000 0.000000 0.000000 0.000000 0.000000
    93 0.000000 0.000000 0.000000 0.000000 0.000000 0.000000
    94 0.000000 0.000000 0.000000 0.000000 0.000000 0.000000
    95 0.000000 0.000000 0.000000 0.000000 0.000000 0.000000
    96 0.000000 0.000000 0.000000 0.000000 0.000000 0.000000
    97 0.000000 0.000000 0.000000 0.000000 0.000000 0.000000
    98 0.000000 0.000000 0.000000 0.000000 0.000000 0.000000
    99 0.000000 0.000000 0.000000 0.000000 0.000000 0.000000
    100 0.000000 0.000000 0.000000 0.000000 0.000000 0.000000
    101 0.000000 0.000000 0.000000 0.000000 0.000000 0.000000
    102 0.000000 0.000000 0.000000 0.000000 0.000000 0.000000
    103 0.000000 0.000000 0.000000 0.000000 0.000000 0.000000
    104 0.000000 0.000000 0.000000 0.000000 0.000000 0.000000
    105 0.000000 0.000000 0.000000 0.000000 0.000000 0.000000
    106 0.000000 0.000000 0.000000 0.000000 0.000000 0.000000
    107 0.000000 0.000000 0.000000 0.000000 0.000000 0.000000
    108 0.000000 0.000000 0.000000 0.000000 0.000000 0.000000
    109 0.000000 0.000000 0.000000 0.000000 0.000000 0.000000
    110 0.000000 0.000000 0.000000 0.000000 0.000000 0.000000
    111 0.000000 0.000000 0.000000 0.000000 0.000000 -1.570796
    112 0.003906 0.046876 -0.054689 0.004981 -0.003110 -1.569864
    113 0.000000 0.000000 0.000000 0.000000 0.000000 0.000000
    114 0.011719 0.046876 -0.015625 0.005070 -0.003130 -1.569957
    115 0.000000 0.000000 0.000000 0.000000 0.000000 0.000000
    116 0.000000 0.000000 0.000000 0.000000 0.000000 0.000000
    117 0.000000 0.000000 0.000000 0.000000 0.000000 0.000000
    118 0.000000 0.000000 0.000000 0.000000 0.000000 0.000000
    119 0.000000 0.000000 0.000000 0.000000 0.000000 0.000000
    120 0.000000 0.000000 0.000000 0.000000 0.000000 0.000000
    121 0.000000 0.000000 0.000000 0.000000 0.000000 0.000000
    122 0.000000 0.000000 0.000000 0.000000 0.000000 0.000000
    123 0.000000 0.000000 0.000000 0.000000 0.000000 0.000000
    124 0.000000 0.000000 0.000000 0.000000 0.000000 0.000000
    125 0.000000 0.000000 0.000000 0.000000 0.000000 0.000000
    126 0.000000 0.000000 0.000000 0.000000 0.000000 0.000000
    127 0.000000 0.000000 0.000000 0.000000 0.000000 0.000000
    128 0.000000 0.000000 0.000000 0.000000 0.000000 0.000000
    129 0.000000 0.000000 0.000000 0.000000 0.000000 0.000000
    130 0.000000 0.000000 0.000000 0.000000 0.000000 0.000000
    131 0.000000 0.000000 0.000000 0.000000 0.000000 0.000000
    132 0.000000 0.000000 0.000000 0.000000 0.000000 0.000000
    133 0.000000 0.000000 0.000000 0.000000 0.000000 0.000000
    134 0.000000 0.000000 0.000000 0.000000 0.000000 0.000000
    135 0.000000 0.000000 0.000000 0.000000 0.000000 0.000000
    136 0.000000 0.000000 0.000000 0.000000 0.000000 0.000000
    137 0.000000 0.000000 0.000000 0.000000 0.000000 0.000000
    138 0.000000 0.000000 0.000000 0.000000 0.000000 0.000000
    139 -0.132817 -0.304697 0.050783 -0.004939 0.003074 -0.001044
    140 0.000000 0.000000 0.000000 0.000000 0.000000 0.000000
    141 0.000000 0.000000 0.000000 0.000000 0.000000 0.000000
    142 0.000000 0.000000 0.000000 0.000000 0.000000 0.000000
    143 0.000000 0.000000 0.000000 0.000000 0.000000 0.000000
    144 0.000000 0.000000 0.000000 0.000000 0.000000 0.000000
    145 0.000000 0.000000 0.000000 0.000000 0.000000 0.000000
    146 0.000000 0.000000 0.000000 0.000000 0.000000 0.000000
    147 0.000000 0.000000 0.000000 0.000000 0.000000 0.000000
    148 0.000000 0.000000 0.000000 0.000000 0.000000 0.000000
    149 0.000000 0.000000 0.000000 0.000000 0.000000 0.000000
    150 0.000000 0.000000 0.000000 0.000000 0.000000 0.000000
    151 0.000000 0.000000 0.000000 0.000000 0.000000 0.000000
    152 0.000000 0.000000 0.000000 0.000000 0.000000 0.000000
    153 0.000000 0.000000 0.000000 0.000000 0.000000 0.000000
    154 0.000000 0.000000 0.000000 0.000000 0.000000 0.000000
    155 0.000000 0.000000 0.000000 0.000000 0.000000 0.000000
    156 0.000000 0.000000 0.000000 0.000000 0.000000 0.000000
    157 0.000000 0.000000 0.000000 0.000000 0.000000 0.000000
    158 0.000000 0.000000 0.000000 0.000000 0.000000 0.000000
    159 0.000000 0.000000 0.000000 0.000000 0.000000 0.000000
    160 0.000000 0.000000 0.000000 0.000000 0.000000 0.000000
    161 0.000000 0.000000 0.000000 0.000000 0.000000 0.000000
    162 0.000000 0.000000 0.000000 0.000000 0.000000 0.000000
    163 0.000000 0.000000 0.000000 0.000000 0.000000 0.000000
    164 0.000000 0.000000 0.000000 0.000000 0.000000 0.000000
    165 0.000000 0.000000 0.000000 0.000000 0.000000 0.000000
    166 0.000000 0.000000 0.000000 0.000000 0.000000 0.000000
    167 0.000000 0.000000 0.000000 0.000000 0.000000 0.000000
    168 0.000000 0.000000 0.000000 0.000000 0.000000 0.000000
    169 0.000000 0.000000 0.000000 0.000000 0.000000 0.000000
    170 0.000000 0.000000 0.000000 0.000000 0.000000 0.000000
    171 0.000000 0.000000 0.000000 0.000000 0.000000 0.000000
    172 0.000000 0.000000 0.000000 0.000000 0.000000 0.000000
    173 0.000000 0.000000 0.000000 0.000000 0.000000 0.000000
    174 0.000000 0.000000 0.000000 0.000004 -0.000689 0.000000
    175 0.000000 0.000000 0.000000 0.000000 0.000000 0.000000
    176 0.000000 0.000000 0.000000 0.000000 0.000000 0.000000
    177 0.000000 0.000000 0.000000 0.000000 0.000000 0.000000
    178 0.000000 0.000000 0.000000 0.000000 0.000000 0.000000
    179 0.000000 0.000000 0.000000 0.000000 0.000000 0.000000
    180 0.000000 0.000000 0.000000 0.000000 0.000000 0.000000
    181 0.000000 0.000000 0.000000 0.000000 0.000000 0.000000
    182 0.000000 0.000000 0.000000 0.000000 0.000000 0.000000
    183 0.000000 0.000000 0.000000 0.000000 0.000000 0.000000
    184 0.000000 0.000000 0.000000 0.000000 0.000000 0.000000
    185 0.000000 0.000000 0.000000 0.000000 0.000000 0.000000
    186 0.000000 0.000000 0.000000 0.000000 0.000000 0.000000
    187 0.000000 0.000000 0.000000 0.000000 0.000000 0.000000
    188 0.000000 0.000000 0.000000 0.000000 0.000000 0.000000
    189 0.000000 0.000000 0.000000 0.000000 0.000000 0.000000
    190 0.000000 0.000000 0.000000 0.000000 0.000000 0.000000
    191 0.000000 0.000000 0.000000 0.003547 0.000000 -0.000048
    192 0.000000 0.000000 0.000000 0.000000 0.000000 0.000000
    193 0.000000 0.000000 0.000000 0.000000 0.000000 0.000000
    194 0.000000 0.000000 0.000000 0.000000 0.000000 0.000000
    195 0.000000 0.000000 0.000000 0.000000 0.000000 0.000000
    196 0.000000 0.000000 0.000000 0.000000 0.000000 0.000000
    197 0.000000 0.000000 0.000000 0.000000 0.000000 0.000000
    198 0.000000 0.000000 0.000000 0.000000 0.000000 0.000000
    199 0.000000 0.000000 0.000000 0.000000 0.000000 0.000000
    200 0.000000 0.000000 0.000000 0.000000 0.000000 0.000000
    201 0.000000 0.000000 0.000000 0.000000 0.000000 0.000000
    202 0.000000 0.000000 0.000000 0.000000 0.000000 0.000000
    203 0.000000 0.000000 0.000000 0.000000 0.000000 0.000000
    204 0.000000 0.000000 0.000000 0.000000 0.000000 0.000000
    205 0.000000 0.000000 0.000000 0.000000 0.000000 0.000000
    206 0.000000 0.000000 0.000000 0.002490 0.000000 0.000060
    207 0.000000 0.000000 0.000000 0.000000 0.000000 0.000000
    208 0.000000 0.000000 0.000000 0.000000 0.000000 0.000000
    209 0.000000 0.000000 0.000000 0.000000 0.000000 0.000000
    210 0.000000 0.000000 0.000000 0.000000 0.000000 0.000000
    211 0.000000 0.000000 0.000000 0.000000 0.000000 0.000000
    212 0.000000 0.000000 0.000000 0.000000 0.000000 0.000000
    213 0.000000 0.000000 0.000000 0.000000 0.000000 0.000000
    214 0.000000 0.000000 0.000000 0.000000 0.000000 0.000000
    215 0.000000 0.000000 0.000000 0.000000 0.000000 0.000000
    216 0.000000 0.000000 0.000000 0.000000 0.000000 0.000000
    217 0.000000 0.000000 0.000000 0.000000 0.000000 0.000000
    218 0.000000 0.000000 0.000000 0.000000 0.000000 0.000000
    219 0.000000 0.000000 0.000000 0.000000 0.000000 0.000000
    220 0.000000 0.000000 0.000000 0.000000 0.000000 0.000000
    221 0.000000 0.000000 0.000000 0.000000 0.000000 0.000000
    222 0.000000 0.000000 0.000000 0.000000 0.000000 0.000000
    223 0.000000 0.000000 0.000000 0.000000 0.000000 0.000000
    224 0.000000 0.000000 0.000000 0.000000 0.000000 0.000000
    225 0.000000 0.000000 0.000000 0.000000 0.000000 0.000000
    226 0.000000 0.000000 0.000000 0.000000 0.000000 0.000000
    227 -0.046876 0.015625 -0.023438 0.004981 -0.003110 0.000932
    228 0.000000 0.000000 0.000000 0.000000 0.000000 0.000000
    229 0.000000 0.000000 0.000000 0.000000 0.000000 0.000000
    230 0.000000 0.000000 0.000000 0.000851 0.000395 0.000120
    231 0.000000 0.000000 0.000000 0.000000 0.000000 0.000000
    232 0.000000 0.000000 0.000000 0.000000 0.000000 0.000000
    233 0.000000 0.000000 0.000000 0.000000 0.000000 0.000000
    234 0.000000 0.000000 0.000000 0.000000 0.000000 -1.570796
    235 0.000000 0.000000 0.000000 0.000000 0.000000 0.000000
    236 0.000000 0.000000 0.000000 0.000000 0.000000 0.000000
    237 0.000000 0.000000 0.000000 0.000000 0.000000 0.000000
    238 0.000000 0.000000 0.000000 0.000000 0.000000 0.000000
    239 0.000000 0.000000 0.000000 0.000000 0.000000 0.000000
    240 0.000000 0.000000 0.000000 0.000000 0.000000 0.000000
    241 0.000000 0.000000 0.000000 0.000000 0.000000 0.000000
    242 0.000000 0.000000 0.000000 0.000000 0.000000 0.000000
    243 0.000000 0.000000 0.000000 0.000000 0.000000 0.000000
    244 0.000000 0.000000 0.000000 0.000000 0.000000 0.000000
    245 0.000000 0.000000 0.000000 0.000000 0.000000 0.000000
    246 0.000000 0.000000 0.000000 0.000000 0.000000 -1.570796
  time 18
    0 0.000000 0.000000 0.000000 0.000000 0.000000 -1.570796
    1 0.000000 0.000000 0.000000 0.000000 0.000000 0.000000
    2 0.000000 0.000000 0.000000 0.000000 0.000000 0.000000
    3 0.000000 0.000000 0.000000 0.000000 0.000000 0.000000
    4 0.000000 0.000000 0.000000 0.000000 0.000000 0.000000
    5 0.000000 0.000000 0.000000 0.000000 0.000000 0.000000
    6 0.000000 0.000000 0.000000 0.000000 0.000000 0.000000
    7 0.000000 0.000000 0.000000 0.000000 0.000000 0.000000
    8 0.000000 0.000000 0.000000 0.000000 0.000000 0.000000
    9 0.000000 0.000000 0.000000 -0.000096 0.000153 0.002584
    10 0.000000 0.000000 0.000000 0.000000 0.000000 0.000000
    11 0.000000 0.000000 0.000000 -0.000305 -0.002401 0.002446
    12 0.000000 0.000000 0.000000 0.000000 0.000000 0.000000
    13 0.000000 0.000000 0.000000 -0.000773 0.000000 0.000000
    14 0.000000 0.000000 0.000000 0.000000 0.000000 -0.003069
    15 0.000000 0.000000 0.000000 0.000000 0.000000 0.000000
    16 0.000000 0.000000 0.000000 0.000857 0.000000 0.000000
    17 0.000000 0.000000 0.000000 0.000036 0.000048 -0.001455
    18 0.000000 0.000000 0.000000 0.000000 0.000000 0.000000
    19 0.000000 0.000000 0.000000 0.001411 0.000000 0.000000
    20 0.000000 0.000000 0.000000 0.000024 0.000000 0.001436
    21 0.000000 0.000000 0.000000 0.004361 -0.000398 -0.000100
    22 0.000000 0.000000 0.000000 0.000000 0.000000 0.000000
    23 0.000000 0.000000 0.000000 0.005156 0.000000 0.000060
    24 0.003906 0.000000 0.000000 -0.000012 0.000000 0.000057
    25 0.000000 0.000000 0.000000 0.003203 0.002496 -0.002091
    26 0.000000 0.000000 0.000000 0.000000 0.000000 0.000000
    27 0.000000 0.000000 0.000000 0.000000 0.000000 0.000000
    28 0.000000 0.000000 0.000000 0.000000 0.000000 0.000000
    29 0.000000 0.000000 0.000000 0.000000 0.000000 0.000000
    30 0.000000 0.000000 0.000000 0.000000 0.000000 0.000000
    31 0.000000 0.000000 0.000000 0.000000 0.000000 0.000000
    32 0.000000 0.000000 0.000000 0.000000 0.000000 0.000000
    33 0.000000 0.000000 0.000000 0.000000 0.000000 0.000000
    34 0.000000 0.000000 0.000000 0.000000 0.000000 0.000000
    35 0.000000 0.000000 0.000000 0.000000 0.000000 0.000000
    36 0.000000 0.000000 0.000000 0.000000 0.000000 0.000000
    37 0.000000 0.000000 0.000000 0.000000 0.000000 0.000000
    38 0.000000 0.000000 0.000000 0.000000 0.000000 0.000000
    39 0.000000 0.000000 0.000000 0.000000 0.000000 0.000000
    40 0.000000 0.000000 0.000000 0.000000 0.000000 0.000000
    41 0.000000 0.000000 0.000000 0.000000 0.000000 0.000000
    42 0.000000 0.000000 0.000000 0.000000 0.000000 0.000000
    43 0.000000 0.000000 0.000000 0.000000 0.000000 0.000000
    44 0.000000 0.000000 0.000000 0.000000 0.000000 0.000000
    45 0.000000 0.000000 0.000000 0.000000 0.000000 0.000000
    46 0.000000 0.000000 0.000000 0.000000 0.000000 0.000000
    47 0.000000 0.000000 0.000000 0.000000 0.000000 0.000000
    48 0.000000 0.000000 0.000000 0.000000 0.000000 0.000000
    49 0.000000 0.000000 0.000000 0.000000 0.000000 0.000000
    50 0.000000 0.000000 0.000000 0.000000 0.000000 0.000000
    51 0.000000 0.000000 0.000000 0.000000 0.000000 0.000000
    52 0.000000 0.000000 0.000000 0.000000 0.000000 0.000000
    53 0.000000 0.000000 0.000000 0.000000 0.000000 0.000000
    54 0.000000 0.000000 0.000000 0.000000 0.000000 0.000000
    55 0.000000 0.000000 0.000000 0.000000 0.000000 0.000000
    56 0.000000 0.000000 0.000000 0.000000 0.000000 0.000000
    57 0.000000 0.000000 0.000000 0.000000 0.000000 0.000000
    58 0.000000 0.000000 0.000000 0.000000 0.000000 0.000000
    59 0.000000 0.000000 0.000000 0.000000 0.000000 0.000000
    60 0.000000 0.000000 0.000000 0.000000 0.000000 0.000000
    61 0.000000 0.000000 0.000000 0.000000 0.000000 0.000000
    62 0.000000 0.000000 0.000000 0.000000 0.000000 0.000000
    63 0.000000 0.000000 0.000000 0.000000 0.000000 0.000000
    64 0.000000 0.000000 0.000000 0.000000 0.000000 0.000000
    65 0.000000 0.000000 0.000000 0.000000 0.000000 0.000000
    66 0.000000 0.000000 0.000000 0.000000 0.000000 0.000000
    67 0.000000 0.000000 0.000000 0.000000 0.000000 0.000000
    68 0.000000 0.000000 0.000000 0.000000 0.000000 0.000000
    69 0.000000 0.000000 0.000000 0.000000 0.000000 0.000000
    70 0.000000 0.000000 0.000000 0.000000 0.000000 0.000000
    71 0.000000 0.000000 0.000000 0.000000 0.000000 0.000000
    72 0.000000 0.000000 0.000000 0.000000 0.000000 0.000000
    73 0.000000 0.000000 0.000000 0.000000 0.000000 0.000000
    74 0.000000 0.000000 0.000000 0.000000 0.000000 0.000000
    75 0.000000 0.000000 0.000000 0.000000 0.000000 0.000000
    76 0.000000 0.000000 0.000000 0.000000 0.000000 0.000000
    77 0.000000 0.000000 0.000000 0.000000 0.000000 0.000000
    78 0.000000 0.000000 0.000000 0.000000 0.000000 0.000000
    79 0.000000 0.000000 0.000000 0.000000 0.000000 0.000000
    80 0.000000 0.000000 0.000000 0.000000 0.000000 0.000000
    81 0.000000 0.000000 0.000000 0.000000 0.000000 0.000000
    82 0.000000 0.000000 0.000000 0.000000 0.000000 0.000000
    83 0.000000 0.000000 0.000000 0.000000 0.000000 0.000000
    84 0.000000 0.000000 0.000000 0.000000 0.000000 0.000000
    85 0.000000 0.000000 0.000000 0.000000 0.000000 0.000000
    86 0.000000 0.000000 0.000000 0.000000 0.000000 0.000000
    87 0.000000 0.000000 0.000000 0.000000 0.000000 0.000000
    88 0.000000 0.000000 0.000000 0.000000 0.000000 0.000000
    89 0.000000 0.000000 0.000000 0.000000 0.000000 0.000000
    90 0.000000 0.000000 0.000000 0.000000 0.000000 0.000000
    91 0.000000 0.000000 0.000000 0.000000 0.000000 0.000000
    92 0.000000 0.000000 0.000000 0.000000 0.000000 0.000000
    93 0.000000 0.000000 0.000000 0.000000 0.000000 0.000000
    94 0.000000 0.000000 0.000000 0.000000 0.000000 0.000000
    95 0.000000 0.000000 0.000000 0.000000 0.000000 0.000000
    96 0.000000 0.000000 0.000000 0.000000 0.000000 0.000000
    97 0.000000 0.000000 0.000000 0.000000 0.000000 0.000000
    98 0.000000 0.000000 0.000000 0.000000 0.000000 0.000000
    99 0.000000 0.000000 0.000000 0.000000 0.000000 0.000000
    100 0.000000 0.000000 0.000000 0.000000 0.000000 0.000000
    101 0.000000 0.000000 0.000000 0.000000 0.000000 0.000000
    102 0.000000 0.000000 0.000000 0.000000 0.000000 0.000000
    103 0.000000 0.000000 0.000000 0.000000 0.000000 0.000000
    104 0.000000 0.000000 0.000000 0.000000 0.000000 0.000000
    105 0.000000 0.000000 0.000000 0.000000 0.000000 0.000000
    106 0.000000 0.000000 0.000000 0.000000 0.000000 0.000000
    107 0.000000 0.000000 0.000000 0.000000 0.000000 0.000000
    108 0.000000 0.000000 0.000000 0.000000 0.000000 0.000000
    109 0.000000 0.000000 0.000000 0.000000 0.000000 0.000000
    110 0.000000 0.000000 0.000000 0.000000 0.000000 0.000000
    111 0.000000 0.000000 0.000000 0.000000 0.000000 -1.570796
    112 0.000000 0.027345 -0.015625 0.003845 -0.001555 -1.570330
    113 0.000000 0.000000 0.000000 0.000000 0.000000 0.000000
    114 0.000000 0.023438 -0.003906 0.003779 -0.001699 -1.570423
    115 0.000000 0.000000 0.000000 0.000000 0.000000 0.000000
    116 0.000000 0.000000 0.000000 0.000000 0.000000 0.000000
    117 0.000000 0.000000 0.000000 0.000000 0.000000 0.000000
    118 0.000000 0.000000 0.000000 0.000000 0.000000 0.000000
    119 0.000000 0.000000 0.000000 0.000000 0.000000 0.000000
    120 0.000000 0.000000 0.000000 0.000000 0.000000 0.000000
    121 0.000000 0.000000 0.000000 0.000000 0.000000 0.000000
    122 0.000000 0.000000 0.000000 0.000000 0.000000 0.000000
    123 0.000000 0.000000 0.000000 0.000000 0.000000 0.000000
    124 0.000000 0.000000 0.000000 0.000000 0.000000 0.000000
    125 0.000000 0.000000 0.000000 0.000000 0.000000 0.000000
    126 0.000000 0.000000 0.000000 0.000000 0.000000 0.000000
    127 0.000000 0.000000 0.000000 0.000000 0.000000 0.000000
    128 0.000000 0.000000 0.000000 0.000000 0.000000 0.000000
    129 0.000000 0.000000 0.000000 0.000000 0.000000 0.000000
    130 0.000000 0.000000 0.000000 0.000000 0.000000 0.000000
    131 0.000000 0.000000 0.000000 0.000000 0.000000 0.000000
    132 0.000000 0.000000 0.000000 0.000000 0.000000 0.000000
    133 0.000000 0.000000 0.000000 0.000000 0.000000 0.000000
    134 0.000000 0.000000 0.000000 0.000000 0.000000 0.000000
    135 0.000000 0.000000 0.000000 0.000000 0.000000 0.000000
    136 0.000000 0.000000 0.000000 0.000000 0.000000 0.000000
    137 0.000000 0.000000 0.000000 0.000000 0.000000 0.000000
    138 0.000000 0.000000 0.000000 0.000000 0.000000 0.000000
    139 -0.070315 -0.226569 0.019532 -0.003799 0.001561 -0.000475
    140 0.000000 0.000000 0.000000 0.000000 0.000000 0.000000
    141 0.000000 0.000000 0.000000 0.000000 0.000000 0.000000
    142 0.000000 0.000000 0.000000 0.000000 0.000000 0.000000
    143 0.000000 0.000000 0.000000 0.000000 0.000000 0.000000
    144 0.000000 0.000000 0.000000 0.000000 0.000000 0.000000
    145 0.000000 0.000000 0.000000 0.000000 0.000000 0.000000
    146 0.000000 0.000000 0.000000 0.000000 0.000000 0.000000
    147 0.000000 0.000000 0.000000 0.000000 0.000000 0.000000
    148 0.000000 0.000000 0.000000 0.000000 0.000000 0.000000
    149 0.000000 0.000000 0.000000 0.000000 0.000000 0.000000
    150 0.000000 0.000000 0.000000 0.000000 0.000000 0.000000
    151 0.000000 0.000000 0.000000 0.000000 0.000000 0.000000
    152 0.000000 0.000000 0.000000 0.000000 0.000000 0.000000
    153 0.000000 0.000000 0.000000 0.000000 0.000000 0.000000
    154 0.000000 0.000000 0.000000 0.000000 0.000000 0.000000
    155 0.000000 0.000000 0.000000 0.000000 0.000000 0.000000
    156 0.000000 0.000000 0.000000 0.000000 0.000000 0.000000
    157 0.000000 0.000000 0.000000 0.000000 0.000000 0.000000
    158 0.000000 0.000000 0.000000 0.000000 0.000000 0.000000
    159 0.000000 0.000000 0.000000 0.000000 0.000000 0.000000
    160 0.000000 0.000000 0.000000 0.000000 0.000000 0.000000
    161 0.000000 0.000000 0.000000 0.000000 0.000000 0.000000
    162 0.000000 0.000000 0.000000 0.000000 0.000000 0.000000
    163 0.000000 0.000000 0.000000 0.000000 0.000000 0.000000
    164 0.000000 0.000000 0.000000 0.000000 0.000000 0.000000
    165 0.000000 0.000000 0.000000 0.000000 0.000000 0.000000
    166 0.000000 0.000000 0.000000 0.000000 0.000000 0.000000
    167 0.000000 0.000000 0.000000 0.000000 0.000000 0.000000
    168 0.000000 0.000000 0.000000 0.000000 0.000000 0.000000
    169 0.000000 0.000000 0.000000 0.000000 0.000000 0.000000
    170 0.000000 0.000000 0.000000 0.000000 0.000000 0.000000
    171 0.000000 0.000000 0.000000 0.000000 0.000000 0.000000
    172 0.000000 0.000000 0.000000 0.000000 0.000000 0.000000
    173 0.000000 0.000000 0.000000 0.000000 0.000000 0.000000
    174 0.000000 0.000000 0.000000 0.000004 -0.000689 0.000000
    175 0.000000 0.000000 0.000000 0.000000 0.000000 0.000000
    176 0.000000 0.000000 0.000000 0.000000 0.000000 0.000000
    177 0.000000 0.000000 0.000000 0.000000 0.000000 0.000000
    178 0.000000 0.000000 0.000000 0.000000 0.000000 0.000000
    179 0.000000 0.000000 0.000000 0.000000 0.000000 0.000000
    180 0.000000 0.000000 0.000000 0.000000 0.000000 0.000000
    181 0.000000 0.000000 0.000000 0.000000 0.000000 0.000000
    182 0.000000 0.000000 0.000000 0.000000 0.000000 0.000000
    183 0.000000 0.000000 0.000000 0.000000 0.000000 0.000000
    184 0.000000 0.000000 0.000000 0.000000 0.000000 0.000000
    185 0.000000 0.000000 0.000000 0.000000 0.000000 0.000000
    186 0.000000 0.000000 0.000000 0.000000 0.000000 0.000000
    187 0.000000 0.000000 0.000000 0.000000 0.000000 0.000000
    188 0.000000 0.000000 0.000000 0.000000 0.000000 0.000000
    189 0.000000 0.000000 0.000000 0.000000 0.000000 0.000000
    190 0.000000 0.000000 0.000000 0.000000 0.000000 0.000000
    191 0.000000 0.000000 0.000000 0.001773 0.000000 -0.000024
    192 0.000000 0.000000 0.000000 0.000000 0.000000 0.000000
    193 0.000000 0.000000 0.000000 0.000000 0.000000 0.000000
    194 0.000000 0.000000 0.000000 0.000000 0.000000 0.000000
    195 0.000000 0.000000 0.000000 0.000000 0.000000 0.000000
    196 0.000000 0.000000 0.000000 0.000000 0.000000 0.000000
    197 0.000000 0.000000 0.000000 0.000000 0.000000 0.000000
    198 0.000000 0.000000 0.000000 0.000000 0.000000 0.000000
    199 0.000000 0.000000 0.000000 0.000000 0.000000 0.000000
    200 0.000000 0.000000 0.000000 0.000000 0.000000 0.000000
    201 0.000000 0.000000 0.000000 0.000000 0.000000 0.000000
    202 0.000000 0.000000 0.000000 0.000000 0.000000 0.000000
    203 0.000000 0.000000 0.000000 0.000000 0.000000 0.000000
    204 0.000000 0.000000 0.000000 0.000000 0.000000 0.000000
    205 0.000000 0.000000 0.000000 0.000000 0.000000 0.000000
    206 0.000000 0.000000 0.000000 0.002534 0.000000 0.000000
    207 0.000000 0.000000 0.000000 0.000000 0.000000 0.000000
    208 0.000000 0.000000 0.000000 0.000000 0.000000 0.000000
    209 0.000000 0.000000 0.000000 0.000000 0.000000 0.000000
    210 0.000000 0.000000 0.000000 0.000000 0.000000 0.000000
    211 0.000000 0.000000 0.000000 0.000000 0.000000 0.000000
    212 0.000000 0.000000 0.000000 0.000000 0.000000 0.000000
    213 0.000000 0.000000 0.000000 0.000000 0.000000 0.000000
    214 0.000000 0.000000 0.000000 0.000000 0.000000 0.000000
    215 0.000000 0.000000 0.000000 0.000000 0.000000 0.000000
    216 0.000000 0.000000 0.000000 0.000000 0.000000 0.000000
    217 0.000000 0.000000 0.000000 0.000000 0.000000 0.000000
    218 0.000000 0.000000 0.000000 0.000000 0.000000 0.000000
    219 0.000000 0.000000 0.000000 0.000000 0.000000 0.000000
    220 0.000000 0.000000 0.000000 0.000000 0.000000 0.000000
    221 0.000000 0.000000 0.000000 0.000000 0.000000 0.000000
    222 0.000000 0.000000 0.000000 0.000000 0.000000 0.000000
    223 0.000000 0.000000 0.000000 0.000000 0.000000 0.000000
    224 0.000000 0.000000 0.000000 0.000000 0.000000 0.000000
    225 0.000000 0.000000 0.000000 0.000000 0.000000 0.000000
    226 0.000000 0.000000 0.000000 0.000000 0.000000 0.000000
    227 -0.027345 0.000000 0.000000 0.003845 -0.001555 0.000466
    228 0.000000 0.000000 0.000000 0.000000 0.000000 0.000000
    229 0.000000 0.000000 0.000000 0.000000 0.000000 0.000000
    230 0.000000 0.000000 0.000000 0.000419 0.000192 0.000060
    231 0.000000 0.000000 0.000000 0.000000 0.000000 0.000000
    232 0.000000 0.000000 0.000000 0.000000 0.000000 0.000000
    233 0.000000 0.000000 0.000000 0.000000 0.000000 0.000000
    234 0.000000 0.000000 0.000000 0.000000 0.000000 -1.570796
    235 0.000000 0.000000 0.000000 0.000000 0.000000 0.000000
    236 0.000000 0.000000 0.000000 0.000000 0.000000 0.000000
    237 0.000000 0.000000 0.000000 0.000000 0.000000 0.000000
    238 0.000000 0.000000 0.000000 0.000000 0.000000 0.000000
    239 0.000000 0.000000 0.000000 0.000000 0.000000 0.000000
    240 0.000000 0.000000 0.000000 0.000000 0.000000 0.000000
    241 0.000000 0.000000 0.000000 0.000000 0.000000 0.000000
    242 0.000000 0.000000 0.000000 0.000000 0.000000 0.000000
    243 0.000000 0.000000 0.000000 0.000000 0.000000 0.000000
    244 0.000000 0.000000 0.000000 0.000000 0.000000 0.000000
    245 0.000000 0.000000 0.000000 0.000000 0.000000 0.000000
    246 0.000000 0.000000 0.000000 0.000000 0.000000 -1.570796
  time 19
    0 0.000000 0.000000 0.000000 0.000000 0.000000 -1.570796
    1 0.000000 0.000000 0.000000 0.000000 0.000000 0.000000
    2 0.000000 0.000000 0.000000 0.000000 0.000000 0.000000
    3 0.000000 0.000000 0.000000 0.000000 0.000000 0.000000
    4 0.000000 0.000000 0.000000 0.000000 0.000000 0.000000
    5 0.000000 0.000000 0.000000 0.000000 0.000000 0.000000
    6 0.000000 0.000000 0.000000 0.000000 0.000000 0.000000
    7 0.000000 0.000000 0.000000 0.000000 0.000000 0.000000
    8 0.000000 0.000000 0.000000 0.000000 0.000000 0.000000
    9 0.000000 0.000000 0.000000 0.000000 0.000000 0.000000
    10 0.000000 0.000000 0.000000 0.000000 0.000000 0.000000
    11 0.000000 0.000000 0.000000 0.000000 0.000000 0.000000
    12 0.000000 0.000000 0.000000 0.000000 0.000000 0.000000
    13 0.000000 0.000000 0.000000 0.000000 0.000000 0.000000
    14 0.000000 0.000000 0.000000 0.000000 0.000000 0.000000
    15 0.000000 0.000000 0.000000 0.000000 0.000000 0.000000
    16 0.000000 0.000000 0.000000 0.000000 0.000000 0.000000
    17 0.000000 0.000000 0.000000 0.000000 0.000000 0.000000
    18 0.000000 0.000000 0.000000 0.000000 0.000000 0.000000
    19 0.000000 0.000000 0.000000 0.000000 0.000000 0.000000
    20 0.000000 0.000000 0.000000 0.000000 0.000000 0.000000
    21 0.000000 0.000000 0.000000 0.000000 0.000000 0.000000
    22 0.000000 0.000000 0.000000 0.000000 0.000000 0.000000
    23 0.000000 0.000000 0.000000 0.000000 0.000000 0.000000
    24 0.000000 0.000000 0.000000 0.000000 0.000000 0.000000
    25 0.000000 0.000000 0.000000 0.000000 0.000000 0.000000
    26 0.000000 0.000000 0.000000 0.000000 0.000000 0.000000
    27 0.000000 0.000000 0.000000 0.000000 0.000000 0.000000
    28 0.000000 0.000000 0.000000 0.000000 0.000000 0.000000
    29 0.000000 0.000000 0.000000 0.000000 0.000000 0.000000
    30 0.000000 0.000000 0.000000 0.000000 0.000000 0.000000
    31 0.000000 0.000000 0.000000 0.000000 0.000000 0.000000
    32 0.000000 0.000000 0.000000 0.000000 0.000000 0.000000
    33 0.000000 0.000000 0.000000 0.000000 0.000000 0.000000
    34 0.000000 0.000000 0.000000 0.000000 0.000000 0.000000
    35 0.000000 0.000000 0.000000 0.000000 0.000000 0.000000
    36 0.000000 0.000000 0.000000 0.000000 0.000000 0.000000
    37 0.000000 0.000000 0.000000 0.000000 0.000000 0.000000
    38 0.000000 0.000000 0.000000 0.000000 0.000000 0.000000
    39 0.000000 0.000000 0.000000 0.000000 0.000000 0.000000
    40 0.000000 0.000000 0.000000 0.000000 0.000000 0.000000
    41 0.000000 0.000000 0.000000 0.000000 0.000000 0.000000
    42 0.000000 0.000000 0.000000 0.000000 0.000000 0.000000
    43 0.000000 0.000000 0.000000 0.000000 0.000000 0.000000
    44 0.000000 0.000000 0.000000 0.000000 0.000000 0.000000
    45 0.000000 0.000000 0.000000 0.000000 0.000000 0.000000
    46 0.000000 0.000000 0.000000 0.000000 0.000000 0.000000
    47 0.000000 0.000000 0.000000 0.000000 0.000000 0.000000
    48 0.000000 0.000000 0.000000 0.000000 0.000000 0.000000
    49 0.000000 0.000000 0.000000 0.000000 0.000000 0.000000
    50 0.000000 0.000000 0.000000 0.000000 0.000000 0.000000
    51 0.000000 0.000000 0.000000 0.000000 0.000000 0.000000
    52 0.000000 0.000000 0.000000 0.000000 0.000000 0.000000
    53 0.000000 0.000000 0.000000 0.000000 0.000000 0.000000
    54 0.000000 0.000000 0.000000 0.000000 0.000000 0.000000
    55 0.000000 0.000000 0.000000 0.000000 0.000000 0.000000
    56 0.000000 0.000000 0.000000 0.000000 0.000000 0.000000
    57 0.000000 0.000000 0.000000 0.000000 0.000000 0.000000
    58 0.000000 0.000000 0.000000 0.000000 0.000000 0.000000
    59 0.000000 0.000000 0.000000 0.000000 0.000000 0.000000
    60 0.000000 0.000000 0.000000 0.000000 0.000000 0.000000
    61 0.000000 0.000000 0.000000 0.000000 0.000000 0.000000
    62 0.000000 0.000000 0.000000 0.000000 0.000000 0.000000
    63 0.000000 0.000000 0.000000 0.000000 0.000000 0.000000
    64 0.000000 0.000000 0.000000 0.000000 0.000000 0.000000
    65 0.000000 0.000000 0.000000 0.000000 0.000000 0.000000
    66 0.000000 0.000000 0.000000 0.000000 0.000000 0.000000
    67 0.000000 0.000000 0.000000 0.000000 0.000000 0.000000
    68 0.000000 0.000000 0.000000 0.000000 0.000000 0.000000
    69 0.000000 0.000000 0.000000 0.000000 0.000000 0.000000
    70 0.000000 0.000000 0.000000 0.000000 0.000000 0.000000
    71 0.000000 0.000000 0.000000 0.000000 0.000000 0.000000
    72 0.000000 0.000000 0.000000 0.000000 0.000000 0.000000
    73 0.000000 0.000000 0.000000 0.000000 0.000000 0.000000
    74 0.000000 0.000000 0.000000 0.000000 0.000000 0.000000
    75 0.000000 0.000000 0.000000 0.000000 0.000000 0.000000
    76 0.000000 0.000000 0.000000 0.000000 0.000000 0.000000
    77 0.000000 0.000000 0.000000 0.000000 0.000000 0.000000
    78 0.000000 0.000000 0.000000 0.000000 0.000000 0.000000
    79 0.000000 0.000000 0.000000 0.000000 0.000000 0.000000
    80 0.000000 0.000000 0.000000 0.000000 0.000000 0.000000
    81 0.000000 0.000000 0.000000 0.000000 0.000000 0.000000
    82 0.000000 0.000000 0.000000 0.000000 0.000000 0.000000
    83 0.000000 0.000000 0.000000 0.000000 0.000000 0.000000
    84 0.000000 0.000000 0.000000 0.000000 0.000000 0.000000
    85 0.000000 0.000000 0.000000 0.000000 0.000000 0.000000
    86 0.000000 0.000000 0.000000 0.000000 0.000000 0.000000
    87 0.000000 0.000000 0.000000 0.000000 0.000000 0.000000
    88 0.000000 0.000000 0.000000 0.000000 0.000000 0.000000
    89 0.000000 0.000000 0.000000 0.000000 0.000000 0.000000
    90 0.000000 0.000000 0.000000 0.000000 0.000000 0.000000
    91 0.000000 0.000000 0.000000 0.000000 0.000000 0.000000
    92 0.000000 0.000000 0.000000 0.000000 0.000000 0.000000
    93 0.000000 0.000000 0.000000 0.000000 0.000000 0.000000
    94 0.000000 0.000000 0.000000 0.000000 0.000000 0.000000
    95 0.000000 0.000000 0.000000 0.000000 0.000000 0.000000
    96 0.000000 0.000000 0.000000 0.000000 0.000000 0.000000
    97 0.000000 0.000000 0.000000 0.000000 0.000000 0.000000
    98 0.000000 0.000000 0.000000 0.000000 0.000000 0.000000
    99 0.000000 0.000000 0.000000 0.000000 0.000000 0.000000
    100 0.000000 0.000000 0.000000 0.000000 0.000000 0.000000
    101 0.000000 0.000000 0.000000 0.000000 0.000000 0.000000
    102 0.000000 0.000000 0.000000 0.000000 0.000000 0.000000
    103 0.000000 0.000000 0.000000 0.000000 0.000000 0.000000
    104 0.000000 0.000000 0.000000 0.000000 0.000000 0.000000
    105 0.000000 0.000000 0.000000 0.000000 0.000000 0.000000
    106 0.000000 0.000000 0.000000 0.000000 0.000000 0.000000
    107 0.000000 0.000000 0.000000 0.000000 0.000000 0.000000
    108 0.000000 0.000000 0.000000 0.000000 0.000000 0.000000
    109 0.000000 0.000000 0.000000 0.000000 0.000000 0.000000
    110 0.000000 0.000000 0.000000 0.000000 0.000000 0.000000
    111 0.000000 0.000000 0.000000 0.000000 0.000000 -1.570796
    112 0.000000 0.000000 0.000000 0.000000 0.000000 -1.570796
    113 0.000000 0.000000 0.000000 0.000000 0.000000 0.000000
    114 0.000000 0.000000 0.000000 0.000000 0.000000 -1.570796
    115 0.000000 0.000000 0.000000 0.000000 0.000000 0.000000
    116 0.000000 0.000000 0.000000 0.000000 0.000000 0.000000
    117 0.000000 0.000000 0.000000 0.000000 0.000000 0.000000
    118 0.000000 0.000000 0.000000 0.000000 0.000000 0.000000
    119 0.000000 0.000000 0.000000 0.000000 0.000000 0.000000
    120 0.000000 0.000000 0.000000 0.000000 0.000000 0.000000
    121 0.000000 0.000000 0.000000 0.000000 0.000000 0.000000
    122 0.000000 0.000000 0.000000 0.000000 0.000000 0.000000
    123 0.000000 0.000000 0.000000 0.000000 0.000000 0.000000
    124 0.000000 0.000000 0.000000 0.000000 0.000000 0.000000
    125 0.000000 0.000000 0.000000 0.000000 0.000000 0.000000
    126 0.000000 0.000000 0.000000 0.000000 0.000000 0.000000
    127 0.000000 0.000000 0.000000 0.000000 0.000000 0.000000
    128 0.000000 0.000000 0.000000 0.000000 0.000000 0.000000
    129 0.000000 0.000000 0.000000 0.000000 0.000000 0.000000
    130 0.000000 0.000000 0.000000 0.000000 0.000000 0.000000
    131 0.000000 0.000000 0.000000 0.000000 0.000000 0.000000
    132 0.000000 0.000000 0.000000 0.000000 0.000000 0.000000
    133 0.000000 0.000000 0.000000 0.000000 0.000000 0.000000
    134 0.000000 0.000000 0.000000 0.000000 0.000000 0.000000
    135 0.000000 0.000000 0.000000 0.000000 0.000000 0.000000
    136 0.000000 0.000000 0.000000 0.000000 0.000000 0.000000
    137 0.000000 0.000000 0.000000 0.000000 0.000000 0.000000
    138 0.000000 0.000000 0.000000 0.000000 0.000000 0.000000
    139 0.000000 0.000000 0.000000 0.000000 0.000000 0.000000
    140 0.000000 0.000000 0.000000 0.000000 0.000000 0.000000
    141 0.000000 0.000000 0.000000 0.000000 0.000000 0.000000
    142 0.000000 0.000000 0.000000 0.000000 0.000000 0.000000
    143 0.000000 0.000000 0.000000 0.000000 0.000000 0.000000
    144 0.000000 0.000000 0.000000 0.000000 0.000000 0.000000
    145 0.000000 0.000000 0.000000 0.000000 0.000000 0.000000
    146 0.000000 0.000000 0.000000 0.000000 0.000000 0.000000
    147 0.000000 0.000000 0.000000 0.000000 0.000000 0.000000
    148 0.000000 0.000000 0.000000 0.000000 0.000000 0.000000
    149 0.000000 0.000000 0.000000 0.000000 0.000000 0.000000
    150 0.000000 0.000000 0.000000 0.000000 0.000000 0.000000
    151 0.000000 0.000000 0.000000 0.000000 0.000000 0.000000
    152 0.000000 0.000000 0.000000 0.000000 0.000000 0.000000
    153 0.000000 0.000000 0.000000 0.000000 0.000000 0.000000
    154 0.000000 0.000000 0.000000 0.000000 0.000000 0.000000
    155 0.000000 0.000000 0.000000 0.000000 0.000000 0.000000
    156 0.000000 0.000000 0.000000 0.000000 0.000000 0.000000
    157 0.000000 0.000000 0.000000 0.000000 0.000000 0.000000
    158 0.000000 0.000000 0.000000 0.000000 0.000000 0.000000
    159 0.000000 0.000000 0.000000 0.000000 0.000000 0.000000
    160 0.000000 0.000000 0.000000 0.000000 0.000000 0.000000
    161 0.000000 0.000000 0.000000 0.000000 0.000000 0.000000
    162 0.000000 0.000000 0.000000 0.000000 0.000000 0.000000
    163 0.000000 0.000000 0.000000 0.000000 0.000000 0.000000
    164 0.000000 0.000000 0.000000 0.000000 0.000000 0.000000
    165 0.000000 0.000000 0.000000 0.000000 0.000000 0.000000
    166 0.000000 0.000000 0.000000 0.000000 0.000000 0.000000
    167 0.000000 0.000000 0.000000 0.000000 0.000000 0.000000
    168 0.000000 0.000000 0.000000 0.000000 0.000000 0.000000
    169 0.000000 0.000000 0.000000 0.000000 0.000000 0.000000
    170 0.000000 0.000000 0.000000 0.000000 0.000000 0.000000
    171 0.000000 0.000000 0.000000 0.000000 0.000000 0.000000
    172 0.000000 0.000000 0.000000 0.000000 0.000000 0.000000
    173 0.000000 0.000000 0.000000 0.000000 0.000000 0.000000
    174 0.000000 0.000000 0.000000 0.000004 -0.000689 0.000000
    175 0.000000 0.000000 0.000000 0.000000 0.000000 0.000000
    176 0.000000 0.000000 0.000000 0.000000 0.000000 0.000000
    177 0.000000 0.000000 0.000000 0.000000 0.000000 0.000000
    178 0.000000 0.000000 0.000000 0.000000 0.000000 0.000000
    179 0.000000 0.000000 0.000000 0.000000 0.000000 0.000000
    180 0.000000 0.000000 0.000000 0.000000 0.000000 0.000000
    181 0.000000 0.000000 0.000000 0.000000 0.000000 0.000000
    182 0.000000 0.000000 0.000000 0.000000 0.000000 0.000000
    183 0.000000 0.000000 0.000000 0.000000 0.000000 0.000000
    184 0.000000 0.000000 0.000000 0.000000 0.000000 0.000000
    185 0.000000 0.000000 0.000000 0.000000 0.000000 0.000000
    186 0.000000 0.000000 0.000000 0.000000 0.000000 0.000000
    187 0.000000 0.000000 0.000000 0.000000 0.000000 0.000000
    188 0.000000 0.000000 0.000000 0.000000 0.000000 0.000000
    189 0.000000 0.000000 0.000000 0.000000 0.000000 0.000000
    190 0.000000 0.000000 0.000000 0.000000 0.000000 0.000000
    191 0.000000 0.000000 0.000000 0.000000 0.000000 0.000000
    192 0.000000 0.000000 0.000000 0.000000 0.000000 0.000000
    193 0.000000 0.000000 0.000000 0.000000 0.000000 0.000000
    194 0.000000 0.000000 0.000000 0.000000 0.000000 0.000000
    195 0.000000 0.000000 0.000000 0.000000 0.000000 0.000000
    196 0.000000 0.000000 0.000000 0.000000 0.000000 0.000000
    197 0.000000 0.000000 0.000000 0.000000 0.000000 0.000000
    198 0.000000 0.000000 0.000000 0.000000 0.000000 0.000000
    199 0.000000 0.000000 0.000000 0.000000 0.000000 0.000000
    200 0.000000 0.000000 0.000000 0.000000 0.000000 0.000000
    201 0.000000 0.000000 0.000000 0.000000 0.000000 0.000000
    202 0.000000 0.000000 0.000000 0.000000 0.000000 0.000000
    203 0.000000 0.000000 0.000000 0.000000 0.000000 0.000000
    204 0.000000 0.000000 0.000000 0.000000 0.000000 0.000000
    205 0.000000 0.000000 0.000000 0.000000 0.000000 0.000000
    206 0.000000 0.000000 0.000000 0.000000 0.000000 0.000000
    207 0.000000 0.000000 0.000000 0.000000 0.000000 0.000000
    208 0.000000 0.000000 0.000000 0.000000 0.000000 0.000000
    209 0.000000 0.000000 0.000000 0.000000 0.000000 0.000000
    210 0.000000 0.000000 0.000000 0.000000 0.000000 0.000000
    211 0.000000 0.000000 0.000000 0.000000 0.000000 0.000000
    212 0.000000 0.000000 0.000000 0.000000 0.000000 0.000000
    213 0.000000 0.000000 0.000000 0.000000 0.000000 0.000000
    214 0.000000 0.000000 0.000000 0.000000 0.000000 0.000000
    215 0.000000 0.000000 0.000000 0.000000 0.000000 0.000000
    216 0.000000 0.000000 0.000000 0.000000 0.000000 0.000000
    217 0.000000 0.000000 0.000000 0.000000 0.000000 0.000000
    218 0.000000 0.000000 0.000000 0.000000 0.000000 0.000000
    219 0.000000 0.000000 0.000000 0.000000 0.000000 0.000000
    220 0.000000 0.000000 0.000000 0.000000 0.000000 0.000000
    221 0.000000 0.000000 0.000000 0.000000 0.000000 0.000000
    222 0.000000 0.000000 0.000000 0.000000 0.000000 0.000000
    223 0.000000 0.000000 0.000000 0.000000 0.000000 0.000000
    224 0.000000 0.000000 0.000000 0.000000 0.000000 0.000000
    225 0.000000 0.000000 0.000000 0.000000 0.000000 0.000000
    226 0.000000 0.000000 0.000000 0.000000 0.000000 0.000000
    227 0.000000 0.000000 0.000000 0.000000 0.000000 0.000000
    228 0.000000 0.000000 0.000000 0.000000 0.000000 0.000000
    229 0.000000 0.000000 0.000000 0.000000 0.000000 0.000000
    230 0.000000 0.000000 0.000000 0.000000 0.000000 0.000000
    231 0.000000 0.000000 0.000000 0.000000 0.000000 0.000000
    232 0.000000 0.000000 0.000000 0.000000 0.000000 0.000000
    233 0.000000 0.000000 0.000000 0.000000 0.000000 0.000000
    234 0.000000 0.000000 0.000000 0.000000 0.000000 -1.570796
    235 0.000000 0.000000 0.000000 0.000000 0.000000 0.000000
    236 0.000000 0.000000 0.000000 0.000000 0.000000 0.000000
    237 0.000000 0.000000 0.000000 0.000000 0.000000 0.000000
    238 0.000000 0.000000 0.000000 0.000000 0.000000 0.000000
    239 0.000000 0.000000 0.000000 0.000000 0.000000 0.000000
    240 0.000000 0.000000 0.000000 0.000000 0.000000 0.000000
    241 0.000000 0.000000 0.000000 0.000000 0.000000 0.000000
    242 0.000000 0.000000 0.000000 0.000000 0.000000 0.000000
    243 0.000000 0.000000 0.000000 0.000000 0.000000 0.000000
    244 0.000000 0.000000 0.000000 0.000000 0.000000 0.000000
    245 0.000000 0.000000 0.000000 0.000000 0.000000 0.000000
    246 0.000000 0.000000 0.000000 0.000000 0.000000 -1.570796
end
