// Created by Crowbar 0.74
version 1
nodes
  0 "tag_origin" -1
  1 "tag_view" 0
  2 "tag_ads" 1
  3 "tag_torso" 2
  4 "j_mainroot" 3
  5 "j_spinelower" 4
  6 "j_spineupper" 5
  7 "j_clavicle_le" 6
  8 "j_clavicle_ri" 6
  9 "j_shoulder_le" 7
  10 "j_teres_le" 7
  11 "j_shoulder_ri" 8
  12 "j_teres_ri" 8
  13 "j_shouldertwist_le" 9
  14 "j_elbow_le" 9
  15 "ValveBiped.Bip01_L_UpperArm" 9
  16 "j_shouldertwist_ri" 11
  17 "j_elbow_ri" 11
  18 "ValveBiped.Bip01_R_UpperArm" 11
  19 "j_wristfronttwist1_le" 14
  20 "j_elbowdq_le" 14
  21 "j_wrist_le" 14
  22 "ValveBiped.Bip01_L_Forearm" 19
  23 "j_wristfronttwist1_ri" 17
  24 "j_elbowdq_ri" 17
  25 "j_wrist_ri" 17
  26 "ValveBiped.Bip01_R_Forearm" 23
  27 "j_metaindex_le_1" 21
  28 "j_metamid_le_1" 21
  29 "j_metapinky_le_1" 21
  30 "j_metaring_le_1" 21
  31 "j_thumb_le_1" 21
  32 "ValveBiped.Bip01_L_Hand" 21
  33 "j_metaindex_ri_1" 25
  34 "j_metamid_ri_1" 25
  35 "j_metapinky_ri_1" 25
  36 "j_metaring_ri_1" 25
  37 "j_thumb_ri_1" 25
  38 "ValveBiped.Bip01_R_Hand" 25
  39 "j_index_le_1" 27
  40 "j_mid_le_1" 28
  41 "j_pinky_le_1" 29
  42 "j_webbing_le_3" 29
  43 "j_ring_le_1" 30
  44 "j_thumb_le_2" 31
  45 "j_webbing_le_2" 31
  46 "ValveBiped.Bip01_L_Finger0" 31
  47 "j_index_ri_1" 33
  48 "j_mid_ri_1" 34
  49 "j_pinky_ri_1" 35
  50 "j_webbing_ri_3" 35
  51 "j_ring_ri_1" 36
  52 "j_thumb_ri_2" 37
  53 "j_webbing_ri_2" 37
  54 "ValveBiped.Bip01_R_Finger0" 37
  55 "j_index_le_2" 39
  56 "j_indexbulge_le_1" 39
  57 "j_proc_index_le_1" 39
  58 "ValveBiped.Bip01_L_Finger1" 39
  59 "j_mid_le_2" 40
  60 "j_proc_mid_le_1" 40
  61 "ValveBiped.Bip01_L_Finger2" 40
  62 "j_pinky_le_2" 41
  63 "j_proc_pinky_le_1" 41
  64 "ValveBiped.Bip01_L_Finger4" 41
  65 "j_ring_le_2" 43
  66 "j_proc_ring_le_1" 43
  67 "ValveBiped.Bip01_L_Finger3" 43
  68 "j_thumb_le_3" 44
  69 "ValveBiped.Bip01_L_Finger01" 44
  70 "j_index_ri_2" 47
  71 "j_indexbulge_ri_1" 47
  72 "j_proc_index_ri_1" 47
  73 "ValveBiped.Bip01_R_Finger1" 47
  74 "j_mid_ri_2" 48
  75 "j_proc_mid_ri_1" 48
  76 "ValveBiped.Bip01_R_Finger2" 48
  77 "j_pinky_ri_2" 49
  78 "j_proc_pinky_ri_1" 49
  79 "ValveBiped.Bip01_R_Finger4" 49
  80 "j_ring_ri_2" 51
  81 "j_proc_ring_ri_1" 51
  82 "ValveBiped.Bip01_R_Finger3" 51
  83 "j_thumb_ri_3" 52
  84 "ValveBiped.Bip01_R_Finger01" 52
  85 "j_index_le_3" 55
  86 "ValveBiped.Bip01_L_Finger11" 55
  87 "j_mid_le_3" 59
  88 "ValveBiped.Bip01_L_Finger21" 59
  89 "j_pinky_le_3" 62
  90 "ValveBiped.Bip01_L_Finger41" 62
  91 "j_ring_le_3" 65
  92 "ValveBiped.Bip01_L_Finger31" 65
  93 "ValveBiped.Bip01_L_Finger02" 68
  94 "j_index_ri_3" 70
  95 "ValveBiped.Bip01_R_Finger11" 70
  96 "j_mid_ri_3" 74
  97 "ValveBiped.Bip01_R_Finger21" 74
  98 "j_pinky_ri_3" 77
  99 "ValveBiped.Bip01_R_Finger41" 77
  100 "j_ring_ri_3" 80
  101 "ValveBiped.Bip01_R_Finger31" 80
  102 "ValveBiped.Bip01_R_Finger02" 83
  103 "ValveBiped.Bip01_L_Finger12" 85
  104 "ValveBiped.Bip01_L_Finger22" 87
  105 "ValveBiped.Bip01_L_Finger42" 89
  106 "ValveBiped.Bip01_L_Finger32" 91
  107 "ValveBiped.Bip01_R_Finger12" 94
  108 "ValveBiped.Bip01_R_Finger22" 96
  109 "ValveBiped.Bip01_R_Finger42" 98
  110 "ValveBiped.Bip01_R_Finger32" 100
  111 "ValveBiped.Anim_Attachment_RH" -1
  112 "tag_sling" -1
  113 "tag_attachments" 112
  114 "j_gun" -1
  115 "j_trigger" 112
  116 "tag_acog_2" 112
  117 "tag_barrel_attach" 112
  118 "tag_flash" 117
  119 "tag_folding_grip" 117
  120 "tag_grenade_launcher" 117
  121 "tag_grip_attach" 117
  122 "tag_ik_loc_le" 117
  123 "tag_laser_attach" 117
  124 "tag_silencer" 117
  125 "tag_grip_hide" 117
  126 "tag_brass" 112
  127 "tag_cosmetic" 112
  128 "tag_holo" 112
  129 "tag_hybrid" 112
  130 "j_hybrid_scope" 129
  131 "j_magnifier_lever" 129
  132 "tag_glass_ads2" 129
  133 "tag_glass_hip2" 129
  134 "tag_reticle_attach2" 129
  135 "tag_ik_loc_ri" 112
  136 "tag_mag_attach" 112
  137 "j_mag1" 136
  138 "j_mag_follower" 137
  139 "j_mag2" 136
  140 "tag_pistolgrip_attach" 112
  141 "tag_reflex" 112
  142 "tag_scope" 112
  143 "tag_sight_on" 112
  144 "tag_stock_attach" 112
  145 "j_charginghandle" 112
  146 "j_charginghandleassist" 112
  147 "j_firesel" 112
  148 "j_magrel" 112
  149 "j_magrel_right" 112
  150 "j_mike4_bolt" 112
  151 "tag_sight_off" 112
  152 "tag_tip" 117
  153 "j_stock" 144
  154 "tag_stock_hide" 112
  155 "j_b_01" 137
  156 "j_b_010" 137
  157 "j_b_011" 137
  158 "j_b_012" 137
  159 "j_b_013" 137
  160 "j_b_014" 137
  161 "j_b_015" 137
  162 "j_b_016" 137
  163 "j_b_02" 137
  164 "j_b_03" 137
  165 "j_b_04" 137
  166 "j_b_05" 137
  167 "j_b_06" 137
  168 "j_b_07" 137
  169 "j_b_08" 137
  170 "j_b_09" 137
  171 "tag_sight_on2" 117
  172 "tag_sight_off2" 117
  173 "tag_sync" 0
  174 "j_hip_le" 4
  175 "j_hiptwist_le" 174
  176 "j_knee_le" 174
  177 "j_ankle_le" 176
  178 "j_ball_le" 177
  179 "j_kneedq_le" 176
  180 "j_hip_proc_le" 174
  181 "j_hip_ri" 4
  182 "j_hiptwist_ri" 181
  183 "tag_stowed_thigh" 182
  184 "j_knee_ri" 181
  185 "j_ankle_ri" 184
  186 "j_ball_ri" 185
  187 "j_kneedq_ri" 184
  188 "j_hip_proc_ri" 181
  189 "j_proc_wristfronttwist1_le" 19
  190 "tag_wrist_attach_le" 189
  191 "j_shield_le" 14
  192 "j_index_le_4" 85
  193 "j_thumb_le_4" 68
  194 "j_webbing_le_1" 21
  195 "tag_weapon_left" 21
  196 "tag_accessory_left" 21
  197 "j_proc_metaindex_le_1" 21
  198 "j_proc_metaindex_le_2" 197
  199 "j_proc_metaknuckle_le_1" 21
  200 "j_proc_knuckle_le_1" 199
  201 "j_proc_idle_knuckle_le_1" 199
  202 "j_proc_orient_knuckle_le_1" 199
  203 "j_proc_metapinky_le_1" 21
  204 "j_proc_metapinky_le_2" 203
  205 "tag_carry_attach" 7
  206 "j_shield_ri" 17
  207 "j_index_ri_4" 94
  208 "j_thumb_ri_4" 83
  209 "j_webbing_ri_1" 25
  210 "tag_weapon_right" 25
  211 "tag_knife_attach2" 25
  212 "tag_accessory_right" 25
  213 "j_proc_metaindex_ri_1" 25
  214 "j_proc_metaindex_ri_2" 213
  215 "j_proc_metaknuckle_ri_1" 25
  216 "j_proc_knuckle_ri_1" 215
  217 "j_proc_idle_knuckle_ri_1" 215
  218 "j_proc_orient_knuckle_ri_1" 215
  219 "j_proc_metapinky_ri_1" 25
  220 "j_proc_metapinky_ri_2" 219
  221 "j_spine4" 6
  222 "j_chest" 221
  223 "j_proc_spineupper" 6
  224 "j_proc_spinelower" 5
  225 "j_groinprotector" 4
  226 "j_crotch" 4
  227 "tag_weapon" 3
  228 "j_bullet2" 137
  229 "tag_cambone" 1
  230 "tag_camera" 229
  231 "tag_player" 230
  232 "tag_playerhelmet" 230
  233 "tag_camera_scripted" 0
  234 "j_grenade" -1
  235 "j_gun.001" 227
  236 "j_barrel" 112
  237 "j_safety" 112
  238 "j_lever" 120
  239 "tag_flash_alt" 120
  240 "tag_ik_loc_le_launcher" 120
  241 "j_chamber" 120
  242 "j_grenade_empty" 120
  243 "j_basespring" 137
  244 "j_bullet" 137
  245 "tag_rail_attach" 112
  246 "Joints" -1
end
skeleton
  time 0
    0 0.000000 0.000000 0.000000 0.000000 0.000000 -1.570796
    1 -0.106384 0.000000 -0.000198 0.000000 0.000000 0.000000
    2 0.000000 0.000000 0.000000 0.000000 0.000000 0.000000
    3 -0.904000 0.000000 -11.806000 0.000000 0.000000 0.000000
    4 0.000000 0.000000 -14.313999 1.571297 -1.570750 0.000000
    5 3.533001 0.000000 0.000000 0.000000 0.000000 0.000000
    6 6.250000 0.000000 0.000000 0.000000 0.000000 0.000000
    7 9.568951 -0.019507 -1.944020 -1.545328 1.187827 -1.547138
    8 9.568951 5.304874 2.057317 -1.552261 -1.033023 1.554864
    9 5.786820 0.002787 -0.000113 -1.108420 0.432545 -1.426312
    10 5.999492 -0.000592 -4.000343 0.000000 0.000000 0.000000
    11 5.787410 0.002582 0.000893 0.998604 -0.721330 -1.835824
    12 5.999492 -0.000592 4.000340 0.000000 0.000000 0.000000
    13 0.500225 0.000133 -0.000084 0.239808 0.000000 0.000000
    14 11.530657 0.000349 -0.001308 -0.000005 0.000009 -1.200635
    15 -0.829338 0.893824 0.079659 -0.148839 0.047645 0.087266
    16 0.500225 0.000132 0.000072 0.016157 0.000000 0.000000
    17 11.532495 0.000526 -0.000093 0.000042 0.000038 -1.605430
    18 -0.829586 0.894698 -0.079468 0.045377 -0.019621 0.087266
    19 10.599886 0.000105 -0.000553 -0.556154 0.000000 0.000000
    20 0.229043 -0.337683 -0.000805 0.000060 -0.000013 0.600343
    21 11.042053 -0.000189 0.000798 -1.112436 0.001607 0.678873
    22 -11.814724 0.424524 -0.297680 0.247998 -0.066121 -0.042695
    23 10.599878 0.000105 0.000549 0.113683 -0.000060 0.000048
    24 0.513184 -0.495117 0.000699 0.000000 0.000000 0.802658
    25 11.041739 0.003170 -0.000568 0.227392 -0.068917 0.758149
    26 -11.663242 0.094713 0.140656 -0.068591 0.018527 -0.015099
    27 0.610300 -0.939470 0.070347 -1.656002 -0.192284 -0.171170
    28 0.639938 -0.199121 0.060192 -1.665955 -0.131350 -0.066457
    29 0.600155 1.080260 -0.339535 -1.765606 0.208711 -0.048235
    30 0.610207 0.400743 -0.010098 -1.762214 0.054479 0.020017
    31 0.630809 -0.690091 -0.232343 0.180969 0.137439 -0.862230
    32 -0.792125 0.203736 0.461304 1.439074 -0.003453 -0.018305
    33 0.610300 -0.939469 -0.070354 1.655346 0.140067 -0.175496
    34 0.639938 -0.199121 -0.060200 1.666009 0.131431 -0.066278
    35 0.600157 1.080260 0.339531 1.741683 -0.204071 0.076022
    36 0.610205 0.400743 0.010086 1.762004 -0.015356 0.028098
    37 0.629883 -0.689453 0.230347 -1.014704 -0.861531 -0.665916
    38 -0.626031 -0.069982 -0.080517 -1.447153 0.086151 0.021559
    39 2.621377 -0.002532 -0.001438 -0.449904 -0.624475 0.445371
    40 2.660837 0.000397 -0.000071 -0.713540 -0.442795 0.749246
    41 2.202488 0.003364 -0.002863 -0.778342 0.179166 1.020055
    42 0.599950 0.959236 -0.300102 -0.174544 0.000000 0.000000
    43 2.557190 -0.001967 0.002453 -0.639343 -0.152167 0.802010
    44 2.098929 0.000032 -0.002193 -0.601482 -0.137722 0.591364
    45 0.999378 -0.000238 -1.185931 0.000000 0.000000 0.000000
    46 -0.122641 -0.721855 0.661686 -0.486644 0.223964 0.243056
    47 2.619141 0.000142 -0.000401 -0.053005 0.086821 -0.048204
    48 2.657909 0.004593 -0.000533 0.200435 0.214755 1.264756
    49 2.199219 0.000515 -0.000121 0.236759 0.017677 1.474191
    50 0.599949 0.959244 0.300102 0.174544 0.000000 0.000000
    51 2.558594 -0.000149 -0.000030 0.236782 0.177167 1.399644
    52 2.097656 -0.000096 -0.000402 0.124873 -0.418761 0.877099
    53 0.999512 -0.000598 1.493164 0.000000 0.000000 0.946948
    54 0.310848 -0.606446 -0.498005 0.308107 -0.197598 0.313975
    55 1.869163 -0.000835 -0.000994 -0.000007 0.000003 0.624411
    56 1.200941 0.399582 -0.000237 -0.009465 0.016087 0.007127
    57 0.000586 0.100342 -0.000319 -0.120035 -0.021926 -0.209617
    58 -0.161663 0.051712 0.194808 -2.941982 0.122408 -0.060194
    59 2.010090 -0.003202 -0.003377 -0.000042 0.000048 1.286048
    60 0.000237 0.099800 -0.000395 -0.018823 0.010833 -0.239219
    61 -0.203197 0.048607 0.069150 -3.093332 0.033217 -0.046722
    62 1.180426 -0.002312 0.000781 0.000010 0.000060 0.478957
    63 -0.000196 0.099625 -0.000034 0.000000 0.000000 -0.314102
    64 -0.088737 -0.688435 -0.145203 2.930407 -0.136130 0.513013
    65 1.712069 0.000578 -0.000088 -0.000025 0.000075 0.864761
    66 -0.000576 0.100143 -0.000311 -0.010914 0.023131 -0.260843
    67 -0.146027 -0.232426 -0.014225 3.028455 -0.094299 0.113020
    68 1.290634 0.000361 -0.000036 0.000000 0.000000 -0.008641
    69 -0.658119 -0.003576 0.072643 -0.142711 0.027792 -0.077299
    70 1.867188 -0.000058 0.000522 0.000000 0.000000 1.450175
    71 1.200075 0.399942 -0.000093 0.009465 -0.016087 0.007127
    72 0.000589 0.100342 0.000319 0.120035 0.021926 -0.209617
    73 0.068073 0.002283 -0.080050 3.111376 -0.069366 -0.060847
    74 2.007813 -0.000883 -0.000381 0.000047 -0.000039 1.379088
    75 0.000233 0.099800 0.000395 0.018823 -0.010833 -0.239219
    76 -0.018673 -0.001009 0.047544 3.109244 0.002635 -0.106673
    77 1.178665 0.001595 0.000845 0.000000 0.000000 0.743988
    78 -0.000196 0.099628 0.000034 0.000000 0.000000 -0.314102
    79 0.036894 -0.634449 0.266284 -2.801062 0.174301 0.490915
    80 1.708008 0.000721 0.000199 0.000000 0.000000 1.160581
    81 -0.000580 0.100140 0.000311 0.010914 -0.023131 -0.260843
    82 -0.003952 -0.281811 0.115047 -3.059162 0.089004 0.167964
    83 1.290039 0.000363 -0.000045 -0.000058 0.000020 0.672665
    84 -0.171526 -0.018150 -0.099873 0.013484 -0.062184 -0.011781
    85 0.916622 0.003336 0.001326 0.004561 0.002993 0.506571
    86 -0.342617 0.053402 -0.025571 -2.909301 -0.017248 0.075276
    87 1.100231 -0.000928 -0.002434 0.000009 0.000002 0.154413
    88 -0.384979 0.331001 0.006848 -3.087207 -0.018765 -0.184278
    89 0.678146 0.002286 0.000002 -0.000006 -0.000007 0.196337
    90 -0.123848 0.072738 0.029507 2.898184 -0.060627 0.094835
    91 1.017166 -0.000154 -0.000252 -0.000011 -0.000002 0.752154
    92 -0.344990 0.123129 0.143151 2.994981 0.012396 0.059140
    93 -0.730989 0.177046 0.039141 -0.123731 0.076518 -0.084310
    94 0.918945 0.000403 0.000087 0.000000 0.000000 0.471850
    95 -0.124023 -0.052090 0.038495 3.077813 -0.008519 0.039229
    96 1.099609 0.000007 0.000468 0.000016 0.000059 0.545759
    97 -0.330082 0.160639 0.042780 3.128073 0.034033 -0.171236
    98 0.679199 -0.000816 0.000174 0.000000 0.000000 0.674789
    99 -0.019512 -0.016531 0.038578 -2.763781 0.050305 0.076829
    100 1.019531 -0.000026 -0.000398 0.000015 0.000057 0.497121
    101 -0.155308 0.130644 -0.021921 -3.022466 0.022433 -0.024902
    102 -0.252207 0.061937 -0.024914 -0.007671 -0.063171 -0.044392
    103 -0.085995 0.185205 -0.015180 -2.937063 -0.113970 -0.138991
    104 -0.286533 0.179852 0.024264 -3.109353 -0.049645 -0.029914
    105 -0.019482 0.147083 0.079203 2.893815 0.038585 -0.060594
    106 -0.046482 0.251896 0.129548 3.016165 0.077112 -0.042864
    107 0.039124 -0.040295 0.047739 3.084219 0.030470 -0.037414
    108 -0.233757 0.066630 0.001754 -3.133087 0.040141 -0.065412
    109 0.044266 0.020131 0.001684 -2.778763 -0.118872 -0.040488
    110 0.071495 0.074128 -0.048302 -3.035917 -0.059482 0.104366
    111 0.000000 0.000000 0.000000 0.000000 0.000000 -1.570796
    112 -3.129002 -7.812738 -2.847743 -0.043601 0.000000 -1.570796
    113 0.000000 0.000000 0.000000 0.000000 0.000000 0.000000
    114 -3.144627 -18.207587 -3.234474 -0.043602 0.000000 -1.570796
    115 3.096000 0.000000 -1.996000 0.000000 0.000000 0.000000
    116 3.040999 0.000000 1.202000 0.000000 0.000000 0.000000
    117 7.854000 0.000000 -0.042000 0.000000 0.000000 0.000000
    118 13.105999 0.000000 -0.006000 0.000000 0.000000 0.000000
    119 3.456000 0.000000 -1.084000 0.000000 0.000000 0.000000
    120 1.804000 0.000000 -1.025000 0.000000 0.000000 0.000000
    121 7.098000 0.000000 -1.084000 0.000000 0.000000 0.000000
    122 1.868000 1.809000 -1.975000 -2.218440 -0.017148 -0.465710
    123 3.740000 0.000000 1.273000 0.000000 0.000000 0.000000
    124 11.956999 0.000000 -0.006000 0.000000 0.000000 0.000000
    125 6.072001 0.000000 -1.238000 0.000000 0.000000 0.000000
    126 5.690000 -0.365000 0.068000 0.000000 -0.349029 -1.570796
    127 6.396999 0.614000 0.428000 0.000000 0.000000 0.000000
    128 3.040999 0.000000 1.202000 0.000000 0.000000 0.000000
    129 3.720000 0.000000 1.202000 0.000000 0.000000 0.000000
    130 1.086000 -0.661000 -0.149000 0.000000 0.000000 0.000000
    131 1.067000 0.589000 0.076000 0.000000 0.000000 0.000000
    132 0.000000 -0.019000 0.000000 0.000000 0.000000 0.000000
    133 0.000000 -0.019000 0.000000 0.000000 0.000000 0.000000
    134 3.300000 -0.019000 1.346000 0.000000 0.000000 0.000000
    135 -1.524000 -1.859000 -4.367000 -1.730306 -0.014954 0.208139
    136 7.283999 0.000000 -2.195000 0.000000 0.000000 0.000000
    137 -1.323000 0.000000 0.184000 0.000000 0.000000 0.000000
    138 0.082000 0.000000 1.002000 0.000000 0.000000 0.000000
    139 -19.530587 5.882992 -60.696764 0.043593 0.000000 0.000000
    140 0.478000 0.000000 -4.537000 0.000000 0.000000 0.000000
    141 3.436000 0.000000 1.202000 0.000000 0.000000 0.000000
    142 3.040999 0.000000 1.202000 0.000000 0.000000 0.000000
    143 4.657000 0.000000 1.545000 0.000000 0.000000 0.000000
    144 -0.403000 0.000000 -0.011000 0.000000 0.000000 0.000000
    145 1.781000 0.000000 0.873000 0.000000 0.000000 0.000000
    146 0.384000 0.715000 0.801000 0.000000 0.000000 0.000000
    147 1.795000 0.533000 -1.550000 0.000000 0.000000 0.000000
    148 4.435999 0.595000 -0.954000 0.000000 0.000000 0.000000
    149 4.401999 -0.614000 -1.630000 0.000000 0.000000 0.000000
    150 4.203000 -0.003000 -0.048000 0.000000 0.000000 0.000000
    151 5.136000 0.000000 1.534000 0.000000 0.000000 0.000000
    152 11.957001 0.000000 -0.006000 0.000000 0.000000 0.000000
    153 -2.103001 0.000000 0.000000 0.000000 0.000000 0.000000
    154 -0.598001 0.000000 -0.011000 0.000000 0.000000 0.000000
    155 0.496000 0.184000 -3.523000 0.000000 0.000000 0.000000
    156 0.147000 0.184000 -0.328000 0.000000 0.000000 0.000000
    157 0.147000 0.184000 0.023000 0.000000 0.000000 0.000000
    158 0.147000 0.184000 0.368000 0.000000 0.000000 0.000000
    159 0.147000 0.184000 0.717000 0.000000 0.000000 0.000000
    160 0.147000 0.184000 1.067000 0.000000 0.000000 0.000000
    161 0.148000 0.184000 1.414000 0.000000 0.000000 0.000000
    162 0.148000 -0.074000 1.640000 0.000000 0.000000 0.000000
    163 0.435000 0.184000 -3.179000 0.000000 0.000000 0.000000
    164 0.378000 0.184000 -2.826000 0.000000 0.000000 0.000000
    165 0.329000 0.184000 -2.477000 0.000000 0.000000 0.000000
    166 0.286000 0.184000 -2.127000 0.000000 0.000000 0.000000
    167 0.252000 0.184000 -1.775000 0.000000 0.000000 0.000000
    168 0.215000 0.184000 -1.417000 0.000000 0.000000 0.000000
    169 0.190000 0.184000 -1.064000 0.000000 0.000000 0.000000
    170 0.166000 0.184000 -0.714000 0.000000 0.000000 0.000000
    171 1.622000 0.000000 1.568000 0.000000 0.000000 0.000000
    172 2.240000 0.000000 1.568000 0.000000 0.000000 0.000000
    173 0.000000 0.000000 0.000000 0.000000 0.000000 0.000000
    174 0.000000 0.000000 -4.867001 3.141572 -0.003206 -3.128592
    175 1.000088 -0.000029 0.000000 0.000000 0.000000 0.000000
    176 17.162518 -0.000404 0.000000 0.000000 0.000000 0.119213
    177 17.749374 0.295515 0.000000 0.000000 0.000000 -1.158956
    178 5.413528 0.000347 0.000000 0.000000 0.000000 -0.518053
    179 0.017887 0.299792 0.000000 0.000000 0.000000 -0.059581
    180 9.999889 -0.000303 0.000000 0.000000 0.000000 0.000000
    181 0.000000 0.000000 4.867000 3.141572 -0.003206 -3.128592
    182 1.000088 -0.000029 0.000000 0.000000 0.000000 0.000000
    183 12.283573 1.581455 -4.695999 1.462269 -0.086726 0.090185
    184 17.162518 -0.000404 0.000000 0.000000 0.000000 0.119213
    185 17.749374 0.295515 0.000000 0.000000 0.000000 -1.158956
    186 5.413528 0.000347 0.000000 0.000000 0.000000 -0.518053
    187 0.017887 0.299792 0.000000 0.000000 0.000000 -0.059581
    188 9.499836 0.000212 0.000000 0.000000 0.000000 0.000000
    189 -1.145525 0.000130 0.000671 0.000000 0.000000 0.000000
    190 -0.857691 0.104071 0.104687 0.023536 0.163924 0.013632
    191 3.999430 -0.000528 -0.000332 -0.602478 -0.000048 0.000012
    192 0.599499 0.400698 0.000236 0.000000 0.000000 0.000000
    193 0.599886 0.400186 -0.000027 0.000000 0.000000 0.000000
    194 2.299677 -2.499979 -0.599480 0.891928 0.221512 -0.527288
    195 1.439189 -0.494086 -2.011729 2.276442 -0.376178 -0.281782
    196 -9.580679 -27.862108 -37.184677 0.812879 -0.123459 -0.568477
    197 0.649935 -0.548296 0.093658 -1.665913 -0.131399 -0.112062
    198 1.899127 0.000427 -0.000439 0.027386 -0.033311 0.477848
    199 0.657078 0.008400 0.040375 -1.665945 -0.131407 -0.000013
    200 1.799664 -0.000240 0.000231 0.027386 -0.033311 0.477848
    201 1.799664 -0.000240 0.000231 0.027386 -0.033311 0.477848
    202 1.799664 -0.000240 0.000231 0.027386 -0.033311 0.477848
    203 0.665774 0.747222 -0.029186 -1.665935 -0.131408 0.094976
    204 1.900306 -0.000137 -0.000517 0.027386 -0.033311 0.477848
    205 4.662004 -5.366334 4.825195 1.569715 1.561305 -3.121216
    206 3.999897 0.000040 0.001007 0.156143 0.000000 0.000000
    207 0.600403 0.399632 -0.000469 0.000000 0.000000 -3.141496
    208 0.599890 0.400186 0.000031 0.000000 0.000000 -3.139640
    209 2.300137 -2.499413 0.600155 -0.892020 -0.221513 -0.527232
    210 12.101563 -3.646484 -1.237305 1.733664 0.203086 0.048277
    211 2.762354 0.116951 1.523975 1.629482 0.064153 1.743800
    212 7.228317 7.928200 -3.925652 2.328713 0.123459 -0.568477
    213 0.650396 -0.547731 -0.092976 1.665913 0.131399 -0.112062
    214 1.899441 -0.000320 -0.000150 -0.027386 0.033311 0.477848
    215 0.657068 0.008398 -0.040379 1.665945 0.131407 -0.000013
    216 1.799659 -0.000233 -0.000233 -0.027386 0.033311 0.477848
    217 1.799659 -0.000233 -0.000233 -0.027386 0.033311 0.477848
    218 1.799659 -0.000233 -0.000233 -0.027386 0.033311 0.477848
    219 0.665778 0.747222 0.029179 1.665935 0.131408 0.094976
    220 1.900722 0.000549 -0.000072 -0.027386 0.033311 0.477848
    221 4.530998 0.000000 0.000000 0.000000 0.000000 0.000000
    222 4.527344 0.000000 0.000000 0.000000 0.000000 0.000000
    223 0.000000 0.000000 0.000000 0.000000 0.000000 0.000000
    224 0.000000 0.000000 0.000000 0.000000 0.000000 0.000000
    225 4.000000 -6.500000 0.000000 0.000000 0.000000 0.000977
    226 -6.500000 0.000000 0.000000 0.000000 1.570795 0.000000
    227 19.219105 -3.144378 8.567800 -0.043601 0.000000 0.000000
    228 0.280000 -0.135000 2.196999 1.570796 0.000000 -1.570735
    229 0.000000 0.000000 0.000000 0.000000 0.000000 0.000000
    230 0.000000 0.000000 0.000000 0.000000 0.000000 0.000000
    231 0.106000 0.000000 -64.320000 0.000000 0.000000 0.000000
    232 0.000000 0.000000 0.000000 0.000000 0.000000 0.000000
    233 -0.106000 0.000000 64.320000 0.000000 0.000000 0.000000
    234 0.003042 -0.001328 -64.319374 0.000009 0.000084 -3.141638
    235 -30.813440 -4.484512 4.054811 0.648315 -0.593753 0.164261
    236 1.688000 -0.001000 -1.454002 0.000000 0.000000 0.000000
    237 -1.070999 -0.005000 0.545002 0.000000 0.000000 0.000000
    238 5.895000 0.750997 -0.156000 0.000000 0.000000 0.000000
    239 11.599999 -0.000003 -1.500002 0.000000 0.000000 0.000000
    240 1.037001 1.337997 -4.334000 -2.791227 -0.162411 -0.765711
    241 7.216001 -0.000003 -1.579000 0.000000 0.000000 0.000000
    242 4.445999 -0.000003 -1.500000 0.000000 0.000000 0.000000
    243 0.673937 -0.015635 -4.768713 -3.141592 -1.281051 3.141593
    244 0.094999 -0.144000 0.332001 0.000000 0.000000 0.000000
    245 14.209020 0.000022 0.766988 0.000000 0.000000 0.000000
    246 0.000000 0.000000 0.000000 1.570800 0.000000 -1.570796
  time 1
    0 0.000000 0.000000 0.000000 0.000000 0.000000 -1.570796
    1 -0.106384 0.000000 -0.000198 0.000000 0.000000 0.000000
    2 0.000000 0.000000 0.000000 0.000000 0.000000 0.000000
    3 -0.904000 0.000000 -11.806000 0.000000 0.000000 0.000000
    4 0.000000 0.000000 -14.313999 1.571297 -1.570750 0.000000
    5 3.533001 0.000000 0.000000 0.000000 0.000000 0.000000
    6 6.250000 0.000000 0.000000 0.000000 0.000000 0.000000
    7 9.568951 1.687576 -1.944020 -1.545328 1.187827 -1.547138
    8 9.572857 5.304874 2.061223 -1.569839 -1.034621 1.567411
    9 5.786820 0.002787 -0.000113 -1.086816 0.453792 -1.365398
    10 5.999492 -0.000592 -4.000343 0.000000 0.000000 0.000000
    11 5.787410 0.002582 0.000893 0.999093 -0.721518 -1.836820
    12 5.999492 -0.000592 4.000340 0.000000 0.000000 0.000000
    13 0.500225 0.000133 -0.000084 0.239853 0.000000 0.000000
    14 11.530657 0.000349 -0.001308 -0.000005 0.000009 -1.273743
    15 -0.829338 0.893824 0.079659 -0.148839 0.047645 0.087266
    16 0.500225 0.000132 0.000072 0.016157 0.000000 0.000000
    17 11.532495 0.000526 -0.000093 0.000042 0.000038 -1.605268
    18 -0.829586 0.894698 -0.079468 0.045377 -0.019621 0.087266
    19 10.599886 0.000105 -0.000553 -0.518059 0.000000 0.000000
    20 0.268107 -0.365027 -0.000805 0.000000 0.000011 0.637089
    21 11.042053 -0.000189 0.000798 -1.035931 0.039510 0.697694
    22 -11.814724 0.424524 -0.297680 0.247998 -0.066121 -0.042695
    23 10.599878 0.000105 0.000549 0.115693 -0.000060 0.000048
    24 0.513184 -0.495117 0.000699 0.000000 0.000000 0.802658
    25 11.041739 0.003170 -0.000568 0.232168 -0.067866 0.757243
    26 -11.663242 0.094713 0.140656 -0.068591 0.018527 -0.015099
    27 0.610300 -0.939470 0.070347 -1.655952 -0.190306 -0.171301
    28 0.639938 -0.199121 0.060192 -1.665955 -0.131350 -0.066457
    29 0.600155 1.080260 -0.339535 -1.764704 0.205735 -0.045658
    30 0.610207 0.400743 -0.010098 -1.762268 0.051135 0.020665
    31 0.630809 -0.690091 -0.232343 0.187091 0.102812 -0.930134
    32 -0.792125 0.203736 0.461304 1.439074 -0.003453 -0.018305
    33 0.610300 -0.939469 -0.070354 1.655346 0.140067 -0.175496
    34 0.639938 -0.199121 -0.060200 1.666009 0.131431 -0.066278
    35 0.600157 1.080260 0.339531 1.741683 -0.204071 0.076022
    36 0.610205 0.400743 0.010086 1.762004 -0.015356 0.028098
    37 0.629883 -0.689453 0.230347 -1.014704 -0.861531 -0.665916
    38 -0.626031 -0.069982 -0.080517 -1.447153 0.086151 0.021559
    39 2.621377 -0.002532 -0.001438 -0.266869 -0.573474 0.157115
    40 2.660837 0.000397 -0.000071 -0.495885 -0.395779 0.363991
    41 2.202488 0.003364 -0.002863 -0.688296 0.098053 0.568547
    42 0.599950 0.959236 -0.300102 -0.174544 0.000000 0.000000
    43 2.557190 -0.001967 0.002453 -0.529952 -0.150520 0.409979
    44 2.098929 0.000032 -0.002193 -0.587185 -0.071144 0.649717
    45 0.999378 -0.000238 -1.127336 0.000000 0.000000 0.000000
    46 -0.122641 -0.721855 0.661686 -0.486644 0.223964 0.243056
    47 2.619141 0.000142 -0.000401 -0.053005 0.086821 -0.048204
    48 2.657909 0.004593 -0.000533 0.200435 0.214755 1.264756
    49 2.199219 0.000515 -0.000121 0.236759 0.017677 1.474191
    50 0.599949 0.959244 0.300102 0.174544 0.000000 0.000000
    51 2.558594 -0.000149 -0.000030 0.236782 0.177167 1.399644
    52 2.097656 -0.000096 -0.000402 0.124873 -0.418761 0.877099
    53 0.999512 -0.000598 1.493164 0.000000 0.000000 0.946948
    54 0.310848 -0.606446 -0.498005 0.308107 -0.197598 0.313975
    55 1.869163 -0.000835 -0.000994 0.000005 0.000039 0.372267
    56 1.200941 0.399582 -0.000237 -0.009465 0.016087 0.007127
    57 0.000586 0.100342 -0.000319 -0.120035 -0.021926 -0.209617
    58 -0.161663 0.051712 0.194808 -2.941982 0.122408 -0.060194
    59 2.010090 -0.003202 -0.003377 0.000006 0.000001 0.839314
    60 0.000237 0.099800 -0.000395 -0.018823 0.010833 -0.239219
    61 -0.203197 0.048607 0.069150 -3.093332 0.033217 -0.046722
    62 1.180426 -0.002312 0.000781 -0.000002 0.000072 0.215969
    63 -0.000196 0.099625 -0.000034 0.000000 0.000000 -0.314102
    64 -0.088737 -0.688435 -0.145203 2.930407 -0.136130 0.513013
    65 1.712069 0.000578 -0.000088 0.000071 -0.000021 0.461904
    66 -0.000576 0.100143 -0.000311 -0.010914 0.023131 -0.260843
    67 -0.146027 -0.232426 -0.014225 3.028455 -0.094299 0.113020
    68 1.290634 0.000361 -0.000036 -0.002996 0.007370 0.147315
    69 -0.658119 -0.003576 0.072643 -0.142711 0.027792 -0.077299
    70 1.867188 -0.000058 0.000522 0.000000 0.000000 1.450175
    71 1.200075 0.399942 -0.000093 0.009465 -0.016087 0.007127
    72 0.000589 0.100342 0.000319 0.120035 0.021926 -0.209617
    73 0.068073 0.002283 -0.080050 3.111376 -0.069366 -0.060847
    74 2.007813 -0.000883 -0.000381 0.000047 -0.000039 1.379088
    75 0.000233 0.099800 0.000395 0.018823 -0.010833 -0.239219
    76 -0.018673 -0.001009 0.047544 3.109244 0.002635 -0.106673
    77 1.178665 0.001595 0.000845 0.000000 0.000000 0.743988
    78 -0.000196 0.099628 0.000034 0.000000 0.000000 -0.314102
    79 0.036894 -0.634449 0.266284 -2.801062 0.174301 0.490915
    80 1.708008 0.000721 0.000199 0.000000 0.000000 1.160581
    81 -0.000580 0.100140 0.000311 0.010914 -0.023131 -0.260843
    82 -0.003952 -0.281811 0.115047 -3.059162 0.089004 0.167964
    83 1.290039 0.000363 -0.000045 -0.000058 0.000020 0.672665
    84 -0.171526 -0.018150 -0.099873 0.013484 -0.062184 -0.011781
    85 0.916622 0.003336 0.001326 0.002260 0.002717 0.212289
    86 -0.342617 0.053402 -0.025571 -2.909301 -0.017248 0.075276
    87 1.100231 -0.000928 -0.002434 0.000009 0.000002 -0.096292
    88 -0.384979 0.331001 0.006848 -3.087207 -0.018765 -0.184278
    89 0.678146 0.002286 0.000002 -0.000006 -0.000031 -0.032878
    90 -0.123848 0.072738 0.029507 2.898184 -0.060627 0.094835
    91 1.017166 -0.000154 -0.000252 -0.000011 -0.000002 0.409370
    92 -0.344990 0.123129 0.143151 2.994981 0.012396 0.059140
    93 -0.730989 0.177046 0.039141 -0.123731 0.076518 -0.084310
    94 0.918945 0.000403 0.000087 0.000000 0.000000 0.471850
    95 -0.124023 -0.052090 0.038495 3.077813 -0.008519 0.039229
    96 1.099609 0.000007 0.000468 0.000016 0.000059 0.545759
    97 -0.330082 0.160639 0.042780 3.128073 0.034033 -0.171236
    98 0.679199 -0.000816 0.000174 0.000000 0.000000 0.674789
    99 -0.019512 -0.016531 0.038578 -2.763781 0.050305 0.076829
    100 1.019531 -0.000026 -0.000398 0.000015 0.000057 0.497121
    101 -0.155308 0.130644 -0.021921 -3.022466 0.022433 -0.024902
    102 -0.252207 0.061937 -0.024914 -0.007671 -0.063171 -0.044392
    103 -0.085995 0.185205 -0.015180 -2.937063 -0.113970 -0.138991
    104 -0.286533 0.179852 0.024264 -3.109353 -0.049645 -0.029914
    105 -0.019482 0.147083 0.079203 2.893815 0.038585 -0.060594
    106 -0.046482 0.251896 0.129548 3.016165 0.077112 -0.042864
    107 0.039124 -0.040295 0.047739 3.084219 0.030470 -0.037414
    108 -0.233757 0.066630 0.001754 -3.133087 0.040141 -0.065412
    109 0.044266 0.020131 0.001684 -2.778763 -0.118872 -0.040488
    110 0.071495 0.074128 -0.048302 -3.035917 -0.059482 0.104366
    111 0.000000 0.000000 0.000000 0.000000 0.000000 -1.570796
    112 -3.160253 -7.824458 -2.878994 -0.029359 0.002444 -1.569398
    113 0.000000 0.000000 0.000000 0.000000 0.000000 0.000000
    114 -3.156346 -18.219306 -3.293069 -0.029406 0.002459 -1.569398
    115 3.096000 0.000000 -1.996000 0.000000 0.000000 0.000000
    116 3.040999 0.000000 1.202000 0.000000 0.000000 0.000000
    117 7.854000 0.000000 -0.042000 0.000000 0.000000 0.000000
    118 13.105999 0.000000 -0.006000 0.000000 0.000000 0.000000
    119 3.456000 0.000000 -1.084000 0.000000 0.000000 0.000000
    120 1.804000 0.000000 -1.025000 0.000000 0.000000 0.000000
    121 7.098000 0.000000 -1.084000 0.000000 0.000000 0.000000
    122 0.020287 2.594180 -1.842183 -2.136360 -0.033928 -0.473463
    123 3.740000 0.000000 1.273000 0.000000 0.000000 0.000000
    124 11.956999 0.000000 -0.006000 0.000000 0.000000 0.000000
    125 6.072001 0.000000 -1.238000 0.000000 0.000000 0.000000
    126 5.690000 -0.365000 0.068000 0.000000 -0.349029 -1.570796
    127 6.396999 0.614000 0.428000 0.000000 0.000000 0.000000
    128 3.040999 0.000000 1.202000 0.000000 0.000000 0.000000
    129 3.720000 0.000000 1.202000 0.000000 0.000000 0.000000
    130 1.086000 -0.661000 -0.149000 0.000000 0.000000 0.000000
    131 1.067000 0.589000 0.076000 0.000000 0.000000 0.000000
    132 0.000000 -0.019000 0.000000 0.000000 0.000000 0.000000
    133 0.000000 -0.019000 0.000000 0.000000 0.000000 0.000000
    134 3.300000 -0.019000 1.346000 0.000000 0.000000 0.000000
    135 -1.524000 -1.859000 -4.367000 -1.730306 -0.014954 0.208139
    136 7.283999 0.000000 -2.195000 0.000000 0.000000 0.000000
    137 -1.323000 0.000000 0.184000 0.000000 0.000000 0.000000
    138 0.082000 0.000000 1.002000 0.000000 0.000000 0.000000
    139 -19.358707 5.047029 -60.774891 0.029347 -0.002412 -0.001519
    140 0.478000 0.000000 -4.537000 0.000000 0.000000 0.000000
    141 3.436000 0.000000 1.202000 0.000000 0.000000 0.000000
    142 3.040999 0.000000 1.202000 0.000000 0.000000 0.000000
    143 4.657000 0.000000 1.545000 0.000000 0.000000 0.000000
    144 -0.403000 0.000000 -0.011000 0.000000 0.000000 0.000000
    145 1.781000 0.000000 0.873000 0.000000 0.000000 0.000000
    146 0.384000 0.715000 0.801000 0.000000 0.000000 0.000000
    147 1.795000 0.533000 -1.550000 0.000000 0.000000 0.000000
    148 4.435999 0.595000 -0.954000 0.000000 0.000000 0.000000
    149 4.401999 -0.614000 -1.630000 0.000000 0.000000 0.000000
    150 4.203000 -0.003000 -0.048000 0.000000 0.000000 0.000000
    151 5.136000 0.000000 1.534000 0.000000 0.000000 0.000000
    152 11.957001 0.000000 -0.006000 0.000000 0.000000 0.000000
    153 -2.103001 0.000000 0.000000 0.000000 0.000000 0.000000
    154 -0.598001 0.000000 -0.011000 0.000000 0.000000 0.000000
    155 0.496000 0.184000 -3.523000 0.000000 0.000000 0.000000
    156 0.147000 0.184000 -0.328000 0.000000 0.000000 0.000000
    157 0.147000 0.184000 0.023000 0.000000 0.000000 0.000000
    158 0.147000 0.184000 0.368000 0.000000 0.000000 0.000000
    159 0.147000 0.184000 0.717000 0.000000 0.000000 0.000000
    160 0.147000 0.184000 1.067000 0.000000 0.000000 0.000000
    161 0.148000 0.184000 1.414000 0.000000 0.000000 0.000000
    162 0.148000 -0.074000 1.640000 0.000000 0.000000 0.000000
    163 0.435000 0.184000 -3.179000 0.000000 0.000000 0.000000
    164 0.378000 0.184000 -2.826000 0.000000 0.000000 0.000000
    165 0.329000 0.184000 -2.477000 0.000000 0.000000 0.000000
    166 0.286000 0.184000 -2.127000 0.000000 0.000000 0.000000
    167 0.252000 0.184000 -1.775000 0.000000 0.000000 0.000000
    168 0.215000 0.184000 -1.417000 0.000000 0.000000 0.000000
    169 0.190000 0.184000 -1.064000 0.000000 0.000000 0.000000
    170 0.166000 0.184000 -0.714000 0.000000 0.000000 0.000000
    171 1.622000 0.000000 1.568000 0.000000 0.000000 0.000000
    172 2.240000 0.000000 1.568000 0.000000 0.000000 0.000000
    173 0.000000 0.000000 0.000000 0.000000 0.000000 0.000000
    174 0.000000 0.000000 -4.867001 3.141572 -0.003206 -3.128592
    175 1.000088 -0.000029 0.000000 0.000000 0.000000 0.000000
    176 17.162518 -0.000404 0.000000 0.000000 0.000000 0.119213
    177 17.749374 0.295515 0.000000 0.000000 0.000000 -1.158956
    178 5.413528 0.000347 0.000000 0.000000 0.000000 -0.518053
    179 0.017887 0.299792 0.000000 0.000000 0.000000 -0.059581
    180 9.999889 -0.000303 0.000000 0.000000 0.000000 0.000000
    181 0.000000 0.000000 4.867000 3.141572 -0.003206 -3.128592
    182 1.000088 -0.000029 0.000000 0.000000 0.000000 0.000000
    183 12.283573 1.581455 -4.695999 1.462269 -0.086726 0.090185
    184 17.162518 -0.000404 0.000000 0.000000 0.000000 0.119213
    185 17.749374 0.295515 0.000000 0.000000 0.000000 -1.158956
    186 5.413528 0.000347 0.000000 0.000000 0.000000 -0.518053
    187 0.017887 0.299792 0.000000 0.000000 0.000000 -0.059581
    188 9.499836 0.000212 0.000000 0.000000 0.000000 0.000000
    189 -1.145525 0.000130 0.000671 0.000000 0.000000 0.000000
    190 -0.857691 0.104071 0.104687 0.023536 0.163924 0.013632
    191 3.999430 -0.000528 -0.000332 -0.582805 0.000000 0.000000
    192 0.599499 0.400698 0.000236 0.000000 0.000000 0.000000
    193 0.599886 0.400186 -0.000027 0.000000 0.000000 0.000000
    194 2.299677 -2.499979 -0.599480 0.891928 0.221512 -0.527288
    195 3.486126 -0.540962 -1.703126 2.195215 -0.412746 -0.241239
    196 -9.580679 -27.862108 -37.184677 0.812879 -0.123459 -0.568477
    197 0.649935 -0.548296 0.093658 -1.665913 -0.131399 -0.112062
    198 1.899127 0.000427 -0.000439 0.027386 -0.033311 0.477848
    199 0.657078 0.008400 0.040375 -1.665945 -0.131407 -0.000013
    200 1.799664 -0.000240 0.000231 0.027386 -0.033311 0.477848
    201 1.799664 -0.000240 0.000231 0.027386 -0.033311 0.477848
    202 1.799664 -0.000240 0.000231 0.027386 -0.033311 0.477848
    203 0.665774 0.747222 -0.029186 -1.665935 -0.131408 0.094976
    204 1.900306 -0.000137 -0.000517 0.027386 -0.033311 0.477848
    205 4.662004 -5.366334 4.825195 1.569715 1.561305 -3.121216
    206 3.999897 0.000040 0.001007 0.158371 0.000000 0.000000
    207 0.600403 0.399632 -0.000469 0.000000 0.000000 -3.141496
    208 0.599890 0.400186 0.000031 0.000000 0.000000 -3.139640
    209 2.300137 -2.499413 0.600155 -0.892020 -0.221513 -0.527232
    210 12.101563 -3.646484 -1.237305 1.733664 0.203086 0.048277
    211 2.762354 0.116951 1.523975 1.629482 0.064153 1.743800
    212 7.228317 7.928200 -3.925652 2.328713 0.123459 -0.568477
    213 0.650396 -0.547731 -0.092976 1.665913 0.131399 -0.112062
    214 1.899441 -0.000320 -0.000150 -0.027386 0.033311 0.477848
    215 0.657068 0.008398 -0.040379 1.665945 0.131407 -0.000013
    216 1.799659 -0.000233 -0.000233 -0.027386 0.033311 0.477848
    217 1.799659 -0.000233 -0.000233 -0.027386 0.033311 0.477848
    218 1.799659 -0.000233 -0.000233 -0.027386 0.033311 0.477848
    219 0.665778 0.747222 0.029179 1.665935 0.131408 0.094976
    220 1.900722 0.000549 -0.000072 -0.027386 0.033311 0.477848
    221 4.530998 0.000000 0.000000 0.000000 0.000000 0.000000
    222 4.527344 0.000000 0.000000 0.000000 0.000000 0.000000
    223 0.000000 0.000000 0.000000 0.000000 0.000000 0.000000
    224 0.000000 0.000000 0.000000 0.000000 0.000000 0.000000
    225 4.000000 -6.500000 0.000000 0.000000 0.000000 0.000977
    226 -6.500000 0.000000 0.000000 0.000000 1.570795 0.000000
    227 19.230824 -3.156097 8.509205 -0.029359 0.002443 0.001399
    228 0.280000 -0.135000 2.196999 1.570796 0.000000 -1.570735
    229 0.000000 0.000000 0.000000 0.000000 0.000000 0.000000
    230 0.000000 0.000000 0.000000 0.008773 0.002984 -0.005657
    231 0.106000 0.000000 -64.320000 0.000000 0.000000 0.000000
    232 0.000000 0.000000 0.000000 0.000000 0.000000 0.000000
    233 -0.106000 0.000000 64.320000 0.000000 0.000000 0.000000
    234 0.003042 -0.001328 -64.319374 0.000009 0.000084 -3.141638
    235 -30.813440 -4.484512 4.054811 0.648315 -0.593753 0.164261
    236 1.688000 -0.001000 -1.454002 0.000000 0.000000 0.000000
    237 -1.070999 -0.005000 0.545002 0.000000 0.000000 0.000000
    238 5.895000 0.750997 -0.156000 0.000000 0.000000 0.000000
    239 11.599999 -0.000003 -1.500002 0.000000 0.000000 0.000000
    240 1.037001 1.337997 -4.334000 -2.791227 -0.162411 -0.765711
    241 7.216001 -0.000003 -1.579000 0.000000 0.000000 0.000000
    242 4.445999 -0.000003 -1.500000 0.000000 0.000000 0.000000
    243 0.673937 -0.015635 -4.768713 -3.141592 -1.281051 3.141593
    244 0.094999 -0.144000 0.332001 0.000000 0.000000 0.000000
    245 14.209020 0.000022 0.766988 0.000000 0.000000 0.000000
    246 0.000000 0.000000 0.000000 1.570800 0.000000 -1.570796
  time 2
    0 0.000000 0.000000 0.000000 0.000000 0.000000 -1.570796
    1 -0.106384 0.000000 -0.000198 0.000000 0.000000 0.000000
    2 0.000000 0.000000 0.000000 0.000000 0.000000 0.000000
    3 -0.904000 0.000000 -11.806000 0.000000 0.000000 0.000000
    4 0.000000 0.000000 -14.313999 1.571297 -1.570750 0.000000
    5 3.533001 0.000000 0.000000 0.000000 0.000000 0.000000
    6 6.250000 0.000000 0.000000 0.000000 0.000000 0.000000
    7 9.568951 3.398566 -1.944020 -1.545328 1.187827 -1.547138
    8 9.572857 5.304874 2.065130 -1.587512 -1.036074 1.580149
    9 5.786820 0.002787 -0.000113 -1.034814 0.500100 -1.275966
    10 5.999492 -0.000592 -4.000343 0.000000 0.000000 0.000000
    11 5.787410 0.002582 0.000893 0.999581 -0.721659 -1.837726
    12 5.999492 -0.000592 4.000340 0.000000 0.000000 0.000000
    13 0.500225 0.000133 -0.000084 0.227751 -0.000060 0.000000
    14 11.530657 0.000349 -0.001308 -0.000005 0.000009 -1.441208
    15 -0.829338 0.893824 0.079659 -0.148839 0.047645 0.087266
    16 0.500225 0.000132 0.000072 0.016223 0.000000 0.000000
    17 11.532495 0.000526 -0.000093 0.000042 0.000038 -1.605106
    18 -0.829586 0.894698 -0.079468 0.045377 -0.019621 0.087266
    19 10.599886 0.000105 -0.000553 -0.429121 0.000000 0.000000
    20 0.377486 -0.427529 -0.000805 -0.000012 -0.000049 0.720578
    21 11.042053 -0.000189 0.000798 -0.858209 0.063080 0.750014
    22 -11.814724 0.424524 -0.297680 0.247998 -0.066121 -0.042695
    23 10.599878 0.000105 0.000549 0.117790 -0.000060 0.000048
    24 0.513184 -0.495117 0.000699 0.000000 0.000000 0.802658
    25 11.041739 0.003170 -0.000568 0.236885 -0.066815 0.756407
    26 -11.663242 0.094713 0.140656 -0.068591 0.018527 -0.015099
    27 0.610300 -0.939470 0.070347 -1.655901 -0.188329 -0.171433
    28 0.639938 -0.199121 0.060192 -1.665955 -0.131350 -0.066457
    29 0.600155 1.080260 -0.339535 -1.762529 0.198189 -0.039115
    30 0.610207 0.400743 -0.010098 -1.762268 0.047792 0.021312
    31 0.630809 -0.690091 -0.232343 0.202473 0.033605 -1.056353
    32 -0.792125 0.203736 0.461304 1.439074 -0.003453 -0.018305
    33 0.610300 -0.939469 -0.070354 1.655346 0.140067 -0.175496
    34 0.639938 -0.199121 -0.060200 1.666009 0.131431 -0.066278
    35 0.600157 1.080260 0.339531 1.741683 -0.204071 0.076022
    36 0.610205 0.400743 0.010086 1.762004 -0.015356 0.028098
    37 0.629883 -0.689453 0.230347 -1.014704 -0.861531 -0.665916
    38 -0.626031 -0.069982 -0.080517 -1.447153 0.086151 0.021559
    39 2.621377 -0.002532 -0.001438 -0.045082 -0.489630 -0.131062
    40 2.660837 0.000397 -0.000071 -0.207200 -0.315238 -0.065757
    41 2.202488 0.003364 -0.002863 -0.546850 0.016869 -0.001240
    42 0.599950 0.959236 -0.300102 -0.174544 0.000000 0.000000
    43 2.557190 -0.001967 0.002453 -0.371305 -0.138989 -0.042387
    44 2.098929 0.000032 -0.002193 -0.562212 -0.067239 0.567825
    45 0.999378 -0.000238 -1.068740 0.000000 0.000000 0.000000
    46 -0.122641 -0.721855 0.661686 -0.486644 0.223964 0.243056
    47 2.619141 0.000142 -0.000401 -0.053005 0.086821 -0.048204
    48 2.657909 0.004593 -0.000533 0.200435 0.214755 1.264756
    49 2.199219 0.000515 -0.000121 0.236759 0.017677 1.474191
    50 0.599949 0.959244 0.300102 0.174544 0.000000 0.000000
    51 2.558594 -0.000149 -0.000030 0.236782 0.177167 1.399644
    52 2.097656 -0.000096 -0.000402 0.124873 -0.418761 0.877099
    53 0.999512 -0.000598 1.493164 0.000000 0.000000 0.946948
    54 0.310848 -0.606446 -0.498005 0.308107 -0.197598 0.313975
    55 1.869163 -0.000835 -0.000994 -0.000007 0.000063 0.120239
    56 1.200941 0.399582 -0.000237 -0.009465 0.016087 0.007127
    57 0.000586 0.100342 -0.000319 -0.120035 -0.021926 -0.209617
    58 -0.161663 0.051712 0.194808 -2.941982 0.122408 -0.060194
    59 2.010090 -0.003202 -0.003377 0.000006 0.000001 0.285628
    60 0.000237 0.099800 -0.000395 -0.018823 0.010833 -0.239219
    61 -0.203197 0.048607 0.069150 -3.093332 0.033217 -0.046722
    62 1.180426 -0.002312 0.000781 -0.000002 0.000072 -0.047053
    63 -0.000196 0.099625 -0.000034 0.000000 0.000000 -0.314102
    64 -0.088737 -0.688435 -0.145203 2.930407 -0.136130 0.513013
    65 1.712069 0.000578 -0.000088 0.000011 -0.000009 -0.005531
    66 -0.000576 0.100143 -0.000311 -0.010914 0.023131 -0.260843
    67 -0.146027 -0.232426 -0.014225 3.028455 -0.094299 0.113020
    68 1.290634 0.000361 -0.000036 -0.017773 0.011565 -0.002963
    69 -0.658119 -0.003576 0.072643 -0.142711 0.027792 -0.077299
    70 1.867188 -0.000058 0.000522 0.000000 0.000000 1.450175
    71 1.200075 0.399942 -0.000093 0.009465 -0.016087 0.007127
    72 0.000589 0.100342 0.000319 0.120035 0.021926 -0.209617
    73 0.068073 0.002283 -0.080050 3.111376 -0.069366 -0.060847
    74 2.007813 -0.000883 -0.000381 0.000047 -0.000039 1.379088
    75 0.000233 0.099800 0.000395 0.018823 -0.010833 -0.239219
    76 -0.018673 -0.001009 0.047544 3.109244 0.002635 -0.106673
    77 1.178665 0.001595 0.000845 0.000000 0.000000 0.743988
    78 -0.000196 0.099628 0.000034 0.000000 0.000000 -0.314102
    79 0.036894 -0.634449 0.266284 -2.801062 0.174301 0.490915
    80 1.708008 0.000721 0.000199 0.000000 0.000000 1.160581
    81 -0.000580 0.100140 0.000311 0.010914 -0.023131 -0.260843
    82 -0.003952 -0.281811 0.115047 -3.059162 0.089004 0.167964
    83 1.290039 0.000363 -0.000045 -0.000058 0.000020 0.672665
    84 -0.171526 -0.018150 -0.099873 0.013484 -0.062184 -0.011781
    85 0.916622 0.003336 0.001326 -0.001036 0.002525 -0.100545
    86 -0.342617 0.053402 -0.025571 -2.909301 -0.017248 0.075276
    87 1.100231 -0.000928 -0.002434 0.000009 0.000002 -0.347057
    88 -0.384979 0.331001 0.006848 -3.087207 -0.018765 -0.184278
    89 0.678146 0.002286 0.000002 0.000006 -0.000067 -0.262148
    90 -0.123848 0.072738 0.029507 2.898184 -0.060627 0.094835
    91 1.017166 -0.000154 -0.000252 -0.000011 -0.000002 0.059528
    92 -0.344990 0.123129 0.143151 2.994981 0.012396 0.059140
    93 -0.730989 0.177046 0.039141 -0.123731 0.076518 -0.084310
    94 0.918945 0.000403 0.000087 0.000000 0.000000 0.471850
    95 -0.124023 -0.052090 0.038495 3.077813 -0.008519 0.039229
    96 1.099609 0.000007 0.000468 0.000016 0.000059 0.545759
    97 -0.330082 0.160639 0.042780 3.128073 0.034033 -0.171236
    98 0.679199 -0.000816 0.000174 0.000000 0.000000 0.674789
    99 -0.019512 -0.016531 0.038578 -2.763781 0.050305 0.076829
    100 1.019531 -0.000026 -0.000398 0.000015 0.000057 0.497121
    101 -0.155308 0.130644 -0.021921 -3.022466 0.022433 -0.024902
    102 -0.252207 0.061937 -0.024914 -0.007671 -0.063171 -0.044392
    103 -0.085995 0.185205 -0.015180 -2.937063 -0.113970 -0.138991
    104 -0.286533 0.179852 0.024264 -3.109353 -0.049645 -0.029914
    105 -0.019482 0.147083 0.079203 2.893815 0.038585 -0.060594
    106 -0.046482 0.251896 0.129548 3.016165 0.077112 -0.042864
    107 0.039124 -0.040295 0.047739 3.084219 0.030470 -0.037414
    108 -0.233757 0.066630 0.001754 -3.133087 0.040141 -0.065412
    109 0.044266 0.020131 0.001684 -2.778763 -0.118872 -0.040488
    110 0.071495 0.074128 -0.048302 -3.035917 -0.059482 0.104366
    111 0.000000 0.000000 0.000000 0.000000 0.000000 -1.570796
    112 -3.191504 -7.836177 -2.914151 -0.015116 0.004887 -1.567813
    113 0.000000 0.000000 0.000000 0.000000 0.000000 0.000000
    114 -3.164159 -18.231025 -3.355571 -0.015118 0.004874 -1.567813
    115 3.096000 0.000000 -1.996000 0.000000 0.000000 0.000000
    116 3.040999 0.000000 1.202000 0.000000 0.000000 0.000000
    117 7.854000 0.000000 -0.042000 0.000000 0.000000 0.000000
    118 13.105999 0.000000 -0.006000 0.000000 0.000000 0.000000
    119 3.456000 0.000000 -1.084000 0.000000 0.000000 0.000000
    120 1.804000 0.000000 -1.025000 0.000000 0.000000 0.000000
    121 7.098000 0.000000 -1.084000 0.000000 0.000000 0.000000
    122 -2.596980 3.519990 -1.697648 -1.931550 -0.075996 -0.483288
    123 3.740000 0.000000 1.273000 0.000000 0.000000 0.000000
    124 11.956999 0.000000 -0.006000 0.000000 0.000000 0.000000
    125 6.072001 0.000000 -1.238000 0.000000 0.000000 0.000000
    126 5.690000 -0.365000 0.068000 0.000000 -0.349029 -1.570796
    127 6.396999 0.614000 0.428000 0.000000 0.000000 0.000000
    128 3.040999 0.000000 1.202000 0.000000 0.000000 0.000000
    129 3.720000 0.000000 1.202000 0.000000 0.000000 0.000000
    130 1.086000 -0.661000 -0.149000 0.000000 0.000000 0.000000
    131 1.067000 0.589000 0.076000 0.000000 0.000000 0.000000
    132 0.000000 -0.019000 0.000000 0.000000 0.000000 0.000000
    133 0.000000 -0.019000 0.000000 0.000000 0.000000 0.000000
    134 3.300000 -0.019000 1.346000 0.000000 0.000000 0.000000
    135 -1.524000 -1.859000 -4.367000 -1.730306 -0.014954 0.208139
    136 7.283999 0.000000 -2.195000 0.000000 0.000000 0.000000
    137 -1.323000 0.000000 0.184000 0.000000 0.000000 0.000000
    138 0.082000 0.000000 1.002000 0.000000 0.000000 0.000000
    139 -19.237609 4.191534 -60.833487 0.015196 -0.004823 -0.003038
    140 0.478000 0.000000 -4.537000 0.000000 0.000000 0.000000
    141 3.436000 0.000000 1.202000 0.000000 0.000000 0.000000
    142 3.040999 0.000000 1.202000 0.000000 0.000000 0.000000
    143 4.657000 0.000000 1.545000 0.000000 0.000000 0.000000
    144 -0.403000 0.000000 -0.011000 0.000000 0.000000 0.000000
    145 1.781000 0.000000 0.873000 0.000000 0.000000 0.000000
    146 0.384000 0.715000 0.801000 0.000000 0.000000 0.000000
    147 1.795000 0.533000 -1.550000 0.000000 0.000000 0.000000
    148 4.435999 0.595000 -0.954000 0.000000 0.000000 0.000000
    149 4.401999 -0.614000 -1.630000 0.000000 0.000000 0.000000
    150 4.203000 -0.003000 -0.048000 0.000000 0.000000 0.000000
    151 5.136000 0.000000 1.534000 0.000000 0.000000 0.000000
    152 11.957001 0.000000 -0.006000 0.000000 0.000000 0.000000
    153 -2.103001 0.000000 0.000000 0.000000 0.000000 0.000000
    154 -0.598001 0.000000 -0.011000 0.000000 0.000000 0.000000
    155 0.496000 0.184000 -3.523000 0.000000 0.000000 0.000000
    156 0.147000 0.184000 -0.328000 0.000000 0.000000 0.000000
    157 0.147000 0.184000 0.023000 0.000000 0.000000 0.000000
    158 0.147000 0.184000 0.368000 0.000000 0.000000 0.000000
    159 0.147000 0.184000 0.717000 0.000000 0.000000 0.000000
    160 0.147000 0.184000 1.067000 0.000000 0.000000 0.000000
    161 0.148000 0.184000 1.414000 0.000000 0.000000 0.000000
    162 0.148000 -0.074000 1.640000 0.000000 0.000000 0.000000
    163 0.435000 0.184000 -3.179000 0.000000 0.000000 0.000000
    164 0.378000 0.184000 -2.826000 0.000000 0.000000 0.000000
    165 0.329000 0.184000 -2.477000 0.000000 0.000000 0.000000
    166 0.286000 0.184000 -2.127000 0.000000 0.000000 0.000000
    167 0.252000 0.184000 -1.775000 0.000000 0.000000 0.000000
    168 0.215000 0.184000 -1.417000 0.000000 0.000000 0.000000
    169 0.190000 0.184000 -1.064000 0.000000 0.000000 0.000000
    170 0.166000 0.184000 -0.714000 0.000000 0.000000 0.000000
    171 1.622000 0.000000 1.568000 0.000000 0.000000 0.000000
    172 2.240000 0.000000 1.568000 0.000000 0.000000 0.000000
    173 0.000000 0.000000 0.000000 0.000000 0.000000 0.000000
    174 0.000000 0.000000 -4.867001 3.141572 -0.003206 -3.128592
    175 1.000088 -0.000029 0.000000 0.000000 0.000000 0.000000
    176 17.162518 -0.000404 0.000000 0.000000 0.000000 0.119213
    177 17.749374 0.295515 0.000000 0.000000 0.000000 -1.158956
    178 5.413528 0.000347 0.000000 0.000000 0.000000 -0.518053
    179 0.017887 0.299792 0.000000 0.000000 0.000000 -0.059581
    180 9.999889 -0.000303 0.000000 0.000000 0.000000 0.000000
    181 0.000000 0.000000 4.867000 3.141572 -0.003206 -3.128592
    182 1.000088 -0.000029 0.000000 0.000000 0.000000 0.000000
    183 12.283573 1.581455 -4.695999 1.462269 -0.086726 0.090185
    184 17.162518 -0.000404 0.000000 0.000000 0.000000 0.119213
    185 17.749374 0.295515 0.000000 0.000000 0.000000 -1.158956
    186 5.413528 0.000347 0.000000 0.000000 0.000000 -0.518053
    187 0.017887 0.299792 0.000000 0.000000 0.000000 -0.059581
    188 9.499836 0.000212 0.000000 0.000000 0.000000 0.000000
    189 -1.145525 0.000130 0.000671 0.000000 0.000000 0.000000
    190 -0.857691 0.104071 0.104687 0.023536 0.163924 0.013632
    191 3.999430 -0.000528 -0.000332 -0.518733 -0.000012 -0.000048
    192 0.599499 0.400698 0.000236 0.000000 0.000000 0.000000
    193 0.599886 0.400186 -0.000027 0.000000 0.000000 0.000000
    194 2.299677 -2.499979 -0.599480 0.891928 0.221512 -0.527288
    195 6.275274 -0.560494 -0.992166 1.977942 -0.476295 -0.114000
    196 -9.580679 -27.862108 -37.184677 0.812879 -0.123459 -0.568477
    197 0.649935 -0.548296 0.093658 -1.665913 -0.131399 -0.112062
    198 1.899127 0.000427 -0.000439 0.027386 -0.033311 0.477848
    199 0.657078 0.008400 0.040375 -1.665945 -0.131407 -0.000013
    200 1.799664 -0.000240 0.000231 0.027386 -0.033311 0.477848
    201 1.799664 -0.000240 0.000231 0.027386 -0.033311 0.477848
    202 1.799664 -0.000240 0.000231 0.027386 -0.033311 0.477848
    203 0.665774 0.747222 -0.029186 -1.665935 -0.131408 0.094976
    204 1.900306 -0.000137 -0.000517 0.027386 -0.033311 0.477848
    205 4.662004 -5.366334 4.825195 1.569715 1.561305 -3.121216
    206 3.999897 0.000040 0.001007 0.160643 0.000000 0.000000
    207 0.600403 0.399632 -0.000469 0.000000 0.000000 3.141593
    208 0.599890 0.400186 0.000031 0.000000 0.000000 -3.139640
    209 2.300137 -2.499413 0.600155 -0.892020 -0.221513 -0.527232
    210 12.101563 -3.646484 -1.237305 1.733664 0.203086 0.048277
    211 2.762354 0.116951 1.523975 1.629482 0.064153 1.743800
    212 7.228317 7.928200 -3.925652 2.328713 0.123459 -0.568477
    213 0.650396 -0.547731 -0.092976 1.665913 0.131399 -0.112062
    214 1.899441 -0.000320 -0.000150 -0.027386 0.033311 0.477848
    215 0.657068 0.008398 -0.040379 1.665945 0.131407 -0.000013
    216 1.799659 -0.000233 -0.000233 -0.027386 0.033311 0.477848
    217 1.799659 -0.000233 -0.000233 -0.027386 0.033311 0.477848
    218 1.799659 -0.000233 -0.000233 -0.027386 0.033311 0.477848
    219 0.665778 0.747222 0.029179 1.665935 0.131408 0.094976
    220 1.900722 0.000549 -0.000072 -0.027386 0.033311 0.477848
    221 4.530998 0.000000 0.000000 0.000000 0.000000 0.000000
    222 4.527344 0.000000 0.000000 0.000000 0.000000 0.000000
    223 0.000000 0.000000 0.000000 0.000000 0.000000 0.000000
    224 0.000000 0.000000 0.000000 0.000000 0.000000 0.000000
    225 4.000000 -6.500000 0.000000 0.000000 0.000000 0.000977
    226 -6.500000 0.000000 0.000000 0.000000 1.570795 0.000000
    227 19.238637 -3.163910 8.446703 -0.015116 0.004887 0.002984
    228 0.280000 -0.135000 2.196999 1.570796 0.000000 -1.570735
    229 0.000000 0.000000 0.000000 0.000000 0.000000 0.000000
    230 0.000000 0.000000 0.000000 0.017533 0.006016 -0.011289
    231 0.106000 0.000000 -64.320000 0.000000 0.000000 0.000000
    232 0.000000 0.000000 0.000000 0.000000 0.000000 0.000000
    233 -0.106000 0.000000 64.320000 0.000000 0.000000 0.000000
    234 0.003042 -0.001328 -64.319374 0.000009 0.000084 -3.141638
    235 -30.813440 -4.484512 4.054811 0.648315 -0.593753 0.164261
    236 1.688000 -0.001000 -1.454002 0.000000 0.000000 0.000000
    237 -1.070999 -0.005000 0.545002 0.000000 0.000000 0.000000
    238 5.895000 0.750997 -0.156000 0.000000 0.000000 0.000000
    239 11.599999 -0.000003 -1.500002 0.000000 0.000000 0.000000
    240 1.037001 1.337997 -4.334000 -2.791227 -0.162411 -0.765711
    241 7.216001 -0.000003 -1.579000 0.000000 0.000000 0.000000
    242 4.445999 -0.000003 -1.500000 0.000000 0.000000 0.000000
    243 0.673937 -0.015635 -4.768713 -3.141592 -1.281051 3.141593
    244 0.094999 -0.144000 0.332001 0.000000 0.000000 0.000000
    245 14.209020 0.000022 0.766988 0.000000 0.000000 0.000000
    246 0.000000 0.000000 0.000000 1.570800 0.000000 -1.570796
  time 3
    0 0.000000 0.000000 0.000000 0.000000 0.000000 -1.570796
    1 -0.106384 0.000000 -0.000198 0.000000 0.000000 0.000000
    2 0.000000 0.000000 0.000000 0.000000 0.000000 0.000000
    3 -0.904000 0.000000 -11.806000 0.000000 0.000000 0.000000
    4 0.000000 0.000000 -14.313999 1.571297 -1.570750 0.000000
    5 3.533001 0.000000 0.000000 0.000000 0.000000 0.000000
    6 6.250000 0.000000 0.000000 0.000000 0.000000 0.000000
    7 9.568951 4.871267 -1.944020 -1.545328 1.187827 -1.547138
    8 9.576763 5.304874 2.069036 -1.594694 -1.035929 1.588002
    9 5.786820 0.002787 -0.000113 -0.976694 0.485356 -1.237387
    10 5.999492 -0.000592 -4.000343 0.000000 0.000000 0.000000
    11 5.787410 0.002582 0.000893 0.998665 -0.722318 -1.838270
    12 5.999492 -0.000592 4.000340 0.000000 0.000000 0.000000
    13 0.500225 0.000133 -0.000084 0.197588 -0.000060 0.000000
    14 11.530657 0.000349 -0.001308 -0.000005 0.000093 -1.443203
    15 -0.829338 0.893824 0.079659 -0.148839 0.047645 0.087266
    16 0.500225 0.000132 0.000072 0.016223 0.000000 0.000000
    17 11.532495 0.000526 -0.000093 0.000042 0.000038 -1.605106
    18 -0.829586 0.894698 -0.079468 0.045377 -0.019621 0.087266
    19 10.599886 0.000105 -0.000553 -0.323856 0.000000 0.000000
    20 0.373579 -0.427529 -0.000805 0.000000 0.000011 0.721614
    21 11.042053 -0.000189 0.000798 -0.647776 0.033936 0.695398
    22 -11.814724 0.424524 -0.297680 0.247998 -0.066121 -0.042695
    23 10.599878 0.000105 0.000549 0.119800 -0.000060 0.000048
    24 0.513184 -0.495117 0.000699 0.000000 0.000000 0.802658
    25 11.041739 0.003170 -0.000568 0.241311 -0.065282 0.755710
    26 -11.663242 0.094713 0.140656 -0.068591 0.018527 -0.015099
    27 0.610300 -0.939470 0.070347 -1.655851 -0.186363 -0.171565
    28 0.639938 -0.199121 0.060192 -1.665955 -0.131350 -0.066457
    29 0.600155 1.080260 -0.339535 -1.759559 0.186627 -0.029143
    30 0.610207 0.400743 -0.010098 -1.762161 0.040541 0.022750
    31 0.630809 -0.690091 -0.232343 0.222710 -0.017741 -1.124183
    32 -0.792125 0.203736 0.461304 1.439074 -0.003453 -0.018305
    33 0.610300 -0.939469 -0.070354 1.655346 0.140067 -0.175496
    34 0.639938 -0.199121 -0.060200 1.666009 0.131431 -0.066278
    35 0.600157 1.080260 0.339531 1.741683 -0.204071 0.076022
    36 0.610205 0.400743 0.010086 1.762004 -0.015356 0.028098
    37 0.629883 -0.689453 0.230347 -1.014704 -0.861531 -0.665916
    38 -0.626031 -0.069982 -0.080517 -1.447153 0.086151 0.021559
    39 2.621377 -0.002532 -0.001438 0.009477 -0.421273 -0.125662
    40 2.660837 0.000397 -0.000071 -0.091197 -0.233952 -0.126383
    41 2.202488 0.003364 -0.002863 -0.434852 0.048066 -0.167962
    42 0.599950 0.959236 -0.300102 -0.174544 0.000000 0.000000
    43 2.557190 -0.001967 0.002453 -0.269331 -0.084770 -0.127136
    44 2.098929 0.000032 -0.002193 -0.522772 -0.069684 0.487068
    45 0.999378 -0.000238 -1.010145 0.000000 0.000000 0.000000
    46 -0.122641 -0.721855 0.661686 -0.486644 0.223964 0.243056
    47 2.619141 0.000142 -0.000401 -0.053005 0.086821 -0.048204
    48 2.657909 0.004593 -0.000533 0.200435 0.214755 1.264756
    49 2.199219 0.000515 -0.000121 0.236759 0.017677 1.474191
    50 0.599949 0.959244 0.300102 0.174544 0.000000 0.000000
    51 2.558594 -0.000149 -0.000030 0.236782 0.177167 1.399644
    52 2.097656 -0.000096 -0.000402 0.124873 -0.418761 0.877099
    53 0.999512 -0.000598 1.493164 0.000000 0.000000 0.946948
    54 0.310848 -0.606446 -0.498005 0.308107 -0.197598 0.313975
    55 1.869163 -0.000835 -0.000994 -0.000007 0.000003 0.125994
    56 1.200941 0.399582 -0.000237 -0.009465 0.016087 0.007127
    57 0.000586 0.100342 -0.000319 -0.120035 -0.021926 -0.209617
    58 -0.161663 0.051712 0.194808 -2.941982 0.122408 -0.060194
    59 2.010090 -0.003202 -0.003377 0.000066 0.000001 0.135013
    60 0.000237 0.099800 -0.000395 -0.018823 0.010833 -0.239219
    61 -0.203197 0.048607 0.069150 -3.093332 0.033217 -0.046722
    62 1.180426 -0.002312 0.000781 -0.000002 0.000000 -0.027322
    63 -0.000196 0.099625 -0.000034 0.000000 0.000000 -0.314102
    64 -0.088737 -0.688435 -0.145203 2.930407 -0.136130 0.513013
    65 1.712069 0.000578 -0.000088 -0.000049 -0.000069 -0.096698
    66 -0.000576 0.100143 -0.000311 -0.010914 0.023131 -0.260843
    67 -0.146027 -0.232426 -0.014225 3.028455 -0.094299 0.113020
    68 1.290634 0.000361 -0.000036 -0.035271 0.016946 -0.153043
    69 -0.658119 -0.003576 0.072643 -0.142711 0.027792 -0.077299
    70 1.867188 -0.000058 0.000522 0.000000 0.000000 1.450175
    71 1.200075 0.399942 -0.000093 0.009465 -0.016087 0.007127
    72 0.000589 0.100342 0.000319 0.120035 0.021926 -0.209617
    73 0.068073 0.002283 -0.080050 3.111376 -0.069366 -0.060847
    74 2.007813 -0.000883 -0.000381 0.000047 -0.000039 1.379088
    75 0.000233 0.099800 0.000395 0.018823 -0.010833 -0.239219
    76 -0.018673 -0.001009 0.047544 3.109244 0.002635 -0.106673
    77 1.178665 0.001595 0.000845 0.000000 0.000000 0.743988
    78 -0.000196 0.099628 0.000034 0.000000 0.000000 -0.314102
    79 0.036894 -0.634449 0.266284 -2.801062 0.174301 0.490915
    80 1.708008 0.000721 0.000199 0.000000 0.000000 1.160581
    81 -0.000580 0.100140 0.000311 0.010914 -0.023131 -0.260843
    82 -0.003952 -0.281811 0.115047 -3.059162 0.089004 0.167964
    83 1.290039 0.000363 -0.000045 -0.000058 0.000020 0.672665
    84 -0.171526 -0.018150 -0.099873 0.013484 -0.062184 -0.011781
    85 0.916622 0.003336 0.001326 -0.002474 0.002417 -0.126668
    86 -0.342617 0.053402 -0.025571 -2.909301 -0.017248 0.075276
    87 1.100231 -0.000928 -0.002434 -0.000003 0.000062 -0.318515
    88 -0.384979 0.331001 0.006848 -3.087207 -0.018765 -0.184278
    89 0.678146 0.002286 0.000002 -0.000006 -0.000007 -0.232632
    90 -0.123848 0.072738 0.029507 2.898184 -0.060627 0.094835
    91 1.017166 -0.000154 -0.000252 0.000001 0.000058 0.049587
    92 -0.344990 0.123129 0.143151 2.994981 0.012396 0.059140
    93 -0.730989 0.177046 0.039141 -0.123731 0.076518 -0.084310
    94 0.918945 0.000403 0.000087 0.000000 0.000000 0.471850
    95 -0.124023 -0.052090 0.038495 3.077813 -0.008519 0.039229
    96 1.099609 0.000007 0.000468 0.000016 0.000059 0.545759
    97 -0.330082 0.160639 0.042780 3.128073 0.034033 -0.171236
    98 0.679199 -0.000816 0.000174 0.000000 0.000000 0.674789
    99 -0.019512 -0.016531 0.038578 -2.763781 0.050305 0.076829
    100 1.019531 -0.000026 -0.000398 0.000015 0.000057 0.497121
    101 -0.155308 0.130644 -0.021921 -3.022466 0.022433 -0.024902
    102 -0.252207 0.061937 -0.024914 -0.007671 -0.063171 -0.044392
    103 -0.085995 0.185205 -0.015180 -2.937063 -0.113970 -0.138991
    104 -0.286533 0.179852 0.024264 -3.109353 -0.049645 -0.029914
    105 -0.019482 0.147083 0.079203 2.893815 0.038585 -0.060594
    106 -0.046482 0.251896 0.129548 3.016165 0.077112 -0.042864
    107 0.039124 -0.040295 0.047739 3.084219 0.030470 -0.037414
    108 -0.233757 0.066630 0.001754 -3.133087 0.040141 -0.065412
    109 0.044266 0.020131 0.001684 -2.778763 -0.118872 -0.040488
    110 0.071495 0.074128 -0.048302 -3.035917 -0.059482 0.104366
    111 0.000000 0.000000 0.000000 0.000000 0.000000 -1.570796
    112 -3.211035 -7.828364 -2.898526 -0.007427 0.003732 -1.567906
    113 0.000000 0.000000 0.000000 0.000000 0.000000 0.000000
    114 -3.179785 -18.223212 -3.328227 -0.007375 0.003756 -1.567906
    115 3.096000 0.000000 -1.996000 0.000000 0.000000 0.000000
    116 3.040999 0.000000 1.202000 0.000000 0.000000 0.000000
    117 7.854000 0.000000 -0.042000 0.000000 0.000000 0.000000
    118 13.105999 0.000000 -0.006000 0.000000 0.000000 0.000000
    119 3.456000 0.000000 -1.084000 0.000000 0.000000 0.000000
    120 1.804000 0.000000 -1.025000 0.000000 0.000000 0.000000
    121 7.098000 0.000000 -1.084000 0.000000 0.000000 0.000000
    122 -4.038430 3.609836 -1.795307 -1.673048 -0.136641 -0.480129
    123 3.740000 0.000000 1.273000 0.000000 0.000000 0.000000
    124 11.956999 0.000000 -0.006000 0.000000 0.000000 0.000000
    125 6.072001 0.000000 -1.238000 0.000000 0.000000 0.000000
    126 5.690000 -0.365000 0.068000 0.000000 -0.349029 -1.570796
    127 6.396999 0.614000 0.428000 0.000000 0.000000 0.000000
    128 3.040999 0.000000 1.202000 0.000000 0.000000 0.000000
    129 3.720000 0.000000 1.202000 0.000000 0.000000 0.000000
    130 1.086000 -0.661000 -0.149000 0.000000 0.000000 0.000000
    131 1.067000 0.589000 0.076000 0.000000 0.000000 0.000000
    132 0.000000 -0.019000 0.000000 0.000000 0.000000 0.000000
    133 0.000000 -0.019000 0.000000 0.000000 0.000000 0.000000
    134 3.300000 -0.019000 1.346000 0.000000 0.000000 0.000000
    135 -1.524000 -1.859000 -4.367000 -1.730306 -0.014954 0.208139
    136 7.283999 0.000000 -2.195000 0.000000 0.000000 0.000000
    137 -1.323000 0.000000 0.184000 0.000000 0.000000 0.000000
    138 0.082000 0.000000 1.002000 0.000000 0.000000 0.000000
    139 -19.272766 3.648549 -60.864738 0.007408 -0.003736 -0.002943
    140 0.478000 0.000000 -4.537000 0.000000 0.000000 0.000000
    141 3.436000 0.000000 1.202000 0.000000 0.000000 0.000000
    142 3.040999 0.000000 1.202000 0.000000 0.000000 0.000000
    143 4.657000 0.000000 1.545000 0.000000 0.000000 0.000000
    144 -0.403000 0.000000 -0.011000 0.000000 0.000000 0.000000
    145 1.781000 0.000000 0.873000 0.000000 0.000000 0.000000
    146 0.384000 0.715000 0.801000 0.000000 0.000000 0.000000
    147 1.795000 0.533000 -1.550000 0.000000 0.000000 0.000000
    148 4.435999 0.595000 -0.954000 0.000000 0.000000 0.000000
    149 4.401999 -0.614000 -1.630000 0.000000 0.000000 0.000000
    150 4.203000 -0.003000 -0.048000 0.000000 0.000000 0.000000
    151 5.136000 0.000000 1.534000 0.000000 0.000000 0.000000
    152 11.957001 0.000000 -0.006000 0.000000 0.000000 0.000000
    153 -2.103001 0.000000 0.000000 0.000000 0.000000 0.000000
    154 -0.598001 0.000000 -0.011000 0.000000 0.000000 0.000000
    155 0.496000 0.184000 -3.523000 0.000000 0.000000 0.000000
    156 0.147000 0.184000 -0.328000 0.000000 0.000000 0.000000
    157 0.147000 0.184000 0.023000 0.000000 0.000000 0.000000
    158 0.147000 0.184000 0.368000 0.000000 0.000000 0.000000
    159 0.147000 0.184000 0.717000 0.000000 0.000000 0.000000
    160 0.147000 0.184000 1.067000 0.000000 0.000000 0.000000
    161 0.148000 0.184000 1.414000 0.000000 0.000000 0.000000
    162 0.148000 -0.074000 1.640000 0.000000 0.000000 0.000000
    163 0.435000 0.184000 -3.179000 0.000000 0.000000 0.000000
    164 0.378000 0.184000 -2.826000 0.000000 0.000000 0.000000
    165 0.329000 0.184000 -2.477000 0.000000 0.000000 0.000000
    166 0.286000 0.184000 -2.127000 0.000000 0.000000 0.000000
    167 0.252000 0.184000 -1.775000 0.000000 0.000000 0.000000
    168 0.215000 0.184000 -1.417000 0.000000 0.000000 0.000000
    169 0.190000 0.184000 -1.064000 0.000000 0.000000 0.000000
    170 0.166000 0.184000 -0.714000 0.000000 0.000000 0.000000
    171 1.622000 0.000000 1.568000 0.000000 0.000000 0.000000
    172 2.240000 0.000000 1.568000 0.000000 0.000000 0.000000
    173 0.000000 0.000000 0.000000 0.000000 0.000000 0.000000
    174 0.000000 0.000000 -4.867001 3.141572 -0.003206 -3.128592
    175 1.000088 -0.000029 0.000000 0.000000 0.000000 0.000000
    176 17.162518 -0.000404 0.000000 0.000000 0.000000 0.119213
    177 17.749374 0.295515 0.000000 0.000000 0.000000 -1.158956
    178 5.413528 0.000347 0.000000 0.000000 0.000000 -0.518053
    179 0.017887 0.299792 0.000000 0.000000 0.000000 -0.059581
    180 9.999889 -0.000303 0.000000 0.000000 0.000000 0.000000
    181 0.000000 0.000000 4.867000 3.141572 -0.003206 -3.128592
    182 1.000088 -0.000029 0.000000 0.000000 0.000000 0.000000
    183 12.283573 1.581455 -4.695999 1.462269 -0.086726 0.090185
    184 17.162518 -0.000404 0.000000 0.000000 0.000000 0.119213
    185 17.749374 0.295515 0.000000 0.000000 0.000000 -1.158956
    186 5.413528 0.000347 0.000000 0.000000 0.000000 -0.518053
    187 0.017887 0.299792 0.000000 0.000000 0.000000 -0.059581
    188 9.499836 0.000212 0.000000 0.000000 0.000000 0.000000
    189 -1.145525 0.000130 0.000671 0.000000 0.000000 0.000000
    190 -0.857691 0.104071 0.104687 0.023536 0.163924 0.013632
    191 3.999430 -0.000528 -0.000332 -0.394671 0.000000 -0.000024
    192 0.599499 0.400698 0.000236 0.000000 0.000000 0.000000
    193 0.599886 0.400186 -0.000027 0.000000 0.000000 0.000000
    194 2.299677 -2.499979 -0.599480 0.891928 0.221512 -0.527288
    195 7.638597 -0.396426 -0.203080 1.685661 -0.491348 0.082926
    196 -9.580679 -27.862108 -37.184677 0.812879 -0.123459 -0.568477
    197 0.649935 -0.548296 0.093658 -1.665913 -0.131399 -0.112062
    198 1.899127 0.000427 -0.000439 0.027386 -0.033311 0.477848
    199 0.657078 0.008400 0.040375 -1.665945 -0.131407 -0.000013
    200 1.799664 -0.000240 0.000231 0.027386 -0.033311 0.477848
    201 1.799664 -0.000240 0.000231 0.027386 -0.033311 0.477848
    202 1.799664 -0.000240 0.000231 0.027386 -0.033311 0.477848
    203 0.665774 0.747222 -0.029186 -1.665935 -0.131408 0.094976
    204 1.900306 -0.000137 -0.000517 0.027386 -0.033311 0.477848
    205 4.662004 -5.366334 4.825195 1.569715 1.561305 -3.121216
    206 3.999897 0.000040 0.001007 0.162871 0.000000 0.000000
    207 0.600403 0.399632 -0.000469 0.000000 0.000000 -3.141496
    208 0.599890 0.400186 0.000031 0.000000 0.000000 -3.139640
    209 2.300137 -2.499413 0.600155 -0.892020 -0.221513 -0.527232
    210 12.101563 -3.646484 -1.237305 1.733664 0.203086 0.048277
    211 2.762354 0.116951 1.523975 1.629482 0.064153 1.743800
    212 7.228317 7.928200 -3.925652 2.328713 0.123459 -0.568477
    213 0.650396 -0.547731 -0.092976 1.665913 0.131399 -0.112062
    214 1.899441 -0.000320 -0.000150 -0.027386 0.033311 0.477848
    215 0.657068 0.008398 -0.040379 1.665945 0.131407 -0.000013
    216 1.799659 -0.000233 -0.000233 -0.027386 0.033311 0.477848
    217 1.799659 -0.000233 -0.000233 -0.027386 0.033311 0.477848
    218 1.799659 -0.000233 -0.000233 -0.027386 0.033311 0.477848
    219 0.665778 0.747222 0.029179 1.665935 0.131408 0.094976
    220 1.900722 0.000549 -0.000072 -0.027386 0.033311 0.477848
    221 4.530998 0.000000 0.000000 0.000000 0.000000 0.000000
    222 4.527344 0.000000 0.000000 0.000000 0.000000 0.000000
    223 0.000000 0.000000 0.000000 0.000000 0.000000 0.000000
    224 0.000000 0.000000 0.000000 0.000000 0.000000 0.000000
    225 4.000000 -6.500000 0.000000 0.000000 0.000000 0.000977
    226 -6.500000 0.000000 0.000000 0.000000 1.570795 0.000000
    227 19.234730 -3.179536 8.474047 -0.007427 0.003732 0.002890
    228 0.280000 -0.135000 2.196999 1.570796 0.000000 -1.570735
    229 0.000000 0.000000 0.000000 0.000000 0.000000 0.000000
    230 0.000000 0.000000 0.000000 0.022100 0.007598 -0.014190
    231 0.106000 0.000000 -64.320000 0.000000 0.000000 0.000000
    232 0.000000 0.000000 0.000000 0.000000 0.000000 0.000000
    233 -0.106000 0.000000 64.320000 0.000000 0.000000 0.000000
    234 0.003042 -0.001328 -64.319374 0.000009 0.000084 -3.141638
    235 -30.813440 -4.484512 4.054811 0.648315 -0.593753 0.164261
    236 1.688000 -0.001000 -1.454002 0.000000 0.000000 0.000000
    237 -1.070999 -0.005000 0.545002 0.000000 0.000000 0.000000
    238 5.895000 0.750997 -0.156000 0.000000 0.000000 0.000000
    239 11.599999 -0.000003 -1.500002 0.000000 0.000000 0.000000
    240 1.037001 1.337997 -4.334000 -2.791227 -0.162411 -0.765711
    241 7.216001 -0.000003 -1.579000 0.000000 0.000000 0.000000
    242 4.445999 -0.000003 -1.500000 0.000000 0.000000 0.000000
    243 0.673937 -0.015635 -4.768713 -3.141592 -1.281051 3.141593
    244 0.094999 -0.144000 0.332001 0.000000 0.000000 0.000000
    245 14.209020 0.000022 0.766988 0.000000 0.000000 0.000000
    246 0.000000 0.000000 0.000000 1.570800 0.000000 -1.570796
  time 4
    0 0.000000 0.000000 0.000000 0.000000 0.000000 -1.570796
    1 -0.106384 0.000000 -0.000198 0.000000 0.000000 0.000000
    2 0.000000 0.000000 0.000000 0.000000 0.000000 0.000000
    3 -0.904000 0.000000 -11.806000 0.000000 0.000000 0.000000
    4 0.000000 0.000000 -14.313999 1.571297 -1.570750 0.000000
    5 3.533001 0.000000 0.000000 0.000000 0.000000 0.000000
    6 6.250000 0.000000 0.000000 0.000000 0.000000 0.000000
    7 9.568951 6.043178 -1.944020 -1.545328 1.187827 -1.547138
    8 9.580670 5.304874 2.072942 -1.601782 -1.035784 1.595760
    9 5.786820 0.002787 -0.000113 -0.921059 0.466094 -1.217729
    10 5.999492 -0.000592 -4.000343 0.000000 0.000000 0.000000
    11 5.787410 0.002582 0.000893 0.997688 -0.722977 -1.838723
    12 5.999492 -0.000592 4.000340 0.000000 0.000000 0.000000
    13 0.500225 0.000133 -0.000084 0.162556 -0.000060 0.000000
    14 11.530657 0.000349 -0.001308 -0.000041 0.000057 -1.428090
    15 -0.829338 0.893824 0.079659 -0.148839 0.047645 0.087266
    16 0.500225 0.000132 0.000072 0.016288 0.000000 0.000000
    17 11.532495 0.000526 -0.000093 0.000042 0.000038 -1.605025
    18 -0.829586 0.894698 -0.079468 0.045377 -0.019621 0.087266
    19 10.599886 0.000105 -0.000553 -0.226301 0.000000 0.000000
    20 0.365766 -0.423623 -0.000805 0.000000 0.000011 0.714063
    21 11.042053 -0.000189 0.000798 -0.452608 -0.022520 0.639234
    22 -11.814724 0.424524 -0.297680 0.247998 -0.066121 -0.042695
    23 10.599878 0.000105 0.000549 0.121897 -0.000060 0.000048
    24 0.513184 -0.495117 0.000699 0.000000 0.000000 0.802658
    25 11.041739 0.003170 -0.000568 0.245796 -0.063705 0.755013
    26 -11.663242 0.094713 0.140656 -0.068591 0.018527 -0.015099
    27 0.610300 -0.939470 0.070347 -1.655800 -0.183307 -0.171841
    28 0.639938 -0.199121 0.060192 -1.665955 -0.131350 -0.066457
    29 0.600155 1.080260 -0.339535 -1.756641 0.175047 -0.019220
    30 0.610207 0.400743 -0.010098 -1.762107 0.033302 0.024200
    31 0.630809 -0.690091 -0.232343 0.251755 -0.028094 -1.084381
    32 -0.792125 0.203736 0.461304 1.439074 -0.003453 -0.018305
    33 0.610300 -0.939469 -0.070354 1.655346 0.140067 -0.175508
    34 0.639938 -0.199121 -0.060200 1.666009 0.131431 -0.066278
    35 0.600157 1.080260 0.339531 1.741683 -0.204071 0.076022
    36 0.610205 0.400743 0.010086 1.762004 -0.015356 0.028098
    37 0.629883 -0.689453 0.230347 -1.014704 -0.861531 -0.665916
    38 -0.626031 -0.069982 -0.080517 -1.447153 0.086151 0.021559
    39 2.621377 -0.002532 -0.001438 0.029629 -0.353885 -0.114585
    40 2.660837 0.000397 -0.000071 -0.024547 -0.151231 -0.147257
    41 2.202488 0.003364 -0.002863 -0.328660 0.105936 -0.229414
    42 0.599950 0.959236 -0.300102 -0.174544 0.000000 0.000000
    43 2.557190 -0.001967 0.002453 -0.183168 -0.004914 -0.158396
    44 2.098929 0.000032 -0.002193 -0.497863 -0.036738 0.489256
    45 0.999378 -0.000238 -1.017958 0.000000 0.000000 0.000000
    46 -0.122641 -0.721855 0.661686 -0.486644 0.223964 0.243056
    47 2.619141 0.000142 -0.000401 -0.053005 0.086821 -0.048204
    48 2.657909 0.004593 -0.000533 0.200435 0.214755 1.264756
    49 2.199219 0.000515 -0.000121 0.236759 0.017677 1.474191
    50 0.599949 0.959244 0.300102 0.174544 0.000000 0.000000
    51 2.558594 -0.000149 -0.000030 0.236782 0.177167 1.399644
    52 2.097656 -0.000096 -0.000402 0.124873 -0.418761 0.877099
    53 0.999512 -0.000598 1.493164 0.000000 0.000000 0.946948
    54 0.310848 -0.606446 -0.498005 0.308107 -0.197598 0.313975
    55 1.869163 -0.000835 -0.000994 -0.000007 0.000003 0.138020
    56 1.200941 0.399582 -0.000237 -0.009465 0.016087 0.007127
    57 0.000586 0.100342 -0.000319 -0.120035 -0.021926 -0.209617
    58 -0.161663 0.051712 0.194808 -2.941982 0.122408 -0.060194
    59 2.010090 -0.003202 -0.003377 0.000006 0.000072 0.079527
    60 0.000237 0.099800 -0.000395 -0.018823 0.010833 -0.239219
    61 -0.203197 0.048607 0.069150 -3.093332 0.033217 -0.046722
    62 1.180426 -0.002312 0.000781 -0.000002 0.000000 0.013325
    63 -0.000196 0.099625 -0.000034 0.000000 0.000000 -0.314102
    64 -0.088737 -0.688435 -0.145203 2.930407 -0.136130 0.513013
    65 1.712069 0.000578 -0.000088 0.000011 -0.000009 -0.130278
    66 -0.000576 0.100143 -0.000311 -0.010914 0.023131 -0.260843
    67 -0.146027 -0.232426 -0.014225 3.028455 -0.094299 0.113020
    68 1.290634 0.000361 -0.000036 -0.044847 0.027828 0.151286
    69 -0.658119 -0.003576 0.072643 -0.142711 0.027792 -0.077299
    70 1.867188 -0.000058 0.000522 0.000000 0.000000 1.450175
    71 1.200075 0.399942 -0.000093 0.009465 -0.016087 0.007127
    72 0.000589 0.100342 0.000319 0.120035 0.021926 -0.209617
    73 0.068073 0.002283 -0.080050 3.111376 -0.069366 -0.060847
    74 2.007813 -0.000883 -0.000381 0.000047 -0.000039 1.379088
    75 0.000233 0.099800 0.000395 0.018823 -0.010833 -0.239219
    76 -0.018673 -0.001009 0.047544 3.109244 0.002635 -0.106673
    77 1.178665 0.001595 0.000845 0.000000 0.000000 0.743988
    78 -0.000196 0.099628 0.000034 0.000000 0.000000 -0.314102
    79 0.036894 -0.634449 0.266284 -2.801062 0.174301 0.490915
    80 1.708008 0.000721 0.000199 0.000000 0.000000 1.160581
    81 -0.000580 0.100140 0.000311 0.010914 -0.023131 -0.260843
    82 -0.003952 -0.281811 0.115047 -3.059162 0.089004 0.167964
    83 1.290039 0.000363 -0.000045 -0.000058 0.000020 0.672665
    84 -0.171526 -0.018150 -0.099873 0.013484 -0.062184 -0.011781
    85 0.916622 0.003336 0.001326 -0.003397 0.002405 -0.136204
    86 -0.342617 0.053402 -0.025571 -2.909301 -0.017248 0.075276
    87 1.100231 -0.000928 -0.002434 0.000009 0.000002 -0.265645
    88 -0.384979 0.331001 0.006848 -3.087207 -0.018765 -0.184278
    89 0.678146 0.002286 0.000002 -0.000006 0.000053 -0.172419
    90 -0.123848 0.072738 0.029507 2.898184 -0.060627 0.094835
    91 1.017166 -0.000154 -0.000252 -0.000011 0.000022 0.047474
    92 -0.344990 0.123129 0.143151 2.994981 0.012396 0.059140
    93 -0.730989 0.177046 0.039141 -0.123731 0.076518 -0.084310
    94 0.918945 0.000403 0.000087 0.000000 0.000000 0.471850
    95 -0.124023 -0.052090 0.038495 3.077813 -0.008519 0.039229
    96 1.099609 0.000007 0.000468 0.000016 0.000059 0.545759
    97 -0.330082 0.160639 0.042780 3.128073 0.034033 -0.171236
    98 0.679199 -0.000816 0.000174 0.000000 0.000000 0.674789
    99 -0.019512 -0.016531 0.038578 -2.763781 0.050305 0.076829
    100 1.019531 -0.000026 -0.000398 0.000015 0.000057 0.497121
    101 -0.155308 0.130644 -0.021921 -3.022466 0.022433 -0.024902
    102 -0.252207 0.061937 -0.024914 -0.007671 -0.063171 -0.044392
    103 -0.085995 0.185205 -0.015180 -2.937063 -0.113970 -0.138991
    104 -0.286533 0.179852 0.024264 -3.109353 -0.049645 -0.029914
    105 -0.019482 0.147083 0.079203 2.893815 0.038585 -0.060594
    106 -0.046482 0.251896 0.129548 3.016165 0.077112 -0.042864
    107 0.039124 -0.040295 0.047739 3.084219 0.030470 -0.037414
    108 -0.233757 0.066630 0.001754 -3.133087 0.040141 -0.065412
    109 0.044266 0.020131 0.001684 -2.778763 -0.118872 -0.040488
    110 0.071495 0.074128 -0.048302 -3.035917 -0.059482 0.104366
    111 0.000000 0.000000 0.000000 0.000000 0.000000 -1.570796
    112 -3.230567 -7.824458 -2.882900 0.000262 0.002621 -1.567906
    113 0.000000 0.000000 0.000000 0.000000 0.000000 0.000000
    114 -3.199316 -18.219306 -3.300882 0.000277 0.002594 -1.567906
    115 3.096000 0.000000 -1.996000 0.000000 0.000000 0.000000
    116 3.040999 0.000000 1.202000 0.000000 0.000000 0.000000
    117 7.854000 0.000000 -0.042000 0.000000 0.000000 0.000000
    118 13.105999 0.000000 -0.006000 0.000000 0.000000 0.000000
    119 3.456000 0.000000 -1.084000 0.000000 0.000000 0.000000
    120 1.804000 0.000000 -1.025000 0.000000 0.000000 0.000000
    121 7.098000 0.000000 -1.084000 0.000000 0.000000 0.000000
    122 -5.151745 3.437956 -1.951562 -1.434969 -0.199765 -0.467925
    123 3.740000 0.000000 1.273000 0.000000 0.000000 0.000000
    124 11.956999 0.000000 -0.006000 0.000000 0.000000 0.000000
    125 6.072001 0.000000 -1.238000 0.000000 0.000000 0.000000
    126 5.690000 -0.365000 0.068000 0.000000 -0.349029 -1.570796
    127 6.396999 0.614000 0.428000 0.000000 0.000000 0.000000
    128 3.040999 0.000000 1.202000 0.000000 0.000000 0.000000
    129 3.720000 0.000000 1.202000 0.000000 0.000000 0.000000
    130 1.086000 -0.661000 -0.149000 0.000000 0.000000 0.000000
    131 1.067000 0.589000 0.076000 0.000000 0.000000 0.000000
    132 0.000000 -0.019000 0.000000 0.000000 0.000000 0.000000
    133 0.000000 -0.019000 0.000000 0.000000 0.000000 0.000000
    134 3.300000 -0.019000 1.346000 0.000000 0.000000 0.000000
    135 -1.524000 -1.859000 -4.367000 -1.730306 -0.014954 0.208139
    136 7.283999 0.000000 -2.195000 0.000000 0.000000 0.000000
    137 -1.323000 0.000000 0.184000 0.000000 0.000000 0.000000
    138 0.082000 0.000000 1.002000 0.000000 0.000000 0.000000
    139 -19.374332 3.246193 -60.872551 -0.000285 -0.002601 -0.002848
    140 0.478000 0.000000 -4.537000 0.000000 0.000000 0.000000
    141 3.436000 0.000000 1.202000 0.000000 0.000000 0.000000
    142 3.040999 0.000000 1.202000 0.000000 0.000000 0.000000
    143 4.657000 0.000000 1.545000 0.000000 0.000000 0.000000
    144 -0.403000 0.000000 -0.011000 0.000000 0.000000 0.000000
    145 1.781000 0.000000 0.873000 0.000000 0.000000 0.000000
    146 0.384000 0.715000 0.801000 0.000000 0.000000 0.000000
    147 1.795000 0.533000 -1.550000 0.000000 0.000000 0.000000
    148 4.435999 0.595000 -0.954000 0.000000 0.000000 0.000000
    149 4.401999 -0.614000 -1.630000 0.000000 0.000000 0.000000
    150 4.203000 -0.003000 -0.048000 0.000000 0.000000 0.000000
    151 5.136000 0.000000 1.534000 0.000000 0.000000 0.000000
    152 11.957001 0.000000 -0.006000 0.000000 0.000000 0.000000
    153 -2.103001 0.000000 0.000000 0.000000 0.000000 0.000000
    154 -0.598001 0.000000 -0.011000 0.000000 0.000000 0.000000
    155 0.496000 0.184000 -3.523000 0.000000 0.000000 0.000000
    156 0.147000 0.184000 -0.328000 0.000000 0.000000 0.000000
    157 0.147000 0.184000 0.023000 0.000000 0.000000 0.000000
    158 0.147000 0.184000 0.368000 0.000000 0.000000 0.000000
    159 0.147000 0.184000 0.717000 0.000000 0.000000 0.000000
    160 0.147000 0.184000 1.067000 0.000000 0.000000 0.000000
    161 0.148000 0.184000 1.414000 0.000000 0.000000 0.000000
    162 0.148000 -0.074000 1.640000 0.000000 0.000000 0.000000
    163 0.435000 0.184000 -3.179000 0.000000 0.000000 0.000000
    164 0.378000 0.184000 -2.826000 0.000000 0.000000 0.000000
    165 0.329000 0.184000 -2.477000 0.000000 0.000000 0.000000
    166 0.286000 0.184000 -2.127000 0.000000 0.000000 0.000000
    167 0.252000 0.184000 -1.775000 0.000000 0.000000 0.000000
    168 0.215000 0.184000 -1.417000 0.000000 0.000000 0.000000
    169 0.190000 0.184000 -1.064000 0.000000 0.000000 0.000000
    170 0.166000 0.184000 -0.714000 0.000000 0.000000 0.000000
    171 1.622000 0.000000 1.568000 0.000000 0.000000 0.000000
    172 2.240000 0.000000 1.568000 0.000000 0.000000 0.000000
    173 0.000000 0.000000 0.000000 0.000000 0.000000 0.000000
    174 0.000000 0.000000 -4.867001 3.141572 -0.003206 -3.128592
    175 1.000088 -0.000029 0.000000 0.000000 0.000000 0.000000
    176 17.162518 -0.000404 0.000000 0.000000 0.000000 0.119213
    177 17.749374 0.295515 0.000000 0.000000 0.000000 -1.158956
    178 5.413528 0.000347 0.000000 0.000000 0.000000 -0.518053
    179 0.017887 0.299792 0.000000 0.000000 0.000000 -0.059581
    180 9.999889 -0.000303 0.000000 0.000000 0.000000 0.000000
    181 0.000000 0.000000 4.867000 3.141572 -0.003206 -3.128592
    182 1.000088 -0.000029 0.000000 0.000000 0.000000 0.000000
    183 12.283573 1.581455 -4.695999 1.462269 -0.086726 0.090185
    184 17.162518 -0.000404 0.000000 0.000000 0.000000 0.119213
    185 17.749374 0.295515 0.000000 0.000000 0.000000 -1.158956
    186 5.413528 0.000347 0.000000 0.000000 0.000000 -0.518053
    187 0.017887 0.299792 0.000000 0.000000 0.000000 -0.059581
    188 9.499836 0.000212 0.000000 0.000000 0.000000 0.000000
    189 -1.145525 0.000130 0.000671 0.000000 0.000000 0.000000
    190 -0.857691 0.104071 0.104687 0.023536 0.163924 0.013632
    191 3.999430 -0.000528 -0.000332 -0.270575 0.000000 0.000000
    192 0.599499 0.400698 0.000236 0.000000 0.000000 0.000000
    193 0.599886 0.400186 -0.000027 0.000000 0.000000 0.000000
    194 2.299677 -2.499979 -0.599480 0.891928 0.221512 -0.527288
    195 8.556593 0.158278 0.386782 1.423709 -0.436647 0.264039
    196 -9.580679 -27.862108 -37.184677 0.812879 -0.123459 -0.568477
    197 0.649935 -0.548296 0.093658 -1.665913 -0.131399 -0.112062
    198 1.899127 0.000427 -0.000439 0.027386 -0.033311 0.477848
    199 0.657078 0.008400 0.040375 -1.665945 -0.131407 -0.000013
    200 1.799664 -0.000240 0.000231 0.027386 -0.033311 0.477848
    201 1.799664 -0.000240 0.000231 0.027386 -0.033311 0.477848
    202 1.799664 -0.000240 0.000231 0.027386 -0.033311 0.477848
    203 0.665774 0.747222 -0.029186 -1.665935 -0.131408 0.094976
    204 1.900306 -0.000137 -0.000517 0.027386 -0.033311 0.477848
    205 4.662004 -5.366334 4.825195 1.569715 1.561305 -3.121216
    206 3.999897 0.000040 0.001007 0.165099 0.000000 0.000000
    207 0.600403 0.399632 -0.000469 0.000000 0.000000 -3.141496
    208 0.599890 0.400186 0.000031 0.000000 0.000000 -3.139640
    209 2.300137 -2.499413 0.600155 -0.892020 -0.221513 -0.527232
    210 12.101563 -3.646484 -1.237305 1.733664 0.203086 0.048277
    211 2.762354 0.116951 1.523975 1.629482 0.064153 1.743800
    212 7.228317 7.928200 -3.925652 2.328713 0.123459 -0.568477
    213 0.650396 -0.547731 -0.092976 1.665913 0.131399 -0.112062
    214 1.899441 -0.000320 -0.000150 -0.027386 0.033311 0.477848
    215 0.657068 0.008398 -0.040379 1.665945 0.131407 -0.000013
    216 1.799659 -0.000233 -0.000233 -0.027386 0.033311 0.477848
    217 1.799659 -0.000233 -0.000233 -0.027386 0.033311 0.477848
    218 1.799659 -0.000233 -0.000233 -0.027386 0.033311 0.477848
    219 0.665778 0.747222 0.029179 1.665935 0.131408 0.094976
    220 1.900722 0.000549 -0.000072 -0.027386 0.033311 0.477848
    221 4.530998 0.000000 0.000000 0.000000 0.000000 0.000000
    222 4.527344 0.000000 0.000000 0.000000 0.000000 0.000000
    223 0.000000 0.000000 0.000000 0.000000 0.000000 0.000000
    224 0.000000 0.000000 0.000000 0.000000 0.000000 0.000000
    225 4.000000 -6.500000 0.000000 0.000000 0.000000 0.000977
    226 -6.500000 0.000000 0.000000 0.000000 1.570795 0.000000
    227 19.226918 -3.199067 8.501392 0.000262 0.002621 0.002890
    228 0.280000 -0.135000 2.196999 1.570796 0.000000 -1.570735
    229 0.000000 0.000000 0.000000 0.000000 0.000000 0.000000
    230 0.000000 0.000000 0.000000 0.021848 0.007514 -0.014022
    231 0.106000 0.000000 -64.320000 0.000000 0.000000 0.000000
    232 0.000000 0.000000 0.000000 0.000000 0.000000 0.000000
    233 -0.106000 0.000000 64.320000 0.000000 0.000000 0.000000
    234 0.003042 -0.001328 -64.319374 0.000009 0.000084 -3.141638
    235 -30.813440 -4.484512 4.054811 0.648315 -0.593716 0.164261
    236 1.688000 -0.001000 -1.454002 0.000000 0.000000 0.000000
    237 -1.070999 -0.005000 0.545002 0.000000 0.000000 0.000000
    238 5.895000 0.750997 -0.156000 0.000000 0.000000 0.000000
    239 11.599999 -0.000003 -1.500002 0.000000 0.000000 0.000000
    240 1.037001 1.337997 -4.334000 -2.791227 -0.162411 -0.765711
    241 7.216001 -0.000003 -1.579000 0.000000 0.000000 0.000000
    242 4.445999 -0.000003 -1.500000 0.000000 0.000000 0.000000
    243 0.673937 -0.015635 -4.768713 -3.141592 -1.281051 3.141593
    244 0.094999 -0.144000 0.332001 0.000000 0.000000 0.000000
    245 14.209020 0.000022 0.766988 0.000000 0.000000 0.000000
    246 0.000000 0.000000 0.000000 1.570800 0.000000 -1.570796
  time 5
    0 0.000000 0.000000 0.000000 0.000000 0.000000 -1.570796
    1 -0.106384 0.000000 -0.000198 0.000000 0.000000 0.000000
    2 0.000000 0.000000 0.000000 0.000000 0.000000 0.000000
    3 -0.904000 0.000000 -11.806000 0.000000 0.000000 0.000000
    4 0.000000 0.000000 -14.313999 1.571297 -1.570750 0.000000
    5 3.533001 0.000000 0.000000 0.000000 0.000000 0.000000
    6 6.250000 0.000000 0.000000 0.000000 0.000000 0.000000
    7 9.568951 6.914298 -1.944020 -1.545328 1.187827 -1.547138
    8 9.568951 5.304874 2.072942 -1.608965 -1.035566 1.603614
    9 5.786820 0.002787 -0.000113 -0.894007 0.430988 -1.215052
    10 5.999492 -0.000592 -4.000343 0.000000 0.000000 0.000000
    11 5.787410 0.002582 0.000893 0.998604 -0.723495 -1.839357
    12 5.999492 -0.000592 4.000340 0.000000 0.000000 0.000000
    13 0.500225 0.000133 -0.000084 0.142720 0.000000 0.000000
    14 11.530657 0.000349 -0.001308 -0.000053 -0.000027 -1.370862
    15 -0.829338 0.893824 0.079659 -0.148839 0.047645 0.087266
    16 0.500225 0.000132 0.000072 0.016288 0.000000 0.000000
    17 11.532495 0.000526 -0.000093 0.000042 0.000038 -1.604864
    18 -0.829586 0.894698 -0.079468 0.045377 -0.019621 0.087266
    19 10.599886 0.000105 -0.000553 -0.166539 0.000000 0.000000
    20 0.330609 -0.400185 -0.000805 0.000000 0.000011 0.685480
    21 11.042053 -0.000189 0.000798 -0.333097 -0.040676 0.599196
    22 -11.814724 0.424524 -0.297680 0.247998 -0.066121 -0.042695
    23 10.599878 0.000105 0.000549 0.122072 -0.000060 0.000048
    24 0.513184 -0.495117 0.000699 0.000000 0.000000 0.802658
    25 11.041739 0.003170 -0.000568 0.245563 -0.063443 0.754316
    26 -11.663242 0.094713 0.140656 -0.068591 0.018527 -0.015099
    27 0.610300 -0.939470 0.070347 -1.655800 -0.180263 -0.172104
    28 0.639938 -0.199121 0.060192 -1.665955 -0.131350 -0.066457
    29 0.600155 1.080260 -0.339535 -1.753883 0.163450 -0.009357
    30 0.610207 0.400743 -0.010098 -1.762053 0.026052 0.025638
    31 0.630809 -0.690091 -0.232343 0.287283 -0.034599 -1.044579
    32 -0.792125 0.203736 0.461304 1.439074 -0.003453 -0.018305
    33 0.610300 -0.939469 -0.070354 1.655346 0.140067 -0.175496
    34 0.639938 -0.199121 -0.060200 1.666009 0.131431 -0.066278
    35 0.600157 1.080260 0.339531 1.741683 -0.204071 0.076022
    36 0.610205 0.400743 0.010086 1.762004 -0.015356 0.028098
    37 0.629883 -0.689453 0.230347 -1.014704 -0.861531 -0.665916
    38 -0.626031 -0.069982 -0.080517 -1.447153 0.086151 0.021559
    39 2.621377 -0.002532 -0.001438 0.032422 -0.297094 -0.104698
    40 2.660837 0.000397 -0.000071 -0.002186 -0.106860 -0.154908
    41 2.202488 0.003364 -0.002863 -0.265137 0.137180 -0.238229
    42 0.599950 0.959236 -0.300102 -0.174544 0.000000 0.000000
    43 2.557190 -0.001967 0.002453 -0.146815 0.036074 -0.162809
    44 2.098929 0.000032 -0.002193 -0.474563 0.007149 0.514351
    45 0.999378 -0.000238 -1.025770 0.000000 0.000000 0.000000
    46 -0.122641 -0.721855 0.661686 -0.486644 0.223964 0.243056
    47 2.619141 0.000142 -0.000401 -0.053005 0.086821 -0.048204
    48 2.657909 0.004593 -0.000533 0.200435 0.214755 1.264756
    49 2.199219 0.000515 -0.000121 0.236759 0.017677 1.474191
    50 0.599949 0.959244 0.300102 0.174544 0.000000 0.000000
    51 2.558594 -0.000149 -0.000030 0.236782 0.177167 1.399644
    52 2.097656 -0.000096 -0.000402 0.124873 -0.418761 0.877099
    53 0.999512 -0.000598 1.493164 0.000000 0.000000 0.946948
    54 0.310848 -0.606446 -0.498005 0.308107 -0.197598 0.313975
    55 1.869163 -0.000835 -0.000994 -0.000007 0.000003 0.149988
    56 1.200941 0.399582 -0.000237 -0.009465 0.016087 0.007127
    57 0.000586 0.100342 -0.000319 -0.120035 -0.021926 -0.209617
    58 -0.161663 0.051712 0.194808 -2.941982 0.122408 -0.060194
    59 2.010090 -0.003202 -0.003377 0.000006 -0.000059 0.071580
    60 0.000237 0.099800 -0.000395 -0.018823 0.010833 -0.239219
    61 -0.203197 0.048607 0.069150 -3.093332 0.033217 -0.046722
    62 1.180426 -0.002312 0.000781 -0.000002 0.000000 0.046890
    63 -0.000196 0.099625 -0.000034 0.000000 0.000000 -0.314102
    64 -0.088737 -0.688435 -0.145203 2.930407 -0.136130 0.513013
    65 1.712069 0.000578 -0.000088 0.000011 -0.000069 -0.135089
    66 -0.000576 0.100143 -0.000311 -0.010914 0.023131 -0.260843
    67 -0.146027 -0.232426 -0.014225 3.028455 -0.094299 0.113020
    68 1.290634 0.000361 -0.000036 -0.050899 0.040963 0.566785
    69 -0.658119 -0.003576 0.072643 -0.142711 0.027792 -0.077299
    70 1.867188 -0.000058 0.000522 0.000000 0.000000 1.450175
    71 1.200075 0.399942 -0.000093 0.009465 -0.016087 0.007127
    72 0.000589 0.100342 0.000319 0.120035 0.021926 -0.209617
    73 0.068073 0.002283 -0.080050 3.111376 -0.069366 -0.060847
    74 2.007813 -0.000883 -0.000381 0.000047 -0.000039 1.379088
    75 0.000233 0.099800 0.000395 0.018823 -0.010833 -0.239219
    76 -0.018673 -0.001009 0.047544 3.109244 0.002635 -0.106673
    77 1.178665 0.001595 0.000845 0.000000 0.000000 0.743988
    78 -0.000196 0.099628 0.000034 0.000000 0.000000 -0.314102
    79 0.036894 -0.634449 0.266284 -2.801062 0.174301 0.490915
    80 1.708008 0.000721 0.000199 0.000000 0.000000 1.160581
    81 -0.000580 0.100140 0.000311 0.010914 -0.023131 -0.260843
    82 -0.003952 -0.281811 0.115047 -3.059162 0.089004 0.167964
    83 1.290039 0.000363 -0.000045 -0.000058 0.000020 0.672665
    84 -0.171526 -0.018150 -0.099873 0.013484 -0.062184 -0.011781
    85 0.916622 0.003336 0.001326 -0.003769 0.002441 -0.137591
    86 -0.342617 0.053402 -0.025571 -2.909301 -0.017248 0.075276
    87 1.100231 -0.000928 -0.002434 0.000009 0.000002 -0.237103
    88 -0.384979 0.331001 0.006848 -3.087207 -0.018765 -0.184278
    89 0.678146 0.002286 0.000002 -0.000006 -0.000007 -0.124406
    90 -0.123848 0.072738 0.029507 2.898184 -0.060627 0.094835
    91 1.017166 -0.000154 -0.000252 -0.000011 -0.000002 0.045313
    92 -0.344990 0.123129 0.143151 2.994981 0.012396 0.059140
    93 -0.730989 0.177046 0.039141 -0.123731 0.076518 -0.084310
    94 0.918945 0.000403 0.000087 0.000000 0.000000 0.471850
    95 -0.124023 -0.052090 0.038495 3.077813 -0.008519 0.039229
    96 1.099609 0.000007 0.000468 0.000016 0.000059 0.545759
    97 -0.330082 0.160639 0.042780 3.128073 0.034033 -0.171236
    98 0.679199 -0.000816 0.000174 0.000000 0.000000 0.674789
    99 -0.019512 -0.016531 0.038578 -2.763781 0.050305 0.076829
    100 1.019531 -0.000026 -0.000398 0.000015 0.000057 0.497121
    101 -0.155308 0.130644 -0.021921 -3.022466 0.022433 -0.024902
    102 -0.252207 0.061937 -0.024914 -0.007671 -0.063171 -0.044392
    103 -0.085995 0.185205 -0.015180 -2.937063 -0.113970 -0.138991
    104 -0.286533 0.179852 0.024264 -3.109353 -0.049645 -0.029914
    105 -0.019482 0.147083 0.079203 2.893815 0.038585 -0.060594
    106 -0.046482 0.251896 0.129548 3.016165 0.077112 -0.042864
    107 0.039124 -0.040295 0.047739 3.084219 0.030470 -0.037414
    108 -0.233757 0.066630 0.001754 -3.133087 0.040141 -0.065412
    109 0.044266 0.020131 0.001684 -2.778763 -0.118872 -0.040488
    110 0.071495 0.074128 -0.048302 -3.035917 -0.059482 0.104366
    111 0.000000 0.000000 0.000000 0.000000 0.000000 -1.570796
    112 -3.246193 -7.816645 -2.875088 0.004544 0.000622 -1.567999
    113 0.000000 0.000000 0.000000 0.000000 0.000000 0.000000
    114 -3.214942 -18.211493 -3.273537 0.004517 0.000626 -1.567999
    115 3.096000 0.000000 -1.996000 0.000000 0.000000 0.000000
    116 3.040999 0.000000 1.202000 0.000000 0.000000 0.000000
    117 7.854000 0.000000 -0.042000 0.000000 0.000000 0.000000
    118 13.105999 0.000000 -0.006000 0.000000 0.000000 0.000000
    119 3.456000 0.000000 -1.084000 0.000000 0.000000 0.000000
    120 1.804000 0.000000 -1.025000 0.000000 0.000000 0.000000
    121 7.098000 0.000000 -1.084000 0.000000 0.000000 0.000000
    122 -5.624416 3.309046 -1.939843 -1.287639 -0.217486 -0.458490
    123 3.740000 0.000000 1.273000 0.000000 0.000000 0.000000
    124 11.956999 0.000000 -0.006000 0.000000 0.000000 0.000000
    125 6.072001 0.000000 -1.238000 0.000000 0.000000 0.000000
    126 5.690000 -0.365000 0.068000 0.000000 -0.349029 -1.570796
    127 6.396999 0.614000 0.428000 0.000000 0.000000 0.000000
    128 3.040999 0.000000 1.202000 0.000000 0.000000 0.000000
    129 3.720000 0.000000 1.202000 0.000000 0.000000 0.000000
    130 1.086000 -0.661000 -0.149000 0.000000 0.000000 0.000000
    131 1.067000 0.589000 0.076000 0.000000 0.000000 0.000000
    132 0.000000 -0.019000 0.000000 0.000000 0.000000 0.000000
    133 0.000000 -0.019000 0.000000 0.000000 0.000000 0.000000
    134 3.300000 -0.019000 1.346000 0.000000 0.000000 0.000000
    135 -1.524000 -1.859000 -4.367000 -1.730306 -0.014954 0.208139
    136 7.283999 0.000000 -2.195000 0.000000 0.000000 0.000000
    137 -1.323000 0.000000 0.184000 0.000000 0.000000 0.000000
    138 0.082000 0.000000 1.002000 0.000000 0.000000 0.000000
    139 -19.495430 2.968841 -60.880363 -0.004559 -0.000615 -0.002753
    140 0.478000 0.000000 -4.537000 0.000000 0.000000 0.000000
    141 3.436000 0.000000 1.202000 0.000000 0.000000 0.000000
    142 3.040999 0.000000 1.202000 0.000000 0.000000 0.000000
    143 4.657000 0.000000 1.545000 0.000000 0.000000 0.000000
    144 -0.403000 0.000000 -0.011000 0.000000 0.000000 0.000000
    145 1.781000 0.000000 0.873000 0.000000 0.000000 0.000000
    146 0.384000 0.715000 0.801000 0.000000 0.000000 0.000000
    147 1.795000 0.533000 -1.550000 0.000000 0.000000 0.000000
    148 4.435999 0.595000 -0.954000 0.000000 0.000000 0.000000
    149 4.401999 -0.614000 -1.630000 0.000000 0.000000 0.000000
    150 4.203000 -0.003000 -0.048000 0.000000 0.000000 0.000000
    151 5.136000 0.000000 1.534000 0.000000 0.000000 0.000000
    152 11.957001 0.000000 -0.006000 0.000000 0.000000 0.000000
    153 -2.103001 0.000000 0.000000 0.000000 0.000000 0.000000
    154 -0.598001 0.000000 -0.011000 0.000000 0.000000 0.000000
    155 0.496000 0.184000 -3.523000 0.000000 0.000000 0.000000
    156 0.147000 0.184000 -0.328000 0.000000 0.000000 0.000000
    157 0.147000 0.184000 0.023000 0.000000 0.000000 0.000000
    158 0.147000 0.184000 0.368000 0.000000 0.000000 0.000000
    159 0.147000 0.184000 0.717000 0.000000 0.000000 0.000000
    160 0.147000 0.184000 1.067000 0.000000 0.000000 0.000000
    161 0.148000 0.184000 1.414000 0.000000 0.000000 0.000000
    162 0.148000 -0.074000 1.640000 0.000000 0.000000 0.000000
    163 0.435000 0.184000 -3.179000 0.000000 0.000000 0.000000
    164 0.378000 0.184000 -2.826000 0.000000 0.000000 0.000000
    165 0.329000 0.184000 -2.477000 0.000000 0.000000 0.000000
    166 0.286000 0.184000 -2.127000 0.000000 0.000000 0.000000
    167 0.252000 0.184000 -1.775000 0.000000 0.000000 0.000000
    168 0.215000 0.184000 -1.417000 0.000000 0.000000 0.000000
    169 0.190000 0.184000 -1.064000 0.000000 0.000000 0.000000
    170 0.166000 0.184000 -0.714000 0.000000 0.000000 0.000000
    171 1.622000 0.000000 1.568000 0.000000 0.000000 0.000000
    172 2.240000 0.000000 1.568000 0.000000 0.000000 0.000000
    173 0.000000 0.000000 0.000000 0.000000 0.000000 0.000000
    174 0.000000 0.000000 -4.867001 3.141572 -0.003206 -3.128592
    175 1.000088 -0.000029 0.000000 0.000000 0.000000 0.000000
    176 17.162518 -0.000404 0.000000 0.000000 0.000000 0.119213
    177 17.749374 0.295515 0.000000 0.000000 0.000000 -1.158956
    178 5.413528 0.000347 0.000000 0.000000 0.000000 -0.518053
    179 0.017887 0.299792 0.000000 0.000000 0.000000 -0.059581
    180 9.999889 -0.000303 0.000000 0.000000 0.000000 0.000000
    181 0.000000 0.000000 4.867000 3.141572 -0.003206 -3.128592
    182 1.000088 -0.000029 0.000000 0.000000 0.000000 0.000000
    183 12.283573 1.581455 -4.695999 1.462269 -0.086726 0.090185
    184 17.162518 -0.000404 0.000000 0.000000 0.000000 0.119213
    185 17.749374 0.295515 0.000000 0.000000 0.000000 -1.158956
    186 5.413528 0.000347 0.000000 0.000000 0.000000 -0.518053
    187 0.017887 0.299792 0.000000 0.000000 0.000000 -0.059581
    188 9.499836 0.000212 0.000000 0.000000 0.000000 0.000000
    189 -1.145525 0.000130 0.000671 0.000000 0.000000 0.000000
    190 -0.857691 0.104071 0.104687 0.023536 0.163924 0.013632
    191 3.999430 -0.000528 -0.000332 -0.196532 0.000000 0.000000
    192 0.599499 0.400698 0.000236 0.000000 0.000000 0.000000
    193 0.599886 0.400186 -0.000027 0.000000 0.000000 0.000000
    194 2.299677 -2.499979 -0.599480 0.891928 0.221512 -0.527288
    195 8.915979 0.502039 0.519598 1.272546 -0.379952 0.339701
    196 -9.580679 -27.862108 -37.184677 0.812879 -0.123459 -0.568477
    197 0.649935 -0.548296 0.093658 -1.665913 -0.131399 -0.112062
    198 1.899127 0.000427 -0.000439 0.027386 -0.033311 0.477848
    199 0.657078 0.008400 0.040375 -1.665945 -0.131407 -0.000013
    200 1.799664 -0.000240 0.000231 0.027386 -0.033311 0.477848
    201 1.799664 -0.000240 0.000231 0.027386 -0.033311 0.477848
    202 1.799664 -0.000240 0.000231 0.027386 -0.033311 0.477848
    203 0.665774 0.747222 -0.029186 -1.665935 -0.131408 0.094976
    204 1.900306 -0.000137 -0.000517 0.027386 -0.033311 0.477848
    205 4.662004 -5.366334 4.825195 1.569715 1.561305 -3.121216
    206 3.999897 0.000040 0.001007 0.167371 0.000000 0.000000
    207 0.600403 0.399632 -0.000469 0.000000 0.000000 -3.141496
    208 0.599890 0.400186 0.000031 0.000000 0.000000 -3.139640
    209 2.300137 -2.499413 0.600155 -0.892020 -0.221513 -0.527232
    210 12.101563 -3.646484 -1.237305 1.733664 0.203086 0.048277
    211 2.762354 0.116951 1.523975 1.629482 0.064153 1.743800
    212 7.228317 7.928200 -3.925652 2.328713 0.123459 -0.568477
    213 0.650396 -0.547731 -0.092976 1.665913 0.131399 -0.112062
    214 1.899441 -0.000320 -0.000150 -0.027386 0.033311 0.477848
    215 0.657068 0.008398 -0.040379 1.665945 0.131407 -0.000013
    216 1.799659 -0.000233 -0.000233 -0.027386 0.033311 0.477848
    217 1.799659 -0.000233 -0.000233 -0.027386 0.033311 0.477848
    218 1.799659 -0.000233 -0.000233 -0.027386 0.033311 0.477848
    219 0.665778 0.747222 0.029179 1.665935 0.131408 0.094976
    220 1.900722 0.000549 -0.000072 -0.027386 0.033311 0.477848
    221 4.530998 0.000000 0.000000 0.000000 0.000000 0.000000
    222 4.527344 0.000000 0.000000 0.000000 0.000000 0.000000
    223 0.000000 0.000000 0.000000 0.000000 0.000000 0.000000
    224 0.000000 0.000000 0.000000 0.000000 0.000000 0.000000
    225 4.000000 -6.500000 0.000000 0.000000 0.000000 0.000977
    226 -6.500000 0.000000 0.000000 0.000000 1.570795 0.000000
    227 19.223011 -3.214693 8.528736 0.004544 0.000622 0.002797
    228 0.280000 -0.135000 2.196999 1.570796 0.000000 -1.570735
    229 0.000000 0.000000 0.000000 0.000000 0.000000 0.000000
    230 0.000000 0.000000 0.000000 0.021584 0.007418 -0.013854
    231 0.106000 0.000000 -64.320000 0.000000 0.000000 0.000000
    232 0.000000 0.000000 0.000000 0.000000 0.000000 0.000000
    233 -0.106000 0.000000 64.320000 0.000000 0.000000 0.000000
    234 0.003042 -0.001328 -64.319374 0.000009 0.000084 -3.141638
    235 -30.813440 -4.484512 4.054811 0.648315 -0.593716 0.164261
    236 1.688000 -0.001000 -1.454002 0.000000 0.000000 0.000000
    237 -1.070999 -0.005000 0.545002 0.000000 0.000000 0.000000
    238 5.895000 0.750997 -0.156000 0.000000 0.000000 0.000000
    239 11.599999 -0.000003 -1.500002 0.000000 0.000000 0.000000
    240 1.037001 1.337997 -4.334000 -2.791227 -0.162411 -0.765711
    241 7.216001 -0.000003 -1.579000 0.000000 0.000000 0.000000
    242 4.445999 -0.000003 -1.500000 0.000000 0.000000 0.000000
    243 0.673937 -0.015635 -4.768713 -3.141592 -1.281051 3.141593
    244 0.094999 -0.144000 0.332001 0.000000 0.000000 0.000000
    245 14.209020 0.000022 0.766988 0.000000 0.000000 0.000000
    246 0.000000 0.000000 0.000000 1.570800 0.000000 -1.570796
  time 6
    0 0.000000 0.000000 0.000000 0.000000 0.000000 -1.570796
    1 -0.106384 0.000000 -0.000198 0.000000 0.000000 0.000000
    2 0.000000 0.000000 0.000000 0.000000 0.000000 0.000000
    3 -0.904000 0.000000 -11.806000 0.000000 0.000000 0.000000
    4 0.000000 0.000000 -14.313999 1.571297 -1.570750 0.000000
    5 3.533001 0.000000 0.000000 0.000000 0.000000 0.000000
    6 6.250000 0.000000 0.000000 0.000000 0.000000 0.000000
    7 9.568951 7.453377 -1.944020 -1.545328 1.187827 -1.547138
    8 9.565044 5.304874 2.072942 -1.616147 -1.035348 1.611371
    9 5.786820 0.002787 -0.000113 -0.884543 0.379155 -1.218282
    10 5.999492 -0.000592 -4.000343 0.000000 0.000000 0.000000
    11 5.787410 0.002582 0.000893 0.999520 -0.724013 -1.839991
    12 5.999492 -0.000592 4.000340 0.000000 0.000000 0.000000
    13 0.500225 0.000133 -0.000084 0.133075 0.000000 0.000000
    14 11.530657 0.000349 -0.001308 -0.000005 0.000009 -1.289392
    15 -0.829338 0.893824 0.079659 -0.148839 0.047645 0.087266
    16 0.500225 0.000132 0.000072 0.016354 0.000000 0.000000
    17 11.532495 0.000526 -0.000093 0.000042 0.000038 -1.604702
    18 -0.829586 0.894698 -0.079468 0.045377 -0.019621 0.087266
    19 10.599886 0.000105 -0.000553 -0.150968 0.000000 0.000000
    20 0.291545 -0.376746 -0.000805 0.000060 -0.000013 0.644720
    21 11.042053 -0.000189 0.000798 -0.301901 -0.002574 0.578028
    22 -11.814724 0.424524 -0.297680 0.247998 -0.066121 -0.042695
    23 10.599878 0.000105 0.000549 0.122334 -0.000060 0.000048
    24 0.513184 -0.495117 0.000699 0.000000 0.000000 0.802658
    25 11.041739 0.003170 -0.000568 0.245330 -0.063180 0.753550
    26 -11.663242 0.094713 0.140656 -0.068591 0.018527 -0.015099
    27 0.610300 -0.939470 0.070347 -1.655750 -0.177219 -0.172380
    28 0.639938 -0.199121 0.060192 -1.665955 -0.131350 -0.066457
    29 0.600155 1.080260 -0.339535 -1.751231 0.151798 0.000458
    30 0.610207 0.400743 -0.010098 -1.761999 0.018813 0.027076
    31 0.630809 -0.690091 -0.232343 0.331347 -0.061811 -1.054095
    32 -0.792125 0.203736 0.461304 1.439074 -0.003453 -0.018305
    33 0.610300 -0.939469 -0.070354 1.655346 0.140067 -0.175508
    34 0.639938 -0.199121 -0.060200 1.666009 0.131431 -0.066278
    35 0.600157 1.080260 0.339531 1.741683 -0.204071 0.076022
    36 0.610205 0.400743 0.010086 1.762004 -0.015356 0.028098
    37 0.629883 -0.689453 0.230347 -1.014704 -0.861531 -0.665916
    38 -0.626031 -0.069982 -0.080517 -1.447153 0.086151 0.021559
    39 2.621377 -0.002532 -0.001438 0.032247 -0.250337 -0.097710
    40 2.660837 0.000397 -0.000071 -0.000794 -0.098512 -0.161686
    41 2.202488 0.003364 -0.002863 -0.245695 0.066165 -0.226216
    42 0.599950 0.959236 -0.300102 -0.174544 0.000000 0.000000
    43 2.557190 -0.001967 0.002453 -0.158363 -0.025452 -0.154891
    44 2.098929 0.000032 -0.002193 -0.454039 0.049822 0.553015
    45 0.999378 -0.000238 -1.033583 0.000000 0.000000 0.000000
    46 -0.122641 -0.721855 0.661686 -0.486644 0.223964 0.243056
    47 2.619141 0.000142 -0.000401 -0.053005 0.086821 -0.048204
    48 2.657909 0.004593 -0.000533 0.200435 0.214755 1.264756
    49 2.199219 0.000515 -0.000121 0.236759 0.017677 1.474191
    50 0.599949 0.959244 0.300102 0.174544 0.000000 0.000000
    51 2.558594 -0.000149 -0.000030 0.236782 0.177167 1.399644
    52 2.097656 -0.000096 -0.000402 0.124873 -0.418761 0.877099
    53 0.999512 -0.000598 1.493164 0.000000 0.000000 0.946948
    54 0.310848 -0.606446 -0.498005 0.308107 -0.197598 0.313975
    55 1.869163 -0.000835 -0.000994 -0.000007 0.000003 0.158446
    56 1.200941 0.399582 -0.000237 -0.009465 0.016087 0.007127
    57 0.000586 0.100342 -0.000319 -0.120035 -0.021926 -0.209617
    58 -0.161663 0.051712 0.194808 -2.941982 0.122408 -0.060194
    59 2.010090 -0.003202 -0.003377 0.000006 -0.000023 0.074276
    60 0.000237 0.099800 -0.000395 -0.018823 0.010833 -0.239219
    61 -0.203197 0.048607 0.069150 -3.093332 0.033217 -0.046722
    62 1.180426 -0.002312 0.000781 -0.000073 -0.000048 0.060824
    63 -0.000196 0.099625 -0.000034 0.000000 0.000000 -0.314102
    64 -0.088737 -0.688435 -0.145203 2.930407 -0.136130 0.513013
    65 1.712069 0.000578 -0.000088 -0.018566 0.000459 -0.035008
    66 -0.000576 0.100143 -0.000311 -0.010914 0.023131 -0.260843
    67 -0.146027 -0.232426 -0.014225 3.028455 -0.094299 0.113020
    68 1.290634 0.000361 -0.000036 -0.062979 0.051977 0.683911
    69 -0.658119 -0.003576 0.072643 -0.142711 0.027792 -0.077299
    70 1.867188 -0.000058 0.000522 0.000000 0.000000 1.450175
    71 1.200075 0.399942 -0.000093 0.009465 -0.016087 0.007127
    72 0.000589 0.100342 0.000319 0.120035 0.021926 -0.209617
    73 0.068073 0.002283 -0.080050 3.111376 -0.069366 -0.060847
    74 2.007813 -0.000883 -0.000381 0.000047 -0.000039 1.379088
    75 0.000233 0.099800 0.000395 0.018823 -0.010833 -0.239219
    76 -0.018673 -0.001009 0.047544 3.109244 0.002635 -0.106673
    77 1.178665 0.001595 0.000845 0.000000 0.000000 0.743988
    78 -0.000196 0.099628 0.000034 0.000000 0.000000 -0.314102
    79 0.036894 -0.634449 0.266284 -2.801062 0.174301 0.490915
    80 1.708008 0.000721 0.000199 0.000000 0.000000 1.160581
    81 -0.000580 0.100140 0.000311 0.010914 -0.023131 -0.260843
    82 -0.003952 -0.281811 0.115047 -3.059162 0.089004 0.167964
    83 1.290039 0.000363 -0.000045 -0.000058 0.000020 0.672665
    84 -0.171526 -0.018150 -0.099873 0.013484 -0.062184 -0.011781
    85 0.916622 0.003336 0.001326 -0.003757 0.002382 -0.132389
    86 -0.342617 0.053402 -0.025571 -2.909301 -0.017248 0.075276
    87 1.100231 -0.000928 -0.002434 0.000009 0.000002 -0.241850
    88 -0.384979 0.331001 0.006848 -3.087207 -0.018765 -0.184278
    89 0.678146 0.002286 0.000002 -0.000006 0.000053 -0.107596
    90 -0.123848 0.072738 0.029507 2.898184 -0.060627 0.094835
    91 1.017166 -0.000154 -0.000252 -0.018599 0.000406 0.201530
    92 -0.344990 0.123129 0.143151 2.994981 0.012396 0.059140
    93 -0.730989 0.177046 0.039141 -0.123731 0.076518 -0.084310
    94 0.918945 0.000403 0.000087 0.000000 0.000000 0.471850
    95 -0.124023 -0.052090 0.038495 3.077813 -0.008519 0.039229
    96 1.099609 0.000007 0.000468 0.000016 0.000059 0.545759
    97 -0.330082 0.160639 0.042780 3.128073 0.034033 -0.171236
    98 0.679199 -0.000816 0.000174 0.000000 0.000000 0.674789
    99 -0.019512 -0.016531 0.038578 -2.763781 0.050305 0.076829
    100 1.019531 -0.000026 -0.000398 0.000015 0.000057 0.497121
    101 -0.155308 0.130644 -0.021921 -3.022466 0.022433 -0.024902
    102 -0.252207 0.061937 -0.024914 -0.007671 -0.063171 -0.044392
    103 -0.085995 0.185205 -0.015180 -2.937063 -0.113970 -0.138991
    104 -0.286533 0.179852 0.024264 -3.109353 -0.049645 -0.029914
    105 -0.019482 0.147083 0.079203 2.893815 0.038585 -0.060594
    106 -0.046482 0.251896 0.129548 3.016165 0.077112 -0.042864
    107 0.039124 -0.040295 0.047739 3.084219 0.030470 -0.037414
    108 -0.233757 0.066630 0.001754 -3.133087 0.040141 -0.065412
    109 0.044266 0.020131 0.001684 -2.778763 -0.118872 -0.040488
    110 0.071495 0.074128 -0.048302 -3.035917 -0.059482 0.104366
    111 0.000000 0.000000 0.000000 0.000000 0.000000 -1.570796
    112 -3.265725 -7.808832 -2.871181 0.008825 -0.001333 -1.568092
    113 0.000000 0.000000 0.000000 0.000000 0.000000 0.000000
    114 -3.230567 -18.207587 -3.246193 0.008849 -0.001297 -1.568093
    115 3.096000 0.000000 -1.996000 0.000000 0.000000 0.000000
    116 3.040999 0.000000 1.202000 0.000000 0.000000 0.000000
    117 7.854000 0.000000 -0.042000 0.000000 0.000000 0.000000
    118 13.105999 0.000000 -0.006000 0.000000 0.000000 0.000000
    119 3.456000 0.000000 -1.084000 0.000000 0.000000 0.000000
    120 1.804000 0.000000 -1.025000 0.000000 0.000000 0.000000
    121 7.098000 0.000000 -1.084000 0.000000 0.000000 0.000000
    122 -5.565821 3.309046 -1.685929 -1.230276 -0.189611 -0.466059
    123 3.740000 0.000000 1.273000 0.000000 0.000000 0.000000
    124 11.956999 0.000000 -0.006000 0.000000 0.000000 0.000000
    125 6.072001 0.000000 -1.238000 0.000000 0.000000 0.000000
    126 5.690000 -0.365000 0.068000 0.000000 -0.349029 -1.570796
    127 6.396999 0.614000 0.428000 0.000000 0.000000 0.000000
    128 3.040999 0.000000 1.202000 0.000000 0.000000 0.000000
    129 3.720000 0.000000 1.202000 0.000000 0.000000 0.000000
    130 1.086000 -0.661000 -0.149000 0.000000 0.000000 0.000000
    131 1.067000 0.589000 0.076000 0.000000 0.000000 0.000000
    132 0.000000 -0.019000 0.000000 0.000000 0.000000 0.000000
    133 0.000000 -0.019000 0.000000 0.000000 0.000000 0.000000
    134 3.300000 -0.019000 1.346000 0.000000 0.000000 0.000000
    135 -1.524000 -1.859000 -4.367000 -1.730306 -0.014954 0.208139
    136 7.283999 0.000000 -2.195000 0.000000 0.000000 0.000000
    137 -1.323000 0.000000 0.184000 0.000000 0.000000 0.000000
    138 0.082000 0.000000 1.002000 0.000000 0.000000 0.000000
    139 -19.628246 2.757897 -60.876457 -0.008833 0.001277 -0.002658
    140 0.478000 0.000000 -4.537000 0.000000 0.000000 0.000000
    141 3.436000 0.000000 1.202000 0.000000 0.000000 0.000000
    142 3.040999 0.000000 1.202000 0.000000 0.000000 0.000000
    143 4.657000 0.000000 1.545000 0.000000 0.000000 0.000000
    144 -0.403000 0.000000 -0.011000 0.000000 0.000000 0.000000
    145 1.781000 0.000000 0.873000 0.000000 0.000000 0.000000
    146 0.384000 0.715000 0.801000 0.000000 0.000000 0.000000
    147 1.795000 0.533000 -1.550000 0.000000 0.000000 0.000000
    148 4.435999 0.595000 -0.954000 0.000000 0.000000 0.000000
    149 4.401999 -0.614000 -1.630000 0.000000 0.000000 0.000000
    150 4.203000 -0.003000 -0.048000 0.000000 0.000000 0.000000
    151 5.136000 0.000000 1.534000 0.000000 0.000000 0.000000
    152 11.957001 0.000000 -0.006000 0.000000 0.000000 0.000000
    153 -2.103001 0.000000 0.000000 0.000000 0.000000 0.000000
    154 -0.598001 0.000000 -0.011000 0.000000 0.000000 0.000000
    155 0.496000 0.184000 -3.523000 0.000000 0.000000 0.000000
    156 0.147000 0.184000 -0.328000 0.000000 0.000000 0.000000
    157 0.147000 0.184000 0.023000 0.000000 0.000000 0.000000
    158 0.147000 0.184000 0.368000 0.000000 0.000000 0.000000
    159 0.147000 0.184000 0.717000 0.000000 0.000000 0.000000
    160 0.147000 0.184000 1.067000 0.000000 0.000000 0.000000
    161 0.148000 0.184000 1.414000 0.000000 0.000000 0.000000
    162 0.148000 -0.074000 1.640000 0.000000 0.000000 0.000000
    163 0.435000 0.184000 -3.179000 0.000000 0.000000 0.000000
    164 0.378000 0.184000 -2.826000 0.000000 0.000000 0.000000
    165 0.329000 0.184000 -2.477000 0.000000 0.000000 0.000000
    166 0.286000 0.184000 -2.127000 0.000000 0.000000 0.000000
    167 0.252000 0.184000 -1.775000 0.000000 0.000000 0.000000
    168 0.215000 0.184000 -1.417000 0.000000 0.000000 0.000000
    169 0.190000 0.184000 -1.064000 0.000000 0.000000 0.000000
    170 0.166000 0.184000 -0.714000 0.000000 0.000000 0.000000
    171 1.622000 0.000000 1.568000 0.000000 0.000000 0.000000
    172 2.240000 0.000000 1.568000 0.000000 0.000000 0.000000
    173 0.000000 0.000000 0.000000 0.000000 0.000000 0.000000
    174 0.000000 0.000000 -4.867001 3.141572 -0.003206 -3.128592
    175 1.000088 -0.000029 0.000000 0.000000 0.000000 0.000000
    176 17.162518 -0.000404 0.000000 0.000000 0.000000 0.119213
    177 17.749374 0.295515 0.000000 0.000000 0.000000 -1.158956
    178 5.413528 0.000347 0.000000 0.000000 0.000000 -0.518053
    179 0.017887 0.299792 0.000000 0.000000 0.000000 -0.059581
    180 9.999889 -0.000303 0.000000 0.000000 0.000000 0.000000
    181 0.000000 0.000000 4.867000 3.141572 -0.003206 -3.128592
    182 1.000088 -0.000029 0.000000 0.000000 0.000000 0.000000
    183 12.283573 1.581455 -4.695999 1.462269 -0.086726 0.090185
    184 17.162518 -0.000404 0.000000 0.000000 0.000000 0.119213
    185 17.749374 0.295515 0.000000 0.000000 0.000000 -1.158956
    186 5.413528 0.000347 0.000000 0.000000 0.000000 -0.518053
    187 0.017887 0.299792 0.000000 0.000000 0.000000 -0.059581
    188 9.499836 0.000212 0.000000 0.000000 0.000000 0.000000
    189 -1.145525 0.000130 0.000671 0.000000 0.000000 0.000000
    190 -0.857691 0.104071 0.104687 0.023536 0.163924 0.013632
    191 3.999430 -0.000528 -0.000332 -0.177896 0.000000 -0.000060
    192 0.599499 0.400698 0.000236 0.000000 0.000000 0.000000
    193 0.599886 0.400186 -0.000027 0.000000 0.000000 0.000000
    194 2.299677 -2.499979 -0.599480 0.891928 0.221512 -0.527288
    195 8.826133 0.552821 0.546943 1.210358 -0.376134 0.338414
    196 -9.580679 -27.862108 -37.184677 0.812879 -0.123459 -0.568477
    197 0.649935 -0.548296 0.093658 -1.665913 -0.131399 -0.112062
    198 1.899127 0.000427 -0.000439 0.027386 -0.033311 0.477848
    199 0.657078 0.008400 0.040375 -1.665945 -0.131407 -0.000013
    200 1.799664 -0.000240 0.000231 0.027386 -0.033311 0.477848
    201 1.799664 -0.000240 0.000231 0.027386 -0.033311 0.477848
    202 1.799664 -0.000240 0.000231 0.027386 -0.033311 0.477848
    203 0.665774 0.747222 -0.029186 -1.665935 -0.131408 0.094976
    204 1.900306 -0.000137 -0.000517 0.027386 -0.033311 0.477848
    205 4.662004 -5.366334 4.825195 1.569715 1.561305 -3.121216
    206 3.999897 0.000040 0.001007 0.166803 0.000000 0.000000
    207 0.600403 0.399632 -0.000469 0.000000 0.000000 -3.141496
    208 0.599890 0.400186 0.000031 0.000000 0.000000 -3.139640
    209 2.300137 -2.499413 0.600155 -0.892020 -0.221513 -0.527232
    210 12.101563 -3.646484 -1.237305 1.733664 0.203086 0.048277
    211 2.762354 0.116951 1.523975 1.629482 0.064153 1.743800
    212 7.228317 7.928200 -3.925652 2.328713 0.123459 -0.568477
    213 0.650396 -0.547731 -0.092976 1.665913 0.131399 -0.112062
    214 1.899441 -0.000320 -0.000150 -0.027386 0.033311 0.477848
    215 0.657068 0.008398 -0.040379 1.665945 0.131407 -0.000013
    216 1.799659 -0.000233 -0.000233 -0.027386 0.033311 0.477848
    217 1.799659 -0.000233 -0.000233 -0.027386 0.033311 0.477848
    218 1.799659 -0.000233 -0.000233 -0.027386 0.033311 0.477848
    219 0.665778 0.747222 0.029179 1.665935 0.131408 0.094976
    220 1.900722 0.000549 -0.000072 -0.027386 0.033311 0.477848
    221 4.530998 0.000000 0.000000 0.000000 0.000000 0.000000
    222 4.527344 0.000000 0.000000 0.000000 0.000000 0.000000
    223 0.000000 0.000000 0.000000 0.000000 0.000000 0.000000
    224 0.000000 0.000000 0.000000 0.000000 0.000000 0.000000
    225 4.000000 -6.500000 0.000000 0.000000 0.000000 0.000977
    226 -6.500000 0.000000 0.000000 0.000000 1.570795 0.000000
    227 19.215198 -3.230318 8.556081 0.008825 -0.001333 0.002704
    228 0.280000 -0.135000 2.196999 1.570796 0.000000 -1.570735
    229 0.000000 0.000000 0.000000 0.000000 0.000000 0.000000
    230 0.000000 0.000000 0.000000 0.021333 0.007335 -0.013686
    231 0.106000 0.000000 -64.320000 0.000000 0.000000 0.000000
    232 0.000000 0.000000 0.000000 0.000000 0.000000 0.000000
    233 -0.106000 0.000000 64.320000 0.000000 0.000000 0.000000
    234 0.003042 -0.001328 -64.319374 0.000009 0.000084 -3.141638
    235 -30.813440 -4.484512 4.054811 0.648315 -0.593716 0.164261
    236 1.688000 -0.001000 -1.454002 0.000000 0.000000 0.000000
    237 -1.070999 -0.005000 0.545002 0.000000 0.000000 0.000000
    238 5.895000 0.750997 -0.156000 0.000000 0.000000 0.000000
    239 11.599999 -0.000003 -1.500002 0.000000 0.000000 0.000000
    240 1.037001 1.337997 -4.334000 -2.791227 -0.162411 -0.765711
    241 7.216001 -0.000003 -1.579000 0.000000 0.000000 0.000000
    242 4.445999 -0.000003 -1.500000 0.000000 0.000000 0.000000
    243 0.673937 -0.015635 -4.768713 -3.141592 -1.281051 3.141593
    244 0.094999 -0.144000 0.332001 0.000000 0.000000 0.000000
    245 14.209020 0.000022 0.766988 0.000000 0.000000 0.000000
    246 0.000000 0.000000 0.000000 1.570800 0.000000 -1.570796
  time 7
    0 0.000000 0.000000 0.000000 0.000000 0.000000 -1.570796
    1 -0.106384 0.000000 -0.000198 0.000000 0.000000 0.000000
    2 0.000000 0.000000 0.000000 0.000000 0.000000 0.000000
    3 -0.904000 0.000000 -11.806000 0.000000 0.000000 0.000000
    4 0.000000 0.000000 -14.313999 1.571297 -1.570750 0.000000
    5 3.533001 0.000000 0.000000 0.000000 0.000000 0.000000
    6 6.250000 0.000000 0.000000 0.000000 0.000000 0.000000
    7 9.568951 7.633070 -1.944020 -1.545328 1.187827 -1.547138
    8 9.553325 5.304874 2.072942 -1.623235 -1.035130 1.619225
    9 5.786820 0.002787 -0.000113 -0.863513 0.344751 -1.213298
    10 5.999492 -0.000592 -4.000343 0.000000 0.000000 0.000000
    11 5.787410 0.002582 0.000893 1.000436 -0.724531 -1.840625
    12 5.999492 -0.000592 4.000340 0.000000 0.000000 0.000000
    13 0.500225 0.000133 -0.000084 0.117379 0.000000 -0.000060
    14 11.530657 0.000349 -0.001308 -0.000005 0.000009 -1.250805
    15 -0.829338 0.893824 0.079659 -0.148839 0.047645 0.087266
    16 0.500225 0.000132 0.000072 0.016354 0.000000 0.000000
    17 11.532495 0.000526 -0.000093 0.000042 0.000038 -1.604540
    18 -0.829586 0.894698 -0.079468 0.045377 -0.019621 0.087266
    19 10.599886 0.000105 -0.000553 -0.156310 0.000000 0.000000
    20 0.256388 -0.353308 -0.000805 0.000000 0.000011 0.625390
    21 11.042053 -0.000189 0.000798 -0.312623 0.022987 0.568293
    22 -11.814724 0.424524 -0.297680 0.247998 -0.066121 -0.042695
    23 10.599878 0.000105 0.000549 0.122509 -0.000060 0.000048
    24 0.513184 -0.495117 0.000699 0.000000 0.000000 0.802658
    25 11.041739 0.003170 -0.000568 0.245039 -0.062917 0.752853
    26 -11.663242 0.094713 0.140656 -0.068591 0.018527 -0.015099
    27 0.610300 -0.939470 0.070347 -1.655699 -0.174175 -0.172656
    28 0.639938 -0.199121 0.060192 -1.665955 -0.131350 -0.066457
    29 0.600155 1.080260 -0.339535 -1.749693 0.144216 0.006906
    30 0.610207 0.400743 -0.010098 -1.761999 0.015553 0.027712
    31 0.630809 -0.690091 -0.232343 0.358582 -0.088300 -1.063610
    32 -0.792125 0.203736 0.461304 1.439074 -0.003453 -0.018305
    33 0.610300 -0.939469 -0.070354 1.655346 0.140067 -0.175496
    34 0.639938 -0.199121 -0.060200 1.666009 0.131431 -0.066278
    35 0.600157 1.080260 0.339531 1.741683 -0.204071 0.076022
    36 0.610205 0.400743 0.010086 1.762004 -0.015356 0.028098
    37 0.629883 -0.689453 0.230347 -1.014704 -0.861531 -0.665916
    38 -0.626031 -0.069982 -0.080517 -1.447153 0.086151 0.021559
    39 2.621377 -0.002532 -0.001438 0.031743 -0.214121 -0.091834
    40 2.660837 0.000397 -0.000071 -0.000293 -0.095400 -0.164264
    41 2.202488 0.003364 -0.002863 -0.239574 -0.066363 -0.200157
    42 0.599950 0.959236 -0.300102 -0.174544 0.000000 0.000000
    43 2.557190 -0.001967 0.002453 -0.178860 -0.140514 -0.137529
    44 2.098929 0.000032 -0.002193 -0.438428 0.079127 0.595045
    45 0.999378 -0.000238 -1.041396 0.000000 0.000000 0.000000
    46 -0.122641 -0.721855 0.661686 -0.486644 0.223964 0.243056
    47 2.619141 0.000142 -0.000401 -0.053005 0.086821 -0.048204
    48 2.657909 0.004593 -0.000533 0.200435 0.214755 1.264756
    49 2.199219 0.000515 -0.000121 0.236759 0.017677 1.474191
    50 0.599949 0.959244 0.300102 0.174544 0.000000 0.000000
    51 2.558594 -0.000149 -0.000030 0.236782 0.177167 1.399644
    52 2.097656 -0.000096 -0.000402 0.124873 -0.418761 0.877099
    53 0.999512 -0.000598 1.493164 0.000000 0.000000 0.946948
    54 0.310848 -0.606446 -0.498005 0.308107 -0.197598 0.313975
    55 1.869163 -0.000835 -0.000994 -0.000007 0.000003 0.166905
    56 1.200941 0.399582 -0.000237 -0.009465 0.016087 0.007127
    57 0.000586 0.100342 -0.000319 -0.120035 -0.021926 -0.209617
    58 -0.161663 0.051712 0.194808 -2.941982 0.122408 -0.060194
    59 2.010090 -0.003202 -0.003377 0.000006 0.000001 0.076972
    60 0.000237 0.099800 -0.000395 -0.018823 0.010833 -0.239219
    61 -0.203197 0.048607 0.069150 -3.093332 0.033217 -0.046722
    62 1.180426 -0.002312 0.000781 -0.000073 -0.000036 0.068795
    63 -0.000196 0.099625 -0.000034 0.000000 0.000000 -0.314102
    64 -0.088737 -0.688435 -0.145203 2.930407 -0.136130 0.513013
    65 1.712069 0.000578 -0.000088 -0.053045 0.001274 0.154214
    66 -0.000576 0.100143 -0.000311 -0.010914 0.023131 -0.260843
    67 -0.146027 -0.232426 -0.014225 3.028455 -0.094299 0.113020
    68 1.290634 0.000361 -0.000036 -0.090771 0.056627 0.736042
    69 -0.658119 -0.003576 0.072643 -0.142711 0.027792 -0.077299
    70 1.867188 -0.000058 0.000522 0.000000 0.000000 1.450175
    71 1.200075 0.399942 -0.000093 0.009465 -0.016087 0.007127
    72 0.000589 0.100342 0.000319 0.120035 0.021926 -0.209617
    73 0.068073 0.002283 -0.080050 3.111376 -0.069366 -0.060847
    74 2.007813 -0.000883 -0.000381 0.000047 -0.000039 1.379088
    75 0.000233 0.099800 0.000395 0.018823 -0.010833 -0.239219
    76 -0.018673 -0.001009 0.047544 3.109244 0.002635 -0.106673
    77 1.178665 0.001595 0.000845 0.000000 0.000000 0.743988
    78 -0.000196 0.099628 0.000034 0.000000 0.000000 -0.314102
    79 0.036894 -0.634449 0.266284 -2.801062 0.174301 0.490915
    80 1.708008 0.000721 0.000199 0.000000 0.000000 1.160581
    81 -0.000580 0.100140 0.000311 0.010914 -0.023131 -0.260843
    82 -0.003952 -0.281811 0.115047 -3.059162 0.089004 0.167964
    83 1.290039 0.000363 -0.000045 -0.000058 0.000020 0.672665
    84 -0.171526 -0.018150 -0.099873 0.013484 -0.062184 -0.011781
    85 0.916622 0.003336 0.001326 -0.003745 0.002405 -0.122680
    86 -0.342617 0.053402 -0.025571 -2.909301 -0.017248 0.075276
    87 1.100231 -0.000928 -0.002434 0.000009 0.000002 -0.250573
    88 -0.384979 0.331001 0.006848 -3.087207 -0.018765 -0.184278
    89 0.678146 0.002286 0.000002 -0.000006 0.000029 -0.101299
    90 -0.123848 0.072738 0.029507 2.898184 -0.060627 0.094835
    91 1.017166 -0.000154 -0.000252 -0.053055 0.001268 0.493553
    92 -0.344990 0.123129 0.143151 2.994981 0.012396 0.059140
    93 -0.730989 0.177046 0.039141 -0.123731 0.076518 -0.084310
    94 0.918945 0.000403 0.000087 0.000000 0.000000 0.471850
    95 -0.124023 -0.052090 0.038495 3.077813 -0.008519 0.039229
    96 1.099609 0.000007 0.000468 0.000016 0.000059 0.545759
    97 -0.330082 0.160639 0.042780 3.128073 0.034033 -0.171236
    98 0.679199 -0.000816 0.000174 0.000000 0.000000 0.674789
    99 -0.019512 -0.016531 0.038578 -2.763781 0.050305 0.076829
    100 1.019531 -0.000026 -0.000398 0.000015 0.000057 0.497121
    101 -0.155308 0.130644 -0.021921 -3.022466 0.022433 -0.024902
    102 -0.252207 0.061937 -0.024914 -0.007671 -0.063171 -0.044392
    103 -0.085995 0.185205 -0.015180 -2.937063 -0.113970 -0.138991
    104 -0.286533 0.179852 0.024264 -3.109353 -0.049645 -0.029914
    105 -0.019482 0.147083 0.079203 2.893815 0.038585 -0.060594
    106 -0.046482 0.251896 0.129548 3.016165 0.077112 -0.042864
    107 0.039124 -0.040295 0.047739 3.084219 0.030470 -0.037414
    108 -0.233757 0.066630 0.001754 -3.133087 0.040141 -0.065412
    109 0.044266 0.020131 0.001684 -2.778763 -0.118872 -0.040488
    110 0.071495 0.074128 -0.048302 -3.035917 -0.059482 0.104366
    111 0.000000 0.000000 0.000000 0.000000 0.000000 -1.570796
    112 -3.281350 -7.804926 -2.863369 0.013107 -0.003288 -1.568279
    113 0.000000 0.000000 0.000000 0.000000 0.000000 0.000000
    114 -3.250099 -18.199774 -3.218848 0.013090 -0.003309 -1.568279
    115 3.096000 0.000000 -1.996000 0.000000 0.000000 0.000000
    116 3.040999 0.000000 1.202000 0.000000 0.000000 0.000000
    117 7.854000 0.000000 -0.042000 0.000000 0.000000 0.000000
    118 13.105999 0.000000 -0.006000 0.000000 0.000000 0.000000
    119 3.456000 0.000000 -1.084000 0.000000 0.000000 0.000000
    120 1.804000 0.000000 -1.025000 0.000000 0.000000 0.000000
    121 7.098000 0.000000 -1.084000 0.000000 0.000000 0.000000
    122 -5.507225 3.301233 -1.506236 -1.212900 -0.174562 -0.476170
    123 3.740000 0.000000 1.273000 0.000000 0.000000 0.000000
    124 11.956999 0.000000 -0.006000 0.000000 0.000000 0.000000
    125 6.072001 0.000000 -1.238000 0.000000 0.000000 0.000000
    126 5.690000 -0.365000 0.068000 0.000000 -0.349029 -1.570796
    127 6.396999 0.614000 0.428000 0.000000 0.000000 0.000000
    128 3.040999 0.000000 1.202000 0.000000 0.000000 0.000000
    129 3.720000 0.000000 1.202000 0.000000 0.000000 0.000000
    130 1.086000 -0.661000 -0.149000 0.000000 0.000000 0.000000
    131 1.067000 0.589000 0.076000 0.000000 0.000000 0.000000
    132 0.000000 -0.019000 0.000000 0.000000 0.000000 0.000000
    133 0.000000 -0.019000 0.000000 0.000000 0.000000 0.000000
    134 3.300000 -0.019000 1.346000 0.000000 0.000000 0.000000
    135 -1.524000 -1.859000 -4.367000 -1.730306 -0.014954 0.208139
    136 7.283999 0.000000 -2.195000 0.000000 0.000000 0.000000
    137 -1.323000 0.000000 0.184000 0.000000 0.000000 0.000000
    138 0.082000 0.000000 1.002000 0.000000 0.000000 0.000000
    139 -19.721999 2.480544 -60.876457 -0.013106 0.003263 -0.002564
    140 0.478000 0.000000 -4.537000 0.000000 0.000000 0.000000
    141 3.436000 0.000000 1.202000 0.000000 0.000000 0.000000
    142 3.040999 0.000000 1.202000 0.000000 0.000000 0.000000
    143 4.657000 0.000000 1.545000 0.000000 0.000000 0.000000
    144 -0.403000 0.000000 -0.011000 0.000000 0.000000 0.000000
    145 1.781000 0.000000 0.873000 0.000000 0.000000 0.000000
    146 0.384000 0.715000 0.801000 0.000000 0.000000 0.000000
    147 1.795000 0.533000 -1.550000 0.000000 0.000000 0.000000
    148 4.435999 0.595000 -0.954000 0.000000 0.000000 0.000000
    149 4.401999 -0.614000 -1.630000 0.000000 0.000000 0.000000
    150 4.203000 -0.003000 -0.048000 0.000000 0.000000 0.000000
    151 5.136000 0.000000 1.534000 0.000000 0.000000 0.000000
    152 11.957001 0.000000 -0.006000 0.000000 0.000000 0.000000
    153 -2.103001 0.000000 0.000000 0.000000 0.000000 0.000000
    154 -0.598001 0.000000 -0.011000 0.000000 0.000000 0.000000
    155 0.496000 0.184000 -3.523000 0.000000 0.000000 0.000000
    156 0.147000 0.184000 -0.328000 0.000000 0.000000 0.000000
    157 0.147000 0.184000 0.023000 0.000000 0.000000 0.000000
    158 0.147000 0.184000 0.368000 0.000000 0.000000 0.000000
    159 0.147000 0.184000 0.717000 0.000000 0.000000 0.000000
    160 0.147000 0.184000 1.067000 0.000000 0.000000 0.000000
    161 0.148000 0.184000 1.414000 0.000000 0.000000 0.000000
    162 0.148000 -0.074000 1.640000 0.000000 0.000000 0.000000
    163 0.435000 0.184000 -3.179000 0.000000 0.000000 0.000000
    164 0.378000 0.184000 -2.826000 0.000000 0.000000 0.000000
    165 0.329000 0.184000 -2.477000 0.000000 0.000000 0.000000
    166 0.286000 0.184000 -2.127000 0.000000 0.000000 0.000000
    167 0.252000 0.184000 -1.775000 0.000000 0.000000 0.000000
    168 0.215000 0.184000 -1.417000 0.000000 0.000000 0.000000
    169 0.190000 0.184000 -1.064000 0.000000 0.000000 0.000000
    170 0.166000 0.184000 -0.714000 0.000000 0.000000 0.000000
    171 1.622000 0.000000 1.568000 0.000000 0.000000 0.000000
    172 2.240000 0.000000 1.568000 0.000000 0.000000 0.000000
    173 0.000000 0.000000 0.000000 0.000000 0.000000 0.000000
    174 0.000000 0.000000 -4.867001 3.141572 -0.003206 -3.128592
    175 1.000088 -0.000029 0.000000 0.000000 0.000000 0.000000
    176 17.162518 -0.000404 0.000000 0.000000 0.000000 0.119213
    177 17.749374 0.295515 0.000000 0.000000 0.000000 -1.158956
    178 5.413528 0.000347 0.000000 0.000000 0.000000 -0.518053
    179 0.017887 0.299792 0.000000 0.000000 0.000000 -0.059581
    180 9.999889 -0.000303 0.000000 0.000000 0.000000 0.000000
    181 0.000000 0.000000 4.867000 3.141572 -0.003206 -3.128592
    182 1.000088 -0.000029 0.000000 0.000000 0.000000 0.000000
    183 12.283573 1.581455 -4.695999 1.462269 -0.086726 0.090185
    184 17.162518 -0.000404 0.000000 0.000000 0.000000 0.119213
    185 17.749374 0.295515 0.000000 0.000000 0.000000 -1.158956
    186 5.413528 0.000347 0.000000 0.000000 0.000000 -0.518053
    187 0.017887 0.299792 0.000000 0.000000 0.000000 -0.059581
    188 9.499836 0.000212 0.000000 0.000000 0.000000 0.000000
    189 -1.145525 0.000130 0.000671 0.000000 0.000000 0.000000
    190 -0.857691 0.104071 0.104687 0.023536 0.163924 0.013632
    191 3.999430 -0.000528 -0.000332 -0.183852 0.000000 0.000000
    192 0.599499 0.400698 0.000236 0.000000 0.000000 0.000000
    193 0.599886 0.400186 -0.000027 0.000000 0.000000 0.000000
    194 2.299677 -2.499979 -0.599480 0.891928 0.221512 -0.527288
    195 8.736286 0.603604 0.574288 1.189406 -0.384680 0.335472
    196 -9.580679 -27.862108 -37.184677 0.812879 -0.123459 -0.568477
    197 0.649935 -0.548296 0.093658 -1.665913 -0.131399 -0.112062
    198 1.899127 0.000427 -0.000439 0.027386 -0.033311 0.477848
    199 0.657078 0.008400 0.040375 -1.665945 -0.131407 -0.000013
    200 1.799664 -0.000240 0.000231 0.027386 -0.033311 0.477848
    201 1.799664 -0.000240 0.000231 0.027386 -0.033311 0.477848
    202 1.799664 -0.000240 0.000231 0.027386 -0.033311 0.477848
    203 0.665774 0.747222 -0.029186 -1.665935 -0.131408 0.094976
    204 1.900306 -0.000137 -0.000517 0.027386 -0.033311 0.477848
    205 4.662004 -5.366334 4.825195 1.569715 1.561305 -3.121216
    206 3.999897 0.000040 0.001007 0.166235 0.000000 0.000000
    207 0.600403 0.399632 -0.000469 0.000000 0.000000 -3.141496
    208 0.599890 0.400186 0.000031 0.000000 0.000000 -3.139640
    209 2.300137 -2.499413 0.600155 -0.892020 -0.221513 -0.527232
    210 12.101563 -3.646484 -1.237305 1.733664 0.203086 0.048277
    211 2.762354 0.116951 1.523975 1.629482 0.064153 1.743800
    212 7.228317 7.928200 -3.925652 2.328713 0.123459 -0.568477
    213 0.650396 -0.547731 -0.092976 1.665913 0.131399 -0.112062
    214 1.899441 -0.000320 -0.000150 -0.027386 0.033311 0.477848
    215 0.657068 0.008398 -0.040379 1.665945 0.131407 -0.000013
    216 1.799659 -0.000233 -0.000233 -0.027386 0.033311 0.477848
    217 1.799659 -0.000233 -0.000233 -0.027386 0.033311 0.477848
    218 1.799659 -0.000233 -0.000233 -0.027386 0.033311 0.477848
    219 0.665778 0.747222 0.029179 1.665935 0.131408 0.094976
    220 1.900722 0.000549 -0.000072 -0.027386 0.033311 0.477848
    221 4.530998 0.000000 0.000000 0.000000 0.000000 0.000000
    222 4.527344 0.000000 0.000000 0.000000 0.000000 0.000000
    223 0.000000 0.000000 0.000000 0.000000 0.000000 0.000000
    224 0.000000 0.000000 0.000000 0.000000 0.000000 0.000000
    225 4.000000 -6.500000 0.000000 0.000000 0.000000 0.000977
    226 -6.500000 0.000000 0.000000 0.000000 1.570795 0.000000
    227 19.211292 -3.249850 8.583426 0.013107 -0.003287 0.002517
    228 0.280000 -0.135000 2.196999 1.570796 0.000000 -1.570735
    229 0.000000 0.000000 0.000000 0.000000 0.000000 0.000000
    230 0.000000 0.000000 0.000000 0.021081 0.007239 -0.013519
    231 0.106000 0.000000 -64.320000 0.000000 0.000000 0.000000
    232 0.000000 0.000000 0.000000 0.000000 0.000000 0.000000
    233 -0.106000 0.000000 64.320000 0.000000 0.000000 0.000000
    234 0.003042 -0.001328 -64.319374 0.000009 0.000084 -3.141638
    235 -30.813440 -4.484512 4.054811 0.648315 -0.593716 0.164261
    236 1.688000 -0.001000 -1.454002 0.000000 0.000000 0.000000
    237 -1.070999 -0.005000 0.545002 0.000000 0.000000 0.000000
    238 5.895000 0.750997 -0.156000 0.000000 0.000000 0.000000
    239 11.599999 -0.000003 -1.500002 0.000000 0.000000 0.000000
    240 1.037001 1.337997 -4.334000 -2.791227 -0.162411 -0.765711
    241 7.216001 -0.000003 -1.579000 0.000000 0.000000 0.000000
    242 4.445999 -0.000003 -1.500000 0.000000 0.000000 0.000000
    243 0.673937 -0.015635 -4.768713 -3.141592 -1.281051 3.141593
    244 0.094999 -0.144000 0.332001 0.000000 0.000000 0.000000
    245 14.209020 0.000022 0.766988 0.000000 0.000000 0.000000
    246 0.000000 0.000000 0.000000 1.570800 0.000000 -1.570796
  time 8
    0 0.000000 0.000000 0.000000 0.000000 0.000000 -1.570796
    1 -0.106384 0.000000 -0.000198 0.000000 0.000000 0.000000
    2 0.000000 0.000000 0.000000 0.000000 0.000000 0.000000
    3 -0.904000 0.000000 -11.806000 0.000000 0.000000 0.000000
    4 0.000000 0.000000 -14.313999 1.571297 -1.570750 0.000000
    5 3.533001 0.000000 0.000000 0.000000 0.000000 0.000000
    6 6.250000 0.000000 0.000000 0.000000 0.000000 0.000000
    7 9.568951 7.633070 -1.944020 -1.545328 1.187827 -1.547138
    8 9.545512 5.304874 2.072942 -1.644972 -1.034403 1.638476
    9 5.786820 0.002787 -0.000113 -0.822982 0.335471 -1.195486
    10 5.999492 -0.000592 -4.000343 0.000000 0.000000 0.000000
    11 5.787410 0.002582 0.000893 1.000192 -0.723777 -1.839991
    12 5.999492 -0.000592 4.000340 0.000000 0.000000 0.000000
    13 0.500225 0.000133 -0.000084 0.092857 0.000000 -0.000024
    14 11.530657 0.000349 -0.001308 -0.000053 -0.000027 -1.251879
    15 -0.829338 0.893824 0.079659 -0.148839 0.047645 0.087266
    16 0.500225 0.000132 0.000072 0.016420 0.000000 0.000000
    17 11.532495 0.000526 -0.000093 0.000042 0.000038 -1.604621
    18 -0.829586 0.894698 -0.079468 0.045377 -0.019621 0.087266
    19 10.599886 0.000105 -0.000553 -0.188206 0.000000 0.000000
    20 0.260294 -0.357215 -0.000805 0.000024 -0.000001 0.626507
    21 11.042053 -0.000189 0.000798 -0.376407 0.004593 0.556611
    22 -11.814724 0.424524 -0.297680 0.247998 -0.066121 -0.042695
    23 10.599878 0.000105 0.000549 0.120674 -0.000060 0.000048
    24 0.513184 -0.495117 0.000699 0.000000 0.000000 0.802658
    25 11.041739 0.003170 -0.000568 0.242884 -0.063837 0.753759
    26 -11.663242 0.094713 0.140656 -0.068591 0.018527 -0.015099
    27 0.610300 -0.939470 0.070347 -1.655699 -0.174043 -0.172692
    28 0.639938 -0.199121 0.060192 -1.665955 -0.131350 -0.066457
    29 0.600155 1.080260 -0.339535 -1.749109 0.141259 0.009339
    30 0.610207 0.400743 -0.010098 -1.761999 0.012293 0.028359
    31 0.630809 -0.690091 -0.232343 0.331438 -0.093850 -1.048874
    32 -0.792125 0.203736 0.461304 1.439074 -0.003453 -0.018305
    33 0.610300 -0.939469 -0.070354 1.655346 0.140067 -0.175508
    34 0.639938 -0.199121 -0.060200 1.666009 0.131431 -0.066278
    35 0.600157 1.080260 0.339531 1.741683 -0.204071 0.076022
    36 0.610205 0.400743 0.010086 1.762004 -0.015356 0.028098
    37 0.629883 -0.689453 0.230347 -1.014704 -0.861531 -0.665916
    38 -0.626031 -0.069982 -0.080517 -1.447153 0.086151 0.021559
    39 2.621377 -0.002532 -0.001438 0.031491 -0.199604 -0.089412
    40 2.660837 0.000397 -0.000071 -0.000384 -0.095251 -0.163682
    41 2.202488 0.003364 -0.002863 -0.235337 -0.139593 -0.174790
    42 0.599950 0.959236 -0.300102 -0.174544 0.000000 0.000000
    43 2.557190 -0.001967 0.002453 -0.186743 -0.204301 -0.120455
    44 2.098929 0.000032 -0.002193 -0.567655 0.086321 0.653693
    45 0.999378 -0.000238 -1.045302 0.000000 0.000000 0.000000
    46 -0.122641 -0.721855 0.661686 -0.486644 0.223964 0.243056
    47 2.619141 0.000142 -0.000401 -0.053005 0.086821 -0.048204
    48 2.657909 0.004593 -0.000533 0.200435 0.214755 1.264756
    49 2.199219 0.000515 -0.000121 0.236759 0.017677 1.474191
    50 0.599949 0.959244 0.300102 0.174544 0.000000 0.000000
    51 2.558594 -0.000149 -0.000030 0.236782 0.177167 1.399644
    52 2.097656 -0.000096 -0.000402 0.124873 -0.418761 0.877099
    53 0.999512 -0.000598 1.493164 0.000000 0.000000 0.946948
    54 0.310848 -0.606446 -0.498005 0.308107 -0.197598 0.313975
    55 1.869163 -0.000835 -0.000994 -0.000007 -0.000056 0.170415
    56 1.200941 0.399582 -0.000237 -0.009465 0.016087 0.007127
    57 0.000586 0.100342 -0.000319 -0.120035 -0.021926 -0.209617
    58 -0.161663 0.051712 0.194808 -2.941982 0.122408 -0.060194
    59 2.010090 -0.003202 -0.003377 0.000006 -0.000011 0.080047
    60 0.000237 0.099800 -0.000395 -0.018823 0.010833 -0.239219
    61 -0.203197 0.048607 0.069150 -3.093332 0.033217 -0.046722
    62 1.180426 -0.002312 0.000781 -0.000073 -0.000012 0.076766
    63 -0.000196 0.099625 -0.000034 0.000000 0.000000 -0.314102
    64 -0.088737 -0.688435 -0.145203 2.930407 -0.136130 0.513013
    65 1.712069 0.000578 -0.000088 -0.071585 0.001681 0.265894
    66 -0.000576 0.100143 -0.000311 -0.010914 0.023131 -0.260843
    67 -0.146027 -0.232426 -0.014225 3.028455 -0.094299 0.113020
    68 1.290634 0.000361 -0.000036 -0.229062 0.026953 0.843202
    69 -0.658119 -0.003576 0.072643 -0.142711 0.027792 -0.077299
    70 1.867188 -0.000058 0.000522 0.000000 0.000000 1.450175
    71 1.200075 0.399942 -0.000093 0.009465 -0.016087 0.007127
    72 0.000589 0.100342 0.000319 0.120035 0.021926 -0.209617
    73 0.068073 0.002283 -0.080050 3.111376 -0.069366 -0.060847
    74 2.007813 -0.000883 -0.000381 0.000047 -0.000039 1.379088
    75 0.000233 0.099800 0.000395 0.018823 -0.010833 -0.239219
    76 -0.018673 -0.001009 0.047544 3.109244 0.002635 -0.106673
    77 1.178665 0.001595 0.000845 0.000000 0.000000 0.743988
    78 -0.000196 0.099628 0.000034 0.000000 0.000000 -0.314102
    79 0.036894 -0.634449 0.266284 -2.801062 0.174301 0.490915
    80 1.708008 0.000721 0.000199 0.000000 0.000000 1.160581
    81 -0.000580 0.100140 0.000311 0.010914 -0.023131 -0.260843
    82 -0.003952 -0.281811 0.115047 -3.059162 0.089004 0.167964
    83 1.290039 0.000363 -0.000045 -0.000058 0.000020 0.672665
    84 -0.171526 -0.018150 -0.099873 0.013484 -0.062184 -0.011781
    85 0.916622 0.003336 0.001326 -0.003685 0.002537 -0.117479
    86 -0.342617 0.053402 -0.025571 -2.909301 -0.017248 0.075276
    87 1.100231 -0.000928 -0.002434 0.000009 0.000002 -0.255260
    88 -0.384979 0.331001 0.006848 -3.087207 -0.018765 -0.184278
    89 0.678146 0.002286 0.000002 -0.000006 0.000017 -0.095002
    90 -0.123848 0.072738 0.029507 2.898184 -0.060627 0.094835
    91 1.017166 -0.000154 -0.000252 -0.071643 0.001712 0.656781
    92 -0.344990 0.123129 0.143151 2.994981 0.012396 0.059140
    93 -0.730989 0.177046 0.039141 -0.123731 0.076518 -0.084310
    94 0.918945 0.000403 0.000087 0.000000 0.000000 0.471850
    95 -0.124023 -0.052090 0.038495 3.077813 -0.008519 0.039229
    96 1.099609 0.000007 0.000468 0.000016 0.000059 0.545759
    97 -0.330082 0.160639 0.042780 3.128073 0.034033 -0.171236
    98 0.679199 -0.000816 0.000174 0.000000 0.000000 0.674789
    99 -0.019512 -0.016531 0.038578 -2.763781 0.050305 0.076829
    100 1.019531 -0.000026 -0.000398 0.000015 0.000057 0.497121
    101 -0.155308 0.130644 -0.021921 -3.022466 0.022433 -0.024902
    102 -0.252207 0.061937 -0.024914 -0.007671 -0.063171 -0.044392
    103 -0.085995 0.185205 -0.015180 -2.937063 -0.113970 -0.138991
    104 -0.286533 0.179852 0.024264 -3.109353 -0.049645 -0.029914
    105 -0.019482 0.147083 0.079203 2.893815 0.038585 -0.060594
    106 -0.046482 0.251896 0.129548 3.016165 0.077112 -0.042864
    107 0.039124 -0.040295 0.047739 3.084219 0.030470 -0.037414
    108 -0.233757 0.066630 0.001754 -3.133087 0.040141 -0.065412
    109 0.044266 0.020131 0.001684 -2.778763 -0.118872 -0.040488
    110 0.071495 0.074128 -0.048302 -3.035917 -0.059482 0.104366
    111 0.000000 0.000000 0.000000 0.000000 0.000000 -1.570796
    112 -3.320414 -7.801019 -2.875088 0.021582 -0.003954 -1.568279
    113 0.000000 0.000000 0.000000 0.000000 0.000000 0.000000
    114 -3.285257 -18.199774 -3.218848 0.021571 -0.003980 -1.568279
    115 3.096000 0.000000 -1.996000 0.000000 0.000000 0.000000
    116 3.040999 0.000000 1.202000 0.000000 0.000000 0.000000
    117 7.854000 0.000000 -0.042000 0.000000 0.000000 0.000000
    118 13.105999 0.000000 -0.006000 0.000000 0.000000 0.000000
    119 3.456000 0.000000 -1.084000 0.000000 0.000000 0.000000
    120 1.804000 0.000000 -1.025000 0.000000 0.000000 0.000000
    121 7.098000 0.000000 -1.084000 0.000000 0.000000 0.000000
    122 -5.507225 3.309046 -1.627333 -1.246403 -0.190872 -0.471063
    123 3.740000 0.000000 1.273000 0.000000 0.000000 0.000000
    124 11.956999 0.000000 -0.006000 0.000000 0.000000 0.000000
    125 6.072001 0.000000 -1.238000 0.000000 0.000000 0.000000
    126 5.690000 -0.365000 0.068000 0.000000 -0.349029 -1.570796
    127 6.396999 0.614000 0.428000 0.000000 0.000000 0.000000
    128 3.040999 0.000000 1.202000 0.000000 0.000000 0.000000
    129 3.720000 0.000000 1.202000 0.000000 0.000000 0.000000
    130 1.086000 -0.661000 -0.149000 0.000000 0.000000 0.000000
    131 1.067000 0.589000 0.076000 -1.047226 0.000000 0.000000
    132 0.000000 -0.019000 0.000000 0.000000 0.000000 0.000000
    133 0.000000 -0.019000 0.000000 0.000000 0.000000 0.000000
    134 3.300000 -0.019000 1.346000 0.000000 0.000000 0.000000
    135 -1.524000 -1.859000 -4.367000 -1.730306 -0.014954 0.208139
    136 7.283999 0.000000 -2.195000 0.000000 0.000000 0.000000
    137 -1.323000 0.000000 0.184000 0.000000 0.000000 0.000000
    138 0.082000 0.000000 1.002000 0.000000 0.000000 0.000000
    139 -19.764969 1.988342 -60.880363 -0.021559 0.003925 -0.002564
    140 0.478000 0.000000 -4.537000 0.000000 0.000000 0.000000
    141 3.436000 0.000000 1.202000 0.000000 0.000000 0.000000
    142 3.040999 0.000000 1.202000 0.000000 0.000000 0.000000
    143 4.657000 0.000000 1.545000 0.000000 0.000000 0.000000
    144 -0.403000 0.000000 -0.011000 0.000000 0.000000 0.000000
    145 1.781000 0.000000 0.873000 0.000000 0.000000 0.000000
    146 0.384000 0.715000 0.801000 0.000000 0.000000 0.000000
    147 1.795000 0.533000 -1.550000 0.000000 0.000000 0.000000
    148 4.435999 0.595000 -0.954000 0.000000 0.000000 0.000000
    149 4.401999 -0.614000 -1.630000 0.000000 0.000000 0.000000
    150 4.203000 -0.003000 -0.048000 0.000000 0.000000 0.000000
    151 5.136000 0.000000 1.534000 0.000000 0.000000 0.000000
    152 11.957001 0.000000 -0.006000 0.000000 0.000000 0.000000
    153 -2.103001 0.000000 0.000000 0.000000 0.000000 0.000000
    154 -0.598001 0.000000 -0.011000 0.000000 0.000000 0.000000
    155 0.496000 0.184000 -3.523000 0.000000 0.000000 0.000000
    156 0.147000 0.184000 -0.328000 0.000000 0.000000 0.000000
    157 0.147000 0.184000 0.023000 0.000000 0.000000 0.000000
    158 0.147000 0.184000 0.368000 0.000000 0.000000 0.000000
    159 0.147000 0.184000 0.717000 0.000000 0.000000 0.000000
    160 0.147000 0.184000 1.067000 0.000000 0.000000 0.000000
    161 0.148000 0.184000 1.414000 0.000000 0.000000 0.000000
    162 0.148000 -0.074000 1.640000 0.000000 0.000000 0.000000
    163 0.435000 0.184000 -3.179000 0.000000 0.000000 0.000000
    164 0.378000 0.184000 -2.826000 0.000000 0.000000 0.000000
    165 0.329000 0.184000 -2.477000 0.000000 0.000000 0.000000
    166 0.286000 0.184000 -2.127000 0.000000 0.000000 0.000000
    167 0.252000 0.184000 -1.775000 0.000000 0.000000 0.000000
    168 0.215000 0.184000 -1.417000 0.000000 0.000000 0.000000
    169 0.190000 0.184000 -1.064000 0.000000 0.000000 0.000000
    170 0.166000 0.184000 -0.714000 0.000000 0.000000 0.000000
    171 1.622000 0.000000 1.568000 0.000000 0.000000 0.000000
    172 2.240000 0.000000 1.568000 0.000000 0.000000 0.000000
    173 0.000000 0.000000 0.000000 0.000000 0.000000 0.000000
    174 0.000000 0.000000 -4.867001 3.141572 -0.003206 -3.128592
    175 1.000088 -0.000029 0.000000 0.000000 0.000000 0.000000
    176 17.162518 -0.000404 0.000000 0.000000 0.000000 0.119213
    177 17.749374 0.295515 0.000000 0.000000 0.000000 -1.158956
    178 5.413528 0.000347 0.000000 0.000000 0.000000 -0.518053
    179 0.017887 0.299792 0.000000 0.000000 0.000000 -0.059581
    180 9.999889 -0.000303 0.000000 0.000000 0.000000 0.000000
    181 0.000000 0.000000 4.867000 3.141572 -0.003206 -3.128592
    182 1.000088 -0.000029 0.000000 0.000000 0.000000 0.000000
    183 12.283573 1.581455 -4.695999 1.462269 -0.086726 0.090185
    184 17.162518 -0.000404 0.000000 0.000000 0.000000 0.119213
    185 17.749374 0.295515 0.000000 0.000000 0.000000 -1.158956
    186 5.413528 0.000347 0.000000 0.000000 0.000000 -0.518053
    187 0.017887 0.299792 0.000000 0.000000 0.000000 -0.059581
    188 9.499836 0.000212 0.000000 0.000000 0.000000 0.000000
    189 -1.145525 0.000130 0.000671 0.000000 0.000000 0.000000
    190 -0.857691 0.104071 0.104687 0.023536 0.163924 0.013632
    191 3.999430 -0.000528 -0.000332 -0.218079 0.000060 0.000000
    192 0.599499 0.400698 0.000236 0.000000 0.000000 0.000000
    193 0.599886 0.400186 -0.000027 0.000000 0.000000 0.000000
    194 2.299677 -2.499979 -0.599480 0.891928 0.221512 -0.527288
    195 8.748005 0.607511 0.546943 1.226144 -0.385764 0.335288
    196 -9.580679 -27.862108 -37.184677 0.812879 -0.123459 -0.568477
    197 0.649935 -0.548296 0.093658 -1.665913 -0.131399 -0.112062
    198 1.899127 0.000427 -0.000439 0.027386 -0.033311 0.477848
    199 0.657078 0.008400 0.040375 -1.665945 -0.131407 -0.000013
    200 1.799664 -0.000240 0.000231 0.027386 -0.033311 0.477848
    201 1.799664 -0.000240 0.000231 0.027386 -0.033311 0.477848
    202 1.799664 -0.000240 0.000231 0.027386 -0.033311 0.477848
    203 0.665774 0.747222 -0.029186 -1.665935 -0.131408 0.094976
    204 1.900306 -0.000137 -0.000517 0.027386 -0.033311 0.477848
    205 4.662004 -5.366334 4.825195 1.569715 1.561305 -3.121216
    206 3.999897 0.000040 0.001007 0.165711 0.000000 0.000000
    207 0.600403 0.399632 -0.000469 0.000000 0.000000 -3.141496
    208 0.599890 0.400186 0.000031 0.000000 0.000000 -3.139640
    209 2.300137 -2.499413 0.600155 -0.892020 -0.221513 -0.527232
    210 12.101563 -3.646484 -1.237305 1.733664 0.203086 0.048277
    211 2.762354 0.116951 1.523975 1.629482 0.064153 1.743800
    212 7.228317 7.928200 -3.925652 2.328713 0.123459 -0.568477
    213 0.650396 -0.547731 -0.092976 1.665913 0.131399 -0.112062
    214 1.899441 -0.000320 -0.000150 -0.027386 0.033311 0.477848
    215 0.657068 0.008398 -0.040379 1.665945 0.131407 -0.000013
    216 1.799659 -0.000233 -0.000233 -0.027386 0.033311 0.477848
    217 1.799659 -0.000233 -0.000233 -0.027386 0.033311 0.477848
    218 1.799659 -0.000233 -0.000233 -0.027386 0.033311 0.477848
    219 0.665778 0.747222 0.029179 1.665935 0.131408 0.094976
    220 1.900722 0.000549 -0.000072 -0.027386 0.033311 0.477848
    221 4.530998 0.000000 0.000000 0.000000 0.000000 0.000000
    222 4.527344 0.000000 0.000000 0.000000 0.000000 0.000000
    223 0.000000 0.000000 0.000000 0.000000 0.000000 0.000000
    224 0.000000 0.000000 0.000000 0.000000 0.000000 0.000000
    225 4.000000 -6.500000 0.000000 0.000000 0.000000 0.000977
    226 -6.500000 0.000000 0.000000 0.000000 1.570795 0.000000
    227 19.207386 -3.285008 8.583426 0.021582 -0.003954 0.002517
    228 0.280000 -0.135000 2.196999 1.570796 0.000000 -1.570735
    229 0.000000 0.000000 0.000000 0.000000 0.000000 0.000000
    230 0.000000 0.000000 0.000000 0.020817 0.007155 -0.013351
    231 0.106000 0.000000 -64.320000 0.000000 0.000000 0.000000
    232 0.000000 0.000000 0.000000 0.000000 0.000000 0.000000
    233 -0.106000 0.000000 64.320000 0.000000 0.000000 0.000000
    234 0.003042 -0.001328 -64.319374 0.000009 0.000084 -3.141638
    235 -30.813440 -4.484512 4.054811 0.648315 -0.593716 0.164261
    236 1.688000 -0.001000 -1.454002 0.000000 0.000000 0.000000
    237 -1.070999 -0.005000 0.545002 0.000000 0.000000 0.000000
    238 5.895000 0.750997 -0.156000 0.000000 0.000000 0.000000
    239 11.599999 -0.000003 -1.500002 0.000000 0.000000 0.000000
    240 1.037001 1.337997 -4.334000 -2.791227 -0.162411 -0.765711
    241 7.216001 -0.000003 -1.579000 0.000000 0.000000 0.000000
    242 4.445999 -0.000003 -1.500000 0.000000 0.000000 0.000000
    243 0.673937 -0.015635 -4.768713 -3.141592 -1.281051 3.141593
    244 0.094999 -0.144000 0.332001 0.000000 0.000000 0.000000
    245 14.209020 0.000022 0.766988 0.000000 0.000000 0.000000
    246 0.000000 0.000000 0.000000 1.570800 0.000000 -1.570796
  time 9
    0 0.000000 0.000000 0.000000 0.000000 0.000000 -1.570796
    1 -0.106384 0.000000 -0.000198 0.000000 0.000000 0.000000
    2 0.000000 0.000000 0.000000 0.000000 0.000000 0.000000
    3 -0.904000 0.000000 -11.806000 0.000000 0.000000 0.000000
    4 0.000000 0.000000 -14.313999 1.571297 -1.570750 0.000000
    5 3.533001 0.000000 0.000000 0.000000 0.000000 0.000000
    6 6.250000 0.000000 0.000000 0.000000 0.000000 0.000000
    7 9.568951 7.633070 -1.944020 -1.545328 1.187827 -1.547138
    8 9.553325 5.304874 2.072942 -1.576455 -1.035420 1.574306
    9 5.786820 0.002787 -0.000113 -0.779487 0.331014 -1.170290
    10 5.999492 -0.000592 -4.000343 0.000000 0.000000 0.000000
    11 5.787410 0.002582 0.000893 1.001780 -0.722083 -1.840082
    12 5.999492 -0.000592 4.000340 0.000000 0.000000 0.000000
    13 0.500225 0.000133 -0.000084 0.068335 0.000000 0.000000
    14 11.530657 0.000349 -0.001308 -0.000053 -0.000027 -1.258247
    15 -0.829338 0.893824 0.079659 -0.148839 0.047645 0.087266
    16 0.500225 0.000132 0.000072 0.016420 0.000000 0.000000
    17 11.532495 0.000526 -0.000093 0.000042 0.000038 -1.604945
    18 -0.829586 0.894698 -0.079468 0.045377 -0.019621 0.087266
    19 10.599886 0.000105 -0.000553 -0.235069 0.000000 0.000000
    20 0.260294 -0.357215 -0.000805 0.000036 -0.000001 0.627623
    21 11.042053 -0.000189 0.000798 -0.470175 -0.025387 0.540885
    22 -11.814724 0.424524 -0.297680 0.247998 -0.066121 -0.042695
    23 10.599878 0.000105 0.000549 0.118839 -0.000060 0.000048
    24 0.513184 -0.495117 0.000699 0.000000 0.000000 0.802658
    25 11.041739 0.003170 -0.000568 0.237351 -0.065983 0.756546
    26 -11.663242 0.094713 0.140656 -0.068591 0.018527 -0.015099
    27 0.610300 -0.939470 0.070347 -1.655699 -0.173911 -0.172716
    28 0.639938 -0.199121 0.060192 -1.665955 -0.131350 -0.066457
    29 0.600155 1.080260 -0.339535 -1.749480 0.142890 0.007961
    30 0.610207 0.400743 -0.010098 -1.761999 0.012988 0.028239
    31 0.630809 -0.690091 -0.232343 0.304535 -0.086971 -1.036026
    32 -0.792125 0.203736 0.461304 1.439074 -0.003453 -0.018305
    33 0.610300 -0.939469 -0.070354 1.655346 0.140067 -0.175496
    34 0.639938 -0.199121 -0.060200 1.666009 0.131431 -0.066278
    35 0.600157 1.080260 0.339531 1.741683 -0.204071 0.076022
    36 0.610205 0.400743 0.010086 1.762004 -0.015356 0.028098
    37 0.629883 -0.689453 0.230347 -1.014704 -0.861531 -0.665916
    38 -0.626031 -0.069982 -0.080517 -1.447153 0.086151 0.021559
    39 2.621377 -0.002532 -0.001438 0.031666 -0.203595 -0.091159
    40 2.660837 0.000397 -0.000071 -0.000452 -0.095102 -0.163058
    41 2.202488 0.003364 -0.002863 -0.231884 -0.141237 -0.165153
    42 0.599950 0.959236 -0.300102 -0.174544 0.000000 0.000000
    43 2.557190 -0.001967 0.002453 -0.184167 -0.205878 -0.113733
    44 2.098929 0.000032 -0.002193 -0.556916 0.098071 0.699067
    45 0.999378 -0.000238 -1.053115 0.000000 0.000000 0.000000
    46 -0.122641 -0.721855 0.661686 -0.486644 0.223964 0.243056
    47 2.619141 0.000142 -0.000401 -0.053005 0.086821 -0.048204
    48 2.657909 0.004593 -0.000533 0.200435 0.214755 1.264756
    49 2.199219 0.000515 -0.000121 0.236759 0.017677 1.474191
    50 0.599949 0.959244 0.300102 0.174544 0.000000 0.000000
    51 2.558594 -0.000149 -0.000030 0.236782 0.177167 1.399644
    52 2.097656 -0.000096 -0.000402 0.124873 -0.418761 0.877099
    53 0.999512 -0.000598 1.493164 0.000000 0.000000 0.946948
    54 0.310848 -0.606446 -0.498005 0.308107 -0.197598 0.313975
    55 1.869163 -0.000835 -0.000994 -0.000007 -0.000032 0.168056
    56 1.200941 0.399582 -0.000237 -0.009465 0.016087 0.007127
    57 0.000586 0.100342 -0.000319 -0.120035 -0.021926 -0.209617
    58 -0.161663 0.051712 0.194808 -2.941982 0.122408 -0.060194
    59 2.010090 -0.003202 -0.003377 0.000006 -0.000023 0.083169
    60 0.000237 0.099800 -0.000395 -0.018823 0.010833 -0.239219
    61 -0.203197 0.048607 0.069150 -3.093332 0.033217 -0.046722
    62 1.180426 -0.002312 0.000781 -0.000061 0.000012 0.084771
    63 -0.000196 0.099625 -0.000034 0.000000 0.000000 -0.314102
    64 -0.088737 -0.688435 -0.145203 2.930407 -0.136130 0.513013
    65 1.712069 0.000578 -0.000088 -0.071693 0.001621 0.274150
    66 -0.000576 0.100143 -0.000311 -0.010914 0.023131 -0.260843
    67 -0.146027 -0.232426 -0.014225 3.028455 -0.094299 0.113020
    68 1.290634 0.000361 -0.000036 -0.231722 -0.014705 0.749938
    69 -0.658119 -0.003576 0.072643 -0.142711 0.027792 -0.077299
    70 1.867188 -0.000058 0.000522 0.000000 0.000000 1.450175
    71 1.200075 0.399942 -0.000093 0.009465 -0.016087 0.007127
    72 0.000589 0.100342 0.000319 0.120035 0.021926 -0.209617
    73 0.068073 0.002283 -0.080050 3.111376 -0.069366 -0.060847
    74 2.007813 -0.000883 -0.000381 0.000047 -0.000039 1.379088
    75 0.000233 0.099800 0.000395 0.018823 -0.010833 -0.239219
    76 -0.018673 -0.001009 0.047544 3.109244 0.002635 -0.106673
    77 1.178665 0.001595 0.000845 0.000000 0.000000 0.743988
    78 -0.000196 0.099628 0.000034 0.000000 0.000000 -0.314102
    79 0.036894 -0.634449 0.266284 -2.801062 0.174301 0.490915
    80 1.708008 0.000721 0.000199 0.000000 0.000000 1.160581
    81 -0.000580 0.100140 0.000311 0.010914 -0.023131 -0.260843
    82 -0.003952 -0.281811 0.115047 -3.059162 0.089004 0.167964
    83 1.290039 0.000363 -0.000045 -0.000058 0.000020 0.672665
    84 -0.171526 -0.018150 -0.099873 0.013484 -0.062184 -0.011781
    85 0.916622 0.003336 0.001326 -0.003709 0.002489 -0.119848
    86 -0.342617 0.053402 -0.025571 -2.909301 -0.017248 0.075276
    87 1.100231 -0.000928 -0.002434 -0.000003 0.000038 -0.251937
    88 -0.384979 0.331001 0.006848 -3.087207 -0.018765 -0.184278
    89 0.678146 0.002286 0.000002 -0.000006 -0.000007 -0.088762
    90 -0.123848 0.072738 0.029507 2.898184 -0.060627 0.094835
    91 1.017166 -0.000154 -0.000252 -0.071583 0.001676 0.661968
    92 -0.344990 0.123129 0.143151 2.994981 0.012396 0.059140
    93 -0.730989 0.177046 0.039141 -0.123731 0.076518 -0.084310
    94 0.918945 0.000403 0.000087 0.000000 0.000000 0.471850
    95 -0.124023 -0.052090 0.038495 3.077813 -0.008519 0.039229
    96 1.099609 0.000007 0.000468 0.000016 0.000059 0.545759
    97 -0.330082 0.160639 0.042780 3.128073 0.034033 -0.171236
    98 0.679199 -0.000816 0.000174 0.000000 0.000000 0.674789
    99 -0.019512 -0.016531 0.038578 -2.763781 0.050305 0.076829
    100 1.019531 -0.000026 -0.000398 0.000015 0.000057 0.497121
    101 -0.155308 0.130644 -0.021921 -3.022466 0.022433 -0.024902
    102 -0.252207 0.061937 -0.024914 -0.007671 -0.063171 -0.044392
    103 -0.085995 0.185205 -0.015180 -2.937063 -0.113970 -0.138991
    104 -0.286533 0.179852 0.024264 -3.109353 -0.049645 -0.029914
    105 -0.019482 0.147083 0.079203 2.893815 0.038585 -0.060594
    106 -0.046482 0.251896 0.129548 3.016165 0.077112 -0.042864
    107 0.039124 -0.040295 0.047739 3.084219 0.030470 -0.037414
    108 -0.233757 0.066630 0.001754 -3.133087 0.040141 -0.065412
    109 0.044266 0.020131 0.001684 -2.778763 -0.118872 -0.040488
    110 0.071495 0.074128 -0.048302 -3.035917 -0.059482 0.104366
    111 0.000000 0.000000 0.000000 0.000000 0.000000 -1.570796
    112 -3.175878 -7.820551 -2.875088 -0.018611 0.001200 -1.568465
    113 0.000000 0.000000 0.000000 0.000000 0.000000 0.000000
    114 -3.160253 -18.215400 -3.273537 -0.018529 0.001207 -1.568466
    115 3.096000 0.000000 -1.996000 0.000000 0.000000 0.000000
    116 3.040999 0.000000 1.202000 0.000000 0.000000 0.000000
    117 7.854000 0.000000 -0.042000 0.000000 0.000000 0.000000
    118 13.105999 0.000000 -0.006000 0.000000 0.000000 0.000000
    119 3.456000 0.000000 -1.084000 0.000000 0.000000 0.000000
    120 1.804000 0.000000 -1.025000 0.000000 0.000000 0.000000
    121 7.098000 0.000000 -1.084000 0.000000 0.000000 0.000000
    122 -5.507225 3.309046 -1.654678 -1.263428 -0.199209 -0.467843
    123 3.740000 0.000000 1.273000 0.000000 0.000000 0.000000
    124 11.956999 0.000000 -0.006000 0.000000 0.000000 0.000000
    125 6.072001 0.000000 -1.238000 0.000000 0.000000 0.000000
    126 5.690000 -0.365000 0.068000 0.000000 -0.349029 -1.570796
    127 6.396999 0.614000 0.428000 0.000000 0.000000 0.000000
    128 3.040999 0.000000 1.202000 0.000000 0.000000 0.000000
    129 3.720000 0.000000 1.202000 0.000000 0.000000 0.000000
    130 1.086000 -0.661000 -0.149000 0.084581 0.000000 0.000000
    131 1.067000 0.589000 0.076000 -1.047226 0.000000 0.000000
    132 0.000000 -0.019000 0.000000 0.000000 0.000000 0.000000
    133 0.000000 -0.019000 0.000000 0.000000 0.000000 0.000000
    134 3.300000 -0.019000 1.346000 0.000000 0.000000 0.000000
    135 -1.524000 -1.859000 -4.367000 -1.730306 -0.014954 0.208139
    136 7.283999 0.000000 -2.195000 0.000000 0.000000 0.000000
    137 -1.323000 0.000000 0.184000 0.000000 0.000000 0.000000
    138 0.082000 0.000000 1.002000 0.000000 0.000000 0.000000
    139 -19.448553 4.382946 -60.810049 0.018615 -0.001182 -0.002374
    140 0.478000 0.000000 -4.537000 0.000000 0.000000 0.000000
    141 3.436000 0.000000 1.202000 0.000000 0.000000 0.000000
    142 3.040999 0.000000 1.202000 0.000000 0.000000 0.000000
    143 4.657000 0.000000 1.545000 0.000000 0.000000 0.000000
    144 -0.403000 0.000000 -0.011000 0.000000 0.000000 0.000000
    145 1.781000 0.000000 0.873000 0.000000 0.000000 0.000000
    146 0.384000 0.715000 0.801000 0.000000 0.000000 0.000000
    147 1.795000 0.533000 -1.550000 0.000000 0.000000 0.000000
    148 4.435999 0.595000 -0.954000 0.000000 0.000000 0.000000
    149 4.401999 -0.614000 -1.630000 0.000000 0.000000 0.000000
    150 4.203000 -0.003000 -0.048000 0.000000 0.000000 0.000000
    151 5.136000 0.000000 1.534000 0.000000 0.000000 0.000000
    152 11.957001 0.000000 -0.006000 0.000000 0.000000 0.000000
    153 -2.103001 0.000000 0.000000 0.000000 0.000000 0.000000
    154 -0.598001 0.000000 -0.011000 0.000000 0.000000 0.000000
    155 0.496000 0.184000 -3.523000 0.000000 0.000000 0.000000
    156 0.147000 0.184000 -0.328000 0.000000 0.000000 0.000000
    157 0.147000 0.184000 0.023000 0.000000 0.000000 0.000000
    158 0.147000 0.184000 0.368000 0.000000 0.000000 0.000000
    159 0.147000 0.184000 0.717000 0.000000 0.000000 0.000000
    160 0.147000 0.184000 1.067000 0.000000 0.000000 0.000000
    161 0.148000 0.184000 1.414000 0.000000 0.000000 0.000000
    162 0.148000 -0.074000 1.640000 0.000000 0.000000 0.000000
    163 0.435000 0.184000 -3.179000 0.000000 0.000000 0.000000
    164 0.378000 0.184000 -2.826000 0.000000 0.000000 0.000000
    165 0.329000 0.184000 -2.477000 0.000000 0.000000 0.000000
    166 0.286000 0.184000 -2.127000 0.000000 0.000000 0.000000
    167 0.252000 0.184000 -1.775000 0.000000 0.000000 0.000000
    168 0.215000 0.184000 -1.417000 0.000000 0.000000 0.000000
    169 0.190000 0.184000 -1.064000 0.000000 0.000000 0.000000
    170 0.166000 0.184000 -0.714000 0.000000 0.000000 0.000000
    171 1.622000 0.000000 1.568000 0.000000 0.000000 0.000000
    172 2.240000 0.000000 1.568000 0.000000 0.000000 0.000000
    173 0.000000 0.000000 0.000000 0.000000 0.000000 0.000000
    174 0.000000 0.000000 -4.867001 3.141572 -0.003206 -3.128592
    175 1.000088 -0.000029 0.000000 0.000000 0.000000 0.000000
    176 17.162518 -0.000404 0.000000 0.000000 0.000000 0.119213
    177 17.749374 0.295515 0.000000 0.000000 0.000000 -1.158956
    178 5.413528 0.000347 0.000000 0.000000 0.000000 -0.518053
    179 0.017887 0.299792 0.000000 0.000000 0.000000 -0.059581
    180 9.999889 -0.000303 0.000000 0.000000 0.000000 0.000000
    181 0.000000 0.000000 4.867000 3.141572 -0.003206 -3.128592
    182 1.000088 -0.000029 0.000000 0.000000 0.000000 0.000000
    183 12.283573 1.581455 -4.695999 1.462269 -0.086726 0.090185
    184 17.162518 -0.000404 0.000000 0.000000 0.000000 0.119213
    185 17.749374 0.295515 0.000000 0.000000 0.000000 -1.158956
    186 5.413528 0.000347 0.000000 0.000000 0.000000 -0.518053
    187 0.017887 0.299792 0.000000 0.000000 0.000000 -0.059581
    188 9.499836 0.000212 0.000000 0.000000 0.000000 0.000000
    189 -1.145525 0.000130 0.000671 0.000000 0.000000 0.000000
    190 -0.857691 0.104071 0.104687 0.023536 0.163924 0.013632
    191 3.999430 -0.000528 -0.000332 -0.265857 0.000060 0.000000
    192 0.599499 0.400698 0.000236 0.000000 0.000000 0.000000
    193 0.599886 0.400186 -0.000027 0.000000 0.000000 0.000000
    194 2.299677 -2.499979 -0.599480 0.891928 0.221512 -0.527288
    195 8.755818 0.607511 0.519598 1.244896 -0.385895 0.335197
    196 -9.580679 -27.862108 -37.184677 0.812879 -0.123459 -0.568477
    197 0.649935 -0.548296 0.093658 -1.665913 -0.131399 -0.112062
    198 1.899127 0.000427 -0.000439 0.027386 -0.033311 0.477848
    199 0.657078 0.008400 0.040375 -1.665945 -0.131407 -0.000013
    200 1.799664 -0.000240 0.000231 0.027386 -0.033311 0.477848
    201 1.799664 -0.000240 0.000231 0.027386 -0.033311 0.477848
    202 1.799664 -0.000240 0.000231 0.027386 -0.033311 0.477848
    203 0.665774 0.747222 -0.029186 -1.665935 -0.131408 0.094976
    204 1.900306 -0.000137 -0.000517 0.027386 -0.033311 0.477848
    205 4.662004 -5.366334 4.825195 1.569715 1.561305 -3.121216
    206 3.999897 0.000040 0.001007 0.163657 0.000000 0.000000
    207 0.600403 0.399632 -0.000469 0.000000 0.000000 -3.141496
    208 0.599890 0.400186 0.000031 0.000000 0.000000 -3.139640
    209 2.300137 -2.499413 0.600155 -0.892020 -0.221513 -0.527232
    210 12.101563 -3.646484 -1.237305 1.733664 0.203086 0.048277
    211 2.762354 0.116951 1.523975 1.629482 0.064153 1.743800
    212 7.228317 7.928200 -3.925652 2.328713 0.123459 -0.568477
    213 0.650396 -0.547731 -0.092976 1.665913 0.131399 -0.112062
    214 1.899441 -0.000320 -0.000150 -0.027386 0.033311 0.477848
    215 0.657068 0.008398 -0.040379 1.665945 0.131407 -0.000013
    216 1.799659 -0.000233 -0.000233 -0.027386 0.033311 0.477848
    217 1.799659 -0.000233 -0.000233 -0.027386 0.033311 0.477848
    218 1.799659 -0.000233 -0.000233 -0.027386 0.033311 0.477848
    219 0.665778 0.747222 0.029179 1.665935 0.131408 0.094976
    220 1.900722 0.000549 -0.000072 -0.027386 0.033311 0.477848
    221 4.530998 0.000000 0.000000 0.000000 0.000000 0.000000
    222 4.527344 0.000000 0.000000 0.000000 0.000000 0.000000
    223 0.000000 0.000000 0.000000 0.000000 0.000000 0.000000
    224 0.000000 0.000000 0.000000 0.000000 0.000000 0.000000
    225 4.000000 -6.500000 0.000000 0.000000 0.000000 0.000977
    226 -6.500000 0.000000 0.000000 0.000000 1.570795 0.000000
    227 19.226918 -3.160004 8.528736 -0.018611 0.001199 0.002331
    228 0.280000 -0.135000 2.196999 1.570796 0.000000 -1.570735
    229 0.000000 0.000000 0.000000 0.000000 0.000000 0.000000
    230 0.000000 0.000000 0.000000 0.002960 0.003979 -0.012871
    231 0.106000 0.000000 -64.320000 0.000000 0.000000 0.000000
    232 0.000000 0.000000 0.000000 0.000000 0.000000 0.000000
    233 -0.106000 0.000000 64.320000 0.000000 0.000000 0.000000
    234 0.003042 -0.001328 -64.319374 0.000009 0.000084 -3.141638
    235 -30.813440 -4.484512 4.054811 0.648315 -0.593753 0.164261
    236 1.688000 -0.001000 -1.454002 0.000000 0.000000 0.000000
    237 -1.070999 -0.005000 0.545002 0.000000 0.000000 0.000000
    238 5.895000 0.750997 -0.156000 0.000000 0.000000 0.000000
    239 11.599999 -0.000003 -1.500002 0.000000 0.000000 0.000000
    240 1.037001 1.337997 -4.334000 -2.791227 -0.162411 -0.765711
    241 7.216001 -0.000003 -1.579000 0.000000 0.000000 0.000000
    242 4.445999 -0.000003 -1.500000 0.000000 0.000000 0.000000
    243 0.673937 -0.015635 -4.768713 -3.141592 -1.281051 3.141593
    244 0.094999 -0.144000 0.332001 0.000000 0.000000 0.000000
    245 14.209020 0.000022 0.766988 0.000000 0.000000 0.000000
    246 0.000000 0.000000 0.000000 1.570800 0.000000 -1.570796
  time 10
    0 0.000000 0.000000 0.000000 0.000000 0.000000 -1.570796
    1 -0.106384 0.000000 -0.000198 0.000000 0.000000 0.000000
    2 0.000000 0.000000 0.000000 0.000000 0.000000 0.000000
    3 -0.904000 0.000000 -11.806000 0.000000 0.000000 0.000000
    4 0.000000 0.000000 -14.313999 1.571297 -1.570750 0.000000
    5 3.533001 0.000000 0.000000 0.000000 0.000000 0.000000
    6 6.250000 0.000000 0.000000 0.000000 0.000000 0.000000
    7 9.568951 7.633070 -1.944020 -1.545328 1.187827 -1.547138
    8 9.561138 5.304874 2.069036 -1.558404 -1.035275 1.557642
    9 5.786820 0.002787 -0.000113 -0.739912 0.317980 -1.151554
    10 5.999492 -0.000592 -4.000343 0.000000 0.000000 0.000000
    11 5.787410 0.002582 0.000893 1.003001 -0.721989 -1.838904
    12 5.999492 -0.000592 4.000340 0.000000 0.000000 0.000000
    13 0.500225 0.000133 -0.000084 0.043812 0.000000 0.000024
    14 11.530657 0.000349 -0.001308 -0.000041 0.000057 -1.259858
    15 -0.829338 0.893824 0.079659 -0.148839 0.047645 0.087266
    16 0.500225 0.000132 0.000072 0.016486 0.000000 0.000000
    17 11.532495 0.000526 -0.000093 0.000042 0.000038 -1.605591
    18 -0.829586 0.894698 -0.079468 0.045377 -0.019621 0.087266
    19 10.599886 0.000105 -0.000553 -0.264749 0.000000 0.000000
    20 0.264201 -0.361121 -0.000805 0.000048 -0.000013 0.628767
    21 11.042053 -0.000189 0.000798 -0.529476 -0.040556 0.536692
    22 -11.814724 0.424524 -0.297680 0.247998 -0.066121 -0.042695
    23 10.599878 0.000105 0.000549 0.117004 -0.000060 0.000048
    24 0.513184 -0.495117 0.000699 0.000000 0.000000 0.802658
    25 11.041739 0.003170 -0.000568 0.231760 -0.068479 0.757731
    26 -11.663242 0.094713 0.140656 -0.068591 0.018527 -0.015099
    27 0.610300 -0.939470 0.070347 -1.655699 -0.173791 -0.172752
    28 0.639938 -0.199121 0.060192 -1.665955 -0.131350 -0.066457
    29 0.600155 1.080260 -0.339535 -1.749852 0.144521 0.006595
    30 0.610207 0.400743 -0.010098 -1.761945 0.013683 0.028119
    31 0.630809 -0.690091 -0.232343 0.289153 -0.080162 -1.029103
    32 -0.792125 0.203736 0.461304 1.439074 -0.003453 -0.018305
    33 0.610300 -0.939469 -0.070354 1.655346 0.140067 -0.175508
    34 0.639938 -0.199121 -0.060200 1.666009 0.131431 -0.066278
    35 0.600157 1.080260 0.339531 1.741683 -0.204071 0.076022
    36 0.610205 0.400743 0.010086 1.762004 -0.015356 0.028098
    37 0.629883 -0.689453 0.230347 -1.014704 -0.861531 -0.665916
    38 -0.626031 -0.069982 -0.080517 -1.447153 0.086151 0.021559
    39 2.621377 -0.002532 -0.001438 0.031860 -0.207600 -0.092946
    40 2.660837 0.000397 -0.000071 -0.000977 -0.095437 -0.157694
    41 2.202488 0.003364 -0.002863 -0.233513 -0.140427 -0.169907
    42 0.599950 0.959236 -0.300102 -0.174544 0.000000 0.000000
    43 2.557190 -0.001967 0.002453 -0.185411 -0.205124 -0.117115
    44 2.098929 0.000032 -0.002193 -0.548952 0.105142 0.723237
    45 0.999378 -0.000238 -1.057021 0.000000 0.000000 0.000000
    46 -0.122641 -0.721855 0.661686 -0.486644 0.223964 0.243056
    47 2.619141 0.000142 -0.000401 -0.053005 0.086821 -0.048204
    48 2.657909 0.004593 -0.000533 0.200435 0.214755 1.264756
    49 2.199219 0.000515 -0.000121 0.236759 0.017677 1.474191
    50 0.599949 0.959244 0.300102 0.174544 0.000000 0.000000
    51 2.558594 -0.000149 -0.000030 0.236782 0.177167 1.399644
    52 2.097656 -0.000096 -0.000402 0.124873 -0.418761 0.877099
    53 0.999512 -0.000598 1.493164 0.000000 0.000000 0.946948
    54 0.310848 -0.606446 -0.498005 0.308107 -0.197598 0.313975
    55 1.869163 -0.000835 -0.000994 -0.000007 -0.000008 0.165697
    56 1.200941 0.399582 -0.000237 -0.009465 0.016087 0.007127
    57 0.000586 0.100342 -0.000319 -0.120035 -0.021926 -0.209617
    58 -0.161663 0.051712 0.194808 -2.941982 0.122408 -0.060194
    59 2.010090 -0.003202 -0.003377 0.000006 -0.000035 0.086244
    60 0.000237 0.099800 -0.000395 -0.018823 0.010833 -0.239219
    61 -0.203197 0.048607 0.069150 -3.093332 0.033217 -0.046722
    62 1.180426 -0.002312 0.000781 -0.000002 0.000012 0.081147
    63 -0.000196 0.099625 -0.000034 0.000000 0.000000 -0.314102
    64 -0.088737 -0.688435 -0.145203 2.930407 -0.136130 0.513013
    65 1.712069 0.000578 -0.000088 -0.071669 0.001657 0.269946
    66 -0.000576 0.100143 -0.000311 -0.010914 0.023131 -0.260843
    67 -0.146027 -0.232426 -0.014225 3.028455 -0.094299 0.113020
    68 1.290634 0.000361 -0.000036 -0.232082 -0.040292 0.656714
    69 -0.658119 -0.003576 0.072643 -0.142711 0.027792 -0.077299
    70 1.867188 -0.000058 0.000522 0.000000 0.000000 1.450175
    71 1.200075 0.399942 -0.000093 0.009465 -0.016087 0.007127
    72 0.000589 0.100342 0.000319 0.120035 0.021926 -0.209617
    73 0.068073 0.002283 -0.080050 3.111376 -0.069366 -0.060847
    74 2.007813 -0.000883 -0.000381 0.000047 -0.000039 1.379088
    75 0.000233 0.099800 0.000395 0.018823 -0.010833 -0.239219
    76 -0.018673 -0.001009 0.047544 3.109244 0.002635 -0.106673
    77 1.178665 0.001595 0.000845 0.000000 0.000000 0.743988
    78 -0.000196 0.099628 0.000034 0.000000 0.000000 -0.314102
    79 0.036894 -0.634449 0.266284 -2.801062 0.174301 0.490915
    80 1.708008 0.000721 0.000199 0.000000 0.000000 1.160581
    81 -0.000580 0.100140 0.000311 0.010914 -0.023131 -0.260843
    82 -0.003952 -0.281811 0.115047 -3.059162 0.089004 0.167964
    83 1.290039 0.000363 -0.000045 -0.000058 0.000020 0.672665
    84 -0.171526 -0.018150 -0.099873 0.013484 -0.062184 -0.011781
    85 0.916622 0.003336 0.001326 -0.003733 0.002453 -0.122160
    86 -0.342617 0.053402 -0.025571 -2.909301 -0.017248 0.075276
    87 1.100231 -0.000928 -0.002434 -0.000003 0.000062 -0.248674
    88 -0.384979 0.331001 0.006848 -3.087207 -0.018765 -0.184278
    89 0.678146 0.002286 0.000002 -0.000006 -0.000007 -0.093203
    90 -0.123848 0.072738 0.029507 2.898184 -0.060627 0.094835
    91 1.017166 -0.000154 -0.000252 -0.071619 0.001676 0.658558
    92 -0.344990 0.123129 0.143151 2.994981 0.012396 0.059140
    93 -0.730989 0.177046 0.039141 -0.123731 0.076518 -0.084310
    94 0.918945 0.000403 0.000087 0.000000 0.000000 0.471850
    95 -0.124023 -0.052090 0.038495 3.077813 -0.008519 0.039229
    96 1.099609 0.000007 0.000468 0.000016 0.000059 0.545759
    97 -0.330082 0.160639 0.042780 3.128073 0.034033 -0.171236
    98 0.679199 -0.000816 0.000174 0.000000 0.000000 0.674789
    99 -0.019512 -0.016531 0.038578 -2.763781 0.050305 0.076829
    100 1.019531 -0.000026 -0.000398 0.000015 0.000057 0.497121
    101 -0.155308 0.130644 -0.021921 -3.022466 0.022433 -0.024902
    102 -0.252207 0.061937 -0.024914 -0.007671 -0.063171 -0.044392
    103 -0.085995 0.185205 -0.015180 -2.937063 -0.113970 -0.138991
    104 -0.286533 0.179852 0.024264 -3.109353 -0.049645 -0.029914
    105 -0.019482 0.147083 0.079203 2.893815 0.038585 -0.060594
    106 -0.046482 0.251896 0.129548 3.016165 0.077112 -0.042864
    107 0.039124 -0.040295 0.047739 3.084219 0.030470 -0.037414
    108 -0.233757 0.066630 0.001754 -3.133087 0.040141 -0.065412
    109 0.044266 0.020131 0.001684 -2.778763 -0.118872 -0.040488
    110 0.071495 0.074128 -0.048302 -3.035917 -0.059482 0.104366
    111 0.000000 0.000000 0.000000 0.000000 0.000000 -1.570796
    112 -3.148534 -7.824458 -2.871181 -0.032679 0.002399 -1.568652
    113 0.000000 0.000000 0.000000 0.000000 0.000000 0.000000
    114 -3.140721 -18.219306 -3.285257 -0.032632 0.002415 -1.568652
    115 3.096000 0.000000 -1.996000 0.000000 0.000000 0.000000
    116 3.040999 0.000000 1.202000 0.000000 0.000000 0.000000
    117 7.854000 0.000000 -0.042000 0.000000 0.000000 0.000000
    118 13.105999 0.000000 -0.006000 0.000000 0.000000 0.000000
    119 3.456000 0.000000 -1.084000 0.000000 0.000000 0.000000
    120 1.804000 0.000000 -1.025000 0.000000 0.000000 0.000000
    121 7.098000 0.000000 -1.084000 0.000000 0.000000 0.000000
    122 -5.507225 3.309046 -1.685929 -1.270731 -0.202907 -0.466182
    123 3.740000 0.000000 1.273000 0.000000 0.000000 0.000000
    124 11.956999 0.000000 -0.006000 0.000000 0.000000 0.000000
    125 6.072001 0.000000 -1.238000 0.000000 0.000000 0.000000
    126 5.690000 -0.365000 0.068000 0.000000 -0.349029 -1.570796
    127 6.396999 0.614000 0.428000 0.000000 0.000000 0.000000
    128 3.040999 0.000000 1.202000 0.000000 0.000000 0.000000
    129 3.720000 0.000000 1.202000 0.000000 0.000000 0.000000
    130 1.086000 -0.661000 -0.149000 0.505142 0.000012 -0.000048
    131 1.067000 0.589000 0.076000 -1.047226 0.000000 0.000000
    132 0.000000 -0.019000 0.000000 0.000000 0.000000 0.000000
    133 0.000000 -0.019000 0.000000 0.000000 0.000000 0.000000
    134 3.300000 -0.019000 1.346000 0.000000 0.000000 0.000000
    135 -1.524000 -1.859000 -4.367000 -1.730306 -0.014954 0.208139
    136 7.283999 0.000000 -2.195000 0.000000 0.000000 0.000000
    137 -1.323000 0.000000 0.184000 0.000000 0.000000 0.000000
    138 0.082000 0.000000 1.002000 0.000000 0.000000 0.000000
    139 -19.386051 5.218909 -60.767079 0.032671 -0.002317 -0.002279
    140 0.478000 0.000000 -4.537000 0.000000 0.000000 0.000000
    141 3.436000 0.000000 1.202000 0.000000 0.000000 0.000000
    142 3.040999 0.000000 1.202000 0.000000 0.000000 0.000000
    143 4.657000 0.000000 1.545000 0.000000 0.000000 0.000000
    144 -0.403000 0.000000 -0.011000 0.000000 0.000000 0.000000
    145 1.781000 0.000000 0.873000 0.000000 0.000000 0.000000
    146 0.384000 0.715000 0.801000 0.000000 0.000000 0.000000
    147 1.795000 0.533000 -1.550000 0.000000 0.000000 0.000000
    148 4.435999 0.595000 -0.954000 0.000000 0.000000 0.000000
    149 4.401999 -0.614000 -1.630000 0.000000 0.000000 0.000000
    150 4.203000 -0.003000 -0.048000 0.000000 0.000000 0.000000
    151 5.136000 0.000000 1.534000 0.000000 0.000000 0.000000
    152 11.957001 0.000000 -0.006000 0.000000 0.000000 0.000000
    153 -2.103001 0.000000 0.000000 0.000000 0.000000 0.000000
    154 -0.598001 0.000000 -0.011000 0.000000 0.000000 0.000000
    155 0.496000 0.184000 -3.523000 0.000000 0.000000 0.000000
    156 0.147000 0.184000 -0.328000 0.000000 0.000000 0.000000
    157 0.147000 0.184000 0.023000 0.000000 0.000000 0.000000
    158 0.147000 0.184000 0.368000 0.000000 0.000000 0.000000
    159 0.147000 0.184000 0.717000 0.000000 0.000000 0.000000
    160 0.147000 0.184000 1.067000 0.000000 0.000000 0.000000
    161 0.148000 0.184000 1.414000 0.000000 0.000000 0.000000
    162 0.148000 -0.074000 1.640000 0.000000 0.000000 0.000000
    163 0.435000 0.184000 -3.179000 0.000000 0.000000 0.000000
    164 0.378000 0.184000 -2.826000 0.000000 0.000000 0.000000
    165 0.329000 0.184000 -2.477000 0.000000 0.000000 0.000000
    166 0.286000 0.184000 -2.127000 0.000000 0.000000 0.000000
    167 0.252000 0.184000 -1.775000 0.000000 0.000000 0.000000
    168 0.215000 0.184000 -1.417000 0.000000 0.000000 0.000000
    169 0.190000 0.184000 -1.064000 0.000000 0.000000 0.000000
    170 0.166000 0.184000 -0.714000 0.000000 0.000000 0.000000
    171 1.622000 0.000000 1.568000 0.000000 0.000000 0.000000
    172 2.240000 0.000000 1.568000 0.000000 0.000000 0.000000
    173 0.000000 0.000000 0.000000 0.000000 0.000000 0.000000
    174 0.000000 0.000000 -4.867001 3.141572 -0.003206 -3.128592
    175 1.000088 -0.000029 0.000000 0.000000 0.000000 0.000000
    176 17.162518 -0.000404 0.000000 0.000000 0.000000 0.119213
    177 17.749374 0.295515 0.000000 0.000000 0.000000 -1.158956
    178 5.413528 0.000347 0.000000 0.000000 0.000000 -0.518053
    179 0.017887 0.299792 0.000000 0.000000 0.000000 -0.059581
    180 9.999889 -0.000303 0.000000 0.000000 0.000000 0.000000
    181 0.000000 0.000000 4.867000 3.141572 -0.003206 -3.128592
    182 1.000088 -0.000029 0.000000 0.000000 0.000000 0.000000
    183 12.283573 1.581455 -4.695999 1.462269 -0.086726 0.090185
    184 17.162518 -0.000404 0.000000 0.000000 0.000000 0.119213
    185 17.749374 0.295515 0.000000 0.000000 0.000000 -1.158956
    186 5.413528 0.000347 0.000000 0.000000 0.000000 -0.518053
    187 0.017887 0.299792 0.000000 0.000000 0.000000 -0.059581
    188 9.499836 0.000212 0.000000 0.000000 0.000000 0.000000
    189 -1.145525 0.000130 0.000671 0.000000 0.000000 0.000000
    190 -0.857691 0.104071 0.104687 0.023536 0.163924 0.013632
    191 3.999430 -0.000528 -0.000332 -0.295501 0.000000 0.000000
    192 0.599499 0.400698 0.000236 0.000000 0.000000 0.000000
    193 0.599886 0.400186 -0.000027 0.000000 0.000000 0.000000
    194 2.299677 -2.499979 -0.599480 0.891928 0.221512 -0.527288
    195 8.767537 0.611417 0.492254 1.252933 -0.385678 0.335197
    196 -9.580679 -27.862108 -37.184677 0.812879 -0.123459 -0.568477
    197 0.649935 -0.548296 0.093658 -1.665913 -0.131399 -0.112062
    198 1.899127 0.000427 -0.000439 0.027386 -0.033311 0.477848
    199 0.657078 0.008400 0.040375 -1.665945 -0.131407 -0.000013
    200 1.799664 -0.000240 0.000231 0.027386 -0.033311 0.477848
    201 1.799664 -0.000240 0.000231 0.027386 -0.033311 0.477848
    202 1.799664 -0.000240 0.000231 0.027386 -0.033311 0.477848
    203 0.665774 0.747222 -0.029186 -1.665935 -0.131408 0.094976
    204 1.900306 -0.000137 -0.000517 0.027386 -0.033311 0.477848
    205 4.662004 -5.366334 4.825195 1.569715 1.561305 -3.121216
    206 3.999897 0.000040 0.001007 0.161604 0.000000 0.000000
    207 0.600403 0.399632 -0.000469 0.000000 0.000000 -3.141496
    208 0.599890 0.400186 0.000031 0.000000 0.000000 -3.139640
    209 2.300137 -2.499413 0.600155 -0.892020 -0.221513 -0.527232
    210 12.101563 -3.646484 -1.237305 1.733664 0.203086 0.048277
    211 2.762354 0.116951 1.523975 1.629482 0.064153 1.743800
    212 7.228317 7.928200 -3.925652 2.328713 0.123459 -0.568477
    213 0.650396 -0.547731 -0.092976 1.665913 0.131399 -0.112062
    214 1.899441 -0.000320 -0.000150 -0.027386 0.033311 0.477848
    215 0.657068 0.008398 -0.040379 1.665945 0.131407 -0.000013
    216 1.799659 -0.000233 -0.000233 -0.027386 0.033311 0.477848
    217 1.799659 -0.000233 -0.000233 -0.027386 0.033311 0.477848
    218 1.799659 -0.000233 -0.000233 -0.027386 0.033311 0.477848
    219 0.665778 0.747222 0.029179 1.665935 0.131408 0.094976
    220 1.900722 0.000549 -0.000072 -0.027386 0.033311 0.477848
    221 4.530998 0.000000 0.000000 0.000000 0.000000 0.000000
    222 4.527344 0.000000 0.000000 0.000000 0.000000 0.000000
    223 0.000000 0.000000 0.000000 0.000000 0.000000 0.000000
    224 0.000000 0.000000 0.000000 0.000000 0.000000 0.000000
    225 4.000000 -6.500000 0.000000 0.000000 0.000000 0.000977
    226 -6.500000 0.000000 0.000000 0.000000 1.570795 0.000000
    227 19.226918 -3.140472 8.517017 -0.032679 0.002399 0.002144
    228 0.280000 -0.135000 2.196999 1.570796 0.000000 -1.570735
    229 0.000000 0.000000 0.000000 0.000000 0.000000 0.000000
    230 0.000000 0.000000 0.000000 0.018996 0.006520 -0.012260
    231 0.106000 0.000000 -64.320000 0.000000 0.000000 0.000000
    232 0.000000 0.000000 0.000000 0.000000 0.000000 0.000000
    233 -0.106000 0.000000 64.320000 0.000000 0.000000 0.000000
    234 0.003042 -0.001328 -64.319374 0.000009 0.000084 -3.141638
    235 -30.813440 -4.484512 4.054811 0.648315 -0.593753 0.164261
    236 1.688000 -0.001000 -1.454002 0.000000 0.000000 0.000000
    237 -1.070999 -0.005000 0.545002 0.000000 0.000000 0.000000
    238 5.895000 0.750997 -0.156000 0.000000 0.000000 0.000000
    239 11.599999 -0.000003 -1.500002 0.000000 0.000000 0.000000
    240 1.037001 1.337997 -4.334000 -2.791227 -0.162411 -0.765711
    241 7.216001 -0.000003 -1.579000 0.000000 0.000000 0.000000
    242 4.445999 -0.000003 -1.500000 0.000000 0.000000 0.000000
    243 0.673937 -0.015635 -4.768713 -3.141592 -1.281051 3.141593
    244 0.094999 -0.144000 0.332001 0.000000 0.000000 0.000000
    245 14.209020 0.000022 0.766988 0.000000 0.000000 0.000000
    246 0.000000 0.000000 0.000000 1.570800 0.000000 -1.570796
  time 11
    0 0.000000 0.000000 0.000000 0.000000 0.000000 -1.570796
    1 -0.106384 0.000000 -0.000198 0.000000 0.000000 0.000000
    2 0.000000 0.000000 0.000000 0.000000 0.000000 0.000000
    3 -0.904000 0.000000 -11.806000 0.000000 0.000000 0.000000
    4 0.000000 0.000000 -14.313999 1.571297 -1.570750 0.000000
    5 3.533001 0.000000 0.000000 0.000000 0.000000 0.000000
    6 6.250000 0.000000 0.000000 0.000000 0.000000 0.000000
    7 9.568951 7.633070 -1.944020 -1.545328 1.187827 -1.547138
    8 9.568951 5.304874 2.069036 -1.555191 -1.034984 1.554481
    9 5.786820 0.002787 -0.000113 -0.704161 0.301343 -1.136326
    10 5.999492 -0.000592 -4.000343 0.000000 0.000000 0.000000
    11 5.787410 0.002582 0.000893 1.000558 -0.721283 -1.838179
    12 5.999492 -0.000592 4.000340 0.000000 0.000000 0.000000
    13 0.500225 0.000133 -0.000084 0.019336 0.000000 0.000060
    14 11.530657 0.000349 -0.001308 -0.000053 -0.000027 -1.259704
    15 -0.829338 0.893824 0.079659 -0.148839 0.047645 0.087266
    16 0.500225 0.000132 0.000072 0.016486 0.000000 0.000000
    17 11.532495 0.000526 -0.000093 0.000042 0.000038 -1.605268
    18 -0.829586 0.894698 -0.079468 0.045377 -0.019621 0.087266
    19 10.599886 0.000105 -0.000553 -0.282184 0.000000 0.000000
    20 0.268107 -0.365027 -0.000805 0.000060 -0.000013 0.629883
    21 11.042053 -0.000189 0.000798 -0.564427 -0.042348 0.538888
    22 -11.814724 0.424524 -0.297680 0.247998 -0.066121 -0.042695
    23 10.599878 0.000105 0.000549 0.116392 -0.000060 0.000048
    24 0.513184 -0.495117 0.000699 0.000000 0.000000 0.802658
    25 11.041739 0.003170 -0.000568 0.232226 -0.067734 0.757801
    26 -11.663242 0.094713 0.140656 -0.068591 0.018527 -0.015099
    27 0.610300 -0.939470 0.070347 -1.655699 -0.173660 -0.172788
    28 0.639938 -0.199121 0.060192 -1.665955 -0.131350 -0.066457
    29 0.600155 1.080260 -0.339535 -1.750170 0.146152 0.005216
    30 0.610207 0.400743 -0.010098 -1.761945 0.014379 0.027987
    31 0.630809 -0.690091 -0.232343 0.304535 -0.083707 -1.034175
    32 -0.792125 0.203736 0.461304 1.439074 -0.003453 -0.018305
    33 0.610300 -0.939469 -0.070354 1.655346 0.140067 -0.175496
    34 0.639938 -0.199121 -0.060200 1.666009 0.131431 -0.066278
    35 0.600157 1.080260 0.339531 1.741683 -0.204071 0.076022
    36 0.610205 0.400743 0.010086 1.762004 -0.015356 0.028098
    37 0.629883 -0.689453 0.230347 -1.014704 -0.861531 -0.665916
    38 -0.626031 -0.069982 -0.080517 -1.447153 0.086151 0.021559
    39 2.621377 -0.002532 -0.001438 0.032054 -0.211605 -0.094693
    40 2.660837 0.000397 -0.000071 -0.001525 -0.095754 -0.152330
    41 2.202488 0.003364 -0.002863 -0.237024 -0.138879 -0.179544
    42 0.599950 0.959236 -0.300102 -0.174544 0.000000 0.000000
    43 2.557190 -0.001967 0.002453 -0.188076 -0.203494 -0.123754
    44 2.098929 0.000032 -0.002193 -0.550435 0.103735 0.718041
    45 0.999378 -0.000238 -1.057021 0.000000 0.000000 0.000000
    46 -0.122641 -0.721855 0.661686 -0.486644 0.223964 0.243056
    47 2.619141 0.000142 -0.000401 -0.053005 0.086821 -0.048204
    48 2.657909 0.004593 -0.000533 0.200435 0.214755 1.264756
    49 2.199219 0.000515 -0.000121 0.236759 0.017677 1.474191
    50 0.599949 0.959244 0.300102 0.174544 0.000000 0.000000
    51 2.558594 -0.000149 -0.000030 0.236782 0.177167 1.399644
    52 2.097656 -0.000096 -0.000402 0.124873 -0.418761 0.877099
    53 0.999512 -0.000598 1.493164 0.000000 0.000000 0.946948
    54 0.310848 -0.606446 -0.498005 0.308107 -0.197598 0.313975
    55 1.869163 -0.000835 -0.000994 -0.000007 0.000003 0.163337
    56 1.200941 0.399582 -0.000237 -0.009465 0.016087 0.007127
    57 0.000586 0.100342 -0.000319 -0.120035 -0.021926 -0.209617
    58 -0.161663 0.051712 0.194808 -2.941982 0.122408 -0.060194
    59 2.010090 -0.003202 -0.003377 0.000006 -0.000059 0.089366
    60 0.000237 0.099800 -0.000395 -0.018823 0.010833 -0.239219
    61 -0.203197 0.048607 0.069150 -3.093332 0.033217 -0.046722
    62 1.180426 -0.002312 0.000781 -0.000002 0.000000 0.074065
    63 -0.000196 0.099625 -0.000034 0.000000 0.000000 -0.314102
    64 -0.088737 -0.688435 -0.145203 2.930407 -0.136130 0.513013
    65 1.712069 0.000578 -0.000088 -0.071633 0.001657 0.261640
    66 -0.000576 0.100143 -0.000311 -0.010914 0.023131 -0.260843
    67 -0.146027 -0.232426 -0.014225 3.028455 -0.094299 0.113020
    68 1.290634 0.000361 -0.000036 -0.231255 -0.022184 0.705033
    69 -0.658119 -0.003576 0.072643 -0.142711 0.027792 -0.077299
    70 1.867188 -0.000058 0.000522 0.000000 0.000000 1.450175
    71 1.200075 0.399942 -0.000093 0.009465 -0.016087 0.007127
    72 0.000589 0.100342 0.000319 0.120035 0.021926 -0.209617
    73 0.068073 0.002283 -0.080050 3.111376 -0.069366 -0.060847
    74 2.007813 -0.000883 -0.000381 0.000047 -0.000039 1.379088
    75 0.000233 0.099800 0.000395 0.018823 -0.010833 -0.239219
    76 -0.018673 -0.001009 0.047544 3.109244 0.002635 -0.106673
    77 1.178665 0.001595 0.000845 0.000000 0.000000 0.743988
    78 -0.000196 0.099628 0.000034 0.000000 0.000000 -0.314102
    79 0.036894 -0.634449 0.266284 -2.801062 0.174301 0.490915
    80 1.708008 0.000721 0.000199 0.000000 0.000000 1.160581
    81 -0.000580 0.100140 0.000311 0.010914 -0.023131 -0.260843
    82 -0.003952 -0.281811 0.115047 -3.059162 0.089004 0.167964
    83 1.290039 0.000363 -0.000045 -0.000058 0.000020 0.672665
    84 -0.171526 -0.018150 -0.099873 0.013484 -0.062184 -0.011781
    85 0.916622 0.003336 0.001326 -0.003757 0.002405 -0.124529
    86 -0.342617 0.053402 -0.025571 -2.909301 -0.017248 0.075276
    87 1.100231 -0.000928 -0.002434 -0.000003 0.000050 -0.240841
    88 -0.384979 0.331001 0.006848 -3.087207 -0.018765 -0.184278
    89 0.678146 0.002286 0.000002 -0.000006 -0.000007 -0.097645
    90 -0.123848 0.072738 0.029507 2.898184 -0.060627 0.094835
    91 1.017166 -0.000154 -0.000252 -0.071643 0.001664 0.655148
    92 -0.344990 0.123129 0.143151 2.994981 0.012396 0.059140
    93 -0.730989 0.177046 0.039141 -0.123731 0.076518 -0.084310
    94 0.918945 0.000403 0.000087 0.000000 0.000000 0.471850
    95 -0.124023 -0.052090 0.038495 3.077813 -0.008519 0.039229
    96 1.099609 0.000007 0.000468 0.000016 0.000059 0.545759
    97 -0.330082 0.160639 0.042780 3.128073 0.034033 -0.171236
    98 0.679199 -0.000816 0.000174 0.000000 0.000000 0.674789
    99 -0.019512 -0.016531 0.038578 -2.763781 0.050305 0.076829
    100 1.019531 -0.000026 -0.000398 0.000015 0.000057 0.497121
    101 -0.155308 0.130644 -0.021921 -3.022466 0.022433 -0.024902
    102 -0.252207 0.061937 -0.024914 -0.007671 -0.063171 -0.044392
    103 -0.085995 0.185205 -0.015180 -2.937063 -0.113970 -0.138991
    104 -0.286533 0.179852 0.024264 -3.109353 -0.049645 -0.029914
    105 -0.019482 0.147083 0.079203 2.893815 0.038585 -0.060594
    106 -0.046482 0.251896 0.129548 3.016165 0.077112 -0.042864
    107 0.039124 -0.040295 0.047739 3.084219 0.030470 -0.037414
    108 -0.233757 0.066630 0.001754 -3.133087 0.040141 -0.065412
    109 0.044266 0.020131 0.001684 -2.778763 -0.118872 -0.040488
    110 0.071495 0.074128 -0.048302 -3.035917 -0.059482 0.104366
    111 0.000000 0.000000 0.000000 0.000000 0.000000 -1.570796
    112 -3.129002 -7.824458 -2.875088 -0.035825 0.002888 -1.568838
    113 0.000000 0.000000 0.000000 0.000000 0.000000 0.000000
    114 -3.121189 -18.219306 -3.293069 -0.035766 0.002862 -1.568838
    115 3.096000 0.000000 -1.996000 0.000000 0.000000 0.000000
    116 3.040999 0.000000 1.202000 0.000000 0.000000 0.000000
    117 7.854000 0.000000 -0.042000 0.000000 0.000000 0.000000
    118 13.105999 0.000000 -0.006000 0.000000 0.000000 0.000000
    119 3.456000 0.000000 -1.084000 0.000000 0.000000 0.000000
    120 1.804000 0.000000 -1.025000 0.000000 0.000000 0.000000
    121 7.098000 0.000000 -1.084000 0.000000 0.000000 0.000000
    122 -5.507225 3.309046 -1.666397 -1.264444 -0.199829 -0.467556
    123 3.740000 0.000000 1.273000 0.000000 0.000000 0.000000
    124 11.956999 0.000000 -0.006000 0.000000 0.000000 0.000000
    125 6.072001 0.000000 -1.238000 0.000000 0.000000 0.000000
    126 5.690000 -0.365000 0.068000 0.000000 -0.349029 -1.570796
    127 6.396999 0.614000 0.428000 0.000000 0.000000 0.000000
    128 3.040999 0.000000 1.202000 0.000000 0.000000 0.000000
    129 3.720000 0.000000 1.202000 0.000000 0.000000 0.000000
    130 1.086000 -0.661000 -0.149000 1.125171 0.000036 0.000000
    131 1.067000 0.589000 0.076000 -1.047226 0.000000 0.000000
    132 0.000000 -0.019000 0.000000 0.000000 0.000000 0.000000
    133 0.000000 -0.019000 0.000000 0.000000 0.000000 0.000000
    134 3.300000 -0.019000 1.346000 0.000000 0.000000 0.000000
    135 -1.524000 -1.859000 -4.367000 -1.730306 -0.014954 0.208139
    136 7.283999 0.000000 -2.195000 0.000000 0.000000 0.000000
    137 -1.323000 0.000000 0.184000 0.000000 0.000000 0.000000
    138 0.082000 0.000000 1.002000 0.000000 0.000000 0.000000
    139 -19.354800 5.414228 -60.751453 0.035805 -0.002790 -0.002089
    140 0.478000 0.000000 -4.537000 0.000000 0.000000 0.000000
    141 3.436000 0.000000 1.202000 0.000000 0.000000 0.000000
    142 3.040999 0.000000 1.202000 0.000000 0.000000 0.000000
    143 4.657000 0.000000 1.545000 0.000000 0.000000 0.000000
    144 -0.403000 0.000000 -0.011000 0.000000 0.000000 0.000000
    145 1.781000 0.000000 0.873000 0.000000 0.000000 0.000000
    146 0.384000 0.715000 0.801000 0.000000 0.000000 0.000000
    147 1.795000 0.533000 -1.550000 0.000000 0.000000 0.000000
    148 4.435999 0.595000 -0.954000 0.000000 0.000000 0.000000
    149 4.401999 -0.614000 -1.630000 0.000000 0.000000 0.000000
    150 4.203000 -0.003000 -0.048000 0.000000 0.000000 0.000000
    151 5.136000 0.000000 1.534000 0.000000 0.000000 0.000000
    152 11.957001 0.000000 -0.006000 0.000000 0.000000 0.000000
    153 -2.103001 0.000000 0.000000 0.000000 0.000000 0.000000
    154 -0.598001 0.000000 -0.011000 0.000000 0.000000 0.000000
    155 0.496000 0.184000 -3.523000 0.000000 0.000000 0.000000
    156 0.147000 0.184000 -0.328000 0.000000 0.000000 0.000000
    157 0.147000 0.184000 0.023000 0.000000 0.000000 0.000000
    158 0.147000 0.184000 0.368000 0.000000 0.000000 0.000000
    159 0.147000 0.184000 0.717000 0.000000 0.000000 0.000000
    160 0.147000 0.184000 1.067000 0.000000 0.000000 0.000000
    161 0.148000 0.184000 1.414000 0.000000 0.000000 0.000000
    162 0.148000 -0.074000 1.640000 0.000000 0.000000 0.000000
    163 0.435000 0.184000 -3.179000 0.000000 0.000000 0.000000
    164 0.378000 0.184000 -2.826000 0.000000 0.000000 0.000000
    165 0.329000 0.184000 -2.477000 0.000000 0.000000 0.000000
    166 0.286000 0.184000 -2.127000 0.000000 0.000000 0.000000
    167 0.252000 0.184000 -1.775000 0.000000 0.000000 0.000000
    168 0.215000 0.184000 -1.417000 0.000000 0.000000 0.000000
    169 0.190000 0.184000 -1.064000 0.000000 0.000000 0.000000
    170 0.166000 0.184000 -0.714000 0.000000 0.000000 0.000000
    171 1.622000 0.000000 1.568000 0.000000 0.000000 0.000000
    172 2.240000 0.000000 1.568000 0.000000 0.000000 0.000000
    173 0.000000 0.000000 0.000000 0.000000 0.000000 0.000000
    174 0.000000 0.000000 -4.867001 3.141572 -0.003206 -3.128592
    175 1.000088 -0.000029 0.000000 0.000000 0.000000 0.000000
    176 17.162518 -0.000404 0.000000 0.000000 0.000000 0.119213
    177 17.749374 0.295515 0.000000 0.000000 0.000000 -1.158956
    178 5.413528 0.000347 0.000000 0.000000 0.000000 -0.518053
    179 0.017887 0.299792 0.000000 0.000000 0.000000 -0.059581
    180 9.999889 -0.000303 0.000000 0.000000 0.000000 0.000000
    181 0.000000 0.000000 4.867000 3.141572 -0.003206 -3.128592
    182 1.000088 -0.000029 0.000000 0.000000 0.000000 0.000000
    183 12.283573 1.581455 -4.695999 1.462269 -0.086726 0.090185
    184 17.162518 -0.000404 0.000000 0.000000 0.000000 0.119213
    185 17.749374 0.295515 0.000000 0.000000 0.000000 -1.158956
    186 5.413528 0.000347 0.000000 0.000000 0.000000 -0.518053
    187 0.017887 0.299792 0.000000 0.000000 0.000000 -0.059581
    188 9.499836 0.000212 0.000000 0.000000 0.000000 0.000000
    189 -1.145525 0.000130 0.000671 0.000000 0.000000 0.000000
    190 -0.857691 0.104071 0.104687 0.023536 0.163924 0.013632
    191 3.999430 -0.000528 -0.000332 -0.313836 0.000060 0.000000
    192 0.599499 0.400698 0.000236 0.000000 0.000000 0.000000
    193 0.599886 0.400186 -0.000027 0.000000 0.000000 0.000000
    194 2.299677 -2.499979 -0.599480 0.891928 0.221512 -0.527288
    195 8.767537 0.607511 0.511786 1.246044 -0.385764 0.335288
    196 -9.580679 -27.862108 -37.184677 0.812879 -0.123459 -0.568477
    197 0.649935 -0.548296 0.093658 -1.665913 -0.131399 -0.112062
    198 1.899127 0.000427 -0.000439 0.027386 -0.033311 0.477848
    199 0.657078 0.008400 0.040375 -1.665945 -0.131407 -0.000013
    200 1.799664 -0.000240 0.000231 0.027386 -0.033311 0.477848
    201 1.799664 -0.000240 0.000231 0.027386 -0.033311 0.477848
    202 1.799664 -0.000240 0.000231 0.027386 -0.033311 0.477848
    203 0.665774 0.747222 -0.029186 -1.665935 -0.131408 0.094976
    204 1.900306 -0.000137 -0.000517 0.027386 -0.033311 0.477848
    205 4.662004 -5.366334 4.825195 1.569715 1.561305 -3.121216
    206 3.999897 0.000040 0.001007 0.159594 0.000000 0.000000
    207 0.600403 0.399632 -0.000469 0.000000 0.000000 -3.141496
    208 0.599890 0.400186 0.000031 0.000000 0.000000 -3.139640
    209 2.300137 -2.499413 0.600155 -0.892020 -0.221513 -0.527232
    210 12.101563 -3.646484 -1.237305 1.733664 0.203086 0.048277
    211 2.762354 0.116951 1.523975 1.629482 0.064153 1.743800
    212 7.228317 7.928200 -3.925652 2.328713 0.123459 -0.568477
    213 0.650396 -0.547731 -0.092976 1.665913 0.131399 -0.112062
    214 1.899441 -0.000320 -0.000150 -0.027386 0.033311 0.477848
    215 0.657068 0.008398 -0.040379 1.665945 0.131407 -0.000013
    216 1.799659 -0.000233 -0.000233 -0.027386 0.033311 0.477848
    217 1.799659 -0.000233 -0.000233 -0.027386 0.033311 0.477848
    218 1.799659 -0.000233 -0.000233 -0.027386 0.033311 0.477848
    219 0.665778 0.747222 0.029179 1.665935 0.131408 0.094976
    220 1.900722 0.000549 -0.000072 -0.027386 0.033311 0.477848
    221 4.530998 0.000000 0.000000 0.000000 0.000000 0.000000
    222 4.527344 0.000000 0.000000 0.000000 0.000000 0.000000
    223 0.000000 0.000000 0.000000 0.000000 0.000000 0.000000
    224 0.000000 0.000000 0.000000 0.000000 0.000000 0.000000
    225 4.000000 -6.500000 0.000000 0.000000 0.000000 0.000977
    226 -6.500000 0.000000 0.000000 0.000000 1.570795 0.000000
    227 19.230824 -3.120940 8.509205 -0.035825 0.002888 0.001958
    228 0.280000 -0.135000 2.196999 1.570796 0.000000 -1.570735
    229 0.000000 0.000000 0.000000 0.000000 0.000000 0.000000
    230 0.000000 0.000000 0.000000 0.018025 0.006172 -0.011625
    231 0.106000 0.000000 -64.320000 0.000000 0.000000 0.000000
    232 0.000000 0.000000 0.000000 0.000000 0.000000 0.000000
    233 -0.106000 0.000000 64.320000 0.000000 0.000000 0.000000
    234 0.003042 -0.001328 -64.319374 0.000009 0.000084 -3.141638
    235 -30.813440 -4.484512 4.054811 0.648315 -0.593753 0.164261
    236 1.688000 -0.001000 -1.454002 0.000000 0.000000 0.000000
    237 -1.070999 -0.005000 0.545002 0.000000 0.000000 0.000000
    238 5.895000 0.750997 -0.156000 0.000000 0.000000 0.000000
    239 11.599999 -0.000003 -1.500002 0.000000 0.000000 0.000000
    240 1.037001 1.337997 -4.334000 -2.791227 -0.162411 -0.765711
    241 7.216001 -0.000003 -1.579000 0.000000 0.000000 0.000000
    242 4.445999 -0.000003 -1.500000 0.000000 0.000000 0.000000
    243 0.673937 -0.015635 -4.768713 -3.141592 -1.281051 3.141593
    244 0.094999 -0.144000 0.332001 0.000000 0.000000 0.000000
    245 14.209020 0.000022 0.766988 0.000000 0.000000 0.000000
    246 0.000000 0.000000 0.000000 1.570800 0.000000 -1.570796
  time 12
    0 0.000000 0.000000 0.000000 0.000000 0.000000 -1.570796
    1 -0.106384 0.000000 -0.000198 0.000000 0.000000 0.000000
    2 0.000000 0.000000 0.000000 0.000000 0.000000 0.000000
    3 -0.904000 0.000000 -11.806000 0.000000 0.000000 0.000000
    4 0.000000 0.000000 -14.313999 1.571297 -1.570750 0.000000
    5 3.533001 0.000000 0.000000 0.000000 0.000000 0.000000
    6 6.250000 0.000000 0.000000 0.000000 0.000000 0.000000
    7 9.568951 7.633070 -1.944020 -1.545328 1.187827 -1.547138
    8 9.572857 5.304874 2.069036 -1.558215 -1.034912 1.556492
    9 5.786820 0.002787 -0.000113 -0.672902 0.282935 -1.124143
    10 5.999492 -0.000592 -4.000343 0.000000 0.000000 0.000000
    11 5.787410 0.002582 0.000893 1.002146 -0.723401 -1.840263
    12 5.999492 -0.000592 4.000340 0.000000 0.000000 0.000000
    13 0.500225 0.000133 -0.000084 -0.000637 -0.000024 0.000000
    14 11.530657 0.000349 -0.001308 -0.000005 0.000009 -1.258247
    15 -0.829338 0.893824 0.079659 -0.148839 0.047645 0.087266
    16 0.500225 0.000132 0.000072 0.016552 0.000000 0.000000
    17 11.532495 0.000526 -0.000093 0.000042 0.000038 -1.604783
    18 -0.829586 0.894698 -0.079468 0.045377 -0.019621 0.087266
    19 10.599886 0.000105 -0.000553 -0.290397 0.000000 0.000000
    20 0.272014 -0.365027 -0.000805 0.000024 -0.000037 0.629139
    21 11.042053 -0.000189 0.000798 -0.580842 -0.033867 0.545029
    22 -11.814724 0.424524 -0.297680 0.247998 -0.066121 -0.042695
    23 10.599878 0.000105 0.000549 0.118926 -0.000060 0.000048
    24 0.513184 -0.495117 0.000699 0.000000 0.000000 0.802658
    25 11.041739 0.003170 -0.000568 0.237584 -0.065457 0.755222
    26 -11.663242 0.094713 0.140656 -0.068591 0.018527 -0.015099
    27 0.610300 -0.939470 0.070347 -1.655699 -0.173528 -0.172823
    28 0.639938 -0.199121 0.060192 -1.665955 -0.131350 -0.066457
    29 0.600155 1.080260 -0.339535 -1.750011 0.145668 0.005708
    30 0.610207 0.400743 -0.010098 -1.761945 0.015062 0.027867
    31 0.630809 -0.690091 -0.232343 0.329296 -0.090282 -1.043690
    32 -0.792125 0.203736 0.461304 1.439074 -0.003453 -0.018305
    33 0.610300 -0.939469 -0.070354 1.655346 0.140067 -0.175496
    34 0.639938 -0.199121 -0.060200 1.666009 0.131431 -0.066278
    35 0.600157 1.080260 0.339531 1.741683 -0.204071 0.076022
    36 0.610205 0.400743 0.010086 1.762004 -0.015356 0.028098
    37 0.629883 -0.689453 0.230347 -1.014704 -0.861531 -0.665916
    38 -0.626031 -0.069982 -0.080517 -1.447153 0.086151 0.021559
    39 2.621377 -0.002532 -0.001438 0.031937 -0.210270 -0.094097
    40 2.660837 0.000397 -0.000071 -0.002300 -0.095325 -0.143764
    41 2.202488 0.003364 -0.002863 -0.238672 -0.138045 -0.184427
    42 0.599950 0.959236 -0.300102 -0.174544 0.000000 0.000000
    43 2.557190 -0.001967 0.002453 -0.189408 -0.202688 -0.127012
    44 2.098929 0.000032 -0.002193 -0.553972 0.100411 0.705147
    45 0.999378 -0.000238 -1.057021 0.000000 0.000000 0.000000
    46 -0.122641 -0.721855 0.661686 -0.486644 0.223964 0.243056
    47 2.619141 0.000142 -0.000401 -0.053005 0.086821 -0.048204
    48 2.657909 0.004593 -0.000533 0.200435 0.214755 1.264756
    49 2.199219 0.000515 -0.000121 0.236759 0.017677 1.474191
    50 0.599949 0.959244 0.300102 0.174544 0.000000 0.000000
    51 2.558594 -0.000149 -0.000030 0.236782 0.177167 1.399644
    52 2.097656 -0.000096 -0.000402 0.124873 -0.418761 0.877099
    53 0.999512 -0.000598 1.493164 0.000000 0.000000 0.946948
    54 0.310848 -0.606446 -0.498005 0.308107 -0.197598 0.313975
    55 1.869163 -0.000835 -0.000994 -0.000007 0.000003 0.164028
    56 1.200941 0.399582 -0.000237 -0.009465 0.016087 0.007127
    57 0.000586 0.100342 -0.000319 -0.120035 -0.021926 -0.209617
    58 -0.161663 0.051712 0.194808 -2.941982 0.122408 -0.060194
    59 2.010090 -0.003202 -0.003377 0.000006 0.000001 0.096556
    60 0.000237 0.099800 -0.000395 -0.018823 0.010833 -0.239219
    61 -0.203197 0.048607 0.069150 -3.093332 0.033217 -0.046722
    62 1.180426 -0.002312 0.000781 -0.000002 0.000000 0.070541
    63 -0.000196 0.099625 -0.000034 0.000000 0.000000 -0.314102
    64 -0.088737 -0.688435 -0.145203 2.930407 -0.136130 0.513013
    65 1.712069 0.000578 -0.000088 -0.071621 0.001633 0.257487
    66 -0.000576 0.100143 -0.000311 -0.010914 0.023131 -0.260843
    67 -0.146027 -0.232426 -0.014225 3.028455 -0.094299 0.113020
    68 1.290634 0.000361 -0.000036 -0.229889 0.010750 0.794764
    69 -0.658119 -0.003576 0.072643 -0.142711 0.027792 -0.077299
    70 1.867188 -0.000058 0.000522 0.000000 0.000000 1.450175
    71 1.200075 0.399942 -0.000093 0.009465 -0.016087 0.007127
    72 0.000589 0.100342 0.000319 0.120035 0.021926 -0.209617
    73 0.068073 0.002283 -0.080050 3.111376 -0.069366 -0.060847
    74 2.007813 -0.000883 -0.000381 0.000047 -0.000039 1.379088
    75 0.000233 0.099800 0.000395 0.018823 -0.010833 -0.239219
    76 -0.018673 -0.001009 0.047544 3.109244 0.002635 -0.106673
    77 1.178665 0.001595 0.000845 0.000000 0.000000 0.743988
    78 -0.000196 0.099628 0.000034 0.000000 0.000000 -0.314102
    79 0.036894 -0.634449 0.266284 -2.801062 0.174301 0.490915
    80 1.708008 0.000721 0.000199 0.000000 0.000000 1.160581
    81 -0.000580 0.100140 0.000311 0.010914 -0.023131 -0.260843
    82 -0.003952 -0.281811 0.115047 -3.059162 0.089004 0.167964
    83 1.290039 0.000363 -0.000045 -0.000058 0.000020 0.672665
    84 -0.171526 -0.018150 -0.099873 0.013484 -0.062184 -0.011781
    85 0.916622 0.003336 0.001326 -0.003757 0.002405 -0.123662
    86 -0.342617 0.053402 -0.025571 -2.909301 -0.017248 0.075276
    87 1.100231 -0.000928 -0.002434 -0.000003 0.000038 -0.232949
    88 -0.384979 0.331001 0.006848 -3.087207 -0.018765 -0.184278
    89 0.678146 0.002286 0.000002 -0.000006 -0.000007 -0.102142
    90 -0.123848 0.072738 0.029507 2.898184 -0.060627 0.094835
    91 1.017166 -0.000154 -0.000252 -0.071667 0.001664 0.651739
    92 -0.344990 0.123129 0.143151 2.994981 0.012396 0.059140
    93 -0.730989 0.177046 0.039141 -0.123731 0.076518 -0.084310
    94 0.918945 0.000403 0.000087 0.000000 0.000000 0.471850
    95 -0.124023 -0.052090 0.038495 3.077813 -0.008519 0.039229
    96 1.099609 0.000007 0.000468 0.000016 0.000059 0.545759
    97 -0.330082 0.160639 0.042780 3.128073 0.034033 -0.171236
    98 0.679199 -0.000816 0.000174 0.000000 0.000000 0.674789
    99 -0.019512 -0.016531 0.038578 -2.763781 0.050305 0.076829
    100 1.019531 -0.000026 -0.000398 0.000015 0.000057 0.497121
    101 -0.155308 0.130644 -0.021921 -3.022466 0.022433 -0.024902
    102 -0.252207 0.061937 -0.024914 -0.007671 -0.063171 -0.044392
    103 -0.085995 0.185205 -0.015180 -2.937063 -0.113970 -0.138991
    104 -0.286533 0.179852 0.024264 -3.109353 -0.049645 -0.029914
    105 -0.019482 0.147083 0.079203 2.893815 0.038585 -0.060594
    106 -0.046482 0.251896 0.129548 3.016165 0.077112 -0.042864
    107 0.039124 -0.040295 0.047739 3.084219 0.030470 -0.037414
    108 -0.233757 0.066630 0.001754 -3.133087 0.040141 -0.065412
    109 0.044266 0.020131 0.001684 -2.778763 -0.118872 -0.040488
    110 0.071495 0.074128 -0.048302 -3.035917 -0.059482 0.104366
    111 0.000000 0.000000 0.000000 0.000000 0.000000 -1.570796
    112 -3.152440 -7.828364 -2.886807 -0.026912 0.003377 -1.569025
    113 0.000000 0.000000 0.000000 0.000000 0.000000 0.000000
    114 -3.144627 -18.223212 -3.308695 -0.026825 0.003354 -1.569025
    115 3.096000 0.000000 -1.996000 0.000000 0.000000 0.000000
    116 3.040999 0.000000 1.202000 0.000000 0.000000 0.000000
    117 7.854000 0.000000 -0.042000 0.000000 0.000000 0.000000
    118 13.105999 0.000000 -0.006000 0.000000 0.000000 0.000000
    119 3.456000 0.000000 -1.084000 0.000000 0.000000 0.000000
    120 1.804000 0.000000 -1.025000 0.000000 0.000000 0.000000
    121 7.098000 0.000000 -1.084000 0.000000 0.000000 0.000000
    122 -5.507225 3.309046 -1.646865 -1.252651 -0.193993 -0.469812
    123 3.740000 0.000000 1.273000 0.000000 0.000000 0.000000
    124 11.956999 0.000000 -0.006000 0.000000 0.000000 0.000000
    125 6.072001 0.000000 -1.238000 0.000000 0.000000 0.000000
    126 5.690000 -0.365000 0.068000 0.000000 -0.349029 -1.570796
    127 6.396999 0.614000 0.428000 0.000000 0.000000 0.000000
    128 3.040999 0.000000 1.202000 0.000000 0.000000 0.000000
    129 3.720000 0.000000 1.202000 0.000000 0.000000 0.000000
    130 1.086000 -0.661000 -0.149000 1.745254 0.000036 0.000036
    131 1.067000 0.589000 0.076000 -1.047226 0.000000 0.000000
    132 0.000000 -0.019000 0.000000 0.000000 0.000000 0.000000
    133 0.000000 -0.019000 0.000000 0.000000 0.000000 0.000000
    134 3.300000 -0.019000 1.346000 0.000000 0.000000 0.000000
    135 -1.524000 -1.859000 -4.367000 -1.730306 -0.014954 0.208139
    136 7.283999 0.000000 -2.195000 0.000000 0.000000 0.000000
    137 -1.323000 0.000000 0.184000 0.000000 0.000000 0.000000
    138 0.082000 0.000000 1.002000 0.000000 0.000000 0.000000
    139 -19.327456 4.871242 -60.790517 0.026878 -0.003310 -0.001804
    140 0.478000 0.000000 -4.537000 0.000000 0.000000 0.000000
    141 3.436000 0.000000 1.202000 0.000000 0.000000 0.000000
    142 3.040999 0.000000 1.202000 0.000000 0.000000 0.000000
    143 4.657000 0.000000 1.545000 0.000000 0.000000 0.000000
    144 -0.403000 0.000000 -0.011000 0.000000 0.000000 0.000000
    145 1.781000 0.000000 0.873000 0.000000 0.000000 0.000000
    146 0.384000 0.715000 0.801000 0.000000 0.000000 0.000000
    147 1.795000 0.533000 -1.550000 0.000000 0.000000 0.000000
    148 4.435999 0.595000 -0.954000 0.000000 0.000000 0.000000
    149 4.401999 -0.614000 -1.630000 0.000000 0.000000 0.000000
    150 4.203000 -0.003000 -0.048000 0.000000 0.000000 0.000000
    151 5.136000 0.000000 1.534000 0.000000 0.000000 0.000000
    152 11.957001 0.000000 -0.006000 0.000000 0.000000 0.000000
    153 -2.103001 0.000000 0.000000 0.000000 0.000000 0.000000
    154 -0.598001 0.000000 -0.011000 0.000000 0.000000 0.000000
    155 0.496000 0.184000 -3.523000 0.000000 0.000000 0.000000
    156 0.147000 0.184000 -0.328000 0.000000 0.000000 0.000000
    157 0.147000 0.184000 0.023000 0.000000 0.000000 0.000000
    158 0.147000 0.184000 0.368000 0.000000 0.000000 0.000000
    159 0.147000 0.184000 0.717000 0.000000 0.000000 0.000000
    160 0.147000 0.184000 1.067000 0.000000 0.000000 0.000000
    161 0.148000 0.184000 1.414000 0.000000 0.000000 0.000000
    162 0.148000 -0.074000 1.640000 0.000000 0.000000 0.000000
    163 0.435000 0.184000 -3.179000 0.000000 0.000000 0.000000
    164 0.378000 0.184000 -2.826000 0.000000 0.000000 0.000000
    165 0.329000 0.184000 -2.477000 0.000000 0.000000 0.000000
    166 0.286000 0.184000 -2.127000 0.000000 0.000000 0.000000
    167 0.252000 0.184000 -1.775000 0.000000 0.000000 0.000000
    168 0.215000 0.184000 -1.417000 0.000000 0.000000 0.000000
    169 0.190000 0.184000 -1.064000 0.000000 0.000000 0.000000
    170 0.166000 0.184000 -0.714000 0.000000 0.000000 0.000000
    171 1.622000 0.000000 1.568000 0.000000 0.000000 0.000000
    172 2.240000 0.000000 1.568000 0.000000 0.000000 0.000000
    173 0.000000 0.000000 0.000000 0.000000 0.000000 0.000000
    174 0.000000 0.000000 -4.867001 3.141572 -0.003206 -3.128592
    175 1.000088 -0.000029 0.000000 0.000000 0.000000 0.000000
    176 17.162518 -0.000404 0.000000 0.000000 0.000000 0.119213
    177 17.749374 0.295515 0.000000 0.000000 0.000000 -1.158956
    178 5.413528 0.000347 0.000000 0.000000 0.000000 -0.518053
    179 0.017887 0.299792 0.000000 0.000000 0.000000 -0.059581
    180 9.999889 -0.000303 0.000000 0.000000 0.000000 0.000000
    181 0.000000 0.000000 4.867000 3.141572 -0.003206 -3.128592
    182 1.000088 -0.000029 0.000000 0.000000 0.000000 0.000000
    183 12.283573 1.581455 -4.695999 1.462269 -0.086726 0.090185
    184 17.162518 -0.000404 0.000000 0.000000 0.000000 0.119213
    185 17.749374 0.295515 0.000000 0.000000 0.000000 -1.158956
    186 5.413528 0.000347 0.000000 0.000000 0.000000 -0.518053
    187 0.017887 0.299792 0.000000 0.000000 0.000000 -0.059581
    188 9.499836 0.000212 0.000000 0.000000 0.000000 0.000000
    189 -1.145525 0.000130 0.000671 0.000000 0.000000 0.000000
    190 -0.857691 0.104071 0.104687 0.023536 0.163924 0.013632
    191 3.999430 -0.000528 -0.000332 -0.323271 0.000024 -0.000024
    192 0.599499 0.400698 0.000236 0.000000 0.000000 0.000000
    193 0.599886 0.400186 -0.000027 0.000000 0.000000 0.000000
    194 2.299677 -2.499979 -0.599480 0.891928 0.221512 -0.527288
    195 8.767537 0.599698 0.527411 1.233033 -0.385721 0.335288
    196 -9.580679 -27.862108 -37.184677 0.812879 -0.123459 -0.568477
    197 0.649935 -0.548296 0.093658 -1.665913 -0.131399 -0.112062
    198 1.899127 0.000427 -0.000439 0.027386 -0.033311 0.477848
    199 0.657078 0.008400 0.040375 -1.665945 -0.131407 -0.000013
    200 1.799664 -0.000240 0.000231 0.027386 -0.033311 0.477848
    201 1.799664 -0.000240 0.000231 0.027386 -0.033311 0.477848
    202 1.799664 -0.000240 0.000231 0.027386 -0.033311 0.477848
    203 0.665774 0.747222 -0.029186 -1.665935 -0.131408 0.094976
    204 1.900306 -0.000137 -0.000517 0.027386 -0.033311 0.477848
    205 4.662004 -5.366334 4.825195 1.569715 1.561305 -3.121216
    206 3.999897 0.000040 0.001007 0.162696 0.000000 0.000060
    207 0.600403 0.399632 -0.000469 0.000000 0.000000 -3.141496
    208 0.599890 0.400186 0.000031 0.000000 0.000000 -3.139640
    209 2.300137 -2.499413 0.600155 -0.892020 -0.221513 -0.527232
    210 12.101563 -3.646484 -1.237305 1.733664 0.203086 0.048277
    211 2.762354 0.116951 1.523975 1.629482 0.064153 1.743800
    212 7.228317 7.928200 -3.925652 2.328713 0.123459 -0.568477
    213 0.650396 -0.547731 -0.092976 1.665913 0.131399 -0.112062
    214 1.899441 -0.000320 -0.000150 -0.027386 0.033311 0.477848
    215 0.657068 0.008398 -0.040379 1.665945 0.131407 -0.000013
    216 1.799659 -0.000233 -0.000233 -0.027386 0.033311 0.477848
    217 1.799659 -0.000233 -0.000233 -0.027386 0.033311 0.477848
    218 1.799659 -0.000233 -0.000233 -0.027386 0.033311 0.477848
    219 0.665778 0.747222 0.029179 1.665935 0.131408 0.094976
    220 1.900722 0.000549 -0.000072 -0.027386 0.033311 0.477848
    221 4.530998 0.000000 0.000000 0.000000 0.000000 0.000000
    222 4.527344 0.000000 0.000000 0.000000 0.000000 0.000000
    223 0.000000 0.000000 0.000000 0.000000 0.000000 0.000000
    224 0.000000 0.000000 0.000000 0.000000 0.000000 0.000000
    225 4.000000 -6.500000 0.000000 0.000000 0.000000 0.000977
    226 -6.500000 0.000000 0.000000 0.000000 1.570795 0.000000
    227 19.234730 -3.144378 8.493579 -0.026912 0.003376 0.001772
    228 0.280000 -0.135000 2.196999 1.570796 0.000000 -1.570735
    229 0.000000 0.000000 0.000000 0.000000 0.000000 0.000000
    230 0.000000 0.000000 0.000000 0.017054 0.005825 -0.010990
    231 0.106000 0.000000 -64.320000 0.000000 0.000000 0.000000
    232 0.000000 0.000000 0.000000 0.000000 0.000000 0.000000
    233 -0.106000 0.000000 64.320000 0.000000 0.000000 0.000000
    234 0.003042 -0.001328 -64.319374 0.000009 0.000084 -3.141638
    235 -30.813440 -4.484512 4.054811 0.648315 -0.593753 0.164261
    236 1.688000 -0.001000 -1.454002 0.000000 0.000000 0.000000
    237 -1.070999 -0.005000 0.545002 0.000000 0.000000 0.000000
    238 5.895000 0.750997 -0.156000 0.000000 0.000000 0.000000
    239 11.599999 -0.000003 -1.500002 0.000000 0.000000 0.000000
    240 1.037001 1.337997 -4.334000 -2.791227 -0.162411 -0.765711
    241 7.216001 -0.000003 -1.579000 0.000000 0.000000 0.000000
    242 4.445999 -0.000003 -1.500000 0.000000 0.000000 0.000000
    243 0.673937 -0.015635 -4.768713 -3.141592 -1.281051 3.141593
    244 0.094999 -0.144000 0.332001 0.000000 0.000000 0.000000
    245 14.209020 0.000022 0.766988 0.000000 0.000000 0.000000
    246 0.000000 0.000000 0.000000 1.570800 0.000000 -1.570796
  time 13
    0 0.000000 0.000000 0.000000 0.000000 0.000000 -1.570796
    1 -0.106384 0.000000 -0.000198 0.000000 0.000000 0.000000
    2 0.000000 0.000000 0.000000 0.000000 0.000000 0.000000
    3 -0.904000 0.000000 -11.806000 0.000000 0.000000 0.000000
    4 0.000000 0.000000 -14.313999 1.571297 -1.570750 0.000000
    5 3.533001 0.000000 0.000000 0.000000 0.000000 0.000000
    6 6.250000 0.000000 0.000000 0.000000 0.000000 0.000000
    7 9.568951 7.633070 -1.944020 -1.545328 1.187827 -1.547138
    8 9.580670 5.304874 2.069036 -1.561144 -1.034767 1.558599
    9 5.786820 0.002787 -0.000113 -0.645467 0.265993 -1.113621
    10 5.999492 -0.000592 -4.000343 0.000000 0.000000 0.000000
    11 5.787410 0.002582 0.000893 1.002207 -0.725190 -1.842619
    12 5.999492 -0.000592 4.000340 0.000000 0.000000 0.000000
    13 0.500225 0.000133 -0.000084 -0.020655 -0.000060 -0.000060
    14 11.530657 0.000349 -0.001308 -0.000041 0.000057 -1.256789
    15 -0.829338 0.893824 0.079659 -0.148839 0.047645 0.087266
    16 0.500225 0.000132 0.000072 0.016552 0.000000 0.000000
    17 11.532495 0.000526 -0.000093 0.000042 0.000038 -1.604298
    18 -0.829586 0.894698 -0.079468 0.045377 -0.019621 0.087266
    19 10.599886 0.000105 -0.000553 -0.297099 0.000000 0.000000
    20 0.272014 -0.368934 -0.000805 -0.000012 -0.000049 0.628394
    21 11.042053 -0.000189 0.000798 -0.594229 -0.024352 0.550670
    22 -11.814724 0.424524 -0.297680 0.247998 -0.066121 -0.042695
    23 10.599878 0.000105 0.000549 0.124519 -0.000060 0.000048
    24 0.513184 -0.495117 0.000699 0.000000 0.000000 0.802658
    25 11.041739 0.003170 -0.000568 0.249407 -0.061735 0.752295
    26 -11.663242 0.094713 0.140656 -0.068591 0.018527 -0.015099
    27 0.610300 -0.939470 0.070347 -1.655699 -0.173408 -0.172859
    28 0.639938 -0.199121 0.060192 -1.665955 -0.131350 -0.066457
    29 0.600155 1.080260 -0.339535 -1.749162 0.141241 0.009243
    30 0.610207 0.400743 -0.010098 -1.761945 0.010891 0.028658
    31 0.630809 -0.690091 -0.232343 0.331408 -0.093780 -1.048911
    32 -0.792125 0.203736 0.461304 1.439074 -0.003453 -0.018305
    33 0.610300 -0.939469 -0.070354 1.655346 0.140067 -0.175508
    34 0.639938 -0.199121 -0.060200 1.666009 0.131431 -0.066278
    35 0.600157 1.080260 0.339531 1.741683 -0.204071 0.076022
    36 0.610205 0.400743 0.010086 1.762004 -0.015356 0.028098
    37 0.629883 -0.689453 0.230347 -1.014704 -0.861531 -0.665916
    38 -0.626031 -0.069982 -0.080517 -1.447153 0.086151 0.021559
    39 2.621377 -0.002532 -0.001438 0.031549 -0.199604 -0.089412
    40 2.660837 0.000397 -0.000071 -0.003076 -0.094878 -0.135240
    41 2.202488 0.003364 -0.002863 -0.235278 -0.139641 -0.174747
    42 0.599950 0.959236 -0.300102 -0.174544 0.000000 0.000000
    43 2.557190 -0.001967 0.002453 -0.186743 -0.204301 -0.120414
    44 2.098929 0.000032 -0.002193 -0.558569 0.095943 0.688402
    45 0.999378 -0.000238 -1.057021 0.000000 0.000000 0.000000
    46 -0.122641 -0.721855 0.661686 -0.486644 0.223964 0.243056
    47 2.619141 0.000142 -0.000401 -0.053005 0.086821 -0.048204
    48 2.657909 0.004593 -0.000533 0.200435 0.214755 1.264756
    49 2.199219 0.000515 -0.000121 0.236759 0.017677 1.474191
    50 0.599949 0.959244 0.300102 0.174544 0.000000 0.000000
    51 2.558594 -0.000149 -0.000030 0.236782 0.177167 1.399644
    52 2.097656 -0.000096 -0.000402 0.124873 -0.418761 0.877099
    53 0.999512 -0.000598 1.493164 0.000000 0.000000 0.946948
    54 0.310848 -0.606446 -0.498005 0.308107 -0.197598 0.313975
    55 1.869163 -0.000835 -0.000994 -0.000007 0.000003 0.170415
    56 1.200941 0.399582 -0.000237 -0.009465 0.016087 0.007127
    57 0.000586 0.100342 -0.000319 -0.120035 -0.021926 -0.209617
    58 -0.161663 0.051712 0.194808 -2.941982 0.122408 -0.060194
    59 2.010090 -0.003202 -0.003377 0.000006 -0.000059 0.110983
    60 0.000237 0.099800 -0.000395 -0.018823 0.010833 -0.239219
    61 -0.203197 0.048607 0.069150 -3.093332 0.033217 -0.046722
    62 1.180426 -0.002312 0.000781 -0.000002 0.000000 0.077623
    63 -0.000196 0.099625 -0.000034 0.000000 0.000000 -0.314102
    64 -0.088737 -0.688435 -0.145203 2.930407 -0.136130 0.513013
    65 1.712069 0.000578 -0.000088 -0.071633 0.001753 0.265742
    66 -0.000576 0.100143 -0.000311 -0.010914 0.023131 -0.260843
    67 -0.146027 -0.232426 -0.014225 3.028455 -0.094299 0.113020
    68 1.290634 0.000361 -0.000036 -0.229146 0.026905 0.843123
    69 -0.658119 -0.003576 0.072643 -0.142711 0.027792 -0.077299
    70 1.867188 -0.000058 0.000522 0.000000 0.000000 1.450175
    71 1.200075 0.399942 -0.000093 0.009465 -0.016087 0.007127
    72 0.000589 0.100342 0.000319 0.120035 0.021926 -0.209617
    73 0.068073 0.002283 -0.080050 3.111376 -0.069366 -0.060847
    74 2.007813 -0.000883 -0.000381 0.000047 -0.000039 1.379088
    75 0.000233 0.099800 0.000395 0.018823 -0.010833 -0.239219
    76 -0.018673 -0.001009 0.047544 3.109244 0.002635 -0.106673
    77 1.178665 0.001595 0.000845 0.000000 0.000000 0.743988
    78 -0.000196 0.099628 0.000034 0.000000 0.000000 -0.314102
    79 0.036894 -0.634449 0.266284 -2.801062 0.174301 0.490915
    80 1.708008 0.000721 0.000199 0.000000 0.000000 1.160581
    81 -0.000580 0.100140 0.000311 0.010914 -0.023131 -0.260843
    82 -0.003952 -0.281811 0.115047 -3.059162 0.089004 0.167964
    83 1.290039 0.000363 -0.000045 -0.000058 0.000020 0.672665
    84 -0.171526 -0.018150 -0.099873 0.013484 -0.062184 -0.011781
    85 0.916622 0.003336 0.001326 -0.003805 0.002405 -0.117479
    86 -0.342617 0.053402 -0.025571 -2.909301 -0.017248 0.075276
    87 1.100231 -0.000928 -0.002434 0.000009 0.000026 -0.225116
    88 -0.384979 0.331001 0.006848 -3.087207 -0.018765 -0.184278
    89 0.678146 0.002286 0.000002 -0.000006 -0.000007 -0.095396
    90 -0.123848 0.072738 0.029507 2.898184 -0.060627 0.094835
    91 1.017166 -0.000154 -0.000252 -0.071667 0.001652 0.656877
    92 -0.344990 0.123129 0.143151 2.994981 0.012396 0.059140
    93 -0.730989 0.177046 0.039141 -0.123731 0.076518 -0.084310
    94 0.918945 0.000403 0.000087 0.000000 0.000000 0.471850
    95 -0.124023 -0.052090 0.038495 3.077813 -0.008519 0.039229
    96 1.099609 0.000007 0.000468 0.000016 0.000059 0.545759
    97 -0.330082 0.160639 0.042780 3.128073 0.034033 -0.171236
    98 0.679199 -0.000816 0.000174 0.000000 0.000000 0.674789
    99 -0.019512 -0.016531 0.038578 -2.763781 0.050305 0.076829
    100 1.019531 -0.000026 -0.000398 0.000015 0.000057 0.497121
    101 -0.155308 0.130644 -0.021921 -3.022466 0.022433 -0.024902
    102 -0.252207 0.061937 -0.024914 -0.007671 -0.063171 -0.044392
    103 -0.085995 0.185205 -0.015180 -2.937063 -0.113970 -0.138991
    104 -0.286533 0.179852 0.024264 -3.109353 -0.049645 -0.029914
    105 -0.019482 0.147083 0.079203 2.893815 0.038585 -0.060594
    106 -0.046482 0.251896 0.129548 3.016165 0.077112 -0.042864
    107 0.039124 -0.040295 0.047739 3.084219 0.030470 -0.037414
    108 -0.233757 0.066630 0.001754 -3.133087 0.040141 -0.065412
    109 0.044266 0.020131 0.001684 -2.778763 -0.118872 -0.040488
    110 0.071495 0.074128 -0.048302 -3.035917 -0.059482 0.104366
    111 0.000000 0.000000 0.000000 0.000000 0.000000 -1.570796
    112 -3.179785 -7.832270 -2.894620 -0.012582 0.004354 -1.569118
    113 0.000000 0.000000 0.000000 0.000000 0.000000 0.000000
    114 -3.164159 -18.227119 -3.328227 -0.012629 0.004338 -1.569118
    115 3.096000 0.000000 -1.996000 0.000000 0.000000 0.000000
    116 3.040999 0.000000 1.202000 0.000000 0.000000 0.000000
    117 7.854000 0.000000 -0.042000 0.000000 0.000000 0.000000
    118 13.105999 0.000000 -0.006000 0.000000 0.000000 0.000000
    119 3.456000 0.000000 -1.084000 0.000000 0.000000 0.000000
    120 1.804000 0.000000 -1.025000 0.000000 0.000000 0.000000
    121 7.098000 0.000000 -1.084000 0.000000 0.000000 0.000000
    122 -5.507225 3.309046 -1.627333 -1.246403 -0.190830 -0.471002
    123 3.740000 0.000000 1.273000 0.000000 0.000000 0.000000
    124 11.956999 0.000000 -0.006000 0.000000 0.000000 0.000000
    125 6.072001 0.000000 -1.238000 0.000000 0.000000 0.000000
    126 5.690000 -0.365000 0.068000 0.000000 -0.349029 -1.570796
    127 6.396999 0.614000 0.428000 0.000000 0.000000 0.000000
    128 3.040999 0.000000 1.202000 0.000000 0.000000 0.000000
    129 3.720000 0.000000 1.202000 0.000000 0.000000 0.000000
    130 1.086000 -0.661000 -0.149000 1.614388 0.000036 0.000036
    131 1.067000 0.589000 0.076000 -1.047226 0.000000 0.000000
    132 0.000000 -0.019000 0.000000 0.000000 0.000000 0.000000
    133 0.000000 -0.019000 0.000000 0.000000 0.000000 0.000000
    134 3.300000 -0.019000 1.346000 0.000000 0.000000 0.000000
    135 -1.524000 -1.859000 -4.367000 -1.730306 -0.014954 0.208139
    136 7.283999 0.000000 -2.195000 0.000000 0.000000 0.000000
    137 -1.323000 0.000000 0.184000 0.000000 0.000000 0.000000
    138 0.082000 0.000000 1.002000 0.000000 0.000000 0.000000
    139 -19.257141 3.980590 -60.856925 0.012632 -0.004351 -0.001709
    140 0.478000 0.000000 -4.537000 0.000000 0.000000 0.000000
    141 3.436000 0.000000 1.202000 0.000000 0.000000 0.000000
    142 3.040999 0.000000 1.202000 0.000000 0.000000 0.000000
    143 4.657000 0.000000 1.545000 0.000000 0.000000 0.000000
    144 -0.403000 0.000000 -0.011000 0.000000 0.000000 0.000000
    145 1.781000 0.000000 0.873000 0.000000 0.000000 0.000000
    146 0.384000 0.715000 0.801000 0.000000 0.000000 0.000000
    147 1.795000 0.533000 -1.550000 0.000000 0.000000 0.000000
    148 4.435999 0.595000 -0.954000 0.000000 0.000000 0.000000
    149 4.401999 -0.614000 -1.630000 0.000000 0.000000 0.000000
    150 4.203000 -0.003000 -0.048000 0.000000 0.000000 0.000000
    151 5.136000 0.000000 1.534000 0.000000 0.000000 0.000000
    152 11.957001 0.000000 -0.006000 0.000000 0.000000 0.000000
    153 -2.103001 0.000000 0.000000 0.000000 0.000000 0.000000
    154 -0.598001 0.000000 -0.011000 0.000000 0.000000 0.000000
    155 0.496000 0.184000 -3.523000 0.000000 0.000000 0.000000
    156 0.147000 0.184000 -0.328000 0.000000 0.000000 0.000000
    157 0.147000 0.184000 0.023000 0.000000 0.000000 0.000000
    158 0.147000 0.184000 0.368000 0.000000 0.000000 0.000000
    159 0.147000 0.184000 0.717000 0.000000 0.000000 0.000000
    160 0.147000 0.184000 1.067000 0.000000 0.000000 0.000000
    161 0.148000 0.184000 1.414000 0.000000 0.000000 0.000000
    162 0.148000 -0.074000 1.640000 0.000000 0.000000 0.000000
    163 0.435000 0.184000 -3.179000 0.000000 0.000000 0.000000
    164 0.378000 0.184000 -2.826000 0.000000 0.000000 0.000000
    165 0.329000 0.184000 -2.477000 0.000000 0.000000 0.000000
    166 0.286000 0.184000 -2.127000 0.000000 0.000000 0.000000
    167 0.252000 0.184000 -1.775000 0.000000 0.000000 0.000000
    168 0.215000 0.184000 -1.417000 0.000000 0.000000 0.000000
    169 0.190000 0.184000 -1.064000 0.000000 0.000000 0.000000
    170 0.166000 0.184000 -0.714000 0.000000 0.000000 0.000000
    171 1.622000 0.000000 1.568000 0.000000 0.000000 0.000000
    172 2.240000 0.000000 1.568000 0.000000 0.000000 0.000000
    173 0.000000 0.000000 0.000000 0.000000 0.000000 0.000000
    174 0.000000 0.000000 -4.867001 3.141572 -0.003206 -3.128592
    175 1.000088 -0.000029 0.000000 0.000000 0.000000 0.000000
    176 17.162518 -0.000404 0.000000 0.000000 0.000000 0.119213
    177 17.749374 0.295515 0.000000 0.000000 0.000000 -1.158956
    178 5.413528 0.000347 0.000000 0.000000 0.000000 -0.518053
    179 0.017887 0.299792 0.000000 0.000000 0.000000 -0.059581
    180 9.999889 -0.000303 0.000000 0.000000 0.000000 0.000000
    181 0.000000 0.000000 4.867000 3.141572 -0.003206 -3.128592
    182 1.000088 -0.000029 0.000000 0.000000 0.000000 0.000000
    183 12.283573 1.581455 -4.695999 1.462269 -0.086726 0.090185
    184 17.162518 -0.000404 0.000000 0.000000 0.000000 0.119213
    185 17.749374 0.295515 0.000000 0.000000 0.000000 -1.158956
    186 5.413528 0.000347 0.000000 0.000000 0.000000 -0.518053
    187 0.017887 0.299792 0.000000 0.000000 0.000000 -0.059581
    188 9.499836 0.000212 0.000000 0.000000 0.000000 0.000000
    189 -1.145525 0.000130 0.000671 0.000000 0.000000 0.000000
    190 -0.857691 0.104071 0.104687 0.023536 0.163924 0.013632
    191 3.999430 -0.000528 -0.000332 -0.332706 0.000000 -0.000060
    192 0.599499 0.400698 0.000236 0.000000 0.000000 0.000000
    193 0.599886 0.400186 -0.000027 0.000000 0.000000 0.000000
    194 2.299677 -2.499979 -0.599480 0.891928 0.221512 -0.527288
    195 8.767537 0.591885 0.546943 1.226240 -0.385721 0.335197
    196 -9.580679 -27.862108 -37.184677 0.812879 -0.123459 -0.568477
    197 0.649935 -0.548296 0.093658 -1.665913 -0.131399 -0.112062
    198 1.899127 0.000427 -0.000439 0.027386 -0.033311 0.477848
    199 0.657078 0.008400 0.040375 -1.665945 -0.131407 -0.000013
    200 1.799664 -0.000240 0.000231 0.027386 -0.033311 0.477848
    201 1.799664 -0.000240 0.000231 0.027386 -0.033311 0.477848
    202 1.799664 -0.000240 0.000231 0.027386 -0.033311 0.477848
    203 0.665774 0.747222 -0.029186 -1.665935 -0.131408 0.094976
    204 1.900306 -0.000137 -0.000517 0.027386 -0.033311 0.477848
    205 4.662004 -5.366334 4.825195 1.569715 1.561305 -3.121216
    206 3.999897 0.000040 0.001007 0.169599 0.000000 0.000024
    207 0.600403 0.399632 -0.000469 0.000000 0.000000 -3.141496
    208 0.599890 0.400186 0.000031 0.000000 0.000000 -3.139640
    209 2.300137 -2.499413 0.600155 -0.892020 -0.221513 -0.527232
    210 12.101563 -3.646484 -1.237305 1.733664 0.203086 0.048277
    211 2.762354 0.116951 1.523975 1.629482 0.064153 1.743800
    212 7.228317 7.928200 -3.925652 2.328713 0.123459 -0.568477
    213 0.650396 -0.547731 -0.092976 1.665913 0.131399 -0.112062
    214 1.899441 -0.000320 -0.000150 -0.027386 0.033311 0.477848
    215 0.657068 0.008398 -0.040379 1.665945 0.131407 -0.000013
    216 1.799659 -0.000233 -0.000233 -0.027386 0.033311 0.477848
    217 1.799659 -0.000233 -0.000233 -0.027386 0.033311 0.477848
    218 1.799659 -0.000233 -0.000233 -0.027386 0.033311 0.477848
    219 0.665778 0.747222 0.029179 1.665935 0.131408 0.094976
    220 1.900722 0.000549 -0.000072 -0.027386 0.033311 0.477848
    221 4.530998 0.000000 0.000000 0.000000 0.000000 0.000000
    222 4.527344 0.000000 0.000000 0.000000 0.000000 0.000000
    223 0.000000 0.000000 0.000000 0.000000 0.000000 0.000000
    224 0.000000 0.000000 0.000000 0.000000 0.000000 0.000000
    225 4.000000 -6.500000 0.000000 0.000000 0.000000 0.000977
    226 -6.500000 0.000000 0.000000 0.000000 1.570795 0.000000
    227 19.238637 -3.163910 8.474047 -0.012582 0.004354 0.001678
    228 0.280000 -0.135000 2.196999 1.570796 0.000000 -1.570735
    229 0.000000 0.000000 0.000000 0.000000 0.000000 0.000000
    230 0.000000 0.000000 0.000000 0.021920 0.008497 -0.010343
    231 0.106000 0.000000 -64.320000 0.000000 0.000000 0.000000
    232 0.000000 0.000000 0.000000 0.000000 0.000000 0.000000
    233 -0.106000 0.000000 64.320000 0.000000 0.000000 0.000000
    234 0.003042 -0.001328 -64.319374 0.000009 0.000084 -3.141638
    235 -30.813440 -4.484512 4.054811 0.648315 -0.593753 0.164261
    236 1.688000 -0.001000 -1.454002 0.000000 0.000000 0.000000
    237 -1.070999 -0.005000 0.545002 0.000000 0.000000 0.000000
    238 5.895000 0.750997 -0.156000 0.000000 0.000000 0.000000
    239 11.599999 -0.000003 -1.500002 0.000000 0.000000 0.000000
    240 1.037001 1.337997 -4.334000 -2.791227 -0.162411 -0.765711
    241 7.216001 -0.000003 -1.579000 0.000000 0.000000 0.000000
    242 4.445999 -0.000003 -1.500000 0.000000 0.000000 0.000000
    243 0.673937 -0.015635 -4.768713 -3.141592 -1.281051 3.141593
    244 0.094999 -0.144000 0.332001 0.000000 0.000000 0.000000
    245 14.209020 0.000022 0.766988 0.000000 0.000000 0.000000
    246 0.000000 0.000000 0.000000 1.570800 0.000000 -1.570796
  time 14
    0 0.000000 0.000000 0.000000 0.000000 0.000000 -1.570796
    1 -0.106384 0.000000 -0.000198 0.000000 0.000000 0.000000
    2 0.000000 0.000000 0.000000 0.000000 0.000000 0.000000
    3 -0.904000 0.000000 -11.806000 0.000000 0.000000 0.000000
    4 0.000000 0.000000 -14.313999 1.571297 -1.570750 0.000000
    5 3.533001 0.000000 0.000000 0.000000 0.000000 0.000000
    6 6.250000 0.000000 0.000000 0.000000 0.000000 0.000000
    7 9.568951 7.633070 -1.944020 -1.545328 1.187827 -1.547138
    8 9.588482 5.304874 2.069036 -1.564169 -1.034694 1.560611
    9 5.786820 0.002787 -0.000113 -0.626922 0.254057 -1.096732
    10 5.999492 -0.000592 -4.000343 0.000000 0.000000 0.000000
    11 5.787410 0.002582 0.000893 1.002268 -0.726931 -1.844974
    12 5.999492 -0.000592 4.000340 0.000000 0.000000 0.000000
    13 0.500225 0.000133 -0.000084 -0.030391 0.000000 0.000060
    14 11.530657 0.000349 -0.001308 -0.000005 0.000009 -1.264307
    15 -0.829338 0.893824 0.079659 -0.148839 0.047645 0.087266
    16 0.500225 0.000132 0.000072 0.016618 0.000000 0.000000
    17 11.532495 0.000526 -0.000093 0.000042 0.000038 -1.603732
    18 -0.829586 0.894698 -0.079468 0.045377 -0.019621 0.087266
    19 10.599886 0.000105 -0.000553 -0.299618 0.000000 0.000000
    20 0.275920 -0.368934 -0.000805 0.000000 0.000011 0.632117
    21 11.042053 -0.000189 0.000798 -0.599257 -0.004644 0.556711
    22 -11.814724 0.424524 -0.297680 0.247998 -0.066121 -0.042695
    23 10.599878 0.000105 0.000549 0.130111 -0.000060 0.000048
    24 0.513184 -0.495117 0.000699 0.000000 0.000000 0.802658
    25 11.041739 0.003170 -0.000568 0.261229 -0.057969 0.749299
    26 -11.663242 0.094713 0.140656 -0.068591 0.018527 -0.015099
    27 0.610300 -0.939470 0.070347 -1.655649 -0.169681 -0.173159
    28 0.639938 -0.199121 0.060192 -1.665955 -0.131350 -0.066457
    29 0.600155 1.080260 -0.339535 -1.747571 0.132260 0.016758
    30 0.610207 0.400743 -0.010098 -1.761999 0.006720 0.029449
    31 0.630809 -0.690091 -0.232343 0.305892 -0.085712 -1.049689
    32 -0.792125 0.203736 0.461304 1.439074 -0.003453 -0.018305
    33 0.610300 -0.939469 -0.070354 1.655346 0.140067 -0.175496
    34 0.639938 -0.199121 -0.060200 1.666009 0.131431 -0.066278
    35 0.600157 1.080260 0.339531 1.741683 -0.204071 0.076022
    36 0.610205 0.400743 0.010086 1.762004 -0.015356 0.028098
    37 0.629883 -0.689453 0.230347 -1.014704 -0.861531 -0.665916
    38 -0.626031 -0.069982 -0.080517 -1.447153 0.086151 0.021559
    39 2.621377 -0.002532 -0.001438 0.030735 -0.179436 -0.079803
    40 2.660837 0.000397 -0.000071 -0.003692 -0.093574 -0.122724
    41 2.202488 0.003364 -0.002863 -0.226646 -0.140117 -0.150331
    42 0.599950 0.959236 -0.300102 -0.174544 0.000000 0.000000
    43 2.557190 -0.001967 0.002453 -0.178083 -0.204844 -0.103217
    44 2.098929 0.000032 -0.002193 -0.563080 0.091387 0.671721
    45 0.999378 -0.000238 -1.057021 0.000000 0.000000 0.000000
    46 -0.122641 -0.721855 0.661686 -0.486644 0.223964 0.243056
    47 2.619141 0.000142 -0.000401 -0.053005 0.086821 -0.048204
    48 2.657909 0.004593 -0.000533 0.200435 0.214755 1.264756
    49 2.199219 0.000515 -0.000121 0.236759 0.017677 1.474191
    50 0.599949 0.959244 0.300102 0.174544 0.000000 0.000000
    51 2.558594 -0.000149 -0.000030 0.236782 0.177167 1.399644
    52 2.097656 -0.000096 -0.000402 0.124873 -0.418761 0.877099
    53 0.999512 -0.000598 1.493164 0.000000 0.000000 0.946948
    54 0.310848 -0.606446 -0.498005 0.308107 -0.197598 0.313975
    55 1.869163 -0.000835 -0.000994 -0.000007 0.000003 0.183477
    56 1.200941 0.399582 -0.000237 -0.009465 0.016087 0.007127
    57 0.000586 0.100342 -0.000319 -0.120035 -0.021926 -0.209617
    58 -0.161663 0.051712 0.194808 -2.941982 0.122408 -0.060194
    59 2.010090 -0.003202 -0.003377 0.000006 0.000072 0.135865
    60 0.000237 0.099800 -0.000395 -0.018823 0.010833 -0.239219
    61 -0.203197 0.048607 0.069150 -3.093332 0.033217 -0.046722
    62 1.180426 -0.002312 0.000781 -0.000002 0.000000 0.097156
    63 -0.000196 0.099625 -0.000034 0.000000 0.000000 -0.314102
    64 -0.088737 -0.688435 -0.145203 2.930407 -0.136130 0.513013
    65 1.712069 0.000578 -0.000088 -0.069548 0.001681 0.278860
    66 -0.000576 0.100143 -0.000311 -0.010914 0.023131 -0.260843
    67 -0.146027 -0.232426 -0.014225 3.028455 -0.094299 0.113020
    68 1.290634 0.000361 -0.000036 -0.224400 0.024113 0.818149
    69 -0.658119 -0.003576 0.072643 -0.142711 0.027792 -0.077299
    70 1.867188 -0.000058 0.000522 0.000000 0.000000 1.450175
    71 1.200075 0.399942 -0.000093 0.009465 -0.016087 0.007127
    72 0.000589 0.100342 0.000319 0.120035 0.021926 -0.209617
    73 0.068073 0.002283 -0.080050 3.111376 -0.069366 -0.060847
    74 2.007813 -0.000883 -0.000381 0.000047 -0.000039 1.379088
    75 0.000233 0.099800 0.000395 0.018823 -0.010833 -0.239219
    76 -0.018673 -0.001009 0.047544 3.109244 0.002635 -0.106673
    77 1.178665 0.001595 0.000845 0.000000 0.000000 0.743988
    78 -0.000196 0.099628 0.000034 0.000000 0.000000 -0.314102
    79 0.036894 -0.634449 0.266284 -2.801062 0.174301 0.490915
    80 1.708008 0.000721 0.000199 0.000000 0.000000 1.160581
    81 -0.000580 0.100140 0.000311 0.010914 -0.023131 -0.260843
    82 -0.003952 -0.281811 0.115047 -3.059162 0.089004 0.167964
    83 1.290039 0.000363 -0.000045 -0.000058 0.000020 0.672665
    84 -0.171526 -0.018150 -0.099873 0.013484 -0.062184 -0.011781
    85 0.916622 0.003336 0.001326 -0.003733 0.002501 -0.104822
    86 -0.342617 0.053402 -0.025571 -2.909301 -0.017248 0.075276
    87 1.100231 -0.000928 -0.002434 0.000009 0.000002 -0.217284
    88 -0.384979 0.331001 0.006848 -3.087207 -0.018765 -0.184278
    89 0.678146 0.002286 0.000002 -0.000006 -0.000007 -0.077011
    90 -0.123848 0.072738 0.029507 2.898184 -0.060627 0.094835
    91 1.017166 -0.000154 -0.000252 -0.069557 0.001640 0.658606
    92 -0.344990 0.123129 0.143151 2.994981 0.012396 0.059140
    93 -0.730989 0.177046 0.039141 -0.123731 0.076518 -0.084310
    94 0.918945 0.000403 0.000087 0.000000 0.000000 0.471850
    95 -0.124023 -0.052090 0.038495 3.077813 -0.008519 0.039229
    96 1.099609 0.000007 0.000468 0.000016 0.000059 0.545759
    97 -0.330082 0.160639 0.042780 3.128073 0.034033 -0.171236
    98 0.679199 -0.000816 0.000174 0.000000 0.000000 0.674789
    99 -0.019512 -0.016531 0.038578 -2.763781 0.050305 0.076829
    100 1.019531 -0.000026 -0.000398 0.000015 0.000057 0.497121
    101 -0.155308 0.130644 -0.021921 -3.022466 0.022433 -0.024902
    102 -0.252207 0.061937 -0.024914 -0.007671 -0.063171 -0.044392
    103 -0.085995 0.185205 -0.015180 -2.937063 -0.113970 -0.138991
    104 -0.286533 0.179852 0.024264 -3.109353 -0.049645 -0.029914
    105 -0.019482 0.147083 0.079203 2.893815 0.038585 -0.060594
    106 -0.046482 0.251896 0.129548 3.016165 0.077112 -0.042864
    107 0.039124 -0.040295 0.047739 3.084219 0.030470 -0.037414
    108 -0.233757 0.066630 0.001754 -3.133087 0.040141 -0.065412
    109 0.044266 0.020131 0.001684 -2.778763 -0.118872 -0.040488
    110 0.071495 0.074128 -0.048302 -3.035917 -0.059482 0.104366
    111 0.000000 0.000000 0.000000 0.000000 0.000000 -1.570796
    112 -3.207129 -7.836177 -2.902432 0.001573 0.005332 -1.569211
    113 0.000000 0.000000 0.000000 0.000000 0.000000 0.000000
    114 -3.187597 -18.231025 -3.347758 0.001567 0.005366 -1.569211
    115 3.096000 0.000000 -1.996000 0.000000 0.000000 0.000000
    116 3.040999 0.000000 1.202000 0.000000 0.000000 0.000000
    117 7.854000 0.000000 -0.042000 0.000000 0.000000 0.000000
    118 13.105999 0.000000 -0.006000 0.000000 0.000000 0.000000
    119 3.456000 0.000000 -1.084000 0.000000 0.000000 0.000000
    120 1.804000 0.000000 -1.025000 0.000000 0.000000 0.000000
    121 7.098000 0.000000 -1.084000 0.000000 0.000000 0.000000
    122 -5.507225 3.449675 -1.588269 -1.239375 -0.183989 -0.473771
    123 3.740000 0.000000 1.273000 0.000000 0.000000 0.000000
    124 11.956999 0.000000 -0.006000 0.000000 0.000000 0.000000
    125 6.072001 0.000000 -1.238000 0.000000 0.000000 0.000000
    126 5.690000 -0.365000 0.068000 0.000000 -0.349029 -1.570796
    127 6.396999 0.614000 0.428000 0.000000 0.000000 0.000000
    128 3.040999 0.000000 1.202000 0.000000 0.000000 0.000000
    129 3.720000 0.000000 1.202000 0.000000 0.000000 0.000000
    130 1.086000 -0.661000 -0.149000 1.483522 0.000036 0.000036
    131 1.067000 0.589000 0.076000 -1.047226 0.000000 0.000000
    132 0.000000 -0.019000 0.000000 0.000000 0.000000 0.000000
    133 0.000000 -0.019000 0.000000 0.000000 0.000000 0.000000
    134 3.300000 -0.019000 1.346000 0.000000 0.000000 0.000000
    135 -1.524000 -1.859000 -4.367000 -1.730306 -0.014954 0.208139
    136 7.283999 0.000000 -2.195000 0.000000 0.000000 0.000000
    137 -1.323000 0.000000 0.184000 0.000000 0.000000 0.000000
    138 0.082000 0.000000 1.002000 0.000000 0.000000 0.000000
    139 -19.210265 3.125095 -60.911614 -0.001520 -0.005344 -0.001519
    140 0.478000 0.000000 -4.537000 0.000000 0.000000 0.000000
    141 3.436000 0.000000 1.202000 0.000000 0.000000 0.000000
    142 3.040999 0.000000 1.202000 0.000000 0.000000 0.000000
    143 4.657000 0.000000 1.545000 0.000000 0.000000 0.000000
    144 -0.403000 0.000000 -0.011000 0.000000 0.000000 0.000000
    145 1.781000 0.000000 0.873000 0.000000 0.000000 0.000000
    146 0.384000 0.715000 0.801000 0.000000 0.000000 0.000000
    147 1.795000 0.533000 -1.550000 0.000000 0.000000 0.000000
    148 4.435999 0.595000 -0.954000 0.000000 0.000000 0.000000
    149 4.401999 -0.614000 -1.630000 0.000000 0.000000 0.000000
    150 4.203000 -0.003000 -0.048000 0.000000 0.000000 0.000000
    151 5.136000 0.000000 1.534000 0.000000 0.000000 0.000000
    152 11.957001 0.000000 -0.006000 0.000000 0.000000 0.000000
    153 -2.103001 0.000000 0.000000 0.000000 0.000000 0.000000
    154 -0.598001 0.000000 -0.011000 0.000000 0.000000 0.000000
    155 0.496000 0.184000 -3.523000 0.000000 0.000000 0.000000
    156 0.147000 0.184000 -0.328000 0.000000 0.000000 0.000000
    157 0.147000 0.184000 0.023000 0.000000 0.000000 0.000000
    158 0.147000 0.184000 0.368000 0.000000 0.000000 0.000000
    159 0.147000 0.184000 0.717000 0.000000 0.000000 0.000000
    160 0.147000 0.184000 1.067000 0.000000 0.000000 0.000000
    161 0.148000 0.184000 1.414000 0.000000 0.000000 0.000000
    162 0.148000 -0.074000 1.640000 0.000000 0.000000 0.000000
    163 0.435000 0.184000 -3.179000 0.000000 0.000000 0.000000
    164 0.378000 0.184000 -2.826000 0.000000 0.000000 0.000000
    165 0.329000 0.184000 -2.477000 0.000000 0.000000 0.000000
    166 0.286000 0.184000 -2.127000 0.000000 0.000000 0.000000
    167 0.252000 0.184000 -1.775000 0.000000 0.000000 0.000000
    168 0.215000 0.184000 -1.417000 0.000000 0.000000 0.000000
    169 0.190000 0.184000 -1.064000 0.000000 0.000000 0.000000
    170 0.166000 0.184000 -0.714000 0.000000 0.000000 0.000000
    171 1.622000 0.000000 1.568000 0.000000 0.000000 0.000000
    172 2.240000 0.000000 1.568000 0.000000 0.000000 0.000000
    173 0.000000 0.000000 0.000000 0.000000 0.000000 0.000000
    174 0.000000 0.000000 -4.867001 3.141572 -0.003206 -3.128592
    175 1.000088 -0.000029 0.000000 0.000000 0.000000 0.000000
    176 17.162518 -0.000404 0.000000 0.000000 0.000000 0.119213
    177 17.749374 0.295515 0.000000 0.000000 0.000000 -1.158956
    178 5.413528 0.000347 0.000000 0.000000 0.000000 -0.518053
    179 0.017887 0.299792 0.000000 0.000000 0.000000 -0.059581
    180 9.999889 -0.000303 0.000000 0.000000 0.000000 0.000000
    181 0.000000 0.000000 4.867000 3.141572 -0.003206 -3.128592
    182 1.000088 -0.000029 0.000000 0.000000 0.000000 0.000000
    183 12.283573 1.581455 -4.695999 1.462269 -0.086726 0.090185
    184 17.162518 -0.000404 0.000000 0.000000 0.000000 0.119213
    185 17.749374 0.295515 0.000000 0.000000 0.000000 -1.158956
    186 5.413528 0.000347 0.000000 0.000000 0.000000 -0.518053
    187 0.017887 0.299792 0.000000 0.000000 0.000000 -0.059581
    188 9.499836 0.000212 0.000000 0.000000 0.000000 0.000000
    189 -1.145525 0.000130 0.000671 0.000000 0.000000 0.000000
    190 -0.857691 0.104071 0.104687 0.023536 0.163924 0.013632
    191 3.999430 -0.000528 -0.000332 -0.339565 0.000000 -0.000024
    192 0.599499 0.400698 0.000236 0.000000 0.000000 0.000000
    193 0.599886 0.400186 -0.000027 0.000000 0.000000 0.000000
    194 2.299677 -2.499979 -0.599480 0.891928 0.221512 -0.527288
    195 8.826133 0.552821 0.453190 1.217821 -0.388107 0.332806
    196 -9.580679 -27.862108 -37.184677 0.812879 -0.123459 -0.568477
    197 0.649935 -0.548296 0.093658 -1.665913 -0.131399 -0.112062
    198 1.899127 0.000427 -0.000439 0.027386 -0.033311 0.477848
    199 0.657078 0.008400 0.040375 -1.665945 -0.131407 -0.000013
    200 1.799664 -0.000240 0.000231 0.027386 -0.033311 0.477848
    201 1.799664 -0.000240 0.000231 0.027386 -0.033311 0.477848
    202 1.799664 -0.000240 0.000231 0.027386 -0.033311 0.477848
    203 0.665774 0.747222 -0.029186 -1.665935 -0.131408 0.094976
    204 1.900306 -0.000137 -0.000517 0.027386 -0.033311 0.477848
    205 4.662004 -5.366334 4.825195 1.569715 1.561305 -3.121216
    206 3.999897 0.000040 0.001007 0.176502 0.000000 0.000000
    207 0.600403 0.399632 -0.000469 0.000000 0.000000 -3.141496
    208 0.599890 0.400186 0.000031 0.000000 0.000000 -3.139640
    209 2.300137 -2.499413 0.600155 -0.892020 -0.221513 -0.527232
    210 12.101563 -3.646484 -1.237305 1.733664 0.203086 0.048277
    211 2.762354 0.116951 1.523975 1.629482 0.064153 1.743800
    212 7.228317 7.928200 -3.925652 2.328713 0.123459 -0.568477
    213 0.650396 -0.547731 -0.092976 1.665913 0.131399 -0.112062
    214 1.899441 -0.000320 -0.000150 -0.027386 0.033311 0.477848
    215 0.657068 0.008398 -0.040379 1.665945 0.131407 -0.000013
    216 1.799659 -0.000233 -0.000233 -0.027386 0.033311 0.477848
    217 1.799659 -0.000233 -0.000233 -0.027386 0.033311 0.477848
    218 1.799659 -0.000233 -0.000233 -0.027386 0.033311 0.477848
    219 0.665778 0.747222 0.029179 1.665935 0.131408 0.094976
    220 1.900722 0.000549 -0.000072 -0.027386 0.033311 0.477848
    221 4.530998 0.000000 0.000000 0.000000 0.000000 0.000000
    222 4.527344 0.000000 0.000000 0.000000 0.000000 0.000000
    223 0.000000 0.000000 0.000000 0.000000 0.000000 0.000000
    224 0.000000 0.000000 0.000000 0.000000 0.000000 0.000000
    225 4.000000 -6.500000 0.000000 0.000000 0.000000 0.000977
    226 -6.500000 0.000000 0.000000 0.000000 1.570795 0.000000
    227 19.238637 -3.187348 8.454515 0.001573 0.005331 0.001585
    228 0.280000 -0.135000 2.196999 1.570796 0.000000 -1.570735
    229 0.000000 0.000000 0.000000 0.000000 0.000000 0.000000
    230 0.000000 0.000000 0.000000 0.026798 0.011170 -0.009672
    231 0.106000 0.000000 -64.320000 0.000000 0.000000 0.000000
    232 0.000000 0.000000 0.000000 0.000000 0.000000 0.000000
    233 -0.106000 0.000000 64.320000 0.000000 0.000000 0.000000
    234 0.003042 -0.001328 -64.319374 0.000009 0.000084 -3.141638
    235 -30.813440 -4.484512 4.054811 0.648315 -0.593716 0.164261
    236 1.688000 -0.001000 -1.454002 0.000000 0.000000 0.000000
    237 -1.070999 -0.005000 0.545002 0.000000 0.000000 0.000000
    238 5.895000 0.750997 -0.156000 0.000000 0.000000 0.000000
    239 11.599999 -0.000003 -1.500002 0.000000 0.000000 0.000000
    240 1.037001 1.337997 -4.334000 -2.791227 -0.162411 -0.765711
    241 7.216001 -0.000003 -1.579000 0.000000 0.000000 0.000000
    242 4.445999 -0.000003 -1.500000 0.000000 0.000000 0.000000
    243 0.673937 -0.015635 -4.768713 -3.141592 -1.281051 3.141593
    244 0.094999 -0.144000 0.332001 0.000000 0.000000 0.000000
    245 14.209020 0.000022 0.766988 0.000000 0.000000 0.000000
    246 0.000000 0.000000 0.000000 1.570800 0.000000 -1.570796
  time 15
    0 0.000000 0.000000 0.000000 0.000000 0.000000 -1.570796
    1 -0.106384 0.000000 -0.000198 0.000000 0.000000 0.000000
    2 0.000000 0.000000 0.000000 0.000000 0.000000 0.000000
    3 -0.904000 0.000000 -11.806000 0.000000 0.000000 0.000000
    4 0.000000 0.000000 -14.313999 1.571297 -1.570750 0.000000
    5 3.533001 0.000000 0.000000 0.000000 0.000000 0.000000
    6 6.250000 0.000000 0.000000 0.000000 0.000000 0.000000
    7 9.568951 7.633070 -1.944020 -1.545328 1.187827 -1.547138
    8 9.592389 5.304874 2.069036 -1.567098 -1.034621 1.562622
    9 5.786820 0.002787 -0.000113 -0.614017 0.250516 -1.072735
    10 5.999492 -0.000592 -4.000343 0.000000 0.000000 0.000000
    11 5.787410 0.002582 0.000893 1.005078 -0.725707 -1.843343
    12 5.999492 -0.000592 4.000340 0.000000 0.000000 0.000000
    13 0.500225 0.000133 -0.000084 -0.032120 0.000024 0.000024
    14 11.530657 0.000349 -0.001308 -0.000005 0.000009 -1.280647
    15 -0.829338 0.893824 0.079659 -0.148839 0.047645 0.087266
    16 0.500225 0.000132 0.000072 0.016618 0.000000 0.000000
    17 11.532495 0.000526 -0.000093 0.000042 0.000038 -1.604702
    18 -0.829586 0.894698 -0.079468 0.045377 -0.019621 0.087266
    19 10.599886 0.000105 -0.000553 -0.306220 0.000000 0.000000
    20 0.279826 -0.372840 -0.000805 0.000000 0.000011 0.640280
    21 11.042053 -0.000189 0.000798 -0.612522 0.006385 0.557011
    22 -11.814724 0.424524 -0.297680 0.247998 -0.066121 -0.042695
    23 10.599878 0.000105 0.000549 0.124082 -0.000060 0.000048
    24 0.513184 -0.495117 0.000699 0.000000 0.000000 0.802658
    25 11.041739 0.003170 -0.000568 0.244980 -0.063136 0.752714
    26 -11.663242 0.094713 0.140656 -0.068591 0.018527 -0.015099
    27 0.610300 -0.939470 0.070347 -1.655548 -0.165953 -0.173459
    28 0.639938 -0.199121 0.060192 -1.665955 -0.131350 -0.066457
    29 0.600155 1.080260 -0.339535 -1.745449 0.118404 0.028191
    30 0.610207 0.400743 -0.010098 -1.761945 -0.002340 0.031235
    31 0.630809 -0.690091 -0.232343 0.270846 -0.063793 -1.052132
    32 -0.792125 0.203736 0.461304 1.439074 -0.003453 -0.018305
    33 0.610300 -0.939469 -0.070354 1.655346 0.140067 -0.175508
    34 0.639938 -0.199121 -0.060200 1.666009 0.131431 -0.066278
    35 0.600157 1.080260 0.339531 1.741683 -0.204071 0.076022
    36 0.610205 0.400743 0.010086 1.762004 -0.015356 0.028098
    37 0.629883 -0.689453 0.230347 -1.014704 -0.861531 -0.665916
    38 -0.626031 -0.069982 -0.080517 -1.447153 0.086151 0.021559
    39 2.621377 -0.002532 -0.001438 0.029939 -0.153325 -0.066145
    40 2.660837 0.000397 -0.000071 -0.004582 -0.092008 -0.105176
    41 2.202488 0.003364 -0.002863 -0.215209 -0.134473 -0.118611
    42 0.599950 0.959236 -0.300102 -0.174544 0.000000 0.000000
    43 2.557190 -0.001967 0.002453 -0.163981 -0.199902 -0.080370
    44 2.098929 0.000032 -0.002193 -0.566321 0.087764 0.658826
    45 0.999378 -0.000238 -1.060928 0.000000 0.000000 0.000000
    46 -0.122641 -0.721855 0.661686 -0.486644 0.223964 0.243056
    47 2.619141 0.000142 -0.000401 -0.053005 0.086821 -0.048204
    48 2.657909 0.004593 -0.000533 0.200435 0.214755 1.264756
    49 2.199219 0.000515 -0.000121 0.236759 0.017677 1.474191
    50 0.599949 0.959244 0.300102 0.174544 0.000000 0.000000
    51 2.558594 -0.000149 -0.000030 0.236782 0.177167 1.399644
    52 2.097656 -0.000096 -0.000402 0.124873 -0.418761 0.877099
    53 0.999512 -0.000598 1.493164 0.000000 0.000000 0.946948
    54 0.310848 -0.606446 -0.498005 0.308107 -0.197598 0.313975
    55 1.869163 -0.000835 -0.000994 -0.000007 -0.000056 0.201602
    56 1.200941 0.399582 -0.000237 -0.009465 0.016087 0.007127
    57 0.000586 0.100342 -0.000319 -0.120035 -0.021926 -0.209617
    58 -0.161663 0.051712 0.194808 -2.941982 0.122408 -0.060194
    59 2.010090 -0.003202 -0.003377 0.000006 0.000001 0.170964
    60 0.000237 0.099800 -0.000395 -0.018823 0.010833 -0.239219
    61 -0.203197 0.048607 0.069150 -3.093332 0.033217 -0.046722
    62 1.180426 -0.002312 0.000781 -0.000002 0.000012 0.124562
    63 -0.000196 0.099625 -0.000034 0.000000 0.000000 -0.314102
    64 -0.088737 -0.688435 -0.145203 2.930407 -0.136130 0.513013
    65 1.712069 0.000578 -0.000088 -0.063975 0.001525 0.284989
    66 -0.000576 0.100143 -0.000311 -0.010914 0.023131 -0.260843
    67 -0.146027 -0.232426 -0.014225 3.028455 -0.094299 0.113020
    68 1.290634 0.000361 -0.000036 -0.211648 0.020949 0.751129
    69 -0.658119 -0.003576 0.072643 -0.142711 0.027792 -0.077299
    70 1.867188 -0.000058 0.000522 0.000000 0.000000 1.450175
    71 1.200075 0.399942 -0.000093 0.009465 -0.016087 0.007127
    72 0.000589 0.100342 0.000319 0.120035 0.021926 -0.209617
    73 0.068073 0.002283 -0.080050 3.111376 -0.069366 -0.060847
    74 2.007813 -0.000883 -0.000381 0.000047 -0.000039 1.379088
    75 0.000233 0.099800 0.000395 0.018823 -0.010833 -0.239219
    76 -0.018673 -0.001009 0.047544 3.109244 0.002635 -0.106673
    77 1.178665 0.001595 0.000845 0.000000 0.000000 0.743988
    78 -0.000196 0.099628 0.000034 0.000000 0.000000 -0.314102
    79 0.036894 -0.634449 0.266284 -2.801062 0.174301 0.490915
    80 1.708008 0.000721 0.000199 0.000000 0.000000 1.160581
    81 -0.000580 0.100140 0.000311 0.010914 -0.023131 -0.260843
    82 -0.003952 -0.281811 0.115047 -3.059162 0.089004 0.167964
    83 1.290039 0.000363 -0.000045 -0.000058 0.000020 0.672665
    84 -0.171526 -0.018150 -0.099873 0.013484 -0.062184 -0.011781
    85 0.916622 0.003336 0.001326 -0.003709 0.002477 -0.086848
    86 -0.342617 0.053402 -0.025571 -2.909301 -0.017248 0.075276
    87 1.100231 -0.000928 -0.002434 0.000009 -0.000022 -0.205535
    88 -0.384979 0.331001 0.006848 -3.087207 -0.018765 -0.184278
    89 0.678146 0.002286 0.000002 -0.000006 -0.000007 -0.051206
    90 -0.123848 0.072738 0.029507 2.898184 -0.060627 0.094835
    91 1.017166 -0.000154 -0.000252 -0.063913 0.001496 0.643911
    92 -0.344990 0.123129 0.143151 2.994981 0.012396 0.059140
    93 -0.730989 0.177046 0.039141 -0.123731 0.076518 -0.084310
    94 0.918945 0.000403 0.000087 0.000000 0.000000 0.471850
    95 -0.124023 -0.052090 0.038495 3.077813 -0.008519 0.039229
    96 1.099609 0.000007 0.000468 0.000016 0.000059 0.545759
    97 -0.330082 0.160639 0.042780 3.128073 0.034033 -0.171236
    98 0.679199 -0.000816 0.000174 0.000000 0.000000 0.674789
    99 -0.019512 -0.016531 0.038578 -2.763781 0.050305 0.076829
    100 1.019531 -0.000026 -0.000398 0.000015 0.000057 0.497121
    101 -0.155308 0.130644 -0.021921 -3.022466 0.022433 -0.024902
    102 -0.252207 0.061937 -0.024914 -0.007671 -0.063171 -0.044392
    103 -0.085995 0.185205 -0.015180 -2.937063 -0.113970 -0.138991
    104 -0.286533 0.179852 0.024264 -3.109353 -0.049645 -0.029914
    105 -0.019482 0.147083 0.079203 2.893815 0.038585 -0.060594
    106 -0.046482 0.251896 0.129548 3.016165 0.077112 -0.042864
    107 0.039124 -0.040295 0.047739 3.084219 0.030470 -0.037414
    108 -0.233757 0.066630 0.001754 -3.133087 0.040141 -0.065412
    109 0.044266 0.020131 0.001684 -2.778763 -0.118872 -0.040488
    110 0.071495 0.074128 -0.048302 -3.035917 -0.059482 0.104366
    111 0.000000 0.000000 0.000000 0.000000 0.000000 -1.570796
    112 -3.199316 -7.832270 -2.894620 -0.011883 0.004976 -1.569305
    113 0.000000 0.000000 0.000000 0.000000 0.000000 0.000000
    114 -3.187597 -18.227119 -3.336039 -0.011891 0.005008 -1.569305
    115 3.096000 0.000000 -1.996000 0.000000 0.000000 0.000000
    116 3.040999 0.000000 1.202000 0.000000 0.000000 0.000000
    117 7.854000 0.000000 -0.042000 0.000000 0.000000 0.000000
    118 13.105999 0.000000 -0.006000 0.000000 0.000000 0.000000
    119 3.456000 0.000000 -1.084000 0.000000 0.000000 0.000000
    120 1.804000 0.000000 -1.025000 0.000000 0.000000 0.000000
    121 7.098000 0.000000 -1.084000 0.000000 0.000000 0.000000
    122 -5.534570 3.707495 -1.517955 -1.224380 -0.174391 -0.477073
    123 3.740000 0.000000 1.273000 0.000000 0.000000 0.000000
    124 11.956999 0.000000 -0.006000 0.000000 0.000000 0.000000
    125 6.072001 0.000000 -1.238000 0.000000 0.000000 0.000000
    126 5.690000 -0.365000 0.068000 0.000000 -0.349029 -1.570796
    127 6.396999 0.614000 0.428000 0.000000 0.000000 0.000000
    128 3.040999 0.000000 1.202000 0.000000 0.000000 0.000000
    129 3.720000 0.000000 1.202000 0.000000 0.000000 0.000000
    130 1.086000 -0.661000 -0.149000 1.570766 -0.000012 0.000012
    131 1.067000 0.589000 0.076000 -1.047226 0.000000 0.000000
    132 0.000000 -0.019000 0.000000 0.000000 0.000000 0.000000
    133 0.000000 -0.019000 0.000000 0.000000 0.000000 0.000000
    134 3.300000 -0.019000 1.346000 0.000000 0.000000 0.000000
    135 -1.524000 -1.859000 -4.367000 -1.730306 -0.014954 0.208139
    136 7.283999 0.000000 -2.195000 0.000000 0.000000 0.000000
    137 -1.323000 0.000000 0.184000 0.000000 0.000000 0.000000
    138 0.082000 0.000000 1.002000 0.000000 0.000000 0.000000
    139 -19.233703 3.964965 -60.860832 0.011872 -0.004965 -0.001519
    140 0.478000 0.000000 -4.537000 0.000000 0.000000 0.000000
    141 3.436000 0.000000 1.202000 0.000000 0.000000 0.000000
    142 3.040999 0.000000 1.202000 0.000000 0.000000 0.000000
    143 4.657000 0.000000 1.545000 0.000000 0.000000 0.000000
    144 -0.403000 0.000000 -0.011000 0.000000 0.000000 0.000000
    145 1.781000 0.000000 0.873000 0.000000 0.000000 0.000000
    146 0.384000 0.715000 0.801000 0.000000 0.000000 0.000000
    147 1.795000 0.533000 -1.550000 0.000000 0.000000 0.000000
    148 4.435999 0.595000 -0.954000 0.000000 0.000000 0.000000
    149 4.401999 -0.614000 -1.630000 0.000000 0.000000 0.000000
    150 4.203000 -0.003000 -0.048000 0.000000 0.000000 0.000000
    151 5.136000 0.000000 1.534000 0.000000 0.000000 0.000000
    152 11.957001 0.000000 -0.006000 0.000000 0.000000 0.000000
    153 -2.103001 0.000000 0.000000 0.000000 0.000000 0.000000
    154 -0.598001 0.000000 -0.011000 0.000000 0.000000 0.000000
    155 0.496000 0.184000 -3.523000 0.000000 0.000000 0.000000
    156 0.147000 0.184000 -0.328000 0.000000 0.000000 0.000000
    157 0.147000 0.184000 0.023000 0.000000 0.000000 0.000000
    158 0.147000 0.184000 0.368000 0.000000 0.000000 0.000000
    159 0.147000 0.184000 0.717000 0.000000 0.000000 0.000000
    160 0.147000 0.184000 1.067000 0.000000 0.000000 0.000000
    161 0.148000 0.184000 1.414000 0.000000 0.000000 0.000000
    162 0.148000 -0.074000 1.640000 0.000000 0.000000 0.000000
    163 0.435000 0.184000 -3.179000 0.000000 0.000000 0.000000
    164 0.378000 0.184000 -2.826000 0.000000 0.000000 0.000000
    165 0.329000 0.184000 -2.477000 0.000000 0.000000 0.000000
    166 0.286000 0.184000 -2.127000 0.000000 0.000000 0.000000
    167 0.252000 0.184000 -1.775000 0.000000 0.000000 0.000000
    168 0.215000 0.184000 -1.417000 0.000000 0.000000 0.000000
    169 0.190000 0.184000 -1.064000 0.000000 0.000000 0.000000
    170 0.166000 0.184000 -0.714000 0.000000 0.000000 0.000000
    171 1.622000 0.000000 1.568000 0.000000 0.000000 0.000000
    172 2.240000 0.000000 1.568000 0.000000 0.000000 0.000000
    173 0.000000 0.000000 0.000000 0.000000 0.000000 0.000000
    174 0.000000 0.000000 -4.867001 3.141572 -0.003206 -3.128592
    175 1.000088 -0.000029 0.000000 0.000000 0.000000 0.000000
    176 17.162518 -0.000404 0.000000 0.000000 0.000000 0.119213
    177 17.749374 0.295515 0.000000 0.000000 0.000000 -1.158956
    178 5.413528 0.000347 0.000000 0.000000 0.000000 -0.518053
    179 0.017887 0.299792 0.000000 0.000000 0.000000 -0.059581
    180 9.999889 -0.000303 0.000000 0.000000 0.000000 0.000000
    181 0.000000 0.000000 4.867000 3.141572 -0.003206 -3.128592
    182 1.000088 -0.000029 0.000000 0.000000 0.000000 0.000000
    183 12.283573 1.581455 -4.695999 1.462269 -0.086726 0.090185
    184 17.162518 -0.000404 0.000000 0.000000 0.000000 0.119213
    185 17.749374 0.295515 0.000000 0.000000 0.000000 -1.158956
    186 5.413528 0.000347 0.000000 0.000000 0.000000 -0.518053
    187 0.017887 0.299792 0.000000 0.000000 0.000000 -0.059581
    188 9.499836 0.000212 0.000000 0.000000 0.000000 0.000000
    189 -1.145525 0.000130 0.000671 0.000000 0.000000 0.000000
    190 -0.857691 0.104071 0.104687 0.023536 0.163924 0.013632
    191 3.999430 -0.000528 -0.000332 -0.346458 0.000000 0.000000
    192 0.599499 0.400698 0.000236 0.000000 0.000000 0.000000
    193 0.599886 0.400186 -0.000027 0.000000 0.000000 0.000000
    194 2.299677 -2.499979 -0.599480 0.891928 0.221512 -0.527288
    195 8.943324 0.502039 0.250059 1.200887 -0.389321 0.331243
    196 -9.580679 -27.862108 -37.184677 0.812879 -0.123459 -0.568477
    197 0.649935 -0.548296 0.093658 -1.665913 -0.131399 -0.112062
    198 1.899127 0.000427 -0.000439 0.027386 -0.033311 0.477848
    199 0.657078 0.008400 0.040375 -1.665945 -0.131407 -0.000013
    200 1.799664 -0.000240 0.000231 0.027386 -0.033311 0.477848
    201 1.799664 -0.000240 0.000231 0.027386 -0.033311 0.477848
    202 1.799664 -0.000240 0.000231 0.027386 -0.033311 0.477848
    203 0.665774 0.747222 -0.029186 -1.665935 -0.131408 0.094976
    204 1.900306 -0.000137 -0.000517 0.027386 -0.033311 0.477848
    205 4.662004 -5.366334 4.825195 1.569715 1.561305 -3.121216
    206 3.999897 0.000040 0.001007 0.169075 0.000000 0.000000
    207 0.600403 0.399632 -0.000469 0.000000 0.000000 -3.141496
    208 0.599890 0.400186 0.000031 0.000000 0.000000 -3.139640
    209 2.300137 -2.499413 0.600155 -0.892020 -0.221513 -0.527232
    210 12.101563 -3.646484 -1.237305 1.733664 0.203086 0.048277
    211 2.762354 0.116951 1.523975 1.629482 0.064153 1.743800
    212 7.228317 7.928200 -3.925652 2.328713 0.123459 -0.568477
    213 0.650396 -0.547731 -0.092976 1.665913 0.131399 -0.112062
    214 1.899441 -0.000320 -0.000150 -0.027386 0.033311 0.477848
    215 0.657068 0.008398 -0.040379 1.665945 0.131407 -0.000013
    216 1.799659 -0.000233 -0.000233 -0.027386 0.033311 0.477848
    217 1.799659 -0.000233 -0.000233 -0.027386 0.033311 0.477848
    218 1.799659 -0.000233 -0.000233 -0.027386 0.033311 0.477848
    219 0.665778 0.747222 0.029179 1.665935 0.131408 0.094976
    220 1.900722 0.000549 -0.000072 -0.027386 0.033311 0.477848
    221 4.530998 0.000000 0.000000 0.000000 0.000000 0.000000
    222 4.527344 0.000000 0.000000 0.000000 0.000000 0.000000
    223 0.000000 0.000000 0.000000 0.000000 0.000000 0.000000
    224 0.000000 0.000000 0.000000 0.000000 0.000000 0.000000
    225 4.000000 -6.500000 0.000000 0.000000 0.000000 0.000977
    226 -6.500000 0.000000 0.000000 0.000000 1.570795 0.000000
    227 19.238637 -3.187348 8.466235 -0.011883 0.004975 0.001492
    228 0.280000 -0.135000 2.196999 1.570796 0.000000 -1.570735
    229 0.000000 0.000000 0.000000 0.000000 0.000000 0.000000
    230 0.000000 0.000000 0.000000 0.021968 0.007598 -0.008941
    231 0.106000 0.000000 -64.320000 0.000000 0.000000 0.000000
    232 0.000000 0.000000 0.000000 0.000000 0.000000 0.000000
    233 -0.106000 0.000000 64.320000 0.000000 0.000000 0.000000
    234 0.003042 -0.001328 -64.319374 0.000009 0.000084 -3.141638
    235 -30.813440 -4.484512 4.054811 0.648315 -0.593753 0.164261
    236 1.688000 -0.001000 -1.454002 0.000000 0.000000 0.000000
    237 -1.070999 -0.005000 0.545002 0.000000 0.000000 0.000000
    238 5.895000 0.750997 -0.156000 0.000000 0.000000 0.000000
    239 11.599999 -0.000003 -1.500002 0.000000 0.000000 0.000000
    240 1.037001 1.337997 -4.334000 -2.791227 -0.162411 -0.765711
    241 7.216001 -0.000003 -1.579000 0.000000 0.000000 0.000000
    242 4.445999 -0.000003 -1.500000 0.000000 0.000000 0.000000
    243 0.673937 -0.015635 -4.768713 -3.141592 -1.281051 3.141593
    244 0.094999 -0.144000 0.332001 0.000000 0.000000 0.000000
    245 14.209020 0.000022 0.766988 0.000000 0.000000 0.000000
    246 0.000000 0.000000 0.000000 1.570800 0.000000 -1.570796
  time 16
    0 0.000000 0.000000 0.000000 0.000000 0.000000 -1.570796
    1 -0.106384 0.000000 -0.000198 0.000000 0.000000 0.000000
    2 0.000000 0.000000 0.000000 0.000000 0.000000 0.000000
    3 -0.904000 0.000000 -11.806000 0.000000 0.000000 0.000000
    4 0.000000 0.000000 -14.313999 1.571297 -1.570750 0.000000
    5 3.533001 0.000000 0.000000 0.000000 0.000000 0.000000
    6 6.250000 0.000000 0.000000 0.000000 0.000000 0.000000
    7 9.568951 7.633070 -1.944020 -1.545328 1.187827 -1.547138
    8 9.596295 5.304874 2.065130 -1.567098 -1.034476 1.563005
    9 5.786820 0.002787 -0.000113 -0.606944 0.246151 -1.059999
    10 5.999492 -0.000592 -4.000343 0.000000 0.000000 0.000000
    11 5.787410 0.002582 0.000893 1.001474 -0.724860 -1.841350
    12 5.999492 -0.000592 4.000340 0.000000 0.000000 0.000000
    13 0.500225 0.000133 -0.000084 -0.033849 0.000060 0.000000
    14 11.530657 0.000349 -0.001308 -0.000053 -0.000027 -1.288702
    15 -0.829338 0.893824 0.079659 -0.148839 0.047645 0.087266
    16 0.500225 0.000132 0.000072 0.016684 0.000000 0.000000
    17 11.532495 0.000526 -0.000093 0.000042 0.000038 -1.604540
    18 -0.829586 0.894698 -0.079468 0.045377 -0.019621 0.087266
    19 10.599886 0.000105 -0.000553 -0.303599 0.000000 0.000000
    20 0.283733 -0.372840 -0.000805 0.000000 0.000011 0.644401
    21 11.042053 -0.000189 0.000798 -0.607252 0.005349 0.556811
    22 -11.814724 0.424524 -0.297680 0.247998 -0.066121 -0.042695
    23 10.599878 0.000105 0.000549 0.124344 -0.000060 0.000048
    24 0.513184 -0.495117 0.000699 0.000000 0.000000 0.802658
    25 11.041739 0.003170 -0.000568 0.248358 -0.062348 0.751877
    26 -11.663242 0.094713 0.140656 -0.068591 0.018527 -0.015099
    27 0.610300 -0.939470 0.070347 -1.655497 -0.162238 -0.173758
    28 0.639938 -0.199121 0.060192 -1.665955 -0.131350 -0.066457
    29 0.600155 1.080260 -0.339535 -1.743434 0.104548 0.039576
    30 0.610207 0.400743 -0.010098 -1.761945 -0.011412 0.033009
    31 0.630809 -0.690091 -0.232343 0.229165 -0.032104 -1.055539
    32 -0.792125 0.203736 0.461304 1.439074 -0.003453 -0.018305
    33 0.610300 -0.939469 -0.070354 1.655346 0.140067 -0.175508
    34 0.639938 -0.199121 -0.060200 1.666009 0.131431 -0.066278
    35 0.600157 1.080260 0.339531 1.741683 -0.204071 0.076022
    36 0.610205 0.400743 0.010086 1.762004 -0.015356 0.028098
    37 0.629883 -0.689453 0.230347 -1.014704 -0.861531 -0.665916
    38 -0.626031 -0.069982 -0.080517 -1.447153 0.086151 0.021559
    39 2.621377 -0.002532 -0.001438 0.028349 -0.121746 -0.048834
    40 2.660837 0.000397 -0.000071 -0.005723 -0.090256 -0.082805
    41 2.202488 0.003364 -0.002863 -0.201908 -0.122709 -0.081662
    42 0.599950 0.959236 -0.300102 -0.174544 0.000000 0.000000
    43 2.557190 -0.001967 0.002453 -0.146016 -0.189475 -0.053357
    44 2.098929 0.000032 -0.002193 -0.567677 0.086321 0.653630
    45 0.999378 -0.000238 -1.060928 0.000000 0.000000 0.000000
    46 -0.122641 -0.721855 0.661686 -0.486644 0.223964 0.243056
    47 2.619141 0.000142 -0.000401 -0.053005 0.086821 -0.048204
    48 2.657909 0.004593 -0.000533 0.200435 0.214755 1.264756
    49 2.199219 0.000515 -0.000121 0.236759 0.017677 1.474191
    50 0.599949 0.959244 0.300102 0.174544 0.000000 0.000000
    51 2.558594 -0.000149 -0.000030 0.236782 0.177167 1.399644
    52 2.097656 -0.000096 -0.000402 0.124873 -0.418761 0.877099
    53 0.999512 -0.000598 1.493164 0.000000 0.000000 0.946948
    54 0.310848 -0.606446 -0.498005 0.308107 -0.197598 0.313975
    55 1.869163 -0.000835 -0.000994 -0.000007 -0.000020 0.224791
    56 1.200941 0.399582 -0.000237 -0.009465 0.016087 0.007127
    57 0.000586 0.100342 -0.000319 -0.120035 -0.021926 -0.209617
    58 -0.161663 0.051712 0.194808 -2.941982 0.122408 -0.060194
    59 2.010090 -0.003202 -0.003377 0.000006 0.000001 0.213301
    60 0.000237 0.099800 -0.000395 -0.018823 0.010833 -0.239219
    61 -0.203197 0.048607 0.069150 -3.093332 0.033217 -0.046722
    62 1.180426 -0.002312 0.000781 -0.000002 0.000000 0.159477
    63 -0.000196 0.099625 -0.000034 0.000000 0.000000 -0.314102
    64 -0.088737 -0.688435 -0.145203 2.930407 -0.136130 0.513013
    65 1.712069 0.000578 -0.000088 -0.055035 0.001274 0.285293
    66 -0.000576 0.100143 -0.000311 -0.010914 0.023131 -0.260843
    67 -0.146027 -0.232426 -0.014225 3.028455 -0.094299 0.113020
    68 1.290634 0.000361 -0.000036 -0.193348 0.017701 0.653736
    69 -0.658119 -0.003576 0.072643 -0.142711 0.027792 -0.077299
    70 1.867188 -0.000058 0.000522 0.000000 0.000000 1.450175
    71 1.200075 0.399942 -0.000093 0.009465 -0.016087 0.007127
    72 0.000589 0.100342 0.000319 0.120035 0.021926 -0.209617
    73 0.068073 0.002283 -0.080050 3.111376 -0.069366 -0.060847
    74 2.007813 -0.000883 -0.000381 0.000047 -0.000039 1.379088
    75 0.000233 0.099800 0.000395 0.018823 -0.010833 -0.239219
    76 -0.018673 -0.001009 0.047544 3.109244 0.002635 -0.106673
    77 1.178665 0.001595 0.000845 0.000000 0.000000 0.743988
    78 -0.000196 0.099628 0.000034 0.000000 0.000000 -0.314102
    79 0.036894 -0.634449 0.266284 -2.801062 0.174301 0.490915
    80 1.708008 0.000721 0.000199 0.000000 0.000000 1.160581
    81 -0.000580 0.100140 0.000311 0.010914 -0.023131 -0.260843
    82 -0.003952 -0.281811 0.115047 -3.059162 0.089004 0.167964
    83 1.290039 0.000363 -0.000045 -0.000058 0.000020 0.672665
    84 -0.171526 -0.018150 -0.099873 0.013484 -0.062184 -0.011781
    85 0.916622 0.003336 0.001326 -0.003709 0.002549 -0.064078
    86 -0.342617 0.053402 -0.025571 -2.909301 -0.017248 0.075276
    87 1.100231 -0.000928 -0.002434 0.000009 -0.000058 -0.193845
    88 -0.384979 0.331001 0.006848 -3.087207 -0.018765 -0.184278
    89 0.678146 0.002286 0.000002 0.000030 -0.000007 -0.018316
    90 -0.123848 0.072738 0.029507 2.898184 -0.060627 0.094835
    91 1.017166 -0.000154 -0.000252 -0.055787 0.001376 0.614762
    92 -0.344990 0.123129 0.143151 2.994981 0.012396 0.059140
    93 -0.730989 0.177046 0.039141 -0.123731 0.076518 -0.084310
    94 0.918945 0.000403 0.000087 0.000000 0.000000 0.471850
    95 -0.124023 -0.052090 0.038495 3.077813 -0.008519 0.039229
    96 1.099609 0.000007 0.000468 0.000016 0.000059 0.545759
    97 -0.330082 0.160639 0.042780 3.128073 0.034033 -0.171236
    98 0.679199 -0.000816 0.000174 0.000000 0.000000 0.674789
    99 -0.019512 -0.016531 0.038578 -2.763781 0.050305 0.076829
    100 1.019531 -0.000026 -0.000398 0.000015 0.000057 0.497121
    101 -0.155308 0.130644 -0.021921 -3.022466 0.022433 -0.024902
    102 -0.252207 0.061937 -0.024914 -0.007671 -0.063171 -0.044392
    103 -0.085995 0.185205 -0.015180 -2.937063 -0.113970 -0.138991
    104 -0.286533 0.179852 0.024264 -3.109353 -0.049645 -0.029914
    105 -0.019482 0.147083 0.079203 2.893815 0.038585 -0.060594
    106 -0.046482 0.251896 0.129548 3.016165 0.077112 -0.042864
    107 0.039124 -0.040295 0.047739 3.084219 0.030470 -0.037414
    108 -0.233757 0.066630 0.001754 -3.133087 0.040141 -0.065412
    109 0.044266 0.020131 0.001684 -2.778763 -0.118872 -0.040488
    110 0.071495 0.074128 -0.048302 -3.035917 -0.059482 0.104366
    111 0.000000 0.000000 0.000000 0.000000 0.000000 -1.570796
    112 -3.199316 -7.828364 -2.886807 -0.011184 0.004265 -1.569398
    113 0.000000 0.000000 0.000000 0.000000 0.000000 0.000000
    114 -3.187597 -18.223212 -3.320414 -0.011154 0.004248 -1.569398
    115 3.096000 0.000000 -1.996000 0.000000 0.000000 0.000000
    116 3.040999 0.000000 1.202000 0.000000 0.000000 0.000000
    117 7.854000 0.000000 -0.042000 0.000000 0.000000 0.000000
    118 13.105999 0.000000 -0.006000 0.000000 0.000000 0.000000
    119 3.456000 0.000000 -1.084000 0.000000 0.000000 0.000000
    120 1.804000 0.000000 -1.025000 0.000000 0.000000 0.000000
    121 7.098000 0.000000 -1.084000 0.000000 0.000000 0.000000
    122 -5.534570 3.848125 -1.482797 -1.209854 -0.179222 -0.473791
    123 3.740000 0.000000 1.273000 0.000000 0.000000 0.000000
    124 11.956999 0.000000 -0.006000 0.000000 0.000000 0.000000
    125 6.072001 0.000000 -1.238000 0.000000 0.000000 0.000000
    126 5.690000 -0.365000 0.068000 0.000000 -0.349029 -1.570796
    127 6.396999 0.614000 0.428000 0.000000 0.000000 0.000000
    128 3.040999 0.000000 1.202000 0.000000 0.000000 0.000000
    129 3.720000 0.000000 1.202000 0.000000 0.000000 0.000000
    130 1.086000 -0.661000 -0.149000 1.658010 -0.000084 0.000000
    131 1.067000 0.589000 0.076000 -1.047226 0.000000 0.000000
    132 0.000000 -0.019000 0.000000 0.000000 0.000000 0.000000
    133 0.000000 -0.019000 0.000000 0.000000 0.000000 0.000000
    134 3.300000 -0.019000 1.346000 0.000000 0.000000 0.000000
    135 -1.524000 -1.859000 -4.367000 -1.730306 -0.014954 0.208139
    136 7.283999 0.000000 -2.195000 0.000000 0.000000 0.000000
    137 -1.323000 0.000000 0.184000 0.000000 0.000000 0.000000
    138 0.082000 0.000000 1.002000 0.000000 0.000000 0.000000
    139 -19.280579 3.964965 -60.856925 0.011112 -0.004256 -0.001424
    140 0.478000 0.000000 -4.537000 0.000000 0.000000 0.000000
    141 3.436000 0.000000 1.202000 0.000000 0.000000 0.000000
    142 3.040999 0.000000 1.202000 0.000000 0.000000 0.000000
    143 4.657000 0.000000 1.545000 0.000000 0.000000 0.000000
    144 -0.403000 0.000000 -0.011000 0.000000 0.000000 0.000000
    145 1.781000 0.000000 0.873000 0.000000 0.000000 0.000000
    146 0.384000 0.715000 0.801000 0.000000 0.000000 0.000000
    147 1.795000 0.533000 -1.550000 0.000000 0.000000 0.000000
    148 4.435999 0.595000 -0.954000 0.000000 0.000000 0.000000
    149 4.401999 -0.614000 -1.630000 0.000000 0.000000 0.000000
    150 4.203000 -0.003000 -0.048000 0.000000 0.000000 0.000000
    151 5.136000 0.000000 1.534000 0.000000 0.000000 0.000000
    152 11.957001 0.000000 -0.006000 0.000000 0.000000 0.000000
    153 -2.103001 0.000000 0.000000 0.000000 0.000000 0.000000
    154 -0.598001 0.000000 -0.011000 0.000000 0.000000 0.000000
    155 0.496000 0.184000 -3.523000 0.000000 0.000000 0.000000
    156 0.147000 0.184000 -0.328000 0.000000 0.000000 0.000000
    157 0.147000 0.184000 0.023000 0.000000 0.000000 0.000000
    158 0.147000 0.184000 0.368000 0.000000 0.000000 0.000000
    159 0.147000 0.184000 0.717000 0.000000 0.000000 0.000000
    160 0.147000 0.184000 1.067000 0.000000 0.000000 0.000000
    161 0.148000 0.184000 1.414000 0.000000 0.000000 0.000000
    162 0.148000 -0.074000 1.640000 0.000000 0.000000 0.000000
    163 0.435000 0.184000 -3.179000 0.000000 0.000000 0.000000
    164 0.378000 0.184000 -2.826000 0.000000 0.000000 0.000000
    165 0.329000 0.184000 -2.477000 0.000000 0.000000 0.000000
    166 0.286000 0.184000 -2.127000 0.000000 0.000000 0.000000
    167 0.252000 0.184000 -1.775000 0.000000 0.000000 0.000000
    168 0.215000 0.184000 -1.417000 0.000000 0.000000 0.000000
    169 0.190000 0.184000 -1.064000 0.000000 0.000000 0.000000
    170 0.166000 0.184000 -0.714000 0.000000 0.000000 0.000000
    171 1.622000 0.000000 1.568000 0.000000 0.000000 0.000000
    172 2.240000 0.000000 1.568000 0.000000 0.000000 0.000000
    173 0.000000 0.000000 0.000000 0.000000 0.000000 0.000000
    174 0.000000 0.000000 -4.867001 3.141572 -0.003206 -3.128592
    175 1.000088 -0.000029 0.000000 0.000000 0.000000 0.000000
    176 17.162518 -0.000404 0.000000 0.000000 0.000000 0.119213
    177 17.749374 0.295515 0.000000 0.000000 0.000000 -1.158956
    178 5.413528 0.000347 0.000000 0.000000 0.000000 -0.518053
    179 0.017887 0.299792 0.000000 0.000000 0.000000 -0.059581
    180 9.999889 -0.000303 0.000000 0.000000 0.000000 0.000000
    181 0.000000 0.000000 4.867000 3.141572 -0.003206 -3.128592
    182 1.000088 -0.000029 0.000000 0.000000 0.000000 0.000000
    183 12.283573 1.581455 -4.695999 1.462269 -0.086726 0.090185
    184 17.162518 -0.000404 0.000000 0.000000 0.000000 0.119213
    185 17.749374 0.295515 0.000000 0.000000 0.000000 -1.158956
    186 5.413528 0.000347 0.000000 0.000000 0.000000 -0.518053
    187 0.017887 0.299792 0.000000 0.000000 0.000000 -0.059581
    188 9.499836 0.000212 0.000000 0.000000 0.000000 0.000000
    189 -1.145525 0.000130 0.000671 0.000000 0.000000 0.000000
    190 -0.857691 0.104071 0.104687 0.023536 0.163924 0.013632
    191 3.999430 -0.000528 -0.000332 -0.343748 0.000000 0.000000
    192 0.599499 0.400698 0.000236 0.000000 0.000000 0.000000
    193 0.599886 0.400186 -0.000027 0.000000 0.000000 0.000000
    194 2.299677 -2.499979 -0.599480 0.891928 0.221512 -0.527288
    195 9.001919 0.545009 0.078179 1.187205 -0.379908 0.339793
    196 -9.580679 -27.862108 -37.184677 0.812879 -0.123459 -0.568477
    197 0.649935 -0.548296 0.093658 -1.665913 -0.131399 -0.112062
    198 1.899127 0.000427 -0.000439 0.027386 -0.033311 0.477848
    199 0.657078 0.008400 0.040375 -1.665945 -0.131407 -0.000013
    200 1.799664 -0.000240 0.000231 0.027386 -0.033311 0.477848
    201 1.799664 -0.000240 0.000231 0.027386 -0.033311 0.477848
    202 1.799664 -0.000240 0.000231 0.027386 -0.033311 0.477848
    203 0.665774 0.747222 -0.029186 -1.665935 -0.131408 0.094976
    204 1.900306 -0.000137 -0.000517 0.027386 -0.033311 0.477848
    205 4.662004 -5.366334 4.825195 1.569715 1.561305 -3.121216
    206 3.999897 0.000040 0.001007 0.168944 0.000000 0.000000
    207 0.600403 0.399632 -0.000469 0.000000 0.000000 -3.141496
    208 0.599890 0.400186 0.000031 0.000000 0.000000 -3.139640
    209 2.300137 -2.499413 0.600155 -0.892020 -0.221513 -0.527232
    210 12.101563 -3.646484 -1.237305 1.733664 0.203086 0.048277
    211 2.762354 0.116951 1.523975 1.629482 0.064153 1.743800
    212 7.228317 7.928200 -3.925652 2.328713 0.123459 -0.568477
    213 0.650396 -0.547731 -0.092976 1.665913 0.131399 -0.112062
    214 1.899441 -0.000320 -0.000150 -0.027386 0.033311 0.477848
    215 0.657068 0.008398 -0.040379 1.665945 0.131407 -0.000013
    216 1.799659 -0.000233 -0.000233 -0.027386 0.033311 0.477848
    217 1.799659 -0.000233 -0.000233 -0.027386 0.033311 0.477848
    218 1.799659 -0.000233 -0.000233 -0.027386 0.033311 0.477848
    219 0.665778 0.747222 0.029179 1.665935 0.131408 0.094976
    220 1.900722 0.000549 -0.000072 -0.027386 0.033311 0.477848
    221 4.530998 0.000000 0.000000 0.000000 0.000000 0.000000
    222 4.527344 0.000000 0.000000 0.000000 0.000000 0.000000
    223 0.000000 0.000000 0.000000 0.000000 0.000000 0.000000
    224 0.000000 0.000000 0.000000 0.000000 0.000000 0.000000
    225 4.000000 -6.500000 0.000000 0.000000 0.000000 0.000977
    226 -6.500000 0.000000 0.000000 0.000000 1.570795 0.000000
    227 19.234730 -3.187348 8.481860 -0.011184 0.004265 0.001399
    228 0.280000 -0.135000 2.196999 1.570796 0.000000 -1.570735
    229 0.000000 0.000000 0.000000 0.000000 0.000000 0.000000
    230 0.000000 0.000000 0.000000 0.017126 0.004027 -0.008197
    231 0.106000 0.000000 -64.320000 0.000000 0.000000 0.000000
    232 0.000000 0.000000 0.000000 0.000000 0.000000 0.000000
    233 -0.106000 0.000000 64.320000 0.000000 0.000000 0.000000
    234 0.003042 -0.001328 -64.319374 0.000009 0.000084 -3.141638
    235 -30.813440 -4.484512 4.054811 0.648315 -0.593753 0.164261
    236 1.688000 -0.001000 -1.454002 0.000000 0.000000 0.000000
    237 -1.070999 -0.005000 0.545002 0.000000 0.000000 0.000000
    238 5.895000 0.750997 -0.156000 0.000000 0.000000 0.000000
    239 11.599999 -0.000003 -1.500002 0.000000 0.000000 0.000000
    240 1.037001 1.337997 -4.334000 -2.791227 -0.162411 -0.765711
    241 7.216001 -0.000003 -1.579000 0.000000 0.000000 0.000000
    242 4.445999 -0.000003 -1.500000 0.000000 0.000000 0.000000
    243 0.673937 -0.015635 -4.768713 -3.141592 -1.281051 3.141593
    244 0.094999 -0.144000 0.332001 0.000000 0.000000 0.000000
    245 14.209020 0.000022 0.766988 0.000000 0.000000 0.000000
    246 0.000000 0.000000 0.000000 1.570800 0.000000 -1.570796
  time 17
    0 0.000000 0.000000 0.000000 0.000000 0.000000 -1.570796
    1 -0.106384 0.000000 -0.000198 0.000000 0.000000 0.000000
    2 0.000000 0.000000 0.000000 0.000000 0.000000 0.000000
    3 -0.904000 0.000000 -11.806000 0.000000 0.000000 0.000000
    4 0.000000 0.000000 -14.313999 1.571297 -1.570750 0.000000
    5 3.533001 0.000000 0.000000 0.000000 0.000000 0.000000
    6 6.250000 0.000000 0.000000 0.000000 0.000000 0.000000
    7 9.568951 7.453377 -1.944020 -1.545328 1.187827 -1.547138
    8 9.596295 5.304874 2.065130 -1.567098 -1.034403 1.563388
    9 5.786820 0.002787 -0.000113 -0.592127 0.254576 -1.047908
    10 5.999492 -0.000592 -4.000343 0.000000 0.000000 0.000000
    11 5.787410 0.002582 0.000893 1.000436 -0.724766 -1.840988
    12 5.999492 -0.000592 4.000340 0.000000 0.000000 0.000000
    13 0.500225 0.000133 -0.000084 -0.039718 0.000000 0.000000
    14 11.530657 0.000349 -0.001308 -0.000053 -0.000027 -1.304888
    15 -0.829338 0.893824 0.079659 -0.148839 0.047645 0.087266
    16 0.500225 0.000132 0.000072 0.016684 0.000000 0.000000
    17 11.532495 0.000526 -0.000093 0.000042 0.000038 -1.604379
    18 -0.829586 0.894698 -0.079468 0.045377 -0.019621 0.087266
    19 10.599886 0.000105 -0.000553 -0.305615 0.000000 0.000000
    20 0.287639 -0.376746 -0.000805 0.000024 0.000047 0.652431
    21 11.042053 -0.000189 0.000798 -0.611250 -0.025586 0.548623
    22 -11.814724 0.424524 -0.297680 0.247998 -0.066121 -0.042695
    23 10.599878 0.000105 0.000549 0.124606 -0.000060 0.000048
    24 0.513184 -0.495117 0.000699 0.000000 0.000000 0.802658
    25 11.041739 0.003170 -0.000568 0.249756 -0.061691 0.751180
    26 -11.663242 0.094713 0.140656 -0.068591 0.018527 -0.015099
    27 0.610300 -0.939470 0.070347 -1.655447 -0.158511 -0.174058
    28 0.639938 -0.199121 0.060192 -1.665955 -0.131350 -0.066457
    29 0.600155 1.080260 -0.339535 -1.741630 0.087591 0.053406
    30 0.610207 0.400743 -0.010098 -1.761945 -0.020485 0.034794
    31 0.630809 -0.690091 -0.232343 0.182567 0.006906 -1.058908
    32 -0.792125 0.203736 0.461304 1.439074 -0.003453 -0.018305
    33 0.610300 -0.939469 -0.070354 1.655346 0.140067 -0.175496
    34 0.639938 -0.199121 -0.060200 1.666009 0.131431 -0.066278
    35 0.600157 1.080260 0.339531 1.741683 -0.204071 0.076022
    36 0.610205 0.400743 0.010086 1.762004 -0.015356 0.028098
    37 0.629883 -0.689453 0.230347 -1.014704 -0.861531 -0.665916
    38 -0.626031 -0.069982 -0.080517 -1.447153 0.086151 0.021559
    39 2.621377 -0.002532 -0.001438 0.027321 -0.090139 -0.031642
    40 2.660837 0.000397 -0.000071 -0.006795 -0.088468 -0.060476
    41 2.202488 0.003364 -0.002863 -0.187312 -0.104610 -0.041516
    42 0.599950 0.959236 -0.300102 -0.174544 0.000000 0.000000
    43 2.557190 -0.001967 0.002453 -0.125630 -0.173389 -0.023912
    44 2.098929 0.000032 -0.002193 -0.566215 0.088872 0.648329
    45 0.999378 -0.000238 -1.060928 0.000000 0.000000 0.000000
    46 -0.122641 -0.721855 0.661686 -0.486644 0.223964 0.243056
    47 2.619141 0.000142 -0.000401 -0.053005 0.086821 -0.048204
    48 2.657909 0.004593 -0.000533 0.200435 0.214755 1.264756
    49 2.199219 0.000515 -0.000121 0.236759 0.017677 1.474191
    50 0.599949 0.959244 0.300102 0.174544 0.000000 0.000000
    51 2.558594 -0.000149 -0.000030 0.236782 0.177167 1.399644
    52 2.097656 -0.000096 -0.000402 0.124873 -0.418761 0.877099
    53 0.999512 -0.000598 1.493164 0.000000 0.000000 0.946948
    54 0.310848 -0.606446 -0.498005 0.308107 -0.197598 0.313975
    55 1.869163 -0.000835 -0.000994 -0.000007 0.000003 0.247980
    56 1.200941 0.399582 -0.000237 -0.009465 0.016087 0.007127
    57 0.000586 0.100342 -0.000319 -0.120035 -0.021926 -0.209617
    58 -0.161663 0.051712 0.194808 -2.941982 0.122408 -0.060194
    59 2.010090 -0.003202 -0.003377 -0.000030 -0.000023 0.261030
    60 0.000237 0.099800 -0.000395 -0.018823 0.010833 -0.239219
    61 -0.203197 0.048607 0.069150 -3.093332 0.033217 -0.046722
    62 1.180426 -0.002312 0.000781 -0.000002 0.000000 0.194426
    63 -0.000196 0.099625 -0.000034 0.000000 0.000000 -0.314102
    64 -0.088737 -0.688435 -0.145203 2.930407 -0.136130 0.513013
    65 1.712069 0.000578 -0.000088 -0.046094 0.001010 0.285596
    66 -0.000576 0.100143 -0.000311 -0.010914 0.023131 -0.260843
    67 -0.146027 -0.232426 -0.014225 3.028455 -0.094299 0.113020
    68 1.290634 0.000361 -0.000036 -0.171524 0.014573 0.537682
    69 -0.658119 -0.003576 0.072643 -0.142711 0.027792 -0.077299
    70 1.867188 -0.000058 0.000522 0.000000 0.000000 1.450175
    71 1.200075 0.399942 -0.000093 0.009465 -0.016087 0.007127
    72 0.000589 0.100342 0.000319 0.120035 0.021926 -0.209617
    73 0.068073 0.002283 -0.080050 3.111376 -0.069366 -0.060847
    74 2.007813 -0.000883 -0.000381 0.000047 -0.000039 1.379088
    75 0.000233 0.099800 0.000395 0.018823 -0.010833 -0.239219
    76 -0.018673 -0.001009 0.047544 3.109244 0.002635 -0.106673
    77 1.178665 0.001595 0.000845 0.000000 0.000000 0.743988
    78 -0.000196 0.099628 0.000034 0.000000 0.000000 -0.314102
    79 0.036894 -0.634449 0.266284 -2.801062 0.174301 0.490915
    80 1.708008 0.000721 0.000199 0.000000 0.000000 1.160581
    81 -0.000580 0.100140 0.000311 0.010914 -0.023131 -0.260843
    82 -0.003952 -0.281811 0.115047 -3.059162 0.089004 0.167964
    83 1.290039 0.000363 -0.000045 -0.000058 0.000020 0.672665
    84 -0.171526 -0.018150 -0.099873 0.013484 -0.062184 -0.011781
    85 0.916622 0.003336 0.001326 -0.003709 0.002609 -0.041249
    86 -0.342617 0.053402 -0.025571 -2.909301 -0.017248 0.075276
    87 1.100231 -0.000928 -0.002434 0.000009 -0.000022 -0.176399
    88 -0.384979 0.331001 0.006848 -3.087207 -0.018765 -0.184278
    89 0.678146 0.002286 0.000002 0.000054 -0.000007 0.014573
    90 -0.123848 0.072738 0.029507 2.898184 -0.060627 0.094835
    91 1.017166 -0.000154 -0.000252 -0.046008 0.001077 0.573030
    92 -0.344990 0.123129 0.143151 2.994981 0.012396 0.059140
    93 -0.730989 0.177046 0.039141 -0.123731 0.076518 -0.084310
    94 0.918945 0.000403 0.000087 0.000000 0.000000 0.471850
    95 -0.124023 -0.052090 0.038495 3.077813 -0.008519 0.039229
    96 1.099609 0.000007 0.000468 0.000016 0.000059 0.545759
    97 -0.330082 0.160639 0.042780 3.128073 0.034033 -0.171236
    98 0.679199 -0.000816 0.000174 0.000000 0.000000 0.674789
    99 -0.019512 -0.016531 0.038578 -2.763781 0.050305 0.076829
    100 1.019531 -0.000026 -0.000398 0.000015 0.000057 0.497121
    101 -0.155308 0.130644 -0.021921 -3.022466 0.022433 -0.024902
    102 -0.252207 0.061937 -0.024914 -0.007671 -0.063171 -0.044392
    103 -0.085995 0.185205 -0.015180 -2.937063 -0.113970 -0.138991
    104 -0.286533 0.179852 0.024264 -3.109353 -0.049645 -0.029914
    105 -0.019482 0.147083 0.079203 2.893815 0.038585 -0.060594
    106 -0.046482 0.251896 0.129548 3.016165 0.077112 -0.042864
    107 0.039124 -0.040295 0.047739 3.084219 0.030470 -0.037414
    108 -0.233757 0.066630 0.001754 -3.133087 0.040141 -0.065412
    109 0.044266 0.020131 0.001684 -2.778763 -0.118872 -0.040488
    110 0.071495 0.074128 -0.048302 -3.035917 -0.059482 0.104366
    111 0.000000 0.000000 0.000000 0.000000 0.000000 -1.570796
    112 -3.195410 -7.828364 -2.882900 -0.010485 0.003510 -1.569491
    113 0.000000 0.000000 0.000000 0.000000 0.000000 0.000000
    114 -3.187597 -18.223212 -3.308695 -0.010417 0.003533 -1.569491
    115 3.096000 0.000000 -1.996000 0.000000 0.000000 0.000000
    116 3.040999 0.000000 1.202000 0.000000 0.000000 0.000000
    117 7.854000 0.000000 -0.042000 0.000000 0.000000 0.000000
    118 13.105999 0.000000 -0.006000 0.000000 0.000000 0.000000
    119 3.456000 0.000000 -1.084000 0.000000 0.000000 0.000000
    120 1.804000 0.000000 -1.025000 0.000000 0.000000 0.000000
    121 7.098000 0.000000 -1.084000 0.000000 0.000000 0.000000
    122 -5.448629 3.898908 -1.685929 -1.208292 -0.203377 -0.468869
    123 3.740000 0.000000 1.273000 0.000000 0.000000 0.000000
    124 11.956999 0.000000 -0.006000 0.000000 0.000000 0.000000
    125 6.072001 0.000000 -1.238000 0.000000 0.000000 0.000000
    126 5.690000 -0.365000 0.068000 0.000000 -0.349029 -1.570796
    127 6.396999 0.614000 0.428000 0.000000 0.000000 0.000000
    128 3.040999 0.000000 1.202000 0.000000 0.000000 0.000000
    129 3.720000 0.000000 1.202000 0.000000 0.000000 0.000000
    130 1.086000 -0.661000 -0.149000 1.614441 -0.000036 0.000000
    131 1.067000 0.589000 0.076000 -1.047226 0.000000 0.000000
    132 0.000000 -0.019000 0.000000 0.000000 0.000000 0.000000
    133 0.000000 -0.019000 0.000000 0.000000 0.000000 0.000000
    134 3.300000 -0.019000 1.346000 0.000000 0.000000 0.000000
    135 -1.524000 -1.859000 -4.367000 -1.730306 -0.014954 0.208139
    136 7.283999 0.000000 -2.195000 0.000000 0.000000 0.000000
    137 -1.323000 0.000000 0.184000 0.000000 0.000000 0.000000
    138 0.082000 0.000000 1.002000 0.000000 0.000000 0.000000
    139 -19.343081 3.875118 -60.856925 0.010447 -0.003499 -0.001329
    140 0.478000 0.000000 -4.537000 0.000000 0.000000 0.000000
    141 3.436000 0.000000 1.202000 0.000000 0.000000 0.000000
    142 3.040999 0.000000 1.202000 0.000000 0.000000 0.000000
    143 4.657000 0.000000 1.545000 0.000000 0.000000 0.000000
    144 -0.403000 0.000000 -0.011000 0.000000 0.000000 0.000000
    145 1.781000 0.000000 0.873000 0.000000 0.000000 0.000000
    146 0.384000 0.715000 0.801000 0.000000 0.000000 0.000000
    147 1.795000 0.533000 -1.550000 0.000000 0.000000 0.000000
    148 4.435999 0.595000 -0.954000 0.000000 0.000000 0.000000
    149 4.401999 -0.614000 -1.630000 0.000000 0.000000 0.000000
    150 4.203000 -0.003000 -0.048000 0.000000 0.000000 0.000000
    151 5.136000 0.000000 1.534000 0.000000 0.000000 0.000000
    152 11.957001 0.000000 -0.006000 0.000000 0.000000 0.000000
    153 -2.103001 0.000000 0.000000 0.000000 0.000000 0.000000
    154 -0.598001 0.000000 -0.011000 0.000000 0.000000 0.000000
    155 0.496000 0.184000 -3.523000 0.000000 0.000000 0.000000
    156 0.147000 0.184000 -0.328000 0.000000 0.000000 0.000000
    157 0.147000 0.184000 0.023000 0.000000 0.000000 0.000000
    158 0.147000 0.184000 0.368000 0.000000 0.000000 0.000000
    159 0.147000 0.184000 0.717000 0.000000 0.000000 0.000000
    160 0.147000 0.184000 1.067000 0.000000 0.000000 0.000000
    161 0.148000 0.184000 1.414000 0.000000 0.000000 0.000000
    162 0.148000 -0.074000 1.640000 0.000000 0.000000 0.000000
    163 0.435000 0.184000 -3.179000 0.000000 0.000000 0.000000
    164 0.378000 0.184000 -2.826000 0.000000 0.000000 0.000000
    165 0.329000 0.184000 -2.477000 0.000000 0.000000 0.000000
    166 0.286000 0.184000 -2.127000 0.000000 0.000000 0.000000
    167 0.252000 0.184000 -1.775000 0.000000 0.000000 0.000000
    168 0.215000 0.184000 -1.417000 0.000000 0.000000 0.000000
    169 0.190000 0.184000 -1.064000 0.000000 0.000000 0.000000
    170 0.166000 0.184000 -0.714000 0.000000 0.000000 0.000000
    171 1.622000 0.000000 1.568000 0.000000 0.000000 0.000000
    172 2.240000 0.000000 1.568000 0.000000 0.000000 0.000000
    173 0.000000 0.000000 0.000000 0.000000 0.000000 0.000000
    174 0.000000 0.000000 -4.867001 3.141572 -0.003206 -3.128592
    175 1.000088 -0.000029 0.000000 0.000000 0.000000 0.000000
    176 17.162518 -0.000404 0.000000 0.000000 0.000000 0.119213
    177 17.749374 0.295515 0.000000 0.000000 0.000000 -1.158956
    178 5.413528 0.000347 0.000000 0.000000 0.000000 -0.518053
    179 0.017887 0.299792 0.000000 0.000000 0.000000 -0.059581
    180 9.999889 -0.000303 0.000000 0.000000 0.000000 0.000000
    181 0.000000 0.000000 4.867000 3.141572 -0.003206 -3.128592
    182 1.000088 -0.000029 0.000000 0.000000 0.000000 0.000000
    183 12.283573 1.581455 -4.695999 1.462269 -0.086726 0.090185
    184 17.162518 -0.000404 0.000000 0.000000 0.000000 0.119213
    185 17.749374 0.295515 0.000000 0.000000 0.000000 -1.158956
    186 5.413528 0.000347 0.000000 0.000000 0.000000 -0.518053
    187 0.017887 0.299792 0.000000 0.000000 0.000000 -0.059581
    188 9.499836 0.000212 0.000000 0.000000 0.000000 0.000000
    189 -1.145525 0.000130 0.000671 0.000000 0.000000 0.000000
    190 -0.857691 0.104071 0.104687 0.023536 0.163924 0.013632
    191 3.999430 -0.000528 -0.000332 -0.341071 0.000000 0.000000
    192 0.599499 0.400698 0.000236 0.000000 0.000000 0.000000
    193 0.599886 0.400186 -0.000027 0.000000 0.000000 0.000000
    194 2.299677 -2.499979 -0.599480 0.891928 0.221512 -0.527288
    195 8.974575 0.502039 -0.054638 1.189502 -0.366765 0.359835
    196 -9.580679 -27.862108 -37.184677 0.812879 -0.123459 -0.568477
    197 0.649935 -0.548296 0.093658 -1.665913 -0.131399 -0.112062
    198 1.899127 0.000427 -0.000439 0.027386 -0.033311 0.477848
    199 0.657078 0.008400 0.040375 -1.665945 -0.131407 -0.000013
    200 1.799664 -0.000240 0.000231 0.027386 -0.033311 0.477848
    201 1.799664 -0.000240 0.000231 0.027386 -0.033311 0.477848
    202 1.799664 -0.000240 0.000231 0.027386 -0.033311 0.477848
    203 0.665774 0.747222 -0.029186 -1.665935 -0.131408 0.094976
    204 1.900306 -0.000137 -0.000517 0.027386 -0.033311 0.477848
    205 4.662004 -5.366334 4.825195 1.569715 1.561305 -3.121216
    206 3.999897 0.000040 0.001007 0.168813 0.000000 0.000000
    207 0.600403 0.399632 -0.000469 0.000000 0.000000 -3.141496
    208 0.599890 0.400186 0.000031 0.000000 0.000000 -3.139640
    209 2.300137 -2.499413 0.600155 -0.892020 -0.221513 -0.527232
    210 12.101563 -3.646484 -1.237305 1.733664 0.203086 0.048277
    211 2.762354 0.116951 1.523975 1.629482 0.064153 1.743800
    212 7.228317 7.928200 -3.925652 2.328713 0.123459 -0.568477
    213 0.650396 -0.547731 -0.092976 1.665913 0.131399 -0.112062
    214 1.899441 -0.000320 -0.000150 -0.027386 0.033311 0.477848
    215 0.657068 0.008398 -0.040379 1.665945 0.131407 -0.000013
    216 1.799659 -0.000233 -0.000233 -0.027386 0.033311 0.477848
    217 1.799659 -0.000233 -0.000233 -0.027386 0.033311 0.477848
    218 1.799659 -0.000233 -0.000233 -0.027386 0.033311 0.477848
    219 0.665778 0.747222 0.029179 1.665935 0.131408 0.094976
    220 1.900722 0.000549 -0.000072 -0.027386 0.033311 0.477848
    221 4.530998 0.000000 0.000000 0.000000 0.000000 0.000000
    222 4.527344 0.000000 0.000000 0.000000 0.000000 0.000000
    223 0.000000 0.000000 0.000000 0.000000 0.000000 0.000000
    224 0.000000 0.000000 0.000000 0.000000 0.000000 0.000000
    225 4.000000 -6.500000 0.000000 0.000000 0.000000 0.000977
    226 -6.500000 0.000000 0.000000 0.000000 1.570795 0.000000
    227 19.230824 -3.187348 8.493579 -0.010485 0.003509 0.001305
    228 0.280000 -0.135000 2.196999 1.570796 0.000000 -1.570735
    229 0.000000 0.000000 0.000000 0.000000 0.000000 0.000000
    230 0.000000 0.000000 0.000000 0.014609 0.004434 -0.007982
    231 0.106000 0.000000 -64.320000 0.000000 0.000000 0.000000
    232 0.000000 0.000000 0.000000 0.000000 0.000000 0.000000
    233 -0.106000 0.000000 64.320000 0.000000 0.000000 0.000000
    234 0.003042 -0.001328 -64.319374 0.000009 0.000084 -3.141638
    235 -30.813440 -4.484512 4.054811 0.648315 -0.593716 0.164261
    236 1.688000 -0.001000 -1.454002 0.000000 0.000000 0.000000
    237 -1.070999 -0.005000 0.545002 0.000000 0.000000 0.000000
    238 5.895000 0.750997 -0.156000 0.000000 0.000000 0.000000
    239 11.599999 -0.000003 -1.500002 0.000000 0.000000 0.000000
    240 1.037001 1.337997 -4.334000 -2.791227 -0.162411 -0.765711
    241 7.216001 -0.000003 -1.579000 0.000000 0.000000 0.000000
    242 4.445999 -0.000003 -1.500000 0.000000 0.000000 0.000000
    243 0.673937 -0.015635 -4.768713 -3.141592 -1.281051 3.141593
    244 0.094999 -0.144000 0.332001 0.000000 0.000000 0.000000
    245 14.209020 0.000022 0.766988 0.000000 0.000000 0.000000
    246 0.000000 0.000000 0.000000 1.570800 0.000000 -1.570796
  time 18
    0 0.000000 0.000000 0.000000 0.000000 0.000000 -1.570796
    1 -0.106384 0.000000 -0.000198 0.000000 0.000000 0.000000
    2 0.000000 0.000000 0.000000 0.000000 0.000000 0.000000
    3 -0.904000 0.000000 -11.806000 0.000000 0.000000 0.000000
    4 0.000000 0.000000 -14.313999 1.571297 -1.570750 0.000000
    5 3.533001 0.000000 0.000000 0.000000 0.000000 0.000000
    6 6.250000 0.000000 0.000000 0.000000 0.000000 0.000000
    7 9.568951 6.793201 -1.944020 -1.545328 1.187827 -1.547138
    8 9.600202 5.304874 2.065130 -1.567098 -1.034331 1.563771
    9 5.786820 0.002787 -0.000113 -0.587060 0.298046 -1.027881
    10 5.999492 -0.000592 -4.000343 0.000000 0.000000 0.000000
    11 5.787410 0.002582 0.000893 0.999398 -0.724672 -1.840716
    12 5.999492 -0.000592 4.000340 0.000000 0.000000 0.000000
    13 0.500225 0.000133 -0.000084 -0.030982 0.000000 0.000000
    14 11.530657 0.000349 -0.001308 -0.000053 -0.000027 -1.347311
    15 -0.829338 0.893824 0.079659 -0.148839 0.047645 0.087266
    16 0.500225 0.000132 0.000072 0.016750 0.000000 0.000000
    17 11.532495 0.000526 -0.000093 0.000042 0.000038 -1.604298
    18 -0.829586 0.894698 -0.079468 0.045377 -0.019621 0.087266
    19 10.599886 0.000105 -0.000553 -0.306824 0.000000 0.000000
    20 0.303264 -0.388466 -0.000805 0.000060 -0.000013 0.673622
    21 11.042053 -0.000189 0.000798 -0.613673 -0.090244 0.520317
    22 -11.814724 0.424524 -0.297680 0.247998 -0.066121 -0.042695
    23 10.599878 0.000105 0.000549 0.124781 -0.000060 0.000048
    24 0.513184 -0.495117 0.000699 0.000000 0.000000 0.802658
    25 11.041739 0.003170 -0.000568 0.251154 -0.061078 0.750414
    26 -11.663242 0.094713 0.140656 -0.068591 0.018527 -0.015099
    27 0.610300 -0.939470 0.070347 -1.655396 -0.152363 -0.174573
    28 0.639938 -0.199121 0.060192 -1.665955 -0.131350 -0.066457
    29 0.600155 1.080260 -0.339535 -1.740039 0.070616 0.067189
    30 0.610207 0.400743 -0.010098 -1.762053 -0.031199 0.036952
    31 0.630809 -0.690091 -0.232343 0.135819 0.045730 -1.064128
    32 -0.792125 0.203736 0.461304 1.439074 -0.003453 -0.018305
    33 0.610300 -0.939469 -0.070354 1.655346 0.140067 -0.175496
    34 0.639938 -0.199121 -0.060200 1.666009 0.131431 -0.066278
    35 0.600157 1.080260 0.339531 1.741683 -0.204071 0.076022
    36 0.610205 0.400743 0.010086 1.762004 -0.015356 0.028098
    37 0.629883 -0.689453 0.230347 -1.014704 -0.861531 -0.665916
    38 -0.626031 -0.069982 -0.080517 -1.447153 0.086151 0.021559
    39 2.621377 -0.002532 -0.001438 0.025265 -0.056256 -0.012861
    40 2.660837 0.000397 -0.000071 -0.008347 -0.086790 -0.036150
    41 2.202488 0.003364 -0.002863 -0.172285 -0.080033 -0.000159
    42 0.599950 0.959236 -0.300102 -0.174544 0.000000 0.000000
    43 2.557190 -0.001967 0.002453 -0.104333 -0.151747 0.006441
    44 2.098929 0.000032 -0.002193 -0.555646 0.106409 0.610275
    45 0.999378 -0.000238 -1.060928 0.000000 0.000000 0.000000
    46 -0.122641 -0.721855 0.661686 -0.486644 0.223964 0.243056
    47 2.619141 0.000142 -0.000401 -0.053005 0.086821 -0.048204
    48 2.657909 0.004593 -0.000533 0.200435 0.214755 1.264756
    49 2.199219 0.000515 -0.000121 0.236759 0.017677 1.474191
    50 0.599949 0.959244 0.300102 0.174544 0.000000 0.000000
    51 2.558594 -0.000149 -0.000030 0.236782 0.177167 1.399644
    52 2.097656 -0.000096 -0.000402 0.124873 -0.418761 0.877099
    53 0.999512 -0.000598 1.493164 0.000000 0.000000 0.946948
    54 0.310848 -0.606446 -0.498005 0.308107 -0.197598 0.313975
    55 1.869163 -0.000835 -0.000994 -0.000055 0.000075 0.273298
    56 1.200941 0.399582 -0.000237 -0.009465 0.016087 0.007127
    57 0.000586 0.100342 -0.000319 -0.120035 -0.021926 -0.209617
    58 -0.161663 0.051712 0.194808 -2.941982 0.122408 -0.060194
    59 2.010090 -0.003202 -0.003377 -0.000066 -0.000047 0.308712
    60 0.000237 0.099800 -0.000395 -0.018823 0.010833 -0.239219
    61 -0.203197 0.048607 0.069150 -3.093332 0.033217 -0.046722
    62 1.180426 -0.002312 0.000781 -0.000061 0.000012 0.232306
    63 -0.000196 0.099625 -0.000034 0.000000 0.000000 -0.314102
    64 -0.088737 -0.688435 -0.145203 2.930407 -0.136130 0.513013
    65 1.712069 0.000578 -0.000088 -0.035823 0.000818 0.284837
    66 -0.000576 0.100143 -0.000311 -0.010914 0.023131 -0.260843
    67 -0.146027 -0.232426 -0.014225 3.028455 -0.094299 0.113020
    68 1.290634 0.000361 -0.000036 -0.148441 0.011649 0.414799
    69 -0.658119 -0.003576 0.072643 -0.142711 0.027792 -0.077299
    70 1.867188 -0.000058 0.000522 0.000000 0.000000 1.450175
    71 1.200075 0.399942 -0.000093 0.009465 -0.016087 0.007127
    72 0.000589 0.100342 0.000319 0.120035 0.021926 -0.209617
    73 0.068073 0.002283 -0.080050 3.111376 -0.069366 -0.060847
    74 2.007813 -0.000883 -0.000381 0.000047 -0.000039 1.379088
    75 0.000233 0.099800 0.000395 0.018823 -0.010833 -0.239219
    76 -0.018673 -0.001009 0.047544 3.109244 0.002635 -0.106673
    77 1.178665 0.001595 0.000845 0.000000 0.000000 0.743988
    78 -0.000196 0.099628 0.000034 0.000000 0.000000 -0.314102
    79 0.036894 -0.634449 0.266284 -2.801062 0.174301 0.490915
    80 1.708008 0.000721 0.000199 0.000000 0.000000 1.160581
    81 -0.000580 0.100140 0.000311 0.010914 -0.023131 -0.260843
    82 -0.003952 -0.281811 0.115047 -3.059162 0.089004 0.167964
    83 1.290039 0.000363 -0.000045 -0.000058 0.000020 0.672665
    84 -0.171526 -0.018150 -0.099873 0.013484 -0.062184 -0.011781
    85 0.916622 0.003336 0.001326 -0.003553 0.002537 -0.016456
    86 -0.342617 0.053402 -0.025571 -2.909301 -0.017248 0.075276
    87 1.100231 -0.000928 -0.002434 0.000009 0.000002 -0.159013
    88 -0.384979 0.331001 0.006848 -3.087207 -0.018765 -0.184278
    89 0.678146 0.002286 0.000002 0.000054 -0.000067 0.050274
    90 -0.123848 0.072738 0.029507 2.898184 -0.060627 0.094835
    91 1.017166 -0.000154 -0.000252 -0.035845 0.000825 0.520926
    92 -0.344990 0.123129 0.143151 2.994981 0.012396 0.059140
    93 -0.730989 0.177046 0.039141 -0.123731 0.076518 -0.084310
    94 0.918945 0.000403 0.000087 0.000000 0.000000 0.471850
    95 -0.124023 -0.052090 0.038495 3.077813 -0.008519 0.039229
    96 1.099609 0.000007 0.000468 0.000016 0.000059 0.545759
    97 -0.330082 0.160639 0.042780 3.128073 0.034033 -0.171236
    98 0.679199 -0.000816 0.000174 0.000000 0.000000 0.674789
    99 -0.019512 -0.016531 0.038578 -2.763781 0.050305 0.076829
    100 1.019531 -0.000026 -0.000398 0.000015 0.000057 0.497121
    101 -0.155308 0.130644 -0.021921 -3.022466 0.022433 -0.024902
    102 -0.252207 0.061937 -0.024914 -0.007671 -0.063171 -0.044392
    103 -0.085995 0.185205 -0.015180 -2.937063 -0.113970 -0.138991
    104 -0.286533 0.179852 0.024264 -3.109353 -0.049645 -0.029914
    105 -0.019482 0.147083 0.079203 2.893815 0.038585 -0.060594
    106 -0.046482 0.251896 0.129548 3.016165 0.077112 -0.042864
    107 0.039124 -0.040295 0.047739 3.084219 0.030470 -0.037414
    108 -0.233757 0.066630 0.001754 -3.133087 0.040141 -0.065412
    109 0.044266 0.020131 0.001684 -2.778763 -0.118872 -0.040488
    110 0.071495 0.074128 -0.048302 -3.035917 -0.059482 0.104366
    111 0.000000 0.000000 0.000000 0.000000 0.000000 -1.570796
    112 -3.195410 -7.824458 -2.878994 -0.009786 0.002799 -1.569584
    113 0.000000 0.000000 0.000000 0.000000 0.000000 0.000000
    114 -3.187597 -18.219306 -3.296976 -0.009771 0.002773 -1.569584
    115 3.096000 0.000000 -1.996000 0.000000 0.000000 0.000000
    116 3.040999 0.000000 1.202000 0.000000 0.000000 0.000000
    117 7.854000 0.000000 -0.042000 0.000000 0.000000 0.000000
    118 13.105999 0.000000 -0.006000 0.000000 0.000000 0.000000
    119 3.456000 0.000000 -1.084000 0.000000 0.000000 0.000000
    120 1.804000 0.000000 -1.025000 0.000000 0.000000 0.000000
    121 7.098000 0.000000 -1.084000 0.000000 0.000000 0.000000
    122 -4.975959 4.055162 -2.213288 -1.233673 -0.259041 -0.465300
    123 3.740000 0.000000 1.273000 0.000000 0.000000 0.000000
    124 11.956999 0.000000 -0.006000 0.000000 0.000000 0.000000
    125 6.072001 0.000000 -1.238000 0.000000 0.000000 0.000000
    126 5.690000 -0.365000 0.068000 0.000000 -0.349029 -1.570796
    127 6.396999 0.614000 0.428000 0.000000 0.000000 0.000000
    128 3.040999 0.000000 1.202000 0.000000 0.000000 0.000000
    129 3.720000 0.000000 1.202000 0.000000 0.000000 0.000000
    130 1.086000 -0.661000 -0.149000 1.570872 0.000000 0.000000
    131 1.067000 0.589000 0.076000 -1.047226 0.000000 0.000000
    132 0.000000 -0.019000 0.000000 0.000000 0.000000 0.000000
    133 0.000000 -0.019000 0.000000 0.000000 0.000000 0.000000
    134 3.300000 -0.019000 1.346000 0.000000 0.000000 0.000000
    135 -1.524000 -1.859000 -4.367000 -1.730306 -0.014954 0.208139
    136 7.283999 0.000000 -2.195000 0.000000 0.000000 0.000000
    137 -1.323000 0.000000 0.184000 0.000000 0.000000 0.000000
    138 0.082000 0.000000 1.002000 0.000000 0.000000 0.000000
    139 -19.386051 3.754021 -60.864738 0.009782 -0.002790 -0.001234
    140 0.478000 0.000000 -4.537000 0.000000 0.000000 0.000000
    141 3.436000 0.000000 1.202000 0.000000 0.000000 0.000000
    142 3.040999 0.000000 1.202000 0.000000 0.000000 0.000000
    143 4.657000 0.000000 1.545000 0.000000 0.000000 0.000000
    144 -0.403000 0.000000 -0.011000 0.000000 0.000000 0.000000
    145 1.781000 0.000000 0.873000 0.000000 0.000000 0.000000
    146 0.384000 0.715000 0.801000 0.000000 0.000000 0.000000
    147 1.795000 0.533000 -1.550000 0.000000 0.000000 0.000000
    148 4.435999 0.595000 -0.954000 0.000000 0.000000 0.000000
    149 4.401999 -0.614000 -1.630000 0.000000 0.000000 0.000000
    150 4.203000 -0.003000 -0.048000 0.000000 0.000000 0.000000
    151 5.136000 0.000000 1.534000 0.000000 0.000000 0.000000
    152 11.957001 0.000000 -0.006000 0.000000 0.000000 0.000000
    153 -2.103001 0.000000 0.000000 0.000000 0.000000 0.000000
    154 -0.598001 0.000000 -0.011000 0.000000 0.000000 0.000000
    155 0.496000 0.184000 -3.523000 0.000000 0.000000 0.000000
    156 0.147000 0.184000 -0.328000 0.000000 0.000000 0.000000
    157 0.147000 0.184000 0.023000 0.000000 0.000000 0.000000
    158 0.147000 0.184000 0.368000 0.000000 0.000000 0.000000
    159 0.147000 0.184000 0.717000 0.000000 0.000000 0.000000
    160 0.147000 0.184000 1.067000 0.000000 0.000000 0.000000
    161 0.148000 0.184000 1.414000 0.000000 0.000000 0.000000
    162 0.148000 -0.074000 1.640000 0.000000 0.000000 0.000000
    163 0.435000 0.184000 -3.179000 0.000000 0.000000 0.000000
    164 0.378000 0.184000 -2.826000 0.000000 0.000000 0.000000
    165 0.329000 0.184000 -2.477000 0.000000 0.000000 0.000000
    166 0.286000 0.184000 -2.127000 0.000000 0.000000 0.000000
    167 0.252000 0.184000 -1.775000 0.000000 0.000000 0.000000
    168 0.215000 0.184000 -1.417000 0.000000 0.000000 0.000000
    169 0.190000 0.184000 -1.064000 0.000000 0.000000 0.000000
    170 0.166000 0.184000 -0.714000 0.000000 0.000000 0.000000
    171 1.622000 0.000000 1.568000 0.000000 0.000000 0.000000
    172 2.240000 0.000000 1.568000 0.000000 0.000000 0.000000
    173 0.000000 0.000000 0.000000 0.000000 0.000000 0.000000
    174 0.000000 0.000000 -4.867001 3.141572 -0.003206 -3.128592
    175 1.000088 -0.000029 0.000000 0.000000 0.000000 0.000000
    176 17.162518 -0.000404 0.000000 0.000000 0.000000 0.119213
    177 17.749374 0.295515 0.000000 0.000000 0.000000 -1.158956
    178 5.413528 0.000347 0.000000 0.000000 0.000000 -0.518053
    179 0.017887 0.299792 0.000000 0.000000 0.000000 -0.059581
    180 9.999889 -0.000303 0.000000 0.000000 0.000000 0.000000
    181 0.000000 0.000000 4.867000 3.141572 -0.003206 -3.128592
    182 1.000088 -0.000029 0.000000 0.000000 0.000000 0.000000
    183 12.283573 1.581455 -4.695999 1.462269 -0.086726 0.090185
    184 17.162518 -0.000404 0.000000 0.000000 0.000000 0.119213
    185 17.749374 0.295515 0.000000 0.000000 0.000000 -1.158956
    186 5.413528 0.000347 0.000000 0.000000 0.000000 -0.518053
    187 0.017887 0.299792 0.000000 0.000000 0.000000 -0.059581
    188 9.499836 0.000212 0.000000 0.000000 0.000000 0.000000
    189 -1.145525 0.000130 0.000671 0.000000 0.000000 0.000000
    190 -0.857691 0.104071 0.104687 0.023536 0.163924 0.013632
    191 3.999430 -0.000528 -0.000332 -0.331268 0.000000 -0.000060
    192 0.599499 0.400698 0.000236 0.000000 0.000000 0.000000
    193 0.599886 0.400186 -0.000027 0.000000 0.000000 0.000000
    194 2.299677 -2.499979 -0.599480 0.891928 0.221512 -0.527288
    195 8.736286 0.267656 -0.378866 1.222700 -0.355096 0.399184
    196 -9.580679 -27.862108 -37.184677 0.812879 -0.123459 -0.568477
    197 0.649935 -0.548296 0.093658 -1.665913 -0.131399 -0.112062
    198 1.899127 0.000427 -0.000439 0.027386 -0.033311 0.477848
    199 0.657078 0.008400 0.040375 -1.665945 -0.131407 -0.000013
    200 1.799664 -0.000240 0.000231 0.027386 -0.033311 0.477848
    201 1.799664 -0.000240 0.000231 0.027386 -0.033311 0.477848
    202 1.799664 -0.000240 0.000231 0.027386 -0.033311 0.477848
    203 0.665774 0.747222 -0.029186 -1.665935 -0.131408 0.094976
    204 1.900306 -0.000137 -0.000517 0.027386 -0.033311 0.477848
    205 4.662004 -5.366334 4.825195 1.569715 1.561305 -3.121216
    206 3.999897 0.000040 0.001007 0.168681 0.000000 0.000000
    207 0.600403 0.399632 -0.000469 0.000000 0.000000 -3.141496
    208 0.599890 0.400186 0.000031 0.000000 0.000000 -3.139640
    209 2.300137 -2.499413 0.600155 -0.892020 -0.221513 -0.527232
    210 12.101563 -3.646484 -1.237305 1.733664 0.203086 0.048277
    211 2.762354 0.116951 1.523975 1.629482 0.064153 1.743800
    212 7.228317 7.928200 -3.925652 2.328713 0.123459 -0.568477
    213 0.650396 -0.547731 -0.092976 1.665913 0.131399 -0.112062
    214 1.899441 -0.000320 -0.000150 -0.027386 0.033311 0.477848
    215 0.657068 0.008398 -0.040379 1.665945 0.131407 -0.000013
    216 1.799659 -0.000233 -0.000233 -0.027386 0.033311 0.477848
    217 1.799659 -0.000233 -0.000233 -0.027386 0.033311 0.477848
    218 1.799659 -0.000233 -0.000233 -0.027386 0.033311 0.477848
    219 0.665778 0.747222 0.029179 1.665935 0.131408 0.094976
    220 1.900722 0.000549 -0.000072 -0.027386 0.033311 0.477848
    221 4.530998 0.000000 0.000000 0.000000 0.000000 0.000000
    222 4.527344 0.000000 0.000000 0.000000 0.000000 0.000000
    223 0.000000 0.000000 0.000000 0.000000 0.000000 0.000000
    224 0.000000 0.000000 0.000000 0.000000 0.000000 0.000000
    225 4.000000 -6.500000 0.000000 0.000000 0.000000 0.000977
    226 -6.500000 0.000000 0.000000 0.000000 1.570795 0.000000
    227 19.230824 -3.187348 8.505298 -0.009786 0.002799 0.001212
    228 0.280000 -0.135000 2.196999 1.570796 0.000000 -1.570735
    229 0.000000 0.000000 0.000000 0.000000 0.000000 0.000000
    230 0.000000 0.000000 0.000000 0.012104 0.004842 -0.007754
    231 0.106000 0.000000 -64.320000 0.000000 0.000000 0.000000
    232 0.000000 0.000000 0.000000 0.000000 0.000000 0.000000
    233 -0.106000 0.000000 64.320000 0.000000 0.000000 0.000000
    234 0.003042 -0.001328 -64.319374 0.000009 0.000084 -3.141638
    235 -30.813440 -4.484512 4.054811 0.648315 -0.593753 0.164261
    236 1.688000 -0.001000 -1.454002 0.000000 0.000000 0.000000
    237 -1.070999 -0.005000 0.545002 0.000000 0.000000 0.000000
    238 5.895000 0.750997 -0.156000 0.000000 0.000000 0.000000
    239 11.599999 -0.000003 -1.500002 0.000000 0.000000 0.000000
    240 1.037001 1.337997 -4.334000 -2.791227 -0.162411 -0.765711
    241 7.216001 -0.000003 -1.579000 0.000000 0.000000 0.000000
    242 4.445999 -0.000003 -1.500000 0.000000 0.000000 0.000000
    243 0.673937 -0.015635 -4.768713 -3.141592 -1.281051 3.141593
    244 0.094999 -0.144000 0.332001 0.000000 0.000000 0.000000
    245 14.209020 0.000022 0.766988 0.000000 0.000000 0.000000
    246 0.000000 0.000000 0.000000 1.570800 0.000000 -1.570796
  time 19
    0 0.000000 0.000000 0.000000 0.000000 0.000000 -1.570796
    1 -0.106384 0.000000 -0.000198 0.000000 0.000000 0.000000
    2 0.000000 0.000000 0.000000 0.000000 0.000000 0.000000
    3 -0.904000 0.000000 -11.806000 0.000000 0.000000 0.000000
    4 0.000000 0.000000 -14.313999 1.571297 -1.570750 0.000000
    5 3.533001 0.000000 0.000000 0.000000 0.000000 0.000000
    6 6.250000 0.000000 0.000000 0.000000 0.000000 0.000000
    7 9.568951 5.414253 -1.944020 -1.545328 1.187827 -1.547138
    8 9.600202 5.304874 2.065130 -1.567098 -1.034258 1.564154
    9 5.786820 0.002787 -0.000113 -0.605318 0.376529 -1.020866
    10 5.999492 -0.000592 -4.000343 0.000000 0.000000 0.000000
    11 5.787410 0.002582 0.000893 0.998299 -0.724625 -1.840354
    12 5.999492 -0.000592 4.000340 0.000000 0.000000 0.000000
    13 0.500225 0.000133 -0.000084 -0.006870 0.000000 -0.000060
    14 11.530657 0.000349 -0.001308 -0.000053 -0.000027 -1.364725
    15 -0.829338 0.893824 0.079659 -0.148839 0.047645 0.087266
    16 0.500225 0.000132 0.000072 0.016750 0.000000 0.000000
    17 11.532495 0.000526 -0.000093 0.000042 0.000038 -1.604136
    18 -0.829586 0.894698 -0.079468 0.045377 -0.019621 0.087266
    19 10.599886 0.000105 -0.000553 -0.300374 0.000000 0.000000
    20 0.322796 -0.400185 -0.000805 0.000000 0.000011 0.682370
    21 11.042053 -0.000189 0.000798 -0.600771 -0.206103 0.425213
    22 -11.814724 0.424524 -0.297680 0.247998 -0.066121 -0.042695
    23 10.599878 0.000105 0.000549 0.125043 -0.000060 0.000048
    24 0.513184 -0.495117 0.000699 0.000000 0.000000 0.802658
    25 11.041739 0.003170 -0.000568 0.252551 -0.060421 0.749717
    26 -11.663242 0.094713 0.140656 -0.068591 0.018527 -0.015099
    27 0.610300 -0.939470 0.070347 -1.655346 -0.146215 -0.175089
    28 0.639938 -0.199121 0.060192 -1.665955 -0.131350 -0.066457
    29 0.600155 1.080260 -0.339535 -1.738288 0.041488 0.090870
    30 0.610207 0.400743 -0.010098 -1.762214 -0.048948 0.040535
    31 0.630809 -0.690091 -0.232343 0.056045 0.125500 -1.072866
    32 -0.792125 0.203736 0.461304 1.439074 -0.003453 -0.018305
    33 0.610300 -0.939469 -0.070354 1.655346 0.140067 -0.175496
    34 0.639938 -0.199121 -0.060200 1.666009 0.131431 -0.066278
    35 0.600157 1.080260 0.339531 1.741683 -0.204071 0.076022
    36 0.610205 0.400743 0.010086 1.762004 -0.015356 0.028098
    37 0.629883 -0.689453 0.230347 -1.014704 -0.861531 -0.665916
    38 -0.626031 -0.069982 -0.080517 -1.447153 0.086151 0.021559
    39 2.621377 -0.002532 -0.001438 0.021464 -0.001193 0.019180
    40 2.660837 0.000397 -0.000071 -0.011405 -0.084032 0.005140
    41 2.202488 0.003364 -0.002863 -0.147684 -0.025855 0.067126
    42 0.599950 0.959236 -0.300102 -0.174544 0.000000 0.000000
    43 2.557190 -0.001967 0.002453 -0.065982 -0.103801 0.056713
    44 2.098929 0.000032 -0.002193 -0.517159 0.164420 0.473731
    45 0.999378 -0.000238 -1.060928 0.000000 0.000000 0.000000
    46 -0.122641 -0.721855 0.661686 -0.486644 0.223964 0.243056
    47 2.619141 0.000142 -0.000401 -0.053005 0.086821 -0.048204
    48 2.657909 0.004593 -0.000533 0.200435 0.214755 1.264756
    49 2.199219 0.000515 -0.000121 0.236759 0.017677 1.474191
    50 0.599949 0.959244 0.300102 0.174544 0.000000 0.000000
    51 2.558594 -0.000149 -0.000030 0.236782 0.177167 1.399644
    52 2.097656 -0.000096 -0.000402 0.124873 -0.418761 0.877099
    53 0.999512 -0.000598 1.493164 0.000000 0.000000 0.946948
    54 0.310848 -0.606446 -0.498005 0.308107 -0.197598 0.313975
    55 1.869163 -0.000835 -0.000994 -0.000007 0.000003 0.316280
    56 1.200941 0.399582 -0.000237 -0.009465 0.016087 0.007127
    57 0.000586 0.100342 -0.000319 -0.120035 -0.021926 -0.209617
    58 -0.161663 0.051712 0.194808 -2.941982 0.122408 -0.060194
    59 2.010090 -0.003202 -0.003377 0.000006 0.000001 0.391445
    60 0.000237 0.099800 -0.000395 -0.018823 0.010833 -0.239219
    61 -0.203197 0.048607 0.069150 -3.093332 0.033217 -0.046722
    62 1.180426 -0.002312 0.000781 -0.000073 -0.000048 0.296934
    63 -0.000196 0.099625 -0.000034 0.000000 0.000000 -0.314102
    64 -0.088737 -0.688435 -0.145203 2.930407 -0.136130 0.513013
    65 1.712069 0.000578 -0.000088 -0.015402 0.000411 0.268072
    66 -0.000576 0.100143 -0.000311 -0.010914 0.023131 -0.260843
    67 -0.146027 -0.232426 -0.014225 3.028455 -0.094299 0.113020
    68 1.290634 0.000361 -0.000036 -0.118408 0.008761 0.170185
    69 -0.658119 -0.003576 0.072643 -0.142711 0.027792 -0.077299
    70 1.867188 -0.000058 0.000522 0.000000 0.000000 1.450175
    71 1.200075 0.399942 -0.000093 0.009465 -0.016087 0.007127
    72 0.000589 0.100342 0.000319 0.120035 0.021926 -0.209617
    73 0.068073 0.002283 -0.080050 3.111376 -0.069366 -0.060847
    74 2.007813 -0.000883 -0.000381 0.000047 -0.000039 1.379088
    75 0.000233 0.099800 0.000395 0.018823 -0.010833 -0.239219
    76 -0.018673 -0.001009 0.047544 3.109244 0.002635 -0.106673
    77 1.178665 0.001595 0.000845 0.000000 0.000000 0.743988
    78 -0.000196 0.099628 0.000034 0.000000 0.000000 -0.314102
    79 0.036894 -0.634449 0.266284 -2.801062 0.174301 0.490915
    80 1.708008 0.000721 0.000199 0.000000 0.000000 1.160581
    81 -0.000580 0.100140 0.000311 0.010914 -0.023131 -0.260843
    82 -0.003952 -0.281811 0.115047 -3.059162 0.089004 0.167964
    83 1.290039 0.000363 -0.000045 -0.000058 0.000020 0.672665
    84 -0.171526 -0.018150 -0.099873 0.013484 -0.062184 -0.011781
    85 0.916622 0.003336 0.001326 -0.003505 0.002681 0.025791
    86 -0.342617 0.053402 -0.025571 -2.909301 -0.017248 0.075276
    87 1.100231 -0.000928 -0.002434 0.000009 0.000002 -0.122698
    88 -0.384979 0.331001 0.006848 -3.087207 -0.018765 -0.184278
    89 0.678146 0.002286 0.000002 -0.000006 -0.000007 0.111105
    90 -0.123848 0.072738 0.029507 2.898184 -0.060627 0.094835
    91 1.017166 -0.000154 -0.000252 -0.015375 0.000322 0.400918
    92 -0.344990 0.123129 0.143151 2.994981 0.012396 0.059140
    93 -0.730989 0.177046 0.039141 -0.123731 0.076518 -0.084310
    94 0.918945 0.000403 0.000087 0.000000 0.000000 0.471850
    95 -0.124023 -0.052090 0.038495 3.077813 -0.008519 0.039229
    96 1.099609 0.000007 0.000468 0.000016 0.000059 0.545759
    97 -0.330082 0.160639 0.042780 3.128073 0.034033 -0.171236
    98 0.679199 -0.000816 0.000174 0.000000 0.000000 0.674789
    99 -0.019512 -0.016531 0.038578 -2.763781 0.050305 0.076829
    100 1.019531 -0.000026 -0.000398 0.000015 0.000057 0.497121
    101 -0.155308 0.130644 -0.021921 -3.022466 0.022433 -0.024902
    102 -0.252207 0.061937 -0.024914 -0.007671 -0.063171 -0.044392
    103 -0.085995 0.185205 -0.015180 -2.937063 -0.113970 -0.138991
    104 -0.286533 0.179852 0.024264 -3.109353 -0.049645 -0.029914
    105 -0.019482 0.147083 0.079203 2.893815 0.038585 -0.060594
    106 -0.046482 0.251896 0.129548 3.016165 0.077112 -0.042864
    107 0.039124 -0.040295 0.047739 3.084219 0.030470 -0.037414
    108 -0.233757 0.066630 0.001754 -3.133087 0.040141 -0.065412
    109 0.044266 0.020131 0.001684 -2.778763 -0.118872 -0.040488
    110 0.071495 0.074128 -0.048302 -3.035917 -0.059482 0.104366
    111 0.000000 0.000000 0.000000 0.000000 0.000000 -1.570796
    112 -3.195410 -7.820551 -2.875088 -0.009087 0.002044 -1.569677
    113 0.000000 0.000000 0.000000 0.000000 0.000000 0.000000
    114 -3.183691 -18.215400 -3.285257 -0.009034 0.002057 -1.569678
    115 3.096000 0.000000 -1.996000 0.000000 0.000000 0.000000
    116 3.040999 0.000000 1.202000 0.000000 0.000000 0.000000
    117 7.854000 0.000000 -0.042000 0.000000 0.000000 0.000000
    118 13.105999 0.000000 -0.006000 0.000000 0.000000 0.000000
    119 3.456000 0.000000 -1.084000 0.000000 0.000000 0.000000
    120 1.804000 0.000000 -1.025000 0.000000 0.000000 0.000000
    121 7.098000 0.000000 -1.084000 0.000000 0.000000 0.000000
    122 -3.565760 4.266106 -3.158630 -1.294238 -0.364511 -0.450061
    123 3.740000 0.000000 1.273000 0.000000 0.000000 0.000000
    124 11.956999 0.000000 -0.006000 0.000000 0.000000 0.000000
    125 6.072001 0.000000 -1.238000 0.000000 0.000000 0.000000
    126 5.690000 -0.365000 0.068000 0.000000 -0.349029 -1.570796
    127 6.396999 0.614000 0.428000 0.000000 0.000000 0.000000
    128 3.040999 0.000000 1.202000 0.000000 0.000000 0.000000
    129 3.720000 0.000000 1.202000 0.000000 0.000000 0.000000
    130 1.086000 -0.661000 -0.149000 1.570819 0.000000 0.000000
    131 1.067000 0.589000 0.076000 -0.479957 0.000000 0.000024
    132 0.000000 -0.019000 0.000000 0.000000 0.000000 0.000000
    133 0.000000 -0.019000 0.000000 0.000000 0.000000 0.000000
    134 3.300000 -0.019000 1.346000 0.000000 0.000000 0.000000
    135 -1.524000 -1.859000 -4.367000 -1.730306 -0.014954 0.208139
    136 7.283999 0.000000 -2.195000 0.000000 0.000000 0.000000
    137 -1.323000 0.000000 0.184000 0.000000 0.000000 0.000000
    138 0.082000 0.000000 1.002000 0.000000 0.000000 0.000000
    139 -19.405583 3.789178 -60.864738 0.009023 -0.002033 -0.001139
    140 0.478000 0.000000 -4.537000 0.000000 0.000000 0.000000
    141 3.436000 0.000000 1.202000 0.000000 0.000000 0.000000
    142 3.040999 0.000000 1.202000 0.000000 0.000000 0.000000
    143 4.657000 0.000000 1.545000 0.000000 0.000000 0.000000
    144 -0.403000 0.000000 -0.011000 0.000000 0.000000 0.000000
    145 1.781000 0.000000 0.873000 0.000000 0.000000 0.000000
    146 0.384000 0.715000 0.801000 0.000000 0.000000 0.000000
    147 1.795000 0.533000 -1.550000 0.000000 0.000000 0.000000
    148 4.435999 0.595000 -0.954000 0.000000 0.000000 0.000000
    149 4.401999 -0.614000 -1.630000 0.000000 0.000000 0.000000
    150 4.203000 -0.003000 -0.048000 0.000000 0.000000 0.000000
    151 5.136000 0.000000 1.534000 0.000000 0.000000 0.000000
    152 11.957001 0.000000 -0.006000 0.000000 0.000000 0.000000
    153 -2.103001 0.000000 0.000000 0.000000 0.000000 0.000000
    154 -0.598001 0.000000 -0.011000 0.000000 0.000000 0.000000
    155 0.496000 0.184000 -3.523000 0.000000 0.000000 0.000000
    156 0.147000 0.184000 -0.328000 0.000000 0.000000 0.000000
    157 0.147000 0.184000 0.023000 0.000000 0.000000 0.000000
    158 0.147000 0.184000 0.368000 0.000000 0.000000 0.000000
    159 0.147000 0.184000 0.717000 0.000000 0.000000 0.000000
    160 0.147000 0.184000 1.067000 0.000000 0.000000 0.000000
    161 0.148000 0.184000 1.414000 0.000000 0.000000 0.000000
    162 0.148000 -0.074000 1.640000 0.000000 0.000000 0.000000
    163 0.435000 0.184000 -3.179000 0.000000 0.000000 0.000000
    164 0.378000 0.184000 -2.826000 0.000000 0.000000 0.000000
    165 0.329000 0.184000 -2.477000 0.000000 0.000000 0.000000
    166 0.286000 0.184000 -2.127000 0.000000 0.000000 0.000000
    167 0.252000 0.184000 -1.775000 0.000000 0.000000 0.000000
    168 0.215000 0.184000 -1.417000 0.000000 0.000000 0.000000
    169 0.190000 0.184000 -1.064000 0.000000 0.000000 0.000000
    170 0.166000 0.184000 -0.714000 0.000000 0.000000 0.000000
    171 1.622000 0.000000 1.568000 0.000000 0.000000 0.000000
    172 2.240000 0.000000 1.568000 0.000000 0.000000 0.000000
    173 0.000000 0.000000 0.000000 0.000000 0.000000 0.000000
    174 0.000000 0.000000 -4.867001 3.141572 -0.003206 -3.128592
    175 1.000088 -0.000029 0.000000 0.000000 0.000000 0.000000
    176 17.162518 -0.000404 0.000000 0.000000 0.000000 0.119213
    177 17.749374 0.295515 0.000000 0.000000 0.000000 -1.158956
    178 5.413528 0.000347 0.000000 0.000000 0.000000 -0.518053
    179 0.017887 0.299792 0.000000 0.000000 0.000000 -0.059581
    180 9.999889 -0.000303 0.000000 0.000000 0.000000 0.000000
    181 0.000000 0.000000 4.867000 3.141572 -0.003206 -3.128592
    182 1.000088 -0.000029 0.000000 0.000000 0.000000 0.000000
    183 12.283573 1.581455 -4.695999 1.462269 -0.086726 0.090185
    184 17.162518 -0.000404 0.000000 0.000000 0.000000 0.119213
    185 17.749374 0.295515 0.000000 0.000000 0.000000 -1.158956
    186 5.413528 0.000347 0.000000 0.000000 0.000000 -0.518053
    187 0.017887 0.299792 0.000000 0.000000 0.000000 -0.059581
    188 9.499836 0.000212 0.000000 0.000000 0.000000 0.000000
    189 -1.145525 0.000130 0.000671 0.000000 0.000000 0.000000
    190 -0.857691 0.104071 0.104687 0.023536 0.163924 0.013632
    191 3.999430 -0.000528 -0.000332 -0.302862 0.000000 0.000000
    192 0.599499 0.400698 0.000236 0.000000 0.000000 0.000000
    193 0.599886 0.400186 -0.000027 0.000000 0.000000 0.000000
    194 2.299677 -2.499979 -0.599480 0.891928 0.221512 -0.527288
    195 7.876885 -0.326112 -1.140608 1.297038 -0.337181 0.470158
    196 -9.580679 -27.862108 -37.184677 0.812879 -0.123459 -0.568477
    197 0.649935 -0.548296 0.093658 -1.665913 -0.131399 -0.112062
    198 1.899127 0.000427 -0.000439 0.027386 -0.033311 0.477848
    199 0.657078 0.008400 0.040375 -1.665945 -0.131407 -0.000013
    200 1.799664 -0.000240 0.000231 0.027386 -0.033311 0.477848
    201 1.799664 -0.000240 0.000231 0.027386 -0.033311 0.477848
    202 1.799664 -0.000240 0.000231 0.027386 -0.033311 0.477848
    203 0.665774 0.747222 -0.029186 -1.665935 -0.131408 0.094976
    204 1.900306 -0.000137 -0.000517 0.027386 -0.033311 0.477848
    205 4.662004 -5.366334 4.825195 1.569715 1.561305 -3.121216
    206 3.999897 0.000040 0.001007 0.168594 0.000000 0.000000
    207 0.600403 0.399632 -0.000469 0.000000 0.000000 -3.141496
    208 0.599890 0.400186 0.000031 0.000000 0.000000 -3.139640
    209 2.300137 -2.499413 0.600155 -0.892020 -0.221513 -0.527232
    210 12.101563 -3.646484 -1.237305 1.733664 0.203086 0.048277
    211 2.762354 0.116951 1.523975 1.629482 0.064153 1.743800
    212 7.228317 7.928200 -3.925652 2.328713 0.123459 -0.568477
    213 0.650396 -0.547731 -0.092976 1.665913 0.131399 -0.112062
    214 1.899441 -0.000320 -0.000150 -0.027386 0.033311 0.477848
    215 0.657068 0.008398 -0.040379 1.665945 0.131407 -0.000013
    216 1.799659 -0.000233 -0.000233 -0.027386 0.033311 0.477848
    217 1.799659 -0.000233 -0.000233 -0.027386 0.033311 0.477848
    218 1.799659 -0.000233 -0.000233 -0.027386 0.033311 0.477848
    219 0.665778 0.747222 0.029179 1.665935 0.131408 0.094976
    220 1.900722 0.000549 -0.000072 -0.027386 0.033311 0.477848
    221 4.530998 0.000000 0.000000 0.000000 0.000000 0.000000
    222 4.527344 0.000000 0.000000 0.000000 0.000000 0.000000
    223 0.000000 0.000000 0.000000 0.000000 0.000000 0.000000
    224 0.000000 0.000000 0.000000 0.000000 0.000000 0.000000
    225 4.000000 -6.500000 0.000000 0.000000 0.000000 0.000977
    226 -6.500000 0.000000 0.000000 0.000000 1.570795 0.000000
    227 19.226918 -3.183442 8.517017 -0.009087 0.002043 0.001119
    228 0.280000 -0.135000 2.196999 1.570796 0.000000 -1.570735
    229 0.000000 0.000000 0.000000 0.000000 0.000000 0.000000
    230 0.000000 0.000000 0.000000 0.009588 0.005249 -0.007538
    231 0.106000 0.000000 -64.320000 0.000000 0.000000 0.000000
    232 0.000000 0.000000 0.000000 0.000000 0.000000 0.000000
    233 -0.106000 0.000000 64.320000 0.000000 0.000000 0.000000
    234 0.003042 -0.001328 -64.319374 0.000009 0.000084 -3.141638
    235 -30.813440 -4.484512 4.054811 0.648315 -0.593753 0.164261
    236 1.688000 -0.001000 -1.454002 0.000000 0.000000 0.000000
    237 -1.070999 -0.005000 0.545002 0.000000 0.000000 0.000000
    238 5.895000 0.750997 -0.156000 0.000000 0.000000 0.000000
    239 11.599999 -0.000003 -1.500002 0.000000 0.000000 0.000000
    240 1.037001 1.337997 -4.334000 -2.791227 -0.162411 -0.765711
    241 7.216001 -0.000003 -1.579000 0.000000 0.000000 0.000000
    242 4.445999 -0.000003 -1.500000 0.000000 0.000000 0.000000
    243 0.673937 -0.015635 -4.768713 -3.141592 -1.281051 3.141593
    244 0.094999 -0.144000 0.332001 0.000000 0.000000 0.000000
    245 14.209020 0.000022 0.766988 0.000000 0.000000 0.000000
    246 0.000000 0.000000 0.000000 1.570800 0.000000 -1.570796
  time 20
    0 0.000000 0.000000 0.000000 0.000000 0.000000 -1.570796
    1 -0.106384 0.000000 -0.000198 0.000000 0.000000 0.000000
    2 0.000000 0.000000 0.000000 0.000000 0.000000 0.000000
    3 -0.904000 0.000000 -11.806000 0.000000 0.000000 0.000000
    4 0.000000 0.000000 -14.313999 1.571297 -1.570750 0.000000
    5 3.533001 0.000000 0.000000 0.000000 0.000000 0.000000
    6 6.250000 0.000000 0.000000 0.000000 0.000000 0.000000
    7 9.568951 3.789203 -1.944020 -1.545328 1.187827 -1.547138
    8 9.604108 5.304874 2.065130 -1.567098 -1.034113 1.564442
    9 5.786820 0.002787 -0.000113 -0.664299 0.454433 -1.053538
    10 5.999492 -0.000592 -4.000343 0.000000 0.000000 0.000000
    11 5.787410 0.002582 0.000893 0.998177 -0.724907 -1.839629
    12 5.999492 -0.000592 4.000340 0.000000 0.000000 0.000000
    13 0.500225 0.000133 -0.000084 0.029754 0.000000 0.000000
    14 11.530657 0.000349 -0.001308 -0.000005 0.000009 -1.308264
    15 -0.829338 0.893824 0.079659 -0.148839 0.047645 0.087266
    16 0.500225 0.000132 0.000072 0.016816 0.000000 0.000000
    17 11.532495 0.000526 -0.000093 0.000042 0.000038 -1.604460
    18 -0.829586 0.894698 -0.079468 0.045377 -0.019621 0.087266
    19 10.599886 0.000105 -0.000553 -0.284199 0.000000 0.000000
    20 0.287639 -0.376746 -0.000805 0.000000 0.000011 0.654132
    21 11.042053 -0.000189 0.000798 -0.568425 -0.312685 0.256922
    22 -11.814724 0.424524 -0.297680 0.247998 -0.066121 -0.042695
    23 10.599878 0.000105 0.000549 0.123208 -0.000060 0.000048
    24 0.513184 -0.495117 0.000699 0.000000 0.000000 0.802658
    25 11.041739 0.003170 -0.000568 0.247426 -0.062173 0.752435
    26 -11.663242 0.094713 0.140656 -0.068591 0.018527 -0.015099
    27 0.610300 -0.939470 0.070347 -1.655295 -0.140079 -0.175580
    28 0.639938 -0.199121 0.060192 -1.665955 -0.131350 -0.066457
    29 0.600155 1.080260 -0.339535 -1.738076 0.020856 0.107421
    30 0.610207 0.400743 -0.010098 -1.762322 -0.061616 0.043052
    31 0.630809 -0.690091 -0.232343 0.000008 0.185240 -1.079346
    32 -0.792125 0.203736 0.461304 1.439074 -0.003453 -0.018305
    33 0.610300 -0.939469 -0.070354 1.655346 0.140067 -0.175496
    34 0.639938 -0.199121 -0.060200 1.666009 0.131431 -0.066278
    35 0.600157 1.080260 0.339531 1.741683 -0.204071 0.076022
    36 0.610205 0.400743 0.010086 1.762004 -0.015356 0.028098
    37 0.629883 -0.689453 0.230347 -1.014704 -0.861531 -0.665916
    38 -0.626031 -0.069982 -0.080517 -1.447153 0.086151 0.021559
    39 2.621377 -0.002532 -0.001438 0.015373 0.036977 0.041812
    40 2.660837 0.000397 -0.000071 -0.015671 -0.082299 0.034372
    41 2.202488 0.003364 -0.002863 -0.130518 0.055711 0.113798
    42 0.599950 0.959236 -0.300102 -0.174544 0.000000 0.000000
    43 2.557190 -0.001967 0.002453 -0.038312 -0.033128 0.091850
    44 2.098929 0.000032 -0.002193 -0.486361 0.205229 0.367900
    45 0.999378 -0.000238 -1.064834 0.000000 0.000000 0.000000
    46 -0.122641 -0.721855 0.661686 -0.486644 0.223964 0.243056
    47 2.619141 0.000142 -0.000401 -0.053005 0.086821 -0.048204
    48 2.657909 0.004593 -0.000533 0.200435 0.214755 1.264756
    49 2.199219 0.000515 -0.000121 0.236759 0.017677 1.474191
    50 0.599949 0.959244 0.300102 0.174544 0.000000 0.000000
    51 2.558594 -0.000149 -0.000030 0.236782 0.177167 1.399644
    52 2.097656 -0.000096 -0.000402 0.124873 -0.418761 0.877099
    53 0.999512 -0.000598 1.493164 0.000000 0.000000 0.946948
    54 0.310848 -0.606446 -0.498005 0.308107 -0.197598 0.313975
    55 1.869163 -0.000835 -0.000994 -0.000007 0.000003 0.346719
    56 1.200941 0.399582 -0.000237 -0.009465 0.016087 0.007127
    57 0.000586 0.100342 -0.000319 -0.120035 -0.021926 -0.209617
    58 -0.161663 0.051712 0.194808 -2.941982 0.122408 -0.060194
    59 2.010090 -0.003202 -0.003377 -0.000006 -0.000047 0.449818
    60 0.000237 0.099800 -0.000395 -0.018823 0.010833 -0.239219
    61 -0.203197 0.048607 0.069150 -3.093332 0.033217 -0.046722
    62 1.180426 -0.002312 0.000781 -0.000002 0.000012 0.342720
    63 -0.000196 0.099625 -0.000034 0.000000 0.000000 -0.314102
    64 -0.088737 -0.688435 -0.145203 2.930407 -0.136130 0.513013
    65 1.712069 0.000578 -0.000088 0.000011 -0.000009 0.210586
    66 -0.000576 0.100143 -0.000311 -0.010914 0.023131 -0.260843
    67 -0.146027 -0.232426 -0.014225 3.028455 -0.094299 0.113020
    68 1.290634 0.000361 -0.000036 -0.079710 0.005621 -0.013445
    69 -0.658119 -0.003576 0.072643 -0.142711 0.027792 -0.077299
    70 1.867188 -0.000058 0.000522 0.000000 0.000000 1.450175
    71 1.200075 0.399942 -0.000093 0.009465 -0.016087 0.007127
    72 0.000589 0.100342 0.000319 0.120035 0.021926 -0.209617
    73 0.068073 0.002283 -0.080050 3.111376 -0.069366 -0.060847
    74 2.007813 -0.000883 -0.000381 0.000047 -0.000039 1.379088
    75 0.000233 0.099800 0.000395 0.018823 -0.010833 -0.239219
    76 -0.018673 -0.001009 0.047544 3.109244 0.002635 -0.106673
    77 1.178665 0.001595 0.000845 0.000000 0.000000 0.743988
    78 -0.000196 0.099628 0.000034 0.000000 0.000000 -0.314102
    79 0.036894 -0.634449 0.266284 -2.801062 0.174301 0.490915
    80 1.708008 0.000721 0.000199 0.000000 0.000000 1.160581
    81 -0.000580 0.100140 0.000311 0.010914 -0.023131 -0.260843
    82 -0.003952 -0.281811 0.115047 -3.059162 0.089004 0.167964
    83 1.290039 0.000363 -0.000045 -0.000058 0.000020 0.672665
    84 -0.171526 -0.018150 -0.099873 0.013484 -0.062184 -0.011781
    85 0.916622 0.003336 0.001326 -0.003457 0.002789 0.055554
    86 -0.342617 0.053402 -0.025571 -2.909301 -0.017248 0.075276
    87 1.100231 -0.000928 -0.002434 0.000009 0.000002 -0.080271
    88 -0.384979 0.331001 0.006848 -3.087207 -0.018765 -0.184278
    89 0.678146 0.002286 0.000002 -0.000006 -0.000007 0.154114
    90 -0.123848 0.072738 0.029507 2.898184 -0.060627 0.094835
    91 1.017166 -0.000154 -0.000252 -0.000011 -0.000002 0.259493
    92 -0.344990 0.123129 0.143151 2.994981 0.012396 0.059140
    93 -0.730989 0.177046 0.039141 -0.123731 0.076518 -0.084310
    94 0.918945 0.000403 0.000087 0.000000 0.000000 0.471850
    95 -0.124023 -0.052090 0.038495 3.077813 -0.008519 0.039229
    96 1.099609 0.000007 0.000468 0.000016 0.000059 0.545759
    97 -0.330082 0.160639 0.042780 3.128073 0.034033 -0.171236
    98 0.679199 -0.000816 0.000174 0.000000 0.000000 0.674789
    99 -0.019512 -0.016531 0.038578 -2.763781 0.050305 0.076829
    100 1.019531 -0.000026 -0.000398 0.000015 0.000057 0.497121
    101 -0.155308 0.130644 -0.021921 -3.022466 0.022433 -0.024902
    102 -0.252207 0.061937 -0.024914 -0.007671 -0.063171 -0.044392
    103 -0.085995 0.185205 -0.015180 -2.937063 -0.113970 -0.138991
    104 -0.286533 0.179852 0.024264 -3.109353 -0.049645 -0.029914
    105 -0.019482 0.147083 0.079203 2.893815 0.038585 -0.060594
    106 -0.046482 0.251896 0.129548 3.016165 0.077112 -0.042864
    107 0.039124 -0.040295 0.047739 3.084219 0.030470 -0.037414
    108 -0.233757 0.066630 0.001754 -3.133087 0.040141 -0.065412
    109 0.044266 0.020131 0.001684 -2.778763 -0.118872 -0.040488
    110 0.071495 0.074128 -0.048302 -3.035917 -0.059482 0.104366
    111 0.000000 0.000000 0.000000 0.000000 0.000000 -1.570796
    112 -3.179785 -7.828364 -2.882900 -0.014505 0.003821 -1.569771
    113 0.000000 0.000000 0.000000 0.000000 0.000000 0.000000
    114 -3.175878 -18.223212 -3.312601 -0.014565 0.003801 -1.569771
    115 3.096000 0.000000 -1.996000 0.000000 0.000000 0.000000
    116 3.040999 0.000000 1.202000 0.000000 0.000000 0.000000
    117 7.854000 0.000000 -0.042000 0.000000 0.000000 0.000000
    118 13.105999 0.000000 -0.006000 0.000000 0.000000 0.000000
    119 3.456000 0.000000 -1.084000 0.000000 0.000000 0.000000
    120 1.804000 0.000000 -1.025000 0.000000 0.000000 0.000000
    121 7.098000 0.000000 -1.084000 0.000000 0.000000 0.000000
    122 -1.511009 4.344234 -4.182099 -1.380340 -0.480456 -0.426658
    123 3.740000 0.000000 1.273000 0.000000 0.000000 0.000000
    124 11.956999 0.000000 -0.006000 0.000000 0.000000 0.000000
    125 6.072001 0.000000 -1.238000 0.000000 0.000000 0.000000
    126 5.690000 -0.365000 0.068000 0.000000 -0.349029 -1.570796
    127 6.396999 0.614000 0.428000 0.000000 0.000000 0.000000
    128 3.040999 0.000000 1.202000 0.000000 0.000000 0.000000
    129 3.720000 0.000000 1.202000 0.000000 0.000000 0.000000
    130 1.086000 -0.661000 -0.149000 1.570819 0.000000 0.000000
    131 1.067000 0.589000 0.076000 0.087248 0.000000 0.000060
    132 0.000000 -0.019000 0.000000 0.000000 0.000000 0.000000
    133 0.000000 -0.019000 0.000000 0.000000 0.000000 0.000000
    134 3.300000 -0.019000 1.346000 0.000000 0.000000 0.000000
    135 -1.524000 -1.859000 -4.367000 -1.730306 -0.014954 0.208139
    136 7.283999 0.000000 -2.195000 0.000000 0.000000 0.000000
    137 -1.323000 0.000000 0.184000 0.000000 0.000000 0.000000
    138 0.082000 0.000000 1.002000 0.000000 0.000000 0.000000
    139 -19.346987 4.031373 -60.849113 0.014531 -0.003783 -0.001139
    140 0.478000 0.000000 -4.537000 0.000000 0.000000 0.000000
    141 3.436000 0.000000 1.202000 0.000000 0.000000 0.000000
    142 3.040999 0.000000 1.202000 0.000000 0.000000 0.000000
    143 4.657000 0.000000 1.545000 0.000000 0.000000 0.000000
    144 -0.403000 0.000000 -0.011000 0.000000 0.000000 0.000000
    145 1.781000 0.000000 0.873000 0.000000 0.000000 0.000000
    146 0.384000 0.715000 0.801000 0.000000 0.000000 0.000000
    147 1.795000 0.533000 -1.550000 0.000000 0.000000 0.000000
    148 4.435999 0.595000 -0.954000 0.000000 0.000000 0.000000
    149 4.401999 -0.614000 -1.630000 0.000000 0.000000 0.000000
    150 4.203000 -0.003000 -0.048000 0.000000 0.000000 0.000000
    151 5.136000 0.000000 1.534000 0.000000 0.000000 0.000000
    152 11.957001 0.000000 -0.006000 0.000000 0.000000 0.000000
    153 -2.103001 0.000000 0.000000 0.000000 0.000000 0.000000
    154 -0.598001 0.000000 -0.011000 0.000000 0.000000 0.000000
    155 0.496000 0.184000 -3.523000 0.000000 0.000000 0.000000
    156 0.147000 0.184000 -0.328000 0.000000 0.000000 0.000000
    157 0.147000 0.184000 0.023000 0.000000 0.000000 0.000000
    158 0.147000 0.184000 0.368000 0.000000 0.000000 0.000000
    159 0.147000 0.184000 0.717000 0.000000 0.000000 0.000000
    160 0.147000 0.184000 1.067000 0.000000 0.000000 0.000000
    161 0.148000 0.184000 1.414000 0.000000 0.000000 0.000000
    162 0.148000 -0.074000 1.640000 0.000000 0.000000 0.000000
    163 0.435000 0.184000 -3.179000 0.000000 0.000000 0.000000
    164 0.378000 0.184000 -2.826000 0.000000 0.000000 0.000000
    165 0.329000 0.184000 -2.477000 0.000000 0.000000 0.000000
    166 0.286000 0.184000 -2.127000 0.000000 0.000000 0.000000
    167 0.252000 0.184000 -1.775000 0.000000 0.000000 0.000000
    168 0.215000 0.184000 -1.417000 0.000000 0.000000 0.000000
    169 0.190000 0.184000 -1.064000 0.000000 0.000000 0.000000
    170 0.166000 0.184000 -0.714000 0.000000 0.000000 0.000000
    171 1.622000 0.000000 1.568000 0.000000 0.000000 0.000000
    172 2.240000 0.000000 1.568000 0.000000 0.000000 0.000000
    173 0.000000 0.000000 0.000000 0.000000 0.000000 0.000000
    174 0.000000 0.000000 -4.867001 3.141572 -0.003206 -3.128592
    175 1.000088 -0.000029 0.000000 0.000000 0.000000 0.000000
    176 17.162518 -0.000404 0.000000 0.000000 0.000000 0.119213
    177 17.749374 0.295515 0.000000 0.000000 0.000000 -1.158956
    178 5.413528 0.000347 0.000000 0.000000 0.000000 -0.518053
    179 0.017887 0.299792 0.000000 0.000000 0.000000 -0.059581
    180 9.999889 -0.000303 0.000000 0.000000 0.000000 0.000000
    181 0.000000 0.000000 4.867000 3.141572 -0.003206 -3.128592
    182 1.000088 -0.000029 0.000000 0.000000 0.000000 0.000000
    183 12.283573 1.581455 -4.695999 1.462269 -0.086726 0.090185
    184 17.162518 -0.000404 0.000000 0.000000 0.000000 0.119213
    185 17.749374 0.295515 0.000000 0.000000 0.000000 -1.158956
    186 5.413528 0.000347 0.000000 0.000000 0.000000 -0.518053
    187 0.017887 0.299792 0.000000 0.000000 0.000000 -0.059581
    188 9.499836 0.000212 0.000000 0.000000 0.000000 0.000000
    189 -1.145525 0.000130 0.000671 0.000000 0.000000 0.000000
    190 -0.857691 0.104071 0.104687 0.023536 0.163924 0.013632
    191 3.999430 -0.000528 -0.000332 -0.269304 -0.000060 0.000000
    192 0.599499 0.400698 0.000236 0.000000 0.000000 0.000000
    193 0.599886 0.400186 -0.000027 0.000000 0.000000 0.000000
    194 2.299677 -2.499979 -0.599480 0.891928 0.221512 -0.527288
    195 6.662004 -1.283172 -2.078137 1.392137 -0.332756 0.546832
    196 -9.580679 -27.862108 -37.184677 0.812879 -0.123459 -0.568477
    197 0.649935 -0.548296 0.093658 -1.665913 -0.131399 -0.112062
    198 1.899127 0.000427 -0.000439 0.027386 -0.033311 0.477848
    199 0.657078 0.008400 0.040375 -1.665945 -0.131407 -0.000013
    200 1.799664 -0.000240 0.000231 0.027386 -0.033311 0.477848
    201 1.799664 -0.000240 0.000231 0.027386 -0.033311 0.477848
    202 1.799664 -0.000240 0.000231 0.027386 -0.033311 0.477848
    203 0.665774 0.747222 -0.029186 -1.665935 -0.131408 0.094976
    204 1.900306 -0.000137 -0.000517 0.027386 -0.033311 0.477848
    205 4.662004 -5.366334 4.825195 1.569715 1.561305 -3.121216
    206 3.999897 0.000040 0.001007 0.168463 0.000000 0.000000
    207 0.600403 0.399632 -0.000469 0.000000 0.000000 -3.141496
    208 0.599890 0.400186 0.000031 0.000000 0.000000 -3.139640
    209 2.300137 -2.499413 0.600155 -0.892020 -0.221513 -0.527232
    210 12.101563 -3.646484 -1.237305 1.733664 0.203086 0.048277
    211 2.762354 0.116951 1.523975 1.629482 0.064153 1.743800
    212 7.228317 7.928200 -3.925652 2.328713 0.123459 -0.568477
    213 0.650396 -0.547731 -0.092976 1.665913 0.131399 -0.112062
    214 1.899441 -0.000320 -0.000150 -0.027386 0.033311 0.477848
    215 0.657068 0.008398 -0.040379 1.665945 0.131407 -0.000013
    216 1.799659 -0.000233 -0.000233 -0.027386 0.033311 0.477848
    217 1.799659 -0.000233 -0.000233 -0.027386 0.033311 0.477848
    218 1.799659 -0.000233 -0.000233 -0.027386 0.033311 0.477848
    219 0.665778 0.747222 0.029179 1.665935 0.131408 0.094976
    220 1.900722 0.000549 -0.000072 -0.027386 0.033311 0.477848
    221 4.530998 0.000000 0.000000 0.000000 0.000000 0.000000
    222 4.527344 0.000000 0.000000 0.000000 0.000000 0.000000
    223 0.000000 0.000000 0.000000 0.000000 0.000000 0.000000
    224 0.000000 0.000000 0.000000 0.000000 0.000000 0.000000
    225 4.000000 -6.500000 0.000000 0.000000 0.000000 0.000977
    226 -6.500000 0.000000 0.000000 0.000000 1.570795 0.000000
    227 19.234730 -3.175629 8.489673 -0.014505 0.003820 0.001026
    228 0.280000 -0.135000 2.196999 1.570796 0.000000 -1.570735
    229 0.000000 0.000000 0.000000 0.000000 0.000000 0.000000
    230 0.000000 0.000000 0.000000 0.007071 0.005657 -0.007323
    231 0.106000 0.000000 -64.320000 0.000000 0.000000 0.000000
    232 0.000000 0.000000 0.000000 0.000000 0.000000 0.000000
    233 -0.106000 0.000000 64.320000 0.000000 0.000000 0.000000
    234 0.003042 -0.001328 -64.319374 0.000009 0.000084 -3.141638
    235 -30.813440 -4.484512 4.054811 0.648315 -0.593753 0.164261
    236 1.688000 -0.001000 -1.454002 0.000000 0.000000 0.000000
    237 -1.070999 -0.005000 0.545002 0.000000 0.000000 0.000000
    238 5.895000 0.750997 -0.156000 0.000000 0.000000 0.000000
    239 11.599999 -0.000003 -1.500002 0.000000 0.000000 0.000000
    240 1.037001 1.337997 -4.334000 -2.791227 -0.162411 -0.765711
    241 7.216001 -0.000003 -1.579000 0.000000 0.000000 0.000000
    242 4.445999 -0.000003 -1.500000 0.000000 0.000000 0.000000
    243 0.673937 -0.015635 -4.768713 -3.141592 -1.281051 3.141593
    244 0.094999 -0.144000 0.332001 0.000000 0.000000 0.000000
    245 14.209020 0.000022 0.766988 0.000000 0.000000 0.000000
    246 0.000000 0.000000 0.000000 1.570800 0.000000 -1.570796
  time 21
    0 0.000000 0.000000 0.000000 0.000000 0.000000 -1.570796
    1 -0.106384 0.000000 -0.000198 0.000000 0.000000 0.000000
    2 0.000000 0.000000 0.000000 0.000000 0.000000 0.000000
    3 -0.904000 0.000000 -11.806000 0.000000 0.000000 0.000000
    4 0.000000 0.000000 -14.313999 1.571297 -1.570750 0.000000
    5 3.533001 0.000000 0.000000 0.000000 0.000000 0.000000
    6 6.250000 0.000000 0.000000 0.000000 0.000000 0.000000
    7 9.568951 2.589948 -1.944020 -1.545328 1.187827 -1.547138
    8 9.604108 5.304874 2.065130 -1.564830 -1.034040 1.560419
    9 5.786820 0.002787 -0.000113 -0.776811 0.492286 -1.129865
    10 5.999492 -0.000592 -4.000343 0.000000 0.000000 0.000000
    11 5.787410 0.002582 0.000893 0.999887 -0.723777 -1.840172
    12 5.999492 -0.000592 4.000340 0.000000 0.000000 0.000000
    13 0.500225 0.000133 -0.000084 0.086897 -0.000024 0.000000
    14 11.530657 0.000349 -0.001308 -0.000005 0.000009 -1.218509
    15 -0.829338 0.893824 0.079659 -0.148839 0.047645 0.087266
    16 0.500225 0.000132 0.000072 0.016816 0.000000 0.000000
    17 11.532495 0.000526 -0.000093 0.000042 0.000038 -1.604702
    18 -0.829586 0.894698 -0.079468 0.045377 -0.019621 0.087266
    19 10.599886 0.000105 -0.000553 -0.262935 0.000000 0.000000
    20 0.256388 -0.353308 -0.000805 0.000000 0.000011 0.609304
    21 11.042053 -0.000189 0.000798 -0.525902 -0.337290 0.105055
    22 -11.814724 0.424524 -0.297680 0.247998 -0.066121 -0.042695
    23 10.599878 0.000105 0.000549 0.121373 -0.000060 0.000048
    24 0.513184 -0.495117 0.000699 0.000000 0.000000 0.802658
    25 11.041739 0.003170 -0.000568 0.242418 -0.063574 0.754386
    26 -11.663242 0.094713 0.140656 -0.068591 0.018527 -0.015099
    27 0.610300 -0.939470 0.070347 -1.655497 -0.153621 -0.174441
    28 0.639938 -0.199121 0.060192 -1.665955 -0.131350 -0.066457
    29 0.600155 1.080260 -0.339535 -1.739933 0.069988 0.067848
    30 0.610207 0.400743 -0.010098 -1.762053 -0.031522 0.037155
    31 0.630809 -0.690091 -0.232343 0.047027 0.172859 -1.022993
    32 -0.792125 0.203736 0.461304 1.439074 -0.003453 -0.018305
    33 0.610300 -0.939469 -0.070354 1.655346 0.140067 -0.175508
    34 0.639938 -0.199121 -0.060200 1.666009 0.131431 -0.066278
    35 0.600157 1.080260 0.339531 1.741683 -0.204071 0.076022
    36 0.610205 0.400743 0.010086 1.762004 -0.015356 0.028098
    37 0.629883 -0.689453 0.230347 -1.014704 -0.861531 -0.665916
    38 -0.626031 -0.069982 -0.080517 -1.447153 0.086151 0.021559
    39 2.621377 -0.002532 -0.001438 0.004725 -0.298752 -0.009963
    40 2.660837 0.000397 -0.000071 -0.020965 -0.104810 0.021981
    41 2.202488 0.003364 -0.002863 -0.246696 0.168425 -0.117271
    42 0.599950 0.959236 -0.300102 -0.174544 0.000000 0.000000
    43 2.557190 -0.001967 0.002453 -0.139709 0.058049 -0.010838
    44 2.098929 0.000032 -0.002193 -0.510423 0.116928 0.427158
    45 0.999378 -0.000238 -1.103898 0.000000 0.000000 0.000000
    46 -0.122641 -0.721855 0.661686 -0.486644 0.223964 0.243056
    47 2.619141 0.000142 -0.000401 -0.053005 0.086821 -0.048204
    48 2.657909 0.004593 -0.000533 0.200435 0.214755 1.264756
    49 2.199219 0.000515 -0.000121 0.236759 0.017677 1.474191
    50 0.599949 0.959244 0.300102 0.174544 0.000000 0.000000
    51 2.558594 -0.000149 -0.000030 0.236782 0.177167 1.399644
    52 2.097656 -0.000096 -0.000402 0.124873 -0.418761 0.877099
    53 0.999512 -0.000598 1.493164 0.000000 0.000000 0.946948
    54 0.310848 -0.606446 -0.498005 0.308107 -0.197598 0.313975
    55 1.869163 -0.000835 -0.000994 -0.000007 0.000003 0.240442
    56 1.200941 0.399582 -0.000237 -0.009465 0.016087 0.007127
    57 0.000586 0.100342 -0.000319 -0.120035 -0.021926 -0.209617
    58 -0.161663 0.051712 0.194808 -2.941982 0.122408 -0.060194
    59 2.010090 -0.003202 -0.003377 0.000006 0.000001 0.247359
    60 0.000237 0.099800 -0.000395 -0.018823 0.010833 -0.239219
    61 -0.203197 0.048607 0.069150 -3.093332 0.033217 -0.046722
    62 1.180426 -0.002312 0.000781 0.000058 0.000000 0.222655
    63 -0.000196 0.099625 -0.000034 0.000000 0.000000 -0.314102
    64 -0.088737 -0.688435 -0.145203 2.930407 -0.136130 0.513013
    65 1.712069 0.000578 -0.000088 0.000071 -0.000009 0.040762
    66 -0.000576 0.100143 -0.000311 -0.010914 0.023131 -0.260843
    67 -0.146027 -0.232426 -0.014225 3.028455 -0.094299 0.113020
    68 1.290634 0.000361 -0.000036 -0.041335 0.002792 -0.012135
    69 -0.658119 -0.003576 0.072643 -0.142711 0.027792 -0.077299
    70 1.867188 -0.000058 0.000522 0.000000 0.000000 1.450175
    71 1.200075 0.399942 -0.000093 0.009465 -0.016087 0.007127
    72 0.000589 0.100342 0.000319 0.120035 0.021926 -0.209617
    73 0.068073 0.002283 -0.080050 3.111376 -0.069366 -0.060847
    74 2.007813 -0.000883 -0.000381 0.000047 -0.000039 1.379088
    75 0.000233 0.099800 0.000395 0.018823 -0.010833 -0.239219
    76 -0.018673 -0.001009 0.047544 3.109244 0.002635 -0.106673
    77 1.178665 0.001595 0.000845 0.000000 0.000000 0.743988
    78 -0.000196 0.099628 0.000034 0.000000 0.000000 -0.314102
    79 0.036894 -0.634449 0.266284 -2.801062 0.174301 0.490915
    80 1.708008 0.000721 0.000199 0.000000 0.000000 1.160581
    81 -0.000580 0.100140 0.000311 0.010914 -0.023131 -0.260843
    82 -0.003952 -0.281811 0.115047 -3.059162 0.089004 0.167964
    83 1.290039 0.000363 -0.000045 -0.000058 0.000020 0.672665
    84 -0.171526 -0.018150 -0.099873 0.013484 -0.062184 -0.011781
    85 0.916622 0.003336 0.001326 -0.003481 0.002729 -0.047029
    86 -0.342617 0.053402 -0.025571 -2.909301 -0.017248 0.075276
    87 1.100231 -0.000928 -0.002434 0.000009 0.000002 -0.061342
    88 -0.384979 0.331001 0.006848 -3.087207 -0.018765 -0.184278
    89 0.678146 0.002286 0.000002 -0.000006 -0.000007 0.051511
    90 -0.123848 0.072738 0.029507 2.898184 -0.060627 0.094835
    91 1.017166 -0.000154 -0.000252 -0.000011 -0.000002 0.221795
    92 -0.344990 0.123129 0.143151 2.994981 0.012396 0.059140
    93 -0.730989 0.177046 0.039141 -0.123731 0.076518 -0.084310
    94 0.918945 0.000403 0.000087 0.000000 0.000000 0.471850
    95 -0.124023 -0.052090 0.038495 3.077813 -0.008519 0.039229
    96 1.099609 0.000007 0.000468 0.000016 0.000059 0.545759
    97 -0.330082 0.160639 0.042780 3.128073 0.034033 -0.171236
    98 0.679199 -0.000816 0.000174 0.000000 0.000000 0.674789
    99 -0.019512 -0.016531 0.038578 -2.763781 0.050305 0.076829
    100 1.019531 -0.000026 -0.000398 0.000015 0.000057 0.497121
    101 -0.155308 0.130644 -0.021921 -3.022466 0.022433 -0.024902
    102 -0.252207 0.061937 -0.024914 -0.007671 -0.063171 -0.044392
    103 -0.085995 0.185205 -0.015180 -2.937063 -0.113970 -0.138991
    104 -0.286533 0.179852 0.024264 -3.109353 -0.049645 -0.029914
    105 -0.019482 0.147083 0.079203 2.893815 0.038585 -0.060594
    106 -0.046482 0.251896 0.129548 3.016165 0.077112 -0.042864
    107 0.039124 -0.040295 0.047739 3.084219 0.030470 -0.037414
    108 -0.233757 0.066630 0.001754 -3.133087 0.040141 -0.065412
    109 0.044266 0.020131 0.001684 -2.778763 -0.118872 -0.040488
    110 0.071495 0.074128 -0.048302 -3.035917 -0.059482 0.104366
    111 0.000000 0.000000 0.000000 0.000000 0.000000 -1.570796
    112 -3.164159 -7.832270 -2.894620 -0.020009 0.005554 -1.569864
    113 0.000000 0.000000 0.000000 0.000000 0.000000 0.000000
    114 -3.164159 -18.227119 -3.339946 -0.020003 0.005545 -1.569864
    115 3.096000 0.000000 -1.996000 0.000000 0.000000 0.000000
    116 3.040999 0.000000 1.202000 0.000000 0.000000 0.000000
    117 7.854000 0.000000 -0.042000 0.000000 0.000000 0.000000
    118 13.105999 0.000000 -0.006000 0.000000 0.000000 0.000000
    119 3.456000 0.000000 -1.084000 0.000000 0.000000 0.000000
    120 1.804000 0.000000 -1.025000 0.000000 0.000000 0.000000
    121 7.098000 0.000000 -1.084000 0.000000 0.000000 0.000000
    122 0.254670 4.176260 -4.557110 -1.461717 -0.557047 -0.416013
    123 3.740000 0.000000 1.273000 0.000000 0.000000 0.000000
    124 11.956999 0.000000 -0.006000 0.000000 0.000000 0.000000
    125 6.072001 0.000000 -1.238000 0.000000 0.000000 0.000000
    126 5.690000 -0.365000 0.068000 0.000000 -0.349029 -1.570796
    127 6.396999 0.614000 0.428000 0.000000 0.000000 0.000000
    128 3.040999 0.000000 1.202000 0.000000 0.000000 0.000000
    129 3.720000 0.000000 1.202000 0.000000 0.000000 0.000000
    130 1.086000 -0.661000 -0.149000 1.570819 0.000000 0.000000
    131 1.067000 0.589000 0.076000 0.000000 0.000000 0.000000
    132 0.000000 -0.019000 0.000000 0.000000 0.000000 0.000000
    133 0.000000 -0.019000 0.000000 0.000000 0.000000 0.000000
    134 3.300000 -0.019000 1.346000 0.000000 0.000000 0.000000
    135 -1.524000 -1.859000 -4.367000 -1.730306 -0.014954 0.208139
    136 7.283999 0.000000 -2.195000 0.000000 0.000000 0.000000
    137 -1.323000 0.000000 0.184000 0.000000 0.000000 0.000000
    138 0.082000 0.000000 1.002000 0.000000 0.000000 0.000000
    139 -19.221984 4.382946 -60.833487 0.020039 -0.005533 -0.001044
    140 0.478000 0.000000 -4.537000 0.000000 0.000000 0.000000
    141 3.436000 0.000000 1.202000 0.000000 0.000000 0.000000
    142 3.040999 0.000000 1.202000 0.000000 0.000000 0.000000
    143 4.657000 0.000000 1.545000 0.000000 0.000000 0.000000
    144 -0.403000 0.000000 -0.011000 0.000000 0.000000 0.000000
    145 1.781000 0.000000 0.873000 0.000000 0.000000 0.000000
    146 0.384000 0.715000 0.801000 0.000000 0.000000 0.000000
    147 1.795000 0.533000 -1.550000 0.000000 0.000000 0.000000
    148 4.435999 0.595000 -0.954000 0.000000 0.000000 0.000000
    149 4.401999 -0.614000 -1.630000 0.000000 0.000000 0.000000
    150 4.203000 -0.003000 -0.048000 0.000000 0.000000 0.000000
    151 5.136000 0.000000 1.534000 0.000000 0.000000 0.000000
    152 11.957001 0.000000 -0.006000 0.000000 0.000000 0.000000
    153 -2.103001 0.000000 0.000000 0.000000 0.000000 0.000000
    154 -0.598001 0.000000 -0.011000 0.000000 0.000000 0.000000
    155 0.496000 0.184000 -3.523000 0.000000 0.000000 0.000000
    156 0.147000 0.184000 -0.328000 0.000000 0.000000 0.000000
    157 0.147000 0.184000 0.023000 0.000000 0.000000 0.000000
    158 0.147000 0.184000 0.368000 0.000000 0.000000 0.000000
    159 0.147000 0.184000 0.717000 0.000000 0.000000 0.000000
    160 0.147000 0.184000 1.067000 0.000000 0.000000 0.000000
    161 0.148000 0.184000 1.414000 0.000000 0.000000 0.000000
    162 0.148000 -0.074000 1.640000 0.000000 0.000000 0.000000
    163 0.435000 0.184000 -3.179000 0.000000 0.000000 0.000000
    164 0.378000 0.184000 -2.826000 0.000000 0.000000 0.000000
    165 0.329000 0.184000 -2.477000 0.000000 0.000000 0.000000
    166 0.286000 0.184000 -2.127000 0.000000 0.000000 0.000000
    167 0.252000 0.184000 -1.775000 0.000000 0.000000 0.000000
    168 0.215000 0.184000 -1.417000 0.000000 0.000000 0.000000
    169 0.190000 0.184000 -1.064000 0.000000 0.000000 0.000000
    170 0.166000 0.184000 -0.714000 0.000000 0.000000 0.000000
    171 1.622000 0.000000 1.568000 0.000000 0.000000 0.000000
    172 2.240000 0.000000 1.568000 0.000000 0.000000 0.000000
    173 0.000000 0.000000 0.000000 0.000000 0.000000 0.000000
    174 0.000000 0.000000 -4.867001 3.141572 -0.003206 -3.128592
    175 1.000088 -0.000029 0.000000 0.000000 0.000000 0.000000
    176 17.162518 -0.000404 0.000000 0.000000 0.000000 0.119213
    177 17.749374 0.295515 0.000000 0.000000 0.000000 -1.158956
    178 5.413528 0.000347 0.000000 0.000000 0.000000 -0.518053
    179 0.017887 0.299792 0.000000 0.000000 0.000000 -0.059581
    180 9.999889 -0.000303 0.000000 0.000000 0.000000 0.000000
    181 0.000000 0.000000 4.867000 3.141572 -0.003206 -3.128592
    182 1.000088 -0.000029 0.000000 0.000000 0.000000 0.000000
    183 12.283573 1.581455 -4.695999 1.462269 -0.086726 0.090185
    184 17.162518 -0.000404 0.000000 0.000000 0.000000 0.119213
    185 17.749374 0.295515 0.000000 0.000000 0.000000 -1.158956
    186 5.413528 0.000347 0.000000 0.000000 0.000000 -0.518053
    187 0.017887 0.299792 0.000000 0.000000 0.000000 -0.059581
    188 9.499836 0.000212 0.000000 0.000000 0.000000 0.000000
    189 -1.145525 0.000130 0.000671 0.000000 0.000000 0.000000
    190 -0.857691 0.104071 0.104687 0.023536 0.163924 0.013632
    191 3.999430 -0.000528 -0.000332 -0.247522 0.000000 0.000000
    192 0.599499 0.400698 0.000236 0.000000 0.000000 0.000000
    193 0.599886 0.400186 -0.000027 0.000000 0.000000 0.000000
    194 2.299677 -2.499979 -0.599480 0.891928 0.221512 -0.527288
    195 5.443217 -1.884753 -2.707062 1.471928 -0.356527 0.594271
    196 -9.580679 -27.862108 -37.184677 0.812879 -0.123459 -0.568477
    197 0.649935 -0.548296 0.093658 -1.665913 -0.131399 -0.112062
    198 1.899127 0.000427 -0.000439 0.027386 -0.033311 0.477848
    199 0.657078 0.008400 0.040375 -1.665945 -0.131407 -0.000013
    200 1.799664 -0.000240 0.000231 0.027386 -0.033311 0.477848
    201 1.799664 -0.000240 0.000231 0.027386 -0.033311 0.477848
    202 1.799664 -0.000240 0.000231 0.027386 -0.033311 0.477848
    203 0.665774 0.747222 -0.029186 -1.665935 -0.131408 0.094976
    204 1.900306 -0.000137 -0.000517 0.027386 -0.033311 0.477848
    205 4.662004 -5.366334 4.825195 1.569715 1.561305 -3.121216
    206 3.999897 0.000040 0.001007 0.166410 0.000000 0.000000
    207 0.600403 0.399632 -0.000469 0.000000 0.000000 -3.141496
    208 0.599890 0.400186 0.000031 0.000000 0.000000 -3.139640
    209 2.300137 -2.499413 0.600155 -0.892020 -0.221513 -0.527232
    210 12.101563 -3.646484 -1.237305 1.733664 0.203086 0.048277
    211 2.762354 0.116951 1.523975 1.629482 0.064153 1.743800
    212 7.228317 7.928200 -3.925652 2.328713 0.123459 -0.568477
    213 0.650396 -0.547731 -0.092976 1.665913 0.131399 -0.112062
    214 1.899441 -0.000320 -0.000150 -0.027386 0.033311 0.477848
    215 0.657068 0.008398 -0.040379 1.665945 0.131407 -0.000013
    216 1.799659 -0.000233 -0.000233 -0.027386 0.033311 0.477848
    217 1.799659 -0.000233 -0.000233 -0.027386 0.033311 0.477848
    218 1.799659 -0.000233 -0.000233 -0.027386 0.033311 0.477848
    219 0.665778 0.747222 0.029179 1.665935 0.131408 0.094976
    220 1.900722 0.000549 -0.000072 -0.027386 0.033311 0.477848
    221 4.530998 0.000000 0.000000 0.000000 0.000000 0.000000
    222 4.527344 0.000000 0.000000 0.000000 0.000000 0.000000
    223 0.000000 0.000000 0.000000 0.000000 0.000000 0.000000
    224 0.000000 0.000000 0.000000 0.000000 0.000000 0.000000
    225 4.000000 -6.500000 0.000000 0.000000 0.000000 0.000977
    226 -6.500000 0.000000 0.000000 0.000000 1.570795 0.000000
    227 19.238637 -3.163910 8.462328 -0.020009 0.005553 0.000932
    228 0.280000 -0.135000 2.196999 1.570796 0.000000 -1.570735
    229 0.000000 0.000000 0.000000 0.000000 0.000000 0.000000
    230 0.000000 0.000000 0.000000 0.004554 0.006064 -0.007107
    231 0.106000 0.000000 -64.320000 0.000000 0.000000 0.000000
    232 0.000000 0.000000 0.000000 0.000000 0.000000 0.000000
    233 -0.106000 0.000000 64.320000 0.000000 0.000000 0.000000
    234 0.003042 -0.001328 -64.319374 0.000009 0.000084 -3.141638
    235 -30.813440 -4.484512 4.054811 0.648315 -0.593753 0.164261
    236 1.688000 -0.001000 -1.454002 0.000000 0.000000 0.000000
    237 -1.070999 -0.005000 0.545002 0.000000 0.000000 0.000000
    238 5.895000 0.750997 -0.156000 0.000000 0.000000 0.000000
    239 11.599999 -0.000003 -1.500002 0.000000 0.000000 0.000000
    240 1.037001 1.337997 -4.334000 -2.791227 -0.162411 -0.765711
    241 7.216001 -0.000003 -1.579000 0.000000 0.000000 0.000000
    242 4.445999 -0.000003 -1.500000 0.000000 0.000000 0.000000
    243 0.673937 -0.015635 -4.768713 -3.141592 -1.281051 3.141593
    244 0.094999 -0.144000 0.332001 0.000000 0.000000 0.000000
    245 14.209020 0.000022 0.766988 0.000000 0.000000 0.000000
    246 0.000000 0.000000 0.000000 1.570800 0.000000 -1.570796
  time 22
    0 0.000000 0.000000 0.000000 0.000000 0.000000 -1.570796
    1 -0.106384 0.000000 -0.000198 0.000000 0.000000 0.000000
    2 0.000000 0.000000 0.000000 0.000000 0.000000 0.000000
    3 -0.904000 0.000000 -11.806000 0.000000 0.000000 0.000000
    4 0.000000 0.000000 -14.313999 1.571297 -1.570750 0.000000
    5 3.533001 0.000000 0.000000 0.000000 0.000000 0.000000
    6 6.250000 0.000000 0.000000 0.000000 0.000000 0.000000
    7 9.568951 1.750078 -1.944020 -1.545328 1.187827 -1.547138
    8 9.608014 5.304874 2.065130 -1.562562 -1.033967 1.556301
    9 5.786820 0.002787 -0.000113 -0.906529 0.468933 -1.240156
    10 5.999492 -0.000592 -4.000343 0.000000 0.000000 0.000000
    11 5.787410 0.002582 0.000893 1.001352 -0.722601 -1.840535
    12 5.999492 -0.000592 4.000340 0.000000 0.000000 0.000000
    13 0.500225 0.000133 -0.000084 0.144039 -0.000060 0.000000
    14 11.530657 0.000349 -0.001308 0.000043 0.000045 -1.154607
    15 -0.829338 0.893824 0.079659 -0.148839 0.047645 0.087266
    16 0.500225 0.000132 0.000072 0.016882 0.000000 0.000000
    17 11.532495 0.000526 -0.000093 0.000042 0.000038 -1.605025
    18 -0.829586 0.894698 -0.079468 0.045377 -0.019621 0.087266
    19 10.599886 0.000105 -0.000553 -0.340989 0.000000 0.000000
    20 0.221231 -0.329870 -0.000805 0.000000 -0.000025 0.578833
    21 11.042053 -0.000189 0.000798 -0.682000 -0.224537 0.235305
    22 -11.814724 0.424524 -0.297680 0.247998 -0.066121 -0.042695
    23 10.599878 0.000105 0.000549 0.119538 -0.000060 0.000048
    24 0.513184 -0.495117 0.000699 0.000000 0.000000 0.802658
    25 11.041739 0.003170 -0.000568 0.237584 -0.064975 0.756337
    26 -11.663242 0.094713 0.140656 -0.068591 0.018527 -0.015099
    27 0.610300 -0.939470 0.070347 -1.655750 -0.178765 -0.172224
    28 0.639938 -0.199121 0.060192 -1.665955 -0.131350 -0.066457
    29 0.600155 1.080260 -0.339535 -1.752981 0.160636 -0.006828
    30 0.610207 0.400743 -0.010098 -1.762053 0.024350 0.026034
    31 0.630809 -0.690091 -0.232343 0.134130 0.149774 -0.918398
    32 -0.792125 0.203736 0.461304 1.439074 -0.003453 -0.018305
    33 0.610300 -0.939469 -0.070354 1.655346 0.140067 -0.175508
    34 0.639938 -0.199121 -0.060200 1.666009 0.131431 -0.066278
    35 0.600157 1.080260 0.339531 1.741683 -0.204071 0.076022
    36 0.610205 0.400743 0.010086 1.762004 -0.015356 0.028098
    37 0.629883 -0.689453 0.230347 -1.014704 -0.861531 -0.665916
    38 -0.626031 -0.069982 -0.080517 -1.447153 0.086151 0.021559
    39 2.621377 -0.002532 -0.001438 -0.092989 -0.427133 0.030099
    40 2.660837 0.000397 -0.000071 -0.165604 -0.254991 0.033790
    41 2.202488 0.003364 -0.002863 -0.478050 0.097029 0.020152
    42 0.599950 0.959236 -0.300102 -0.174544 0.000000 0.000000
    43 2.557190 -0.001967 0.002453 -0.331843 -0.053858 0.034732
    44 2.098929 0.000032 -0.002193 -0.565876 -0.048400 0.534167
    45 0.999378 -0.000238 -1.142961 0.000000 0.000000 0.000000
    46 -0.122641 -0.721855 0.661686 -0.486644 0.223964 0.243056
    47 2.619141 0.000142 -0.000401 -0.053005 0.086821 -0.048204
    48 2.657909 0.004593 -0.000533 0.200435 0.214755 1.264756
    49 2.199219 0.000515 -0.000121 0.236759 0.017677 1.474191
    50 0.599949 0.959244 0.300102 0.174544 0.000000 0.000000
    51 2.558594 -0.000149 -0.000030 0.236782 0.177167 1.399644
    52 2.097656 -0.000096 -0.000402 0.124873 -0.418761 0.877099
    53 0.999512 -0.000598 1.493164 0.000000 0.000000 0.946948
    54 0.310848 -0.606446 -0.498005 0.308107 -0.197598 0.313975
    55 1.869163 -0.000835 -0.000994 -0.000007 0.000003 0.273125
    56 1.200941 0.399582 -0.000237 -0.009465 0.016087 0.007127
    57 0.000586 0.100342 -0.000319 -0.120035 -0.021926 -0.209617
    58 -0.161663 0.051712 0.194808 -2.941982 0.122408 -0.060194
    59 2.010090 -0.003202 -0.003377 0.000006 0.000001 0.341919
    60 0.000237 0.099800 -0.000395 -0.018823 0.010833 -0.239219
    61 -0.203197 0.048607 0.069150 -3.093332 0.033217 -0.046722
    62 1.180426 -0.002312 0.000781 -0.000002 0.000000 0.114416
    63 -0.000196 0.099625 -0.000034 0.000000 0.000000 -0.314102
    64 -0.088737 -0.688435 -0.145203 2.930407 -0.136130 0.513013
    65 1.712069 0.000578 -0.000088 0.000071 -0.000009 0.079660
    66 -0.000576 0.100143 -0.000311 -0.010914 0.023131 -0.260843
    67 -0.146027 -0.232426 -0.014225 3.028455 -0.094299 0.113020
    68 1.290634 0.000361 -0.000036 -0.011781 0.000851 -0.009872
    69 -0.658119 -0.003576 0.072643 -0.142711 0.027792 -0.077299
    70 1.867188 -0.000058 0.000522 0.000000 0.000000 1.450175
    71 1.200075 0.399942 -0.000093 0.009465 -0.016087 0.007127
    72 0.000589 0.100342 0.000319 0.120035 0.021926 -0.209617
    73 0.068073 0.002283 -0.080050 3.111376 -0.069366 -0.060847
    74 2.007813 -0.000883 -0.000381 0.000047 -0.000039 1.379088
    75 0.000233 0.099800 0.000395 0.018823 -0.010833 -0.239219
    76 -0.018673 -0.001009 0.047544 3.109244 0.002635 -0.106673
    77 1.178665 0.001595 0.000845 0.000000 0.000000 0.743988
    78 -0.000196 0.099628 0.000034 0.000000 0.000000 -0.314102
    79 0.036894 -0.634449 0.266284 -2.801062 0.174301 0.490915
    80 1.708008 0.000721 0.000199 0.000000 0.000000 1.160581
    81 -0.000580 0.100140 0.000311 0.010914 -0.023131 -0.260843
    82 -0.003952 -0.281811 0.115047 -3.059162 0.089004 0.167964
    83 1.290039 0.000363 -0.000045 -0.000058 0.000020 0.672665
    84 -0.171526 -0.018150 -0.099873 0.013484 -0.062184 -0.011781
    85 0.916622 0.003336 0.001326 -0.001599 0.002717 0.029605
    86 -0.342617 0.053402 -0.025571 -2.909301 -0.017248 0.075276
    87 1.100231 -0.000928 -0.002434 0.000009 0.000002 -0.154860
    88 -0.384979 0.331001 0.006848 -3.087207 -0.018765 -0.184278
    89 0.678146 0.002286 0.000002 -0.000006 -0.000067 -0.085782
    90 -0.123848 0.072738 0.029507 2.898184 -0.060627 0.094835
    91 1.017166 -0.000154 -0.000252 -0.000011 -0.000002 0.184050
    92 -0.344990 0.123129 0.143151 2.994981 0.012396 0.059140
    93 -0.730989 0.177046 0.039141 -0.123731 0.076518 -0.084310
    94 0.918945 0.000403 0.000087 0.000000 0.000000 0.471850
    95 -0.124023 -0.052090 0.038495 3.077813 -0.008519 0.039229
    96 1.099609 0.000007 0.000468 0.000016 0.000059 0.545759
    97 -0.330082 0.160639 0.042780 3.128073 0.034033 -0.171236
    98 0.679199 -0.000816 0.000174 0.000000 0.000000 0.674789
    99 -0.019512 -0.016531 0.038578 -2.763781 0.050305 0.076829
    100 1.019531 -0.000026 -0.000398 0.000015 0.000057 0.497121
    101 -0.155308 0.130644 -0.021921 -3.022466 0.022433 -0.024902
    102 -0.252207 0.061937 -0.024914 -0.007671 -0.063171 -0.044392
    103 -0.085995 0.185205 -0.015180 -2.937063 -0.113970 -0.138991
    104 -0.286533 0.179852 0.024264 -3.109353 -0.049645 -0.029914
    105 -0.019482 0.147083 0.079203 2.893815 0.038585 -0.060594
    106 -0.046482 0.251896 0.129548 3.016165 0.077112 -0.042864
    107 0.039124 -0.040295 0.047739 3.084219 0.030470 -0.037414
    108 -0.233757 0.066630 0.001754 -3.133087 0.040141 -0.065412
    109 0.044266 0.020131 0.001684 -2.778763 -0.118872 -0.040488
    110 0.071495 0.074128 -0.048302 -3.035917 -0.059482 0.104366
    111 0.000000 0.000000 0.000000 0.000000 0.000000 -1.570796
    112 -3.152440 -7.840083 -2.902432 -0.025427 0.007331 -1.570050
    113 0.000000 0.000000 0.000000 0.000000 0.000000 0.000000
    114 -3.152440 -18.231025 -3.367290 -0.025442 0.007334 -1.570050
    115 3.096000 0.000000 -1.996000 0.000000 0.000000 0.000000
    116 3.040999 0.000000 1.202000 0.000000 0.000000 0.000000
    117 7.854000 0.000000 -0.042000 0.000000 0.000000 0.000000
    118 13.105999 0.000000 -0.006000 0.000000 0.000000 0.000000
    119 3.456000 0.000000 -1.084000 0.000000 0.000000 0.000000
    120 1.804000 0.000000 -1.025000 0.000000 0.000000 0.000000
    121 7.098000 0.000000 -1.084000 0.000000 0.000000 0.000000
    122 1.250794 3.410611 -3.795368 -1.672658 -0.404528 -0.404876
    123 3.740000 0.000000 1.273000 0.000000 0.000000 0.000000
    124 11.956999 0.000000 -0.006000 0.000000 0.000000 0.000000
    125 6.072001 0.000000 -1.238000 0.000000 0.000000 0.000000
    126 5.690000 -0.365000 0.068000 0.000000 -0.349029 -1.570796
    127 6.396999 0.614000 0.428000 0.000000 0.000000 0.000000
    128 3.040999 0.000000 1.202000 0.000000 0.000000 0.000000
    129 3.720000 0.000000 1.202000 0.000000 0.000000 0.000000
    130 1.086000 -0.661000 -0.149000 1.570819 0.000000 0.000000
    131 1.067000 0.589000 0.076000 0.000000 0.000000 0.000000
    132 0.000000 -0.019000 0.000000 0.000000 0.000000 0.000000
    133 0.000000 -0.019000 0.000000 0.000000 0.000000 0.000000
    134 3.300000 -0.019000 1.346000 0.000000 0.000000 0.000000
    135 -1.524000 -1.859000 -4.367000 -1.730306 -0.014954 0.208139
    136 7.283999 0.000000 -2.195000 0.000000 0.000000 0.000000
    137 -1.323000 0.000000 0.184000 0.000000 0.000000 0.000000
    138 0.082000 0.000000 1.002000 0.000000 0.000000 0.000000
    139 -19.093073 4.785302 -60.806142 0.025453 -0.007282 -0.000949
    140 0.478000 0.000000 -4.537000 0.000000 0.000000 0.000000
    141 3.436000 0.000000 1.202000 0.000000 0.000000 0.000000
    142 3.040999 0.000000 1.202000 0.000000 0.000000 0.000000
    143 4.657000 0.000000 1.545000 0.000000 0.000000 0.000000
    144 -0.403000 0.000000 -0.011000 0.000000 0.000000 0.000000
    145 1.781000 0.000000 0.873000 0.000000 0.000000 0.000000
    146 0.384000 0.715000 0.801000 0.000000 0.000000 0.000000
    147 1.795000 0.533000 -1.550000 0.000000 0.000000 0.000000
    148 4.435999 0.595000 -0.954000 0.000000 0.000000 0.000000
    149 4.401999 -0.614000 -1.630000 0.000000 0.000000 0.000000
    150 4.203000 -0.003000 -0.048000 0.000000 0.000000 0.000000
    151 5.136000 0.000000 1.534000 0.000000 0.000000 0.000000
    152 11.957001 0.000000 -0.006000 0.000000 0.000000 0.000000
    153 -2.103001 0.000000 0.000000 0.000000 0.000000 0.000000
    154 -0.598001 0.000000 -0.011000 0.000000 0.000000 0.000000
    155 0.496000 0.184000 -3.523000 0.000000 0.000000 0.000000
    156 0.147000 0.184000 -0.328000 0.000000 0.000000 0.000000
    157 0.147000 0.184000 0.023000 0.000000 0.000000 0.000000
    158 0.147000 0.184000 0.368000 0.000000 0.000000 0.000000
    159 0.147000 0.184000 0.717000 0.000000 0.000000 0.000000
    160 0.147000 0.184000 1.067000 0.000000 0.000000 0.000000
    161 0.148000 0.184000 1.414000 0.000000 0.000000 0.000000
    162 0.148000 -0.074000 1.640000 0.000000 0.000000 0.000000
    163 0.435000 0.184000 -3.179000 0.000000 0.000000 0.000000
    164 0.378000 0.184000 -2.826000 0.000000 0.000000 0.000000
    165 0.329000 0.184000 -2.477000 0.000000 0.000000 0.000000
    166 0.286000 0.184000 -2.127000 0.000000 0.000000 0.000000
    167 0.252000 0.184000 -1.775000 0.000000 0.000000 0.000000
    168 0.215000 0.184000 -1.417000 0.000000 0.000000 0.000000
    169 0.190000 0.184000 -1.064000 0.000000 0.000000 0.000000
    170 0.166000 0.184000 -0.714000 0.000000 0.000000 0.000000
    171 1.622000 0.000000 1.568000 0.000000 0.000000 0.000000
    172 2.240000 0.000000 1.568000 0.000000 0.000000 0.000000
    173 0.000000 0.000000 0.000000 0.000000 0.000000 0.000000
    174 0.000000 0.000000 -4.867001 3.141572 -0.003206 -3.128592
    175 1.000088 -0.000029 0.000000 0.000000 0.000000 0.000000
    176 17.162518 -0.000404 0.000000 0.000000 0.000000 0.119213
    177 17.749374 0.295515 0.000000 0.000000 0.000000 -1.158956
    178 5.413528 0.000347 0.000000 0.000000 0.000000 -0.518053
    179 0.017887 0.299792 0.000000 0.000000 0.000000 -0.059581
    180 9.999889 -0.000303 0.000000 0.000000 0.000000 0.000000
    181 0.000000 0.000000 4.867000 3.141572 -0.003206 -3.128592
    182 1.000088 -0.000029 0.000000 0.000000 0.000000 0.000000
    183 12.283573 1.581455 -4.695999 1.462269 -0.086726 0.090185
    184 17.162518 -0.000404 0.000000 0.000000 0.000000 0.119213
    185 17.749374 0.295515 0.000000 0.000000 0.000000 -1.158956
    186 5.413528 0.000347 0.000000 0.000000 0.000000 -0.518053
    187 0.017887 0.299792 0.000000 0.000000 0.000000 -0.059581
    188 9.499836 0.000212 0.000000 0.000000 0.000000 0.000000
    189 -1.145525 0.000130 0.000671 0.000000 0.000000 0.000000
    190 -0.857691 0.104071 0.104687 0.023536 0.163924 0.013632
    191 3.999430 -0.000528 -0.000332 -0.331268 0.000000 0.000000
    192 0.599499 0.400698 0.000236 0.000000 0.000000 0.000000
    193 0.599886 0.400186 -0.000027 0.000000 0.000000 0.000000
    194 2.299677 -2.499979 -0.599480 0.891928 0.221512 -0.527288
    195 3.693164 -1.904285 -2.839879 1.674372 -0.442937 0.361858
    196 -9.580679 -27.862108 -37.184677 0.812879 -0.123459 -0.568477
    197 0.649935 -0.548296 0.093658 -1.665913 -0.131399 -0.112062
    198 1.899127 0.000427 -0.000439 0.027386 -0.033311 0.477848
    199 0.657078 0.008400 0.040375 -1.665945 -0.131407 -0.000013
    200 1.799664 -0.000240 0.000231 0.027386 -0.033311 0.477848
    201 1.799664 -0.000240 0.000231 0.027386 -0.033311 0.477848
    202 1.799664 -0.000240 0.000231 0.027386 -0.033311 0.477848
    203 0.665774 0.747222 -0.029186 -1.665935 -0.131408 0.094976
    204 1.900306 -0.000137 -0.000517 0.027386 -0.033311 0.477848
    205 4.662004 -5.366334 4.825195 1.569715 1.561305 -3.121216
    206 3.999897 0.000040 0.001007 0.164313 0.000000 0.000000
    207 0.600403 0.399632 -0.000469 0.000000 0.000000 -3.141496
    208 0.599890 0.400186 0.000031 0.000000 0.000000 -3.139640
    209 2.300137 -2.499413 0.600155 -0.892020 -0.221513 -0.527232
    210 12.101563 -3.646484 -1.237305 1.733664 0.203086 0.048277
    211 2.762354 0.116951 1.523975 1.629482 0.064153 1.743800
    212 7.228317 7.928200 -3.925652 2.328713 0.123459 -0.568477
    213 0.650396 -0.547731 -0.092976 1.665913 0.131399 -0.112062
    214 1.899441 -0.000320 -0.000150 -0.027386 0.033311 0.477848
    215 0.657068 0.008398 -0.040379 1.665945 0.131407 -0.000013
    216 1.799659 -0.000233 -0.000233 -0.027386 0.033311 0.477848
    217 1.799659 -0.000233 -0.000233 -0.027386 0.033311 0.477848
    218 1.799659 -0.000233 -0.000233 -0.027386 0.033311 0.477848
    219 0.665778 0.747222 0.029179 1.665935 0.131408 0.094976
    220 1.900722 0.000549 -0.000072 -0.027386 0.033311 0.477848
    221 4.530998 0.000000 0.000000 0.000000 0.000000 0.000000
    222 4.527344 0.000000 0.000000 0.000000 0.000000 0.000000
    223 0.000000 0.000000 0.000000 0.000000 0.000000 0.000000
    224 0.000000 0.000000 0.000000 0.000000 0.000000 0.000000
    225 4.000000 -6.500000 0.000000 0.000000 0.000000 0.000977
    226 -6.500000 0.000000 0.000000 0.000000 1.570795 0.000000
    227 19.242543 -3.152191 8.434984 -0.025427 0.007330 0.000746
    228 0.280000 -0.135000 2.196999 1.570796 0.000000 -1.570735
    229 0.000000 0.000000 0.000000 0.000000 0.000000 0.000000
    230 0.000000 0.000000 0.000000 0.002049 0.006472 -0.006879
    231 0.106000 0.000000 -64.320000 0.000000 0.000000 0.000000
    232 0.000000 0.000000 0.000000 0.000000 0.000000 0.000000
    233 -0.106000 0.000000 64.320000 0.000000 0.000000 0.000000
    234 0.003042 -0.001328 -64.319374 0.000009 0.000084 -3.141638
    235 -30.813440 -4.484512 4.054811 0.648315 -0.593753 0.164261
    236 1.688000 -0.001000 -1.454002 0.000000 0.000000 0.000000
    237 -1.070999 -0.005000 0.545002 0.000000 0.000000 0.000000
    238 5.895000 0.750997 -0.156000 0.000000 0.000000 0.000000
    239 11.599999 -0.000003 -1.500002 0.000000 0.000000 0.000000
    240 1.037001 1.337997 -4.334000 -2.791227 -0.162411 -0.765711
    241 7.216001 -0.000003 -1.579000 0.000000 0.000000 0.000000
    242 4.445999 -0.000003 -1.500000 0.000000 0.000000 0.000000
    243 0.673937 -0.015635 -4.768713 -3.141592 -1.281051 3.141593
    244 0.094999 -0.144000 0.332001 0.000000 0.000000 0.000000
    245 14.209020 0.000022 0.766988 0.000000 0.000000 0.000000
    246 0.000000 0.000000 0.000000 1.570800 0.000000 -1.570796
  time 23
    0 0.000000 0.000000 0.000000 0.000000 0.000000 -1.570796
    1 -0.106384 0.000000 -0.000198 0.000000 0.000000 0.000000
    2 0.000000 0.000000 0.000000 0.000000 0.000000 0.000000
    3 -0.904000 0.000000 -11.806000 0.000000 0.000000 0.000000
    4 0.000000 0.000000 -14.313999 1.571297 -1.570750 0.000000
    5 3.533001 0.000000 0.000000 0.000000 0.000000 0.000000
    6 6.250000 0.000000 0.000000 0.000000 0.000000 0.000000
    7 9.568951 1.148497 -1.944020 -1.545328 1.187827 -1.547138
    8 9.600202 5.304874 2.061223 -1.549993 -1.033604 1.544616
    9 5.786820 0.002787 -0.000113 -1.009578 0.406964 -1.351831
    10 5.999492 -0.000592 -4.000343 0.000000 0.000000 0.000000
    11 5.787410 0.002582 0.000893 1.001597 -0.723260 -1.839357
    12 5.999492 -0.000592 4.000340 0.000000 0.000000 0.000000
    13 0.500225 0.000133 -0.000084 0.186942 0.000000 0.000000
    14 11.530657 0.000349 -0.001308 -0.000005 0.000069 -1.095077
    15 -0.829338 0.893824 0.079659 -0.148839 0.047645 0.087266
    16 0.500225 0.000132 0.000072 0.016816 0.000000 0.000000
    17 11.532495 0.000526 -0.000093 0.000042 0.000038 -1.604460
    18 -0.829586 0.894698 -0.079468 0.045377 -0.019621 0.087266
    19 10.599886 0.000105 -0.000553 -0.500523 0.000000 0.000000
    20 0.186073 -0.306432 -0.000805 -0.000012 -0.000049 0.548362
    21 11.042053 -0.000189 0.000798 -1.001102 -0.055367 0.488766
    22 -11.814724 0.424524 -0.297680 0.247998 -0.066121 -0.042695
    23 10.599878 0.000105 0.000549 0.117703 -0.000060 0.000048
    24 0.513184 -0.495117 0.000699 0.000000 0.000000 0.802658
    25 11.041739 0.003170 -0.000568 0.232866 -0.065895 0.754456
    26 -11.663242 0.094713 0.140656 -0.068591 0.018527 -0.015099
    27 0.610300 -0.939470 0.070347 -1.656002 -0.192403 -0.171122
    28 0.639938 -0.199121 0.060192 -1.665955 -0.131350 -0.066457
    29 0.600155 1.080260 -0.339535 -1.765500 0.208675 -0.048175
    30 0.610207 0.400743 -0.010098 -1.762161 0.054335 0.019993
    31 0.630809 -0.690091 -0.232343 0.181059 0.137392 -0.862156
    32 -0.792125 0.203736 0.461304 1.439074 -0.003453 -0.018305
    33 0.610300 -0.939469 -0.070354 1.655346 0.140067 -0.175508
    34 0.639938 -0.199121 -0.060200 1.666009 0.131431 -0.066278
    35 0.600157 1.080260 0.339531 1.741683 -0.204071 0.076022
    36 0.610205 0.400743 0.010086 1.762004 -0.015356 0.028098
    37 0.629883 -0.689453 0.230347 -1.014704 -0.861531 -0.665916
    38 -0.626031 -0.069982 -0.080517 -1.447153 0.086151 0.021559
    39 2.621377 -0.002532 -0.001438 -0.309307 -0.552970 0.267732
    40 2.660837 0.000397 -0.000071 -0.497232 -0.377106 0.400375
    41 2.202488 0.003364 -0.002863 -0.672405 0.138181 0.614830
    42 0.599950 0.959236 -0.300102 -0.174544 0.000000 0.000000
    43 2.557190 -0.001967 0.002453 -0.527287 -0.120554 0.452621
    44 2.098929 0.000032 -0.002193 -0.601482 -0.137722 0.591364
    45 0.999378 -0.000238 -1.185931 0.000000 0.000000 0.000000
    46 -0.122641 -0.721855 0.661686 -0.486644 0.223964 0.243056
    47 2.619141 0.000142 -0.000401 -0.053005 0.086821 -0.048204
    48 2.657909 0.004593 -0.000533 0.200435 0.214755 1.264756
    49 2.199219 0.000515 -0.000121 0.236759 0.017677 1.474191
    50 0.599949 0.959244 0.300102 0.174544 0.000000 0.000000
    51 2.558594 -0.000149 -0.000030 0.236782 0.177167 1.399644
    52 2.097656 -0.000096 -0.000402 0.124873 -0.418761 0.877099
    53 0.999512 -0.000598 1.493164 0.000000 0.000000 0.946948
    54 0.310848 -0.606446 -0.498005 0.308107 -0.197598 0.313975
    55 1.869163 -0.000835 -0.000994 -0.000007 0.000003 0.473366
    56 1.200941 0.399582 -0.000237 -0.009465 0.016087 0.007127
    57 0.000586 0.100342 -0.000319 -0.120035 -0.021926 -0.209617
    58 -0.161663 0.051712 0.194808 -2.941982 0.122408 -0.060194
    59 2.010090 -0.003202 -0.003377 -0.000018 -0.000047 0.884867
    60 0.000237 0.099800 -0.000395 -0.018823 0.010833 -0.239219
    61 -0.203197 0.048607 0.069150 -3.093332 0.033217 -0.046722
    62 1.180426 -0.002312 0.000781 -0.000002 0.000000 0.296736
    63 -0.000196 0.099625 -0.000034 0.000000 0.000000 -0.314102
    64 -0.088737 -0.688435 -0.145203 2.930407 -0.136130 0.513013
    65 1.712069 0.000578 -0.000088 0.000011 -0.000009 0.501308
    66 -0.000576 0.100143 -0.000311 -0.010914 0.023131 -0.260843
    67 -0.146027 -0.232426 -0.014225 3.028455 -0.094299 0.113020
    68 1.290634 0.000361 -0.000036 0.000060 0.000000 -0.008720
    69 -0.658119 -0.003576 0.072643 -0.142711 0.027792 -0.077299
    70 1.867188 -0.000058 0.000522 0.000000 0.000000 1.450175
    71 1.200075 0.399942 -0.000093 0.009465 -0.016087 0.007127
    72 0.000589 0.100342 0.000319 0.120035 0.021926 -0.209617
    73 0.068073 0.002283 -0.080050 3.111376 -0.069366 -0.060847
    74 2.007813 -0.000883 -0.000381 0.000047 -0.000039 1.379088
    75 0.000233 0.099800 0.000395 0.018823 -0.010833 -0.239219
    76 -0.018673 -0.001009 0.047544 3.109244 0.002635 -0.106673
    77 1.178665 0.001595 0.000845 0.000000 0.000000 0.743988
    78 -0.000196 0.099628 0.000034 0.000000 0.000000 -0.314102
    79 0.036894 -0.634449 0.266284 -2.801062 0.174301 0.490915
    80 1.708008 0.000721 0.000199 0.000000 0.000000 1.160581
    81 -0.000580 0.100140 0.000311 0.010914 -0.023131 -0.260843
    82 -0.003952 -0.281811 0.115047 -3.059162 0.089004 0.167964
    83 1.290039 0.000363 -0.000045 -0.000058 0.000020 0.672665
    84 -0.171526 -0.018150 -0.099873 0.013484 -0.062184 -0.011781
    85 0.916622 0.003336 0.001326 0.002188 0.002873 0.314236
    86 -0.342617 0.053402 -0.025571 -2.909301 -0.017248 0.075276
    87 1.100231 -0.000928 -0.002434 0.000009 -0.000022 -0.000223
    88 -0.384979 0.331001 0.006848 -3.087207 -0.018765 -0.184278
    89 0.678146 0.002286 0.000002 -0.000006 -0.000043 0.055277
    90 -0.123848 0.072738 0.029507 2.898184 -0.060627 0.094835
    91 1.017166 -0.000154 -0.000252 -0.000035 -0.000002 0.468102
    92 -0.344990 0.123129 0.143151 2.994981 0.012396 0.059140
    93 -0.730989 0.177046 0.039141 -0.123731 0.076518 -0.084310
    94 0.918945 0.000403 0.000087 0.000000 0.000000 0.471850
    95 -0.124023 -0.052090 0.038495 3.077813 -0.008519 0.039229
    96 1.099609 0.000007 0.000468 0.000016 0.000059 0.545759
    97 -0.330082 0.160639 0.042780 3.128073 0.034033 -0.171236
    98 0.679199 -0.000816 0.000174 0.000000 0.000000 0.674789
    99 -0.019512 -0.016531 0.038578 -2.763781 0.050305 0.076829
    100 1.019531 -0.000026 -0.000398 0.000015 0.000057 0.497121
    101 -0.155308 0.130644 -0.021921 -3.022466 0.022433 -0.024902
    102 -0.252207 0.061937 -0.024914 -0.007671 -0.063171 -0.044392
    103 -0.085995 0.185205 -0.015180 -2.937063 -0.113970 -0.138991
    104 -0.286533 0.179852 0.024264 -3.109353 -0.049645 -0.029914
    105 -0.019482 0.147083 0.079203 2.893815 0.038585 -0.060594
    106 -0.046482 0.251896 0.129548 3.016165 0.077112 -0.042864
    107 0.039124 -0.040295 0.047739 3.084219 0.030470 -0.037414
    108 -0.233757 0.066630 0.001754 -3.133087 0.040141 -0.065412
    109 0.044266 0.020131 0.001684 -2.778763 -0.118872 -0.040488
    110 0.071495 0.074128 -0.048302 -3.035917 -0.059482 0.104366
    111 0.000000 0.000000 0.000000 0.000000 0.000000 -1.570796
    112 -3.132908 -7.843989 -2.933683 -0.036087 0.007020 -1.570330
    113 0.000000 0.000000 0.000000 0.000000 0.000000 0.000000
    114 -3.140721 -18.238838 -3.394635 -0.036135 0.007021 -1.570330
    115 3.096000 0.000000 -1.996000 0.000000 0.000000 0.000000
    116 3.040999 0.000000 1.202000 0.000000 0.000000 0.000000
    117 7.854000 0.000000 -0.042000 0.000000 0.000000 0.000000
    118 13.105999 0.000000 -0.006000 0.000000 0.000000 0.000000
    119 3.456000 0.000000 -1.084000 0.000000 0.000000 0.000000
    120 1.804000 0.000000 -1.025000 0.000000 0.000000 0.000000
    121 7.098000 0.000000 -1.084000 0.000000 0.000000 0.000000
    122 1.750809 2.344173 -2.600019 -2.018941 -0.133712 -0.432852
    123 3.740000 0.000000 1.273000 0.000000 0.000000 0.000000
    124 11.956999 0.000000 -0.006000 0.000000 0.000000 0.000000
    125 6.072001 0.000000 -1.238000 0.000000 0.000000 0.000000
    126 5.690000 -0.365000 0.068000 0.000000 -0.349029 -1.570796
    127 6.396999 0.614000 0.428000 0.000000 0.000000 0.000000
    128 3.040999 0.000000 1.202000 0.000000 0.000000 0.000000
    129 3.720000 0.000000 1.202000 0.000000 0.000000 0.000000
    130 1.086000 -0.661000 -0.149000 1.570766 0.000000 0.000000
    131 1.067000 0.589000 0.076000 0.000000 0.000000 0.000000
    132 0.000000 -0.019000 0.000000 0.000000 0.000000 0.000000
    133 0.000000 -0.019000 0.000000 0.000000 0.000000 0.000000
    134 3.300000 -0.019000 1.346000 0.000000 0.000000 0.000000
    135 -1.524000 -1.859000 -4.367000 -1.730306 -0.014954 0.208139
    136 7.283999 0.000000 -2.195000 0.000000 0.000000 0.000000
    137 -1.323000 0.000000 0.184000 0.000000 0.000000 0.000000
    138 0.082000 0.000000 1.002000 0.000000 0.000000 0.000000
    139 -19.042291 5.359539 -60.770985 0.036090 -0.006999 -0.000760
    140 0.478000 0.000000 -4.537000 0.000000 0.000000 0.000000
    141 3.436000 0.000000 1.202000 0.000000 0.000000 0.000000
    142 3.040999 0.000000 1.202000 0.000000 0.000000 0.000000
    143 4.657000 0.000000 1.545000 0.000000 0.000000 0.000000
    144 -0.403000 0.000000 -0.011000 0.000000 0.000000 0.000000
    145 1.781000 0.000000 0.873000 0.000000 0.000000 0.000000
    146 0.384000 0.715000 0.801000 0.000000 0.000000 0.000000
    147 1.795000 0.533000 -1.550000 0.000000 0.000000 0.000000
    148 4.435999 0.595000 -0.954000 0.000000 0.000000 0.000000
    149 4.401999 -0.614000 -1.630000 0.000000 0.000000 0.000000
    150 4.203000 -0.003000 -0.048000 0.000000 0.000000 0.000000
    151 5.136000 0.000000 1.534000 0.000000 0.000000 0.000000
    152 11.957001 0.000000 -0.006000 0.000000 0.000000 0.000000
    153 -2.103001 0.000000 0.000000 0.000000 0.000000 0.000000
    154 -0.598001 0.000000 -0.011000 0.000000 0.000000 0.000000
    155 0.496000 0.184000 -3.523000 0.000000 0.000000 0.000000
    156 0.147000 0.184000 -0.328000 0.000000 0.000000 0.000000
    157 0.147000 0.184000 0.023000 0.000000 0.000000 0.000000
    158 0.147000 0.184000 0.368000 0.000000 0.000000 0.000000
    159 0.147000 0.184000 0.717000 0.000000 0.000000 0.000000
    160 0.147000 0.184000 1.067000 0.000000 0.000000 0.000000
    161 0.148000 0.184000 1.414000 0.000000 0.000000 0.000000
    162 0.148000 -0.074000 1.640000 0.000000 0.000000 0.000000
    163 0.435000 0.184000 -3.179000 0.000000 0.000000 0.000000
    164 0.378000 0.184000 -2.826000 0.000000 0.000000 0.000000
    165 0.329000 0.184000 -2.477000 0.000000 0.000000 0.000000
    166 0.286000 0.184000 -2.127000 0.000000 0.000000 0.000000
    167 0.252000 0.184000 -1.775000 0.000000 0.000000 0.000000
    168 0.215000 0.184000 -1.417000 0.000000 0.000000 0.000000
    169 0.190000 0.184000 -1.064000 0.000000 0.000000 0.000000
    170 0.166000 0.184000 -0.714000 0.000000 0.000000 0.000000
    171 1.622000 0.000000 1.568000 0.000000 0.000000 0.000000
    172 2.240000 0.000000 1.568000 0.000000 0.000000 0.000000
    173 0.000000 0.000000 0.000000 0.000000 0.000000 0.000000
    174 0.000000 0.000000 -4.867001 3.141572 -0.003206 -3.128592
    175 1.000088 -0.000029 0.000000 0.000000 0.000000 0.000000
    176 17.162518 -0.000404 0.000000 0.000000 0.000000 0.119213
    177 17.749374 0.295515 0.000000 0.000000 0.000000 -1.158956
    178 5.413528 0.000347 0.000000 0.000000 0.000000 -0.518053
    179 0.017887 0.299792 0.000000 0.000000 0.000000 -0.059581
    180 9.999889 -0.000303 0.000000 0.000000 0.000000 0.000000
    181 0.000000 0.000000 4.867000 3.141572 -0.003206 -3.128592
    182 1.000088 -0.000029 0.000000 0.000000 0.000000 0.000000
    183 12.283573 1.581455 -4.695999 1.462269 -0.086726 0.090185
    184 17.162518 -0.000404 0.000000 0.000000 0.000000 0.119213
    185 17.749374 0.295515 0.000000 0.000000 0.000000 -1.158956
    186 5.413528 0.000347 0.000000 0.000000 0.000000 -0.518053
    187 0.017887 0.299792 0.000000 0.000000 0.000000 -0.059581
    188 9.499836 0.000212 0.000000 0.000000 0.000000 0.000000
    189 -1.145525 0.000130 0.000671 0.000000 0.000000 0.000000
    190 -0.857691 0.104071 0.104687 0.023536 0.163924 0.013632
    191 3.999430 -0.000528 -0.000332 -0.518097 0.000000 0.000000
    192 0.599499 0.400698 0.000236 0.000000 0.000000 0.000000
    193 0.599886 0.400186 -0.000027 0.000000 0.000000 0.000000
    194 2.299677 -2.499979 -0.599480 0.891928 0.221512 -0.527288
    195 2.005612 -1.037071 -2.492212 2.066535 -0.444976 -0.080535
    196 -9.580679 -27.862108 -37.184677 0.812879 -0.123459 -0.568477
    197 0.649935 -0.548296 0.093658 -1.665913 -0.131399 -0.112062
    198 1.899127 0.000427 -0.000439 0.027386 -0.033311 0.477848
    199 0.657078 0.008400 0.040375 -1.665945 -0.131407 -0.000013
    200 1.799664 -0.000240 0.000231 0.027386 -0.033311 0.477848
    201 1.799664 -0.000240 0.000231 0.027386 -0.033311 0.477848
    202 1.799664 -0.000240 0.000231 0.027386 -0.033311 0.477848
    203 0.665774 0.747222 -0.029186 -1.665935 -0.131408 0.094976
    204 1.900306 -0.000137 -0.000517 0.027386 -0.033311 0.477848
    205 4.662004 -5.366334 4.825195 1.569715 1.561305 -3.121216
    206 3.999897 0.000040 0.001007 0.162259 0.000000 0.000000
    207 0.600403 0.399632 -0.000469 0.000000 0.000000 -3.141496
    208 0.599890 0.400186 0.000031 0.000000 0.000000 -3.139640
    209 2.300137 -2.499413 0.600155 -0.892020 -0.221513 -0.527232
    210 12.101563 -3.646484 -1.237305 1.733664 0.203086 0.048277
    211 2.762354 0.116951 1.523975 1.629482 0.064153 1.743800
    212 7.228317 7.928200 -3.925652 2.328713 0.123459 -0.568477
    213 0.650396 -0.547731 -0.092976 1.665913 0.131399 -0.112062
    214 1.899441 -0.000320 -0.000150 -0.027386 0.033311 0.477848
    215 0.657068 0.008398 -0.040379 1.665945 0.131407 -0.000013
    216 1.799659 -0.000233 -0.000233 -0.027386 0.033311 0.477848
    217 1.799659 -0.000233 -0.000233 -0.027386 0.033311 0.477848
    218 1.799659 -0.000233 -0.000233 -0.027386 0.033311 0.477848
    219 0.665778 0.747222 0.029179 1.665935 0.131408 0.094976
    220 1.900722 0.000549 -0.000072 -0.027386 0.033311 0.477848
    221 4.530998 0.000000 0.000000 0.000000 0.000000 0.000000
    222 4.527344 0.000000 0.000000 0.000000 0.000000 0.000000
    223 0.000000 0.000000 0.000000 0.000000 0.000000 0.000000
    224 0.000000 0.000000 0.000000 0.000000 0.000000 0.000000
    225 4.000000 -6.500000 0.000000 0.000000 0.000000 0.000977
    226 -6.500000 0.000000 0.000000 0.000000 1.570795 0.000000
    227 19.250356 -3.140472 8.407639 -0.036087 0.007019 0.000466
    228 0.280000 -0.135000 2.196999 1.570796 0.000000 -1.570735
    229 0.000000 0.000000 0.000000 0.000000 0.000000 0.000000
    230 0.000000 0.000000 0.000000 0.001282 0.004590 -0.005525
    231 0.106000 0.000000 -64.320000 0.000000 0.000000 0.000000
    232 0.000000 0.000000 0.000000 0.000000 0.000000 0.000000
    233 -0.106000 0.000000 64.320000 0.000000 0.000000 0.000000
    234 0.003042 -0.001328 -64.319374 0.000009 0.000084 -3.141638
    235 -30.813440 -4.484512 4.054811 0.648315 -0.593753 0.164261
    236 1.688000 -0.001000 -1.454002 0.000000 0.000000 0.000000
    237 -1.070999 -0.005000 0.545002 0.000000 0.000000 0.000000
    238 5.895000 0.750997 -0.156000 0.000000 0.000000 0.000000
    239 11.599999 -0.000003 -1.500002 0.000000 0.000000 0.000000
    240 1.037001 1.337997 -4.334000 -2.791227 -0.162411 -0.765711
    241 7.216001 -0.000003 -1.579000 0.000000 0.000000 0.000000
    242 4.445999 -0.000003 -1.500000 0.000000 0.000000 0.000000
    243 0.673937 -0.015635 -4.768713 -3.141592 -1.281051 3.141593
    244 0.094999 -0.144000 0.332001 0.000000 0.000000 0.000000
    245 14.209020 0.000022 0.766988 0.000000 0.000000 0.000000
    246 0.000000 0.000000 0.000000 1.570800 0.000000 -1.570796
  time 24
    0 0.000000 0.000000 0.000000 0.000000 0.000000 -1.570796
    1 -0.106384 0.000000 -0.000198 0.000000 0.000000 0.000000
    2 0.000000 0.000000 0.000000 0.000000 0.000000 0.000000
    3 -0.904000 0.000000 -11.806000 0.000000 0.000000 0.000000
    4 0.000000 0.000000 -14.313999 1.571297 -1.570750 0.000000
    5 3.533001 0.000000 0.000000 0.000000 0.000000 0.000000
    6 6.250000 0.000000 0.000000 0.000000 0.000000 0.000000
    7 9.568951 0.726610 -1.944020 -1.545328 1.187827 -1.547138
    8 9.596295 5.304874 2.061223 -1.531564 -1.033023 1.530346
    9 5.786820 0.002787 -0.000113 -1.071235 0.384649 -1.409976
    10 5.999492 -0.000592 -4.000343 0.000000 0.000000 0.000000
    11 5.787410 0.002582 0.000893 1.003185 -0.722224 -1.839629
    12 5.999492 -0.000592 4.000340 0.000000 0.000000 0.000000
    13 0.500225 0.000133 -0.000084 0.217560 0.000000 -0.000060
    14 11.530657 0.000349 -0.001308 -0.000005 -0.000003 -1.094003
    15 -0.829338 0.893824 0.079659 -0.148839 0.047645 0.087266
    16 0.500225 0.000132 0.000072 0.016684 0.000000 0.000000
    17 11.532495 0.000526 -0.000093 0.000042 0.000038 -1.605672
    18 -0.829586 0.894698 -0.079468 0.045377 -0.019621 0.087266
    19 10.599886 0.000105 -0.000553 -0.581349 0.000000 0.000000
    20 0.189980 -0.310338 -0.000805 0.000000 0.000011 0.548150
    21 11.042053 -0.000189 0.000798 -1.162470 0.019563 0.611726
    22 -11.814724 0.424524 -0.297680 0.247998 -0.066121 -0.042695
    23 10.599878 0.000105 0.000549 0.117179 -0.000060 0.000048
    24 0.513184 -0.495117 0.000699 0.000000 0.000000 0.802658
    25 11.041739 0.003170 -0.000568 0.231178 -0.067953 0.758010
    26 -11.663242 0.094713 0.140656 -0.068591 0.018527 -0.015099
    27 0.610300 -0.939470 0.070347 -1.656002 -0.192391 -0.171134
    28 0.639938 -0.199121 0.060192 -1.665955 -0.131350 -0.066457
    29 0.600155 1.080260 -0.339535 -1.765500 0.208675 -0.048187
    30 0.610207 0.400743 -0.010098 -1.762161 0.054359 0.019993
    31 0.630809 -0.690091 -0.232343 0.181029 0.137392 -0.862156
    32 -0.792125 0.203736 0.461304 1.439074 -0.003453 -0.018305
    33 0.610300 -0.939469 -0.070354 1.655346 0.140067 -0.175508
    34 0.639938 -0.199121 -0.060200 1.666009 0.131431 -0.066278
    35 0.600157 1.080260 0.339531 1.741683 -0.204071 0.076022
    36 0.610205 0.400743 0.010086 1.762004 -0.015356 0.028098
    37 0.629883 -0.689453 0.230347 -1.014704 -0.861531 -0.665916
    38 -0.626031 -0.069982 -0.080517 -1.447153 0.086151 0.021559
    39 2.621377 -0.002532 -0.001438 -0.449885 -0.624503 0.445291
    40 2.660837 0.000397 -0.000071 -0.713494 -0.442870 0.749287
    41 2.202488 0.003364 -0.002863 -0.778323 0.179166 1.020012
    42 0.599950 0.959236 -0.300102 -0.174544 0.000000 0.000000
    43 2.557190 -0.001967 0.002453 -0.639343 -0.152167 0.802010
    44 2.098929 0.000032 -0.002193 -0.601482 -0.137722 0.591364
    45 0.999378 -0.000238 -1.185931 0.000000 0.000000 0.000000
    46 -0.122641 -0.721855 0.661686 -0.486644 0.223964 0.243056
    47 2.619141 0.000142 -0.000401 -0.053005 0.086821 -0.048204
    48 2.657909 0.004593 -0.000533 0.200435 0.214743 1.264756
    49 2.199219 0.000515 -0.000121 0.236759 0.017677 1.474191
    50 0.599949 0.959244 0.300102 0.174544 0.000000 0.000000
    51 2.558594 -0.000149 -0.000030 0.236782 0.177167 1.399644
    52 2.097656 -0.000096 -0.000402 0.124873 -0.418761 0.877099
    53 0.999512 -0.000598 1.493164 0.000000 0.000000 0.946948
    54 0.310848 -0.606446 -0.498005 0.308107 -0.197598 0.313975
    55 1.869163 -0.000835 -0.000994 -0.000007 0.000003 0.624468
    56 1.200941 0.399582 -0.000237 -0.009465 0.016087 0.007127
    57 0.000586 0.100342 -0.000319 -0.120035 -0.021926 -0.209617
    58 -0.161663 0.051712 0.194808 -2.941982 0.122408 -0.060194
    59 2.010090 -0.003202 -0.003377 0.000042 0.000060 1.286048
    60 0.000237 0.099800 -0.000395 -0.018823 0.010833 -0.239219
    61 -0.203197 0.048607 0.069150 -3.093332 0.033217 -0.046722
    62 1.180426 -0.002312 0.000781 -0.000002 0.000012 0.479089
    63 -0.000196 0.099625 -0.000034 0.000000 0.000000 -0.314102
    64 -0.088737 -0.688435 -0.145203 2.930407 -0.136130 0.513013
    65 1.712069 0.000578 -0.000088 0.000035 -0.000093 0.864711
    66 -0.000576 0.100143 -0.000311 -0.010914 0.023131 -0.260843
    67 -0.146027 -0.232426 -0.014225 3.028455 -0.094299 0.113020
    68 1.290634 0.000361 -0.000036 0.000048 0.000000 -0.008720
    69 -0.658119 -0.003576 0.072643 -0.142711 0.027792 -0.077299
    70 1.867188 -0.000058 0.000522 0.000000 0.000000 1.450175
    71 1.200075 0.399942 -0.000093 0.009465 -0.016087 0.007127
    72 0.000589 0.100342 0.000319 0.120035 0.021926 -0.209617
    73 0.068073 0.002283 -0.080050 3.111376 -0.069366 -0.060847
    74 2.007813 -0.000883 -0.000381 0.000047 -0.000039 1.379088
    75 0.000233 0.099800 0.000395 0.018823 -0.010833 -0.239219
    76 -0.018673 -0.001009 0.047544 3.109244 0.002635 -0.106673
    77 1.178665 0.001595 0.000845 0.000000 0.000000 0.743988
    78 -0.000196 0.099628 0.000034 0.000000 0.000000 -0.314102
    79 0.036894 -0.634449 0.266284 -2.801062 0.174301 0.490915
    80 1.708008 0.000721 0.000199 0.000000 0.000000 1.160581
    81 -0.000580 0.100140 0.000311 0.010914 -0.023131 -0.260843
    82 -0.003952 -0.281811 0.115047 -3.059162 0.089004 0.167964
    83 1.290039 0.000363 -0.000045 -0.000058 0.000020 0.672665
    84 -0.171526 -0.018150 -0.099873 0.013484 -0.062184 -0.011781
    85 0.916622 0.003336 0.001326 0.004621 0.002969 0.506629
    86 -0.342617 0.053402 -0.025571 -2.909301 -0.017248 0.075276
    87 1.100231 -0.000928 -0.002434 -0.000003 -0.000058 0.154354
    88 -0.384979 0.331001 0.006848 -3.087207 -0.018765 -0.184278
    89 0.678146 0.002286 0.000002 -0.000006 -0.000007 0.196280
    90 -0.123848 0.072738 0.029507 2.898184 -0.060627 0.094835
    91 1.017166 -0.000154 -0.000252 -0.000059 0.000010 0.752106
    92 -0.344990 0.123129 0.143151 2.994981 0.012396 0.059140
    93 -0.730989 0.177046 0.039141 -0.123731 0.076518 -0.084310
    94 0.918945 0.000403 0.000087 0.000000 0.000000 0.471850
    95 -0.124023 -0.052090 0.038495 3.077813 -0.008519 0.039229
    96 1.099609 0.000007 0.000468 0.000016 0.000059 0.545759
    97 -0.330082 0.160639 0.042780 3.128073 0.034033 -0.171236
    98 0.679199 -0.000816 0.000174 0.000000 0.000000 0.674789
    99 -0.019512 -0.016531 0.038578 -2.763781 0.050305 0.076829
    100 1.019531 -0.000026 -0.000398 0.000015 0.000057 0.497121
    101 -0.155308 0.130644 -0.021921 -3.022466 0.022433 -0.024902
    102 -0.252207 0.061937 -0.024914 -0.007671 -0.063171 -0.044392
    103 -0.085995 0.185205 -0.015180 -2.937063 -0.113970 -0.138991
    104 -0.286533 0.179852 0.024264 -3.109353 -0.049645 -0.029914
    105 -0.019482 0.147083 0.079203 2.893815 0.038585 -0.060594
    106 -0.046482 0.251896 0.129548 3.016165 0.077112 -0.042864
    107 0.039124 -0.040295 0.047739 3.084219 0.030470 -0.037414
    108 -0.233757 0.066630 0.001754 -3.133087 0.040141 -0.065412
    109 0.044266 0.020131 0.001684 -2.778763 -0.118872 -0.040488
    110 0.071495 0.074128 -0.048302 -3.035917 -0.059482 0.104366
    111 0.000000 0.000000 0.000000 0.000000 0.000000 -1.570796
    112 -3.105564 -7.836177 -2.878994 -0.046747 0.006753 -1.570610
    113 0.000000 0.000000 0.000000 0.000000 0.000000 0.000000
    114 -3.121189 -18.231025 -3.336039 -0.046736 0.006752 -1.570610
    115 3.096000 0.000000 -1.996000 0.000000 0.000000 0.000000
    116 3.040999 0.000000 1.202000 0.000000 0.000000 0.000000
    117 7.854000 0.000000 -0.042000 0.000000 0.000000 0.000000
    118 13.105999 0.000000 -0.006000 0.000000 0.000000 0.000000
    119 3.456000 0.000000 -1.084000 0.000000 0.000000 0.000000
    120 1.804000 0.000000 -1.025000 0.000000 0.000000 0.000000
    121 7.098000 0.000000 -1.084000 0.000000 0.000000 0.000000
    122 1.868000 1.809000 -1.975000 -2.218596 -0.017105 -0.465731
    123 3.740000 0.000000 1.273000 0.000000 0.000000 0.000000
    124 11.956999 0.000000 -0.006000 0.000000 0.000000 0.000000
    125 6.072001 0.000000 -1.238000 0.000000 0.000000 0.000000
    126 5.690000 -0.365000 0.068000 0.000000 -0.349029 -1.570796
    127 6.396999 0.614000 0.428000 0.000000 0.000000 0.000000
    128 3.040999 0.000000 1.202000 0.000000 0.000000 0.000000
    129 3.720000 0.000000 1.202000 0.000000 0.000000 0.000000
    130 1.086000 -0.661000 -0.149000 1.570766 0.000000 0.000000
    131 1.067000 0.589000 0.076000 0.000000 0.000000 0.000000
    132 0.000000 -0.019000 0.000000 0.000000 0.000000 0.000000
    133 0.000000 -0.019000 0.000000 0.000000 0.000000 0.000000
    134 3.300000 -0.019000 1.346000 0.000000 0.000000 0.000000
    135 -1.524000 -1.859000 -4.367000 -1.730306 -0.014954 0.208139
    136 7.283999 0.000000 -2.195000 0.000000 0.000000 0.000000
    137 -1.323000 0.000000 0.184000 0.000000 0.000000 0.000000
    138 0.082000 0.000000 1.002000 0.000000 0.000000 0.000000
    139 -19.128231 6.058779 -60.716296 0.046727 -0.006762 -0.000570
    140 0.478000 0.000000 -4.537000 0.000000 0.000000 0.000000
    141 3.436000 0.000000 1.202000 0.000000 0.000000 0.000000
    142 3.040999 0.000000 1.202000 0.000000 0.000000 0.000000
    143 4.657000 0.000000 1.545000 0.000000 0.000000 0.000000
    144 -0.403000 0.000000 -0.011000 0.000000 0.000000 0.000000
    145 1.781000 0.000000 0.873000 0.000000 0.000000 0.000000
    146 0.384000 0.715000 0.801000 0.000000 0.000000 0.000000
    147 1.795000 0.533000 -1.550000 0.000000 0.000000 0.000000
    148 4.435999 0.595000 -0.954000 0.000000 0.000000 0.000000
    149 4.401999 -0.614000 -1.630000 0.000000 0.000000 0.000000
    150 4.203000 -0.003000 -0.048000 0.000000 0.000000 0.000000
    151 5.136000 0.000000 1.534000 0.000000 0.000000 0.000000
    152 11.957001 0.000000 -0.006000 0.000000 0.000000 0.000000
    153 -2.103001 0.000000 0.000000 0.000000 0.000000 0.000000
    154 -0.598001 0.000000 -0.011000 0.000000 0.000000 0.000000
    155 0.496000 0.184000 -3.523000 0.000000 0.000000 0.000000
    156 0.147000 0.184000 -0.328000 0.000000 0.000000 0.000000
    157 0.147000 0.184000 0.023000 0.000000 0.000000 0.000000
    158 0.147000 0.184000 0.368000 0.000000 0.000000 0.000000
    159 0.147000 0.184000 0.717000 0.000000 0.000000 0.000000
    160 0.147000 0.184000 1.067000 0.000000 0.000000 0.000000
    161 0.148000 0.184000 1.414000 0.000000 0.000000 0.000000
    162 0.148000 -0.074000 1.640000 0.000000 0.000000 0.000000
    163 0.435000 0.184000 -3.179000 0.000000 0.000000 0.000000
    164 0.378000 0.184000 -2.826000 0.000000 0.000000 0.000000
    165 0.329000 0.184000 -2.477000 0.000000 0.000000 0.000000
    166 0.286000 0.184000 -2.127000 0.000000 0.000000 0.000000
    167 0.252000 0.184000 -1.775000 0.000000 0.000000 0.000000
    168 0.215000 0.184000 -1.417000 0.000000 0.000000 0.000000
    169 0.190000 0.184000 -1.064000 0.000000 0.000000 0.000000
    170 0.166000 0.184000 -0.714000 0.000000 0.000000 0.000000
    171 1.622000 0.000000 1.568000 0.000000 0.000000 0.000000
    172 2.240000 0.000000 1.568000 0.000000 0.000000 0.000000
    173 0.000000 0.000000 0.000000 0.000000 0.000000 0.000000
    174 0.000000 0.000000 -4.867001 3.141572 -0.003206 -3.128592
    175 1.000088 -0.000029 0.000000 0.000000 0.000000 0.000000
    176 17.162518 -0.000404 0.000000 0.000000 0.000000 0.119213
    177 17.749374 0.295515 0.000000 0.000000 0.000000 -1.158956
    178 5.413528 0.000347 0.000000 0.000000 0.000000 -0.518053
    179 0.017887 0.299792 0.000000 0.000000 0.000000 -0.059581
    180 9.999889 -0.000303 0.000000 0.000000 0.000000 0.000000
    181 0.000000 0.000000 4.867000 3.141572 -0.003206 -3.128592
    182 1.000088 -0.000029 0.000000 0.000000 0.000000 0.000000
    183 12.283573 1.581455 -4.695999 1.462269 -0.086726 0.090185
    184 17.162518 -0.000404 0.000000 0.000000 0.000000 0.119213
    185 17.749374 0.295515 0.000000 0.000000 0.000000 -1.158956
    186 5.413528 0.000347 0.000000 0.000000 0.000000 -0.518053
    187 0.017887 0.299792 0.000000 0.000000 0.000000 -0.059581
    188 9.499836 0.000212 0.000000 0.000000 0.000000 0.000000
    189 -1.145525 0.000130 0.000671 0.000000 0.000000 0.000000
    190 -0.857691 0.104071 0.104687 0.023536 0.163924 0.013632
    191 3.999430 -0.000528 -0.000332 -0.620245 0.000012 0.000048
    192 0.599499 0.400698 0.000236 0.000000 0.000000 0.000000
    193 0.599886 0.400186 -0.000027 0.000000 0.000000 0.000000
    194 2.299677 -2.499979 -0.599480 0.891928 0.221512 -0.527288
    195 1.439189 -0.494086 -2.011729 2.276633 -0.376091 -0.281966
    196 -9.580679 -27.862108 -37.184677 0.812879 -0.123459 -0.568477
    197 0.649935 -0.548296 0.093658 -1.665913 -0.131399 -0.112062
    198 1.899127 0.000427 -0.000439 0.027386 -0.033311 0.477848
    199 0.657078 0.008400 0.040375 -1.665945 -0.131407 -0.000013
    200 1.799664 -0.000240 0.000231 0.027386 -0.033311 0.477848
    201 1.799664 -0.000240 0.000231 0.027386 -0.033311 0.477848
    202 1.799664 -0.000240 0.000231 0.027386 -0.033311 0.477848
    203 0.665774 0.747222 -0.029186 -1.665935 -0.131408 0.094976
    204 1.900306 -0.000137 -0.000517 0.027386 -0.033311 0.477848
    205 4.662004 -5.366334 4.825195 1.569715 1.561305 -3.121216
    206 3.999897 0.000040 0.001007 0.160206 0.000000 0.000000
    207 0.600403 0.399632 -0.000469 0.000000 0.000000 -3.141496
    208 0.599890 0.400186 0.000031 0.000000 0.000000 -3.139640
    209 2.300137 -2.499413 0.600155 -0.892020 -0.221513 -0.527232
    210 12.101563 -3.646484 -1.237305 1.733664 0.203086 0.048277
    211 2.762354 0.116951 1.523975 1.629482 0.064153 1.743800
    212 7.228317 7.928200 -3.925652 2.328713 0.123459 -0.568477
    213 0.650396 -0.547731 -0.092976 1.665913 0.131399 -0.112062
    214 1.899441 -0.000320 -0.000150 -0.027386 0.033311 0.477848
    215 0.657068 0.008398 -0.040379 1.665945 0.131407 -0.000013
    216 1.799659 -0.000233 -0.000233 -0.027386 0.033311 0.477848
    217 1.799659 -0.000233 -0.000233 -0.027386 0.033311 0.477848
    218 1.799659 -0.000233 -0.000233 -0.027386 0.033311 0.477848
    219 0.665778 0.747222 0.029179 1.665935 0.131408 0.094976
    220 1.900722 0.000549 -0.000072 -0.027386 0.033311 0.477848
    221 4.530998 0.000000 0.000000 0.000000 0.000000 0.000000
    222 4.527344 0.000000 0.000000 0.000000 0.000000 0.000000
    223 0.000000 0.000000 0.000000 0.000000 0.000000 0.000000
    224 0.000000 0.000000 0.000000 0.000000 0.000000 0.000000
    225 4.000000 -6.500000 0.000000 0.000000 0.000000 0.000977
    226 -6.500000 0.000000 0.000000 0.000000 1.570795 0.000000
    227 19.238637 -3.120940 8.466235 -0.046747 0.006752 0.000186
    228 0.280000 -0.135000 2.196999 1.570796 0.000000 -1.570735
    229 0.000000 0.000000 0.000000 0.000000 0.000000 0.000000
    230 0.000000 0.000000 0.000000 0.000527 0.002709 -0.004159
    231 0.106000 0.000000 -64.320000 0.000000 0.000000 0.000000
    232 0.000000 0.000000 0.000000 0.000000 0.000000 0.000000
    233 -0.106000 0.000000 64.320000 0.000000 0.000000 0.000000
    234 0.003042 -0.001328 -64.319374 0.000009 0.000084 -3.141638
    235 -30.813440 -4.484512 4.054811 0.648315 -0.593753 0.164261
    236 1.688000 -0.001000 -1.454002 0.000000 0.000000 0.000000
    237 -1.070999 -0.005000 0.545002 0.000000 0.000000 0.000000
    238 5.895000 0.750997 -0.156000 0.000000 0.000000 0.000000
    239 11.599999 -0.000003 -1.500002 0.000000 0.000000 0.000000
    240 1.037001 1.337997 -4.334000 -2.791227 -0.162411 -0.765711
    241 7.216001 -0.000003 -1.579000 0.000000 0.000000 0.000000
    242 4.445999 -0.000003 -1.500000 0.000000 0.000000 0.000000
    243 0.673937 -0.015635 -4.768713 -3.141592 -1.281051 3.141593
    244 0.094999 -0.144000 0.332001 0.000000 0.000000 0.000000
    245 14.209020 0.000022 0.766988 0.000000 0.000000 0.000000
    246 0.000000 0.000000 0.000000 1.570800 0.000000 -1.570796
  time 25
    0 0.000000 0.000000 0.000000 0.000000 0.000000 -1.570796
    1 -0.106384 0.000000 -0.000198 0.000000 0.000000 0.000000
    2 0.000000 0.000000 0.000000 0.000000 0.000000 0.000000
    3 -0.904000 0.000000 -11.806000 0.000000 0.000000 0.000000
    4 0.000000 0.000000 -14.313999 1.571297 -1.570750 0.000000
    5 3.533001 0.000000 0.000000 0.000000 0.000000 0.000000
    6 6.250000 0.000000 0.000000 0.000000 0.000000 0.000000
    7 9.568951 0.398475 -1.944020 -1.545328 1.187827 -1.547138
    8 9.592389 5.304874 2.061223 -1.521924 -1.032514 1.525557
    9 5.786820 0.002787 -0.000113 -1.099912 0.409773 -1.421144
    10 5.999492 -0.000592 -4.000343 0.000000 0.000000 0.000000
    11 5.787410 0.002582 0.000893 1.000619 -0.722930 -1.838361
    12 5.999492 -0.000592 4.000340 0.000000 0.000000 0.000000
    13 0.500225 0.000133 -0.000084 0.236395 0.000060 0.000000
    14 11.530657 0.000349 -0.001308 -0.000005 0.000009 -1.143407
    15 -0.829338 0.893824 0.079659 -0.148839 0.047645 0.087266
    16 0.500225 0.000132 0.000072 0.016618 0.000000 0.000000
    17 11.532495 0.000526 -0.000093 0.000042 0.000038 -1.605106
    18 -0.829586 0.894698 -0.079468 0.045377 -0.019621 0.087266
    19 10.599886 0.000105 -0.000553 -0.567391 0.000000 0.000000
    20 0.197793 -0.314245 -0.000805 0.000000 0.000011 0.570697
    21 11.042053 -0.000189 0.000798 -1.135514 0.010286 0.638635
    22 -11.814724 0.424524 -0.297680 0.247998 -0.066121 -0.042695
    23 10.599878 0.000105 0.000549 0.116742 -0.000060 0.000048
    24 0.513184 -0.495117 0.000699 0.000000 0.000000 0.802658
    25 11.041739 0.003170 -0.000568 0.231003 -0.067034 0.756616
    26 -11.663242 0.094713 0.140656 -0.068591 0.018527 -0.015099
    27 0.610300 -0.939470 0.070347 -1.656002 -0.192379 -0.171134
    28 0.639938 -0.199121 0.060192 -1.665955 -0.131350 -0.066457
    29 0.600155 1.080260 -0.339535 -1.765500 0.208675 -0.048199
    30 0.610207 0.400743 -0.010098 -1.762161 0.054371 0.019993
    31 0.630809 -0.690091 -0.232343 0.181029 0.137392 -0.862156
    32 -0.792125 0.203736 0.461304 1.439074 -0.003453 -0.018305
    33 0.610300 -0.939469 -0.070354 1.655346 0.140067 -0.175496
    34 0.639938 -0.199121 -0.060200 1.666009 0.131431 -0.066278
    35 0.600157 1.080260 0.339531 1.741683 -0.204071 0.076022
    36 0.610205 0.400743 0.010086 1.762004 -0.015356 0.028098
    37 0.629883 -0.689453 0.230347 -1.014704 -0.861531 -0.665916
    38 -0.626031 -0.069982 -0.080517 -1.447153 0.086151 0.021559
    39 2.621377 -0.002532 -0.001438 -0.449885 -0.624489 0.445331
    40 2.660837 0.000397 -0.000071 -0.713517 -0.442851 0.749287
    41 2.202488 0.003364 -0.002863 -0.778323 0.179166 1.020012
    42 0.599950 0.959236 -0.300102 -0.174544 0.000000 0.000000
    43 2.557190 -0.001967 0.002453 -0.639343 -0.152167 0.802010
    44 2.098929 0.000032 -0.002193 -0.601482 -0.137722 0.591364
    45 0.999378 -0.000238 -1.185931 0.000000 0.000000 0.000000
    46 -0.122641 -0.721855 0.661686 -0.486644 0.223964 0.243056
    47 2.619141 0.000142 -0.000401 -0.053005 0.086821 -0.048204
    48 2.657909 0.004593 -0.000533 0.200435 0.214755 1.264756
    49 2.199219 0.000515 -0.000121 0.236759 0.017677 1.474191
    50 0.599949 0.959244 0.300102 0.174544 0.000000 0.000000
    51 2.558594 -0.000149 -0.000030 0.236782 0.177167 1.399644
    52 2.097656 -0.000096 -0.000402 0.124873 -0.418761 0.877099
    53 0.999512 -0.000598 1.493164 0.000000 0.000000 0.946948
    54 0.310848 -0.606446 -0.498005 0.308107 -0.197598 0.313975
    55 1.869163 -0.000835 -0.000994 -0.000007 0.000003 0.624468
    56 1.200941 0.399582 -0.000237 -0.009465 0.016087 0.007127
    57 0.000586 0.100342 -0.000319 -0.120035 -0.021926 -0.209617
    58 -0.161663 0.051712 0.194808 -2.941982 0.122408 -0.060194
    59 2.010090 -0.003202 -0.003377 0.000030 0.000048 1.286048
    60 0.000237 0.099800 -0.000395 -0.018823 0.010833 -0.239219
    61 -0.203197 0.048607 0.069150 -3.093332 0.033217 -0.046722
    62 1.180426 -0.002312 0.000781 -0.000002 0.000012 0.479089
    63 -0.000196 0.099625 -0.000034 0.000000 0.000000 -0.314102
    64 -0.088737 -0.688435 -0.145203 2.930407 -0.136130 0.513013
    65 1.712069 0.000578 -0.000088 0.000023 -0.000069 0.864711
    66 -0.000576 0.100143 -0.000311 -0.010914 0.023131 -0.260843
    67 -0.146027 -0.232426 -0.014225 3.028455 -0.094299 0.113020
    68 1.290634 0.000361 -0.000036 0.000036 0.000000 -0.008680
    69 -0.658119 -0.003576 0.072643 -0.142711 0.027792 -0.077299
    70 1.867188 -0.000058 0.000522 0.000000 0.000000 1.450175
    71 1.200075 0.399942 -0.000093 0.009465 -0.016087 0.007127
    72 0.000589 0.100342 0.000319 0.120035 0.021926 -0.209617
    73 0.068073 0.002283 -0.080050 3.111376 -0.069366 -0.060847
    74 2.007813 -0.000883 -0.000381 0.000047 -0.000039 1.379088
    75 0.000233 0.099800 0.000395 0.018823 -0.010833 -0.239219
    76 -0.018673 -0.001009 0.047544 3.109244 0.002635 -0.106673
    77 1.178665 0.001595 0.000845 0.000000 0.000000 0.743988
    78 -0.000196 0.099628 0.000034 0.000000 0.000000 -0.314102
    79 0.036894 -0.634449 0.266284 -2.801062 0.174301 0.490915
    80 1.708008 0.000721 0.000199 0.000000 0.000000 1.160581
    81 -0.000580 0.100140 0.000311 0.010914 -0.023131 -0.260843
    82 -0.003952 -0.281811 0.115047 -3.059162 0.089004 0.167964
    83 1.290039 0.000363 -0.000045 -0.000058 0.000020 0.672665
    84 -0.171526 -0.018150 -0.099873 0.013484 -0.062184 -0.011781
    85 0.916622 0.003336 0.001326 0.004609 0.002981 0.506629
    86 -0.342617 0.053402 -0.025571 -2.909301 -0.017248 0.075276
    87 1.100231 -0.000928 -0.002434 -0.000003 -0.000046 0.154354
    88 -0.384979 0.331001 0.006848 -3.087207 -0.018765 -0.184278
    89 0.678146 0.002286 0.000002 -0.000006 -0.000007 0.196280
    90 -0.123848 0.072738 0.029507 2.898184 -0.060627 0.094835
    91 1.017166 -0.000154 -0.000252 -0.000059 0.000010 0.752106
    92 -0.344990 0.123129 0.143151 2.994981 0.012396 0.059140
    93 -0.730989 0.177046 0.039141 -0.123731 0.076518 -0.084310
    94 0.918945 0.000403 0.000087 0.000000 0.000000 0.471850
    95 -0.124023 -0.052090 0.038495 3.077813 -0.008519 0.039229
    96 1.099609 0.000007 0.000468 0.000016 0.000059 0.545759
    97 -0.330082 0.160639 0.042780 3.128073 0.034033 -0.171236
    98 0.679199 -0.000816 0.000174 0.000000 0.000000 0.674789
    99 -0.019512 -0.016531 0.038578 -2.763781 0.050305 0.076829
    100 1.019531 -0.000026 -0.000398 0.000015 0.000057 0.497121
    101 -0.155308 0.130644 -0.021921 -3.022466 0.022433 -0.024902
    102 -0.252207 0.061937 -0.024914 -0.007671 -0.063171 -0.044392
    103 -0.085995 0.185205 -0.015180 -2.937063 -0.113970 -0.138991
    104 -0.286533 0.179852 0.024264 -3.109353 -0.049645 -0.029914
    105 -0.019482 0.147083 0.079203 2.893815 0.038585 -0.060594
    106 -0.046482 0.251896 0.129548 3.016165 0.077112 -0.042864
    107 0.039124 -0.040295 0.047739 3.084219 0.030470 -0.037414
    108 -0.233757 0.066630 0.001754 -3.133087 0.040141 -0.065412
    109 0.044266 0.020131 0.001684 -2.778763 -0.118872 -0.040488
    110 0.071495 0.074128 -0.048302 -3.035917 -0.059482 0.104366
    111 0.000000 0.000000 0.000000 0.000000 0.000000 -1.570796
    112 -3.078219 -7.824458 -2.859462 -0.053388 0.003288 -1.570796
    113 0.000000 0.000000 0.000000 0.000000 0.000000 0.000000
    114 -3.097751 -18.219306 -3.281350 -0.053373 0.003264 -1.570796
    115 3.096000 0.000000 -1.996000 0.000000 0.000000 0.000000
    116 3.040999 0.000000 1.202000 0.000000 0.000000 0.000000
    117 7.854000 0.000000 -0.042000 0.000000 0.000000 0.000000
    118 13.105999 0.000000 -0.006000 0.000000 0.000000 0.000000
    119 3.456000 0.000000 -1.084000 0.000000 0.000000 0.000000
    120 1.804000 0.000000 -1.025000 0.000000 0.000000 0.000000
    121 7.098000 0.000000 -1.084000 0.000000 0.000000 0.000000
    122 1.868000 1.809000 -1.975000 -2.218596 -0.017126 -0.465731
    123 3.740000 0.000000 1.273000 0.000000 0.000000 0.000000
    124 11.956999 0.000000 -0.006000 0.000000 0.000000 0.000000
    125 6.072001 0.000000 -1.238000 0.000000 0.000000 0.000000
    126 5.690000 -0.365000 0.068000 0.000000 -0.349029 -1.570796
    127 6.396999 0.614000 0.428000 0.000000 0.000000 0.000000
    128 3.040999 0.000000 1.202000 0.000000 0.000000 0.000000
    129 3.720000 0.000000 1.202000 0.000000 0.000000 0.000000
    130 1.086000 -0.661000 -0.149000 1.570766 0.000000 0.000000
    131 1.067000 0.589000 0.076000 0.000000 0.000000 0.000000
    132 0.000000 -0.019000 0.000000 0.000000 0.000000 0.000000
    133 0.000000 -0.019000 0.000000 0.000000 0.000000 0.000000
    134 3.300000 -0.019000 1.346000 0.000000 0.000000 0.000000
    135 -1.524000 -1.859000 -4.367000 -1.730306 -0.014954 0.208139
    136 7.283999 0.000000 -2.195000 0.000000 0.000000 0.000000
    137 -1.323000 0.000000 0.184000 0.000000 0.000000 0.000000
    138 0.082000 0.000000 1.002000 0.000000 0.000000 0.000000
    139 -19.339175 6.441603 -60.673326 0.053375 -0.003263 0.000000
    140 0.478000 0.000000 -4.537000 0.000000 0.000000 0.000000
    141 3.436000 0.000000 1.202000 0.000000 0.000000 0.000000
    142 3.040999 0.000000 1.202000 0.000000 0.000000 0.000000
    143 4.657000 0.000000 1.545000 0.000000 0.000000 0.000000
    144 -0.403000 0.000000 -0.011000 0.000000 0.000000 0.000000
    145 1.781000 0.000000 0.873000 0.000000 0.000000 0.000000
    146 0.384000 0.715000 0.801000 0.000000 0.000000 0.000000
    147 1.795000 0.533000 -1.550000 0.000000 0.000000 0.000000
    148 4.435999 0.595000 -0.954000 0.000000 0.000000 0.000000
    149 4.401999 -0.614000 -1.630000 0.000000 0.000000 0.000000
    150 4.203000 -0.003000 -0.048000 0.000000 0.000000 0.000000
    151 5.136000 0.000000 1.534000 0.000000 0.000000 0.000000
    152 11.957001 0.000000 -0.006000 0.000000 0.000000 0.000000
    153 -2.103001 0.000000 0.000000 0.000000 0.000000 0.000000
    154 -0.598001 0.000000 -0.011000 0.000000 0.000000 0.000000
    155 0.496000 0.184000 -3.523000 0.000000 0.000000 0.000000
    156 0.147000 0.184000 -0.328000 0.000000 0.000000 0.000000
    157 0.147000 0.184000 0.023000 0.000000 0.000000 0.000000
    158 0.147000 0.184000 0.368000 0.000000 0.000000 0.000000
    159 0.147000 0.184000 0.717000 0.000000 0.000000 0.000000
    160 0.147000 0.184000 1.067000 0.000000 0.000000 0.000000
    161 0.148000 0.184000 1.414000 0.000000 0.000000 0.000000
    162 0.148000 -0.074000 1.640000 0.000000 0.000000 0.000000
    163 0.435000 0.184000 -3.179000 0.000000 0.000000 0.000000
    164 0.378000 0.184000 -2.826000 0.000000 0.000000 0.000000
    165 0.329000 0.184000 -2.477000 0.000000 0.000000 0.000000
    166 0.286000 0.184000 -2.127000 0.000000 0.000000 0.000000
    167 0.252000 0.184000 -1.775000 0.000000 0.000000 0.000000
    168 0.215000 0.184000 -1.417000 0.000000 0.000000 0.000000
    169 0.190000 0.184000 -1.064000 0.000000 0.000000 0.000000
    170 0.166000 0.184000 -0.714000 0.000000 0.000000 0.000000
    171 1.622000 0.000000 1.568000 0.000000 0.000000 0.000000
    172 2.240000 0.000000 1.568000 0.000000 0.000000 0.000000
    173 0.000000 0.000000 0.000000 0.000000 0.000000 0.000000
    174 0.000000 0.000000 -4.867001 3.141572 -0.003206 -3.128592
    175 1.000088 -0.000029 0.000000 0.000000 0.000000 0.000000
    176 17.162518 -0.000404 0.000000 0.000000 0.000000 0.119213
    177 17.749374 0.295515 0.000000 0.000000 0.000000 -1.158956
    178 5.413528 0.000347 0.000000 0.000000 0.000000 -0.518053
    179 0.017887 0.299792 0.000000 0.000000 0.000000 -0.059581
    180 9.999889 -0.000303 0.000000 0.000000 0.000000 0.000000
    181 0.000000 0.000000 4.867000 3.141572 -0.003206 -3.128592
    182 1.000088 -0.000029 0.000000 0.000000 0.000000 0.000000
    183 12.283573 1.581455 -4.695999 1.462269 -0.086726 0.090185
    184 17.162518 -0.000404 0.000000 0.000000 0.000000 0.119213
    185 17.749374 0.295515 0.000000 0.000000 0.000000 -1.158956
    186 5.413528 0.000347 0.000000 0.000000 0.000000 -0.518053
    187 0.017887 0.299792 0.000000 0.000000 0.000000 -0.059581
    188 9.499836 0.000212 0.000000 0.000000 0.000000 0.000000
    189 -1.145525 0.000130 0.000671 0.000000 0.000000 0.000000
    190 -0.857691 0.104071 0.104687 0.023536 0.163924 0.013632
    191 3.999430 -0.000528 -0.000332 -0.608969 0.000000 0.000000
    192 0.599499 0.400698 0.000236 0.000000 0.000000 0.000000
    193 0.599886 0.400186 -0.000027 0.000000 0.000000 0.000000
    194 2.299677 -2.499979 -0.599480 0.891928 0.221512 -0.527288
    195 1.439189 -0.494086 -2.011729 2.276633 -0.376091 -0.281966
    196 -9.580679 -27.862108 -37.184677 0.812879 -0.123459 -0.568477
    197 0.649935 -0.548296 0.093658 -1.665913 -0.131399 -0.112062
    198 1.899127 0.000427 -0.000439 0.027386 -0.033311 0.477848
    199 0.657078 0.008400 0.040375 -1.665945 -0.131407 -0.000013
    200 1.799664 -0.000240 0.000231 0.027386 -0.033311 0.477848
    201 1.799664 -0.000240 0.000231 0.027386 -0.033311 0.477848
    202 1.799664 -0.000240 0.000231 0.027386 -0.033311 0.477848
    203 0.665774 0.747222 -0.029186 -1.665935 -0.131408 0.094976
    204 1.900306 -0.000137 -0.000517 0.027386 -0.033311 0.477848
    205 4.662004 -5.366334 4.825195 1.569715 1.561305 -3.121216
    206 3.999897 0.000040 0.001007 0.159594 0.000000 0.000000
    207 0.600403 0.399632 -0.000469 0.000000 0.000000 -3.141496
    208 0.599890 0.400186 0.000031 0.000000 0.000000 -3.139640
    209 2.300137 -2.499413 0.600155 -0.892020 -0.221513 -0.527232
    210 12.101563 -3.646484 -1.237305 1.733664 0.203086 0.048277
    211 2.762354 0.116951 1.523975 1.629482 0.064153 1.743800
    212 7.228317 7.928200 -3.925652 2.328713 0.123459 -0.568477
    213 0.650396 -0.547731 -0.092976 1.665913 0.131399 -0.112062
    214 1.899441 -0.000320 -0.000150 -0.027386 0.033311 0.477848
    215 0.657068 0.008398 -0.040379 1.665945 0.131407 -0.000013
    216 1.799659 -0.000233 -0.000233 -0.027386 0.033311 0.477848
    217 1.799659 -0.000233 -0.000233 -0.027386 0.033311 0.477848
    218 1.799659 -0.000233 -0.000233 -0.027386 0.033311 0.477848
    219 0.665778 0.747222 0.029179 1.665935 0.131408 0.094976
    220 1.900722 0.000549 -0.000072 -0.027386 0.033311 0.477848
    221 4.530998 0.000000 0.000000 0.000000 0.000000 0.000000
    222 4.527344 0.000000 0.000000 0.000000 0.000000 0.000000
    223 0.000000 0.000000 0.000000 0.000000 0.000000 0.000000
    224 0.000000 0.000000 0.000000 0.000000 0.000000 0.000000
    225 4.000000 -6.500000 0.000000 0.000000 0.000000 0.000977
    226 -6.500000 0.000000 0.000000 0.000000 1.570795 0.000000
    227 19.230824 -3.097502 8.520924 -0.053388 0.003287 0.000000
    228 0.280000 -0.135000 2.196999 1.570796 0.000000 -1.570735
    229 0.000000 0.000000 0.000000 0.000000 0.000000 0.000000
    230 0.000000 0.000000 0.000000 -0.000228 0.000827 -0.002792
    231 0.106000 0.000000 -64.320000 0.000000 0.000000 0.000000
    232 0.000000 0.000000 0.000000 0.000000 0.000000 0.000000
    233 -0.106000 0.000000 64.320000 0.000000 0.000000 0.000000
    234 0.003042 -0.001328 -64.319374 0.000009 0.000084 -3.141638
    235 -30.813440 -4.484512 4.054811 0.648315 -0.593753 0.164261
    236 1.688000 -0.001000 -1.454002 0.000000 0.000000 0.000000
    237 -1.070999 -0.005000 0.545002 0.000000 0.000000 0.000000
    238 5.895000 0.750997 -0.156000 0.000000 0.000000 0.000000
    239 11.599999 -0.000003 -1.500002 0.000000 0.000000 0.000000
    240 1.037001 1.337997 -4.334000 -2.791227 -0.162411 -0.765711
    241 7.216001 -0.000003 -1.579000 0.000000 0.000000 0.000000
    242 4.445999 -0.000003 -1.500000 0.000000 0.000000 0.000000
    243 0.673937 -0.015635 -4.768713 -3.141592 -1.281051 3.141593
    244 0.094999 -0.144000 0.332001 0.000000 0.000000 0.000000
    245 14.209020 0.000022 0.766988 0.000000 0.000000 0.000000
    246 0.000000 0.000000 0.000000 1.570800 0.000000 -1.570796
  time 26
    0 0.000000 0.000000 0.000000 0.000000 0.000000 -1.570796
    1 -0.106384 0.000000 -0.000198 0.000000 0.000000 0.000000
    2 0.000000 0.000000 0.000000 0.000000 0.000000 0.000000
    3 -0.904000 0.000000 -11.806000 0.000000 0.000000 0.000000
    4 0.000000 0.000000 -14.313999 1.571297 -1.570750 0.000000
    5 3.533001 0.000000 0.000000 0.000000 0.000000 0.000000
    6 6.250000 0.000000 0.000000 0.000000 0.000000 0.000000
    7 9.568951 0.218782 -1.944020 -1.545328 1.187827 -1.547138
    8 9.588482 5.304874 2.061223 -1.535155 -1.032441 1.540402
    9 5.786820 0.002787 -0.000113 -1.110141 0.419633 -1.427327
    10 5.999492 -0.000592 -4.000343 0.000000 0.000000 0.000000
    11 5.787410 0.002582 0.000893 0.998665 -0.724483 -1.836367
    12 5.999492 -0.000592 4.000340 0.000000 0.000000 0.000000
    13 0.500225 0.000133 -0.000084 0.242219 0.000000 0.000000
    14 11.530657 0.000349 -0.001308 -0.000005 0.000009 -1.166958
    15 -0.829338 0.893824 0.079659 -0.148839 0.047645 0.087266
    16 0.500225 0.000132 0.000072 0.016552 0.000000 0.000000
    17 11.532495 0.000526 -0.000093 0.000042 0.000038 -1.604783
    18 -0.829586 0.894698 -0.079468 0.045377 -0.019621 0.087266
    19 10.599886 0.000105 -0.000553 -0.558371 0.000000 0.000000
    20 0.201699 -0.318151 -0.000805 0.000000 0.000011 0.584842
    21 11.042053 -0.000189 0.000798 -1.117827 0.005827 0.655160
    22 -11.814724 0.424524 -0.297680 0.247998 -0.066121 -0.042695
    23 10.599878 0.000105 0.000549 0.116217 -0.000060 0.000048
    24 0.513184 -0.495117 0.000699 0.000000 0.000000 0.802658
    25 11.041739 0.003170 -0.000568 0.230304 -0.067034 0.754316
    26 -11.663242 0.094713 0.140656 -0.068591 0.018527 -0.015099
    27 0.610300 -0.939470 0.070347 -1.656002 -0.192356 -0.171146
    28 0.639938 -0.199121 0.060192 -1.665955 -0.131350 -0.066457
    29 0.600155 1.080260 -0.339535 -1.765553 0.208693 -0.048199
    30 0.610207 0.400743 -0.010098 -1.762161 0.054395 0.020005
    31 0.630809 -0.690091 -0.232343 0.181029 0.137416 -0.862193
    32 -0.792125 0.203736 0.461304 1.439074 -0.003453 -0.018305
    33 0.610300 -0.939469 -0.070354 1.655346 0.140067 -0.175496
    34 0.639938 -0.199121 -0.060200 1.666009 0.131431 -0.066278
    35 0.600157 1.080260 0.339531 1.741683 -0.204071 0.076022
    36 0.610205 0.400743 0.010086 1.762004 -0.015356 0.028098
    37 0.629883 -0.689453 0.230347 -1.014704 -0.861531 -0.665916
    38 -0.626031 -0.069982 -0.080517 -1.447153 0.086151 0.021559
    39 2.621377 -0.002532 -0.001438 -0.449885 -0.624489 0.445331
    40 2.660837 0.000397 -0.000071 -0.713517 -0.442851 0.749287
    41 2.202488 0.003364 -0.002863 -0.778323 0.179166 1.020012
    42 0.599950 0.959236 -0.300102 -0.174544 0.000000 0.000000
    43 2.557190 -0.001967 0.002453 -0.639343 -0.152167 0.802010
    44 2.098929 0.000032 -0.002193 -0.601482 -0.137722 0.591364
    45 0.999378 -0.000238 -1.185931 0.000000 0.000000 0.000000
    46 -0.122641 -0.721855 0.661686 -0.486644 0.223964 0.243056
    47 2.619141 0.000142 -0.000401 -0.053005 0.086821 -0.048204
    48 2.657909 0.004593 -0.000533 0.200435 0.214755 1.264756
    49 2.199219 0.000515 -0.000121 0.236759 0.017677 1.474191
    50 0.599949 0.959244 0.300102 0.174544 0.000000 0.000000
    51 2.558594 -0.000149 -0.000030 0.236782 0.177167 1.399644
    52 2.097656 -0.000096 -0.000402 0.124873 -0.418761 0.877099
    53 0.999512 -0.000598 1.493164 0.000000 0.000000 0.946948
    54 0.310848 -0.606446 -0.498005 0.308107 -0.197598 0.313975
    55 1.869163 -0.000835 -0.000994 -0.000007 0.000003 0.624468
    56 1.200941 0.399582 -0.000237 -0.009465 0.016087 0.007127
    57 0.000586 0.100342 -0.000319 -0.120035 -0.021926 -0.209617
    58 -0.161663 0.051712 0.194808 -2.941982 0.122408 -0.060194
    59 2.010090 -0.003202 -0.003377 0.000018 0.000048 1.286048
    60 0.000237 0.099800 -0.000395 -0.018823 0.010833 -0.239219
    61 -0.203197 0.048607 0.069150 -3.093332 0.033217 -0.046722
    62 1.180426 -0.002312 0.000781 -0.000002 0.000024 0.479056
    63 -0.000196 0.099625 -0.000034 0.000000 0.000000 -0.314102
    64 -0.088737 -0.688435 -0.145203 2.930407 -0.136130 0.513013
    65 1.712069 0.000578 -0.000088 0.000023 -0.000045 0.864711
    66 -0.000576 0.100143 -0.000311 -0.010914 0.023131 -0.260843
    67 -0.146027 -0.232426 -0.014225 3.028455 -0.094299 0.113020
    68 1.290634 0.000361 -0.000036 0.000036 0.000000 -0.008680
    69 -0.658119 -0.003576 0.072643 -0.142711 0.027792 -0.077299
    70 1.867188 -0.000058 0.000522 0.000000 0.000000 1.450175
    71 1.200075 0.399942 -0.000093 0.009465 -0.016087 0.007127
    72 0.000589 0.100342 0.000319 0.120035 0.021926 -0.209617
    73 0.068073 0.002283 -0.080050 3.111376 -0.069366 -0.060847
    74 2.007813 -0.000883 -0.000381 0.000047 -0.000039 1.379088
    75 0.000233 0.099800 0.000395 0.018823 -0.010833 -0.239219
    76 -0.018673 -0.001009 0.047544 3.109244 0.002635 -0.106673
    77 1.178665 0.001595 0.000845 0.000000 0.000000 0.743988
    78 -0.000196 0.099628 0.000034 0.000000 0.000000 -0.314102
    79 0.036894 -0.634449 0.266284 -2.801062 0.174301 0.490915
    80 1.708008 0.000721 0.000199 0.000000 0.000000 1.160581
    81 -0.000580 0.100140 0.000311 0.010914 -0.023131 -0.260843
    82 -0.003952 -0.281811 0.115047 -3.059162 0.089004 0.167964
    83 1.290039 0.000363 -0.000045 -0.000058 0.000020 0.672665
    84 -0.171526 -0.018150 -0.099873 0.013484 -0.062184 -0.011781
    85 0.916622 0.003336 0.001326 0.004609 0.002981 0.506629
    86 -0.342617 0.053402 -0.025571 -2.909301 -0.017248 0.075276
    87 1.100231 -0.000928 -0.002434 -0.000003 -0.000034 0.154354
    88 -0.384979 0.331001 0.006848 -3.087207 -0.018765 -0.184278
    89 0.678146 0.002286 0.000002 -0.000006 -0.000007 0.196280
    90 -0.123848 0.072738 0.029507 2.898184 -0.060627 0.094835
    91 1.017166 -0.000154 -0.000252 -0.000047 0.000010 0.752106
    92 -0.344990 0.123129 0.143151 2.994981 0.012396 0.059140
    93 -0.730989 0.177046 0.039141 -0.123731 0.076518 -0.084310
    94 0.918945 0.000403 0.000087 0.000000 0.000000 0.471850
    95 -0.124023 -0.052090 0.038495 3.077813 -0.008519 0.039229
    96 1.099609 0.000007 0.000468 0.000016 0.000059 0.545759
    97 -0.330082 0.160639 0.042780 3.128073 0.034033 -0.171236
    98 0.679199 -0.000816 0.000174 0.000000 0.000000 0.674789
    99 -0.019512 -0.016531 0.038578 -2.763781 0.050305 0.076829
    100 1.019531 -0.000026 -0.000398 0.000015 0.000057 0.497121
    101 -0.155308 0.130644 -0.021921 -3.022466 0.022433 -0.024902
    102 -0.252207 0.061937 -0.024914 -0.007671 -0.063171 -0.044392
    103 -0.085995 0.185205 -0.015180 -2.937063 -0.113970 -0.138991
    104 -0.286533 0.179852 0.024264 -3.109353 -0.049645 -0.029914
    105 -0.019482 0.147083 0.079203 2.893815 0.038585 -0.060594
    106 -0.046482 0.251896 0.129548 3.016165 0.077112 -0.042864
    107 0.039124 -0.040295 0.047739 3.084219 0.030470 -0.037414
    108 -0.233757 0.066630 0.001754 -3.133087 0.040141 -0.065412
    109 0.044266 0.020131 0.001684 -2.778763 -0.118872 -0.040488
    110 0.071495 0.074128 -0.048302 -3.035917 -0.059482 0.104366
    111 0.000000 0.000000 0.000000 0.000000 0.000000 -1.570796
    112 -3.113376 -7.816645 -2.859462 -0.048058 -0.000178 -1.571076
    113 0.000000 0.000000 0.000000 0.000000 0.000000 0.000000
    114 -3.136814 -18.211493 -3.242286 -0.048027 -0.000179 -1.571076
    115 3.096000 0.000000 -1.996000 0.000000 0.000000 0.000000
    116 3.040999 0.000000 1.202000 0.000000 0.000000 0.000000
    117 7.854000 0.000000 -0.042000 0.000000 0.000000 0.000000
    118 13.105999 0.000000 -0.006000 0.000000 0.000000 0.000000
    119 3.456000 0.000000 -1.084000 0.000000 0.000000 0.000000
    120 1.804000 0.000000 -1.025000 0.000000 0.000000 0.000000
    121 7.098000 0.000000 -1.084000 0.000000 0.000000 0.000000
    122 1.868000 1.809000 -1.975000 -2.218557 -0.017126 -0.465731
    123 3.740000 0.000000 1.273000 0.000000 0.000000 0.000000
    124 11.956999 0.000000 -0.006000 0.000000 0.000000 0.000000
    125 6.072001 0.000000 -1.238000 0.000000 0.000000 0.000000
    126 5.690000 -0.365000 0.068000 0.000000 -0.349029 -1.570796
    127 6.396999 0.614000 0.428000 0.000000 0.000000 0.000000
    128 3.040999 0.000000 1.202000 0.000000 0.000000 0.000000
    129 3.720000 0.000000 1.202000 0.000000 0.000000 0.000000
    130 1.086000 -0.661000 -0.149000 1.570766 0.000000 0.000000
    131 1.067000 0.589000 0.076000 0.000000 0.000000 0.000000
    132 0.000000 -0.019000 0.000000 0.000000 0.000000 0.000000
    133 0.000000 -0.019000 0.000000 0.000000 0.000000 0.000000
    134 3.300000 -0.019000 1.346000 0.000000 0.000000 0.000000
    135 -1.524000 -1.859000 -4.367000 -1.730306 -0.014954 0.208139
    136 7.283999 0.000000 -2.195000 0.000000 0.000000 0.000000
    137 -1.323000 0.000000 0.184000 0.000000 0.000000 0.000000
    138 0.082000 0.000000 1.002000 0.000000 0.000000 0.000000
    139 -19.546212 6.129093 -60.677232 0.048057 0.000142 0.000285
    140 0.478000 0.000000 -4.537000 0.000000 0.000000 0.000000
    141 3.436000 0.000000 1.202000 0.000000 0.000000 0.000000
    142 3.040999 0.000000 1.202000 0.000000 0.000000 0.000000
    143 4.657000 0.000000 1.545000 0.000000 0.000000 0.000000
    144 -0.403000 0.000000 -0.011000 0.000000 0.000000 0.000000
    145 1.781000 0.000000 0.873000 0.000000 0.000000 0.000000
    146 0.384000 0.715000 0.801000 0.000000 0.000000 0.000000
    147 1.795000 0.533000 -1.550000 0.000000 0.000000 0.000000
    148 4.435999 0.595000 -0.954000 0.000000 0.000000 0.000000
    149 4.401999 -0.614000 -1.630000 0.000000 0.000000 0.000000
    150 4.203000 -0.003000 -0.048000 0.000000 0.000000 0.000000
    151 5.136000 0.000000 1.534000 0.000000 0.000000 0.000000
    152 11.957001 0.000000 -0.006000 0.000000 0.000000 0.000000
    153 -2.103001 0.000000 0.000000 0.000000 0.000000 0.000000
    154 -0.598001 0.000000 -0.011000 0.000000 0.000000 0.000000
    155 0.496000 0.184000 -3.523000 0.000000 0.000000 0.000000
    156 0.147000 0.184000 -0.328000 0.000000 0.000000 0.000000
    157 0.147000 0.184000 0.023000 0.000000 0.000000 0.000000
    158 0.147000 0.184000 0.368000 0.000000 0.000000 0.000000
    159 0.147000 0.184000 0.717000 0.000000 0.000000 0.000000
    160 0.147000 0.184000 1.067000 0.000000 0.000000 0.000000
    161 0.148000 0.184000 1.414000 0.000000 0.000000 0.000000
    162 0.148000 -0.074000 1.640000 0.000000 0.000000 0.000000
    163 0.435000 0.184000 -3.179000 0.000000 0.000000 0.000000
    164 0.378000 0.184000 -2.826000 0.000000 0.000000 0.000000
    165 0.329000 0.184000 -2.477000 0.000000 0.000000 0.000000
    166 0.286000 0.184000 -2.127000 0.000000 0.000000 0.000000
    167 0.252000 0.184000 -1.775000 0.000000 0.000000 0.000000
    168 0.215000 0.184000 -1.417000 0.000000 0.000000 0.000000
    169 0.190000 0.184000 -1.064000 0.000000 0.000000 0.000000
    170 0.166000 0.184000 -0.714000 0.000000 0.000000 0.000000
    171 1.622000 0.000000 1.568000 0.000000 0.000000 0.000000
    172 2.240000 0.000000 1.568000 0.000000 0.000000 0.000000
    173 0.000000 0.000000 0.000000 0.000000 0.000000 0.000000
    174 0.000000 0.000000 -4.867001 3.141572 -0.003206 -3.128592
    175 1.000088 -0.000029 0.000000 0.000000 0.000000 0.000000
    176 17.162518 -0.000404 0.000000 0.000000 0.000000 0.119213
    177 17.749374 0.295515 0.000000 0.000000 0.000000 -1.158956
    178 5.413528 0.000347 0.000000 0.000000 0.000000 -0.518053
    179 0.017887 0.299792 0.000000 0.000000 0.000000 -0.059581
    180 9.999889 -0.000303 0.000000 0.000000 0.000000 0.000000
    181 0.000000 0.000000 4.867000 3.141572 -0.003206 -3.128592
    182 1.000088 -0.000029 0.000000 0.000000 0.000000 0.000000
    183 12.283573 1.581455 -4.695999 1.462269 -0.086726 0.090185
    184 17.162518 -0.000404 0.000000 0.000000 0.000000 0.119213
    185 17.749374 0.295515 0.000000 0.000000 0.000000 -1.158956
    186 5.413528 0.000347 0.000000 0.000000 0.000000 -0.518053
    187 0.017887 0.299792 0.000000 0.000000 0.000000 -0.059581
    188 9.499836 0.000212 0.000000 0.000000 0.000000 0.000000
    189 -1.145525 0.000130 0.000671 0.000000 0.000000 0.000000
    190 -0.857691 0.104071 0.104687 0.023536 0.163924 0.013632
    191 3.999430 -0.000528 -0.000332 -0.604385 0.000000 0.000000
    192 0.599499 0.400698 0.000236 0.000000 0.000000 0.000000
    193 0.599886 0.400186 -0.000027 0.000000 0.000000 0.000000
    194 2.299677 -2.499979 -0.599480 0.891928 0.221512 -0.527288
    195 1.439189 -0.494086 -2.011729 2.276633 -0.376134 -0.281874
    196 -9.580679 -27.862108 -37.184677 0.812879 -0.123459 -0.568477
    197 0.649935 -0.548296 0.093658 -1.665913 -0.131399 -0.112062
    198 1.899127 0.000427 -0.000439 0.027386 -0.033311 0.477848
    199 0.657078 0.008400 0.040375 -1.665945 -0.131407 -0.000013
    200 1.799664 -0.000240 0.000231 0.027386 -0.033311 0.477848
    201 1.799664 -0.000240 0.000231 0.027386 -0.033311 0.477848
    202 1.799664 -0.000240 0.000231 0.027386 -0.033311 0.477848
    203 0.665774 0.747222 -0.029186 -1.665935 -0.131408 0.094976
    204 1.900306 -0.000137 -0.000517 0.027386 -0.033311 0.477848
    205 4.662004 -5.366334 4.825195 1.569715 1.561305 -3.121216
    206 3.999897 0.000040 0.001007 0.159026 0.000000 0.000000
    207 0.600403 0.399632 -0.000469 0.000000 0.000000 -3.141496
    208 0.599890 0.400186 0.000031 0.000000 0.000000 -3.139640
    209 2.300137 -2.499413 0.600155 -0.892020 -0.221513 -0.527232
    210 12.101563 -3.646484 -1.237305 1.733664 0.203086 0.048277
    211 2.762354 0.116951 1.523975 1.629482 0.064153 1.743800
    212 7.228317 7.928200 -3.925652 2.328713 0.123459 -0.568477
    213 0.650396 -0.547731 -0.092976 1.665913 0.131399 -0.112062
    214 1.899441 -0.000320 -0.000150 -0.027386 0.033311 0.477848
    215 0.657068 0.008398 -0.040379 1.665945 0.131407 -0.000013
    216 1.799659 -0.000233 -0.000233 -0.027386 0.033311 0.477848
    217 1.799659 -0.000233 -0.000233 -0.027386 0.033311 0.477848
    218 1.799659 -0.000233 -0.000233 -0.027386 0.033311 0.477848
    219 0.665778 0.747222 0.029179 1.665935 0.131408 0.094976
    220 1.900722 0.000549 -0.000072 -0.027386 0.033311 0.477848
    221 4.530998 0.000000 0.000000 0.000000 0.000000 0.000000
    222 4.527344 0.000000 0.000000 0.000000 0.000000 0.000000
    223 0.000000 0.000000 0.000000 0.000000 0.000000 0.000000
    224 0.000000 0.000000 0.000000 0.000000 0.000000 0.000000
    225 4.000000 -6.500000 0.000000 0.000000 0.000000 0.000977
    226 -6.500000 0.000000 0.000000 0.000000 1.570795 0.000000
    227 19.223011 -3.136565 8.559987 -0.048058 -0.000178 -0.000280
    228 0.280000 -0.135000 2.196999 1.570796 0.000000 -1.570735
    229 0.000000 0.000000 0.000000 0.000000 0.000000 0.000000
    230 0.000000 0.000000 0.000000 -0.000995 -0.001043 -0.001426
    231 0.106000 0.000000 -64.320000 0.000000 0.000000 0.000000
    232 0.000000 0.000000 0.000000 0.000000 0.000000 0.000000
    233 -0.106000 0.000000 64.320000 0.000000 0.000000 0.000000
    234 0.003042 -0.001328 -64.319374 0.000009 0.000084 -3.141638
    235 -30.813440 -4.484512 4.054811 0.648315 -0.593753 0.164261
    236 1.688000 -0.001000 -1.454002 0.000000 0.000000 0.000000
    237 -1.070999 -0.005000 0.545002 0.000000 0.000000 0.000000
    238 5.895000 0.750997 -0.156000 0.000000 0.000000 0.000000
    239 11.599999 -0.000003 -1.500002 0.000000 0.000000 0.000000
    240 1.037001 1.337997 -4.334000 -2.791227 -0.162411 -0.765711
    241 7.216001 -0.000003 -1.579000 0.000000 0.000000 0.000000
    242 4.445999 -0.000003 -1.500000 0.000000 0.000000 0.000000
    243 0.673937 -0.015635 -4.768713 -3.141592 -1.281051 3.141593
    244 0.094999 -0.144000 0.332001 0.000000 0.000000 0.000000
    245 14.209020 0.000022 0.766988 0.000000 0.000000 0.000000
    246 0.000000 0.000000 0.000000 1.570800 0.000000 -1.570796
  time 27
    0 0.000000 0.000000 0.000000 0.000000 0.000000 -1.570796
    1 -0.106384 0.000000 -0.000198 0.000000 0.000000 0.000000
    2 0.000000 0.000000 0.000000 0.000000 0.000000 0.000000
    3 -0.904000 0.000000 -11.806000 0.000000 0.000000 0.000000
    4 0.000000 0.000000 -14.313999 1.571297 -1.570750 0.000000
    5 3.533001 0.000000 0.000000 0.000000 0.000000 0.000000
    6 6.250000 0.000000 0.000000 0.000000 0.000000 0.000000
    7 9.568951 0.066433 -1.944020 -1.545328 1.187827 -1.547138
    8 9.580670 5.304874 2.061223 -1.560294 -1.032587 1.563580
    9 5.786820 0.002787 -0.000113 -1.109854 0.424883 -1.428066
    10 5.999492 -0.000592 -4.000343 0.000000 0.000000 0.000000
    11 5.787410 0.002582 0.000893 0.998787 -0.723307 -1.836730
    12 5.999492 -0.000592 4.000340 0.000000 0.000000 0.000000
    13 0.500225 0.000133 -0.000084 0.241718 0.000000 0.000000
    14 11.530657 0.000349 -0.001308 -0.000005 0.000009 -1.186903
    15 -0.829338 0.893824 0.079659 -0.148839 0.047645 0.087266
    16 0.500225 0.000132 0.000072 0.016486 0.000000 0.000000
    17 11.532495 0.000526 -0.000093 0.000042 0.000038 -1.605187
    18 -0.829586 0.894698 -0.079468 0.045377 -0.019621 0.087266
    19 10.599886 0.000105 -0.000553 -0.552828 0.000000 0.000000
    20 0.209512 -0.322057 -0.000805 0.000000 0.000011 0.593138
    21 11.042053 -0.000189 0.000798 -1.105833 0.004991 0.673881
    22 -11.814724 0.424524 -0.297680 0.247998 -0.066121 -0.042695
    23 10.599878 0.000105 0.000549 0.115693 -0.000060 0.000048
    24 0.513184 -0.495117 0.000699 0.000000 0.000000 0.802658
    25 11.041739 0.003170 -0.000568 0.229314 -0.067384 0.756058
    26 -11.663242 0.094713 0.140656 -0.068591 0.018527 -0.015099
    27 0.610300 -0.939470 0.070347 -1.656002 -0.192344 -0.171146
    28 0.639938 -0.199121 0.060192 -1.665955 -0.131350 -0.066457
    29 0.600155 1.080260 -0.339535 -1.765553 0.208693 -0.048211
    30 0.610207 0.400743 -0.010098 -1.762214 0.054407 0.020005
    31 0.630809 -0.690091 -0.232343 0.180999 0.137416 -0.862193
    32 -0.792125 0.203736 0.461304 1.439074 -0.003453 -0.018305
    33 0.610300 -0.939469 -0.070354 1.655346 0.140067 -0.175508
    34 0.639938 -0.199121 -0.060200 1.666009 0.131431 -0.066278
    35 0.600157 1.080260 0.339531 1.741683 -0.204071 0.076022
    36 0.610205 0.400743 0.010086 1.762004 -0.015356 0.028098
    37 0.629883 -0.689453 0.230347 -1.014704 -0.861531 -0.665916
    38 -0.626031 -0.069982 -0.080517 -1.447153 0.086151 0.021559
    39 2.621377 -0.002532 -0.001438 -0.449885 -0.624489 0.445331
    40 2.660837 0.000397 -0.000071 -0.713517 -0.442832 0.749287
    41 2.202488 0.003364 -0.002863 -0.778323 0.179166 1.020012
    42 0.599950 0.959236 -0.300102 -0.174544 0.000000 0.000000
    43 2.557190 -0.001967 0.002453 -0.639343 -0.152167 0.802010
    44 2.098929 0.000032 -0.002193 -0.601482 -0.137722 0.591364
    45 0.999378 -0.000238 -1.185931 0.000000 0.000000 0.000000
    46 -0.122641 -0.721855 0.661686 -0.486644 0.223964 0.243056
    47 2.619141 0.000142 -0.000401 -0.053005 0.086821 -0.048204
    48 2.657909 0.004593 -0.000533 0.200435 0.214755 1.264756
    49 2.199219 0.000515 -0.000121 0.236759 0.017677 1.474191
    50 0.599949 0.959244 0.300102 0.174544 0.000000 0.000000
    51 2.558594 -0.000149 -0.000030 0.236782 0.177167 1.399644
    52 2.097656 -0.000096 -0.000402 0.124873 -0.418761 0.877099
    53 0.999512 -0.000598 1.493164 0.000000 0.000000 0.946948
    54 0.310848 -0.606446 -0.498005 0.308107 -0.197598 0.313975
    55 1.869163 -0.000835 -0.000994 -0.000007 0.000003 0.624468
    56 1.200941 0.399582 -0.000237 -0.009465 0.016087 0.007127
    57 0.000586 0.100342 -0.000319 -0.120035 -0.021926 -0.209617
    58 -0.161663 0.051712 0.194808 -2.941982 0.122408 -0.060194
    59 2.010090 -0.003202 -0.003377 0.000006 0.000048 1.286048
    60 0.000237 0.099800 -0.000395 -0.018823 0.010833 -0.239219
    61 -0.203197 0.048607 0.069150 -3.093332 0.033217 -0.046722
    62 1.180426 -0.002312 0.000781 -0.000002 0.000036 0.479023
    63 -0.000196 0.099625 -0.000034 0.000000 0.000000 -0.314102
    64 -0.088737 -0.688435 -0.145203 2.930407 -0.136130 0.513013
    65 1.712069 0.000578 -0.000088 0.000011 -0.000021 0.864711
    66 -0.000576 0.100143 -0.000311 -0.010914 0.023131 -0.260843
    67 -0.146027 -0.232426 -0.014225 3.028455 -0.094299 0.113020
    68 1.290634 0.000361 -0.000036 0.000024 0.000000 -0.008680
    69 -0.658119 -0.003576 0.072643 -0.142711 0.027792 -0.077299
    70 1.867188 -0.000058 0.000522 0.000000 0.000000 1.450175
    71 1.200075 0.399942 -0.000093 0.009465 -0.016087 0.007127
    72 0.000589 0.100342 0.000319 0.120035 0.021926 -0.209617
    73 0.068073 0.002283 -0.080050 3.111376 -0.069366 -0.060847
    74 2.007813 -0.000883 -0.000381 0.000047 -0.000039 1.379088
    75 0.000233 0.099800 0.000395 0.018823 -0.010833 -0.239219
    76 -0.018673 -0.001009 0.047544 3.109244 0.002635 -0.106673
    77 1.178665 0.001595 0.000845 0.000000 0.000000 0.743988
    78 -0.000196 0.099628 0.000034 0.000000 0.000000 -0.314102
    79 0.036894 -0.634449 0.266284 -2.801062 0.174301 0.490915
    80 1.708008 0.000721 0.000199 0.000000 0.000000 1.160581
    81 -0.000580 0.100140 0.000311 0.010914 -0.023131 -0.260843
    82 -0.003952 -0.281811 0.115047 -3.059162 0.089004 0.167964
    83 1.290039 0.000363 -0.000045 -0.000058 0.000020 0.672665
    84 -0.171526 -0.018150 -0.099873 0.013484 -0.062184 -0.011781
    85 0.916622 0.003336 0.001326 0.004597 0.002981 0.506571
    86 -0.342617 0.053402 -0.025571 -2.909301 -0.017248 0.075276
    87 1.100231 -0.000928 -0.002434 -0.000003 -0.000034 0.154413
    88 -0.384979 0.331001 0.006848 -3.087207 -0.018765 -0.184278
    89 0.678146 0.002286 0.000002 -0.000006 -0.000007 0.196280
    90 -0.123848 0.072738 0.029507 2.898184 -0.060627 0.094835
    91 1.017166 -0.000154 -0.000252 -0.000035 0.000010 0.752106
    92 -0.344990 0.123129 0.143151 2.994981 0.012396 0.059140
    93 -0.730989 0.177046 0.039141 -0.123731 0.076518 -0.084310
    94 0.918945 0.000403 0.000087 0.000000 0.000000 0.471850
    95 -0.124023 -0.052090 0.038495 3.077813 -0.008519 0.039229
    96 1.099609 0.000007 0.000468 0.000016 0.000059 0.545759
    97 -0.330082 0.160639 0.042780 3.128073 0.034033 -0.171236
    98 0.679199 -0.000816 0.000174 0.000000 0.000000 0.674789
    99 -0.019512 -0.016531 0.038578 -2.763781 0.050305 0.076829
    100 1.019531 -0.000026 -0.000398 0.000015 0.000057 0.497121
    101 -0.155308 0.130644 -0.021921 -3.022466 0.022433 -0.024902
    102 -0.252207 0.061937 -0.024914 -0.007671 -0.063171 -0.044392
    103 -0.085995 0.185205 -0.015180 -2.937063 -0.113970 -0.138991
    104 -0.286533 0.179852 0.024264 -3.109353 -0.049645 -0.029914
    105 -0.019482 0.147083 0.079203 2.893815 0.038585 -0.060594
    106 -0.046482 0.251896 0.129548 3.016165 0.077112 -0.042864
    107 0.039124 -0.040295 0.047739 3.084219 0.030470 -0.037414
    108 -0.233757 0.066630 0.001754 -3.133087 0.040141 -0.065412
    109 0.044266 0.020131 0.001684 -2.778763 -0.118872 -0.040488
    110 0.071495 0.074128 -0.048302 -3.035917 -0.059482 0.104366
    111 0.000000 0.000000 0.000000 0.000000 0.000000 -1.570796
    112 -3.152440 -7.804926 -2.836024 -0.036611 -0.001777 -1.571169
    113 0.000000 0.000000 0.000000 0.000000 0.000000 0.000000
    114 -3.171972 -18.199774 -3.207129 -0.036596 -0.001744 -1.571169
    115 3.096000 0.000000 -1.996000 0.000000 0.000000 0.000000
    116 3.040999 0.000000 1.202000 0.000000 0.000000 0.000000
    117 7.854000 0.000000 -0.042000 0.000000 0.000000 0.000000
    118 13.105999 0.000000 -0.006000 0.000000 0.000000 0.000000
    119 3.456000 0.000000 -1.084000 0.000000 0.000000 0.000000
    120 1.804000 0.000000 -1.025000 0.000000 0.000000 0.000000
    121 7.098000 0.000000 -1.084000 0.000000 0.000000 0.000000
    122 1.868000 1.809000 -1.975000 -2.218557 -0.017126 -0.465710
    123 3.740000 0.000000 1.273000 0.000000 0.000000 0.000000
    124 11.956999 0.000000 -0.006000 0.000000 0.000000 0.000000
    125 6.072001 0.000000 -1.238000 0.000000 0.000000 0.000000
    126 5.690000 -0.365000 0.068000 0.000000 -0.349029 -1.570796
    127 6.396999 0.614000 0.428000 0.000000 0.000000 0.000000
    128 3.040999 0.000000 1.202000 0.000000 0.000000 0.000000
    129 3.720000 0.000000 1.202000 0.000000 0.000000 0.000000
    130 1.086000 -0.661000 -0.149000 1.570713 0.000000 0.000000
    131 1.067000 0.589000 0.076000 0.000000 0.000000 0.000000
    132 0.000000 -0.019000 0.000000 0.000000 0.000000 0.000000
    133 0.000000 -0.019000 0.000000 0.000000 0.000000 0.000000
    134 3.300000 -0.019000 1.346000 0.000000 0.000000 0.000000
    135 -1.524000 -1.859000 -4.367000 -1.730306 -0.014954 0.208139
    136 7.283999 0.000000 -2.195000 0.000000 0.000000 0.000000
    137 -1.323000 0.000000 0.184000 0.000000 0.000000 0.000000
    138 0.082000 0.000000 1.002000 0.000000 0.000000 0.000000
    139 -19.639965 5.449385 -60.724109 0.036565 0.001750 0.000380
    140 0.478000 0.000000 -4.537000 0.000000 0.000000 0.000000
    141 3.436000 0.000000 1.202000 0.000000 0.000000 0.000000
    142 3.040999 0.000000 1.202000 0.000000 0.000000 0.000000
    143 4.657000 0.000000 1.545000 0.000000 0.000000 0.000000
    144 -0.403000 0.000000 -0.011000 0.000000 0.000000 0.000000
    145 1.781000 0.000000 0.873000 0.000000 0.000000 0.000000
    146 0.384000 0.715000 0.801000 0.000000 0.000000 0.000000
    147 1.795000 0.533000 -1.550000 0.000000 0.000000 0.000000
    148 4.435999 0.595000 -0.954000 0.000000 0.000000 0.000000
    149 4.401999 -0.614000 -1.630000 0.000000 0.000000 0.000000
    150 4.203000 -0.003000 -0.048000 0.000000 0.000000 0.000000
    151 5.136000 0.000000 1.534000 0.000000 0.000000 0.000000
    152 11.957001 0.000000 -0.006000 0.000000 0.000000 0.000000
    153 -2.103001 0.000000 0.000000 0.000000 0.000000 0.000000
    154 -0.598001 0.000000 -0.011000 0.000000 0.000000 0.000000
    155 0.496000 0.184000 -3.523000 0.000000 0.000000 0.000000
    156 0.147000 0.184000 -0.328000 0.000000 0.000000 0.000000
    157 0.147000 0.184000 0.023000 0.000000 0.000000 0.000000
    158 0.147000 0.184000 0.368000 0.000000 0.000000 0.000000
    159 0.147000 0.184000 0.717000 0.000000 0.000000 0.000000
    160 0.147000 0.184000 1.067000 0.000000 0.000000 0.000000
    161 0.148000 0.184000 1.414000 0.000000 0.000000 0.000000
    162 0.148000 -0.074000 1.640000 0.000000 0.000000 0.000000
    163 0.435000 0.184000 -3.179000 0.000000 0.000000 0.000000
    164 0.378000 0.184000 -2.826000 0.000000 0.000000 0.000000
    165 0.329000 0.184000 -2.477000 0.000000 0.000000 0.000000
    166 0.286000 0.184000 -2.127000 0.000000 0.000000 0.000000
    167 0.252000 0.184000 -1.775000 0.000000 0.000000 0.000000
    168 0.215000 0.184000 -1.417000 0.000000 0.000000 0.000000
    169 0.190000 0.184000 -1.064000 0.000000 0.000000 0.000000
    170 0.166000 0.184000 -0.714000 0.000000 0.000000 0.000000
    171 1.622000 0.000000 1.568000 0.000000 0.000000 0.000000
    172 2.240000 0.000000 1.568000 0.000000 0.000000 0.000000
    173 0.000000 0.000000 0.000000 0.000000 0.000000 0.000000
    174 0.000000 0.000000 -4.867001 3.141572 -0.003206 -3.128592
    175 1.000088 -0.000029 0.000000 0.000000 0.000000 0.000000
    176 17.162518 -0.000404 0.000000 0.000000 0.000000 0.119213
    177 17.749374 0.295515 0.000000 0.000000 0.000000 -1.158956
    178 5.413528 0.000347 0.000000 0.000000 0.000000 -0.518053
    179 0.017887 0.299792 0.000000 0.000000 0.000000 -0.059581
    180 9.999889 -0.000303 0.000000 0.000000 0.000000 0.000000
    181 0.000000 0.000000 4.867000 3.141572 -0.003206 -3.128592
    182 1.000088 -0.000029 0.000000 0.000000 0.000000 0.000000
    183 12.283573 1.581455 -4.695999 1.462269 -0.086726 0.090185
    184 17.162518 -0.000404 0.000000 0.000000 0.000000 0.119213
    185 17.749374 0.295515 0.000000 0.000000 0.000000 -1.158956
    186 5.413528 0.000347 0.000000 0.000000 0.000000 -0.518053
    187 0.017887 0.299792 0.000000 0.000000 0.000000 -0.059581
    188 9.499836 0.000212 0.000000 0.000000 0.000000 0.000000
    189 -1.145525 0.000130 0.000671 0.000000 0.000000 0.000000
    190 -0.857691 0.104071 0.104687 0.023536 0.163924 0.013632
    191 3.999430 -0.000528 -0.000332 -0.599768 0.000000 0.000000
    192 0.599499 0.400698 0.000236 0.000000 0.000000 0.000000
    193 0.599886 0.400186 -0.000027 0.000000 0.000000 0.000000
    194 2.299677 -2.499979 -0.599480 0.891928 0.221512 -0.527288
    195 1.439189 -0.494086 -2.011729 2.276537 -0.376134 -0.281874
    196 -9.580679 -27.862108 -37.184677 0.812879 -0.123459 -0.568477
    197 0.649935 -0.548296 0.093658 -1.665913 -0.131399 -0.112062
    198 1.899127 0.000427 -0.000439 0.027386 -0.033311 0.477848
    199 0.657078 0.008400 0.040375 -1.665945 -0.131407 -0.000013
    200 1.799664 -0.000240 0.000231 0.027386 -0.033311 0.477848
    201 1.799664 -0.000240 0.000231 0.027386 -0.033311 0.477848
    202 1.799664 -0.000240 0.000231 0.027386 -0.033311 0.477848
    203 0.665774 0.747222 -0.029186 -1.665935 -0.131408 0.094976
    204 1.900306 -0.000137 -0.000517 0.027386 -0.033311 0.477848
    205 4.662004 -5.366334 4.825195 1.569715 1.561305 -3.121216
    206 3.999897 0.000040 0.001007 0.158458 0.000000 0.000000
    207 0.600403 0.399632 -0.000469 0.000000 0.000000 -3.141496
    208 0.599890 0.400186 0.000031 0.000000 0.000000 -3.139640
    209 2.300137 -2.499413 0.600155 -0.892020 -0.221513 -0.527232
    210 12.101563 -3.646484 -1.237305 1.733664 0.203086 0.048277
    211 2.762354 0.116951 1.523975 1.629482 0.064153 1.743800
    212 7.228317 7.928200 -3.925652 2.328713 0.123459 -0.568477
    213 0.650396 -0.547731 -0.092976 1.665913 0.131399 -0.112062
    214 1.899441 -0.000320 -0.000150 -0.027386 0.033311 0.477848
    215 0.657068 0.008398 -0.040379 1.665945 0.131407 -0.000013
    216 1.799659 -0.000233 -0.000233 -0.027386 0.033311 0.477848
    217 1.799659 -0.000233 -0.000233 -0.027386 0.033311 0.477848
    218 1.799659 -0.000233 -0.000233 -0.027386 0.033311 0.477848
    219 0.665778 0.747222 0.029179 1.665935 0.131408 0.094976
    220 1.900722 0.000549 -0.000072 -0.027386 0.033311 0.477848
    221 4.530998 0.000000 0.000000 0.000000 0.000000 0.000000
    222 4.527344 0.000000 0.000000 0.000000 0.000000 0.000000
    223 0.000000 0.000000 0.000000 0.000000 0.000000 0.000000
    224 0.000000 0.000000 0.000000 0.000000 0.000000 0.000000
    225 4.000000 -6.500000 0.000000 0.000000 0.000000 0.000977
    226 -6.500000 0.000000 0.000000 0.000000 1.570795 0.000000
    227 19.211292 -3.171723 8.595145 -0.036611 -0.001777 -0.000373
    228 0.280000 -0.135000 2.196999 1.570796 0.000000 -1.570735
    229 0.000000 0.000000 0.000000 0.000000 0.000000 0.000000
    230 0.000000 0.000000 0.000000 -0.001762 -0.002924 -0.000048
    231 0.106000 0.000000 -64.320000 0.000000 0.000000 0.000000
    232 0.000000 0.000000 0.000000 0.000000 0.000000 0.000000
    233 -0.106000 0.000000 64.320000 0.000000 0.000000 0.000000
    234 0.003042 -0.001328 -64.319374 0.000009 0.000084 -3.141638
    235 -30.813440 -4.484512 4.054811 0.648315 -0.593753 0.164261
    236 1.688000 -0.001000 -1.454002 0.000000 0.000000 0.000000
    237 -1.070999 -0.005000 0.545002 0.000000 0.000000 0.000000
    238 5.895000 0.750997 -0.156000 0.000000 0.000000 0.000000
    239 11.599999 -0.000003 -1.500002 0.000000 0.000000 0.000000
    240 1.037001 1.337997 -4.334000 -2.791227 -0.162411 -0.765711
    241 7.216001 -0.000003 -1.579000 0.000000 0.000000 0.000000
    242 4.445999 -0.000003 -1.500000 0.000000 0.000000 0.000000
    243 0.673937 -0.015635 -4.768713 -3.141592 -1.281051 3.141593
    244 0.094999 -0.144000 0.332001 0.000000 0.000000 0.000000
    245 14.209020 0.000022 0.766988 0.000000 0.000000 0.000000
    246 0.000000 0.000000 0.000000 1.570800 0.000000 -1.570796
  time 28
    0 0.000000 0.000000 0.000000 0.000000 0.000000 -1.570796
    1 -0.106384 0.000000 -0.000198 0.000000 0.000000 0.000000
    2 0.000000 0.000000 0.000000 0.000000 0.000000 0.000000
    3 -0.904000 0.000000 -11.806000 0.000000 0.000000 0.000000
    4 0.000000 0.000000 -14.313999 1.571297 -1.570750 0.000000
    5 3.533001 0.000000 0.000000 0.000000 0.000000 0.000000
    6 6.250000 0.000000 0.000000 0.000000 0.000000 0.000000
    7 9.568951 0.023463 -1.944020 -1.545328 1.187827 -1.547138
    8 9.576763 5.304874 2.061223 -1.573619 -1.032732 1.574594
    9 5.786820 0.002787 -0.000113 -1.111766 0.428119 -1.428619
    10 5.999492 -0.000592 -4.000343 0.000000 0.000000 0.000000
    11 5.787410 0.002582 0.000893 0.997993 -0.722083 -1.837183
    12 5.999492 -0.000592 4.000340 0.000000 0.000000 0.000000
    13 0.500225 0.000133 -0.000084 0.241264 0.000000 0.000000
    14 11.530657 0.000349 -0.001308 -0.000005 0.000009 -1.193500
    15 -0.829338 0.893824 0.079659 -0.148839 0.047645 0.087266
    16 0.500225 0.000132 0.000072 0.016354 0.000000 0.000000
    17 11.532495 0.000526 -0.000093 0.000042 0.000038 -1.605025
    18 -0.829586 0.894698 -0.079468 0.045377 -0.019621 0.087266
    19 10.599886 0.000105 -0.000553 -0.550308 0.000000 0.000000
    20 0.213418 -0.325964 -0.000805 0.000024 -0.000037 0.596355
    21 11.042053 -0.000189 0.000798 -1.098504 0.005509 0.680321
    22 -11.814724 0.424524 -0.297680 0.247998 -0.066121 -0.042695
    23 10.599878 0.000105 0.000549 0.115169 -0.000060 0.000048
    24 0.513184 -0.495117 0.000699 0.000000 0.000000 0.802658
    25 11.041739 0.003170 -0.000568 0.229256 -0.066815 0.757243
    26 -11.663242 0.094713 0.140656 -0.068591 0.018527 -0.015099
    27 0.610300 -0.939470 0.070347 -1.656002 -0.192332 -0.171158
    28 0.639938 -0.199121 0.060192 -1.665955 -0.131350 -0.066457
    29 0.600155 1.080260 -0.339535 -1.765553 0.208693 -0.048211
    30 0.610207 0.400743 -0.010098 -1.762214 0.054419 0.020005
    31 0.630809 -0.690091 -0.232343 0.180999 0.137416 -0.862193
    32 -0.792125 0.203736 0.461304 1.439074 -0.003453 -0.018305
    33 0.610300 -0.939469 -0.070354 1.655346 0.140067 -0.175496
    34 0.639938 -0.199121 -0.060200 1.666009 0.131431 -0.066278
    35 0.600157 1.080260 0.339531 1.741683 -0.204071 0.076022
    36 0.610205 0.400743 0.010086 1.762004 -0.015356 0.028098
    37 0.629883 -0.689453 0.230347 -1.014704 -0.861531 -0.665916
    38 -0.626031 -0.069982 -0.080517 -1.447153 0.086151 0.021559
    39 2.621377 -0.002532 -0.001438 -0.449904 -0.624489 0.445331
    40 2.660837 0.000397 -0.000071 -0.713517 -0.442814 0.749287
    41 2.202488 0.003364 -0.002863 -0.778342 0.179166 1.020012
    42 0.599950 0.959236 -0.300102 -0.174544 0.000000 0.000000
    43 2.557190 -0.001967 0.002453 -0.639343 -0.152167 0.802010
    44 2.098929 0.000032 -0.002193 -0.601482 -0.137722 0.591364
    45 0.999378 -0.000238 -1.185931 0.000000 0.000000 0.000000
    46 -0.122641 -0.721855 0.661686 -0.486644 0.223964 0.243056
    47 2.619141 0.000142 -0.000401 -0.053005 0.086821 -0.048204
    48 2.657909 0.004593 -0.000533 0.200435 0.214755 1.264756
    49 2.199219 0.000515 -0.000121 0.236759 0.017677 1.474191
    50 0.599949 0.959244 0.300102 0.174544 0.000000 0.000000
    51 2.558594 -0.000149 -0.000030 0.236782 0.177167 1.399644
    52 2.097656 -0.000096 -0.000402 0.124873 -0.418761 0.877099
    53 0.999512 -0.000598 1.493164 0.000000 0.000000 0.946948
    54 0.310848 -0.606446 -0.498005 0.308107 -0.197598 0.313975
    55 1.869163 -0.000835 -0.000994 -0.000007 0.000003 0.624411
    56 1.200941 0.399582 -0.000237 -0.009465 0.016087 0.007127
    57 0.000586 0.100342 -0.000319 -0.120035 -0.021926 -0.209617
    58 -0.161663 0.051712 0.194808 -2.941982 0.122408 -0.060194
    59 2.010090 -0.003202 -0.003377 -0.000006 0.000048 1.286048
    60 0.000237 0.099800 -0.000395 -0.018823 0.010833 -0.239219
    61 -0.203197 0.048607 0.069150 -3.093332 0.033217 -0.046722
    62 1.180426 -0.002312 0.000781 -0.000002 0.000036 0.479023
    63 -0.000196 0.099625 -0.000034 0.000000 0.000000 -0.314102
    64 -0.088737 -0.688435 -0.145203 2.930407 -0.136130 0.513013
    65 1.712069 0.000578 -0.000088 -0.000001 0.000003 0.864761
    66 -0.000576 0.100143 -0.000311 -0.010914 0.023131 -0.260843
    67 -0.146027 -0.232426 -0.014225 3.028455 -0.094299 0.113020
    68 1.290634 0.000361 -0.000036 0.000012 0.000000 -0.008680
    69 -0.658119 -0.003576 0.072643 -0.142711 0.027792 -0.077299
    70 1.867188 -0.000058 0.000522 0.000000 0.000000 1.450175
    71 1.200075 0.399942 -0.000093 0.009465 -0.016087 0.007127
    72 0.000589 0.100342 0.000319 0.120035 0.021926 -0.209617
    73 0.068073 0.002283 -0.080050 3.111376 -0.069366 -0.060847
    74 2.007813 -0.000883 -0.000381 0.000047 -0.000039 1.379088
    75 0.000233 0.099800 0.000395 0.018823 -0.010833 -0.239219
    76 -0.018673 -0.001009 0.047544 3.109244 0.002635 -0.106673
    77 1.178665 0.001595 0.000845 0.000000 0.000000 0.743988
    78 -0.000196 0.099628 0.000034 0.000000 0.000000 -0.314102
    79 0.036894 -0.634449 0.266284 -2.801062 0.174301 0.490915
    80 1.708008 0.000721 0.000199 0.000000 0.000000 1.160581
    81 -0.000580 0.100140 0.000311 0.010914 -0.023131 -0.260843
    82 -0.003952 -0.281811 0.115047 -3.059162 0.089004 0.167964
    83 1.290039 0.000363 -0.000045 -0.000058 0.000020 0.672665
    84 -0.171526 -0.018150 -0.099873 0.013484 -0.062184 -0.011781
    85 0.916622 0.003336 0.001326 0.004585 0.002981 0.506571
    86 -0.342617 0.053402 -0.025571 -2.909301 -0.017248 0.075276
    87 1.100231 -0.000928 -0.002434 0.000009 -0.000022 0.154413
    88 -0.384979 0.331001 0.006848 -3.087207 -0.018765 -0.184278
    89 0.678146 0.002286 0.000002 -0.000006 -0.000007 0.196337
    90 -0.123848 0.072738 0.029507 2.898184 -0.060627 0.094835
    91 1.017166 -0.000154 -0.000252 -0.000035 0.000010 0.752154
    92 -0.344990 0.123129 0.143151 2.994981 0.012396 0.059140
    93 -0.730989 0.177046 0.039141 -0.123731 0.076518 -0.084310
    94 0.918945 0.000403 0.000087 0.000000 0.000000 0.471850
    95 -0.124023 -0.052090 0.038495 3.077813 -0.008519 0.039229
    96 1.099609 0.000007 0.000468 0.000016 0.000059 0.545759
    97 -0.330082 0.160639 0.042780 3.128073 0.034033 -0.171236
    98 0.679199 -0.000816 0.000174 0.000000 0.000000 0.674789
    99 -0.019512 -0.016531 0.038578 -2.763781 0.050305 0.076829
    100 1.019531 -0.000026 -0.000398 0.000015 0.000057 0.497121
    101 -0.155308 0.130644 -0.021921 -3.022466 0.022433 -0.024902
    102 -0.252207 0.061937 -0.024914 -0.007671 -0.063171 -0.044392
    103 -0.085995 0.185205 -0.015180 -2.937063 -0.113970 -0.138991
    104 -0.286533 0.179852 0.024264 -3.109353 -0.049645 -0.029914
    105 -0.019482 0.147083 0.079203 2.893815 0.038585 -0.060594
    106 -0.046482 0.251896 0.129548 3.016165 0.077112 -0.042864
    107 0.039124 -0.040295 0.047739 3.084219 0.030470 -0.037414
    108 -0.233757 0.066630 0.001754 -3.133087 0.040141 -0.065412
    109 0.044266 0.020131 0.001684 -2.778763 -0.118872 -0.040488
    110 0.071495 0.074128 -0.048302 -3.035917 -0.059482 0.104366
    111 0.000000 0.000000 0.000000 0.000000 0.000000 -1.570796
    112 -3.160253 -7.808832 -2.843837 -0.030844 -0.001377 -1.571169
    113 0.000000 0.000000 0.000000 0.000000 0.000000 0.000000
    114 -3.175878 -18.203681 -3.218848 -0.030881 -0.001386 -1.571169
    115 3.096000 0.000000 -1.996000 0.000000 0.000000 0.000000
    116 3.040999 0.000000 1.202000 0.000000 0.000000 0.000000
    117 7.854000 0.000000 -0.042000 0.000000 0.000000 0.000000
    118 13.105999 0.000000 -0.006000 0.000000 0.000000 0.000000
    119 3.456000 0.000000 -1.084000 0.000000 0.000000 0.000000
    120 1.804000 0.000000 -1.025000 0.000000 0.000000 0.000000
    121 7.098000 0.000000 -1.084000 0.000000 0.000000 0.000000
    122 1.868000 1.809000 -1.975000 -2.218518 -0.017126 -0.465710
    123 3.740000 0.000000 1.273000 0.000000 0.000000 0.000000
    124 11.956999 0.000000 -0.006000 0.000000 0.000000 0.000000
    125 6.072001 0.000000 -1.238000 0.000000 0.000000 0.000000
    126 5.690000 -0.365000 0.068000 0.000000 -0.349029 -1.570796
    127 6.396999 0.614000 0.428000 0.000000 0.000000 0.000000
    128 3.040999 0.000000 1.202000 0.000000 0.000000 0.000000
    129 3.720000 0.000000 1.202000 0.000000 0.000000 0.000000
    130 1.086000 -0.661000 -0.149000 1.570713 0.000000 0.000000
    131 1.067000 0.589000 0.076000 0.000000 0.000000 0.000000
    132 0.000000 -0.019000 0.000000 0.000000 0.000000 0.000000
    133 0.000000 -0.019000 0.000000 0.000000 0.000000 0.000000
    134 3.300000 -0.019000 1.346000 0.000000 0.000000 0.000000
    135 -1.524000 -1.859000 -4.367000 -1.730306 -0.014954 0.208139
    136 7.283999 0.000000 -2.195000 0.000000 0.000000 0.000000
    137 -1.323000 0.000000 0.184000 0.000000 0.000000 0.000000
    138 0.082000 0.000000 1.002000 0.000000 0.000000 0.000000
    139 -19.616527 5.117344 -60.747547 0.030866 0.001371 0.000380
    140 0.478000 0.000000 -4.537000 0.000000 0.000000 0.000000
    141 3.436000 0.000000 1.202000 0.000000 0.000000 0.000000
    142 3.040999 0.000000 1.202000 0.000000 0.000000 0.000000
    143 4.657000 0.000000 1.545000 0.000000 0.000000 0.000000
    144 -0.403000 0.000000 -0.011000 0.000000 0.000000 0.000000
    145 1.781000 0.000000 0.873000 0.000000 0.000000 0.000000
    146 0.384000 0.715000 0.801000 0.000000 0.000000 0.000000
    147 1.795000 0.533000 -1.550000 0.000000 0.000000 0.000000
    148 4.435999 0.595000 -0.954000 0.000000 0.000000 0.000000
    149 4.401999 -0.614000 -1.630000 0.000000 0.000000 0.000000
    150 4.203000 -0.003000 -0.048000 0.000000 0.000000 0.000000
    151 5.136000 0.000000 1.534000 0.000000 0.000000 0.000000
    152 11.957001 0.000000 -0.006000 0.000000 0.000000 0.000000
    153 -2.103001 0.000000 0.000000 0.000000 0.000000 0.000000
    154 -0.598001 0.000000 -0.011000 0.000000 0.000000 0.000000
    155 0.496000 0.184000 -3.523000 0.000000 0.000000 0.000000
    156 0.147000 0.184000 -0.328000 0.000000 0.000000 0.000000
    157 0.147000 0.184000 0.023000 0.000000 0.000000 0.000000
    158 0.147000 0.184000 0.368000 0.000000 0.000000 0.000000
    159 0.147000 0.184000 0.717000 0.000000 0.000000 0.000000
    160 0.147000 0.184000 1.067000 0.000000 0.000000 0.000000
    161 0.148000 0.184000 1.414000 0.000000 0.000000 0.000000
    162 0.148000 -0.074000 1.640000 0.000000 0.000000 0.000000
    163 0.435000 0.184000 -3.179000 0.000000 0.000000 0.000000
    164 0.378000 0.184000 -2.826000 0.000000 0.000000 0.000000
    165 0.329000 0.184000 -2.477000 0.000000 0.000000 0.000000
    166 0.286000 0.184000 -2.127000 0.000000 0.000000 0.000000
    167 0.252000 0.184000 -1.775000 0.000000 0.000000 0.000000
    168 0.215000 0.184000 -1.417000 0.000000 0.000000 0.000000
    169 0.190000 0.184000 -1.064000 0.000000 0.000000 0.000000
    170 0.166000 0.184000 -0.714000 0.000000 0.000000 0.000000
    171 1.622000 0.000000 1.568000 0.000000 0.000000 0.000000
    172 2.240000 0.000000 1.568000 0.000000 0.000000 0.000000
    173 0.000000 0.000000 0.000000 0.000000 0.000000 0.000000
    174 0.000000 0.000000 -4.867001 3.141572 -0.003206 -3.128592
    175 1.000088 -0.000029 0.000000 0.000000 0.000000 0.000000
    176 17.162518 -0.000404 0.000000 0.000000 0.000000 0.119213
    177 17.749374 0.295515 0.000000 0.000000 0.000000 -1.158956
    178 5.413528 0.000347 0.000000 0.000000 0.000000 -0.518053
    179 0.017887 0.299792 0.000000 0.000000 0.000000 -0.059581
    180 9.999889 -0.000303 0.000000 0.000000 0.000000 0.000000
    181 0.000000 0.000000 4.867000 3.141572 -0.003206 -3.128592
    182 1.000088 -0.000029 0.000000 0.000000 0.000000 0.000000
    183 12.283573 1.581455 -4.695999 1.462269 -0.086726 0.090185
    184 17.162518 -0.000404 0.000000 0.000000 0.000000 0.119213
    185 17.749374 0.295515 0.000000 0.000000 0.000000 -1.158956
    186 5.413528 0.000347 0.000000 0.000000 0.000000 -0.518053
    187 0.017887 0.299792 0.000000 0.000000 0.000000 -0.059581
    188 9.499836 0.000212 0.000000 0.000000 0.000000 0.000000
    189 -1.145525 0.000130 0.000671 0.000000 0.000000 0.000000
    190 -0.857691 0.104071 0.104687 0.023536 0.163924 0.013632
    191 3.999430 -0.000528 -0.000332 -0.600370 0.000000 0.000000
    192 0.599499 0.400698 0.000236 0.000000 0.000000 0.000000
    193 0.599886 0.400186 -0.000027 0.000000 0.000000 0.000000
    194 2.299677 -2.499979 -0.599480 0.891928 0.221512 -0.527288
    195 1.439189 -0.494086 -2.011729 2.276537 -0.376134 -0.281874
    196 -9.580679 -27.862108 -37.184677 0.812879 -0.123459 -0.568477
    197 0.649935 -0.548296 0.093658 -1.665913 -0.131399 -0.112062
    198 1.899127 0.000427 -0.000439 0.027386 -0.033311 0.477848
    199 0.657078 0.008400 0.040375 -1.665945 -0.131407 -0.000013
    200 1.799664 -0.000240 0.000231 0.027386 -0.033311 0.477848
    201 1.799664 -0.000240 0.000231 0.027386 -0.033311 0.477848
    202 1.799664 -0.000240 0.000231 0.027386 -0.033311 0.477848
    203 0.665774 0.747222 -0.029186 -1.665935 -0.131408 0.094976
    204 1.900306 -0.000137 -0.000517 0.027386 -0.033311 0.477848
    205 4.662004 -5.366334 4.825195 1.569715 1.561305 -3.121216
    206 3.999897 0.000040 0.001007 0.157890 0.000000 0.000000
    207 0.600403 0.399632 -0.000469 0.000000 0.000000 -3.141496
    208 0.599890 0.400186 0.000031 0.000000 0.000000 -3.139640
    209 2.300137 -2.499413 0.600155 -0.892020 -0.221513 -0.527232
    210 12.101563 -3.646484 -1.237305 1.733664 0.203086 0.048277
    211 2.762354 0.116951 1.523975 1.629482 0.064153 1.743800
    212 7.228317 7.928200 -3.925652 2.328713 0.123459 -0.568477
    213 0.650396 -0.547731 -0.092976 1.665913 0.131399 -0.112062
    214 1.899441 -0.000320 -0.000150 -0.027386 0.033311 0.477848
    215 0.657068 0.008398 -0.040379 1.665945 0.131407 -0.000013
    216 1.799659 -0.000233 -0.000233 -0.027386 0.033311 0.477848
    217 1.799659 -0.000233 -0.000233 -0.027386 0.033311 0.477848
    218 1.799659 -0.000233 -0.000233 -0.027386 0.033311 0.477848
    219 0.665778 0.747222 0.029179 1.665935 0.131408 0.094976
    220 1.900722 0.000549 -0.000072 -0.027386 0.033311 0.477848
    221 4.530998 0.000000 0.000000 0.000000 0.000000 0.000000
    222 4.527344 0.000000 0.000000 0.000000 0.000000 0.000000
    223 0.000000 0.000000 0.000000 0.000000 0.000000 0.000000
    224 0.000000 0.000000 0.000000 0.000000 0.000000 0.000000
    225 4.000000 -6.500000 0.000000 0.000000 0.000000 0.000977
    226 -6.500000 0.000000 0.000000 0.000000 1.570795 0.000000
    227 19.215198 -3.175629 8.583426 -0.030844 -0.001377 -0.000373
    228 0.280000 -0.135000 2.196999 1.570796 0.000000 -1.570735
    229 0.000000 0.000000 0.000000 0.000000 0.000000 0.000000
    230 0.000000 0.000000 0.000000 -0.001174 -0.001942 0.000000
    231 0.106000 0.000000 -64.320000 0.000000 0.000000 0.000000
    232 0.000000 0.000000 0.000000 0.000000 0.000000 0.000000
    233 -0.106000 0.000000 64.320000 0.000000 0.000000 0.000000
    234 0.003042 -0.001328 -64.319374 0.000009 0.000084 -3.141638
    235 -30.813440 -4.484512 4.054811 0.648315 -0.593753 0.164261
    236 1.688000 -0.001000 -1.454002 0.000000 0.000000 0.000000
    237 -1.070999 -0.005000 0.545002 0.000000 0.000000 0.000000
    238 5.895000 0.750997 -0.156000 0.000000 0.000000 0.000000
    239 11.599999 -0.000003 -1.500002 0.000000 0.000000 0.000000
    240 1.037001 1.337997 -4.334000 -2.791227 -0.162411 -0.765711
    241 7.216001 -0.000003 -1.579000 0.000000 0.000000 0.000000
    242 4.445999 -0.000003 -1.500000 0.000000 0.000000 0.000000
    243 0.673937 -0.015635 -4.768713 -3.141592 -1.281051 3.141593
    244 0.094999 -0.144000 0.332001 0.000000 0.000000 0.000000
    245 14.209020 0.000022 0.766988 0.000000 0.000000 0.000000
    246 0.000000 0.000000 0.000000 1.570800 0.000000 -1.570796
  time 29
    0 0.000000 0.000000 0.000000 0.000000 0.000000 -1.570796
    1 -0.106384 0.000000 -0.000198 0.000000 0.000000 0.000000
    2 0.000000 0.000000 0.000000 0.000000 0.000000 0.000000
    3 -0.904000 0.000000 -11.806000 0.000000 0.000000 0.000000
    4 0.000000 0.000000 -14.313999 1.571297 -1.570750 0.000000
    5 3.533001 0.000000 0.000000 0.000000 0.000000 0.000000
    6 6.250000 0.000000 0.000000 0.000000 0.000000 0.000000
    7 9.568951 -0.019507 -1.944020 -1.545328 1.187827 -1.547138
    8 9.572857 5.304874 2.057317 -1.566437 -1.032877 1.567985
    9 5.786820 0.002787 -0.000113 -1.108611 0.430775 -1.427696
    10 5.999492 -0.000592 -4.000343 0.000000 0.000000 0.000000
    11 5.787410 0.002582 0.000893 0.998970 -0.722365 -1.836277
    12 5.999492 -0.000592 4.000340 0.000000 0.000000 0.000000
    13 0.500225 0.000133 -0.000084 0.240763 0.000000 0.000000
    14 11.530657 0.000349 -0.001308 -0.000005 0.000009 -1.199101
    15 -0.829338 0.893824 0.079659 -0.148839 0.047645 0.087266
    16 0.500225 0.000132 0.000072 0.016288 0.000000 0.000000
    17 11.532495 0.000526 -0.000093 0.000042 0.000038 -1.605349
    18 -0.829586 0.894698 -0.079468 0.045377 -0.019621 0.087266
    19 10.599886 0.000105 -0.000553 -0.552022 0.000000 0.000000
    20 0.221231 -0.329870 -0.000805 0.000048 -0.000073 0.599599
    21 11.042053 -0.000189 0.000798 -1.104622 0.002961 0.681919
    22 -11.814724 0.424524 -0.297680 0.247998 -0.066121 -0.042695
    23 10.599878 0.000105 0.000549 0.114645 -0.000060 0.000048
    24 0.513184 -0.495117 0.000699 0.000000 0.000000 0.802658
    25 11.041739 0.003170 -0.000568 0.227916 -0.068304 0.757173
    26 -11.663242 0.094713 0.140656 -0.068591 0.018527 -0.015099
    27 0.610300 -0.939470 0.070347 -1.656002 -0.192308 -0.171158
    28 0.639938 -0.199121 0.060192 -1.665955 -0.131350 -0.066457
    29 0.600155 1.080260 -0.339535 -1.765553 0.208693 -0.048223
    30 0.610207 0.400743 -0.010098 -1.762214 0.054443 0.020017
    31 0.630809 -0.690091 -0.232343 0.180999 0.137416 -0.862230
    32 -0.792125 0.203736 0.461304 1.439074 -0.003453 -0.018305
    33 0.610300 -0.939469 -0.070354 1.655346 0.140067 -0.175496
    34 0.639938 -0.199121 -0.060200 1.666009 0.131431 -0.066278
    35 0.600157 1.080260 0.339531 1.741683 -0.204071 0.076022
    36 0.610205 0.400743 0.010086 1.762004 -0.015356 0.028098
    37 0.629883 -0.689453 0.230347 -1.014704 -0.861531 -0.665916
    38 -0.626031 -0.069982 -0.080517 -1.447153 0.086151 0.021559
    39 2.621377 -0.002532 -0.001438 -0.449904 -0.624489 0.445371
    40 2.660837 0.000397 -0.000071 -0.713517 -0.442814 0.749287
    41 2.202488 0.003364 -0.002863 -0.778342 0.179166 1.020012
    42 0.599950 0.959236 -0.300102 -0.174544 0.000000 0.000000
    43 2.557190 -0.001967 0.002453 -0.639343 -0.152167 0.802010
    44 2.098929 0.000032 -0.002193 -0.601482 -0.137722 0.591364
    45 0.999378 -0.000238 -1.185931 0.000000 0.000000 0.000000
    46 -0.122641 -0.721855 0.661686 -0.486644 0.223964 0.243056
    47 2.619141 0.000142 -0.000401 -0.053005 0.086821 -0.048204
    48 2.657909 0.004593 -0.000533 0.200435 0.214755 1.264756
    49 2.199219 0.000515 -0.000121 0.236759 0.017677 1.474191
    50 0.599949 0.959244 0.300102 0.174544 0.000000 0.000000
    51 2.558594 -0.000149 -0.000030 0.236782 0.177167 1.399644
    52 2.097656 -0.000096 -0.000402 0.124873 -0.418761 0.877099
    53 0.999512 -0.000598 1.493164 0.000000 0.000000 0.946948
    54 0.310848 -0.606446 -0.498005 0.308107 -0.197598 0.313975
    55 1.869163 -0.000835 -0.000994 -0.000007 0.000003 0.624411
    56 1.200941 0.399582 -0.000237 -0.009465 0.016087 0.007127
    57 0.000586 0.100342 -0.000319 -0.120035 -0.021926 -0.209617
    58 -0.161663 0.051712 0.194808 -2.941982 0.122408 -0.060194
    59 2.010090 -0.003202 -0.003377 -0.000018 0.000048 1.286048
    60 0.000237 0.099800 -0.000395 -0.018823 0.010833 -0.239219
    61 -0.203197 0.048607 0.069150 -3.093332 0.033217 -0.046722
    62 1.180426 -0.002312 0.000781 -0.000002 0.000048 0.478990
    63 -0.000196 0.099625 -0.000034 0.000000 0.000000 -0.314102
    64 -0.088737 -0.688435 -0.145203 2.930407 -0.136130 0.513013
    65 1.712069 0.000578 -0.000088 -0.000001 0.000027 0.864761
    66 -0.000576 0.100143 -0.000311 -0.010914 0.023131 -0.260843
    67 -0.146027 -0.232426 -0.014225 3.028455 -0.094299 0.113020
    68 1.290634 0.000361 -0.000036 0.000012 0.000000 -0.008680
    69 -0.658119 -0.003576 0.072643 -0.142711 0.027792 -0.077299
    70 1.867188 -0.000058 0.000522 0.000000 0.000000 1.450175
    71 1.200075 0.399942 -0.000093 0.009465 -0.016087 0.007127
    72 0.000589 0.100342 0.000319 0.120035 0.021926 -0.209617
    73 0.068073 0.002283 -0.080050 3.111376 -0.069366 -0.060847
    74 2.007813 -0.000883 -0.000381 0.000047 -0.000039 1.379088
    75 0.000233 0.099800 0.000395 0.018823 -0.010833 -0.239219
    76 -0.018673 -0.001009 0.047544 3.109244 0.002635 -0.106673
    77 1.178665 0.001595 0.000845 0.000000 0.000000 0.743988
    78 -0.000196 0.099628 0.000034 0.000000 0.000000 -0.314102
    79 0.036894 -0.634449 0.266284 -2.801062 0.174301 0.490915
    80 1.708008 0.000721 0.000199 0.000000 0.000000 1.160581
    81 -0.000580 0.100140 0.000311 0.010914 -0.023131 -0.260843
    82 -0.003952 -0.281811 0.115047 -3.059162 0.089004 0.167964
    83 1.290039 0.000363 -0.000045 -0.000058 0.000020 0.672665
    84 -0.171526 -0.018150 -0.099873 0.013484 -0.062184 -0.011781
    85 0.916622 0.003336 0.001326 0.004573 0.002981 0.506571
    86 -0.342617 0.053402 -0.025571 -2.909301 -0.017248 0.075276
    87 1.100231 -0.000928 -0.002434 0.000009 -0.000010 0.154413
    88 -0.384979 0.331001 0.006848 -3.087207 -0.018765 -0.184278
    89 0.678146 0.002286 0.000002 -0.000006 -0.000007 0.196337
    90 -0.123848 0.072738 0.029507 2.898184 -0.060627 0.094835
    91 1.017166 -0.000154 -0.000252 -0.000023 -0.000002 0.752154
    92 -0.344990 0.123129 0.143151 2.994981 0.012396 0.059140
    93 -0.730989 0.177046 0.039141 -0.123731 0.076518 -0.084310
    94 0.918945 0.000403 0.000087 0.000000 0.000000 0.471850
    95 -0.124023 -0.052090 0.038495 3.077813 -0.008519 0.039229
    96 1.099609 0.000007 0.000468 0.000016 0.000059 0.545759
    97 -0.330082 0.160639 0.042780 3.128073 0.034033 -0.171236
    98 0.679199 -0.000816 0.000174 0.000000 0.000000 0.674789
    99 -0.019512 -0.016531 0.038578 -2.763781 0.050305 0.076829
    100 1.019531 -0.000026 -0.000398 0.000015 0.000057 0.497121
    101 -0.155308 0.130644 -0.021921 -3.022466 0.022433 -0.024902
    102 -0.252207 0.061937 -0.024914 -0.007671 -0.063171 -0.044392
    103 -0.085995 0.185205 -0.015180 -2.937063 -0.113970 -0.138991
    104 -0.286533 0.179852 0.024264 -3.109353 -0.049645 -0.029914
    105 -0.019482 0.147083 0.079203 2.893815 0.038585 -0.060594
    106 -0.046482 0.251896 0.129548 3.016165 0.077112 -0.042864
    107 0.039124 -0.040295 0.047739 3.084219 0.030470 -0.037414
    108 -0.233757 0.066630 0.001754 -3.133087 0.040141 -0.065412
    109 0.044266 0.020131 0.001684 -2.778763 -0.118872 -0.040488
    110 0.071495 0.074128 -0.048302 -3.035917 -0.059482 0.104366
    111 0.000000 0.000000 0.000000 0.000000 0.000000 -1.570796
    112 -3.164159 -7.808832 -2.851650 -0.035126 -0.000933 -1.570983
    113 0.000000 0.000000 0.000000 0.000000 0.000000 0.000000
    114 -3.179785 -18.203681 -3.230567 -0.035121 -0.000939 -1.570983
    115 3.096000 0.000000 -1.996000 0.000000 0.000000 0.000000
    116 3.040999 0.000000 1.202000 0.000000 0.000000 0.000000
    117 7.854000 0.000000 -0.042000 0.000000 0.000000 0.000000
    118 13.105999 0.000000 -0.006000 0.000000 0.000000 0.000000
    119 3.456000 0.000000 -1.084000 0.000000 0.000000 0.000000
    120 1.804000 0.000000 -1.025000 0.000000 0.000000 0.000000
    121 7.098000 0.000000 -1.084000 0.000000 0.000000 0.000000
    122 1.868000 1.809000 -1.975000 -2.218518 -0.017148 -0.465710
    123 3.740000 0.000000 1.273000 0.000000 0.000000 0.000000
    124 11.956999 0.000000 -0.006000 0.000000 0.000000 0.000000
    125 6.072001 0.000000 -1.238000 0.000000 0.000000 0.000000
    126 5.690000 -0.365000 0.068000 0.000000 -0.349029 -1.570796
    127 6.396999 0.614000 0.428000 0.000000 0.000000 0.000000
    128 3.040999 0.000000 1.202000 0.000000 0.000000 0.000000
    129 3.720000 0.000000 1.202000 0.000000 0.000000 0.000000
    130 1.086000 -0.661000 -0.149000 1.570713 0.000000 0.000000
    131 1.067000 0.589000 0.076000 0.000000 0.000000 0.000000
    132 0.000000 -0.019000 0.000000 0.000000 0.000000 0.000000
    133 0.000000 -0.019000 0.000000 0.000000 0.000000 0.000000
    134 3.300000 -0.019000 1.346000 0.000000 0.000000 0.000000
    135 -1.524000 -1.859000 -4.367000 -1.730306 -0.014954 0.208139
    136 7.283999 0.000000 -2.195000 0.000000 0.000000 0.000000
    137 -1.323000 0.000000 0.184000 0.000000 0.000000 0.000000
    138 0.082000 0.000000 1.002000 0.000000 0.000000 0.000000
    139 -19.585276 5.343913 -60.735828 0.035045 0.000898 0.000285
    140 0.478000 0.000000 -4.537000 0.000000 0.000000 0.000000
    141 3.436000 0.000000 1.202000 0.000000 0.000000 0.000000
    142 3.040999 0.000000 1.202000 0.000000 0.000000 0.000000
    143 4.657000 0.000000 1.545000 0.000000 0.000000 0.000000
    144 -0.403000 0.000000 -0.011000 0.000000 0.000000 0.000000
    145 1.781000 0.000000 0.873000 0.000000 0.000000 0.000000
    146 0.384000 0.715000 0.801000 0.000000 0.000000 0.000000
    147 1.795000 0.533000 -1.550000 0.000000 0.000000 0.000000
    148 4.435999 0.595000 -0.954000 0.000000 0.000000 0.000000
    149 4.401999 -0.614000 -1.630000 0.000000 0.000000 0.000000
    150 4.203000 -0.003000 -0.048000 0.000000 0.000000 0.000000
    151 5.136000 0.000000 1.534000 0.000000 0.000000 0.000000
    152 11.957001 0.000000 -0.006000 0.000000 0.000000 0.000000
    153 -2.103001 0.000000 0.000000 0.000000 0.000000 0.000000
    154 -0.598001 0.000000 -0.011000 0.000000 0.000000 0.000000
    155 0.496000 0.184000 -3.523000 0.000000 0.000000 0.000000
    156 0.147000 0.184000 -0.328000 0.000000 0.000000 0.000000
    157 0.147000 0.184000 0.023000 0.000000 0.000000 0.000000
    158 0.147000 0.184000 0.368000 0.000000 0.000000 0.000000
    159 0.147000 0.184000 0.717000 0.000000 0.000000 0.000000
    160 0.147000 0.184000 1.067000 0.000000 0.000000 0.000000
    161 0.148000 0.184000 1.414000 0.000000 0.000000 0.000000
    162 0.148000 -0.074000 1.640000 0.000000 0.000000 0.000000
    163 0.435000 0.184000 -3.179000 0.000000 0.000000 0.000000
    164 0.378000 0.184000 -2.826000 0.000000 0.000000 0.000000
    165 0.329000 0.184000 -2.477000 0.000000 0.000000 0.000000
    166 0.286000 0.184000 -2.127000 0.000000 0.000000 0.000000
    167 0.252000 0.184000 -1.775000 0.000000 0.000000 0.000000
    168 0.215000 0.184000 -1.417000 0.000000 0.000000 0.000000
    169 0.190000 0.184000 -1.064000 0.000000 0.000000 0.000000
    170 0.166000 0.184000 -0.714000 0.000000 0.000000 0.000000
    171 1.622000 0.000000 1.568000 0.000000 0.000000 0.000000
    172 2.240000 0.000000 1.568000 0.000000 0.000000 0.000000
    173 0.000000 0.000000 0.000000 0.000000 0.000000 0.000000
    174 0.000000 0.000000 -4.867001 3.141572 -0.003206 -3.128592
    175 1.000088 -0.000029 0.000000 0.000000 0.000000 0.000000
    176 17.162518 -0.000404 0.000000 0.000000 0.000000 0.119213
    177 17.749374 0.295515 0.000000 0.000000 0.000000 -1.158956
    178 5.413528 0.000347 0.000000 0.000000 0.000000 -0.518053
    179 0.017887 0.299792 0.000000 0.000000 0.000000 -0.059581
    180 9.999889 -0.000303 0.000000 0.000000 0.000000 0.000000
    181 0.000000 0.000000 4.867000 3.141572 -0.003206 -3.128592
    182 1.000088 -0.000029 0.000000 0.000000 0.000000 0.000000
    183 12.283573 1.581455 -4.695999 1.462269 -0.086726 0.090185
    184 17.162518 -0.000404 0.000000 0.000000 0.000000 0.119213
    185 17.749374 0.295515 0.000000 0.000000 0.000000 -1.158956
    186 5.413528 0.000347 0.000000 0.000000 0.000000 -0.518053
    187 0.017887 0.299792 0.000000 0.000000 0.000000 -0.059581
    188 9.499836 0.000212 0.000000 0.000000 0.000000 0.000000
    189 -1.145525 0.000130 0.000671 0.000000 0.000000 0.000000
    190 -0.857691 0.104071 0.104687 0.023536 0.163924 0.013632
    191 3.999430 -0.000528 -0.000332 -0.600939 0.000000 0.000000
    192 0.599499 0.400698 0.000236 0.000000 0.000000 0.000000
    193 0.599886 0.400186 -0.000027 0.000000 0.000000 0.000000
    194 2.299677 -2.499979 -0.599480 0.891928 0.221512 -0.527288
    195 1.439189 -0.494086 -2.011729 2.276537 -0.376134 -0.281874
    196 -9.580679 -27.862108 -37.184677 0.812879 -0.123459 -0.568477
    197 0.649935 -0.548296 0.093658 -1.665913 -0.131399 -0.112062
    198 1.899127 0.000427 -0.000439 0.027386 -0.033311 0.477848
    199 0.657078 0.008400 0.040375 -1.665945 -0.131407 -0.000013
    200 1.799664 -0.000240 0.000231 0.027386 -0.033311 0.477848
    201 1.799664 -0.000240 0.000231 0.027386 -0.033311 0.477848
    202 1.799664 -0.000240 0.000231 0.027386 -0.033311 0.477848
    203 0.665774 0.747222 -0.029186 -1.665935 -0.131408 0.094976
    204 1.900306 -0.000137 -0.000517 0.027386 -0.033311 0.477848
    205 4.662004 -5.366334 4.825195 1.569715 1.561305 -3.121216
    206 3.999897 0.000040 0.001007 0.157322 0.000000 0.000000
    207 0.600403 0.399632 -0.000469 0.000000 0.000000 -3.141496
    208 0.599890 0.400186 0.000031 0.000000 0.000000 -3.139640
    209 2.300137 -2.499413 0.600155 -0.892020 -0.221513 -0.527232
    210 12.101563 -3.646484 -1.237305 1.733664 0.203086 0.048277
    211 2.762354 0.116951 1.523975 1.629482 0.064153 1.743800
    212 7.228317 7.928200 -3.925652 2.328713 0.123459 -0.568477
    213 0.650396 -0.547731 -0.092976 1.665913 0.131399 -0.112062
    214 1.899441 -0.000320 -0.000150 -0.027386 0.033311 0.477848
    215 0.657068 0.008398 -0.040379 1.665945 0.131407 -0.000013
    216 1.799659 -0.000233 -0.000233 -0.027386 0.033311 0.477848
    217 1.799659 -0.000233 -0.000233 -0.027386 0.033311 0.477848
    218 1.799659 -0.000233 -0.000233 -0.027386 0.033311 0.477848
    219 0.665778 0.747222 0.029179 1.665935 0.131408 0.094976
    220 1.900722 0.000549 -0.000072 -0.027386 0.033311 0.477848
    221 4.530998 0.000000 0.000000 0.000000 0.000000 0.000000
    222 4.527344 0.000000 0.000000 0.000000 0.000000 0.000000
    223 0.000000 0.000000 0.000000 0.000000 0.000000 0.000000
    224 0.000000 0.000000 0.000000 0.000000 0.000000 0.000000
    225 4.000000 -6.500000 0.000000 0.000000 0.000000 0.000977
    226 -6.500000 0.000000 0.000000 0.000000 1.570795 0.000000
    227 19.215198 -3.179536 8.571707 -0.035126 -0.000933 -0.000186
    228 0.280000 -0.135000 2.196999 1.570796 0.000000 -1.570735
    229 0.000000 0.000000 0.000000 0.000000 0.000000 0.000000
    230 0.000000 0.000000 0.000000 -0.000587 -0.000971 0.000060
    231 0.106000 0.000000 -64.320000 0.000000 0.000000 0.000000
    232 0.000000 0.000000 0.000000 0.000000 0.000000 0.000000
    233 -0.106000 0.000000 64.320000 0.000000 0.000000 0.000000
    234 0.003042 -0.001328 -64.319374 0.000009 0.000084 -3.141638
    235 -30.813440 -4.484512 4.054811 0.648315 -0.593753 0.164261
    236 1.688000 -0.001000 -1.454002 0.000000 0.000000 0.000000
    237 -1.070999 -0.005000 0.545002 0.000000 0.000000 0.000000
    238 5.895000 0.750997 -0.156000 0.000000 0.000000 0.000000
    239 11.599999 -0.000003 -1.500002 0.000000 0.000000 0.000000
    240 1.037001 1.337997 -4.334000 -2.791227 -0.162411 -0.765711
    241 7.216001 -0.000003 -1.579000 0.000000 0.000000 0.000000
    242 4.445999 -0.000003 -1.500000 0.000000 0.000000 0.000000
    243 0.673937 -0.015635 -4.768713 -3.141592 -1.281051 3.141593
    244 0.094999 -0.144000 0.332001 0.000000 0.000000 0.000000
    245 14.209020 0.000022 0.766988 0.000000 0.000000 0.000000
    246 0.000000 0.000000 0.000000 1.570800 0.000000 -1.570796
  time 30
    0 0.000000 0.000000 0.000000 0.000000 0.000000 -1.570796
    1 -0.106384 0.000000 -0.000198 0.000000 0.000000 0.000000
    2 0.000000 0.000000 0.000000 0.000000 0.000000 0.000000
    3 -0.904000 0.000000 -11.806000 0.000000 0.000000 0.000000
    4 0.000000 0.000000 -14.313999 1.571297 -1.570750 0.000000
    5 3.533001 0.000000 0.000000 0.000000 0.000000 0.000000
    6 6.250000 0.000000 0.000000 0.000000 0.000000 0.000000
    7 9.562500 -0.021393 -1.942383 -1.545396 1.187805 -1.547199
    8 9.568951 5.304874 2.057317 -1.559349 -1.032950 1.561377
    9 5.786820 0.002787 -0.000113 -1.108420 0.431630 -1.426958
    10 5.999492 -0.000592 -4.000343 0.000000 0.000000 0.000000
    11 5.787410 0.002582 0.000893 0.999032 -0.721706 -1.836186
    12 5.999492 -0.000592 4.000340 0.000000 0.000000 0.000000
    13 0.500225 0.000133 -0.000084 0.240308 0.000000 0.000000
    14 11.530657 0.000349 -0.001308 -0.000005 0.000009 -1.199868
    15 -0.829338 0.893824 0.079659 -0.148839 0.047645 0.087266
    16 0.500225 0.000132 0.000072 0.016223 0.000000 0.000000
    17 11.523438 -0.000337 -0.000865 0.000041 0.000043 -1.605429
    18 -0.829586 0.894698 -0.079468 0.045377 -0.019621 0.087266
    19 10.599886 0.000105 -0.000553 -0.554743 0.000000 0.000000
    20 0.225137 -0.333776 -0.000805 0.000060 -0.000037 0.599971
    21 11.042053 -0.000189 0.000798 -1.108620 0.002284 0.680421
    22 -11.814724 0.424524 -0.297680 0.247998 -0.066121 -0.042695
    23 10.599878 0.000105 0.000549 0.114120 -0.000060 0.000048
    24 0.513184 -0.495117 0.000698 0.000000 0.000000 0.802658
    25 11.041739 0.003170 -0.000568 0.227567 -0.068742 0.757870
    26 -11.663242 0.094713 0.140656 -0.068591 0.018527 -0.015099
    27 0.610300 -0.939470 0.070347 -1.656002 -0.192296 -0.171170
    28 0.639938 -0.199121 0.060192 -1.665955 -0.131350 -0.066457
    29 0.600155 1.080260 -0.339535 -1.765553 0.208711 -0.048235
    30 0.610207 0.400743 -0.010098 -1.762214 0.054455 0.020017
    31 0.630809 -0.690091 -0.232343 0.180969 0.137416 -0.862230
    32 -0.792125 0.203736 0.461304 1.439074 -0.003453 -0.018305
    33 0.610300 -0.939469 -0.070354 1.655385 0.140066 -0.175495
    34 0.639938 -0.199121 -0.060200 1.666009 0.131431 -0.066278
    35 0.600157 1.080260 0.339531 1.741683 -0.204071 0.076022
    36 0.610205 0.400743 0.010086 1.762004 -0.015356 0.028098
    37 0.629883 -0.689453 0.230347 -1.014704 -0.861529 -0.665917
    38 -0.626031 -0.069982 -0.080517 -1.447153 0.086151 0.021559
    39 2.621377 -0.002532 -0.001438 -0.449904 -0.624489 0.445371
    40 2.660837 0.000397 -0.000071 -0.713517 -0.442795 0.749287
    41 2.202488 0.003364 -0.002863 -0.778342 0.179166 1.020012
    42 0.599950 0.959236 -0.300102 -0.174544 0.000000 0.000000
    43 2.558594 -0.000158 0.000029 -0.639350 -0.152176 0.802027
    44 2.097656 0.000478 -0.000411 -0.601496 -0.137738 0.591366
    45 1.000000 0.000029 -1.182617 0.000000 0.000000 0.000000
    46 -0.122641 -0.721855 0.661686 -0.486644 0.223964 0.243056
    47 2.619141 0.000140 -0.000401 -0.053005 0.086821 -0.048204
    48 2.657909 0.004593 -0.000533 0.200435 0.214743 1.264756
    49 2.199219 0.000515 -0.000122 0.236759 0.017677 1.474191
    50 0.599949 0.959244 0.300102 0.174544 0.000000 0.000000
    51 2.558594 -0.000147 -0.000031 0.236782 0.177167 1.399644
    52 2.097656 -0.000095 -0.000401 0.124872 -0.418761 0.877102
    53 0.999512 -0.000597 1.493164 0.000000 0.000000 0.946948
    54 0.310848 -0.606446 -0.498005 0.308107 -0.197598 0.313975
    55 1.867188 -0.000058 -0.000527 0.000000 0.000000 0.624441
    56 1.200941 0.399582 -0.000237 -0.009465 0.016087 0.007127
    57 0.000586 0.100342 -0.000319 -0.120035 -0.021926 -0.209617
    58 -0.161663 0.051712 0.194808 -2.941982 0.122408 -0.060194
    59 2.010090 -0.003202 -0.003377 -0.000030 0.000048 1.286048
    60 0.000237 0.099800 -0.000395 -0.018823 0.010833 -0.239219
    61 -0.203197 0.048607 0.069150 -3.093332 0.033217 -0.046722
    62 1.180426 -0.002312 0.000781 0.000010 0.000060 0.478990
    63 -0.000196 0.099625 -0.000034 0.000000 0.000000 -0.314102
    64 -0.088737 -0.688435 -0.145203 2.930407 -0.136130 0.513013
    65 1.712069 0.000578 -0.000088 -0.000013 0.000051 0.864761
    66 -0.000576 0.100143 -0.000311 -0.010914 0.023131 -0.260843
    67 -0.146027 -0.232426 -0.014225 3.028455 -0.094299 0.113020
    68 1.290634 0.000361 -0.000036 0.000008 0.000000 -0.008675
    69 -0.658119 -0.003576 0.072643 -0.142711 0.027792 -0.077299
    70 1.867188 -0.000057 0.000523 0.000000 0.000000 1.450175
    71 1.200075 0.399942 -0.000093 0.009465 -0.016087 0.007127
    72 0.000589 0.100342 0.000319 0.120035 0.021926 -0.209617
    73 0.068073 0.002283 -0.080050 3.111376 -0.069366 -0.060847
    74 2.007813 -0.000886 -0.000381 0.000047 -0.000039 1.379088
    75 0.000233 0.099800 0.000395 0.018823 -0.010833 -0.239219
    76 -0.018673 -0.001009 0.047544 3.109244 0.002635 -0.106673
    77 1.178665 0.001595 0.000845 0.000000 0.000000 0.743988
    78 -0.000196 0.099628 0.000034 0.000000 0.000000 -0.314102
    79 0.036894 -0.634449 0.266284 -2.801062 0.174301 0.490915
    80 1.708008 0.000721 0.000201 0.000000 0.000000 1.160581
    81 -0.000580 0.100140 0.000311 0.010914 -0.023131 -0.260843
    82 -0.003952 -0.281811 0.115047 -3.059162 0.089004 0.167964
    83 1.290039 0.000364 -0.000046 -0.000058 0.000020 0.672665
    84 -0.171526 -0.018150 -0.099873 0.013484 -0.062184 -0.011781
    85 0.916622 0.003336 0.001326 0.004573 0.002981 0.506571
    86 -0.342617 0.053402 -0.025571 -2.909301 -0.017248 0.075276
    87 1.099609 -0.000423 0.000137 -0.000001 -0.000008 0.154446
    88 -0.384979 0.331001 0.006848 -3.087207 -0.018765 -0.184278
    89 0.679688 -0.001226 0.000442 0.000000 0.000000 0.196297
    90 -0.123848 0.072738 0.029507 2.898184 -0.060627 0.094835
    91 1.017166 -0.000154 -0.000252 -0.000007 0.000003 0.752174
    92 -0.344990 0.123129 0.143151 2.994981 0.012396 0.059140
    93 -0.730989 0.177046 0.039141 -0.123731 0.076518 -0.084310
    94 0.918945 0.000401 0.000085 0.000000 0.000000 0.471850
    95 -0.124023 -0.052090 0.038495 3.077813 -0.008519 0.039229
    96 1.099609 0.000005 0.000469 0.000016 0.000059 0.545759
    97 -0.330082 0.160639 0.042780 3.128073 0.034033 -0.171236
    98 0.679199 -0.000815 0.000175 0.000000 0.000000 0.674789
    99 -0.019512 -0.016531 0.038578 -2.763781 0.050305 0.076829
    100 1.019531 -0.000026 -0.000399 0.000015 0.000057 0.497121
    101 -0.155308 0.130644 -0.021921 -3.022466 0.022433 -0.024902
    102 -0.252207 0.061937 -0.024914 -0.007671 -0.063171 -0.044392
    103 -0.085995 0.185205 -0.015180 -2.937063 -0.113970 -0.138991
    104 -0.286533 0.179852 0.024264 -3.109353 -0.049645 -0.029914
    105 -0.019482 0.147083 0.079203 2.893815 0.038585 -0.060594
    106 -0.046482 0.251896 0.129548 3.016165 0.077112 -0.042864
    107 0.039124 -0.040295 0.047739 3.084219 0.030470 -0.037414
    108 -0.233757 0.066630 0.001754 -3.133087 0.040141 -0.065412
    109 0.044266 0.020131 0.001684 -2.778763 -0.118872 -0.040488
    110 0.071495 0.074128 -0.048302 -3.035917 -0.059482 0.104366
    111 0.000000 0.000000 0.000000 0.000000 0.000000 -1.570796
    112 -3.144627 -7.808832 -2.847743 -0.039320 -0.000444 -1.570890
    113 0.000000 0.000000 0.000000 0.000000 0.000000 0.000000
    114 -3.164159 -18.207587 -3.234474 -0.039362 -0.000447 -1.570890
    115 3.096000 0.000000 -1.996000 0.000000 0.000000 0.000000
    116 3.040999 0.000000 1.202000 0.000000 0.000000 0.000000
    117 7.854000 0.000000 -0.042000 0.000000 0.000000 0.000000
    118 13.105999 0.000000 -0.006000 0.000000 0.000000 0.000000
    119 3.456000 0.000000 -1.084000 0.000000 0.000000 0.000000
    120 1.804000 0.000000 -1.025000 0.000000 0.000000 0.000000
    121 7.098000 0.000000 -1.084000 0.000000 0.000000 0.000000
    122 1.868000 1.809000 -1.975000 -2.218479 -0.017148 -0.465710
    123 3.740000 0.000000 1.273000 0.000000 0.000000 0.000000
    124 11.956999 0.000000 -0.006000 0.000000 0.000000 0.000000
    125 6.072001 0.000000 -1.238000 0.000000 0.000000 0.000000
    126 5.690000 -0.365000 0.068000 0.000000 -0.349029 -1.570796
    127 6.396999 0.614000 0.428000 0.000000 0.000000 0.000000
    128 3.040999 0.000000 1.202000 0.000000 0.000000 0.000000
    129 3.720000 0.000000 1.202000 0.000000 0.000000 0.000000
    130 1.086000 -0.661000 -0.149000 1.570713 0.000000 0.000000
    131 1.067000 0.589000 0.076000 0.000000 0.000000 0.000000
    132 0.000000 -0.019000 0.000000 0.000000 0.000000 0.000000
    133 0.000000 -0.019000 0.000000 0.000000 0.000000 0.000000
    134 3.300000 -0.019000 1.346000 0.000000 0.000000 0.000000
    135 -1.524000 -1.859000 -4.367000 -1.730306 -0.014954 0.208139
    136 7.283999 0.000000 -2.195000 0.000000 0.000000 0.000000
    137 -1.323000 0.000000 0.184000 0.000000 0.000000 0.000000
    138 0.082000 0.000000 1.002000 0.000000 0.000000 0.000000
    139 -19.550119 5.691580 -60.712390 0.039319 0.000426 0.000095
    140 0.478000 0.000000 -4.537000 0.000000 0.000000 0.000000
    141 3.436000 0.000000 1.202000 0.000000 0.000000 0.000000
    142 3.040999 0.000000 1.202000 0.000000 0.000000 0.000000
    143 4.657000 0.000000 1.545000 0.000000 0.000000 0.000000
    144 -0.403000 0.000000 -0.011000 0.000000 0.000000 0.000000
    145 1.781000 0.000000 0.873000 0.000000 0.000000 0.000000
    146 0.384000 0.715000 0.801000 0.000000 0.000000 0.000000
    147 1.795000 0.533000 -1.550000 0.000000 0.000000 0.000000
    148 4.435999 0.595000 -0.954000 0.000000 0.000000 0.000000
    149 4.401999 -0.614000 -1.630000 0.000000 0.000000 0.000000
    150 4.203000 -0.003000 -0.048000 0.000000 0.000000 0.000000
    151 5.136000 0.000000 1.534000 0.000000 0.000000 0.000000
    152 11.957001 0.000000 -0.006000 0.000000 0.000000 0.000000
    153 -2.103001 0.000000 0.000000 0.000000 0.000000 0.000000
    154 -0.598001 0.000000 -0.011000 0.000000 0.000000 0.000000
    155 0.496000 0.184000 -3.523000 0.000000 0.000000 0.000000
    156 0.147000 0.184000 -0.328000 0.000000 0.000000 0.000000
    157 0.147000 0.184000 0.023000 0.000000 0.000000 0.000000
    158 0.147000 0.184000 0.368000 0.000000 0.000000 0.000000
    159 0.147000 0.184000 0.717000 0.000000 0.000000 0.000000
    160 0.147000 0.184000 1.067000 0.000000 0.000000 0.000000
    161 0.148000 0.184000 1.414000 0.000000 0.000000 0.000000
    162 0.148000 -0.074000 1.640000 0.000000 0.000000 0.000000
    163 0.435000 0.184000 -3.179000 0.000000 0.000000 0.000000
    164 0.378000 0.184000 -2.826000 0.000000 0.000000 0.000000
    165 0.329000 0.184000 -2.477000 0.000000 0.000000 0.000000
    166 0.286000 0.184000 -2.127000 0.000000 0.000000 0.000000
    167 0.252000 0.184000 -1.775000 0.000000 0.000000 0.000000
    168 0.215000 0.184000 -1.417000 0.000000 0.000000 0.000000
    169 0.190000 0.184000 -1.064000 0.000000 0.000000 0.000000
    170 0.166000 0.184000 -0.714000 0.000000 0.000000 0.000000
    171 1.622000 0.000000 1.568000 0.000000 0.000000 0.000000
    172 2.240000 0.000000 1.568000 0.000000 0.000000 0.000000
    173 0.000000 0.000000 0.000000 0.000000 0.000000 0.000000
    174 0.000000 0.000000 -4.867001 3.141572 -0.003206 -3.128592
    175 1.000088 -0.000029 0.000000 0.000000 0.000000 0.000000
    176 17.162518 -0.000404 0.000000 0.000000 0.000000 0.119213
    177 17.749374 0.295515 0.000000 0.000000 0.000000 -1.158956
    178 5.413528 0.000347 0.000000 0.000000 0.000000 -0.518053
    179 0.017887 0.299792 0.000000 0.000000 0.000000 -0.059581
    180 9.999889 -0.000303 0.000000 0.000000 0.000000 0.000000
    181 0.000000 0.000000 4.867000 3.141572 -0.003206 -3.128592
    182 1.000088 -0.000029 0.000000 0.000000 0.000000 0.000000
    183 12.283573 1.581455 -4.695999 1.462269 -0.086726 0.090185
    184 17.162518 -0.000404 0.000000 0.000000 0.000000 0.119213
    185 17.749374 0.295515 0.000000 0.000000 0.000000 -1.158956
    186 5.413528 0.000347 0.000000 0.000000 0.000000 -0.518053
    187 0.017887 0.299792 0.000000 0.000000 0.000000 -0.059581
    188 9.499836 0.000212 0.000000 0.000000 0.000000 0.000000
    189 -1.145525 0.000130 0.000671 0.000000 0.000000 0.000000
    190 -0.857691 0.104071 0.104687 0.023536 0.163924 0.013632
    191 3.999430 -0.000528 -0.000332 -0.601508 0.000000 0.000000
    192 0.599499 0.400698 0.000236 0.000000 0.000000 0.000000
    193 0.599886 0.400186 -0.000027 0.000000 0.000000 0.000000
    194 2.299677 -2.499979 -0.599480 0.891928 0.221512 -0.527288
    195 1.439189 -0.494086 -2.011729 2.276442 -0.376134 -0.281874
    196 -9.580679 -27.862108 -37.184677 0.812879 -0.123459 -0.568477
    197 0.649935 -0.548296 0.093658 -1.665913 -0.131399 -0.112062
    198 1.899127 0.000427 -0.000439 0.027386 -0.033311 0.477848
    199 0.657078 0.008400 0.040375 -1.665945 -0.131407 -0.000013
    200 1.799664 -0.000240 0.000231 0.027386 -0.033311 0.477848
    201 1.799664 -0.000240 0.000231 0.027386 -0.033311 0.477848
    202 1.799664 -0.000240 0.000231 0.027386 -0.033311 0.477848
    203 0.665774 0.747222 -0.029186 -1.665935 -0.131408 0.094976
    204 1.900306 -0.000137 -0.000517 0.027386 -0.033311 0.477848
    205 4.662004 -5.366334 4.825195 1.569715 1.561305 -3.121216
    206 3.999897 0.000040 0.001007 0.156711 0.000000 0.000000
    207 0.600403 0.399632 -0.000469 0.000000 0.000000 -3.139640
    208 0.599890 0.400186 0.000031 0.000000 0.000000 -3.139640
    209 2.300137 -2.499413 0.600155 -0.892020 -0.221513 -0.527232
    210 12.101563 -3.646484 -1.237305 1.733664 0.203086 0.048277
    211 2.762354 0.116951 1.523975 1.629482 0.064153 1.743800
    212 7.228317 7.928200 -3.925652 2.328713 0.123459 -0.568477
    213 0.650396 -0.547731 -0.092976 1.665913 0.131399 -0.112062
    214 1.899441 -0.000320 -0.000150 -0.027386 0.033311 0.477848
    215 0.657068 0.008398 -0.040379 1.665945 0.131407 -0.000013
    216 1.799659 -0.000233 -0.000233 -0.027386 0.033311 0.477848
    217 1.799659 -0.000233 -0.000233 -0.027386 0.033311 0.477848
    218 1.799659 -0.000233 -0.000233 -0.027386 0.033311 0.477848
    219 0.665778 0.747222 0.029179 1.665935 0.131408 0.094976
    220 1.900722 0.000549 -0.000072 -0.027386 0.033311 0.477848
    221 4.530998 0.000000 0.000000 0.000000 0.000000 0.000000
    222 4.527344 0.000000 0.000000 0.000000 0.000000 0.000000
    223 0.000000 0.000000 0.000000 0.000000 0.000000 0.000000
    224 0.000000 0.000000 0.000000 0.000000 0.000000 0.000000
    225 4.000000 -6.500000 0.000000 0.000000 0.000000 0.000977
    226 -6.500000 0.000000 0.000000 0.000000 1.570795 0.000000
    227 19.219105 -3.163910 8.567800 -0.039320 -0.000444 -0.000093
    228 0.280000 -0.135000 2.196999 1.570796 0.000000 -1.570735
    229 0.000000 0.000000 0.000000 0.000000 0.000000 0.000000
    230 0.000000 0.000000 0.000000 0.000000 0.000000 0.000120
    231 0.106000 0.000000 -64.320000 0.000000 0.000000 0.000000
    232 0.000000 0.000000 0.000000 0.000000 0.000000 0.000000
    233 -0.106000 0.000000 64.320000 0.000000 0.000000 0.000000
    234 0.003042 -0.001328 -64.319374 0.000009 0.000084 -3.141638
    235 -30.812500 -4.484375 4.054688 0.648370 -0.593767 0.164294
    236 1.688000 -0.001000 -1.454002 0.000000 0.000000 0.000000
    237 -1.070999 -0.005000 0.545002 0.000000 0.000000 0.000000
    238 5.895000 0.750997 -0.156000 0.000000 0.000000 0.000000
    239 11.599999 -0.000003 -1.500002 0.000000 0.000000 0.000000
    240 1.037001 1.337997 -4.334000 -2.791227 -0.162411 -0.765711
    241 7.216001 -0.000003 -1.579000 0.000000 0.000000 0.000000
    242 4.445999 -0.000003 -1.500000 0.000000 0.000000 0.000000
    243 0.673937 -0.015635 -4.768713 -3.141592 -1.281051 3.141593
    244 0.094999 -0.144000 0.332001 0.000000 0.000000 0.000000
    245 14.209020 0.000022 0.766988 0.000000 0.000000 0.000000
    246 0.000000 0.000000 0.000000 1.570800 0.000000 -1.570796
  time 31
    0 0.000000 0.000000 0.000000 0.000000 0.000000 -1.570796
    1 -0.106384 0.000000 -0.000198 0.000000 0.000000 0.000000
    2 0.000000 0.000000 0.000000 0.000000 0.000000 0.000000
    3 -0.904000 0.000000 -11.806000 0.000000 0.000000 0.000000
    4 0.000000 0.000000 -14.313999 1.571297 -1.570750 0.000000
    5 3.533001 0.000000 0.000000 0.000000 0.000000 0.000000
    6 6.250000 0.000000 0.000000 0.000000 0.000000 0.000000
    7 9.562500 -0.021393 -1.942383 -1.545396 1.187805 -1.547199
    8 9.568951 5.304874 2.057317 -1.552261 -1.033023 1.554864
    9 5.786820 0.002787 -0.000113 -1.108420 0.432545 -1.426312
    10 5.999492 -0.000592 -4.000343 0.000000 0.000000 0.000000
    11 5.787410 0.002582 0.000893 0.998604 -0.721330 -1.835824
    12 5.999492 -0.000592 4.000340 0.000000 0.000000 0.000000
    13 0.500225 0.000133 -0.000084 0.239808 0.000000 0.000000
    14 11.530657 0.000349 -0.001308 -0.000005 0.000009 -1.200635
    15 -0.829338 0.893824 0.079659 -0.148839 0.047645 0.087266
    16 0.500225 0.000132 0.000072 0.016157 0.000000 0.000000
    17 11.523438 -0.000337 -0.000865 0.000041 0.000043 -1.605429
    18 -0.829586 0.894698 -0.079468 0.045377 -0.019621 0.087266
    19 10.599886 0.000105 -0.000553 -0.556154 0.000000 0.000000
    20 0.229043 -0.337683 -0.000805 0.000060 -0.000013 0.600343
    21 11.042053 -0.000189 0.000798 -1.112436 0.001607 0.678873
    22 -11.814724 0.424524 -0.297680 0.247998 -0.066121 -0.042695
    23 10.599878 0.000105 0.000549 0.113683 -0.000060 0.000048
    24 0.513184 -0.495117 0.000698 0.000000 0.000000 0.802658
    25 11.041739 0.003170 -0.000568 0.227392 -0.068917 0.758149
    26 -11.663242 0.094713 0.140656 -0.068591 0.018527 -0.015099
    27 0.610300 -0.939470 0.070347 -1.656002 -0.192284 -0.171170
    28 0.639938 -0.199121 0.060192 -1.665955 -0.131350 -0.066457
    29 0.600155 1.080260 -0.339535 -1.765606 0.208711 -0.048235
    30 0.610207 0.400743 -0.010098 -1.762214 0.054479 0.020017
    31 0.630809 -0.690091 -0.232343 0.180969 0.137439 -0.862230
    32 -0.792125 0.203736 0.461304 1.439074 -0.003453 -0.018305
    33 0.610300 -0.939469 -0.070354 1.655385 0.140066 -0.175495
    34 0.639938 -0.199121 -0.060200 1.666009 0.131431 -0.066278
    35 0.600157 1.080260 0.339531 1.741683 -0.204071 0.076022
    36 0.610205 0.400743 0.010086 1.762004 -0.015356 0.028098
    37 0.629883 -0.689453 0.230347 -1.014704 -0.861529 -0.665917
    38 -0.626031 -0.069982 -0.080517 -1.447153 0.086151 0.021559
    39 2.621377 -0.002532 -0.001438 -0.449904 -0.624475 0.445371
    40 2.660837 0.000397 -0.000071 -0.713540 -0.442795 0.749246
    41 2.202488 0.003364 -0.002863 -0.778342 0.179166 1.020055
    42 0.599950 0.959236 -0.300102 -0.174544 0.000000 0.000000
    43 2.558594 -0.000158 0.000029 -0.639350 -0.152176 0.802027
    44 2.097656 0.000478 -0.000411 -0.601496 -0.137738 0.591366
    45 1.000000 0.000029 -1.182617 0.000000 0.000000 0.000000
    46 -0.122641 -0.721855 0.661686 -0.486644 0.223964 0.243056
    47 2.619141 0.000140 -0.000401 -0.053005 0.086821 -0.048204
    48 2.657909 0.004593 -0.000533 0.200435 0.214755 1.264756
    49 2.199219 0.000515 -0.000122 0.236759 0.017677 1.474191
    50 0.599949 0.959244 0.300102 0.174544 0.000000 0.000000
    51 2.558594 -0.000147 -0.000031 0.236782 0.177167 1.399644
    52 2.097656 -0.000095 -0.000401 0.124872 -0.418761 0.877102
    53 0.999512 -0.000597 1.493164 0.000000 0.000000 0.946948
    54 0.310848 -0.606446 -0.498005 0.308107 -0.197598 0.313975
    55 1.867188 -0.000058 -0.000527 0.000000 0.000000 0.624441
    56 1.200941 0.399582 -0.000237 -0.009465 0.016087 0.007127
    57 0.000586 0.100342 -0.000319 -0.120035 -0.021926 -0.209617
    58 -0.161663 0.051712 0.194808 -2.941982 0.122408 -0.060194
    59 2.010090 -0.003202 -0.003377 -0.000042 0.000048 1.286048
    60 0.000237 0.099800 -0.000395 -0.018823 0.010833 -0.239219
    61 -0.203197 0.048607 0.069150 -3.093332 0.033217 -0.046722
    62 1.180426 -0.002312 0.000781 0.000010 0.000060 0.478957
    63 -0.000196 0.099625 -0.000034 0.000000 0.000000 -0.314102
    64 -0.088737 -0.688435 -0.145203 2.930407 -0.136130 0.513013
    65 1.712069 0.000578 -0.000088 -0.000025 0.000075 0.864761
    66 -0.000576 0.100143 -0.000311 -0.010914 0.023131 -0.260843
    67 -0.146027 -0.232426 -0.014225 3.028455 -0.094299 0.113020
    68 1.290634 0.000361 -0.000036 0.000008 0.000000 -0.008675
    69 -0.658119 -0.003576 0.072643 -0.142711 0.027792 -0.077299
    70 1.867188 -0.000057 0.000523 0.000000 0.000000 1.450175
    71 1.200075 0.399942 -0.000093 0.009465 -0.016087 0.007127
    72 0.000589 0.100342 0.000319 0.120035 0.021926 -0.209617
    73 0.068073 0.002283 -0.080050 3.111376 -0.069366 -0.060847
    74 2.007813 -0.000886 -0.000381 0.000047 -0.000039 1.379088
    75 0.000233 0.099800 0.000395 0.018823 -0.010833 -0.239219
    76 -0.018673 -0.001009 0.047544 3.109244 0.002635 -0.106673
    77 1.178665 0.001595 0.000845 0.000000 0.000000 0.743988
    78 -0.000196 0.099628 0.000034 0.000000 0.000000 -0.314102
    79 0.036894 -0.634449 0.266284 -2.801062 0.174301 0.490915
    80 1.708008 0.000721 0.000201 0.000000 0.000000 1.160581
    81 -0.000580 0.100140 0.000311 0.010914 -0.023131 -0.260843
    82 -0.003952 -0.281811 0.115047 -3.059162 0.089004 0.167964
    83 1.290039 0.000364 -0.000046 -0.000058 0.000020 0.672665
    84 -0.171526 -0.018150 -0.099873 0.013484 -0.062184 -0.011781
    85 0.916622 0.003336 0.001326 0.004561 0.002993 0.506571
    86 -0.342617 0.053402 -0.025571 -2.909301 -0.017248 0.075276
    87 1.099609 -0.000423 0.000137 -0.000001 -0.000008 0.154446
    88 -0.384979 0.331001 0.006848 -3.087207 -0.018765 -0.184278
    89 0.679688 -0.001226 0.000442 0.000000 0.000000 0.196297
    90 -0.123848 0.072738 0.029507 2.898184 -0.060627 0.094835
    91 1.017166 -0.000154 -0.000252 -0.000007 0.000003 0.752174
    92 -0.344990 0.123129 0.143151 2.994981 0.012396 0.059140
    93 -0.730989 0.177046 0.039141 -0.123731 0.076518 -0.084310
    94 0.918945 0.000401 0.000085 0.000000 0.000000 0.471850
    95 -0.124023 -0.052090 0.038495 3.077813 -0.008519 0.039229
    96 1.099609 0.000005 0.000469 0.000016 0.000059 0.545759
    97 -0.330082 0.160639 0.042780 3.128073 0.034033 -0.171236
    98 0.679199 -0.000815 0.000175 0.000000 0.000000 0.674789
    99 -0.019512 -0.016531 0.038578 -2.763781 0.050305 0.076829
    100 1.019531 -0.000026 -0.000399 0.000015 0.000057 0.497121
    101 -0.155308 0.130644 -0.021921 -3.022466 0.022433 -0.024902
    102 -0.252207 0.061937 -0.024914 -0.007671 -0.063171 -0.044392
    103 -0.085995 0.185205 -0.015180 -2.937063 -0.113970 -0.138991
    104 -0.286533 0.179852 0.024264 -3.109353 -0.049645 -0.029914
    105 -0.019482 0.147083 0.079203 2.893815 0.038585 -0.060594
    106 -0.046482 0.251896 0.129548 3.016165 0.077112 -0.042864
    107 0.039124 -0.040295 0.047739 3.084219 0.030470 -0.037414
    108 -0.233757 0.066630 0.001754 -3.133087 0.040141 -0.065412
    109 0.044266 0.020131 0.001684 -2.778763 -0.118872 -0.040488
    110 0.071495 0.074128 -0.048302 -3.035917 -0.059482 0.104366
    111 0.000000 0.000000 0.000000 0.000000 0.000000 -1.570796
    112 -3.129002 -7.812738 -2.847743 -0.043601 0.000000 -1.570796
    113 0.000000 0.000000 0.000000 0.000000 0.000000 0.000000
    114 -3.144627 -18.207587 -3.234474 -0.043602 0.000000 -1.570796
    115 3.096000 0.000000 -1.996000 0.000000 0.000000 0.000000
    116 3.040999 0.000000 1.202000 0.000000 0.000000 0.000000
    117 7.854000 0.000000 -0.042000 0.000000 0.000000 0.000000
    118 13.105999 0.000000 -0.006000 0.000000 0.000000 0.000000
    119 3.456000 0.000000 -1.084000 0.000000 0.000000 0.000000
    120 1.804000 0.000000 -1.025000 0.000000 0.000000 0.000000
    121 7.098000 0.000000 -1.084000 0.000000 0.000000 0.000000
    122 1.868000 1.809000 -1.975000 -2.218440 -0.017148 -0.465710
    123 3.740000 0.000000 1.273000 0.000000 0.000000 0.000000
    124 11.956999 0.000000 -0.006000 0.000000 0.000000 0.000000
    125 6.072001 0.000000 -1.238000 0.000000 0.000000 0.000000
    126 5.690000 -0.365000 0.068000 0.000000 -0.349029 -1.570796
    127 6.396999 0.614000 0.428000 0.000000 0.000000 0.000000
    128 3.040999 0.000000 1.202000 0.000000 0.000000 0.000000
    129 3.720000 0.000000 1.202000 0.000000 0.000000 0.000000
    130 1.086000 -0.661000 -0.149000 1.570659 0.000000 0.000000
    131 1.067000 0.589000 0.076000 0.000000 0.000000 0.000000
    132 0.000000 -0.019000 0.000000 0.000000 0.000000 0.000000
    133 0.000000 -0.019000 0.000000 0.000000 0.000000 0.000000
    134 3.300000 -0.019000 1.346000 0.000000 0.000000 0.000000
    135 -1.524000 -1.859000 -4.367000 -1.730306 -0.014954 0.208139
    136 7.283999 0.000000 -2.195000 0.000000 0.000000 0.000000
    137 -1.323000 0.000000 0.184000 0.000000 0.000000 0.000000
    138 0.082000 0.000000 1.002000 0.000000 0.000000 0.000000
    139 -19.530587 5.882992 -60.696764 0.043593 0.000000 0.000000
    140 0.478000 0.000000 -4.537000 0.000000 0.000000 0.000000
    141 3.436000 0.000000 1.202000 0.000000 0.000000 0.000000
    142 3.040999 0.000000 1.202000 0.000000 0.000000 0.000000
    143 4.657000 0.000000 1.545000 0.000000 0.000000 0.000000
    144 -0.403000 0.000000 -0.011000 0.000000 0.000000 0.000000
    145 1.781000 0.000000 0.873000 0.000000 0.000000 0.000000
    146 0.384000 0.715000 0.801000 0.000000 0.000000 0.000000
    147 1.795000 0.533000 -1.550000 0.000000 0.000000 0.000000
    148 4.435999 0.595000 -0.954000 0.000000 0.000000 0.000000
    149 4.401999 -0.614000 -1.630000 0.000000 0.000000 0.000000
    150 4.203000 -0.003000 -0.048000 0.000000 0.000000 0.000000
    151 5.136000 0.000000 1.534000 0.000000 0.000000 0.000000
    152 11.957001 0.000000 -0.006000 0.000000 0.000000 0.000000
    153 -2.103001 0.000000 0.000000 0.000000 0.000000 0.000000
    154 -0.598001 0.000000 -0.011000 0.000000 0.000000 0.000000
    155 0.496000 0.184000 -3.523000 0.000000 0.000000 0.000000
    156 0.147000 0.184000 -0.328000 0.000000 0.000000 0.000000
    157 0.147000 0.184000 0.023000 0.000000 0.000000 0.000000
    158 0.147000 0.184000 0.368000 0.000000 0.000000 0.000000
    159 0.147000 0.184000 0.717000 0.000000 0.000000 0.000000
    160 0.147000 0.184000 1.067000 0.000000 0.000000 0.000000
    161 0.148000 0.184000 1.414000 0.000000 0.000000 0.000000
    162 0.148000 -0.074000 1.640000 0.000000 0.000000 0.000000
    163 0.435000 0.184000 -3.179000 0.000000 0.000000 0.000000
    164 0.378000 0.184000 -2.826000 0.000000 0.000000 0.000000
    165 0.329000 0.184000 -2.477000 0.000000 0.000000 0.000000
    166 0.286000 0.184000 -2.127000 0.000000 0.000000 0.000000
    167 0.252000 0.184000 -1.775000 0.000000 0.000000 0.000000
    168 0.215000 0.184000 -1.417000 0.000000 0.000000 0.000000
    169 0.190000 0.184000 -1.064000 0.000000 0.000000 0.000000
    170 0.166000 0.184000 -0.714000 0.000000 0.000000 0.000000
    171 1.622000 0.000000 1.568000 0.000000 0.000000 0.000000
    172 2.240000 0.000000 1.568000 0.000000 0.000000 0.000000
    173 0.000000 0.000000 0.000000 0.000000 0.000000 0.000000
    174 0.000000 0.000000 -4.867001 3.141572 -0.003206 -3.128592
    175 1.000088 -0.000029 0.000000 0.000000 0.000000 0.000000
    176 17.162518 -0.000404 0.000000 0.000000 0.000000 0.119213
    177 17.749374 0.295515 0.000000 0.000000 0.000000 -1.158956
    178 5.413528 0.000347 0.000000 0.000000 0.000000 -0.518053
    179 0.017887 0.299792 0.000000 0.000000 0.000000 -0.059581
    180 9.999889 -0.000303 0.000000 0.000000 0.000000 0.000000
    181 0.000000 0.000000 4.867000 3.141572 -0.003206 -3.128592
    182 1.000088 -0.000029 0.000000 0.000000 0.000000 0.000000
    183 12.283573 1.581455 -4.695999 1.462269 -0.086726 0.090185
    184 17.162518 -0.000404 0.000000 0.000000 0.000000 0.119213
    185 17.749374 0.295515 0.000000 0.000000 0.000000 -1.158956
    186 5.413528 0.000347 0.000000 0.000000 0.000000 -0.518053
    187 0.017887 0.299792 0.000000 0.000000 0.000000 -0.059581
    188 9.499836 0.000212 0.000000 0.000000 0.000000 0.000000
    189 -1.145525 0.000130 0.000671 0.000000 0.000000 0.000000
    190 -0.857691 0.104071 0.104687 0.023536 0.163924 0.013632
    191 3.999430 -0.000528 -0.000332 -0.602478 -0.000048 0.000012
    192 0.599499 0.400698 0.000236 0.000000 0.000000 0.000000
    193 0.599886 0.400186 -0.000027 0.000000 0.000000 0.000000
    194 2.299677 -2.499979 -0.599480 0.891928 0.221512 -0.527288
    195 1.439189 -0.494086 -2.011729 2.276442 -0.376178 -0.281782
    196 -9.580679 -27.862108 -37.184677 0.812879 -0.123459 -0.568477
    197 0.649935 -0.548296 0.093658 -1.665913 -0.131399 -0.112062
    198 1.899127 0.000427 -0.000439 0.027386 -0.033311 0.477848
    199 0.657078 0.008400 0.040375 -1.665945 -0.131407 -0.000013
    200 1.799664 -0.000240 0.000231 0.027386 -0.033311 0.477848
    201 1.799664 -0.000240 0.000231 0.027386 -0.033311 0.477848
    202 1.799664 -0.000240 0.000231 0.027386 -0.033311 0.477848
    203 0.665774 0.747222 -0.029186 -1.665935 -0.131408 0.094976
    204 1.900306 -0.000137 -0.000517 0.027386 -0.033311 0.477848
    205 4.662004 -5.366334 4.825195 1.569715 1.561305 -3.121216
    206 3.999897 0.000040 0.001007 0.156143 0.000000 0.000000
    207 0.600403 0.399632 -0.000469 0.000000 0.000000 -3.139640
    208 0.599890 0.400186 0.000031 0.000000 0.000000 -3.139640
    209 2.300137 -2.499413 0.600155 -0.892020 -0.221513 -0.527232
    210 12.101563 -3.646484 -1.237305 1.733664 0.203086 0.048277
    211 2.762354 0.116951 1.523975 1.629482 0.064153 1.743800
    212 7.228317 7.928200 -3.925652 2.328713 0.123459 -0.568477
    213 0.650396 -0.547731 -0.092976 1.665913 0.131399 -0.112062
    214 1.899441 -0.000320 -0.000150 -0.027386 0.033311 0.477848
    215 0.657068 0.008398 -0.040379 1.665945 0.131407 -0.000013
    216 1.799659 -0.000233 -0.000233 -0.027386 0.033311 0.477848
    217 1.799659 -0.000233 -0.000233 -0.027386 0.033311 0.477848
    218 1.799659 -0.000233 -0.000233 -0.027386 0.033311 0.477848
    219 0.665778 0.747222 0.029179 1.665935 0.131408 0.094976
    220 1.900722 0.000549 -0.000072 -0.027386 0.033311 0.477848
    221 4.530998 0.000000 0.000000 0.000000 0.000000 0.000000
    222 4.527344 0.000000 0.000000 0.000000 0.000000 0.000000
    223 0.000000 0.000000 0.000000 0.000000 0.000000 0.000000
    224 0.000000 0.000000 0.000000 0.000000 0.000000 0.000000
    225 4.000000 -6.500000 0.000000 0.000000 0.000000 0.000977
    226 -6.500000 0.000000 0.000000 0.000000 1.570795 0.000000
    227 19.219105 -3.144378 8.567800 -0.043601 0.000000 0.000000
    228 0.280000 -0.135000 2.196999 1.570796 0.000000 -1.570735
    229 0.000000 0.000000 0.000000 0.000000 0.000000 0.000000
    230 0.000000 0.000000 0.000000 0.000000 0.000000 0.000000
    231 0.106000 0.000000 -64.320000 0.000000 0.000000 0.000000
    232 0.000000 0.000000 0.000000 0.000000 0.000000 0.000000
    233 -0.106000 0.000000 64.320000 0.000000 0.000000 0.000000
    234 0.003042 -0.001328 -64.319374 0.000009 0.000084 -3.141638
    235 -30.812500 -4.484375 4.054688 0.648370 -0.593767 0.164294
    236 1.688000 -0.001000 -1.454002 0.000000 0.000000 0.000000
    237 -1.070999 -0.005000 0.545002 0.000000 0.000000 0.000000
    238 5.895000 0.750997 -0.156000 0.000000 0.000000 0.000000
    239 11.599999 -0.000003 -1.500002 0.000000 0.000000 0.000000
    240 1.037001 1.337997 -4.334000 -2.791227 -0.162411 -0.765711
    241 7.216001 -0.000003 -1.579000 0.000000 0.000000 0.000000
    242 4.445999 -0.000003 -1.500000 0.000000 0.000000 0.000000
    243 0.673937 -0.015635 -4.768713 -3.141592 -1.281051 3.141593
    244 0.094999 -0.144000 0.332001 0.000000 0.000000 0.000000
    245 14.209020 0.000022 0.766988 0.000000 0.000000 0.000000
    246 0.000000 0.000000 0.000000 1.570800 0.000000 -1.570796
end
