// Created by Crowbar 0.74
version 1
nodes
  0 "tag_origin" -1
  1 "tag_view" 0
  2 "tag_ads" 1
  3 "tag_torso" 2
  4 "j_mainroot" 3
  5 "j_spinelower" 4
  6 "j_spineupper" 5
  7 "j_clavicle_le" 6
  8 "j_clavicle_ri" 6
  9 "j_shoulder_le" 7
  10 "j_teres_le" 7
  11 "j_shoulder_ri" 8
  12 "j_teres_ri" 8
  13 "j_shouldertwist_le" 9
  14 "j_elbow_le" 9
  15 "ValveBiped.Bip01_L_UpperArm" 9
  16 "j_shouldertwist_ri" 11
  17 "j_elbow_ri" 11
  18 "ValveBiped.Bip01_R_UpperArm" 11
  19 "j_wristfronttwist1_le" 14
  20 "j_elbowdq_le" 14
  21 "j_wrist_le" 14
  22 "ValveBiped.Bip01_L_Forearm" 19
  23 "j_wristfronttwist1_ri" 17
  24 "j_elbowdq_ri" 17
  25 "j_wrist_ri" 17
  26 "ValveBiped.Bip01_R_Forearm" 23
  27 "j_metaindex_le_1" 21
  28 "j_metamid_le_1" 21
  29 "j_metapinky_le_1" 21
  30 "j_metaring_le_1" 21
  31 "j_thumb_le_1" 21
  32 "ValveBiped.Bip01_L_Hand" 21
  33 "j_metaindex_ri_1" 25
  34 "j_metamid_ri_1" 25
  35 "j_metapinky_ri_1" 25
  36 "j_metaring_ri_1" 25
  37 "j_thumb_ri_1" 25
  38 "ValveBiped.Bip01_R_Hand" 25
  39 "j_index_le_1" 27
  40 "j_mid_le_1" 28
  41 "j_pinky_le_1" 29
  42 "j_webbing_le_3" 29
  43 "j_ring_le_1" 30
  44 "j_thumb_le_2" 31
  45 "j_webbing_le_2" 31
  46 "ValveBiped.Bip01_L_Finger0" 31
  47 "j_index_ri_1" 33
  48 "j_mid_ri_1" 34
  49 "j_pinky_ri_1" 35
  50 "j_webbing_ri_3" 35
  51 "j_ring_ri_1" 36
  52 "j_thumb_ri_2" 37
  53 "j_webbing_ri_2" 37
  54 "ValveBiped.Bip01_R_Finger0" 37
  55 "j_index_le_2" 39
  56 "j_indexbulge_le_1" 39
  57 "j_proc_index_le_1" 39
  58 "ValveBiped.Bip01_L_Finger1" 39
  59 "j_mid_le_2" 40
  60 "j_proc_mid_le_1" 40
  61 "ValveBiped.Bip01_L_Finger2" 40
  62 "j_pinky_le_2" 41
  63 "j_proc_pinky_le_1" 41
  64 "ValveBiped.Bip01_L_Finger4" 41
  65 "j_ring_le_2" 43
  66 "j_proc_ring_le_1" 43
  67 "ValveBiped.Bip01_L_Finger3" 43
  68 "j_thumb_le_3" 44
  69 "ValveBiped.Bip01_L_Finger01" 44
  70 "j_index_ri_2" 47
  71 "j_indexbulge_ri_1" 47
  72 "j_proc_index_ri_1" 47
  73 "ValveBiped.Bip01_R_Finger1" 47
  74 "j_mid_ri_2" 48
  75 "j_proc_mid_ri_1" 48
  76 "ValveBiped.Bip01_R_Finger2" 48
  77 "j_pinky_ri_2" 49
  78 "j_proc_pinky_ri_1" 49
  79 "ValveBiped.Bip01_R_Finger4" 49
  80 "j_ring_ri_2" 51
  81 "j_proc_ring_ri_1" 51
  82 "ValveBiped.Bip01_R_Finger3" 51
  83 "j_thumb_ri_3" 52
  84 "ValveBiped.Bip01_R_Finger01" 52
  85 "j_index_le_3" 55
  86 "ValveBiped.Bip01_L_Finger11" 55
  87 "j_mid_le_3" 59
  88 "ValveBiped.Bip01_L_Finger21" 59
  89 "j_pinky_le_3" 62
  90 "ValveBiped.Bip01_L_Finger41" 62
  91 "j_ring_le_3" 65
  92 "ValveBiped.Bip01_L_Finger31" 65
  93 "ValveBiped.Bip01_L_Finger02" 68
  94 "j_index_ri_3" 70
  95 "ValveBiped.Bip01_R_Finger11" 70
  96 "j_mid_ri_3" 74
  97 "ValveBiped.Bip01_R_Finger21" 74
  98 "j_pinky_ri_3" 77
  99 "ValveBiped.Bip01_R_Finger41" 77
  100 "j_ring_ri_3" 80
  101 "ValveBiped.Bip01_R_Finger31" 80
  102 "ValveBiped.Bip01_R_Finger02" 83
  103 "ValveBiped.Bip01_L_Finger12" 85
  104 "ValveBiped.Bip01_L_Finger22" 87
  105 "ValveBiped.Bip01_L_Finger42" 89
  106 "ValveBiped.Bip01_L_Finger32" 91
  107 "ValveBiped.Bip01_R_Finger12" 94
  108 "ValveBiped.Bip01_R_Finger22" 96
  109 "ValveBiped.Bip01_R_Finger42" 98
  110 "ValveBiped.Bip01_R_Finger32" 100
  111 "ValveBiped.Anim_Attachment_RH" -1
  112 "tag_sling" -1
  113 "tag_attachments" 112
  114 "j_gun" -1
  115 "j_trigger" 112
  116 "tag_acog_2" 112
  117 "tag_barrel_attach" 112
  118 "tag_flash" 117
  119 "tag_folding_grip" 117
  120 "tag_grenade_launcher" 117
  121 "tag_grip_attach" 117
  122 "tag_ik_loc_le" 117
  123 "tag_laser_attach" 117
  124 "tag_silencer" 117
  125 "tag_grip_hide" 117
  126 "tag_brass" 112
  127 "tag_cosmetic" 112
  128 "tag_holo" 112
  129 "tag_hybrid" 112
  130 "j_hybrid_scope" 129
  131 "j_magnifier_lever" 129
  132 "tag_glass_ads2" 129
  133 "tag_glass_hip2" 129
  134 "tag_reticle_attach2" 129
  135 "tag_ik_loc_ri" 112
  136 "tag_mag_attach" 112
  137 "j_mag1" 136
  138 "j_mag_follower" 137
  139 "j_mag2" 136
  140 "tag_pistolgrip_attach" 112
  141 "tag_reflex" 112
  142 "tag_scope" 112
  143 "tag_sight_on" 112
  144 "tag_stock_attach" 112
  145 "j_charginghandle" 112
  146 "j_charginghandleassist" 112
  147 "j_firesel" 112
  148 "j_magrel" 112
  149 "j_magrel_right" 112
  150 "j_mike4_bolt" 112
  151 "tag_sight_off" 112
  152 "tag_tip" 117
  153 "j_stock" 144
  154 "tag_stock_hide" 112
  155 "j_b_01" 137
  156 "j_b_010" 137
  157 "j_b_011" 137
  158 "j_b_012" 137
  159 "j_b_013" 137
  160 "j_b_014" 137
  161 "j_b_015" 137
  162 "j_b_016" 137
  163 "j_b_02" 137
  164 "j_b_03" 137
  165 "j_b_04" 137
  166 "j_b_05" 137
  167 "j_b_06" 137
  168 "j_b_07" 137
  169 "j_b_08" 137
  170 "j_b_09" 137
  171 "tag_sight_on2" 117
  172 "tag_sight_off2" 117
  173 "tag_sync" 0
  174 "j_hip_le" 4
  175 "j_hiptwist_le" 174
  176 "j_knee_le" 174
  177 "j_ankle_le" 176
  178 "j_ball_le" 177
  179 "j_kneedq_le" 176
  180 "j_hip_proc_le" 174
  181 "j_hip_ri" 4
  182 "j_hiptwist_ri" 181
  183 "tag_stowed_thigh" 182
  184 "j_knee_ri" 181
  185 "j_ankle_ri" 184
  186 "j_ball_ri" 185
  187 "j_kneedq_ri" 184
  188 "j_hip_proc_ri" 181
  189 "j_proc_wristfronttwist1_le" 19
  190 "tag_wrist_attach_le" 189
  191 "j_shield_le" 14
  192 "j_index_le_4" 85
  193 "j_thumb_le_4" 68
  194 "j_webbing_le_1" 21
  195 "tag_weapon_left" 21
  196 "tag_accessory_left" 21
  197 "j_proc_metaindex_le_1" 21
  198 "j_proc_metaindex_le_2" 197
  199 "j_proc_metaknuckle_le_1" 21
  200 "j_proc_knuckle_le_1" 199
  201 "j_proc_idle_knuckle_le_1" 199
  202 "j_proc_orient_knuckle_le_1" 199
  203 "j_proc_metapinky_le_1" 21
  204 "j_proc_metapinky_le_2" 203
  205 "tag_carry_attach" 7
  206 "j_shield_ri" 17
  207 "j_index_ri_4" 94
  208 "j_thumb_ri_4" 83
  209 "j_webbing_ri_1" 25
  210 "tag_weapon_right" 25
  211 "tag_knife_attach2" 25
  212 "tag_accessory_right" 25
  213 "j_proc_metaindex_ri_1" 25
  214 "j_proc_metaindex_ri_2" 213
  215 "j_proc_metaknuckle_ri_1" 25
  216 "j_proc_knuckle_ri_1" 215
  217 "j_proc_idle_knuckle_ri_1" 215
  218 "j_proc_orient_knuckle_ri_1" 215
  219 "j_proc_metapinky_ri_1" 25
  220 "j_proc_metapinky_ri_2" 219
  221 "j_spine4" 6
  222 "j_chest" 221
  223 "j_proc_spineupper" 6
  224 "j_proc_spinelower" 5
  225 "j_groinprotector" 4
  226 "j_crotch" 4
  227 "tag_weapon" 3
  228 "j_bullet2" 137
  229 "tag_cambone" 1
  230 "tag_camera" 229
  231 "tag_player" 230
  232 "tag_playerhelmet" 230
  233 "tag_camera_scripted" 0
  234 "j_grenade" -1
  235 "j_gun.001" 227
  236 "j_barrel" 112
  237 "j_safety" 112
  238 "j_lever" 120
  239 "tag_flash_alt" 120
  240 "tag_ik_loc_le_launcher" 120
  241 "j_chamber" 120
  242 "j_grenade_empty" 120
  243 "j_basespring" 137
  244 "j_bullet" 137
  245 "tag_rail_attach" 112
  246 "Joints" -1
end
skeleton
  time 0
    0 0.000000 0.000000 0.000000 0.000000 0.000000 -1.570796
    1 -0.106750 -0.000001 -0.000351 0.000000 0.000000 0.000000
    2 0.000000 0.000000 0.000000 0.000000 0.000000 0.000000
    3 -0.904000 0.000000 -11.806000 0.000000 0.000000 0.000000
    4 0.000000 0.000000 -14.313999 1.570807 -1.570729 0.000000
    5 3.533001 0.000000 0.000000 0.000000 0.000000 0.000000
    6 6.250000 0.000000 0.000000 0.000000 0.000000 0.000000
    7 9.572857 -0.019507 -1.944020 -1.545137 1.187827 -1.546947
    8 9.568951 5.304874 2.057317 -1.552072 -1.033023 1.554673
    9 5.786820 0.002787 -0.000113 -0.792297 0.829725 -1.286949
    10 5.999492 -0.000592 -4.000343 0.000000 0.000000 0.000000
    11 5.787410 0.002582 0.000893 0.998604 -0.721377 -1.835914
    12 5.999492 -0.000592 4.000340 0.000000 0.000000 0.000000
    13 0.500225 0.000133 -0.000084 0.012102 0.000000 0.000000
    14 11.530657 0.000349 -0.001308 0.000031 0.000057 -1.779668
    15 -0.829338 0.893824 0.079659 -0.148839 0.047645 0.087266
    16 0.500225 0.000132 0.000072 0.016223 0.000000 0.000060
    17 11.532495 0.000526 0.003814 -0.000042 -0.000046 -1.605187
    18 -0.829586 0.894698 -0.079468 0.045377 -0.019621 0.087266
    19 10.599886 0.000105 -0.000553 -0.224840 0.000000 0.000024
    20 0.686089 -0.552533 -0.000805 0.000000 0.000011 0.889815
    21 11.042053 0.003717 0.000798 -0.498765 -0.430296 0.921001
    22 -11.814724 0.424524 -0.297680 0.247998 -0.066121 -0.042695
    23 10.599878 0.000105 0.000549 0.311428 0.000000 0.000000
    24 0.514207 -0.493938 0.000801 0.000000 -0.000011 0.802594
    25 11.041739 0.003170 -0.000568 0.226751 -0.069004 0.757940
    26 -11.663242 0.094713 0.140656 -0.068591 0.018527 -0.015099
    27 0.610300 -0.939470 0.070347 -1.655295 -0.140031 -0.175712
    28 0.639938 -0.199121 0.060192 -1.665960 -0.131392 -0.066483
    29 0.600155 1.080260 -0.339535 -1.738076 0.020730 0.107301
    30 0.610207 0.400743 -0.010098 -1.760386 -0.067668 0.011556
    31 0.630809 -0.690091 -0.232343 0.179612 -0.053930 -0.897034
    32 -0.792125 0.203736 0.461304 1.439074 -0.003453 -0.018305
    33 0.610300 -0.939469 -0.070354 1.655238 0.140141 -0.175584
    34 0.639938 -0.199121 -0.060200 1.665960 0.131428 -0.066447
    35 0.600157 1.080260 0.339531 1.741577 -0.203963 0.075949
    36 0.610205 0.400743 0.010086 1.761892 -0.015301 0.028071
    37 0.627906 -0.691394 0.232270 -1.014423 -0.861450 -0.666065
    38 -0.626031 -0.069982 -0.080517 -1.447153 0.086151 0.021559
    39 2.621377 -0.002532 -0.001438 0.267767 -0.234892 -0.031761
    40 2.660837 0.000397 -0.000071 -0.042756 0.037058 1.151133
    41 2.202488 0.003364 -0.002863 -0.034587 0.230248 0.081171
    42 0.599950 0.959236 -0.300102 -0.174544 0.000000 0.000000
    43 2.557190 -0.001967 0.002453 0.004281 0.045765 0.790050
    44 2.098929 0.000032 -0.002193 -0.596441 -0.064935 0.541383
    45 0.999378 -0.000238 -1.139055 0.000000 0.000000 0.000000
    46 -0.122641 -0.721855 0.661686 -0.486644 0.223964 0.243056
    47 2.622112 -0.000648 0.002741 -0.053008 0.086883 -0.048142
    48 2.657909 0.000687 -0.000533 0.200385 0.214683 1.264756
    49 2.200014 0.001663 0.000836 0.236792 0.017724 1.474044
    50 0.599949 0.959244 0.300102 0.174544 0.000000 0.000000
    51 2.556571 -0.000385 0.000554 0.236731 0.177110 1.399578
    52 2.103853 0.001708 -0.001011 0.124896 -0.418726 0.876962
    53 0.999376 -0.000240 1.494531 0.000000 0.000000 0.946859
    54 0.310848 -0.606446 -0.498005 0.308107 -0.197598 0.313975
    55 1.869163 -0.000835 -0.000994 -0.000007 0.000003 0.370944
    56 1.200941 0.399582 -0.000237 -0.009465 0.016087 0.007127
    57 0.000586 0.100342 -0.000319 -0.120035 -0.021926 -0.209617
    58 -0.161663 0.051712 0.194808 -2.941982 0.122408 -0.060194
    59 2.010090 -0.003202 -0.003377 -0.000078 0.000001 1.303645
    60 0.000237 0.099800 -0.000395 -0.018823 0.010833 -0.239219
    61 -0.203197 0.048607 0.069150 -3.093332 0.033217 -0.046722
    62 1.180426 -0.002312 0.000781 0.000046 -0.000024 1.141238
    63 -0.000196 0.099625 -0.000034 0.000000 0.000000 -0.314102
    64 -0.088737 -0.688435 -0.145203 2.930407 -0.136130 0.513013
    65 1.712069 -0.003328 0.003818 -0.027422 0.005217 1.564115
    66 -0.000576 0.100143 -0.000311 -0.010914 0.023131 -0.260843
    67 -0.146027 -0.232426 -0.014225 3.028455 -0.094299 0.113020
    68 1.290634 0.000361 -0.000036 0.000000 0.000000 0.437470
    69 -0.658119 -0.003576 0.072643 -0.142711 0.027792 -0.077299
    70 1.868078 -0.003049 0.002177 -0.000033 -0.000057 1.450101
    71 1.200075 0.399942 -0.000093 0.009465 -0.016087 0.007127
    72 0.000589 0.100342 0.000319 0.120035 0.021926 -0.209617
    73 0.068073 0.002283 -0.080050 3.111376 -0.069366 -0.060847
    74 2.011874 -0.001179 0.002180 0.000035 -0.000049 1.379032
    75 0.000233 0.099800 0.000395 0.018823 -0.010833 -0.239219
    76 -0.018673 -0.001009 0.047544 3.109244 0.002635 -0.106673
    77 1.178665 0.001595 0.000845 0.000030 0.000047 0.743962
    78 -0.000196 0.099628 0.000034 0.000000 0.000000 -0.314102
    79 0.036894 -0.634449 0.266284 -2.801062 0.174301 0.490915
    80 1.708256 -0.002504 -0.000686 -0.000058 0.000035 1.160590
    81 -0.000580 0.100140 0.000311 0.010910 -0.023132 -0.260845
    82 -0.003952 -0.281811 0.115047 -3.059162 0.089004 0.167964
    83 1.289625 0.000042 0.000061 -0.000002 0.000002 0.672669
    84 -0.171526 -0.018150 -0.099873 0.013484 -0.062184 -0.011781
    85 0.916622 0.003336 0.001326 0.000031 0.000068 0.711795
    86 -0.342617 0.053402 -0.025571 -2.909301 -0.017248 0.075276
    87 1.100231 -0.000928 -0.002434 0.000009 0.000002 0.678016
    88 -0.384979 0.331001 0.006848 -3.087207 -0.018765 -0.184278
    89 0.678146 0.002286 -0.003905 -0.000006 -0.000007 1.104311
    90 -0.123848 0.072738 0.029507 2.898184 -0.060627 0.094835
    91 1.017166 -0.000154 -0.000252 -0.000011 -0.000002 0.527889
    92 -0.344990 0.123129 0.143151 2.994981 0.012396 0.059140
    93 -0.730989 0.177046 0.039141 -0.123731 0.076518 -0.084310
    94 0.921993 0.001298 -0.000896 -0.000002 -0.000011 0.471806
    95 -0.124023 -0.052090 0.038495 3.077813 -0.008519 0.039229
    96 1.100433 -0.003552 0.000502 -0.000006 0.000006 0.545699
    97 -0.330082 0.160639 0.042780 3.128073 0.034033 -0.171236
    98 0.679764 0.001532 0.003272 -0.000010 -0.000057 0.674732
    99 -0.019512 -0.016531 0.038578 -2.763781 0.050305 0.076829
    100 1.018891 0.001206 0.001121 0.000066 -0.000005 0.497018
    101 -0.155308 0.130644 -0.021921 -3.022466 0.022433 -0.024902
    102 -0.252207 0.061937 -0.024914 -0.007671 -0.063171 -0.044392
    103 -0.085995 0.185205 -0.015180 -2.937063 -0.113970 -0.138991
    104 -0.286533 0.179852 0.024264 -3.109353 -0.049645 -0.029914
    105 -0.019482 0.147083 0.079203 2.893815 0.038585 -0.060594
    106 -0.046482 0.251896 0.129548 3.016165 0.077112 -0.042864
    107 0.039124 -0.040295 0.047739 3.084219 0.030470 -0.037414
    108 -0.233757 0.066630 0.001754 -3.133087 0.040141 -0.065412
    109 0.044266 0.020131 0.001684 -2.778763 -0.118872 -0.040488
    110 0.071495 0.074128 -0.048302 -3.035917 -0.059482 0.104366
    111 0.000000 0.000000 0.000000 0.000000 0.000000 -1.570796
    112 -3.125095 -7.812738 -2.847743 -0.044475 0.000000 -1.570703
    113 0.000000 0.000000 0.000000 0.000000 0.000000 0.000000
    114 -3.136814 -18.211493 -3.238380 -0.044616 -0.000045 -1.570796
    115 3.096000 0.000000 -1.996000 0.000000 0.000000 0.000000
    116 3.040999 0.000000 1.202000 0.000000 0.000000 0.000000
    117 7.854000 0.000000 -0.042000 0.000000 0.000000 0.000000
    118 13.105999 0.000000 -0.006000 0.000000 0.000000 -0.000013
    119 3.456000 0.000000 -1.084000 0.000000 0.000000 0.000000
    120 1.804000 0.000000 -1.025000 0.000000 0.000000 0.000000
    121 7.098000 0.000000 -1.084000 0.000000 0.000000 0.000000
    122 1.868000 1.809000 -1.975000 -2.218497 -0.017091 -0.465758
    123 3.740000 0.000000 1.273000 0.000000 0.000000 0.000000
    124 11.956999 0.000000 -0.006000 0.000000 0.000000 0.000013
    125 6.072001 0.000000 -1.238000 0.000000 0.000000 0.000000
    126 5.690000 -0.365000 0.068000 -0.000118 -0.348941 -1.570715
    127 6.396999 0.614000 0.428000 0.000000 0.000000 0.000000
    128 3.040999 0.000000 1.202000 0.000000 0.000000 0.000000
    129 3.720000 0.000000 1.202000 0.000000 0.000000 0.000000
    130 1.086000 -0.661000 -0.149000 0.000000 0.000000 0.000000
    131 1.067000 0.589000 0.076000 0.000000 0.000000 0.000000
    132 0.000000 -0.019000 0.000000 0.000000 0.000000 0.000000
    133 0.000000 -0.019000 0.000000 0.000000 0.000000 0.000000
    134 3.300000 -0.019000 1.346000 0.000000 0.000000 0.000000
    135 -1.524000 -1.859000 -4.367000 -1.730149 -0.014933 0.208109
    136 7.283999 0.000000 -2.195000 0.000000 0.000000 0.000000
    137 -1.323000 0.000000 0.184000 0.000000 0.000000 0.000000
    138 0.082000 0.000000 1.002000 0.000000 0.000000 0.000000
    139 -19.542306 5.910337 -60.688951 0.044163 0.000142 -0.000095
    140 0.478000 0.000000 -4.537000 0.000000 0.000000 0.000000
    141 3.436000 0.000000 1.202000 0.000000 0.000000 0.000000
    142 3.040999 0.000000 1.202000 0.000000 0.000000 0.000000
    143 4.657000 0.000000 1.545000 0.000000 0.000000 0.000000
    144 -0.403000 0.000000 -0.011000 0.000000 0.000000 0.000000
    145 1.781000 0.000000 0.873000 0.000000 0.000000 0.000000
    146 0.384000 0.715000 0.801000 0.000000 0.000000 0.000000
    147 1.795000 0.533000 -1.550000 0.000000 0.000000 0.000000
    148 4.435999 0.595000 -0.954000 0.000000 0.000000 0.000000
    149 4.401999 -0.614000 -1.630000 0.000000 0.000000 0.000000
    150 4.203000 -0.003000 -0.048000 0.000000 0.000000 0.000000
    151 5.136000 0.000000 1.534000 0.000000 0.000000 0.000000
    152 11.957001 0.000000 -0.006000 0.000000 0.000000 0.000013
    153 -2.103001 0.000000 0.000000 0.000000 0.000000 0.000000
    154 -0.598001 0.000000 -0.011000 0.000000 0.000000 0.000000
    155 0.496000 0.184000 -3.523000 0.000000 0.000000 0.000000
    156 0.147000 0.184000 -0.328000 0.000000 0.000000 0.000000
    157 0.147000 0.184000 0.023000 0.000000 0.000000 0.000000
    158 0.147000 0.184000 0.368000 0.000000 0.000000 0.000000
    159 0.147000 0.184000 0.717000 0.000000 0.000000 0.000000
    160 0.147000 0.184000 1.067000 0.000000 0.000000 0.000000
    161 0.148000 0.184000 1.414000 0.000000 0.000000 0.000000
    162 0.148000 -0.074000 1.640000 0.000000 0.000000 0.000000
    163 0.435000 0.184000 -3.179000 0.000000 0.000000 0.000000
    164 0.378000 0.184000 -2.826000 0.000000 0.000000 0.000000
    165 0.329000 0.184000 -2.477000 0.000000 0.000000 0.000000
    166 0.286000 0.184000 -2.127000 0.000000 0.000000 0.000000
    167 0.252000 0.184000 -1.775000 0.000000 0.000000 0.000000
    168 0.215000 0.184000 -1.417000 0.000000 0.000000 0.000000
    169 0.190000 0.184000 -1.064000 0.000000 0.000000 0.000000
    170 0.166000 0.184000 -0.714000 0.000000 0.000000 0.000000
    171 1.622000 0.000000 1.568000 0.000000 0.000000 0.000000
    172 2.240000 0.000000 1.568000 0.000000 0.000000 0.000000
    173 0.000000 0.000000 0.000000 0.000000 0.000000 0.000000
    174 0.000000 0.000000 -4.867001 3.141572 -0.003206 -3.128592
    175 1.000088 -0.000029 0.000000 0.000000 0.000000 0.000000
    176 17.162518 -0.000404 0.000000 0.000000 0.000000 0.119207
    177 17.749374 0.295515 0.000000 0.000000 0.000000 -1.158919
    178 5.413528 0.000347 0.000000 0.000000 0.000000 -0.518029
    179 0.017887 0.299792 0.000000 0.000000 0.000000 -0.059575
    180 9.999889 -0.000303 0.000000 0.000000 0.000000 0.000000
    181 0.000000 0.000000 4.867000 -3.141572 0.003206 -3.128592
    182 1.000088 -0.000029 0.000000 0.000000 0.000000 0.000000
    183 12.283573 1.581455 -4.695999 1.462269 -0.086726 0.090185
    184 17.162518 -0.000404 0.000000 0.000000 0.000000 0.119207
    185 17.749374 0.295515 0.000000 0.000000 0.000000 -1.158919
    186 5.413528 0.000347 0.000000 0.000000 0.000000 -0.518027
    187 0.017887 0.299792 0.000000 0.000000 0.000000 -0.059573
    188 9.499836 0.000212 0.000000 0.000000 0.000000 0.000000
    189 -1.145525 0.000130 0.000671 0.000000 0.000000 0.000000
    190 -0.857691 0.104071 0.104687 0.023536 0.163924 0.013632
    191 3.999430 -0.000528 -0.000332 -0.281047 0.000000 0.000060
    192 0.599499 0.400698 0.000236 0.000000 0.000000 0.000000
    193 0.599886 0.400186 -0.000027 0.000000 0.000000 0.000000
    194 2.299677 -2.499979 -0.599480 0.891898 0.221465 -0.527213
    195 6.615128 -4.627024 0.078179 1.512685 -0.286905 0.091476
    196 -9.580679 -27.862108 -37.184677 0.812879 -0.123459 -0.568477
    197 0.649935 -0.548296 0.093658 -1.665913 -0.131399 -0.112062
    198 1.899127 0.000427 -0.000439 0.027386 -0.033311 0.477848
    199 0.657078 0.008400 0.040375 -1.665945 -0.131407 -0.000013
    200 1.799664 -0.000240 0.000231 0.027386 -0.033311 0.477848
    201 1.799664 -0.000240 0.000231 0.027386 -0.033311 0.477848
    202 1.799664 -0.000240 0.000231 0.027386 -0.033311 0.477848
    203 0.665774 0.747222 -0.029186 -1.665935 -0.131408 0.094976
    204 1.900306 -0.000137 -0.000517 0.027386 -0.033311 0.477848
    205 6.255803 -3.374086 4.821289 1.565404 1.561257 -2.764181
    206 3.999897 0.000040 0.001007 0.155706 0.000048 0.000060
    207 0.600403 0.399632 -0.000469 0.000000 0.000000 -3.141592
    208 0.599890 0.400186 0.000031 0.000000 0.000000 3.141497
    209 2.300137 -2.499413 0.600155 -0.891898 -0.221466 -0.527212
    210 12.103249 -3.649587 -1.234199 1.733490 0.203087 0.048157
    211 2.762354 0.116951 1.523975 1.629482 0.064153 1.743800
    212 7.228317 7.928200 -3.925652 2.328713 0.123459 -0.568477
    213 0.650396 -0.547731 -0.092976 1.665913 0.131399 -0.112062
    214 1.899441 -0.000320 -0.000150 -0.027386 0.033311 0.477848
    215 0.657068 0.008398 -0.040379 1.665945 0.131407 -0.000013
    216 1.799659 -0.000233 -0.000233 -0.027386 0.033311 0.477848
    217 1.799659 -0.000233 -0.000233 -0.027386 0.033311 0.477848
    218 1.799659 -0.000233 -0.000233 -0.027386 0.033311 0.477848
    219 0.665778 0.747222 0.029179 1.665935 0.131408 0.094976
    220 1.900722 0.000549 -0.000072 -0.027386 0.033311 0.477848
    221 4.530998 0.000000 0.000000 0.000000 0.000000 0.000000
    222 4.527344 0.000000 0.000000 0.000000 0.000000 0.000000
    223 0.000000 0.000000 0.000000 0.000000 0.000000 0.000000
    224 0.000000 0.000000 0.000000 0.000000 0.000000 0.000000
    225 4.000000 -6.500000 0.000000 0.000000 0.000000 0.000977
    226 -6.500000 0.000000 0.000000 0.000000 1.570752 0.000000
    227 19.219105 -3.140472 8.563894 -0.044126 -0.000178 0.000186
    228 0.280000 -0.135000 2.196999 1.570796 0.000000 -1.570735
    229 0.000000 0.000000 0.000000 0.000000 0.000000 0.000000
    230 0.000000 0.000000 0.000000 0.000000 0.000000 0.000000
    231 0.106000 0.000000 -64.320000 0.000000 0.000000 0.000000
    232 0.000000 0.000000 0.000000 0.000000 0.000000 0.000000
    233 -0.106000 0.000000 64.320000 0.000000 0.000000 0.000000
    234 0.003042 -0.001328 -64.319374 0.000009 0.000084 -3.141638
    235 0.000000 0.000000 0.000000 -0.000303 0.000193 -0.000090
    236 1.688000 -0.001000 -1.454002 0.000000 0.000000 0.000000
    237 -1.070999 -0.005000 0.545002 0.000000 0.000000 0.000000
    238 5.895000 0.750997 -0.156000 0.000000 0.000000 0.000000
    239 11.599999 -0.000003 -1.500002 0.000000 0.000000 0.000000
    240 1.037001 1.337997 -4.334000 -2.791227 -0.162411 -0.765711
    241 7.216001 -0.000003 -1.579000 0.000000 0.000000 0.000000
    242 4.445999 -0.000003 -1.500000 0.000000 0.000000 0.000000
    243 0.673937 -0.015635 -4.768713 -3.141592 -1.281051 3.141593
    244 0.094999 -0.144000 0.332001 0.000000 0.000000 0.000000
    245 14.209020 0.000022 0.766988 0.000000 0.000000 0.000000
    246 0.000000 0.000000 0.000000 1.570800 0.000000 -1.570796
  time 1
    0 0.000000 0.000000 0.000000 0.000000 0.000000 -1.570796
    1 -0.106750 -0.000001 -0.000351 0.000000 0.000000 0.000000
    2 0.000000 0.000000 0.000000 0.000000 0.000000 0.000000
    3 -0.904000 0.000000 -11.806000 0.000000 0.000000 0.000000
    4 0.000000 0.000000 -14.313999 1.570807 -1.570729 0.000000
    5 3.533001 0.000000 0.000000 0.000000 0.000000 0.000000
    6 6.250000 0.000000 0.000000 0.000000 0.000000 0.000000
    7 10.654921 0.367224 -2.248717 -1.530418 1.333177 -1.531563
    8 9.568951 5.304874 2.057317 -1.552072 -1.033023 1.554673
    9 5.786820 0.002787 -0.000113 -1.078691 0.870325 -1.852431
    10 5.999492 -0.000592 -4.000343 0.000000 0.000000 0.000000
    11 5.787410 0.002582 0.000893 -0.189210 0.274878 -1.385016
    12 5.999492 -0.000592 4.000340 0.000000 0.000000 0.000000
    13 0.500225 0.000133 -0.000084 -0.026478 0.000000 0.000000
    14 11.530657 0.000349 -0.001308 0.000031 -0.000039 -1.272285
    15 -0.829338 0.893824 0.079659 -0.148839 0.047645 0.087266
    16 0.500225 0.000132 0.000072 0.796554 0.000000 0.000000
    17 11.532495 0.000526 0.003814 0.000006 -0.000010 -1.239517
    18 -0.829586 0.894698 -0.079468 0.045377 -0.019621 0.087266
    19 10.599886 0.000105 -0.000553 -0.159837 0.000000 0.000000
    20 0.268107 -0.361121 -0.000805 -0.000048 0.000023 0.636132
    21 11.042053 0.003717 0.000798 -1.156655 -1.195721 0.561004
    22 -11.814724 0.424524 -0.297680 0.247998 -0.066121 -0.042695
    23 10.599878 0.000105 0.000549 0.533988 -0.000012 0.000048
    24 0.248573 -0.349402 0.000801 0.000000 -0.000011 0.619824
    25 11.041739 0.003170 -0.000568 0.566638 -0.528698 0.174245
    26 -11.663242 0.094713 0.140656 -0.068591 0.018527 -0.015099
    27 0.610300 -0.939470 0.070347 -1.654436 -0.035897 -0.184401
    28 0.639938 -0.199121 0.060192 -1.664994 -0.000975 -0.078467
    29 0.600155 1.080260 -0.339535 -1.727892 0.154720 0.083152
    30 0.610207 0.400743 -0.010098 -1.761192 0.066679 0.008129
    31 0.638621 -0.686184 -0.240156 0.122488 0.357699 -1.149064
    32 -0.792125 0.203736 0.461304 1.439074 -0.003453 -0.018305
    33 0.610300 -0.939469 -0.070354 1.655238 0.140141 -0.175584
    34 0.639938 -0.199121 -0.060200 1.665960 0.131356 -0.066447
    35 0.600157 1.080260 0.339531 1.739031 -0.112364 0.091817
    36 0.610205 0.400743 0.010086 1.761945 0.023145 0.035489
    37 0.627906 -0.691394 0.232270 -0.733543 -0.706908 -0.803555
    38 -0.626031 -0.069982 -0.080517 -1.447153 0.086151 0.021559
    39 2.621377 -0.002532 -0.001438 0.161499 -0.153395 0.243433
    40 2.660837 0.000397 -0.000071 -0.062150 0.045817 0.735898
    41 2.202488 0.003364 -0.002863 0.021835 0.164186 0.069546
    42 0.599950 0.959236 -0.300102 -0.174544 0.000000 0.000000
    43 2.557190 -0.001967 0.002453 0.061597 0.065619 0.543927
    44 2.098929 0.000032 -0.002193 -0.579898 -0.063369 0.541509
    45 0.999378 -0.000238 -1.092179 0.000000 0.000000 0.000000
    46 -0.122641 -0.721855 0.661686 -0.486644 0.223964 0.243056
    47 2.622112 -0.000648 0.002741 -0.023490 0.069149 0.354370
    48 2.657909 0.000687 -0.000533 0.110220 0.099056 1.009973
    49 2.200014 0.001663 0.000836 0.173106 -0.050708 0.869491
    50 0.599949 0.959244 0.300102 0.174544 0.000000 0.000000
    51 2.556571 -0.000385 0.000554 0.167574 0.063923 0.929985
    52 2.103853 0.001708 -0.001011 0.191146 -0.330376 0.709730
    53 0.999376 -0.000240 1.416403 0.000000 0.000000 0.946859
    54 0.310848 -0.606446 -0.498005 0.308107 -0.197598 0.313975
    55 1.869163 -0.000835 -0.000994 -0.000007 0.000003 0.685922
    56 1.200941 0.399582 -0.000237 -0.009465 0.016087 0.007127
    57 0.000586 0.100342 -0.000319 -0.120035 -0.021926 -0.209617
    58 -0.161663 0.051712 0.194808 -2.941982 0.122408 -0.060194
    59 2.010090 -0.003202 -0.003377 -0.000018 0.000025 1.237325
    60 0.000237 0.099800 -0.000395 -0.018823 0.010833 -0.239219
    61 -0.203197 0.048607 0.069150 -3.093332 0.033217 -0.046722
    62 1.180426 -0.002312 0.000781 0.000022 0.000000 0.673563
    63 -0.000196 0.099625 -0.000034 0.000000 0.000000 -0.314102
    64 -0.088737 -0.688435 -0.145203 2.930407 -0.136130 0.513013
    65 1.712069 -0.003328 0.003818 -0.013712 0.002556 1.036814
    66 -0.000576 0.100143 -0.000311 -0.010914 0.023131 -0.260843
    67 -0.146027 -0.232426 -0.014225 3.028455 -0.094299 0.113020
    68 1.290634 0.000361 -0.000036 0.000000 0.000000 0.581436
    69 -0.658119 -0.003576 0.072643 -0.142711 0.027792 -0.077299
    70 1.868078 -0.003049 0.002177 -0.000033 -0.000009 1.340608
    71 1.200075 0.399942 -0.000093 0.009465 -0.016087 0.007127
    72 0.000589 0.100342 0.000319 0.120035 0.021926 -0.209617
    73 0.068073 0.002283 -0.080050 3.111376 -0.069366 -0.060847
    74 2.011874 -0.001179 0.002180 0.000047 -0.000037 1.219309
    75 0.000233 0.099800 0.000395 0.018823 -0.010833 -0.239219
    76 -0.018673 -0.001009 0.047544 3.109244 0.002635 -0.106673
    77 1.178665 0.001595 0.000845 0.000006 -0.000001 0.439893
    78 -0.000196 0.099628 0.000034 0.000000 0.000000 -0.314102
    79 0.036894 -0.634449 0.266284 -2.801062 0.174301 0.490915
    80 1.708256 -0.002504 -0.000686 -0.000010 0.000011 1.064269
    81 -0.000580 0.100140 0.000311 0.010910 -0.023132 -0.260845
    82 -0.003952 -0.281811 0.115047 -3.059162 0.089004 0.167964
    83 1.289625 0.000042 0.000061 -0.000002 0.000002 0.769426
    84 -0.171526 -0.018150 -0.099873 0.013484 -0.062184 -0.011781
    85 0.916622 0.003336 0.001326 0.001073 0.000907 0.729190
    86 -0.342617 0.053402 -0.025571 -2.909301 -0.017248 0.075276
    87 1.100231 -0.000928 -0.002434 0.000009 0.000002 0.679263
    88 -0.384979 0.331001 0.006848 -3.087207 -0.018765 -0.184278
    89 0.678146 0.002286 -0.003905 -0.000006 -0.000007 0.685350
    90 -0.123848 0.072738 0.029507 2.898184 -0.060627 0.094835
    91 1.017166 -0.000154 -0.000252 -0.000035 0.000010 0.800416
    92 -0.344990 0.123129 0.143151 2.994981 0.012396 0.059140
    93 -0.730989 0.177046 0.039141 -0.123731 0.076518 -0.084310
    94 0.921993 0.001298 -0.000896 -0.000002 -0.000011 0.410499
    95 -0.124023 -0.052090 0.038495 3.077813 -0.008519 0.039229
    96 1.100433 -0.003552 0.000502 -0.000018 -0.000054 0.604666
    97 -0.330082 0.160639 0.042780 3.128073 0.034033 -0.171236
    98 0.679764 0.001532 0.003272 0.000002 0.000003 0.804453
    99 -0.019512 -0.016531 0.038578 -2.763781 0.050305 0.076829
    100 1.018891 0.001206 0.001121 -0.000006 -0.000053 0.440076
    101 -0.155308 0.130644 -0.021921 -3.022466 0.022433 -0.024902
    102 -0.252207 0.061937 -0.024914 -0.007671 -0.063171 -0.044392
    103 -0.085995 0.185205 -0.015180 -2.937063 -0.113970 -0.138991
    104 -0.286533 0.179852 0.024264 -3.109353 -0.049645 -0.029914
    105 -0.019482 0.147083 0.079203 2.893815 0.038585 -0.060594
    106 -0.046482 0.251896 0.129548 3.016165 0.077112 -0.042864
    107 0.039124 -0.040295 0.047739 3.084219 0.030470 -0.037414
    108 -0.233757 0.066630 0.001754 -3.133087 0.040141 -0.065412
    109 0.044266 0.020131 0.001684 -2.778763 -0.118872 -0.040488
    110 0.071495 0.074128 -0.048302 -3.035917 -0.059482 0.104366
    111 0.000000 0.000000 0.000000 0.000000 0.000000 -1.570796
    112 -7.523667 -8.187750 -5.304849 -0.952154 0.041498 -0.787591
    113 0.000000 0.000000 0.000000 0.000000 0.000000 0.000000
    114 -0.425794 -15.770012 -5.965026 -0.951960 0.041677 -0.787383
    115 3.096000 0.000000 -1.996000 0.000000 0.000000 0.000000
    116 3.040999 0.000000 1.202000 0.000000 0.000000 0.000000
    117 7.854000 0.000000 -0.042000 0.000000 0.000000 0.000000
    118 13.105999 0.000000 -0.006000 0.000000 0.000000 -0.000013
    119 3.456000 0.000000 -1.084000 0.000000 0.000000 0.000000
    120 1.804000 0.000000 -1.025000 0.000000 0.000000 0.000000
    121 7.098000 0.000000 -1.084000 0.000000 0.000000 0.000000
    122 1.868000 1.809000 -1.975000 -2.218497 -0.017091 -0.465758
    123 3.740000 0.000000 1.273000 0.000000 0.000000 0.000000
    124 11.956999 0.000000 -0.006000 0.000000 0.000000 0.000013
    125 6.072001 0.000000 -1.238000 0.000000 0.000000 0.000000
    126 5.690000 -0.365000 0.068000 -0.000118 -0.348941 -1.570715
    127 6.396999 0.614000 0.428000 0.000000 0.000000 0.000000
    128 3.040999 0.000000 1.202000 0.000000 0.000000 0.000000
    129 3.720000 0.000000 1.202000 0.000000 0.000000 0.000000
    130 1.086000 -0.661000 -0.149000 0.000000 0.000000 0.000000
    131 1.067000 0.589000 0.076000 0.000000 0.000000 0.000000
    132 0.000000 -0.019000 0.000000 0.000000 0.000000 0.000000
    133 0.000000 -0.019000 0.000000 0.000000 0.000000 0.000000
    134 3.300000 -0.019000 1.346000 0.000000 0.000000 0.000000
    135 -1.524000 -1.859000 -4.367000 -1.730149 -0.014933 0.208109
    136 7.283999 0.000000 -2.195000 0.000000 0.000000 0.000000
    137 -1.323000 0.000000 0.184000 0.000000 0.000000 0.000000
    138 0.082000 0.000000 1.002000 0.000000 0.000000 0.000000
    139 -8.397435 57.736137 -21.429941 0.797590 0.591718 -0.549352
    140 0.478000 0.000000 -4.537000 0.000000 0.000000 0.000000
    141 3.436000 0.000000 1.202000 0.000000 0.000000 0.000000
    142 3.040999 0.000000 1.202000 0.000000 0.000000 0.000000
    143 4.657000 0.000000 1.545000 0.000000 0.000000 0.000000
    144 -0.403000 0.000000 -0.011000 0.000000 0.000000 0.000000
    145 1.781000 0.000000 0.873000 0.000000 0.000000 0.000000
    146 0.384000 0.715000 0.801000 0.000000 0.000000 0.000000
    147 1.795000 0.533000 -1.550000 0.000000 0.000000 0.000000
    148 4.435999 0.595000 -0.954000 0.000000 0.000000 0.000000
    149 4.401999 -0.614000 -1.630000 0.000000 0.000000 0.000000
    150 4.203000 -0.003000 -0.048000 0.000000 0.000000 0.000000
    151 5.136000 0.000000 1.534000 0.000000 0.000000 0.000000
    152 11.957001 0.000000 -0.006000 0.000000 0.000000 0.000013
    153 -2.103001 0.000000 0.000000 0.000000 0.000000 0.000000
    154 -0.598001 0.000000 -0.011000 0.000000 0.000000 0.000000
    155 0.496000 0.184000 -3.523000 0.000000 0.000000 0.000000
    156 0.147000 0.184000 -0.328000 0.000000 0.000000 0.000000
    157 0.147000 0.184000 0.023000 0.000000 0.000000 0.000000
    158 0.147000 0.184000 0.368000 0.000000 0.000000 0.000000
    159 0.147000 0.184000 0.717000 0.000000 0.000000 0.000000
    160 0.147000 0.184000 1.067000 0.000000 0.000000 0.000000
    161 0.148000 0.184000 1.414000 0.000000 0.000000 0.000000
    162 0.148000 -0.074000 1.640000 0.000000 0.000000 0.000000
    163 0.435000 0.184000 -3.179000 0.000000 0.000000 0.000000
    164 0.378000 0.184000 -2.826000 0.000000 0.000000 0.000000
    165 0.329000 0.184000 -2.477000 0.000000 0.000000 0.000000
    166 0.286000 0.184000 -2.127000 0.000000 0.000000 0.000000
    167 0.252000 0.184000 -1.775000 0.000000 0.000000 0.000000
    168 0.215000 0.184000 -1.417000 0.000000 0.000000 0.000000
    169 0.190000 0.184000 -1.064000 0.000000 0.000000 0.000000
    170 0.166000 0.184000 -0.714000 0.000000 0.000000 0.000000
    171 1.622000 0.000000 1.568000 0.000000 0.000000 0.000000
    172 2.240000 0.000000 1.568000 0.000000 0.000000 0.000000
    173 0.000000 0.000000 0.000000 0.000000 0.000000 0.000000
    174 0.000000 0.000000 -4.867001 3.141572 -0.003206 -3.128592
    175 1.000088 -0.000029 0.000000 0.000000 0.000000 0.000000
    176 17.162518 -0.000404 0.000000 0.000000 0.000000 0.119207
    177 17.749374 0.295515 0.000000 0.000000 0.000000 -1.158919
    178 5.413528 0.000347 0.000000 0.000000 0.000000 -0.518029
    179 0.017887 0.299792 0.000000 0.000000 0.000000 -0.059575
    180 9.999889 -0.000303 0.000000 0.000000 0.000000 0.000000
    181 0.000000 0.000000 4.867000 -3.141572 0.003206 -3.128592
    182 1.000088 -0.000029 0.000000 0.000000 0.000000 0.000000
    183 12.283573 1.581455 -4.695999 1.462269 -0.086726 0.090185
    184 17.162518 -0.000404 0.000000 0.000000 0.000000 0.119207
    185 17.749374 0.295515 0.000000 0.000000 0.000000 -1.158919
    186 5.413528 0.000347 0.000000 0.000000 0.000000 -0.518027
    187 0.017887 0.299792 0.000000 0.000000 0.000000 -0.059573
    188 9.499836 0.000212 0.000000 0.000000 0.000000 0.000000
    189 -1.145525 0.000130 0.000671 0.000000 0.000000 0.000000
    190 -0.857691 0.104071 0.104687 0.023536 0.163924 0.013632
    191 3.999430 -0.000528 -0.000332 -0.199845 0.000000 0.000000
    192 0.599499 0.400698 0.000236 0.000000 0.000000 0.000000
    193 0.599886 0.400186 -0.000027 0.000000 0.000000 0.000000
    194 2.299677 -2.499979 -0.599480 0.891898 0.221465 -0.527213
    195 5.829948 -4.865313 -0.906226 1.552293 -0.508959 -0.230758
    196 -9.580679 -27.862108 -37.184677 0.812879 -0.123459 -0.568477
    197 0.649935 -0.548296 0.093658 -1.665913 -0.131399 -0.112062
    198 1.899127 0.000427 -0.000439 0.027386 -0.033311 0.477848
    199 0.657078 0.008400 0.040375 -1.665945 -0.131407 -0.000013
    200 1.799664 -0.000240 0.000231 0.027386 -0.033311 0.477848
    201 1.799664 -0.000240 0.000231 0.027386 -0.033311 0.477848
    202 1.799664 -0.000240 0.000231 0.027386 -0.033311 0.477848
    203 0.665774 0.747222 -0.029186 -1.665935 -0.131408 0.094976
    204 1.900306 -0.000137 -0.000517 0.027386 -0.033311 0.477848
    205 5.486248 -4.698345 3.739225 1.575273 1.561305 -2.899674
    206 3.999897 0.000040 0.001007 0.266981 0.000000 0.000000
    207 0.600403 0.399632 -0.000469 0.000000 0.000000 3.141593
    208 0.599890 0.400186 0.000031 0.000000 0.000000 3.141497
    209 2.300137 -2.499413 0.600155 -0.891898 -0.221466 -0.527212
    210 7.599205 -8.360668 -1.284982 1.718840 0.248958 -0.764609
    211 2.762354 0.116951 1.523975 1.629482 0.064153 1.743800
    212 7.228317 7.928200 -3.925652 2.328713 0.123459 -0.568477
    213 0.650396 -0.547731 -0.092976 1.665913 0.131399 -0.112062
    214 1.899441 -0.000320 -0.000150 -0.027386 0.033311 0.477848
    215 0.657068 0.008398 -0.040379 1.665945 0.131407 -0.000013
    216 1.799659 -0.000233 -0.000233 -0.027386 0.033311 0.477848
    217 1.799659 -0.000233 -0.000233 -0.027386 0.033311 0.477848
    218 1.799659 -0.000233 -0.000233 -0.027386 0.033311 0.477848
    219 0.665778 0.747222 0.029179 1.665935 0.131408 0.094976
    220 1.900722 0.000549 -0.000072 -0.027386 0.033311 0.477848
    221 4.530998 0.000000 0.000000 0.000000 0.000000 0.000000
    222 4.527344 0.000000 0.000000 0.000000 0.000000 0.000000
    223 0.000000 0.000000 0.000000 0.000000 0.000000 0.000000
    224 0.000000 0.000000 0.000000 0.000000 0.000000 0.000000
    225 4.000000 -6.500000 0.000000 0.000000 0.000000 0.000977
    226 -6.500000 0.000000 0.000000 0.000000 1.570752 0.000000
    227 16.773718 -0.425545 5.841154 -0.951804 0.041447 0.783388
    228 0.280000 -0.135000 2.196999 1.570796 0.000000 -1.570735
    229 0.000000 0.000000 0.000000 0.000000 0.000000 0.000000
    230 0.000000 0.000000 0.000000 0.030848 0.025084 -0.108748
    231 0.106000 0.000000 -64.320000 0.000000 0.000000 0.000000
    232 0.000000 0.000000 0.000000 0.000000 0.000000 0.000000
    233 -0.106000 0.000000 64.320000 0.000000 0.000000 0.000000
    234 0.003042 -0.001328 -64.319374 0.000009 0.000084 -3.141638
    235 0.000000 0.000000 0.000000 -0.000303 0.000193 -0.000090
    236 1.688000 -0.001000 -1.454002 0.000000 0.000000 0.000000
    237 -1.070999 -0.005000 0.545002 0.000000 0.000000 0.000000
    238 5.895000 0.750997 -0.156000 0.000000 0.000000 0.000000
    239 11.599999 -0.000003 -1.500002 0.000000 0.000000 0.000000
    240 1.037001 1.337997 -4.334000 -2.791227 -0.162411 -0.765711
    241 7.216001 -0.000003 -1.579000 0.000000 0.000000 0.000000
    242 4.445999 -0.000003 -1.500000 0.000000 0.000000 0.000000
    243 0.673937 -0.015635 -4.768713 -3.141592 -1.281051 3.141593
    244 0.094999 -0.144000 0.332001 0.000000 0.000000 0.000000
    245 14.209020 0.000022 0.766988 0.000000 0.000000 0.000000
    246 0.000000 0.000000 0.000000 1.570800 0.000000 -1.570796
  time 2
    0 0.000000 0.000000 0.000000 0.000000 0.000000 -1.570796
    1 -0.106750 -0.000001 -0.000351 0.000000 0.000000 0.000000
    2 0.000000 0.000000 0.000000 0.000000 0.000000 0.000000
    3 -0.904000 0.000000 -11.806000 0.000000 0.000000 0.000000
    4 0.000000 0.000000 -14.313999 1.570807 -1.570729 0.000000
    5 3.533001 0.000000 0.000000 0.000000 0.000000 0.000000
    6 6.250000 0.000000 0.000000 0.000000 0.000000 0.000000
    7 9.572857 5.152526 -2.440129 -1.440960 1.497416 -1.441266
    8 9.568951 5.304874 2.057317 -1.552072 -1.033023 1.554673
    9 5.786820 0.002787 -0.000113 -1.234219 1.148085 -1.718513
    10 5.999492 -0.000592 -4.000343 0.000000 0.000000 0.000000
    11 5.787410 0.002582 0.000893 -0.191347 0.443627 -0.816886
    12 5.999492 -0.000592 4.000340 0.000000 0.000000 0.000000
    13 0.500225 0.000133 -0.000084 0.016197 0.000000 0.000000
    14 11.530657 0.000349 -0.001308 -0.000065 0.000033 -2.095421
    15 -0.829338 0.893824 0.079659 -0.148839 0.047645 0.087266
    16 0.500225 0.000132 0.000072 0.820229 -0.000048 -0.000024
    17 11.532495 0.000526 0.003814 0.000054 0.000038 -1.496230
    18 -0.829586 0.894698 -0.079468 0.045377 -0.019621 0.087266
    19 10.599886 0.000105 -0.000553 -0.444187 0.000024 0.000012
    20 1.045475 -0.599409 -0.000805 0.000060 -0.000025 1.047725
    21 11.042053 0.003717 0.000798 -1.307967 -0.382678 0.989196
    22 -11.814724 0.424524 -0.297680 0.247998 -0.066121 -0.042695
    23 10.599878 0.000105 0.000549 0.074886 0.000000 0.000000
    24 0.420454 -0.450968 0.000801 0.000000 -0.000011 0.748064
    25 11.041739 0.003170 -0.000568 0.077017 0.368705 0.314803
    26 -11.663242 0.094713 0.140656 -0.068591 0.018527 -0.015099
    27 0.610300 -0.939470 0.070347 -1.654840 0.093980 -0.195295
    28 0.639938 -0.199121 0.060192 -1.665502 0.129453 -0.090416
    29 0.600155 1.080260 -0.339535 -1.730544 0.375952 0.032014
    30 0.610207 0.400743 -0.010098 -1.761676 0.252680 -0.006133
    31 0.642528 -0.678372 -0.247969 0.065425 0.769327 -1.401094
    32 -0.792125 0.203736 0.461304 1.439074 -0.003453 -0.018305
    33 0.610300 -0.939469 -0.070354 1.655238 0.140141 -0.175584
    34 0.639938 -0.199121 -0.060200 1.665960 0.131272 -0.066459
    35 0.600157 1.080260 0.339531 1.737970 -0.020754 0.107337
    36 0.610205 0.400743 0.010086 1.762268 0.061592 0.042920
    37 0.627906 -0.691394 0.232270 -0.418499 -0.548701 -0.951898
    38 -0.626031 -0.069982 -0.080517 -1.447153 0.086151 0.021559
    39 2.621377 -0.002532 -0.001438 -0.005806 -0.071729 0.518547
    40 2.660837 0.000397 -0.000071 -0.102446 0.054464 0.320829
    41 2.202488 0.003364 -0.002863 0.078197 0.098029 -0.011654
    42 0.599950 0.959236 -0.300102 -0.174544 0.000000 0.000000
    43 2.557190 -0.001967 0.002453 0.118913 0.094639 0.175733
    44 2.098929 0.000032 -0.002193 -0.551685 -0.052147 0.542119
    45 0.999378 -0.000238 -1.279684 0.000000 0.000000 0.000000
    46 -0.122641 -0.721855 0.661686 -0.486644 0.223964 0.243056
    47 2.622112 -0.000648 0.002741 0.003263 0.034160 0.753426
    48 2.657909 0.000687 -0.000533 0.017564 -0.015038 0.767022
    49 2.200014 0.001663 0.000836 0.103295 -0.094200 0.267196
    50 0.599949 0.959244 0.300102 0.174544 0.000000 0.000000
    51 2.556571 -0.000385 0.000554 0.095668 -0.049060 0.472379
    52 2.103853 0.001708 -0.001011 0.252526 -0.258181 0.512906
    53 0.999376 -0.000240 1.271868 0.000000 0.000000 0.946859
    54 0.310848 -0.606446 -0.498005 0.308107 -0.197598 0.313975
    55 1.869163 -0.000835 -0.000994 -0.000007 0.000003 1.000957
    56 1.200941 0.399582 -0.000237 -0.009465 0.016087 0.007127
    57 0.000586 0.100342 -0.000319 -0.120035 -0.021926 -0.209617
    58 -0.161663 0.051712 0.194808 -2.941982 0.122408 -0.060194
    59 2.010090 -0.003202 -0.003377 0.000042 0.000060 1.170959
    60 0.000237 0.099800 -0.000395 -0.018823 0.010833 -0.239219
    61 -0.203197 0.048607 0.069150 -3.093332 0.033217 -0.046722
    62 1.180426 -0.002312 0.000781 -0.000002 0.000000 0.205889
    63 -0.000196 0.099625 -0.000034 0.000000 0.000000 -0.314102
    64 -0.088737 -0.688435 -0.145203 2.930407 -0.136130 0.513013
    65 1.712069 -0.003328 0.003818 0.000071 -0.000021 0.509463
    66 -0.000576 0.100143 -0.000311 -0.010914 0.023131 -0.260843
    67 -0.146027 -0.232426 -0.014225 3.028455 -0.094299 0.113020
    68 1.290634 0.000361 -0.000036 0.000000 0.000000 0.725441
    69 -0.658119 -0.003576 0.072643 -0.142711 0.027792 -0.077299
    70 1.868078 -0.003049 0.002177 -0.000045 0.000027 1.231115
    71 1.200075 0.399942 -0.000093 0.009465 -0.016087 0.007127
    72 0.000589 0.100342 0.000319 0.120035 0.021926 -0.209617
    73 0.068073 0.002283 -0.080050 3.111376 -0.069366 -0.060847
    74 2.011874 -0.001179 0.002180 -0.000001 -0.000001 1.048205
    75 0.000233 0.099800 0.000395 0.018823 -0.010833 -0.239219
    76 -0.018673 -0.001009 0.047544 3.109244 0.002635 -0.106673
    77 1.178665 0.001595 0.000845 0.000006 0.000059 0.127648
    78 -0.000196 0.099628 0.000034 0.000000 0.000000 -0.314102
    79 0.036894 -0.634449 0.266284 -2.801062 0.174301 0.490915
    80 1.708256 -0.002504 -0.000686 0.000026 0.000059 0.954969
    81 -0.000580 0.100140 0.000311 0.010910 -0.023132 -0.260845
    82 -0.003952 -0.281811 0.115047 -3.059162 0.089004 0.167964
    83 1.289625 0.000042 0.000061 0.000070 0.000038 0.840477
    84 -0.171526 -0.018150 -0.099873 0.013484 -0.062184 -0.011781
    85 0.916622 0.003336 0.001326 0.002152 0.001782 0.850498
    86 -0.342617 0.053402 -0.025571 -2.909301 -0.017248 0.075276
    87 1.100231 -0.000928 -0.002434 0.000009 0.000002 0.688104
    88 -0.384979 0.331001 0.006848 -3.087207 -0.018765 -0.184278
    89 0.678146 0.002286 -0.003905 -0.000006 -0.000007 0.182000
    90 -0.123848 0.072738 0.029507 2.898184 -0.060627 0.094835
    91 1.017166 -0.000154 -0.000252 -0.000059 0.000022 1.072991
    92 -0.344990 0.123129 0.143151 2.994981 0.012396 0.059140
    93 -0.730989 0.177046 0.039141 -0.123731 0.076518 -0.084310
    94 0.921993 0.001298 -0.000896 -0.000002 -0.000011 0.360995
    95 -0.124023 -0.052090 0.038495 3.077813 -0.008519 0.039229
    96 1.100433 -0.003552 0.000502 -0.000006 0.000006 0.675182
    97 -0.330082 0.160639 0.042780 3.128073 0.034033 -0.171236
    98 0.679764 0.001532 0.003272 0.000002 0.000003 0.945749
    99 -0.019512 -0.016531 0.038578 -2.763781 0.050305 0.076829
    100 1.018891 0.001206 0.001121 -0.000006 -0.000053 0.394732
    101 -0.155308 0.130644 -0.021921 -3.022466 0.022433 -0.024902
    102 -0.252207 0.061937 -0.024914 -0.007671 -0.063171 -0.044392
    103 -0.085995 0.185205 -0.015180 -2.937063 -0.113970 -0.138991
    104 -0.286533 0.179852 0.024264 -3.109353 -0.049645 -0.029914
    105 -0.019482 0.147083 0.079203 2.893815 0.038585 -0.060594
    106 -0.046482 0.251896 0.129548 3.016165 0.077112 -0.042864
    107 0.039124 -0.040295 0.047739 3.084219 0.030470 -0.037414
    108 -0.233757 0.066630 0.001754 -3.133087 0.040141 -0.065412
    109 0.044266 0.020131 0.001684 -2.778763 -0.118872 -0.040488
    110 0.071495 0.074128 -0.048302 -3.035917 -0.059482 0.104366
    111 0.000000 0.000000 0.000000 0.000000 0.000000 -1.570796
    112 -14.922330 -7.242409 -3.984497 -1.809415 0.105877 0.009601
    113 0.000000 0.000000 0.000000 0.000000 0.000000 0.000000
    114 -4.570452 -7.523667 -4.992340 -1.808973 0.106161 0.010015
    115 3.096000 0.000000 -1.996000 0.000000 0.000000 0.000000
    116 3.040999 0.000000 1.202000 0.000000 0.000000 0.000000
    117 7.854000 0.000000 -0.042000 0.000000 0.000000 0.000000
    118 13.105999 0.000000 -0.006000 0.000000 0.000000 -0.000013
    119 3.456000 0.000000 -1.084000 0.000000 0.000000 0.000000
    120 1.804000 0.000000 -1.025000 0.000000 0.000000 0.000000
    121 7.098000 0.000000 -1.084000 0.000000 0.000000 0.000000
    122 1.868000 1.809000 -1.975000 -2.218497 -0.017091 -0.465758
    123 3.740000 0.000000 1.273000 0.000000 0.000000 0.000000
    124 11.956999 0.000000 -0.006000 0.000000 0.000000 0.000013
    125 6.072001 0.000000 -1.238000 0.000000 0.000000 0.000000
    126 5.690000 -0.365000 0.068000 -0.000118 -0.348941 -1.570715
    127 6.396999 0.614000 0.428000 0.000000 0.000000 0.000000
    128 3.040999 0.000000 1.202000 0.000000 0.000000 0.000000
    129 3.720000 0.000000 1.202000 0.000000 0.000000 0.000000
    130 1.086000 -0.661000 -0.149000 0.000000 0.000000 0.000000
    131 1.067000 0.589000 0.076000 0.000000 0.000000 0.000000
    132 0.000000 -0.019000 0.000000 0.000000 0.000000 0.000000
    133 0.000000 -0.019000 0.000000 0.000000 0.000000 0.000000
    134 3.300000 -0.019000 1.346000 0.000000 0.000000 0.000000
    135 -1.524000 -1.859000 -4.367000 -1.730149 -0.014933 0.208109
    136 7.283999 0.000000 -2.195000 0.000000 0.000000 0.000000
    137 -1.323000 0.000000 0.184000 0.000000 0.000000 0.000000
    138 0.082000 0.000000 1.002000 0.000000 0.000000 0.000000
    139 14.232162 55.595447 27.571555 -2.995569 1.331258 1.611881
    140 0.478000 0.000000 -4.537000 0.000000 0.000000 0.000000
    141 3.436000 0.000000 1.202000 0.000000 0.000000 0.000000
    142 3.040999 0.000000 1.202000 0.000000 0.000000 0.000000
    143 4.657000 0.000000 1.545000 0.000000 0.000000 0.000000
    144 -0.403000 0.000000 -0.011000 0.000000 0.000000 0.000000
    145 1.781000 0.000000 0.873000 0.000000 0.000000 0.000000
    146 0.384000 0.715000 0.801000 0.000000 0.000000 0.000000
    147 1.795000 0.533000 -1.550000 0.000000 0.000000 0.000000
    148 4.435999 0.595000 -0.954000 0.000000 0.000000 0.000000
    149 4.401999 -0.614000 -1.630000 0.000000 0.000000 0.000000
    150 4.203000 -0.003000 -0.048000 0.000000 0.000000 0.000000
    151 5.136000 0.000000 1.534000 0.000000 0.000000 0.000000
    152 11.957001 0.000000 -0.006000 0.000000 0.000000 0.000013
    153 -2.103001 0.000000 0.000000 0.000000 0.000000 0.000000
    154 -0.598001 0.000000 -0.011000 0.000000 0.000000 0.000000
    155 0.496000 0.184000 -3.523000 0.000000 0.000000 0.000000
    156 0.147000 0.184000 -0.328000 0.000000 0.000000 0.000000
    157 0.147000 0.184000 0.023000 0.000000 0.000000 0.000000
    158 0.147000 0.184000 0.368000 0.000000 0.000000 0.000000
    159 0.147000 0.184000 0.717000 0.000000 0.000000 0.000000
    160 0.147000 0.184000 1.067000 0.000000 0.000000 0.000000
    161 0.148000 0.184000 1.414000 0.000000 0.000000 0.000000
    162 0.148000 -0.074000 1.640000 0.000000 0.000000 0.000000
    163 0.435000 0.184000 -3.179000 0.000000 0.000000 0.000000
    164 0.378000 0.184000 -2.826000 0.000000 0.000000 0.000000
    165 0.329000 0.184000 -2.477000 0.000000 0.000000 0.000000
    166 0.286000 0.184000 -2.127000 0.000000 0.000000 0.000000
    167 0.252000 0.184000 -1.775000 0.000000 0.000000 0.000000
    168 0.215000 0.184000 -1.417000 0.000000 0.000000 0.000000
    169 0.190000 0.184000 -1.064000 0.000000 0.000000 0.000000
    170 0.166000 0.184000 -0.714000 0.000000 0.000000 0.000000
    171 1.622000 0.000000 1.568000 0.000000 0.000000 0.000000
    172 2.240000 0.000000 1.568000 0.000000 0.000000 0.000000
    173 0.000000 0.000000 0.000000 0.000000 0.000000 0.000000
    174 0.000000 0.000000 -4.867001 3.141572 -0.003206 -3.128592
    175 1.000088 -0.000029 0.000000 0.000000 0.000000 0.000000
    176 17.162518 -0.000404 0.000000 0.000000 0.000000 0.119207
    177 17.749374 0.295515 0.000000 0.000000 0.000000 -1.158919
    178 5.413528 0.000347 0.000000 0.000000 0.000000 -0.518029
    179 0.017887 0.299792 0.000000 0.000000 0.000000 -0.059575
    180 9.999889 -0.000303 0.000000 0.000000 0.000000 0.000000
    181 0.000000 0.000000 4.867000 -3.141572 0.003206 -3.128592
    182 1.000088 -0.000029 0.000000 0.000000 0.000000 0.000000
    183 12.283573 1.581455 -4.695999 1.462269 -0.086726 0.090185
    184 17.162518 -0.000404 0.000000 0.000000 0.000000 0.119207
    185 17.749374 0.295515 0.000000 0.000000 0.000000 -1.158919
    186 5.413528 0.000347 0.000000 0.000000 0.000000 -0.518027
    187 0.017887 0.299792 0.000000 0.000000 0.000000 -0.059573
    188 9.499836 0.000212 0.000000 0.000000 0.000000 0.000000
    189 -1.145525 0.000130 0.000671 0.000000 0.000000 0.000000
    190 -0.857691 0.104071 0.104687 0.023536 0.163924 0.013632
    191 3.999430 -0.000528 -0.000332 -0.555303 0.000048 -0.000012
    192 0.599499 0.400698 0.000236 0.000000 0.000000 0.000000
    193 0.599886 0.400186 -0.000027 0.000000 0.000000 0.000000
    194 2.299677 -2.499979 -0.599480 0.891898 0.221465 -0.527213
    195 4.501782 4.752168 -6.058727 1.394816 -0.523665 -1.744015
    196 -9.580679 -27.862108 -37.184677 0.812879 -0.123459 -0.568477
    197 0.649935 -0.548296 0.093658 -1.665913 -0.131399 -0.112062
    198 1.899127 0.000427 -0.000439 0.027386 -0.033311 0.477848
    199 0.657078 0.008400 0.040375 -1.665945 -0.131407 -0.000013
    200 1.799664 -0.000240 0.000231 0.027386 -0.033311 0.477848
    201 1.799664 -0.000240 0.000231 0.027386 -0.033311 0.477848
    202 1.799664 -0.000240 0.000231 0.027386 -0.033311 0.477848
    203 0.665774 0.747222 -0.029186 -1.665935 -0.131408 0.094976
    204 1.900306 -0.000137 -0.000517 0.027386 -0.033311 0.477848
    205 4.806540 -10.315704 4.825195 1.570769 1.561305 -3.068801
    206 3.999897 0.000040 0.001007 0.037441 0.000000 0.000000
    207 0.600403 0.399632 -0.000469 0.000000 0.000000 -3.141592
    208 0.599890 0.400186 0.000031 0.000000 0.000000 3.141497
    209 2.300137 -2.499413 0.600155 -0.891898 -0.221466 -0.527212
    210 2.642023 -11.063876 -2.187353 1.655361 0.337216 -1.589332
    211 2.762354 0.116951 1.523975 1.629482 0.064153 1.743800
    212 7.228317 7.928200 -3.925652 2.328713 0.123459 -0.568477
    213 0.650396 -0.547731 -0.092976 1.665913 0.131399 -0.112062
    214 1.899441 -0.000320 -0.000150 -0.027386 0.033311 0.477848
    215 0.657068 0.008398 -0.040379 1.665945 0.131407 -0.000013
    216 1.799659 -0.000233 -0.000233 -0.027386 0.033311 0.477848
    217 1.799659 -0.000233 -0.000233 -0.027386 0.033311 0.477848
    218 1.799659 -0.000233 -0.000233 -0.027386 0.033311 0.477848
    219 0.665778 0.747222 0.029179 1.665935 0.131408 0.094976
    220 1.900722 0.000549 -0.000072 -0.027386 0.033311 0.477848
    221 4.530998 0.000000 0.000000 0.000000 0.000000 0.000000
    222 4.527344 0.000000 0.000000 0.000000 0.000000 0.000000
    223 0.000000 0.000000 0.000000 0.000000 0.000000 0.000000
    224 0.000000 0.000000 0.000000 0.000000 0.000000 0.000000
    225 4.000000 -6.500000 0.000000 0.000000 0.000000 0.000977
    226 -6.500000 0.000000 0.000000 0.000000 1.570752 0.000000
    227 8.535185 -4.570203 6.809934 -1.809066 0.105995 1.580574
    228 0.280000 -0.135000 2.196999 1.570796 0.000000 -1.570735
    229 0.000000 0.000000 0.000000 0.000000 0.000000 0.000000
    230 0.000000 0.000000 0.000000 0.061721 0.060055 -0.103079
    231 0.106000 0.000000 -64.320000 0.000000 0.000000 0.000000
    232 0.000000 0.000000 0.000000 0.000000 0.000000 0.000000
    233 -0.106000 0.000000 64.320000 0.000000 0.000000 0.000000
    234 0.003042 -0.001328 -64.319374 0.000009 0.000084 -3.141638
    235 0.000000 0.000000 0.000000 -0.000303 0.000193 -0.000090
    236 1.688000 -0.001000 -1.454002 0.000000 0.000000 0.000000
    237 -1.070999 -0.005000 0.545002 0.000000 0.000000 0.000000
    238 5.895000 0.750997 -0.156000 0.000000 0.000000 0.000000
    239 11.599999 -0.000003 -1.500002 0.000000 0.000000 0.000000
    240 1.037001 1.337997 -4.334000 -2.791227 -0.162411 -0.765711
    241 7.216001 -0.000003 -1.579000 0.000000 0.000000 0.000000
    242 4.445999 -0.000003 -1.500000 0.000000 0.000000 0.000000
    243 0.673937 -0.015635 -4.768713 -3.141592 -1.281051 3.141593
    244 0.094999 -0.144000 0.332001 0.000000 0.000000 0.000000
    245 14.209020 0.000022 0.766988 0.000000 0.000000 0.000000
    246 0.000000 0.000000 0.000000 1.570800 0.000000 -1.570796
  time 3
    0 0.000000 0.000000 0.000000 0.000000 0.000000 -1.570796
    1 -0.106750 -0.000001 -0.000351 0.000000 0.000000 0.000000
    2 0.000000 0.000000 0.000000 0.000000 0.000000 0.000000
    3 -0.904000 0.000000 -11.806000 0.000000 0.000000 0.000000
    4 0.000000 0.000000 -14.313999 1.570807 -1.570729 0.000000
    5 3.533001 0.000000 0.000000 0.000000 0.000000 0.000000
    6 6.250000 0.000000 0.000000 0.000000 0.000000 0.000000
    7 5.568829 6.496317 -2.100275 -1.322350 1.532124 -1.322589
    8 9.900992 5.257998 3.155007 -1.542621 -1.225352 1.544329
    9 5.786820 0.002787 -0.000113 -1.391946 0.830152 -1.453077
    10 5.999492 -0.000592 -4.000343 0.000000 0.000000 0.000000
    11 5.787410 0.002582 0.000893 0.009095 0.435013 -0.571098
    12 5.999492 -0.000592 4.000340 0.000000 0.000000 0.000000
    13 0.500225 0.000133 -0.000084 0.389625 0.000048 0.000012
    14 11.530657 0.000349 -0.001308 -0.000041 -0.000051 -2.060977
    15 -0.829338 0.893824 0.079659 -0.148839 0.047645 0.087266
    16 0.500225 0.000132 0.000072 0.552293 -0.000012 0.000048
    17 11.532495 0.000526 0.003814 -0.000042 0.000026 -1.793438
    18 -0.829586 0.894698 -0.079468 0.045377 -0.019621 0.087266
    19 10.599886 0.000105 -0.000553 -0.541490 0.000000 -0.000024
    20 1.002505 -0.599409 -0.000805 0.000060 -0.000025 1.030442
    21 11.042053 0.003717 0.000798 -1.266111 -0.068307 1.031930
    22 -11.814724 0.424524 -0.297680 0.247998 -0.066121 -0.042695
    23 10.599878 0.000105 0.000549 -0.123121 0.000000 0.000000
    24 0.697806 -0.556440 0.000801 0.000000 -0.000011 0.896635
    25 11.041739 0.003170 -0.000568 -0.108243 0.219941 0.518497
    26 -11.663242 0.094713 0.140656 -0.068591 0.018527 -0.015099
    27 0.610300 -0.939470 0.070347 -1.647616 0.116308 -0.132232
    28 0.639938 -0.199121 0.060192 -1.706585 0.114316 -0.066926
    29 0.600155 1.080260 -0.339535 -1.828091 0.537636 -0.082834
    30 0.610207 0.400743 -0.010098 -1.816265 0.280341 -0.048810
    31 0.646434 -0.674465 -0.255781 0.500516 0.611209 -0.928468
    32 -0.792125 0.203736 0.461304 1.439074 -0.003453 -0.018305
    33 0.610300 -0.939469 -0.070354 1.655238 0.140141 -0.175584
    34 0.639938 -0.199121 -0.060200 1.665960 0.131200 -0.066471
    35 0.600157 1.080260 0.339531 1.737970 -0.020754 0.107349
    36 0.610205 0.400743 0.010086 1.762268 0.061592 0.042920
    37 0.627906 -0.691394 0.232270 -0.347321 -0.551435 -0.950960
    38 -0.626031 -0.069982 -0.080517 -1.447153 0.086151 0.021559
    39 2.621377 -0.002532 -0.001438 -0.099312 -0.124683 0.109945
    40 2.660837 0.000397 -0.000071 -0.168205 -0.015530 0.383160
    41 2.202488 0.003364 -0.002863 0.047907 0.270495 -0.579626
    42 0.599950 0.959236 -0.300102 -0.174544 0.000000 0.000000
    43 2.557190 -0.001967 0.002453 0.075965 0.101561 0.057043
    44 2.098929 0.000032 -0.002193 -0.524191 0.024880 0.537323
    45 0.999378 -0.000238 -1.334373 0.000000 0.000000 0.000000
    46 -0.122641 -0.721855 0.661686 -0.486644 0.223964 0.243056
    47 2.622112 -0.000648 0.002741 0.001034 0.010683 0.747486
    48 2.657909 0.000687 -0.000533 0.017270 -0.015373 0.788332
    49 2.200014 0.001663 0.000836 0.101857 -0.070159 0.268901
    50 0.599949 0.959244 0.300102 0.174544 0.000000 0.000000
    51 2.556571 -0.000385 0.000554 0.094687 -0.051159 0.493798
    52 2.103853 0.001708 -0.001011 0.267944 -0.243176 0.454841
    53 0.999376 -0.000240 1.267961 0.000000 0.000000 0.946859
    54 0.310848 -0.606446 -0.498005 0.308107 -0.197598 0.313975
    55 1.869163 -0.000835 -0.000994 0.000017 0.000063 0.918098
    56 1.200941 0.399582 -0.000237 -0.009465 0.016087 0.007127
    57 0.000586 0.100342 -0.000319 -0.120035 -0.021926 -0.209617
    58 -0.161663 0.051712 0.194808 -2.941982 0.122408 -0.060194
    59 2.010090 -0.003202 -0.003377 0.000089 0.000013 1.472613
    60 0.000237 0.099800 -0.000395 -0.018823 0.010833 -0.239219
    61 -0.203197 0.048607 0.069150 -3.093332 0.033217 -0.046722
    62 1.180426 -0.002312 0.000781 -0.000002 0.000000 1.373494
    63 -0.000196 0.099625 -0.000034 0.000000 0.000000 -0.314102
    64 -0.088737 -0.688435 -0.145203 2.930407 -0.136130 0.513013
    65 1.712069 -0.003328 0.003818 0.000035 0.000039 1.139782
    66 -0.000576 0.100143 -0.000311 -0.010914 0.023131 -0.260843
    67 -0.146027 -0.232426 -0.014225 3.028455 -0.094299 0.113020
    68 1.290634 0.000361 -0.000036 0.000048 -0.000060 0.274725
    69 -0.658119 -0.003576 0.072643 -0.142711 0.027792 -0.077299
    70 1.868078 -0.003049 0.002177 -0.000021 0.000027 1.227150
    71 1.200075 0.399942 -0.000093 0.009465 -0.016087 0.007127
    72 0.000589 0.100342 0.000319 0.120035 0.021926 -0.209617
    73 0.068073 0.002283 -0.080050 3.111376 -0.069366 -0.060847
    74 2.011874 -0.001179 0.002180 -0.000001 -0.000001 1.026516
    75 0.000233 0.099800 0.000395 0.018823 -0.010833 -0.239219
    76 -0.018673 -0.001009 0.047544 3.109244 0.002635 -0.106673
    77 1.178665 0.001595 0.000845 0.000006 0.000059 0.111752
    78 -0.000196 0.099628 0.000034 0.000000 0.000000 -0.314102
    79 0.036894 -0.634449 0.266284 -2.801062 0.174301 0.490915
    80 1.708256 -0.002504 -0.000686 -0.000010 0.000011 0.930222
    81 -0.000580 0.100140 0.000311 0.010910 -0.023132 -0.260845
    82 -0.003952 -0.281811 0.115047 -3.059162 0.089004 0.167964
    83 1.289625 0.000042 0.000061 -0.000025 -0.000045 0.793338
    84 -0.171526 -0.018150 -0.099873 0.013484 -0.062184 -0.011781
    85 0.916622 0.003336 0.001326 0.000654 0.000572 1.704333
    86 -0.342617 0.053402 -0.025571 -2.909301 -0.017248 0.075276
    87 1.100231 -0.000928 -0.002434 0.000009 0.000002 0.753673
    88 -0.384979 0.331001 0.006848 -3.087207 -0.018765 -0.184278
    89 0.678146 0.002286 -0.003905 0.000054 -0.000007 0.125610
    90 -0.123848 0.072738 0.029507 2.898184 -0.060627 0.094835
    91 1.017166 -0.000154 -0.000252 -0.000011 -0.000002 0.434438
    92 -0.344990 0.123129 0.143151 2.994981 0.012396 0.059140
    93 -0.730989 0.177046 0.039141 -0.123731 0.076518 -0.084310
    94 0.921993 0.001298 -0.000896 -0.000002 -0.000011 0.382429
    95 -0.124023 -0.052090 0.038495 3.077813 -0.008519 0.039229
    96 1.100433 -0.003552 0.000502 0.000053 -0.000018 0.696576
    97 -0.330082 0.160639 0.042780 3.128073 0.034033 -0.171236
    98 0.679764 0.001532 0.003272 -0.000022 -0.000045 0.967117
    99 -0.019512 -0.016531 0.038578 -2.763781 0.050305 0.076829
    100 1.018891 0.001206 0.001121 0.000066 -0.000005 0.416186
    101 -0.155308 0.130644 -0.021921 -3.022466 0.022433 -0.024902
    102 -0.252207 0.061937 -0.024914 -0.007671 -0.063171 -0.044392
    103 -0.085995 0.185205 -0.015180 -2.937063 -0.113970 -0.138991
    104 -0.286533 0.179852 0.024264 -3.109353 -0.049645 -0.029914
    105 -0.019482 0.147083 0.079203 2.893815 0.038585 -0.060594
    106 -0.046482 0.251896 0.129548 3.016165 0.077112 -0.042864
    107 0.039124 -0.040295 0.047739 3.084219 0.030470 -0.037414
    108 -0.233757 0.066630 0.001754 -3.133087 0.040141 -0.065412
    109 0.044266 0.020131 0.001684 -2.778763 -0.118872 -0.040488
    110 0.071495 0.074128 -0.048302 -3.035917 -0.059482 0.104366
    111 0.000000 0.000000 0.000000 0.000000 0.000000 -1.570796
    112 -12.461318 -6.972869 -3.230567 -1.813085 0.166746 0.016874
    113 0.000000 0.000000 0.000000 0.000000 0.000000 0.000000
    114 -2.187567 -7.191626 -4.859523 -1.812937 0.167201 0.017100
    115 3.096000 0.000000 -1.996000 0.000000 0.000000 0.000000
    116 3.040999 0.000000 1.202000 0.000000 0.000000 0.000000
    117 7.854000 0.000000 -0.042000 0.000000 0.000000 0.000000
    118 13.105999 0.000000 -0.006000 0.000000 0.000000 -0.000013
    119 3.456000 0.000000 -1.084000 0.000000 0.000000 0.000000
    120 1.804000 0.000000 -1.025000 0.000000 0.000000 0.000000
    121 7.098000 0.000000 -1.084000 0.000000 0.000000 0.000000
    122 1.868000 1.809000 -1.975000 -2.218497 -0.017091 -0.465758
    123 3.740000 0.000000 1.273000 0.000000 0.000000 0.000000
    124 11.956999 0.000000 -0.006000 0.000000 0.000000 0.000013
    125 6.072001 0.000000 -1.238000 0.000000 0.000000 0.000000
    126 5.690000 -0.365000 0.068000 -0.000118 -0.348941 -1.570715
    127 6.396999 0.614000 0.428000 0.000000 0.000000 0.000000
    128 3.040999 0.000000 1.202000 0.000000 0.000000 0.000000
    129 3.720000 0.000000 1.202000 0.000000 0.000000 0.000000
    130 1.086000 -0.661000 -0.149000 0.000000 0.000000 0.000000
    131 1.067000 0.589000 0.076000 0.000000 0.000000 0.000000
    132 0.000000 -0.019000 0.000000 0.000000 0.000000 0.000000
    133 0.000000 -0.019000 0.000000 0.000000 0.000000 0.000000
    134 3.300000 -0.019000 1.346000 0.000000 0.000000 0.000000
    135 -1.524000 -1.859000 -4.367000 -1.730149 -0.014933 0.208109
    136 7.283999 0.000000 -2.195000 0.000000 0.000000 0.000000
    137 -1.323000 0.000000 0.184000 0.000000 0.000000 0.000000
    138 0.082000 0.000000 1.002000 0.000000 0.000000 0.000000
    139 15.626736 55.306375 27.384049 -2.907148 1.325395 1.640270
    140 0.478000 0.000000 -4.537000 0.000000 0.000000 0.000000
    141 3.436000 0.000000 1.202000 0.000000 0.000000 0.000000
    142 3.040999 0.000000 1.202000 0.000000 0.000000 0.000000
    143 4.657000 0.000000 1.545000 0.000000 0.000000 0.000000
    144 -0.403000 0.000000 -0.011000 0.000000 0.000000 0.000000
    145 1.781000 0.000000 0.873000 0.000000 0.000000 0.000000
    146 0.384000 0.715000 0.801000 0.000000 0.000000 0.000000
    147 1.795000 0.533000 -1.550000 0.000000 0.000000 0.000000
    148 4.435999 0.595000 -0.954000 0.000000 0.000000 0.000000
    149 4.401999 -0.614000 -1.630000 0.000000 0.000000 0.000000
    150 4.203000 -0.003000 -0.048000 0.000000 0.000000 0.000000
    151 5.136000 0.000000 1.534000 0.000000 0.000000 0.000000
    152 11.957001 0.000000 -0.006000 0.000000 0.000000 0.000013
    153 -2.103001 0.000000 0.000000 0.000000 0.000000 0.000000
    154 -0.598001 0.000000 -0.011000 0.000000 0.000000 0.000000
    155 0.496000 0.184000 -3.523000 0.000000 0.000000 0.000000
    156 0.147000 0.184000 -0.328000 0.000000 0.000000 0.000000
    157 0.147000 0.184000 0.023000 0.000000 0.000000 0.000000
    158 0.147000 0.184000 0.368000 0.000000 0.000000 0.000000
    159 0.147000 0.184000 0.717000 0.000000 0.000000 0.000000
    160 0.147000 0.184000 1.067000 0.000000 0.000000 0.000000
    161 0.148000 0.184000 1.414000 0.000000 0.000000 0.000000
    162 0.148000 -0.074000 1.640000 0.000000 0.000000 0.000000
    163 0.435000 0.184000 -3.179000 0.000000 0.000000 0.000000
    164 0.378000 0.184000 -2.826000 0.000000 0.000000 0.000000
    165 0.329000 0.184000 -2.477000 0.000000 0.000000 0.000000
    166 0.286000 0.184000 -2.127000 0.000000 0.000000 0.000000
    167 0.252000 0.184000 -1.775000 0.000000 0.000000 0.000000
    168 0.215000 0.184000 -1.417000 0.000000 0.000000 0.000000
    169 0.190000 0.184000 -1.064000 0.000000 0.000000 0.000000
    170 0.166000 0.184000 -0.714000 0.000000 0.000000 0.000000
    171 1.622000 0.000000 1.568000 0.000000 0.000000 0.000000
    172 2.240000 0.000000 1.568000 0.000000 0.000000 0.000000
    173 0.000000 0.000000 0.000000 0.000000 0.000000 0.000000
    174 0.000000 0.000000 -4.867001 3.141572 -0.003206 -3.128592
    175 1.000088 -0.000029 0.000000 0.000000 0.000000 0.000000
    176 17.162518 -0.000404 0.000000 0.000000 0.000000 0.119207
    177 17.749374 0.295515 0.000000 0.000000 0.000000 -1.158919
    178 5.413528 0.000347 0.000000 0.000000 0.000000 -0.518029
    179 0.017887 0.299792 0.000000 0.000000 0.000000 -0.059575
    180 9.999889 -0.000303 0.000000 0.000000 0.000000 0.000000
    181 0.000000 0.000000 4.867000 -3.141572 0.003206 -3.128592
    182 1.000088 -0.000029 0.000000 0.000000 0.000000 0.000000
    183 12.283573 1.581455 -4.695999 1.462269 -0.086726 0.090185
    184 17.162518 -0.000404 0.000000 0.000000 0.000000 0.119207
    185 17.749374 0.295515 0.000000 0.000000 0.000000 -1.158919
    186 5.413528 0.000347 0.000000 0.000000 0.000000 -0.518027
    187 0.017887 0.299792 0.000000 0.000000 0.000000 -0.059573
    188 9.499836 0.000212 0.000000 0.000000 0.000000 0.000000
    189 -1.145525 0.000130 0.000671 0.000000 0.000000 0.000000
    190 -0.857691 0.104071 0.104687 0.023536 0.163924 0.013632
    191 3.999430 -0.000528 -0.000332 -0.676956 0.000000 0.000000
    192 0.599499 0.400698 0.000236 0.000000 0.000000 0.000000
    193 0.599886 0.400186 -0.000027 0.000000 0.000000 0.000000
    194 2.299677 -2.499979 -0.599480 0.891898 0.221465 -0.527213
    195 3.829887 7.010050 -6.863439 1.556790 -0.581401 -1.639393
    196 -9.580679 -27.862108 -37.184677 0.812879 -0.123459 -0.568477
    197 0.649935 -0.548296 0.093658 -1.665913 -0.131399 -0.112062
    198 1.899127 0.000427 -0.000439 0.027386 -0.033311 0.477848
    199 0.657078 0.008400 0.040375 -1.665945 -0.131407 -0.000013
    200 1.799664 -0.000240 0.000231 0.027386 -0.033311 0.477848
    201 1.799664 -0.000240 0.000231 0.027386 -0.033311 0.477848
    202 1.799664 -0.000240 0.000231 0.027386 -0.033311 0.477848
    203 0.665774 0.747222 -0.029186 -1.665935 -0.131408 0.094976
    204 1.900306 -0.000137 -0.000517 0.027386 -0.033311 0.477848
    205 4.872948 -11.807937 8.825317 1.574794 1.561305 -3.100135
    206 3.999897 0.000040 0.001007 -0.061557 0.000000 0.000000
    207 0.600403 0.399632 -0.000469 0.000000 0.000000 3.141497
    208 0.599890 0.400186 0.000031 0.000000 0.000000 3.141497
    209 2.300137 -2.499413 0.600155 -0.891898 -0.221466 -0.527212
    210 2.751401 -11.856869 -3.199103 1.654307 0.385105 -1.589711
    211 2.762354 0.116951 1.523975 1.629482 0.064153 1.743800
    212 7.228317 7.928200 -3.925652 2.328713 0.123459 -0.568477
    213 0.650396 -0.547731 -0.092976 1.665913 0.131399 -0.112062
    214 1.899441 -0.000320 -0.000150 -0.027386 0.033311 0.477848
    215 0.657068 0.008398 -0.040379 1.665945 0.131407 -0.000013
    216 1.799659 -0.000233 -0.000233 -0.027386 0.033311 0.477848
    217 1.799659 -0.000233 -0.000233 -0.027386 0.033311 0.477848
    218 1.799659 -0.000233 -0.000233 -0.027386 0.033311 0.477848
    219 0.665778 0.747222 0.029179 1.665935 0.131408 0.094976
    220 1.900722 0.000549 -0.000072 -0.027386 0.033311 0.477848
    221 4.530998 0.000000 0.000000 0.000000 0.000000 0.000000
    222 4.527344 0.000000 0.000000 0.000000 0.000000 0.000000
    223 0.000000 0.000000 0.000000 0.000000 0.000000 0.000000
    224 0.000000 0.000000 0.000000 0.000000 0.000000 0.000000
    225 4.000000 -6.500000 0.000000 0.000000 0.000000 0.000977
    226 -6.500000 0.000000 0.000000 0.000000 1.570752 0.000000
    227 8.187518 -2.191224 6.938844 -1.812735 0.166856 1.587847
    228 0.280000 -0.135000 2.196999 1.570796 0.000000 -1.570735
    229 0.000000 0.000000 0.000000 0.000000 0.000000 0.000000
    230 0.000000 0.000000 0.000000 0.057682 0.072890 -0.119618
    231 0.106000 0.000000 -64.320000 0.000000 0.000000 0.000000
    232 0.000000 0.000000 0.000000 0.000000 0.000000 0.000000
    233 -0.106000 0.000000 64.320000 0.000000 0.000000 0.000000
    234 0.003042 -0.001328 -64.319374 0.000009 0.000084 -3.141638
    235 0.000000 0.000000 0.000000 -0.000303 0.000193 -0.000090
    236 1.688000 -0.001000 -1.454002 0.000000 0.000000 0.000000
    237 -1.070999 -0.005000 0.545002 0.000000 0.000000 0.000000
    238 5.895000 0.750997 -0.156000 0.000000 0.000000 0.000000
    239 11.599999 -0.000003 -1.500002 0.000000 0.000000 0.000000
    240 1.037001 1.337997 -4.334000 -2.791227 -0.162411 -0.765711
    241 7.216001 -0.000003 -1.579000 0.000000 0.000000 0.000000
    242 4.445999 -0.000003 -1.500000 0.000000 0.000000 0.000000
    243 0.673937 -0.015635 -4.768713 -3.141592 -1.281051 3.141593
    244 0.094999 -0.144000 0.332001 0.000000 0.000000 0.000000
    245 14.209020 0.000022 0.766988 0.000000 0.000000 0.000000
    246 0.000000 0.000000 0.000000 1.570800 0.000000 -1.570796
  time 4
    0 0.000000 0.000000 0.000000 0.000000 0.000000 -1.570796
    1 -0.106750 -0.000001 -0.000351 0.000000 0.000000 0.000000
    2 0.000000 0.000000 0.000000 0.000000 0.000000 0.000000
    3 -0.904000 0.000000 -11.806000 0.000000 0.000000 0.000000
    4 0.000000 0.000000 -14.313999 1.570807 -1.570729 0.000000
    5 3.533001 0.000000 0.000000 0.000000 0.000000 0.000000
    6 6.250000 0.000000 0.000000 0.000000 0.000000 0.000000
    7 3.756273 7.109617 -1.944020 -1.150314 1.547377 -1.150402
    8 10.346318 5.136901 4.655052 -1.403129 -1.513808 1.403348
    9 5.786820 0.002787 -0.000113 -1.510863 0.677184 -1.415237
    10 5.999492 -0.000592 -4.000343 0.000000 0.000000 0.000000
    11 5.787410 0.002582 0.000893 0.209293 0.377163 -0.230365
    12 5.999492 -0.000592 4.000340 0.000000 0.000000 0.000000
    13 0.500225 0.000133 -0.000084 0.521926 0.000000 0.000000
    14 11.530657 0.000349 -0.001308 0.000043 -0.000027 -1.909237
    15 -0.829338 0.893824 0.079659 -0.148839 0.047645 0.087266
    16 0.500225 0.000132 0.000072 -0.028159 0.000000 0.000000
    17 11.532495 0.000526 0.003814 -0.000102 0.000050 -2.099538
    18 -0.829586 0.894698 -0.079468 0.045377 -0.019621 0.087266
    19 10.599886 0.000105 -0.000553 -0.555247 0.000000 0.000024
    20 0.826718 -0.583784 -0.000805 0.000000 0.000011 0.954558
    21 11.042053 0.003717 0.000798 -1.243759 0.034055 0.898735
    22 -11.814724 0.424524 -0.297680 0.247998 -0.066121 -0.042695
    23 10.599878 0.000105 0.000549 -0.395489 0.000000 -0.000060
    24 1.049379 -0.599410 0.000801 -0.000036 -0.000047 1.049771
    25 11.041739 0.003170 -0.000568 -0.286282 0.108269 0.763027
    26 -11.663242 0.094713 0.140656 -0.068591 0.018527 -0.015099
    27 0.610300 -0.939470 0.070347 -1.643575 0.126135 -0.103481
    28 0.639938 -0.199121 0.060192 -1.725499 0.107281 -0.056416
    29 0.600155 1.080260 -0.339535 -1.886068 0.608117 -0.143009
    30 0.610207 0.400743 -0.010098 -1.841435 0.292529 -0.068453
    31 0.650340 -0.666653 -0.263594 0.604598 0.695876 -0.864230
    32 -0.792125 0.203736 0.461304 1.439074 -0.003453 -0.018305
    33 0.610300 -0.939469 -0.070354 1.655238 0.140141 -0.175584
    34 0.639938 -0.199121 -0.060200 1.665960 0.131116 -0.066483
    35 0.600157 1.080260 0.339531 1.737970 -0.020766 0.107349
    36 0.610205 0.400743 0.010086 1.762268 0.061592 0.042920
    37 0.627906 -0.691394 0.232270 -0.314892 -0.552752 -0.950455
    38 -0.626031 -0.069982 -0.080517 -1.447153 0.086151 0.021559
    39 2.621377 -0.002532 -0.001438 -0.152688 -0.157203 0.283733
    40 2.660837 0.000397 -0.000071 -0.182512 -0.020356 0.603086
    41 2.202488 0.003364 -0.002863 0.128694 0.296834 -0.239483
    42 0.599950 0.959236 -0.300102 -0.174544 0.000000 0.000000
    43 2.557190 -0.001967 0.002453 0.009944 0.070579 0.349850
    44 2.098929 0.000032 -0.002193 -0.469967 0.122433 0.670101
    45 0.999378 -0.000238 -1.389063 0.000000 0.000000 0.000000
    46 -0.122641 -0.721855 0.661686 -0.486644 0.223964 0.243056
    47 2.622112 -0.000648 0.002741 -0.000001 0.000010 0.742878
    48 2.657909 0.000687 -0.000533 0.017057 -0.015661 0.798068
    49 2.200014 0.001663 0.000836 0.101270 -0.059001 0.268219
    50 0.599949 0.959244 0.300102 0.174544 0.000000 0.000000
    51 2.556571 -0.000385 0.000554 0.094084 -0.052030 0.503460
    52 2.103853 0.001708 -0.001011 0.274623 -0.235997 0.428540
    53 0.999376 -0.000240 1.267961 0.000000 0.000000 0.946859
    54 0.310848 -0.606446 -0.498005 0.308107 -0.197598 0.313975
    55 1.869163 -0.000835 -0.000994 0.000017 0.000063 0.744498
    56 1.200941 0.399582 -0.000237 -0.009465 0.016087 0.007127
    57 0.000586 0.100342 -0.000319 -0.120035 -0.021926 -0.209617
    58 -0.161663 0.051712 0.194808 -2.941982 0.122408 -0.060194
    59 2.010090 -0.003202 -0.003377 -0.000030 -0.000035 1.419538
    60 0.000237 0.099800 -0.000395 -0.018823 0.010833 -0.239219
    61 -0.203197 0.048607 0.069150 -3.093332 0.033217 -0.046722
    62 1.180426 -0.002312 0.000781 -0.000002 0.000000 0.769318
    63 -0.000196 0.099625 -0.000034 0.000000 0.000000 -0.314102
    64 -0.088737 -0.688435 -0.145203 2.930407 -0.136130 0.513013
    65 1.712069 -0.003328 0.003818 -0.000049 0.000027 1.011540
    66 -0.000576 0.100143 -0.000311 -0.010914 0.023131 -0.260843
    67 -0.146027 -0.232426 -0.014225 3.028455 -0.094299 0.113020
    68 1.290634 0.000361 -0.000036 0.000000 0.000000 0.250863
    69 -0.658119 -0.003576 0.072643 -0.142711 0.027792 -0.077299
    70 1.868078 -0.003049 0.002177 0.000003 0.000039 1.223228
    71 1.200075 0.399942 -0.000093 0.009465 -0.016087 0.007127
    72 0.000589 0.100342 0.000319 0.120035 0.021926 -0.209617
    73 0.068073 0.002283 -0.080050 3.111376 -0.069366 -0.060847
    74 2.011874 -0.001179 0.002180 -0.000037 -0.000061 1.013331
    75 0.000233 0.099800 0.000395 0.018823 -0.010833 -0.239219
    76 -0.018673 -0.001009 0.047544 3.109244 0.002635 -0.106673
    77 1.178665 0.001595 0.000845 0.000006 -0.000001 0.101987
    78 -0.000196 0.099628 0.000034 0.000000 0.000000 -0.314102
    79 0.036894 -0.634449 0.266284 -2.801062 0.174301 0.490915
    80 1.708256 -0.002504 -0.000686 -0.000010 0.000011 0.915582
    81 -0.000580 0.100140 0.000311 0.010910 -0.023132 -0.260845
    82 -0.003952 -0.281811 0.115047 -3.059162 0.089004 0.167964
    83 1.289625 0.000042 0.000061 -0.000002 0.000002 0.771775
    84 -0.171526 -0.018150 -0.099873 0.013484 -0.062184 -0.011781
    85 0.916622 0.003336 0.001326 0.000019 -0.000135 2.092587
    86 -0.342617 0.053402 -0.025571 -2.909301 -0.017248 0.075276
    87 1.100231 -0.000928 -0.002434 0.000009 0.000002 0.783520
    88 -0.384979 0.331001 0.006848 -3.087207 -0.018765 -0.184278
    89 0.678146 0.002286 -0.003905 -0.000006 -0.000007 0.099973
    90 -0.123848 0.072738 0.029507 2.898184 -0.060627 0.094835
    91 1.017166 -0.000154 -0.000252 -0.000011 -0.000002 0.144191
    92 -0.344990 0.123129 0.143151 2.994981 0.012396 0.059140
    93 -0.730989 0.177046 0.039141 -0.123731 0.076518 -0.084310
    94 0.921993 0.001298 -0.000896 -0.000002 -0.000011 0.392118
    95 -0.124023 -0.052090 0.038495 3.077813 -0.008519 0.039229
    96 1.100433 -0.003552 0.000502 -0.000006 0.000006 0.706262
    97 -0.330082 0.160639 0.042780 3.128073 0.034033 -0.171236
    98 0.679764 0.001532 0.003272 0.000038 0.000063 0.976800
    99 -0.019512 -0.016531 0.038578 -2.763781 0.050305 0.076829
    100 1.018891 0.001206 0.001121 0.000006 0.000007 0.425928
    101 -0.155308 0.130644 -0.021921 -3.022466 0.022433 -0.024902
    102 -0.252207 0.061937 -0.024914 -0.007671 -0.063171 -0.044392
    103 -0.085995 0.185205 -0.015180 -2.937063 -0.113970 -0.138991
    104 -0.286533 0.179852 0.024264 -3.109353 -0.049645 -0.029914
    105 -0.019482 0.147083 0.079203 2.893815 0.038585 -0.060594
    106 -0.046482 0.251896 0.129548 3.016165 0.077112 -0.042864
    107 0.039124 -0.040295 0.047739 3.084219 0.030470 -0.037414
    108 -0.233757 0.066630 0.001754 -3.133087 0.040141 -0.065412
    109 0.044266 0.020131 0.001684 -2.778763 -0.118872 -0.040488
    110 0.071495 0.074128 -0.048302 -3.035917 -0.059482 0.104366
    111 0.000000 0.000000 0.000000 0.000000 0.000000 -1.570796
    112 -11.430036 -6.508011 -2.664144 -1.864900 0.223172 -0.003173
    113 0.000000 0.000000 0.000000 0.000000 0.000000 0.000000
    114 -1.273476 -6.922086 -4.859523 -1.864559 0.223456 -0.002851
    115 3.096000 0.000000 -1.996000 0.000000 0.000000 0.000000
    116 3.040999 0.000000 1.202000 0.000000 0.000000 0.000000
    117 7.854000 0.000000 -0.042000 0.000000 0.000000 0.000000
    118 13.105999 0.000000 -0.006000 0.000000 0.000000 -0.000013
    119 3.456000 0.000000 -1.084000 0.000000 0.000000 0.000000
    120 1.804000 0.000000 -1.025000 0.000000 0.000000 0.000000
    121 7.098000 0.000000 -1.084000 0.000000 0.000000 0.000000
    122 1.868000 1.809000 -1.975000 -2.218497 -0.017091 -0.465758
    123 3.740000 0.000000 1.273000 0.000000 0.000000 0.000000
    124 11.956999 0.000000 -0.006000 0.000000 0.000000 0.000013
    125 6.072001 0.000000 -1.238000 0.000000 0.000000 0.000000
    126 5.690000 -0.365000 0.068000 -0.000118 -0.348941 -1.570715
    127 6.396999 0.614000 0.428000 0.000000 0.000000 0.000000
    128 3.040999 0.000000 1.202000 0.000000 0.000000 0.000000
    129 3.720000 0.000000 1.202000 0.000000 0.000000 0.000000
    130 1.086000 -0.661000 -0.149000 0.000000 0.000000 0.000000
    131 1.067000 0.589000 0.076000 0.000000 0.000000 0.000000
    132 0.000000 -0.019000 0.000000 0.000000 0.000000 0.000000
    133 0.000000 -0.019000 0.000000 0.000000 0.000000 0.000000
    134 3.300000 -0.019000 1.346000 0.000000 0.000000 0.000000
    135 -1.524000 -1.859000 -4.367000 -1.730149 -0.014933 0.208109
    136 7.283999 0.000000 -2.195000 0.000000 0.000000 0.000000
    137 -1.323000 0.000000 0.184000 0.000000 0.000000 0.000000
    138 0.082000 0.000000 1.002000 0.000000 0.000000 0.000000
    139 17.857273 53.462569 29.837249 -2.927758 1.277634 1.560706
    140 0.478000 0.000000 -4.537000 0.000000 0.000000 0.000000
    141 3.436000 0.000000 1.202000 0.000000 0.000000 0.000000
    142 3.040999 0.000000 1.202000 0.000000 0.000000 0.000000
    143 4.657000 0.000000 1.545000 0.000000 0.000000 0.000000
    144 -0.403000 0.000000 -0.011000 0.000000 0.000000 0.000000
    145 1.781000 0.000000 0.873000 0.000000 0.000000 0.000000
    146 0.384000 0.715000 0.801000 0.000000 0.000000 0.000000
    147 1.795000 0.533000 -1.550000 0.000000 0.000000 0.000000
    148 4.435999 0.595000 -0.954000 0.000000 0.000000 0.000000
    149 4.401999 -0.614000 -1.630000 0.000000 0.000000 0.000000
    150 4.203000 -0.003000 -0.048000 0.000000 0.000000 0.000000
    151 5.136000 0.000000 1.534000 0.000000 0.000000 0.000000
    152 11.957001 0.000000 -0.006000 0.000000 0.000000 0.000013
    153 -2.103001 0.000000 0.000000 0.000000 0.000000 0.000000
    154 -0.598001 0.000000 -0.011000 0.000000 0.000000 0.000000
    155 0.496000 0.184000 -3.523000 0.000000 0.000000 0.000000
    156 0.147000 0.184000 -0.328000 0.000000 0.000000 0.000000
    157 0.147000 0.184000 0.023000 0.000000 0.000000 0.000000
    158 0.147000 0.184000 0.368000 0.000000 0.000000 0.000000
    159 0.147000 0.184000 0.717000 0.000000 0.000000 0.000000
    160 0.147000 0.184000 1.067000 0.000000 0.000000 0.000000
    161 0.148000 0.184000 1.414000 0.000000 0.000000 0.000000
    162 0.148000 -0.074000 1.640000 0.000000 0.000000 0.000000
    163 0.435000 0.184000 -3.179000 0.000000 0.000000 0.000000
    164 0.378000 0.184000 -2.826000 0.000000 0.000000 0.000000
    165 0.329000 0.184000 -2.477000 0.000000 0.000000 0.000000
    166 0.286000 0.184000 -2.127000 0.000000 0.000000 0.000000
    167 0.252000 0.184000 -1.775000 0.000000 0.000000 0.000000
    168 0.215000 0.184000 -1.417000 0.000000 0.000000 0.000000
    169 0.190000 0.184000 -1.064000 0.000000 0.000000 0.000000
    170 0.166000 0.184000 -0.714000 0.000000 0.000000 0.000000
    171 1.622000 0.000000 1.568000 0.000000 0.000000 0.000000
    172 2.240000 0.000000 1.568000 0.000000 0.000000 0.000000
    173 0.000000 0.000000 0.000000 0.000000 0.000000 0.000000
    174 0.000000 0.000000 -4.867001 3.141572 -0.003206 -3.128592
    175 1.000088 -0.000029 0.000000 0.000000 0.000000 0.000000
    176 17.162518 -0.000404 0.000000 0.000000 0.000000 0.119207
    177 17.749374 0.295515 0.000000 0.000000 0.000000 -1.158919
    178 5.413528 0.000347 0.000000 0.000000 0.000000 -0.518029
    179 0.017887 0.299792 0.000000 0.000000 0.000000 -0.059575
    180 9.999889 -0.000303 0.000000 0.000000 0.000000 0.000000
    181 0.000000 0.000000 4.867000 -3.141572 0.003206 -3.128592
    182 1.000088 -0.000029 0.000000 0.000000 0.000000 0.000000
    183 12.283573 1.581455 -4.695999 1.462269 -0.086726 0.090185
    184 17.162518 -0.000404 0.000000 0.000000 0.000000 0.119207
    185 17.749374 0.295515 0.000000 0.000000 0.000000 -1.158919
    186 5.413528 0.000347 0.000000 0.000000 0.000000 -0.518027
    187 0.017887 0.299792 0.000000 0.000000 0.000000 -0.059573
    188 9.499836 0.000212 0.000000 0.000000 0.000000 0.000000
    189 -1.145525 0.000130 0.000671 0.000000 0.000000 0.000000
    190 -0.857691 0.104071 0.104687 0.023536 0.163924 0.013632
    191 3.999430 -0.000528 -0.000332 -0.694053 0.000000 0.000000
    192 0.599499 0.400698 0.000236 0.000000 0.000000 0.000000
    193 0.599886 0.400186 -0.000027 0.000000 0.000000 0.000000
    194 2.299677 -2.499979 -0.599480 0.891898 0.221465 -0.527213
    195 3.236118 7.928046 -7.273608 1.631511 -0.623175 -1.609238
    196 -9.580679 -27.862108 -37.184677 0.812879 -0.123459 -0.568477
    197 0.649935 -0.548296 0.093658 -1.665913 -0.131399 -0.112062
    198 1.899127 0.000427 -0.000439 0.027386 -0.033311 0.477848
    199 0.657078 0.008400 0.040375 -1.665945 -0.131407 -0.000013
    200 1.799664 -0.000240 0.000231 0.027386 -0.033311 0.477848
    201 1.799664 -0.000240 0.000231 0.027386 -0.033311 0.477848
    202 1.799664 -0.000240 0.000231 0.027386 -0.033311 0.477848
    203 0.665774 0.747222 -0.029186 -1.665935 -0.131408 0.094976
    204 1.900306 -0.000137 -0.000517 0.027386 -0.033311 0.477848
    205 4.869042 -12.495458 10.637873 1.569236 1.561257 -3.121791
    206 3.999897 0.000040 0.001007 -0.197734 0.000000 0.000000
    207 0.600403 0.399632 -0.000469 0.000000 0.000000 3.141593
    208 0.599890 0.400186 0.000031 0.000000 0.000000 3.141497
    209 2.300137 -2.499413 0.600155 -0.891898 -0.221466 -0.527212
    210 2.802184 -12.192816 -3.683493 1.653924 0.406920 -1.589765
    211 2.762354 0.116951 1.523975 1.629482 0.064153 1.743800
    212 7.228317 7.928200 -3.925652 2.328713 0.123459 -0.568477
    213 0.650396 -0.547731 -0.092976 1.665913 0.131399 -0.112062
    214 1.899441 -0.000320 -0.000150 -0.027386 0.033311 0.477848
    215 0.657068 0.008398 -0.040379 1.665945 0.131407 -0.000013
    216 1.799659 -0.000233 -0.000233 -0.027386 0.033311 0.477848
    217 1.799659 -0.000233 -0.000233 -0.027386 0.033311 0.477848
    218 1.799659 -0.000233 -0.000233 -0.027386 0.033311 0.477848
    219 0.665778 0.747222 0.029179 1.665935 0.131408 0.094976
    220 1.900722 0.000549 -0.000072 -0.027386 0.033311 0.477848
    221 4.530998 0.000000 0.000000 0.000000 0.000000 0.000000
    222 4.527344 0.000000 0.000000 0.000000 0.000000 0.000000
    223 0.000000 0.000000 0.000000 0.000000 0.000000 0.000000
    224 0.000000 0.000000 0.000000 0.000000 0.000000 0.000000
    225 4.000000 -6.500000 0.000000 0.000000 0.000000 0.000977
    226 -6.500000 0.000000 0.000000 0.000000 1.570752 0.000000
    227 7.925791 -1.269321 6.946657 -1.864550 0.223318 1.567801
    228 0.280000 -0.135000 2.196999 1.570796 0.000000 -1.570735
    229 0.000000 0.000000 0.000000 0.000000 0.000000 0.000000
    230 0.000000 0.000000 0.000000 0.050491 0.078379 -0.145769
    231 0.106000 0.000000 -64.320000 0.000000 0.000000 0.000000
    232 0.000000 0.000000 0.000000 0.000000 0.000000 0.000000
    233 -0.106000 0.000000 64.320000 0.000000 0.000000 0.000000
    234 0.003042 -0.001328 -64.319374 0.000009 0.000084 -3.141638
    235 0.000000 0.000000 0.000000 -0.000303 0.000193 -0.000090
    236 1.688000 -0.001000 -1.454002 0.000000 0.000000 0.000000
    237 -1.070999 -0.005000 0.545002 0.000000 0.000000 0.000000
    238 5.895000 0.750997 -0.156000 0.000000 0.000000 0.000000
    239 11.599999 -0.000003 -1.500002 0.000000 0.000000 0.000000
    240 1.037001 1.337997 -4.334000 -2.791227 -0.162411 -0.765711
    241 7.216001 -0.000003 -1.579000 0.000000 0.000000 0.000000
    242 4.445999 -0.000003 -1.500000 0.000000 0.000000 0.000000
    243 0.673937 -0.015635 -4.768713 -3.141592 -1.281051 3.141593
    244 0.094999 -0.144000 0.332001 0.000000 0.000000 0.000000
    245 14.209020 0.000022 0.766988 0.000000 0.000000 0.000000
    246 0.000000 0.000000 0.000000 1.570800 0.000000 -1.570796
  time 5
    0 0.000000 0.000000 0.000000 0.000000 0.000000 -1.570796
    1 -0.106750 -0.000001 -0.000351 0.000000 0.000000 0.000000
    2 0.000000 0.000000 0.000000 0.000000 0.000000 0.000000
    3 -0.904000 0.000000 -11.806000 0.000000 0.000000 0.000000
    4 0.000000 0.000000 -14.313999 1.570807 -1.570729 0.000000
    5 3.533001 0.000000 0.000000 0.000000 0.000000 0.000000
    6 6.250000 0.000000 0.000000 0.000000 0.000000 0.000000
    7 3.756273 7.109617 -1.944020 -1.151652 1.547283 -1.151740
    8 10.729142 4.871267 5.908997 1.531115 -1.329399 -1.532250
    9 5.786820 0.002787 -0.000113 -1.593264 0.680084 -1.504208
    10 5.999492 -0.000592 -4.000343 0.000000 0.000000 0.000000
    11 5.787410 0.002582 0.000893 0.440394 0.362618 0.218178
    12 5.999492 -0.000592 4.000340 0.000000 0.000000 0.000000
    13 0.500225 0.000133 -0.000084 0.551407 0.000000 0.000000
    14 11.530657 0.000349 -0.001308 -0.000041 -0.000039 -1.928109
    15 -0.829338 0.893824 0.079659 -0.148839 0.047645 0.087266
    16 0.500225 0.000132 0.000072 -0.777958 0.000048 -0.000012
    17 11.532495 0.000526 0.003814 0.000078 -0.000165 -2.375165
    18 -0.829586 0.894698 -0.079468 0.045377 -0.019621 0.087266
    19 10.599886 0.000105 -0.000553 -0.534234 0.000000 0.000000
    20 0.846250 -0.583784 -0.000805 0.000000 0.000011 0.963971
    21 11.042053 0.003717 0.000798 -1.210747 0.016975 0.836681
    22 -11.814724 0.424524 -0.297680 0.247998 -0.066121 -0.042695
    23 10.599878 0.000105 0.000549 -0.511007 0.000000 0.000000
    24 1.381420 -0.556440 0.000801 0.000024 0.000049 1.187573
    25 11.041739 0.003170 -0.000568 -0.325419 0.006626 0.922958
    26 -11.663242 0.094713 0.140656 -0.068591 0.018527 -0.015099
    27 0.610300 -0.939470 0.070347 -1.643524 0.126147 -0.103469
    28 0.639938 -0.199121 0.060192 -1.725499 0.107281 -0.056404
    29 0.600155 1.080260 -0.339535 -1.886121 0.608099 -0.143021
    30 0.610207 0.400743 -0.010098 -1.841435 0.292541 -0.068465
    31 0.654247 -0.662746 -0.271407 0.604568 0.695853 -0.864230
    32 -0.792125 0.203736 0.461304 1.439074 -0.003453 -0.018305
    33 0.610300 -0.939469 -0.070354 1.655238 0.140141 -0.175584
    34 0.639938 -0.199121 -0.060200 1.665960 0.131032 -0.066483
    35 0.600157 1.080260 0.339531 1.737970 -0.020766 0.107349
    36 0.610205 0.400743 0.010086 1.762268 0.061592 0.042920
    37 0.627906 -0.691394 0.232270 -0.314892 -0.552752 -0.950455
    38 -0.626031 -0.069982 -0.080517 -1.447153 0.086151 0.021559
    39 2.621377 -0.002532 -0.001438 -0.152669 -0.157161 0.283773
    40 2.660837 0.000397 -0.000071 -0.182535 -0.020338 0.603086
    41 2.202488 0.003364 -0.002863 0.128733 0.296834 -0.239483
    42 0.599950 0.959236 -0.300102 -0.174544 0.000000 0.000000
    43 2.557190 -0.001967 0.002453 0.009944 0.070579 0.349850
    44 2.098929 0.000032 -0.002193 -0.469967 0.122451 0.670059
    45 0.999378 -0.000238 -1.385156 0.000000 0.000000 0.000000
    46 -0.122641 -0.721855 0.661686 -0.486644 0.223964 0.243056
    47 2.622112 -0.000648 0.002741 -0.000001 0.000010 0.739314
    48 2.657909 0.000687 -0.000533 0.017089 -0.015601 0.797230
    49 2.200014 0.001663 0.000836 0.101426 -0.058749 0.265491
    50 0.599949 0.959244 0.300102 0.174544 0.000000 0.000000
    51 2.556571 -0.000385 0.000554 0.094140 -0.051966 0.502609
    52 2.103853 0.001708 -0.001011 0.274596 -0.236045 0.428627
    53 0.999376 -0.000240 1.267961 0.000000 0.000000 0.946859
    54 0.310848 -0.606446 -0.498005 0.308107 -0.197598 0.313975
    55 1.869163 -0.000835 -0.000994 0.000029 0.000039 0.744498
    56 1.200941 0.399582 -0.000237 -0.009465 0.016087 0.007127
    57 0.000586 0.100342 -0.000319 -0.120035 -0.021926 -0.209617
    58 -0.161663 0.051712 0.194808 -2.941982 0.122408 -0.060194
    59 2.010090 -0.003202 -0.003377 -0.000030 -0.000035 1.419586
    60 0.000237 0.099800 -0.000395 -0.018823 0.010833 -0.239219
    61 -0.203197 0.048607 0.069150 -3.093332 0.033217 -0.046722
    62 1.180426 -0.002312 0.000781 -0.000002 0.000000 0.769318
    63 -0.000196 0.099625 -0.000034 0.000000 0.000000 -0.314102
    64 -0.088737 -0.688435 -0.145203 2.930407 -0.136130 0.513013
    65 1.712069 -0.003328 0.003818 -0.000025 0.000015 1.011540
    66 -0.000576 0.100143 -0.000311 -0.010914 0.023131 -0.260843
    67 -0.146027 -0.232426 -0.014225 3.028455 -0.094299 0.113020
    68 1.290634 0.000361 -0.000036 0.000000 -0.000012 0.250863
    69 -0.658119 -0.003576 0.072643 -0.142711 0.027792 -0.077299
    70 1.868078 -0.003049 0.002177 0.000015 0.000039 1.219306
    71 1.200075 0.399942 -0.000093 0.009465 -0.016087 0.007127
    72 0.000589 0.100342 0.000319 0.120035 0.021926 -0.209617
    73 0.068073 0.002283 -0.080050 3.111376 -0.069366 -0.060847
    74 2.011874 -0.001179 0.002180 0.000011 -0.000049 1.008134
    75 0.000233 0.099800 0.000395 0.018823 -0.010833 -0.239219
    76 -0.018673 -0.001009 0.047544 3.109244 0.002635 -0.106673
    77 1.178665 0.001595 0.000845 -0.000030 -0.000036 0.097420
    78 -0.000196 0.099628 0.000034 0.000000 0.000000 -0.314102
    79 0.036894 -0.634449 0.266284 -2.801062 0.174301 0.490915
    80 1.708256 -0.002504 -0.000686 -0.000010 0.000011 0.910114
    81 -0.000580 0.100140 0.000311 0.010910 -0.023132 -0.260845
    82 -0.003952 -0.281811 0.115047 -3.059162 0.089004 0.167964
    83 1.289625 0.000042 0.000061 -0.000002 0.000002 0.771677
    84 -0.171526 -0.018150 -0.099873 0.013484 -0.062184 -0.011781
    85 0.916622 0.003336 0.001326 0.000019 -0.000123 2.092587
    86 -0.342617 0.053402 -0.025571 -2.909301 -0.017248 0.075276
    87 1.100231 -0.000928 -0.002434 0.000009 0.000002 0.783461
    88 -0.384979 0.331001 0.006848 -3.087207 -0.018765 -0.184278
    89 0.678146 0.002286 -0.003905 -0.000006 -0.000007 0.099973
    90 -0.123848 0.072738 0.029507 2.898184 -0.060627 0.094835
    91 1.017166 -0.000154 -0.000252 -0.000011 -0.000014 0.144143
    92 -0.344990 0.123129 0.143151 2.994981 0.012396 0.059140
    93 -0.730989 0.177046 0.039141 -0.123731 0.076518 -0.084310
    94 0.921993 0.001298 -0.000896 -0.000014 -0.000035 0.391267
    95 -0.124023 -0.052090 0.038495 3.077813 -0.008519 0.039229
    96 1.100433 -0.003552 0.000502 0.000018 -0.000006 0.705464
    97 -0.330082 0.160639 0.042780 3.128073 0.034033 -0.171236
    98 0.679764 0.001532 0.003272 0.000026 0.000027 0.975935
    99 -0.019512 -0.016531 0.038578 -2.763781 0.050305 0.076829
    100 1.018891 0.001206 0.001121 0.000006 0.000007 0.425058
    101 -0.155308 0.130644 -0.021921 -3.022466 0.022433 -0.024902
    102 -0.252207 0.061937 -0.024914 -0.007671 -0.063171 -0.044392
    103 -0.085995 0.185205 -0.015180 -2.937063 -0.113970 -0.138991
    104 -0.286533 0.179852 0.024264 -3.109353 -0.049645 -0.029914
    105 -0.019482 0.147083 0.079203 2.893815 0.038585 -0.060594
    106 -0.046482 0.251896 0.129548 3.016165 0.077112 -0.042864
    107 0.039124 -0.040295 0.047739 3.084219 0.030470 -0.037414
    108 -0.233757 0.066630 0.001754 -3.133087 0.040141 -0.065412
    109 0.044266 0.020131 0.001684 -2.778763 -0.118872 -0.040488
    110 0.071495 0.074128 -0.048302 -3.035917 -0.059482 0.104366
    111 0.000000 0.000000 0.000000 0.000000 0.000000 -1.570796
    112 -11.492538 -5.523606 -1.835994 -1.950530 0.254807 -0.034967
    113 0.000000 0.000000 0.000000 0.000000 0.000000 0.000000
    114 -1.410199 -6.246284 -4.316538 -1.950103 0.255296 -0.034642
    115 3.096000 0.000000 -1.996000 0.000000 0.000000 0.000000
    116 3.040999 0.000000 1.202000 0.000000 0.000000 0.000000
    117 7.854000 0.000000 -0.042000 0.000000 0.000000 0.000000
    118 13.105999 0.000000 -0.006000 0.000000 0.000000 -0.000013
    119 3.456000 0.000000 -1.084000 0.000000 0.000000 0.000000
    120 1.804000 0.000000 -1.025000 0.000000 0.000000 0.000000
    121 7.098000 0.000000 -1.084000 0.000000 0.000000 0.000000
    122 1.868000 1.809000 -1.975000 -2.218497 -0.017091 -0.465758
    123 3.740000 0.000000 1.273000 0.000000 0.000000 0.000000
    124 11.956999 0.000000 -0.006000 0.000000 0.000000 0.000013
    125 6.072001 0.000000 -1.238000 0.000000 0.000000 0.000000
    126 5.690000 -0.365000 0.068000 -0.000118 -0.348941 -1.570715
    127 6.396999 0.614000 0.428000 0.000000 0.000000 0.000000
    128 3.040999 0.000000 1.202000 0.000000 0.000000 0.000000
    129 3.720000 0.000000 1.202000 0.000000 0.000000 0.000000
    130 1.086000 -0.661000 -0.149000 0.000000 0.000000 0.000000
    131 1.067000 0.589000 0.076000 0.000000 0.000000 0.000000
    132 0.000000 -0.019000 0.000000 0.000000 0.000000 0.000000
    133 0.000000 -0.019000 0.000000 0.000000 0.000000 0.000000
    134 3.300000 -0.019000 1.346000 0.000000 0.000000 0.000000
    135 -1.524000 -1.859000 -4.367000 -1.730149 -0.014933 0.208109
    136 7.283999 0.000000 -2.195000 0.000000 0.000000 0.000000
    137 -1.323000 0.000000 0.184000 0.000000 0.000000 0.000000
    138 0.082000 0.000000 1.002000 0.000000 0.000000 0.000000
    139 19.677641 51.169530 33.751431 -2.972775 1.198710 1.478104
    140 0.478000 0.000000 -4.537000 0.000000 0.000000 0.000000
    141 3.436000 0.000000 1.202000 0.000000 0.000000 0.000000
    142 3.040999 0.000000 1.202000 0.000000 0.000000 0.000000
    143 4.657000 0.000000 1.545000 0.000000 0.000000 0.000000
    144 -0.403000 0.000000 -0.011000 0.000000 0.000000 0.000000
    145 1.781000 0.000000 0.873000 0.000000 0.000000 0.000000
    146 0.384000 0.715000 0.801000 0.000000 0.000000 0.000000
    147 1.795000 0.533000 -1.550000 0.000000 0.000000 0.000000
    148 4.435999 0.595000 -0.954000 0.000000 0.000000 0.000000
    149 4.401999 -0.614000 -1.630000 0.000000 0.000000 0.000000
    150 4.203000 -0.003000 -0.048000 0.000000 0.000000 0.000000
    151 5.136000 0.000000 1.534000 0.000000 0.000000 0.000000
    152 11.957001 0.000000 -0.006000 0.000000 0.000000 0.000013
    153 -2.103001 0.000000 0.000000 0.000000 0.000000 0.000000
    154 -0.598001 0.000000 -0.011000 0.000000 0.000000 0.000000
    155 0.496000 0.184000 -3.523000 0.000000 0.000000 0.000000
    156 0.147000 0.184000 -0.328000 0.000000 0.000000 0.000000
    157 0.147000 0.184000 0.023000 0.000000 0.000000 0.000000
    158 0.147000 0.184000 0.368000 0.000000 0.000000 0.000000
    159 0.147000 0.184000 0.717000 0.000000 0.000000 0.000000
    160 0.147000 0.184000 1.067000 0.000000 0.000000 0.000000
    161 0.148000 0.184000 1.414000 0.000000 0.000000 0.000000
    162 0.148000 -0.074000 1.640000 0.000000 0.000000 0.000000
    163 0.435000 0.184000 -3.179000 0.000000 0.000000 0.000000
    164 0.378000 0.184000 -2.826000 0.000000 0.000000 0.000000
    165 0.329000 0.184000 -2.477000 0.000000 0.000000 0.000000
    166 0.286000 0.184000 -2.127000 0.000000 0.000000 0.000000
    167 0.252000 0.184000 -1.775000 0.000000 0.000000 0.000000
    168 0.215000 0.184000 -1.417000 0.000000 0.000000 0.000000
    169 0.190000 0.184000 -1.064000 0.000000 0.000000 0.000000
    170 0.166000 0.184000 -0.714000 0.000000 0.000000 0.000000
    171 1.622000 0.000000 1.568000 0.000000 0.000000 0.000000
    172 2.240000 0.000000 1.568000 0.000000 0.000000 0.000000
    173 0.000000 0.000000 0.000000 0.000000 0.000000 0.000000
    174 0.000000 0.000000 -4.867001 3.141572 -0.003206 -3.128592
    175 1.000088 -0.000029 0.000000 0.000000 0.000000 0.000000
    176 17.162518 -0.000404 0.000000 0.000000 0.000000 0.119207
    177 17.749374 0.295515 0.000000 0.000000 0.000000 -1.158919
    178 5.413528 0.000347 0.000000 0.000000 0.000000 -0.518029
    179 0.017887 0.299792 0.000000 0.000000 0.000000 -0.059575
    180 9.999889 -0.000303 0.000000 0.000000 0.000000 0.000000
    181 0.000000 0.000000 4.867000 -3.141572 0.003206 -3.128592
    182 1.000088 -0.000029 0.000000 0.000000 0.000000 0.000000
    183 12.283573 1.581455 -4.695999 1.462269 -0.086726 0.090185
    184 17.162518 -0.000404 0.000000 0.000000 0.000000 0.119207
    185 17.749374 0.295515 0.000000 0.000000 0.000000 -1.158919
    186 5.413528 0.000347 0.000000 0.000000 0.000000 -0.518027
    187 0.017887 0.299792 0.000000 0.000000 0.000000 -0.059573
    188 9.499836 0.000212 0.000000 0.000000 0.000000 0.000000
    189 -1.145525 0.000130 0.000671 0.000000 0.000000 0.000000
    190 -0.857691 0.104071 0.104687 0.023536 0.163924 0.013632
    191 3.999430 -0.000528 -0.000332 -0.667755 0.000000 0.000000
    192 0.599499 0.400698 0.000236 0.000000 0.000000 0.000000
    193 0.599886 0.400186 -0.000027 0.000000 0.000000 0.000000
    194 2.299677 -2.499979 -0.599480 0.891898 0.221465 -0.527213
    195 3.236118 7.928046 -7.273608 1.631511 -0.623131 -1.609238
    196 -9.580679 -27.862108 -37.184677 0.812879 -0.123459 -0.568477
    197 0.649935 -0.548296 0.093658 -1.665913 -0.131399 -0.112062
    198 1.899127 0.000427 -0.000439 0.027386 -0.033311 0.477848
    199 0.657078 0.008400 0.040375 -1.665945 -0.131407 -0.000013
    200 1.799664 -0.000240 0.000231 0.027386 -0.033311 0.477848
    201 1.799664 -0.000240 0.000231 0.027386 -0.033311 0.477848
    202 1.799664 -0.000240 0.000231 0.027386 -0.033311 0.477848
    203 0.665774 0.747222 -0.029186 -1.665935 -0.131408 0.094976
    204 1.900306 -0.000137 -0.000517 0.027386 -0.033311 0.477848
    205 4.869042 -12.495458 10.637873 1.569428 1.561257 -3.121407
    206 3.999897 0.000040 0.001007 -0.255534 0.000000 0.000000
    207 0.600403 0.399632 -0.000469 0.000000 0.000000 -3.141496
    208 0.599890 0.400186 0.000031 0.000000 0.000000 -3.141592
    209 2.300137 -2.499413 0.600155 -0.891898 -0.221466 -0.527212
    210 2.802184 -12.196723 -3.683493 1.653924 0.406810 -1.589819
    211 2.762354 0.116951 1.523975 1.629482 0.064153 1.743800
    212 7.228317 7.928200 -3.925652 2.328713 0.123459 -0.568477
    213 0.650396 -0.547731 -0.092976 1.665913 0.131399 -0.112062
    214 1.899441 -0.000320 -0.000150 -0.027386 0.033311 0.477848
    215 0.657068 0.008398 -0.040379 1.665945 0.131407 -0.000013
    216 1.799659 -0.000233 -0.000233 -0.027386 0.033311 0.477848
    217 1.799659 -0.000233 -0.000233 -0.027386 0.033311 0.477848
    218 1.799659 -0.000233 -0.000233 -0.027386 0.033311 0.477848
    219 0.665778 0.747222 0.029179 1.665935 0.131408 0.094976
    220 1.900722 0.000549 -0.000072 -0.027386 0.033311 0.477848
    221 4.530998 0.000000 0.000000 0.000000 0.000000 0.000000
    222 4.527344 0.000000 0.000000 0.000000 0.000000 0.000000
    223 0.000000 0.000000 0.000000 0.000000 0.000000 0.000000
    224 0.000000 0.000000 0.000000 0.000000 0.000000 0.000000
    225 4.000000 -6.500000 0.000000 0.000000 0.000000 0.000977
    226 -6.500000 0.000000 0.000000 0.000000 1.570752 0.000000
    227 7.249990 -1.417763 7.485736 -1.950180 0.254948 1.536006
    228 0.280000 -0.135000 2.196999 1.570796 0.000000 -1.570735
    229 0.000000 0.000000 0.000000 0.000000 0.000000 0.000000
    230 0.000000 0.000000 0.000000 0.042569 0.080057 -0.160677
    231 0.106000 0.000000 -64.320000 0.000000 0.000000 0.000000
    232 0.000000 0.000000 0.000000 0.000000 0.000000 0.000000
    233 -0.106000 0.000000 64.320000 0.000000 0.000000 0.000000
    234 0.003042 -0.001328 -64.319374 0.000009 0.000084 -3.141638
    235 0.000000 0.000000 0.000000 -0.000303 0.000193 -0.000090
    236 1.688000 -0.001000 -1.454002 0.000000 0.000000 0.000000
    237 -1.070999 -0.005000 0.545002 0.000000 0.000000 0.000000
    238 5.895000 0.750997 -0.156000 0.000000 0.000000 0.000000
    239 11.599999 -0.000003 -1.500002 0.000000 0.000000 0.000000
    240 1.037001 1.337997 -4.334000 -2.791227 -0.162411 -0.765711
    241 7.216001 -0.000003 -1.579000 0.000000 0.000000 0.000000
    242 4.445999 -0.000003 -1.500000 0.000000 0.000000 0.000000
    243 0.673937 -0.015635 -4.768713 -3.141592 -1.281051 3.141593
    244 0.094999 -0.144000 0.332001 0.000000 0.000000 0.000000
    245 14.209020 0.000022 0.766988 0.000000 0.000000 0.000000
    246 0.000000 0.000000 0.000000 1.570800 0.000000 -1.570796
  time 6
    0 0.000000 0.000000 0.000000 0.000000 0.000000 -1.570796
    1 -0.106750 -0.000001 -0.000351 0.000000 0.000000 0.000000
    2 0.000000 0.000000 0.000000 0.000000 0.000000 0.000000
    3 -0.904000 0.000000 -11.806000 0.000000 0.000000 0.000000
    4 0.000000 0.000000 -14.313999 1.570807 -1.570729 0.000000
    5 3.533001 0.000000 0.000000 0.000000 0.000000 0.000000
    6 6.250000 0.000000 0.000000 0.000000 0.000000 0.000000
    7 3.756273 7.109617 -1.944020 -1.153086 1.547235 -1.153173
    8 10.904929 4.386878 6.502765 1.551150 -1.063176 -1.553607
    9 5.786820 0.002787 -0.000113 -1.730438 0.732162 -1.334849
    10 5.999492 -0.000592 -4.000343 0.000000 0.000000 0.000000
    11 5.787410 0.002582 0.000893 1.686228 0.685289 0.728055
    12 5.999492 -0.000592 4.000340 0.000000 0.000000 0.000000
    13 0.500225 0.000133 -0.000084 0.709778 0.000000 0.000000
    14 11.530657 0.000349 -0.001308 -0.000053 0.000033 -2.071793
    15 -0.829338 0.893824 0.079659 -0.148839 0.047645 0.087266
    16 0.500225 0.000132 0.000072 -2.160833 0.000072 -0.000024
    17 11.532495 0.000526 0.003814 0.000066 -0.000022 -2.701552
    18 -0.829586 0.894698 -0.079468 0.045377 -0.019621 0.087266
    19 10.599886 0.000105 -0.000553 -0.659705 0.000012 -0.000024
    20 1.029849 -0.587690 -0.000805 -0.000024 -0.000049 1.035920
    21 11.042053 0.003717 0.000798 -1.371024 0.329675 0.754607
    22 -11.814724 0.424524 -0.297680 0.247998 -0.066121 -0.042695
    23 10.599878 0.000105 0.000549 -0.542377 -0.000012 -0.000048
    24 1.729087 -0.384560 0.000801 -0.000048 0.000037 1.350702
    25 11.041739 0.003170 -0.000568 -0.419417 -1.006653 1.551949
    26 -11.663242 0.094713 0.140656 -0.068591 0.018527 -0.015099
    27 0.610300 -0.939470 0.070347 -1.643524 0.126147 -0.103469
    28 0.639938 -0.199121 0.060192 -1.725499 0.107293 -0.056404
    29 0.600155 1.080260 -0.339535 -1.886121 0.608099 -0.143021
    30 0.610207 0.400743 -0.010098 -1.841435 0.292541 -0.068465
    31 0.662060 -0.654933 -0.279220 0.604538 0.695853 -0.864230
    32 -0.792125 0.203736 0.461304 1.439074 -0.003453 -0.018305
    33 0.610300 -0.939469 -0.070354 1.655238 0.140141 -0.175584
    34 0.639938 -0.199121 -0.060200 1.665960 0.130948 -0.066495
    35 0.600157 1.080260 0.339531 1.737970 -0.020766 0.107361
    36 0.610205 0.400743 0.010086 1.762268 0.061592 0.042920
    37 0.627906 -0.691394 0.232270 -0.314892 -0.552752 -0.950455
    38 -0.626031 -0.069982 -0.080517 -1.447153 0.086151 0.021559
    39 2.621377 -0.002532 -0.001438 -0.152630 -0.157133 0.283773
    40 2.660837 0.000397 -0.000071 -0.182558 -0.020319 0.603086
    41 2.202488 0.003364 -0.002863 0.128753 0.296834 -0.239483
    42 0.599950 0.959236 -0.300102 -0.174544 0.000000 0.000000
    43 2.557190 -0.001967 0.002453 0.009944 0.070579 0.349850
    44 2.098929 0.000032 -0.002193 -0.469967 0.122468 0.670038
    45 0.999378 -0.000238 -1.385156 0.000000 0.000000 0.000000
    46 -0.122641 -0.721855 0.661686 -0.486644 0.223964 0.243056
    47 2.622112 -0.000648 0.002741 -0.000001 0.000010 0.735750
    48 2.657909 0.000687 -0.000533 0.017106 -0.015529 0.796424
    49 2.200014 0.001663 0.000836 0.101570 -0.058498 0.262805
    50 0.599949 0.959244 0.300102 0.174544 0.000000 0.000000
    51 2.556571 -0.000385 0.000554 0.094196 -0.051902 0.501757
    52 2.103853 0.001708 -0.001011 0.274569 -0.236105 0.428730
    53 0.999376 -0.000240 1.267961 0.000000 0.000000 0.946859
    54 0.310848 -0.606446 -0.498005 0.308107 -0.197598 0.313975
    55 1.869163 -0.000835 -0.000994 0.000041 0.000015 0.744498
    56 1.200941 0.399582 -0.000237 -0.009465 0.016087 0.007127
    57 0.000586 0.100342 -0.000319 -0.120035 -0.021926 -0.209617
    58 -0.161663 0.051712 0.194808 -2.941982 0.122408 -0.060194
    59 2.010090 -0.003202 -0.003377 -0.000030 -0.000035 1.419586
    60 0.000237 0.099800 -0.000395 -0.018823 0.010833 -0.239219
    61 -0.203197 0.048607 0.069150 -3.093332 0.033217 -0.046722
    62 1.180426 -0.002312 0.000781 -0.000002 0.000000 0.769318
    63 -0.000196 0.099625 -0.000034 0.000000 0.000000 -0.314102
    64 -0.088737 -0.688435 -0.145203 2.930407 -0.136130 0.513013
    65 1.712069 -0.003328 0.003818 -0.000013 0.000003 1.011540
    66 -0.000576 0.100143 -0.000311 -0.010914 0.023131 -0.260843
    67 -0.146027 -0.232426 -0.014225 3.028455 -0.094299 0.113020
    68 1.290634 0.000361 -0.000036 0.000000 -0.000036 0.250863
    69 -0.658119 -0.003576 0.072643 -0.142711 0.027792 -0.077299
    70 1.868078 -0.003049 0.002177 0.000039 0.000039 1.215383
    71 1.200075 0.399942 -0.000093 0.009465 -0.016087 0.007127
    72 0.000589 0.100342 0.000319 0.120035 0.021926 -0.209617
    73 0.068073 0.002283 -0.080050 3.111376 -0.069366 -0.060847
    74 2.011874 -0.001179 0.002180 0.000047 -0.000037 1.002981
    75 0.000233 0.099800 0.000395 0.018823 -0.010833 -0.239219
    76 -0.018673 -0.001009 0.047544 3.109244 0.002635 -0.106673
    77 1.178665 0.001595 0.000845 -0.000054 -0.000060 0.092878
    78 -0.000196 0.099628 0.000034 0.000000 0.000000 -0.314102
    79 0.036894 -0.634449 0.266284 -2.801062 0.174301 0.490915
    80 1.708256 -0.002504 -0.000686 -0.000010 0.000011 0.904645
    81 -0.000580 0.100140 0.000311 0.010910 -0.023132 -0.260845
    82 -0.003952 -0.281811 0.115047 -3.059162 0.089004 0.167964
    83 1.289625 0.000042 0.000061 -0.000002 0.000014 0.771546
    84 -0.171526 -0.018150 -0.099873 0.013484 -0.062184 -0.011781
    85 0.916622 0.003336 0.001326 0.000019 -0.000123 2.092587
    86 -0.342617 0.053402 -0.025571 -2.909301 -0.017248 0.075276
    87 1.100231 -0.000928 -0.002434 0.000009 0.000002 0.783402
    88 -0.384979 0.331001 0.006848 -3.087207 -0.018765 -0.184278
    89 0.678146 0.002286 -0.003905 -0.000006 -0.000007 0.099973
    90 -0.123848 0.072738 0.029507 2.898184 -0.060627 0.094835
    91 1.017166 -0.000154 -0.000252 -0.000011 -0.000014 0.144095
    92 -0.344990 0.123129 0.143151 2.994981 0.012396 0.059140
    93 -0.730989 0.177046 0.039141 -0.123731 0.076518 -0.084310
    94 0.921993 0.001298 -0.000896 -0.000014 -0.000071 0.390386
    95 -0.124023 -0.052090 0.038495 3.077813 -0.008519 0.039229
    96 1.100433 -0.003552 0.000502 0.000053 -0.000018 0.704612
    97 -0.330082 0.160639 0.042780 3.128073 0.034033 -0.171236
    98 0.679764 0.001532 0.003272 0.000002 0.000003 0.975069
    99 -0.019512 -0.016531 0.038578 -2.763781 0.050305 0.076829
    100 1.018891 0.001206 0.001121 0.000006 0.000007 0.424130
    101 -0.155308 0.130644 -0.021921 -3.022466 0.022433 -0.024902
    102 -0.252207 0.061937 -0.024914 -0.007671 -0.063171 -0.044392
    103 -0.085995 0.185205 -0.015180 -2.937063 -0.113970 -0.138991
    104 -0.286533 0.179852 0.024264 -3.109353 -0.049645 -0.029914
    105 -0.019482 0.147083 0.079203 2.893815 0.038585 -0.060594
    106 -0.046482 0.251896 0.129548 3.016165 0.077112 -0.042864
    107 0.039124 -0.040295 0.047739 3.084219 0.030470 -0.037414
    108 -0.233757 0.066630 0.001754 -3.133087 0.040141 -0.065412
    109 0.044266 0.020131 0.001684 -2.778763 -0.118872 -0.040488
    110 0.071495 0.074128 -0.048302 -3.035917 -0.059482 0.104366
    111 0.000000 0.000000 0.000000 0.000000 0.000000 -1.570796
    112 -7.929929 -0.539079 -0.984405 -2.136731 0.295949 -0.165781
    113 0.000000 0.000000 0.000000 0.000000 0.000000 0.000000
    114 1.878964 -2.523515 -3.816523 -2.136495 0.296571 -0.165724
    115 3.096000 0.000000 -1.996000 0.000000 0.000000 0.000000
    116 3.040999 0.000000 1.202000 0.000000 0.000000 0.000000
    117 7.854000 0.000000 -0.042000 0.000000 0.000000 0.000000
    118 13.105999 0.000000 -0.006000 0.000000 0.000000 -0.000013
    119 3.456000 0.000000 -1.084000 0.000000 0.000000 0.000000
    120 1.804000 0.000000 -1.025000 0.000000 0.000000 0.000000
    121 7.098000 0.000000 -1.084000 0.000000 0.000000 0.000000
    122 1.868000 1.809000 -1.975000 -2.218497 -0.017091 -0.465758
    123 3.740000 0.000000 1.273000 0.000000 0.000000 0.000000
    124 11.956999 0.000000 -0.006000 0.000000 0.000000 0.000013
    125 6.072001 0.000000 -1.238000 0.000000 0.000000 0.000000
    126 5.690000 -0.365000 0.068000 -0.000118 -0.348941 -1.570715
    127 6.396999 0.614000 0.428000 0.000000 0.000000 0.000000
    128 3.040999 0.000000 1.202000 0.000000 0.000000 0.000000
    129 3.720000 0.000000 1.202000 0.000000 0.000000 0.000000
    130 1.086000 -0.661000 -0.149000 0.000000 0.000000 0.000000
    131 1.067000 0.589000 0.076000 0.000000 0.000000 0.000000
    132 0.000000 -0.019000 0.000000 0.000000 0.000000 0.000000
    133 0.000000 -0.019000 0.000000 0.000000 0.000000 0.000000
    134 3.300000 -0.019000 1.346000 0.000000 0.000000 0.000000
    135 -1.524000 -1.859000 -4.367000 -1.730149 -0.014933 0.208109
    136 7.283999 0.000000 -2.195000 0.000000 0.000000 0.000000
    137 -1.323000 0.000000 0.184000 0.000000 0.000000 0.000000
    138 0.082000 0.000000 1.002000 0.000000 0.000000 0.000000
    139 18.380726 47.388165 39.650048 -3.112007 1.032350 1.258211
    140 0.478000 0.000000 -4.537000 0.000000 0.000000 0.000000
    141 3.436000 0.000000 1.202000 0.000000 0.000000 0.000000
    142 3.040999 0.000000 1.202000 0.000000 0.000000 0.000000
    143 4.657000 0.000000 1.545000 0.000000 0.000000 0.000000
    144 -0.403000 0.000000 -0.011000 0.000000 0.000000 0.000000
    145 1.781000 0.000000 0.873000 0.000000 0.000000 0.000000
    146 0.384000 0.715000 0.801000 0.000000 0.000000 0.000000
    147 1.795000 0.533000 -1.550000 0.000000 0.000000 0.000000
    148 4.435999 0.595000 -0.954000 0.000000 0.000000 0.000000
    149 4.401999 -0.614000 -1.630000 0.000000 0.000000 0.000000
    150 4.203000 -0.003000 -0.048000 0.000000 0.000000 0.000000
    151 5.136000 0.000000 1.534000 0.000000 0.000000 0.000000
    152 11.957001 0.000000 -0.006000 0.000000 0.000000 0.000013
    153 -2.103001 0.000000 0.000000 0.000000 0.000000 0.000000
    154 -0.598001 0.000000 -0.011000 0.000000 0.000000 0.000000
    155 0.496000 0.184000 -3.523000 0.000000 0.000000 0.000000
    156 0.147000 0.184000 -0.328000 0.000000 0.000000 0.000000
    157 0.147000 0.184000 0.023000 0.000000 0.000000 0.000000
    158 0.147000 0.184000 0.368000 0.000000 0.000000 0.000000
    159 0.147000 0.184000 0.717000 0.000000 0.000000 0.000000
    160 0.147000 0.184000 1.067000 0.000000 0.000000 0.000000
    161 0.148000 0.184000 1.414000 0.000000 0.000000 0.000000
    162 0.148000 -0.074000 1.640000 0.000000 0.000000 0.000000
    163 0.435000 0.184000 -3.179000 0.000000 0.000000 0.000000
    164 0.378000 0.184000 -2.826000 0.000000 0.000000 0.000000
    165 0.329000 0.184000 -2.477000 0.000000 0.000000 0.000000
    166 0.286000 0.184000 -2.127000 0.000000 0.000000 0.000000
    167 0.252000 0.184000 -1.775000 0.000000 0.000000 0.000000
    168 0.215000 0.184000 -1.417000 0.000000 0.000000 0.000000
    169 0.190000 0.184000 -1.064000 0.000000 0.000000 0.000000
    170 0.166000 0.184000 -0.714000 0.000000 0.000000 0.000000
    171 1.622000 0.000000 1.568000 0.000000 0.000000 0.000000
    172 2.240000 0.000000 1.568000 0.000000 0.000000 0.000000
    173 0.000000 0.000000 0.000000 0.000000 0.000000 0.000000
    174 0.000000 0.000000 -4.867001 3.141572 -0.003206 -3.128592
    175 1.000088 -0.000029 0.000000 0.000000 0.000000 0.000000
    176 17.162518 -0.000404 0.000000 0.000000 0.000000 0.119207
    177 17.749374 0.295515 0.000000 0.000000 0.000000 -1.158919
    178 5.413528 0.000347 0.000000 0.000000 0.000000 -0.518029
    179 0.017887 0.299792 0.000000 0.000000 0.000000 -0.059575
    180 9.999889 -0.000303 0.000000 0.000000 0.000000 0.000000
    181 0.000000 0.000000 4.867000 -3.141572 0.003206 -3.128592
    182 1.000088 -0.000029 0.000000 0.000000 0.000000 0.000000
    183 12.283573 1.581455 -4.695999 1.462269 -0.086726 0.090185
    184 17.162518 -0.000404 0.000000 0.000000 0.000000 0.119207
    185 17.749374 0.295515 0.000000 0.000000 0.000000 -1.158919
    186 5.413528 0.000347 0.000000 0.000000 0.000000 -0.518027
    187 0.017887 0.299792 0.000000 0.000000 0.000000 -0.059573
    188 9.499836 0.000212 0.000000 0.000000 0.000000 0.000000
    189 -1.145525 0.000130 0.000671 0.000000 0.000000 0.000000
    190 -0.857691 0.104071 0.104687 0.023536 0.163924 0.013632
    191 3.999430 -0.000528 -0.000332 -0.824573 0.000000 0.000000
    192 0.599499 0.400698 0.000236 0.000000 0.000000 0.000000
    193 0.599886 0.400186 -0.000027 0.000000 0.000000 0.000000
    194 2.299677 -2.499979 -0.599480 0.891898 0.221465 -0.527213
    195 3.236118 7.928046 -7.273608 1.631511 -0.623131 -1.609330
    196 -9.580679 -27.862108 -37.184677 0.812879 -0.123459 -0.568477
    197 0.649935 -0.548296 0.093658 -1.665913 -0.131399 -0.112062
    198 1.899127 0.000427 -0.000439 0.027386 -0.033311 0.477848
    199 0.657078 0.008400 0.040375 -1.665945 -0.131407 -0.000013
    200 1.799664 -0.000240 0.000231 0.027386 -0.033311 0.477848
    201 1.799664 -0.000240 0.000231 0.027386 -0.033311 0.477848
    202 1.799664 -0.000240 0.000231 0.027386 -0.033311 0.477848
    203 0.665774 0.747222 -0.029186 -1.665935 -0.131408 0.094976
    204 1.900306 -0.000137 -0.000517 0.027386 -0.033311 0.477848
    205 4.869042 -12.495458 10.637873 1.569715 1.561257 -3.121120
    206 3.999897 0.000040 0.001007 -0.271175 0.000000 0.000000
    207 0.600403 0.399632 -0.000469 0.000000 0.000000 -3.141592
    208 0.599890 0.400186 0.000031 0.000000 0.000000 -3.141496
    209 2.300137 -2.499413 0.600155 -0.891898 -0.221466 -0.527212
    210 2.802184 -12.196723 -3.683493 1.653829 0.406672 -1.589927
    211 2.762354 0.116951 1.523975 1.629482 0.064153 1.743800
    212 7.228317 7.928200 -3.925652 2.328713 0.123459 -0.568477
    213 0.650396 -0.547731 -0.092976 1.665913 0.131399 -0.112062
    214 1.899441 -0.000320 -0.000150 -0.027386 0.033311 0.477848
    215 0.657068 0.008398 -0.040379 1.665945 0.131407 -0.000013
    216 1.799659 -0.000233 -0.000233 -0.027386 0.033311 0.477848
    217 1.799659 -0.000233 -0.000233 -0.027386 0.033311 0.477848
    218 1.799659 -0.000233 -0.000233 -0.027386 0.033311 0.477848
    219 0.665778 0.747222 0.029179 1.665935 0.131408 0.094976
    220 1.900722 0.000549 -0.000072 -0.027386 0.033311 0.477848
    221 4.530998 0.000000 0.000000 0.000000 0.000000 0.000000
    222 4.527344 0.000000 0.000000 0.000000 0.000000 0.000000
    223 0.000000 0.000000 0.000000 0.000000 0.000000 0.000000
    224 0.000000 0.000000 0.000000 0.000000 0.000000 0.000000
    225 4.000000 -6.500000 0.000000 0.000000 0.000000 0.000977
    226 -6.500000 0.000000 0.000000 0.000000 1.570752 0.000000
    227 3.527220 1.879213 7.985751 -2.136382 0.296129 1.405193
    228 0.280000 -0.135000 2.196999 1.570796 0.000000 -1.570735
    229 0.000000 0.000000 0.000000 0.000000 0.000000 0.000000
    230 0.000000 0.000000 0.000000 0.035103 0.037979 -0.031747
    231 0.106000 0.000000 -64.320000 0.000000 0.000000 0.000000
    232 0.000000 0.000000 0.000000 0.000000 0.000000 0.000000
    233 -0.106000 0.000000 64.320000 0.000000 0.000000 0.000000
    234 0.003042 -0.001328 -64.319374 0.000009 0.000084 -3.141638
    235 0.000000 0.000000 0.000000 -0.000303 0.000193 -0.000090
    236 1.688000 -0.001000 -1.454002 0.000000 0.000000 0.000000
    237 -1.070999 -0.005000 0.545002 0.000000 0.000000 0.000000
    238 5.895000 0.750997 -0.156000 0.000000 0.000000 0.000000
    239 11.599999 -0.000003 -1.500002 0.000000 0.000000 0.000000
    240 1.037001 1.337997 -4.334000 -2.791227 -0.162411 -0.765711
    241 7.216001 -0.000003 -1.579000 0.000000 0.000000 0.000000
    242 4.445999 -0.000003 -1.500000 0.000000 0.000000 0.000000
    243 0.673937 -0.015635 -4.768713 -3.141592 -1.281051 3.141593
    244 0.094999 -0.144000 0.332001 0.000000 0.000000 0.000000
    245 14.209020 0.000022 0.766988 0.000000 0.000000 0.000000
    246 0.000000 0.000000 0.000000 1.570800 0.000000 -1.570796
  time 7
    0 0.000000 0.000000 0.000000 0.000000 0.000000 -1.570796
    1 -0.106750 -0.000001 -0.000351 0.000000 0.000000 0.000000
    2 0.000000 0.000000 0.000000 0.000000 0.000000 0.000000
    3 -0.904000 0.000000 -11.806000 0.000000 0.000000 0.000000
    4 0.000000 0.000000 -14.313999 1.570807 -1.570729 0.000000
    5 3.533001 0.000000 0.000000 0.000000 0.000000 0.000000
    6 6.250000 0.000000 0.000000 0.000000 0.000000 0.000000
    7 3.756273 7.109617 -1.944020 -1.154328 1.547141 -1.154415
    8 10.076779 -0.851563 5.491015 1.554364 -0.950046 -1.557438
    9 5.786820 0.002787 -0.000113 -1.751947 0.742755 -1.615883
    10 5.999492 -0.000592 -4.000343 0.000000 0.000000 0.000000
    11 5.787410 0.002582 0.000893 0.177596 0.278926 -1.510764
    12 5.999492 -0.000592 4.000340 0.000000 0.000000 0.000000
    13 0.500225 0.000133 -0.000084 0.616876 0.000000 0.000000
    14 11.530657 0.000349 -0.001308 0.000019 -0.000075 -2.234119
    15 -0.829338 0.893824 0.079659 -0.148839 0.047645 0.087266
    16 0.500225 0.000132 0.000072 0.520045 0.000000 0.000000
    17 11.532495 0.000526 0.003814 0.000006 -0.000010 -0.000003
    18 -0.829586 0.894698 -0.079468 0.045377 -0.019621 0.087266
    19 10.599886 0.000105 -0.000553 -0.017838 0.000000 0.000000
    20 1.213449 -0.587690 -0.000805 0.000000 0.000011 1.117095
    21 11.042053 0.003717 0.000798 -0.075962 -0.953173 0.237102
    22 -11.814724 0.424524 -0.297680 0.247998 -0.066121 -0.042695
    23 10.599878 0.000105 0.000549 -0.756986 -0.000036 -0.000108
    24 0.002472 -0.298620 0.000801 0.000000 -0.000011 0.000016
    25 11.041739 0.003170 -0.000568 -0.655055 0.204482 -0.820461
    26 -11.663242 0.094713 0.140656 -0.068591 0.018527 -0.015099
    27 0.610300 -0.939470 0.070347 -1.643524 0.126147 -0.103469
    28 0.639938 -0.199121 0.060192 -1.725499 0.107293 -0.056392
    29 0.600155 1.080260 -0.339535 -1.886121 0.608099 -0.143033
    30 0.610207 0.400743 -0.010098 -1.841435 0.292553 -0.068465
    31 0.658153 -0.654933 -0.275313 0.604538 0.695829 -0.864230
    32 -0.792125 0.203736 0.461304 1.439074 -0.003453 -0.018305
    33 0.610300 -0.939469 -0.070354 1.655238 0.140141 -0.175584
    34 0.639938 -0.199121 -0.060200 1.665960 0.130864 -0.066507
    35 0.600157 1.080260 0.339531 1.738023 -0.020766 0.107361
    36 0.610205 0.400743 0.010086 1.762268 0.061592 0.042920
    37 0.627906 -0.691394 0.232270 -0.314892 -0.552732 -0.950455
    38 -0.626031 -0.069982 -0.080517 -1.447153 0.086151 0.021559
    39 2.621377 -0.002532 -0.001438 -0.152611 -0.157091 0.283773
    40 2.660837 0.000397 -0.000071 -0.182558 -0.020282 0.603086
    41 2.202488 0.003364 -0.002863 0.128772 0.296834 -0.239483
    42 0.599950 0.959236 -0.300102 -0.174544 0.000000 0.000000
    43 2.557190 -0.001967 0.002453 0.009944 0.070579 0.349850
    44 2.098929 0.000032 -0.002193 -0.469967 0.122468 0.670017
    45 0.999378 -0.000238 -1.385156 0.000000 0.000000 0.000000
    46 -0.122641 -0.721855 0.661686 -0.486644 0.223964 0.243056
    47 2.622112 -0.000648 0.002741 -0.000019 -0.000018 0.750978
    48 2.657909 0.000687 -0.000533 0.015959 -0.016703 0.867446
    49 2.200014 0.001663 0.000836 0.097231 -0.065437 0.332588
    50 0.599949 0.959244 0.300102 0.174544 0.000000 0.000000
    51 2.556571 -0.000385 0.000554 0.090313 -0.058431 0.572664
    52 2.103853 0.001708 -0.001011 0.274543 -0.236153 0.428833
    53 0.999376 -0.000240 1.264055 0.000000 0.000000 0.946859
    54 0.310848 -0.606446 -0.498005 0.308107 -0.197598 0.313975
    55 1.869163 -0.000835 -0.000994 0.000053 -0.000020 0.744498
    56 1.200941 0.399582 -0.000237 -0.009465 0.016087 0.007127
    57 0.000586 0.100342 -0.000319 -0.120035 -0.021926 -0.209617
    58 -0.161663 0.051712 0.194808 -2.941982 0.122408 -0.060194
    59 2.010090 -0.003202 -0.003377 -0.000030 -0.000035 1.419633
    60 0.000237 0.099800 -0.000395 -0.018823 0.010833 -0.239219
    61 -0.203197 0.048607 0.069150 -3.093332 0.033217 -0.046722
    62 1.180426 -0.002312 0.000781 -0.000002 0.000000 0.769318
    63 -0.000196 0.099625 -0.000034 0.000000 0.000000 -0.314102
    64 -0.088737 -0.688435 -0.145203 2.930407 -0.136130 0.513013
    65 1.712069 -0.003328 0.003818 0.000011 -0.000009 1.011540
    66 -0.000576 0.100143 -0.000311 -0.010914 0.023131 -0.260843
    67 -0.146027 -0.232426 -0.014225 3.028455 -0.094299 0.113020
    68 1.290634 0.000361 -0.000036 0.000000 -0.000060 0.250863
    69 -0.658119 -0.003576 0.072643 -0.142711 0.027792 -0.077299
    70 1.868078 -0.003049 0.002177 0.000051 -0.000045 1.268127
    71 1.200075 0.399942 -0.000093 0.009465 -0.016087 0.007127
    72 0.000589 0.100342 0.000319 0.120035 0.021926 -0.209617
    73 0.068073 0.002283 -0.080050 3.111376 -0.069366 -0.060847
    74 2.011874 -0.001179 0.002180 -0.000001 -0.000001 1.054647
    75 0.000233 0.099800 0.000395 0.018823 -0.010833 -0.239219
    76 -0.018673 -0.001009 0.047544 3.109244 0.002635 -0.106673
    77 1.178665 0.001595 0.000845 0.000006 -0.000001 0.144780
    78 -0.000196 0.099628 0.000034 0.000000 0.000000 -0.314102
    79 0.036894 -0.634449 0.266284 -2.801062 0.174301 0.490915
    80 1.708256 -0.002504 -0.000686 -0.000010 0.000011 0.956076
    81 -0.000580 0.100140 0.000311 0.010910 -0.023132 -0.260845
    82 -0.003952 -0.281811 0.115047 -3.059162 0.089004 0.167964
    83 1.289625 0.000042 0.000061 0.000010 0.000014 0.771448
    84 -0.171526 -0.018150 -0.099873 0.013484 -0.062184 -0.011781
    85 0.916622 0.003336 0.001326 0.000019 -0.000111 2.092587
    86 -0.342617 0.053402 -0.025571 -2.909301 -0.017248 0.075276
    87 1.100231 -0.000928 -0.002434 0.000009 0.000002 0.783342
    88 -0.384979 0.331001 0.006848 -3.087207 -0.018765 -0.184278
    89 0.678146 0.002286 -0.003905 -0.000006 -0.000007 0.099973
    90 -0.123848 0.072738 0.029507 2.898184 -0.060627 0.094835
    91 1.017166 -0.000154 -0.000252 -0.000011 -0.000014 0.144047
    92 -0.344990 0.123129 0.143151 2.994981 0.012396 0.059140
    93 -0.730989 0.177046 0.039141 -0.123731 0.076518 -0.084310
    94 0.921993 0.001298 -0.000896 -0.000062 0.000013 0.444793
    95 -0.124023 -0.052090 0.038495 3.077813 -0.008519 0.039229
    96 1.100433 -0.003552 0.000502 -0.000030 -0.000054 0.759002
    97 -0.330082 0.160639 0.042780 3.128073 0.034033 -0.171236
    98 0.679764 0.001532 0.003272 0.000002 0.000003 1.029543
    99 -0.019512 -0.016531 0.038578 -2.763781 0.050305 0.076829
    100 1.018891 0.001206 0.001121 0.000006 0.000007 0.478637
    101 -0.155308 0.130644 -0.021921 -3.022466 0.022433 -0.024902
    102 -0.252207 0.061937 -0.024914 -0.007671 -0.063171 -0.044392
    103 -0.085995 0.185205 -0.015180 -2.937063 -0.113970 -0.138991
    104 -0.286533 0.179852 0.024264 -3.109353 -0.049645 -0.029914
    105 -0.019482 0.147083 0.079203 2.893815 0.038585 -0.060594
    106 -0.046482 0.251896 0.129548 3.016165 0.077112 -0.042864
    107 0.039124 -0.040295 0.047739 3.084219 0.030470 -0.037414
    108 -0.233757 0.066630 0.001754 -3.133087 0.040141 -0.065412
    109 0.044266 0.020131 0.001684 -2.778763 -0.118872 -0.040488
    110 0.071495 0.074128 -0.048302 -3.035917 -0.059482 0.104366
    111 0.000000 0.000000 0.000000 0.000000 0.000000 -1.570796
    112 4.925932 -20.461562 -0.617206 -2.008374 0.318519 1.293965
    113 0.000000 0.000000 0.000000 0.000000 0.000000 0.000000
    114 7.980712 -11.015961 -3.714957 -2.007348 0.317096 1.293981
    115 3.096000 0.000000 -1.996000 0.000000 0.000000 0.000000
    116 3.040999 0.000000 1.202000 0.000000 0.000000 0.000000
    117 7.854000 0.000000 -0.042000 0.000000 0.000000 0.000000
    118 13.105999 0.000000 -0.006000 0.000000 0.000000 -0.000013
    119 3.456000 0.000000 -1.084000 0.000000 0.000000 0.000000
    120 1.804000 0.000000 -1.025000 0.000000 0.000000 0.000000
    121 7.098000 0.000000 -1.084000 0.000000 0.000000 0.000000
    122 1.868000 1.809000 -1.975000 -2.218497 -0.017091 -0.465758
    123 3.740000 0.000000 1.273000 0.000000 0.000000 0.000000
    124 11.956999 0.000000 -0.006000 0.000000 0.000000 0.000013
    125 6.072001 0.000000 -1.238000 0.000000 0.000000 0.000000
    126 5.690000 -0.365000 0.068000 -0.000118 -0.348941 -1.570715
    127 6.396999 0.614000 0.428000 0.000000 0.000000 0.000000
    128 3.040999 0.000000 1.202000 0.000000 0.000000 0.000000
    129 3.720000 0.000000 1.202000 0.000000 0.000000 0.000000
    130 1.086000 -0.661000 -0.149000 0.000000 0.000000 0.000000
    131 1.067000 0.589000 0.076000 0.000000 0.000000 0.000000
    132 0.000000 -0.019000 0.000000 0.000000 0.000000 0.000000
    133 0.000000 -0.019000 0.000000 0.000000 0.000000 0.000000
    134 3.300000 -0.019000 1.346000 0.000000 0.000000 0.000000
    135 -1.524000 -1.859000 -4.367000 -1.730149 -0.014933 0.208109
    136 7.283999 0.000000 -2.195000 0.000000 0.000000 0.000000
    137 -1.323000 0.000000 0.184000 0.000000 0.000000 0.000000
    138 0.082000 0.000000 1.002000 0.000000 0.000000 0.000000
    139 34.568720 44.950590 35.919466 -1.986947 0.119545 2.740208
    140 0.478000 0.000000 -4.537000 0.000000 0.000000 0.000000
    141 3.436000 0.000000 1.202000 0.000000 0.000000 0.000000
    142 3.040999 0.000000 1.202000 0.000000 0.000000 0.000000
    143 4.657000 0.000000 1.545000 0.000000 0.000000 0.000000
    144 -0.403000 0.000000 -0.011000 0.000000 0.000000 0.000000
    145 1.781000 0.000000 0.873000 0.000000 0.000000 0.000000
    146 0.384000 0.715000 0.801000 0.000000 0.000000 0.000000
    147 1.795000 0.533000 -1.550000 0.000000 0.000000 0.000000
    148 4.435999 0.595000 -0.954000 0.000000 0.000000 0.000000
    149 4.401999 -0.614000 -1.630000 0.000000 0.000000 0.000000
    150 4.203000 -0.003000 -0.048000 0.000000 0.000000 0.000000
    151 5.136000 0.000000 1.534000 0.000000 0.000000 0.000000
    152 11.957001 0.000000 -0.006000 0.000000 0.000000 0.000013
    153 -2.103001 0.000000 0.000000 0.000000 0.000000 0.000000
    154 -0.598001 0.000000 -0.011000 0.000000 0.000000 0.000000
    155 0.496000 0.184000 -3.523000 0.000000 0.000000 0.000000
    156 0.147000 0.184000 -0.328000 0.000000 0.000000 0.000000
    157 0.147000 0.184000 0.023000 0.000000 0.000000 0.000000
    158 0.147000 0.184000 0.368000 0.000000 0.000000 0.000000
    159 0.147000 0.184000 0.717000 0.000000 0.000000 0.000000
    160 0.147000 0.184000 1.067000 0.000000 0.000000 0.000000
    161 0.148000 0.184000 1.414000 0.000000 0.000000 0.000000
    162 0.148000 -0.074000 1.640000 0.000000 0.000000 0.000000
    163 0.435000 0.184000 -3.179000 0.000000 0.000000 0.000000
    164 0.378000 0.184000 -2.826000 0.000000 0.000000 0.000000
    165 0.329000 0.184000 -2.477000 0.000000 0.000000 0.000000
    166 0.286000 0.184000 -2.127000 0.000000 0.000000 0.000000
    167 0.252000 0.184000 -1.775000 0.000000 0.000000 0.000000
    168 0.215000 0.184000 -1.417000 0.000000 0.000000 0.000000
    169 0.190000 0.184000 -1.064000 0.000000 0.000000 0.000000
    170 0.166000 0.184000 -0.714000 0.000000 0.000000 0.000000
    171 1.622000 0.000000 1.568000 0.000000 0.000000 0.000000
    172 2.240000 0.000000 1.568000 0.000000 0.000000 0.000000
    173 0.000000 0.000000 0.000000 0.000000 0.000000 0.000000
    174 0.000000 0.000000 -4.867001 3.141572 -0.003206 -3.128592
    175 1.000088 -0.000029 0.000000 0.000000 0.000000 0.000000
    176 17.162518 -0.000404 0.000000 0.000000 0.000000 0.119207
    177 17.749374 0.295515 0.000000 0.000000 0.000000 -1.158919
    178 5.413528 0.000347 0.000000 0.000000 0.000000 -0.518029
    179 0.017887 0.299792 0.000000 0.000000 0.000000 -0.059575
    180 9.999889 -0.000303 0.000000 0.000000 0.000000 0.000000
    181 0.000000 0.000000 4.867000 -3.141572 0.003206 -3.128592
    182 1.000088 -0.000029 0.000000 0.000000 0.000000 0.000000
    183 12.283573 1.581455 -4.695999 1.462269 -0.086726 0.090185
    184 17.162518 -0.000404 0.000000 0.000000 0.000000 0.119207
    185 17.749374 0.295515 0.000000 0.000000 0.000000 -1.158919
    186 5.413528 0.000347 0.000000 0.000000 0.000000 -0.518027
    187 0.017887 0.299792 0.000000 0.000000 0.000000 -0.059573
    188 9.499836 0.000212 0.000000 0.000000 0.000000 0.000000
    189 -1.145525 0.000130 0.000671 0.000000 0.000000 0.000000
    190 -0.857691 0.104071 0.104687 0.023536 0.163924 0.013632
    191 3.999430 -0.000528 -0.000332 -0.022250 0.000000 0.000000
    192 0.599499 0.400698 0.000236 0.000000 0.000000 0.000000
    193 0.599886 0.400186 -0.000027 0.000000 0.000000 0.000000
    194 2.299677 -2.499979 -0.599480 0.891898 0.221465 -0.527213
    195 3.236118 7.928046 -7.273608 1.631511 -0.623088 -1.609330
    196 -9.580679 -27.862108 -37.184677 0.812879 -0.123459 -0.568477
    197 0.649935 -0.548296 0.093658 -1.665913 -0.131399 -0.112062
    198 1.899127 0.000427 -0.000439 0.027386 -0.033311 0.477848
    199 0.657078 0.008400 0.040375 -1.665945 -0.131407 -0.000013
    200 1.799664 -0.000240 0.000231 0.027386 -0.033311 0.477848
    201 1.799664 -0.000240 0.000231 0.027386 -0.033311 0.477848
    202 1.799664 -0.000240 0.000231 0.027386 -0.033311 0.477848
    203 0.665774 0.747222 -0.029186 -1.665935 -0.131408 0.094976
    204 1.900306 -0.000137 -0.000517 0.027386 -0.033311 0.477848
    205 4.872948 -12.495458 10.637873 1.570003 1.561257 -3.120737
    206 3.999897 0.000040 0.001007 -0.378518 0.000060 0.000000
    207 0.600403 0.399632 -0.000469 0.000000 0.000000 3.141593
    208 0.599890 0.400186 0.000031 0.000000 0.000000 3.141593
    209 2.300137 -2.499413 0.600155 -0.891898 -0.221466 -0.527212
    210 2.747495 -12.134221 -3.624897 1.650956 0.407280 -1.603563
    211 2.762354 0.116951 1.523975 1.629482 0.064153 1.743800
    212 7.228317 7.928200 -3.925652 2.328713 0.123459 -0.568477
    213 0.650396 -0.547731 -0.092976 1.665913 0.131399 -0.112062
    214 1.899441 -0.000320 -0.000150 -0.027386 0.033311 0.477848
    215 0.657068 0.008398 -0.040379 1.665945 0.131407 -0.000013
    216 1.799659 -0.000233 -0.000233 -0.027386 0.033311 0.477848
    217 1.799659 -0.000233 -0.000233 -0.027386 0.033311 0.477848
    218 1.799659 -0.000233 -0.000233 -0.027386 0.033311 0.477848
    219 0.665778 0.747222 0.029179 1.665935 0.131408 0.094976
    220 1.900722 0.000549 -0.000072 -0.027386 0.033311 0.477848
    221 4.530998 0.000000 0.000000 0.000000 0.000000 0.000000
    222 4.527344 0.000000 0.000000 0.000000 0.000000 0.000000
    223 0.000000 0.000000 0.000000 0.000000 0.000000 0.000000
    224 0.000000 0.000000 0.000000 0.000000 0.000000 0.000000
    225 4.000000 -6.500000 0.000000 0.000000 0.000000 0.000977
    226 -6.500000 0.000000 0.000000 0.000000 1.570752 0.000000
    227 12.027479 7.973149 8.087317 -2.008024 0.318652 2.864931
    228 0.280000 -0.135000 2.196999 1.570796 0.000000 -1.570735
    229 0.000000 0.000000 0.000000 0.000000 0.000000 0.000000
    230 0.000000 0.000000 0.000000 0.058221 -0.016371 0.137751
    231 0.106000 0.000000 -64.320000 0.000000 0.000000 0.000000
    232 0.000000 0.000000 0.000000 0.000000 0.000000 0.000000
    233 -0.106000 0.000000 64.320000 0.000000 0.000000 0.000000
    234 0.003042 -0.001328 -64.319374 0.000009 0.000084 -3.141638
    235 0.000000 0.000000 0.000000 -0.000303 0.000193 -0.000090
    236 1.688000 -0.001000 -1.454002 0.000000 0.000000 0.000000
    237 -1.070999 -0.005000 0.545002 0.000000 0.000000 0.000000
    238 5.895000 0.750997 -0.156000 0.000000 0.000000 0.000000
    239 11.599999 -0.000003 -1.500002 0.000000 0.000000 0.000000
    240 1.037001 1.337997 -4.334000 -2.791227 -0.162411 -0.765711
    241 7.216001 -0.000003 -1.579000 0.000000 0.000000 0.000000
    242 4.445999 -0.000003 -1.500000 0.000000 0.000000 0.000000
    243 0.673937 -0.015635 -4.768713 -3.141592 -1.281051 3.141593
    244 0.094999 -0.144000 0.332001 0.000000 0.000000 0.000000
    245 14.209020 0.000022 0.766988 0.000000 0.000000 0.000000
    246 0.000000 0.000000 0.000000 1.570800 0.000000 -1.570796
  time 8
    0 0.000000 0.000000 0.000000 0.000000 0.000000 -1.570796
    1 -0.106750 -0.000001 -0.000351 0.000000 0.000000 0.000000
    2 0.000000 0.000000 0.000000 0.000000 0.000000 0.000000
    3 -0.904000 0.000000 -11.806000 0.000000 0.000000 0.000000
    4 0.000000 0.000000 -14.313999 1.570807 -1.570729 0.000000
    5 3.533001 0.000000 0.000000 0.000000 0.000000 0.000000
    6 6.250000 0.000000 0.000000 0.000000 0.000000 0.000000
    7 3.756273 7.109617 -1.944020 -1.155667 1.547094 -1.155753
    8 9.611921 -0.660151 3.135475 1.552852 -1.006793 -1.555714
    9 5.786820 0.002787 -0.000113 -1.713996 0.683900 -1.914729
    10 5.999492 -0.000592 -4.000343 0.000000 0.000000 0.000000
    11 5.787410 0.002582 0.000893 0.251678 0.223853 -1.304385
    12 5.999492 -0.000592 4.000340 0.000000 0.000000 0.000000
    13 0.500225 0.000133 -0.000084 0.511235 0.000000 0.000000
    14 11.530657 0.000349 -0.001308 -0.000125 -0.000147 -2.510134
    15 -0.829338 0.893824 0.079659 -0.148839 0.047645 0.087266
    16 0.500225 0.000132 0.000072 0.449088 0.000000 0.000000
    17 11.532495 0.000526 0.003814 0.000006 -0.000010 -0.616567
    18 -0.829586 0.894698 -0.079468 0.045377 -0.019621 0.087266
    19 10.599886 0.000105 -0.000553 0.164019 0.000000 0.000000
    20 1.533771 -0.497844 -0.000805 -0.000036 -0.000049 1.254904
    21 11.042053 0.003717 0.000798 0.936646 -1.130505 -0.315847
    22 -11.814724 0.424524 -0.297680 0.247998 -0.066121 -0.042695
    23 10.599878 0.000105 0.000549 -0.618049 -0.000012 -0.000048
    24 0.092319 -0.282994 0.000801 0.000000 -0.000011 0.308298
    25 11.041739 0.003170 -0.000568 -0.550224 0.024231 -0.545548
    26 -11.663242 0.094713 0.140656 -0.068591 0.018527 -0.015099
    27 0.610300 -0.939470 0.070347 -1.643524 0.126159 -0.103469
    28 0.639938 -0.199121 0.060192 -1.725499 0.107305 -0.056392
    29 0.600155 1.080260 -0.339535 -1.886121 0.608099 -0.143033
    30 0.610207 0.400743 -0.010098 -1.841435 0.292553 -0.068465
    31 0.658153 -0.658840 -0.275313 0.661873 0.572315 -0.766780
    32 -0.792125 0.203736 0.461304 1.439074 -0.003453 -0.018305
    33 0.610300 -0.939469 -0.070354 1.655238 0.140141 -0.175584
    34 0.639938 -0.199121 -0.060200 1.665960 0.130781 -0.066519
    35 0.600157 1.080260 0.339531 1.738023 -0.020766 0.107373
    36 0.610205 0.400743 0.010086 1.762268 0.061592 0.042920
    37 0.627906 -0.691394 0.232270 -0.314892 -0.552732 -0.950455
    38 -0.626031 -0.069982 -0.080517 -1.447153 0.086151 0.021559
    39 2.621377 -0.002532 -0.001438 -0.145861 -0.157386 0.039787
    40 2.660837 0.000397 -0.000071 -0.194149 -0.040035 0.473226
    41 2.202488 0.003364 -0.002863 0.063150 0.329341 -0.648770
    42 0.599950 0.959236 -0.300102 -0.174544 0.000000 0.000000
    43 2.557190 -0.001967 0.002453 0.040256 0.093552 0.113790
    44 2.098929 0.000032 -0.002193 -0.500044 0.080974 0.578679
    45 0.999378 -0.000238 -1.381250 0.000000 0.000000 0.000000
    46 -0.122641 -0.721855 0.661686 -0.486644 0.223964 0.243056
    47 2.622112 -0.000648 0.002741 -0.000036 -0.000045 0.766206
    48 2.657909 0.000687 -0.000533 0.014730 -0.017794 0.938436
    49 2.200014 0.001663 0.000836 0.092413 -0.072064 0.402498
    50 0.599949 0.959244 0.300102 0.174544 0.000000 0.000000
    51 2.556571 -0.000385 0.000554 0.085967 -0.064666 0.643572
    52 2.103853 0.001708 -0.001011 0.274516 -0.236213 0.428937
    53 0.999376 -0.000240 1.264055 0.000000 0.000000 0.946859
    54 0.310848 -0.606446 -0.498005 0.308107 -0.197598 0.313975
    55 1.869163 -0.000835 -0.000994 -0.000007 0.000003 0.838001
    56 1.200941 0.399582 -0.000237 -0.009465 0.016087 0.007127
    57 0.000586 0.100342 -0.000319 -0.120035 -0.021926 -0.209617
    58 -0.161663 0.051712 0.194808 -2.941982 0.122408 -0.060194
    59 2.010090 -0.003202 -0.003377 -0.000042 0.000048 1.550285
    60 0.000237 0.099800 -0.000395 -0.018823 0.010833 -0.239219
    61 -0.203197 0.048607 0.069150 -3.093332 0.033217 -0.046722
    62 1.180426 -0.002312 0.000781 -0.000049 -0.000036 1.549522
    63 -0.000196 0.099625 -0.000034 0.000000 0.000000 -0.314102
    64 -0.088737 -0.688435 -0.145203 2.930407 -0.136130 0.513013
    65 1.712069 -0.003328 0.003818 -0.000073 -0.000021 1.296590
    66 -0.000576 0.100143 -0.000311 -0.010914 0.023131 -0.260843
    67 -0.146027 -0.232426 -0.014225 3.028455 -0.094299 0.113020
    68 1.290634 0.000361 -0.000036 0.000000 0.000000 0.124605
    69 -0.658119 -0.003576 0.072643 -0.142711 0.027792 -0.077299
    70 1.868078 -0.003049 0.002177 0.000003 -0.000009 1.354545
    71 1.200075 0.399942 -0.000093 0.009465 -0.016087 0.007127
    72 0.000589 0.100342 0.000319 0.120035 0.021926 -0.209617
    73 0.068073 0.002283 -0.080050 3.111376 -0.069366 -0.060847
    74 2.011874 -0.001179 0.002180 -0.000001 -0.000001 1.140285
    75 0.000233 0.099800 0.000395 0.018823 -0.010833 -0.239219
    76 -0.018673 -0.001009 0.047544 3.109244 0.002635 -0.106673
    77 1.178665 0.001595 0.000845 0.000006 -0.000001 0.230670
    78 -0.000196 0.099628 0.000034 0.000000 0.000000 -0.314102
    79 0.036894 -0.634449 0.266284 -2.801062 0.174301 0.490915
    80 1.708256 -0.002504 -0.000686 -0.000010 0.000011 1.041530
    81 -0.000580 0.100140 0.000311 0.010910 -0.023132 -0.260845
    82 -0.003952 -0.281811 0.115047 -3.059162 0.089004 0.167964
    83 1.289625 0.000042 0.000061 0.000010 0.000014 0.771318
    84 -0.171526 -0.018150 -0.099873 0.013484 -0.062184 -0.011781
    85 0.916622 0.003336 0.001326 0.000019 -0.000111 2.092587
    86 -0.342617 0.053402 -0.025571 -2.909301 -0.017248 0.075276
    87 1.100231 -0.000928 -0.002434 0.000009 0.000002 0.783283
    88 -0.384979 0.331001 0.006848 -3.087207 -0.018765 -0.184278
    89 0.678146 0.002286 -0.003905 -0.000006 -0.000007 0.099973
    90 -0.123848 0.072738 0.029507 2.898184 -0.060627 0.094835
    91 1.017166 -0.000154 -0.000252 -0.000011 -0.000026 0.143999
    92 -0.344990 0.123129 0.143151 2.994981 0.012396 0.059140
    93 -0.730989 0.177046 0.039141 -0.123731 0.076518 -0.084310
    94 0.921993 0.001298 -0.000896 -0.000002 -0.000011 0.532556
    95 -0.124023 -0.052090 0.038495 3.077813 -0.008519 0.039229
    96 1.100433 -0.003552 0.000502 0.000053 -0.000018 0.846761
    97 -0.330082 0.160639 0.042780 3.128073 0.034033 -0.171236
    98 0.679764 0.001532 0.003272 0.000002 0.000003 1.117394
    99 -0.019512 -0.016531 0.038578 -2.763781 0.050305 0.076829
    100 1.018891 0.001206 0.001121 0.000066 -0.000017 0.566368
    101 -0.155308 0.130644 -0.021921 -3.022466 0.022433 -0.024902
    102 -0.252207 0.061937 -0.024914 -0.007671 -0.063171 -0.044392
    103 -0.085995 0.185205 -0.015180 -2.937063 -0.113970 -0.138991
    104 -0.286533 0.179852 0.024264 -3.109353 -0.049645 -0.029914
    105 -0.019482 0.147083 0.079203 2.893815 0.038585 -0.060594
    106 -0.046482 0.251896 0.129548 3.016165 0.077112 -0.042864
    107 0.039124 -0.040295 0.047739 3.084219 0.030470 -0.037414
    108 -0.233757 0.066630 0.001754 -3.133087 0.040141 -0.065412
    109 0.044266 0.020131 0.001684 -2.778763 -0.118872 -0.040488
    110 0.071495 0.074128 -0.048302 -3.035917 -0.059482 0.104366
    111 0.000000 0.000000 0.000000 0.000000 0.000000 -1.570796
    112 6.851772 -18.051332 -1.664113 -1.797706 0.262804 1.484079
    113 0.000000 0.000000 0.000000 0.000000 0.000000 0.000000
    114 8.101810 -8.074465 -4.281381 -1.797082 0.262361 1.483891
    115 3.096000 0.000000 -1.996000 0.000000 0.000000 0.000000
    116 3.040999 0.000000 1.202000 0.000000 0.000000 0.000000
    117 7.854000 0.000000 -0.042000 0.000000 0.000000 0.000000
    118 13.105999 0.000000 -0.006000 0.000000 0.000000 -0.000013
    119 3.456000 0.000000 -1.084000 0.000000 0.000000 0.000000
    120 1.804000 0.000000 -1.025000 0.000000 0.000000 0.000000
    121 7.098000 0.000000 -1.084000 0.000000 0.000000 0.000000
    122 1.868000 1.809000 -1.975000 -2.218497 -0.017091 -0.465758
    123 3.740000 0.000000 1.273000 0.000000 0.000000 0.000000
    124 11.956999 0.000000 -0.006000 0.000000 0.000000 0.000013
    125 6.072001 0.000000 -1.238000 0.000000 0.000000 0.000000
    126 5.690000 -0.365000 0.068000 -0.000118 -0.348941 -1.570715
    127 6.396999 0.614000 0.428000 0.000000 0.000000 0.000000
    128 3.040999 0.000000 1.202000 0.000000 0.000000 0.000000
    129 3.720000 0.000000 1.202000 0.000000 0.000000 0.000000
    130 1.086000 -0.661000 -0.149000 0.000000 0.000000 0.000000
    131 1.067000 0.589000 0.076000 0.000000 0.000000 0.000000
    132 0.000000 -0.019000 0.000000 0.000000 0.000000 0.000000
    133 0.000000 -0.019000 0.000000 0.000000 0.000000 0.000000
    134 3.300000 -0.019000 1.346000 0.000000 0.000000 0.000000
    135 -1.524000 -1.859000 -4.367000 -1.730149 -0.014933 0.208109
    136 7.283999 0.000000 -2.195000 0.000000 0.000000 0.000000
    137 -1.323000 0.000000 0.184000 0.000000 0.000000 0.000000
    138 0.082000 0.000000 1.002000 0.000000 0.000000 0.000000
    139 30.459220 53.001617 23.411271 -1.789307 0.025819 2.866389
    140 0.478000 0.000000 -4.537000 0.000000 0.000000 0.000000
    141 3.436000 0.000000 1.202000 0.000000 0.000000 0.000000
    142 3.040999 0.000000 1.202000 0.000000 0.000000 0.000000
    143 4.657000 0.000000 1.545000 0.000000 0.000000 0.000000
    144 -0.403000 0.000000 -0.011000 0.000000 0.000000 0.000000
    145 1.781000 0.000000 0.873000 0.000000 0.000000 0.000000
    146 0.384000 0.715000 0.801000 0.000000 0.000000 0.000000
    147 1.795000 0.533000 -1.550000 0.000000 0.000000 0.000000
    148 4.435999 0.595000 -0.954000 0.000000 0.000000 0.000000
    149 4.401999 -0.614000 -1.630000 0.000000 0.000000 0.000000
    150 4.203000 -0.003000 -0.048000 0.000000 0.000000 0.000000
    151 5.136000 0.000000 1.534000 0.000000 0.000000 0.000000
    152 11.957001 0.000000 -0.006000 0.000000 0.000000 0.000013
    153 -2.103001 0.000000 0.000000 0.000000 0.000000 0.000000
    154 -0.598001 0.000000 -0.011000 0.000000 0.000000 0.000000
    155 0.496000 0.184000 -3.523000 0.000000 0.000000 0.000000
    156 0.147000 0.184000 -0.328000 0.000000 0.000000 0.000000
    157 0.147000 0.184000 0.023000 0.000000 0.000000 0.000000
    158 0.147000 0.184000 0.368000 0.000000 0.000000 0.000000
    159 0.147000 0.184000 0.717000 0.000000 0.000000 0.000000
    160 0.147000 0.184000 1.067000 0.000000 0.000000 0.000000
    161 0.148000 0.184000 1.414000 0.000000 0.000000 0.000000
    162 0.148000 -0.074000 1.640000 0.000000 0.000000 0.000000
    163 0.435000 0.184000 -3.179000 0.000000 0.000000 0.000000
    164 0.378000 0.184000 -2.826000 0.000000 0.000000 0.000000
    165 0.329000 0.184000 -2.477000 0.000000 0.000000 0.000000
    166 0.286000 0.184000 -2.127000 0.000000 0.000000 0.000000
    167 0.252000 0.184000 -1.775000 0.000000 0.000000 0.000000
    168 0.215000 0.184000 -1.417000 0.000000 0.000000 0.000000
    169 0.190000 0.184000 -1.064000 0.000000 0.000000 0.000000
    170 0.166000 0.184000 -0.714000 0.000000 0.000000 0.000000
    171 1.622000 0.000000 1.568000 0.000000 0.000000 0.000000
    172 2.240000 0.000000 1.568000 0.000000 0.000000 0.000000
    173 0.000000 0.000000 0.000000 0.000000 0.000000 0.000000
    174 0.000000 0.000000 -4.867001 3.141572 -0.003206 -3.128592
    175 1.000088 -0.000029 0.000000 0.000000 0.000000 0.000000
    176 17.162518 -0.000404 0.000000 0.000000 0.000000 0.119207
    177 17.749374 0.295515 0.000000 0.000000 0.000000 -1.158919
    178 5.413528 0.000347 0.000000 0.000000 0.000000 -0.518029
    179 0.017887 0.299792 0.000000 0.000000 0.000000 -0.059575
    180 9.999889 -0.000303 0.000000 0.000000 0.000000 0.000000
    181 0.000000 0.000000 4.867000 -3.141572 0.003206 -3.128592
    182 1.000088 -0.000029 0.000000 0.000000 0.000000 0.000000
    183 12.283573 1.581455 -4.695999 1.462269 -0.086726 0.090185
    184 17.162518 -0.000404 0.000000 0.000000 0.000000 0.119207
    185 17.749374 0.295515 0.000000 0.000000 0.000000 -1.158919
    186 5.413528 0.000347 0.000000 0.000000 0.000000 -0.518027
    187 0.017887 0.299792 0.000000 0.000000 0.000000 -0.059573
    188 9.499836 0.000212 0.000000 0.000000 0.000000 0.000000
    189 -1.145525 0.000130 0.000671 0.000000 0.000000 0.000000
    190 -0.857691 0.104071 0.104687 0.023536 0.163924 0.013632
    191 3.999430 -0.000528 -0.000332 0.205098 0.000000 0.000000
    192 0.599499 0.400698 0.000236 0.000000 0.000000 0.000000
    193 0.599886 0.400186 -0.000027 0.000000 0.000000 0.000000
    194 2.299677 -2.499979 -0.599480 0.891898 0.221465 -0.527213
    195 3.310339 7.900702 -7.367361 1.633137 -0.618967 -1.597470
    196 -9.580679 -27.862108 -37.184677 0.812879 -0.123459 -0.568477
    197 0.649935 -0.548296 0.093658 -1.665913 -0.131399 -0.112062
    198 1.899127 0.000427 -0.000439 0.027386 -0.033311 0.477848
    199 0.657078 0.008400 0.040375 -1.665945 -0.131407 -0.000013
    200 1.799664 -0.000240 0.000231 0.027386 -0.033311 0.477848
    201 1.799664 -0.000240 0.000231 0.027386 -0.033311 0.477848
    202 1.799664 -0.000240 0.000231 0.027386 -0.033311 0.477848
    203 0.665774 0.747222 -0.029186 -1.665935 -0.131408 0.094976
    204 1.900306 -0.000137 -0.000517 0.027386 -0.033311 0.477848
    205 4.872948 -12.491551 10.637873 1.570290 1.561257 -3.120353
    206 3.999897 0.000040 0.001007 -0.309053 0.000000 0.000060
    207 0.600403 0.399632 -0.000469 0.000000 0.000000 3.141593
    208 0.599890 0.400186 0.000031 0.000000 0.000000 3.141497
    209 2.300137 -2.499413 0.600155 -0.891898 -0.221466 -0.527212
    210 2.298262 -12.208442 -3.730369 1.644350 0.407418 -1.637272
    211 2.762354 0.116951 1.523975 1.629482 0.064153 1.743800
    212 7.228317 7.928200 -3.925652 2.328713 0.123459 -0.568477
    213 0.650396 -0.547731 -0.092976 1.665913 0.131399 -0.112062
    214 1.899441 -0.000320 -0.000150 -0.027386 0.033311 0.477848
    215 0.657068 0.008398 -0.040379 1.665945 0.131407 -0.000013
    216 1.799659 -0.000233 -0.000233 -0.027386 0.033311 0.477848
    217 1.799659 -0.000233 -0.000233 -0.027386 0.033311 0.477848
    218 1.799659 -0.000233 -0.000233 -0.027386 0.033311 0.477848
    219 0.665778 0.747222 0.029179 1.665935 0.131408 0.094976
    220 1.900722 0.000549 -0.000072 -0.027386 0.033311 0.477848
    221 4.530998 0.000000 0.000000 0.000000 0.000000 0.000000
    222 4.527344 0.000000 0.000000 0.000000 0.000000 0.000000
    223 0.000000 0.000000 0.000000 0.000000 0.000000 0.000000
    224 0.000000 0.000000 0.000000 0.000000 0.000000 0.000000
    225 4.000000 -6.500000 0.000000 0.000000 0.000000 0.000977
    226 -6.500000 0.000000 0.000000 0.000000 1.570752 0.000000
    227 9.078170 8.098152 7.524800 -1.797357 0.262945 3.055137
    228 0.280000 -0.135000 2.196999 1.570796 0.000000 -1.570735
    229 0.000000 0.000000 0.000000 0.000000 0.000000 0.000000
    230 0.000000 0.000000 0.000000 -0.014477 -0.037092 0.027241
    231 0.106000 0.000000 -64.320000 0.000000 0.000000 0.000000
    232 0.000000 0.000000 0.000000 0.000000 0.000000 0.000000
    233 -0.106000 0.000000 64.320000 0.000000 0.000000 0.000000
    234 0.003042 -0.001328 -64.319374 0.000009 0.000084 -3.141638
    235 0.000000 0.000000 0.000000 -0.000303 0.000193 -0.000090
    236 1.688000 -0.001000 -1.454002 0.000000 0.000000 0.000000
    237 -1.070999 -0.005000 0.545002 0.000000 0.000000 0.000000
    238 5.895000 0.750997 -0.156000 0.000000 0.000000 0.000000
    239 11.599999 -0.000003 -1.500002 0.000000 0.000000 0.000000
    240 1.037001 1.337997 -4.334000 -2.791227 -0.162411 -0.765711
    241 7.216001 -0.000003 -1.579000 0.000000 0.000000 0.000000
    242 4.445999 -0.000003 -1.500000 0.000000 0.000000 0.000000
    243 0.673937 -0.015635 -4.768713 -3.141592 -1.281051 3.141593
    244 0.094999 -0.144000 0.332001 0.000000 0.000000 0.000000
    245 14.209020 0.000022 0.766988 0.000000 0.000000 0.000000
    246 0.000000 0.000000 0.000000 1.570800 0.000000 -1.570796
  time 9
    0 0.000000 0.000000 0.000000 0.000000 0.000000 -1.570796
    1 -0.106750 -0.000001 -0.000351 0.000000 0.000000 0.000000
    2 0.000000 0.000000 0.000000 0.000000 0.000000 0.000000
    3 -0.904000 0.000000 -11.806000 0.000000 0.000000 0.000000
    4 0.000000 0.000000 -14.313999 1.570807 -1.570729 0.000000
    5 3.533001 0.000000 0.000000 0.000000 0.000000 0.000000
    6 6.250000 0.000000 0.000000 0.000000 0.000000 0.000000
    7 3.756273 7.109617 -1.944020 -1.157005 1.546999 -1.157091
    8 9.580670 -0.273421 2.963594 1.540849 -1.244897 -1.542402
    9 5.786820 0.002787 -0.000113 -1.797257 0.661738 -1.650401
    10 5.999492 -0.000592 -4.000343 0.000000 0.000000 0.000000
    11 5.787410 0.002582 0.000893 0.222241 0.165297 -1.277025
    12 5.999492 -0.000592 4.000340 0.000000 0.000000 0.000000
    13 0.500225 0.000133 -0.000084 0.659687 0.000000 0.000000
    14 11.530657 0.000349 -0.001308 0.000067 0.000045 -2.495635
    15 -0.829338 0.893824 0.079659 -0.148839 0.047645 0.087266
    16 0.500225 0.000132 0.000072 0.453177 -0.000048 -0.000012
    17 11.532495 0.000526 0.003814 0.000006 -0.000010 -0.872957
    18 -0.829586 0.894698 -0.079468 0.045377 -0.019621 0.087266
    19 10.599886 0.000105 -0.000553 -0.098613 0.000000 0.000000
    20 1.518145 -0.505657 -0.000805 0.000000 0.000011 1.247752
    21 11.042053 0.003717 0.000798 -0.389854 -1.053027 1.048854
    22 -11.814724 0.424524 -0.297680 0.247998 -0.066121 -0.042695
    23 10.599878 0.000105 0.000549 -0.554086 -0.000012 -0.000048
    24 0.127476 -0.275181 0.000801 -0.000060 0.000013 0.436480
    25 11.041739 0.003170 -0.000568 -0.541138 0.017092 -0.250982
    26 -11.663242 0.094713 0.140656 -0.068591 0.018527 -0.015099
    27 0.610300 -0.939470 0.070347 -1.643524 0.126159 -0.103457
    28 0.639938 -0.199121 0.060192 -1.725499 0.107305 -0.056380
    29 0.600155 1.080260 -0.339535 -1.886121 0.608099 -0.143045
    30 0.610207 0.400743 -0.010098 -1.841435 0.292565 -0.068465
    31 0.658153 -0.658840 -0.275313 0.604538 0.695829 -0.864230
    32 -0.792125 0.203736 0.461304 1.439074 -0.003453 -0.018305
    33 0.610300 -0.939469 -0.070354 1.655238 0.140141 -0.175584
    34 0.639938 -0.199121 -0.060200 1.665960 0.130709 -0.066519
    35 0.600157 1.080260 0.339531 1.738023 -0.020766 0.107373
    36 0.610205 0.400743 0.010086 1.762268 0.061592 0.042920
    37 0.627906 -0.691394 0.232270 -0.314892 -0.552732 -0.950491
    38 -0.626031 -0.069982 -0.080517 -1.447153 0.086151 0.021559
    39 2.621377 -0.002532 -0.001438 -0.152669 -0.157147 0.283733
    40 2.660837 0.000397 -0.000071 -0.182558 -0.020282 0.603086
    41 2.202488 0.003364 -0.002863 0.128753 0.296834 -0.239526
    42 0.599950 0.959236 -0.300102 -0.174544 0.000000 0.000000
    43 2.557190 -0.001967 0.002453 0.009944 0.070526 0.349768
    44 2.098929 0.000032 -0.002193 -0.470052 0.122398 0.670101
    45 0.999378 -0.000238 -1.381250 0.000000 0.000000 0.000000
    46 -0.122641 -0.721855 0.661686 -0.486644 0.223964 0.243056
    47 2.622112 -0.000648 0.002741 -0.000001 -0.000032 0.751122
    48 2.657909 0.000687 -0.000533 0.014796 -0.017734 0.934245
    49 2.200014 0.001663 0.000836 0.092749 -0.071621 0.398150
    50 0.599949 0.959244 0.300102 0.174544 0.000000 0.000000
    51 2.556571 -0.000385 0.000554 0.086233 -0.064307 0.639347
    52 2.103853 0.001708 -0.001011 0.274490 -0.236261 0.429040
    53 0.999376 -0.000240 1.264055 0.000000 0.000000 0.946859
    54 0.310848 -0.606446 -0.498005 0.308107 -0.197598 0.313975
    55 1.869163 -0.000835 -0.000994 -0.000007 0.000003 0.744440
    56 1.200941 0.399582 -0.000237 -0.009465 0.016087 0.007127
    57 0.000586 0.100342 -0.000319 -0.120035 -0.021926 -0.209617
    58 -0.161663 0.051712 0.194808 -2.941982 0.122408 -0.060194
    59 2.010090 -0.003202 -0.003377 0.000006 0.000001 1.419538
    60 0.000237 0.099800 -0.000395 -0.018823 0.010833 -0.239219
    61 -0.203197 0.048607 0.069150 -3.093332 0.033217 -0.046722
    62 1.180426 -0.002312 0.000781 0.000022 0.000060 0.769318
    63 -0.000196 0.099625 -0.000034 0.000000 0.000000 -0.314102
    64 -0.088737 -0.688435 -0.145203 2.930407 -0.136130 0.513013
    65 1.712069 -0.003328 0.003818 0.000011 -0.000009 1.011591
    66 -0.000576 0.100143 -0.000311 -0.010914 0.023131 -0.260843
    67 -0.146027 -0.232426 -0.014225 3.028455 -0.094299 0.113020
    68 1.290634 0.000361 -0.000036 0.000000 0.000000 0.250863
    69 -0.658119 -0.003576 0.072643 -0.142711 0.027792 -0.077299
    70 1.868078 -0.003049 0.002177 0.000003 -0.000009 1.429613
    71 1.200075 0.399942 -0.000093 0.009465 -0.016087 0.007127
    72 0.000589 0.100342 0.000319 0.120035 0.021926 -0.209617
    73 0.068073 0.002283 -0.080050 3.111376 -0.069366 -0.060847
    74 2.011874 -0.001179 0.002180 -0.000037 -0.000061 1.214800
    75 0.000233 0.099800 0.000395 0.018823 -0.010833 -0.239219
    76 -0.018673 -0.001009 0.047544 3.109244 0.002635 -0.106673
    77 1.178665 0.001595 0.000845 0.000006 -0.000001 0.305381
    78 -0.000196 0.099628 0.000034 0.000000 0.000000 -0.314102
    79 0.036894 -0.634449 0.266284 -2.801062 0.174301 0.490915
    80 1.708256 -0.002504 -0.000686 0.000026 0.000059 1.115943
    81 -0.000580 0.100140 0.000311 0.010910 -0.023132 -0.260845
    82 -0.003952 -0.281811 0.115047 -3.059162 0.089004 0.167964
    83 1.289625 0.000042 0.000061 0.000022 0.000014 0.771220
    84 -0.171526 -0.018150 -0.099873 0.013484 -0.062184 -0.011781
    85 0.916622 0.003336 0.001326 0.000019 -0.000099 2.092587
    86 -0.342617 0.053402 -0.025571 -2.909301 -0.017248 0.075276
    87 1.100231 -0.000928 -0.002434 0.000009 0.000002 0.783224
    88 -0.384979 0.331001 0.006848 -3.087207 -0.018765 -0.184278
    89 0.678146 0.002286 -0.003905 -0.000006 -0.000007 0.099973
    90 -0.123848 0.072738 0.029507 2.898184 -0.060627 0.094835
    91 1.017166 -0.000154 -0.000252 -0.000011 -0.000026 0.143951
    92 -0.344990 0.123129 0.143151 2.994981 0.012396 0.059140
    93 -0.730989 0.177046 0.039141 -0.123731 0.076518 -0.084310
    94 0.921993 0.001298 -0.000896 -0.000002 -0.000011 0.608309
    95 -0.124023 -0.052090 0.038495 3.077813 -0.008519 0.039229
    96 1.100433 -0.003552 0.000502 -0.000030 0.000090 0.922545
    97 -0.330082 0.160639 0.042780 3.128073 0.034033 -0.171236
    98 0.679764 0.001532 0.003272 0.000002 0.000003 1.193073
    99 -0.019512 -0.016531 0.038578 -2.763781 0.050305 0.076829
    100 1.018891 0.001206 0.001121 0.000006 0.000007 0.642097
    101 -0.155308 0.130644 -0.021921 -3.022466 0.022433 -0.024902
    102 -0.252207 0.061937 -0.024914 -0.007671 -0.063171 -0.044392
    103 -0.085995 0.185205 -0.015180 -2.937063 -0.113970 -0.138991
    104 -0.286533 0.179852 0.024264 -3.109353 -0.049645 -0.029914
    105 -0.019482 0.147083 0.079203 2.893815 0.038585 -0.060594
    106 -0.046482 0.251896 0.129548 3.016165 0.077112 -0.042864
    107 0.039124 -0.040295 0.047739 3.084219 0.030470 -0.037414
    108 -0.233757 0.066630 0.001754 -3.133087 0.040141 -0.065412
    109 0.044266 0.020131 0.001684 -2.778763 -0.118872 -0.040488
    110 0.071495 0.074128 -0.048302 -3.035917 -0.059482 0.104366
    111 0.000000 0.000000 0.000000 0.000000 0.000000 -1.570796
    112 3.851680 -18.141179 -2.929777 -1.725707 0.209977 1.228978
    113 0.000000 0.000000 0.000000 0.000000 0.000000 0.000000
    114 7.621326 -8.683859 -5.039216 -1.726102 0.212724 1.230398
    115 3.096000 0.000000 -1.996000 0.000000 0.000000 0.000000
    116 3.040999 0.000000 1.202000 0.000000 0.000000 0.000000
    117 7.854000 0.000000 -0.042000 0.000000 0.000000 0.000000
    118 13.105999 0.000000 -0.006000 0.000000 0.000000 -0.000013
    119 3.456000 0.000000 -1.084000 0.000000 0.000000 0.000000
    120 1.804000 0.000000 -1.025000 0.000000 0.000000 0.000000
    121 7.098000 0.000000 -1.084000 0.000000 0.000000 0.000000
    122 1.868000 1.809000 -1.975000 -2.218497 -0.017091 -0.465758
    123 3.740000 0.000000 1.273000 0.000000 0.000000 0.000000
    124 11.956999 0.000000 -0.006000 0.000000 0.000000 0.000013
    125 6.072001 0.000000 -1.238000 0.000000 0.000000 0.000000
    126 5.690000 -0.365000 0.068000 -0.000118 -0.348941 -1.570715
    127 6.396999 0.614000 0.428000 0.000000 0.000000 0.000000
    128 3.040999 0.000000 1.202000 0.000000 0.000000 0.000000
    129 3.720000 0.000000 1.202000 0.000000 0.000000 0.000000
    130 1.086000 -0.661000 -0.149000 0.000000 0.000000 0.000000
    131 1.067000 0.589000 0.076000 0.000000 0.000000 0.000000
    132 0.000000 -0.019000 0.000000 0.000000 0.000000 0.000000
    133 0.000000 -0.019000 0.000000 0.000000 0.000000 0.000000
    134 3.300000 -0.019000 1.346000 0.000000 0.000000 0.000000
    135 -1.524000 -1.859000 -4.367000 -1.730149 -0.014933 0.208109
    136 7.283999 0.000000 -2.195000 0.000000 0.000000 0.000000
    137 -1.323000 0.000000 0.184000 0.000000 0.000000 0.000000
    138 0.082000 0.000000 1.002000 0.000000 0.000000 0.000000
    139 25.548914 54.974334 22.122169 -1.730423 0.305718 2.880251
    140 0.478000 0.000000 -4.537000 0.000000 0.000000 0.000000
    141 3.436000 0.000000 1.202000 0.000000 0.000000 0.000000
    142 3.040999 0.000000 1.202000 0.000000 0.000000 0.000000
    143 4.657000 0.000000 1.545000 0.000000 0.000000 0.000000
    144 -0.403000 0.000000 -0.011000 0.000000 0.000000 0.000000
    145 1.781000 0.000000 0.873000 0.000000 0.000000 0.000000
    146 0.384000 0.715000 0.801000 0.000000 0.000000 0.000000
    147 1.795000 0.533000 -1.550000 0.000000 0.000000 0.000000
    148 4.435999 0.595000 -0.954000 0.000000 0.000000 0.000000
    149 4.401999 -0.614000 -1.630000 0.000000 0.000000 0.000000
    150 4.203000 -0.003000 -0.048000 0.000000 0.000000 0.000000
    151 5.136000 0.000000 1.534000 0.000000 0.000000 0.000000
    152 11.957001 0.000000 -0.006000 0.000000 0.000000 0.000013
    153 -2.103001 0.000000 0.000000 0.000000 0.000000 0.000000
    154 -0.598001 0.000000 -0.011000 0.000000 0.000000 0.000000
    155 0.496000 0.184000 -3.523000 0.000000 0.000000 0.000000
    156 0.147000 0.184000 -0.328000 0.000000 0.000000 0.000000
    157 0.147000 0.184000 0.023000 0.000000 0.000000 0.000000
    158 0.147000 0.184000 0.368000 0.000000 0.000000 0.000000
    159 0.147000 0.184000 0.717000 0.000000 0.000000 0.000000
    160 0.147000 0.184000 1.067000 0.000000 0.000000 0.000000
    161 0.148000 0.184000 1.414000 0.000000 0.000000 0.000000
    162 0.148000 -0.074000 1.640000 0.000000 0.000000 0.000000
    163 0.435000 0.184000 -3.179000 0.000000 0.000000 0.000000
    164 0.378000 0.184000 -2.826000 0.000000 0.000000 0.000000
    165 0.329000 0.184000 -2.477000 0.000000 0.000000 0.000000
    166 0.286000 0.184000 -2.127000 0.000000 0.000000 0.000000
    167 0.252000 0.184000 -1.775000 0.000000 0.000000 0.000000
    168 0.215000 0.184000 -1.417000 0.000000 0.000000 0.000000
    169 0.190000 0.184000 -1.064000 0.000000 0.000000 0.000000
    170 0.166000 0.184000 -0.714000 0.000000 0.000000 0.000000
    171 1.622000 0.000000 1.568000 0.000000 0.000000 0.000000
    172 2.240000 0.000000 1.568000 0.000000 0.000000 0.000000
    173 0.000000 0.000000 0.000000 0.000000 0.000000 0.000000
    174 0.000000 0.000000 -4.867001 3.141572 -0.003206 -3.128592
    175 1.000088 -0.000029 0.000000 0.000000 0.000000 0.000000
    176 17.162518 -0.000404 0.000000 0.000000 0.000000 0.119207
    177 17.749374 0.295515 0.000000 0.000000 0.000000 -1.158919
    178 5.413528 0.000347 0.000000 0.000000 0.000000 -0.518029
    179 0.017887 0.299792 0.000000 0.000000 0.000000 -0.059575
    180 9.999889 -0.000303 0.000000 0.000000 0.000000 0.000000
    181 0.000000 0.000000 4.867000 -3.141572 0.003206 -3.128592
    182 1.000088 -0.000029 0.000000 0.000000 0.000000 0.000000
    183 12.283573 1.581455 -4.695999 1.462269 -0.086726 0.090185
    184 17.162518 -0.000404 0.000000 0.000000 0.000000 0.119207
    185 17.749374 0.295515 0.000000 0.000000 0.000000 -1.158919
    186 5.413528 0.000347 0.000000 0.000000 0.000000 -0.518027
    187 0.017887 0.299792 0.000000 0.000000 0.000000 -0.059573
    188 9.499836 0.000212 0.000000 0.000000 0.000000 0.000000
    189 -1.145525 0.000130 0.000671 0.000000 0.000000 0.000000
    190 -0.857691 0.104071 0.104687 0.023536 0.163924 0.013632
    191 3.999430 -0.000528 -0.000332 -0.123293 0.000000 0.000000
    192 0.599499 0.400698 0.000236 0.000000 0.000000 0.000000
    193 0.599886 0.400186 -0.000027 0.000000 0.000000 0.000000
    194 2.299677 -2.499979 -0.599480 0.891898 0.221465 -0.527213
    195 3.236118 7.928046 -7.273608 1.631415 -0.623305 -1.609238
    196 -9.580679 -27.862108 -37.184677 0.812879 -0.123459 -0.568477
    197 0.649935 -0.548296 0.093658 -1.665913 -0.131399 -0.112062
    198 1.899127 0.000427 -0.000439 0.027386 -0.033311 0.477848
    199 0.657078 0.008400 0.040375 -1.665945 -0.131407 -0.000013
    200 1.799664 -0.000240 0.000231 0.027386 -0.033311 0.477848
    201 1.799664 -0.000240 0.000231 0.027386 -0.033311 0.477848
    202 1.799664 -0.000240 0.000231 0.027386 -0.033311 0.477848
    203 0.665774 0.747222 -0.029186 -1.665935 -0.131408 0.094976
    204 1.900306 -0.000137 -0.000517 0.027386 -0.033311 0.477848
    205 4.872948 -12.491551 10.637873 1.570578 1.561257 -3.119970
    206 3.999897 0.000040 0.001007 -0.277029 0.000000 -0.000060
    207 0.600403 0.399632 -0.000469 0.000000 0.000000 3.141593
    208 0.599890 0.400186 0.000031 0.000000 0.000000 -3.141592
    209 2.300137 -2.499413 0.600155 -0.891898 -0.221466 -0.527212
    210 1.833404 -12.192816 -3.753807 1.635350 0.406699 -1.681425
    211 2.762354 0.116951 1.523975 1.629482 0.064153 1.743800
    212 7.228317 7.928200 -3.925652 2.328713 0.123459 -0.568477
    213 0.650396 -0.547731 -0.092976 1.665913 0.131399 -0.112062
    214 1.899441 -0.000320 -0.000150 -0.027386 0.033311 0.477848
    215 0.657068 0.008398 -0.040379 1.665945 0.131407 -0.000013
    216 1.799659 -0.000233 -0.000233 -0.027386 0.033311 0.477848
    217 1.799659 -0.000233 -0.000233 -0.027386 0.033311 0.477848
    218 1.799659 -0.000233 -0.000233 -0.027386 0.033311 0.477848
    219 0.665778 0.747222 0.029179 1.665935 0.131408 0.094976
    220 1.900722 0.000549 -0.000072 -0.027386 0.033311 0.477848
    221 4.530998 0.000000 0.000000 0.000000 0.000000 0.000000
    222 4.527344 0.000000 0.000000 0.000000 0.000000 0.000000
    223 0.000000 0.000000 0.000000 0.000000 0.000000 0.000000
    224 0.000000 0.000000 0.000000 0.000000 0.000000 0.000000
    225 4.000000 -6.500000 0.000000 0.000000 0.000000 0.000977
    226 -6.500000 0.000000 0.000000 0.000000 1.570752 0.000000
    227 9.695377 7.625482 6.766964 -1.725358 0.210080 2.799944
    228 0.280000 -0.135000 2.196999 1.570796 0.000000 -1.570735
    229 0.000000 0.000000 0.000000 0.000000 0.000000 0.000000
    230 0.000000 0.000000 0.000000 0.064417 0.009408 0.092845
    231 0.106000 0.000000 -64.320000 0.000000 0.000000 0.000000
    232 0.000000 0.000000 0.000000 0.000000 0.000000 0.000000
    233 -0.106000 0.000000 64.320000 0.000000 0.000000 0.000000
    234 0.003042 -0.001328 -64.319374 0.000009 0.000084 -3.141638
    235 0.000000 0.000000 0.000000 -0.000303 0.000193 -0.000090
    236 1.688000 -0.001000 -1.454002 0.000000 0.000000 0.000000
    237 -1.070999 -0.005000 0.545002 0.000000 0.000000 0.000000
    238 5.895000 0.750997 -0.156000 0.000000 0.000000 0.000000
    239 11.599999 -0.000003 -1.500002 0.000000 0.000000 0.000000
    240 1.037001 1.337997 -4.334000 -2.791227 -0.162411 -0.765711
    241 7.216001 -0.000003 -1.579000 0.000000 0.000000 0.000000
    242 4.445999 -0.000003 -1.500000 0.000000 0.000000 0.000000
    243 0.673937 -0.015635 -4.768713 -3.141592 -1.281051 3.141593
    244 0.094999 -0.144000 0.332001 0.000000 0.000000 0.000000
    245 14.209020 0.000022 0.766988 0.000000 0.000000 0.000000
    246 0.000000 0.000000 0.000000 1.570800 0.000000 -1.570796
  time 10
    0 0.000000 0.000000 0.000000 0.000000 0.000000 -1.570796
    1 -0.106750 -0.000001 -0.000351 0.000000 0.000000 0.000000
    2 0.000000 0.000000 0.000000 0.000000 0.000000 0.000000
    3 -0.904000 0.000000 -11.806000 0.000000 0.000000 0.000000
    4 0.000000 0.000000 -14.313999 1.570807 -1.570729 0.000000
    5 3.533001 0.000000 0.000000 0.000000 0.000000 0.000000
    6 6.250000 0.000000 0.000000 0.000000 0.000000 0.000000
    7 3.756273 7.109617 -1.944020 -1.158343 1.546952 -1.158428
    8 9.580670 -0.031226 2.944063 1.502857 -1.430614 -1.503517
    9 5.786820 0.002787 -0.000113 -1.817714 0.625411 -1.494148
    10 5.999492 -0.000592 -4.000343 0.000000 0.000000 0.000000
    11 5.787410 0.002582 0.000893 0.161106 0.231997 -0.854665
    12 5.999492 -0.000592 4.000340 0.000000 0.000000 0.000000
    13 0.500225 0.000133 -0.000084 0.732344 0.000000 0.000000
    14 11.530657 0.000349 -0.001308 -0.000005 0.000009 -2.087366
    15 -0.829338 0.893824 0.079659 -0.148839 0.047645 0.087266
    16 0.500225 0.000132 0.000072 0.432074 0.000000 0.000000
    17 11.532495 0.000526 0.003814 0.000054 0.000038 -1.385090
    18 -0.829586 0.894698 -0.079468 0.045377 -0.019621 0.087266
    19 10.599886 0.000105 -0.000553 -0.289490 0.000000 -0.000024
    20 1.037662 -0.599409 -0.000805 -0.000072 -0.000013 1.043630
    21 11.042053 0.003717 0.000798 -0.727188 -0.453826 0.939622
    22 -11.814724 0.424524 -0.297680 0.247998 -0.066121 -0.042695
    23 10.599878 0.000105 0.000549 -0.387537 0.000000 -0.000048
    24 0.338420 -0.404091 0.000801 -0.000060 0.000013 0.692559
    25 11.041739 0.003170 -0.000568 -0.381795 0.225502 0.212015
    26 -11.663242 0.094713 0.140656 -0.068591 0.018527 -0.015099
    27 0.610300 -0.939470 0.070347 -1.643524 0.126159 -0.103457
    28 0.639938 -0.199121 0.060192 -1.725499 0.107317 -0.056380
    29 0.600155 1.080260 -0.339535 -1.886121 0.608099 -0.143057
    30 0.610207 0.400743 -0.010098 -1.841435 0.292565 -0.068465
    31 0.658153 -0.658840 -0.275313 0.604538 0.695829 -0.864267
    32 -0.792125 0.203736 0.461304 1.439074 -0.003453 -0.018305
    33 0.610300 -0.939469 -0.070354 1.655238 0.140141 -0.175584
    34 0.639938 -0.199121 -0.060200 1.665960 0.130625 -0.066531
    35 0.600157 1.080260 0.339531 1.738023 -0.020766 0.107385
    36 0.610205 0.400743 0.010086 1.762268 0.061592 0.042920
    37 0.627906 -0.691394 0.232270 -0.314892 -0.552712 -0.950491
    38 -0.626031 -0.069982 -0.080517 -1.447153 0.086151 0.021559
    39 2.621377 -0.002532 -0.001438 -0.152669 -0.157147 0.283733
    40 2.660837 0.000397 -0.000071 -0.182558 -0.020282 0.603086
    41 2.202488 0.003364 -0.002863 0.128753 0.296834 -0.239526
    42 0.599950 0.959236 -0.300102 -0.174544 0.000000 0.000000
    43 2.557190 -0.001967 0.002453 0.009944 0.070543 0.349768
    44 2.098929 0.000032 -0.002193 -0.470052 0.122398 0.670059
    45 0.999378 -0.000238 -1.377344 0.000000 0.000000 0.000000
    46 -0.122641 -0.721855 0.661686 -0.486644 0.223964 0.243056
    47 2.622112 -0.000648 0.002741 0.000053 -0.000018 0.736002
    48 2.657909 0.000687 -0.000533 0.014878 -0.017674 0.930021
    49 2.200014 0.001663 0.000836 0.093073 -0.071189 0.393802
    50 0.599949 0.959244 0.300102 0.174544 0.000000 0.000000
    51 2.556571 -0.000385 0.000554 0.086500 -0.063936 0.635122
    52 2.103853 0.001708 -0.001011 0.274463 -0.236321 0.429144
    53 0.999376 -0.000240 1.260149 0.000000 0.000000 0.946859
    54 0.310848 -0.606446 -0.498005 0.308107 -0.197598 0.313975
    55 1.869163 -0.000835 -0.000994 -0.000007 0.000003 0.744440
    56 1.200941 0.399582 -0.000237 -0.009465 0.016087 0.007127
    57 0.000586 0.100342 -0.000319 -0.120035 -0.021926 -0.209617
    58 -0.161663 0.051712 0.194808 -2.941982 0.122408 -0.060194
    59 2.010090 -0.003202 -0.003377 0.000006 0.000013 1.419538
    60 0.000237 0.099800 -0.000395 -0.018823 0.010833 -0.239219
    61 -0.203197 0.048607 0.069150 -3.093332 0.033217 -0.046722
    62 1.180426 -0.002312 0.000781 0.000022 0.000048 0.769318
    63 -0.000196 0.099625 -0.000034 0.000000 0.000000 -0.314102
    64 -0.088737 -0.688435 -0.145203 2.930407 -0.136130 0.513013
    65 1.712069 -0.003328 0.003818 0.000011 -0.000009 1.011591
    66 -0.000576 0.100143 -0.000311 -0.010914 0.023131 -0.260843
    67 -0.146027 -0.232426 -0.014225 3.028455 -0.094299 0.113020
    68 1.290634 0.000361 -0.000036 0.000000 0.000000 0.250863
    69 -0.658119 -0.003576 0.072643 -0.142711 0.027792 -0.077299
    70 1.868078 -0.003049 0.002177 -0.000033 -0.000057 1.470548
    71 1.200075 0.399942 -0.000093 0.009465 -0.016087 0.007127
    72 0.000589 0.100342 0.000319 0.120035 0.021926 -0.209617
    73 0.068073 0.002283 -0.080050 3.111376 -0.069366 -0.060847
    74 2.011874 -0.001179 0.002180 -0.000037 -0.000061 1.255514
    75 0.000233 0.099800 0.000395 0.018823 -0.010833 -0.239219
    76 -0.018673 -0.001009 0.047544 3.109244 0.002635 -0.106673
    77 1.178665 0.001595 0.000845 0.000006 -0.000001 0.346282
    78 -0.000196 0.099628 0.000034 0.000000 0.000000 -0.314102
    79 0.036894 -0.634449 0.266284 -2.801062 0.174301 0.490915
    80 1.708256 -0.002504 -0.000686 -0.000058 0.000035 1.156645
    81 -0.000580 0.100140 0.000311 0.010910 -0.023132 -0.260845
    82 -0.003952 -0.281811 0.115047 -3.059162 0.089004 0.167964
    83 1.289625 0.000042 0.000061 0.000022 0.000014 0.771089
    84 -0.171526 -0.018150 -0.099873 0.013484 -0.062184 -0.011781
    85 0.916622 0.003336 0.001326 0.000019 -0.000099 2.092587
    86 -0.342617 0.053402 -0.025571 -2.909301 -0.017248 0.075276
    87 1.100231 -0.000928 -0.002434 0.000009 0.000002 0.783224
    88 -0.384979 0.331001 0.006848 -3.087207 -0.018765 -0.184278
    89 0.678146 0.002286 -0.003905 -0.000006 -0.000007 0.099973
    90 -0.123848 0.072738 0.029507 2.898184 -0.060627 0.094835
    91 1.017166 -0.000154 -0.000252 -0.000011 -0.000026 0.143903
    92 -0.344990 0.123129 0.143151 2.994981 0.012396 0.059140
    93 -0.730989 0.177046 0.039141 -0.123731 0.076518 -0.084310
    94 0.921993 0.001298 -0.000896 -0.000002 -0.000011 0.649768
    95 -0.124023 -0.052090 0.038495 3.077813 -0.008519 0.039229
    96 1.100433 -0.003552 0.000502 -0.000006 0.000006 0.964056
    97 -0.330082 0.160639 0.042780 3.128073 0.034033 -0.171236
    98 0.679764 0.001532 0.003272 0.000002 0.000003 1.234456
    99 -0.019512 -0.016531 0.038578 -2.763781 0.050305 0.076829
    100 1.018891 0.001206 0.001121 0.000030 0.000067 0.683499
    101 -0.155308 0.130644 -0.021921 -3.022466 0.022433 -0.024902
    102 -0.252207 0.061937 -0.024914 -0.007671 -0.063171 -0.044392
    103 -0.085995 0.185205 -0.015180 -2.937063 -0.113970 -0.138991
    104 -0.286533 0.179852 0.024264 -3.109353 -0.049645 -0.029914
    105 -0.019482 0.147083 0.079203 2.893815 0.038585 -0.060594
    106 -0.046482 0.251896 0.129548 3.016165 0.077112 -0.042864
    107 0.039124 -0.040295 0.047739 3.084219 0.030470 -0.037414
    108 -0.233757 0.066630 0.001754 -3.133087 0.040141 -0.065412
    109 0.044266 0.020131 0.001684 -2.778763 -0.118872 -0.040488
    110 0.071495 0.074128 -0.048302 -3.035917 -0.059482 0.104366
    111 0.000000 0.000000 0.000000 0.000000 0.000000 -1.570796
    112 -3.129002 -17.383343 -2.351634 -1.888230 0.195315 0.740873
    113 0.000000 0.000000 0.000000 0.000000 0.000000 0.000000
    114 4.652486 -10.754234 -4.242317 -1.888341 0.195910 0.740940
    115 3.096000 0.000000 -1.996000 0.000000 0.000000 0.000000
    116 3.040999 0.000000 1.202000 0.000000 0.000000 0.000000
    117 7.854000 0.000000 -0.042000 0.000000 0.000000 0.000000
    118 13.105999 0.000000 -0.006000 0.000000 0.000000 -0.000013
    119 3.456000 0.000000 -1.084000 0.000000 0.000000 0.000000
    120 1.804000 0.000000 -1.025000 0.000000 0.000000 0.000000
    121 7.098000 0.000000 -1.084000 0.000000 0.000000 0.000000
    122 1.868000 1.809000 -1.975000 -2.218497 -0.017091 -0.465758
    123 3.740000 0.000000 1.273000 0.000000 0.000000 0.000000
    124 11.956999 0.000000 -0.006000 0.000000 0.000000 0.000013
    125 6.072001 0.000000 -1.238000 0.000000 0.000000 0.000000
    126 5.690000 -0.365000 0.068000 -0.000118 -0.348941 -1.570715
    127 6.396999 0.614000 0.428000 0.000000 0.000000 0.000000
    128 3.040999 0.000000 1.202000 0.000000 0.000000 0.000000
    129 3.720000 0.000000 1.202000 0.000000 0.000000 0.000000
    130 1.086000 -0.661000 -0.149000 0.000000 0.000000 0.000000
    131 1.067000 0.589000 0.076000 0.000000 0.000000 0.000000
    132 0.000000 -0.019000 0.000000 0.000000 0.000000 0.000000
    133 0.000000 -0.019000 0.000000 0.000000 0.000000 0.000000
    134 3.300000 -0.019000 1.346000 0.000000 0.000000 0.000000
    135 -1.524000 -1.859000 -4.367000 -1.730149 -0.014933 0.208109
    136 7.283999 0.000000 -2.195000 0.000000 0.000000 0.000000
    137 -1.323000 0.000000 0.184000 0.000000 0.000000 0.000000
    138 0.082000 0.000000 1.002000 0.000000 0.000000 0.000000
    139 21.814425 51.739860 33.915498 -1.990556 0.720909 2.649535
    140 0.478000 0.000000 -4.537000 0.000000 0.000000 0.000000
    141 3.436000 0.000000 1.202000 0.000000 0.000000 0.000000
    142 3.040999 0.000000 1.202000 0.000000 0.000000 0.000000
    143 4.657000 0.000000 1.545000 0.000000 0.000000 0.000000
    144 -0.403000 0.000000 -0.011000 0.000000 0.000000 0.000000
    145 1.781000 0.000000 0.873000 0.000000 0.000000 0.000000
    146 0.384000 0.715000 0.801000 0.000000 0.000000 0.000000
    147 1.795000 0.533000 -1.550000 0.000000 0.000000 0.000000
    148 4.435999 0.595000 -0.954000 0.000000 0.000000 0.000000
    149 4.401999 -0.614000 -1.630000 0.000000 0.000000 0.000000
    150 4.203000 -0.003000 -0.048000 0.000000 0.000000 0.000000
    151 5.136000 0.000000 1.534000 0.000000 0.000000 0.000000
    152 11.957001 0.000000 -0.006000 0.000000 0.000000 0.000013
    153 -2.103001 0.000000 0.000000 0.000000 0.000000 0.000000
    154 -0.598001 0.000000 -0.011000 0.000000 0.000000 0.000000
    155 0.496000 0.184000 -3.523000 0.000000 0.000000 0.000000
    156 0.147000 0.184000 -0.328000 0.000000 0.000000 0.000000
    157 0.147000 0.184000 0.023000 0.000000 0.000000 0.000000
    158 0.147000 0.184000 0.368000 0.000000 0.000000 0.000000
    159 0.147000 0.184000 0.717000 0.000000 0.000000 0.000000
    160 0.147000 0.184000 1.067000 0.000000 0.000000 0.000000
    161 0.148000 0.184000 1.414000 0.000000 0.000000 0.000000
    162 0.148000 -0.074000 1.640000 0.000000 0.000000 0.000000
    163 0.435000 0.184000 -3.179000 0.000000 0.000000 0.000000
    164 0.378000 0.184000 -2.826000 0.000000 0.000000 0.000000
    165 0.329000 0.184000 -2.477000 0.000000 0.000000 0.000000
    166 0.286000 0.184000 -2.127000 0.000000 0.000000 0.000000
    167 0.252000 0.184000 -1.775000 0.000000 0.000000 0.000000
    168 0.215000 0.184000 -1.417000 0.000000 0.000000 0.000000
    169 0.190000 0.184000 -1.064000 0.000000 0.000000 0.000000
    170 0.166000 0.184000 -0.714000 0.000000 0.000000 0.000000
    171 1.622000 0.000000 1.568000 0.000000 0.000000 0.000000
    172 2.240000 0.000000 1.568000 0.000000 0.000000 0.000000
    173 0.000000 0.000000 0.000000 0.000000 0.000000 0.000000
    174 0.000000 0.000000 -4.867001 3.141572 -0.003206 -3.128592
    175 1.000088 -0.000029 0.000000 0.000000 0.000000 0.000000
    176 17.162518 -0.000404 0.000000 0.000000 0.000000 0.119207
    177 17.749374 0.295515 0.000000 0.000000 0.000000 -1.158919
    178 5.413528 0.000347 0.000000 0.000000 0.000000 -0.518029
    179 0.017887 0.299792 0.000000 0.000000 0.000000 -0.059575
    180 9.999889 -0.000303 0.000000 0.000000 0.000000 0.000000
    181 0.000000 0.000000 4.867000 -3.141572 0.003206 -3.128592
    182 1.000088 -0.000029 0.000000 0.000000 0.000000 0.000000
    183 12.283573 1.581455 -4.695999 1.462269 -0.086726 0.090185
    184 17.162518 -0.000404 0.000000 0.000000 0.000000 0.119207
    185 17.749374 0.295515 0.000000 0.000000 0.000000 -1.158919
    186 5.413528 0.000347 0.000000 0.000000 0.000000 -0.518027
    187 0.017887 0.299792 0.000000 0.000000 0.000000 -0.059573
    188 9.499836 0.000212 0.000000 0.000000 0.000000 0.000000
    189 -1.145525 0.000130 0.000671 0.000000 0.000000 0.000000
    190 -0.857691 0.104071 0.104687 0.023536 0.163924 0.013632
    191 3.999430 -0.000528 -0.000332 -0.361949 0.000000 0.000000
    192 0.599499 0.400698 0.000236 0.000000 0.000000 0.000000
    193 0.599886 0.400186 -0.000027 0.000000 0.000000 0.000000
    194 2.299677 -2.499979 -0.599480 0.891898 0.221465 -0.527213
    195 3.236118 7.928046 -7.273608 1.631415 -0.623305 -1.609238
    196 -9.580679 -27.862108 -37.184677 0.812879 -0.123459 -0.568477
    197 0.649935 -0.548296 0.093658 -1.665913 -0.131399 -0.112062
    198 1.899127 0.000427 -0.000439 0.027386 -0.033311 0.477848
    199 0.657078 0.008400 0.040375 -1.665945 -0.131407 -0.000013
    200 1.799664 -0.000240 0.000231 0.027386 -0.033311 0.477848
    201 1.799664 -0.000240 0.000231 0.027386 -0.033311 0.477848
    202 1.799664 -0.000240 0.000231 0.027386 -0.033311 0.477848
    203 0.665774 0.747222 -0.029186 -1.665935 -0.131408 0.094976
    204 1.900306 -0.000137 -0.000517 0.027386 -0.033311 0.477848
    205 4.872948 -12.491551 10.637873 1.570865 1.561257 -3.119683
    206 3.999897 0.000040 0.001007 -0.193759 0.000000 0.000000
    207 0.600403 0.399632 -0.000469 0.000000 0.000000 -3.141592
    208 0.599890 0.400186 0.000031 0.000000 0.000000 -3.141592
    209 2.300137 -2.499413 0.600155 -0.891898 -0.221466 -0.527212
    210 1.368546 -12.177191 -3.777245 1.626445 0.405621 -1.725578
    211 2.762354 0.116951 1.523975 1.629482 0.064153 1.743800
    212 7.228317 7.928200 -3.925652 2.328713 0.123459 -0.568477
    213 0.650396 -0.547731 -0.092976 1.665913 0.131399 -0.112062
    214 1.899441 -0.000320 -0.000150 -0.027386 0.033311 0.477848
    215 0.657068 0.008398 -0.040379 1.665945 0.131407 -0.000013
    216 1.799659 -0.000233 -0.000233 -0.027386 0.033311 0.477848
    217 1.799659 -0.000233 -0.000233 -0.027386 0.033311 0.477848
    218 1.799659 -0.000233 -0.000233 -0.027386 0.033311 0.477848
    219 0.665778 0.747222 0.029179 1.665935 0.131408 0.094976
    220 1.900722 0.000549 -0.000072 -0.027386 0.033311 0.477848
    221 4.530998 0.000000 0.000000 0.000000 0.000000 0.000000
    222 4.527344 0.000000 0.000000 0.000000 0.000000 0.000000
    223 0.000000 0.000000 0.000000 0.000000 0.000000 0.000000
    224 0.000000 0.000000 0.000000 0.000000 0.000000 0.000000
    225 4.000000 -6.500000 0.000000 0.000000 0.000000 0.000977
    226 -6.500000 0.000000 0.000000 0.000000 1.570752 0.000000
    227 11.769659 4.656641 7.552144 -1.887880 0.195465 2.311842
    228 0.280000 -0.135000 2.196999 1.570796 0.000000 -1.570735
    229 0.000000 0.000000 0.000000 0.000000 0.000000 0.000000
    230 0.000000 0.000000 0.000000 0.011757 -0.018816 0.034731
    231 0.106000 0.000000 -64.320000 0.000000 0.000000 0.000000
    232 0.000000 0.000000 0.000000 0.000000 0.000000 0.000000
    233 -0.106000 0.000000 64.320000 0.000000 0.000000 0.000000
    234 0.003042 -0.001328 -64.319374 0.000009 0.000084 -3.141638
    235 0.000000 0.000000 0.000000 -0.000303 0.000193 -0.000090
    236 1.688000 -0.001000 -1.454002 0.000000 0.000000 0.000000
    237 -1.070999 -0.005000 0.545002 0.000000 0.000000 0.000000
    238 5.895000 0.750997 -0.156000 0.000000 0.000000 0.000000
    239 11.599999 -0.000003 -1.500002 0.000000 0.000000 0.000000
    240 1.037001 1.337997 -4.334000 -2.791227 -0.162411 -0.765711
    241 7.216001 -0.000003 -1.579000 0.000000 0.000000 0.000000
    242 4.445999 -0.000003 -1.500000 0.000000 0.000000 0.000000
    243 0.673937 -0.015635 -4.768713 -3.141592 -1.281051 3.141593
    244 0.094999 -0.144000 0.332001 0.000000 0.000000 0.000000
    245 14.209020 0.000022 0.766988 0.000000 0.000000 0.000000
    246 0.000000 0.000000 0.000000 1.570800 0.000000 -1.570796
  time 11
    0 0.000000 0.000000 0.000000 0.000000 0.000000 -1.570796
    1 -0.106750 -0.000001 -0.000351 0.000000 0.000000 0.000000
    2 0.000000 0.000000 0.000000 0.000000 0.000000 0.000000
    3 -0.904000 0.000000 -11.806000 0.000000 0.000000 0.000000
    4 0.000000 0.000000 -14.313999 1.570807 -1.570729 0.000000
    5 3.533001 0.000000 0.000000 0.000000 0.000000 0.000000
    6 6.250000 0.000000 0.000000 0.000000 0.000000 0.000000
    7 3.756273 7.109617 -1.944020 -1.159681 1.546858 -1.159766
    8 9.580670 -0.031226 2.944063 1.480270 -1.465199 -1.480818
    9 5.786820 0.002787 -0.000113 -1.805956 0.541738 -1.456677
    10 5.999492 -0.000592 -4.000343 0.000000 0.000000 0.000000
    11 5.787410 0.002582 0.000893 0.131181 0.198011 -0.794871
    12 5.999492 -0.000592 4.000340 0.000000 0.000000 0.000000
    13 0.500225 0.000133 -0.000084 0.746038 0.000000 0.000000
    14 11.530657 0.000349 -0.001308 0.000031 0.000057 -2.055760
    15 -0.829338 0.893824 0.079659 -0.148839 0.047645 0.087266
    16 0.500225 0.000132 0.000072 0.414533 0.000060 0.000012
    17 11.532495 0.000526 0.003814 -0.000042 0.000038 -1.508920
    18 -0.829586 0.894698 -0.079468 0.045377 -0.019621 0.087266
    19 10.599886 0.000105 -0.000553 -0.289792 0.000000 0.000000
    20 0.994692 -0.599409 -0.000805 -0.000048 0.000035 1.027837
    21 11.042053 0.003717 0.000798 -0.651895 -0.351862 0.928939
    22 -11.814724 0.424524 -0.297680 0.247998 -0.066121 -0.042695
    23 10.599878 0.000105 0.000549 -0.298583 0.000000 0.000000
    24 0.432173 -0.454874 0.000801 0.000000 -0.000011 0.754439
    25 11.041739 0.003170 -0.000568 -0.287796 0.356837 0.355848
    26 -11.663242 0.094713 0.140656 -0.068591 0.018527 -0.015099
    27 0.610300 -0.939470 0.070347 -1.643524 0.126159 -0.103457
    28 0.639938 -0.199121 0.060192 -1.725499 0.107317 -0.056368
    29 0.600155 1.080260 -0.339535 -1.886121 0.608099 -0.143057
    30 0.610207 0.400743 -0.010098 -1.841435 0.292577 -0.068465
    31 0.658153 -0.658840 -0.275313 0.604538 0.695829 -0.864267
    32 -0.792125 0.203736 0.461304 1.439074 -0.003453 -0.018305
    33 0.610300 -0.939469 -0.070354 1.655238 0.140141 -0.175584
    34 0.639938 -0.199121 -0.060200 1.665909 0.130541 -0.066543
    35 0.600157 1.080260 0.339531 1.738023 -0.020766 0.107385
    36 0.610205 0.400743 0.010086 1.762268 0.061592 0.042920
    37 0.627906 -0.691394 0.232270 -0.314892 -0.552712 -0.950491
    38 -0.626031 -0.069982 -0.080517 -1.447153 0.086151 0.021559
    39 2.621377 -0.002532 -0.001438 -0.152669 -0.157147 0.283733
    40 2.660837 0.000397 -0.000071 -0.182535 -0.020282 0.603086
    41 2.202488 0.003364 -0.002863 0.128753 0.296810 -0.239526
    42 0.599950 0.959236 -0.300102 -0.174544 0.000000 0.000000
    43 2.557190 -0.001967 0.002453 0.009944 0.070543 0.349768
    44 2.098929 0.000032 -0.002193 -0.470073 0.122380 0.670017
    45 0.999378 -0.000238 -1.377344 0.000000 0.000000 0.000000
    46 -0.122641 -0.721855 0.661686 -0.486644 0.223964 0.243056
    47 2.622112 -0.000648 0.002741 0.000017 -0.000004 0.742842
    48 2.657909 0.000687 -0.000533 0.014943 -0.017614 0.925798
    49 2.200014 0.001663 0.000836 0.093396 -0.070746 0.389454
    50 0.599949 0.959244 0.300102 0.174544 0.000000 0.000000
    51 2.556571 -0.000385 0.000554 0.086766 -0.063578 0.630897
    52 2.103853 0.001708 -0.001011 0.274436 -0.236369 0.429230
    53 0.999376 -0.000240 1.260149 0.000000 0.000000 0.946859
    54 0.310848 -0.606446 -0.498005 0.308107 -0.197598 0.313975
    55 1.869163 -0.000835 -0.000994 -0.000007 0.000003 0.744440
    56 1.200941 0.399582 -0.000237 -0.009465 0.016087 0.007127
    57 0.000586 0.100342 -0.000319 -0.120035 -0.021926 -0.209617
    58 -0.161663 0.051712 0.194808 -2.941982 0.122408 -0.060194
    59 2.010090 -0.003202 -0.003377 0.000006 0.000025 1.419538
    60 0.000237 0.099800 -0.000395 -0.018823 0.010833 -0.239219
    61 -0.203197 0.048607 0.069150 -3.093332 0.033217 -0.046722
    62 1.180426 -0.002312 0.000781 0.000022 0.000048 0.769318
    63 -0.000196 0.099625 -0.000034 0.000000 0.000000 -0.314102
    64 -0.088737 -0.688435 -0.145203 2.930407 -0.136130 0.513013
    65 1.712069 -0.003328 0.003818 0.000011 -0.000009 1.011591
    66 -0.000576 0.100143 -0.000311 -0.010914 0.023131 -0.260843
    67 -0.146027 -0.232426 -0.014225 3.028455 -0.094299 0.113020
    68 1.290634 0.000361 -0.000036 0.000000 0.000000 0.250863
    69 -0.658119 -0.003576 0.072643 -0.142711 0.027792 -0.077299
    70 1.868078 -0.003049 0.002177 -0.000021 0.000015 1.404368
    71 1.200075 0.399942 -0.000093 0.009465 -0.016087 0.007127
    72 0.000589 0.100342 0.000319 0.120035 0.021926 -0.209617
    73 0.068073 0.002283 -0.080050 3.111376 -0.069366 -0.060847
    74 2.011874 -0.001179 0.002180 -0.000001 -0.000001 1.189332
    75 0.000233 0.099800 0.000395 0.018823 -0.010833 -0.239219
    76 -0.018673 -0.001009 0.047544 3.109244 0.002635 -0.106673
    77 1.178665 0.001595 0.000845 0.000006 -0.000001 0.280074
    78 -0.000196 0.099628 0.000034 0.000000 0.000000 -0.314102
    79 0.036894 -0.634449 0.266284 -2.801062 0.174301 0.490915
    80 1.708256 -0.002504 -0.000686 -0.000010 0.000011 1.090469
    81 -0.000580 0.100140 0.000311 0.010910 -0.023132 -0.260845
    82 -0.003952 -0.281811 0.115047 -3.059162 0.089004 0.167964
    83 1.289625 0.000042 0.000061 0.000034 0.000026 0.770992
    84 -0.171526 -0.018150 -0.099873 0.013484 -0.062184 -0.011781
    85 0.916622 0.003336 0.001326 0.000031 -0.000087 2.092587
    86 -0.342617 0.053402 -0.025571 -2.909301 -0.017248 0.075276
    87 1.100231 -0.000928 -0.002434 0.000009 0.000002 0.783164
    88 -0.384979 0.331001 0.006848 -3.087207 -0.018765 -0.184278
    89 0.678146 0.002286 -0.003905 -0.000006 -0.000007 0.099973
    90 -0.123848 0.072738 0.029507 2.898184 -0.060627 0.094835
    91 1.017166 -0.000154 -0.000252 -0.000011 -0.000038 0.143855
    92 -0.344990 0.123129 0.143151 2.994981 0.012396 0.059140
    93 -0.730989 0.177046 0.039141 -0.123731 0.076518 -0.084310
    94 0.921993 0.001298 -0.000896 -0.000002 -0.000011 0.583410
    95 -0.124023 -0.052090 0.038495 3.077813 -0.008519 0.039229
    96 1.100433 -0.003552 0.000502 -0.000006 0.000006 0.897692
    97 -0.330082 0.160639 0.042780 3.128073 0.034033 -0.171236
    98 0.679764 0.001532 0.003272 0.000002 0.000003 1.168135
    99 -0.019512 -0.016531 0.038578 -2.763781 0.050305 0.076829
    100 1.018891 0.001206 0.001121 0.000018 0.000031 0.617222
    101 -0.155308 0.130644 -0.021921 -3.022466 0.022433 -0.024902
    102 -0.252207 0.061937 -0.024914 -0.007671 -0.063171 -0.044392
    103 -0.085995 0.185205 -0.015180 -2.937063 -0.113970 -0.138991
    104 -0.286533 0.179852 0.024264 -3.109353 -0.049645 -0.029914
    105 -0.019482 0.147083 0.079203 2.893815 0.038585 -0.060594
    106 -0.046482 0.251896 0.129548 3.016165 0.077112 -0.042864
    107 0.039124 -0.040295 0.047739 3.084219 0.030470 -0.037414
    108 -0.233757 0.066630 0.001754 -3.133087 0.040141 -0.065412
    109 0.044266 0.020131 0.001684 -2.778763 -0.118872 -0.040488
    110 0.071495 0.074128 -0.048302 -3.035917 -0.059482 0.104366
    111 0.000000 0.000000 0.000000 0.000000 0.000000 -1.570796
    112 -3.918088 -16.719260 -2.851650 -1.982423 0.120983 0.696025
    113 0.000000 0.000000 0.000000 0.000000 0.000000 0.000000
    114 4.238411 -10.359691 -3.949339 -1.982182 0.121499 0.696376
    115 3.096000 0.000000 -1.996000 0.000000 0.000000 0.000000
    116 3.040999 0.000000 1.202000 0.000000 0.000000 0.000000
    117 7.854000 0.000000 -0.042000 0.000000 0.000000 0.000000
    118 13.105999 0.000000 -0.006000 0.000000 0.000000 -0.000013
    119 3.456000 0.000000 -1.084000 0.000000 0.000000 0.000000
    120 1.804000 0.000000 -1.025000 0.000000 0.000000 0.000000
    121 7.098000 0.000000 -1.084000 0.000000 0.000000 0.000000
    122 1.868000 1.809000 -1.975000 -2.218497 -0.017091 -0.465758
    123 3.740000 0.000000 1.273000 0.000000 0.000000 0.000000
    124 11.956999 0.000000 -0.006000 0.000000 0.000000 0.000013
    125 6.072001 0.000000 -1.238000 0.000000 0.000000 0.000000
    126 5.690000 -0.365000 0.068000 -0.000118 -0.348941 -1.570715
    127 6.396999 0.614000 0.428000 0.000000 0.000000 0.000000
    128 3.040999 0.000000 1.202000 0.000000 0.000000 0.000000
    129 3.720000 0.000000 1.202000 0.000000 0.000000 0.000000
    130 1.086000 -0.661000 -0.149000 0.000000 0.000000 0.000000
    131 1.067000 0.589000 0.076000 0.000000 0.000000 0.000000
    132 0.000000 -0.019000 0.000000 0.000000 0.000000 0.000000
    133 0.000000 -0.019000 0.000000 0.000000 0.000000 0.000000
    134 3.300000 -0.019000 1.346000 0.000000 0.000000 0.000000
    135 -1.524000 -1.859000 -4.367000 -1.730149 -0.014933 0.208109
    136 7.283999 0.000000 -2.195000 0.000000 0.000000 0.000000
    137 -1.323000 0.000000 0.184000 0.000000 0.000000 0.000000
    138 0.082000 0.000000 1.002000 0.000000 0.000000 0.000000
    139 16.818179 50.064028 39.021123 -2.136911 0.737318 2.605670
    140 0.478000 0.000000 -4.537000 0.000000 0.000000 0.000000
    141 3.436000 0.000000 1.202000 0.000000 0.000000 0.000000
    142 3.040999 0.000000 1.202000 0.000000 0.000000 0.000000
    143 4.657000 0.000000 1.545000 0.000000 0.000000 0.000000
    144 -0.403000 0.000000 -0.011000 0.000000 0.000000 0.000000
    145 1.781000 0.000000 0.873000 0.000000 0.000000 0.000000
    146 0.384000 0.715000 0.801000 0.000000 0.000000 0.000000
    147 1.795000 0.533000 -1.550000 0.000000 0.000000 0.000000
    148 4.435999 0.595000 -0.954000 0.000000 0.000000 0.000000
    149 4.401999 -0.614000 -1.630000 0.000000 0.000000 0.000000
    150 4.203000 -0.003000 -0.048000 0.000000 0.000000 0.000000
    151 5.136000 0.000000 1.534000 0.000000 0.000000 0.000000
    152 11.957001 0.000000 -0.006000 0.000000 0.000000 0.000013
    153 -2.103001 0.000000 0.000000 0.000000 0.000000 0.000000
    154 -0.598001 0.000000 -0.011000 0.000000 0.000000 0.000000
    155 0.496000 0.184000 -3.523000 0.000000 0.000000 0.000000
    156 0.147000 0.184000 -0.328000 0.000000 0.000000 0.000000
    157 0.147000 0.184000 0.023000 0.000000 0.000000 0.000000
    158 0.147000 0.184000 0.368000 0.000000 0.000000 0.000000
    159 0.147000 0.184000 0.717000 0.000000 0.000000 0.000000
    160 0.147000 0.184000 1.067000 0.000000 0.000000 0.000000
    161 0.148000 0.184000 1.414000 0.000000 0.000000 0.000000
    162 0.148000 -0.074000 1.640000 0.000000 0.000000 0.000000
    163 0.435000 0.184000 -3.179000 0.000000 0.000000 0.000000
    164 0.378000 0.184000 -2.826000 0.000000 0.000000 0.000000
    165 0.329000 0.184000 -2.477000 0.000000 0.000000 0.000000
    166 0.286000 0.184000 -2.127000 0.000000 0.000000 0.000000
    167 0.252000 0.184000 -1.775000 0.000000 0.000000 0.000000
    168 0.215000 0.184000 -1.417000 0.000000 0.000000 0.000000
    169 0.190000 0.184000 -1.064000 0.000000 0.000000 0.000000
    170 0.166000 0.184000 -0.714000 0.000000 0.000000 0.000000
    171 1.622000 0.000000 1.568000 0.000000 0.000000 0.000000
    172 2.240000 0.000000 1.568000 0.000000 0.000000 0.000000
    173 0.000000 0.000000 0.000000 0.000000 0.000000 0.000000
    174 0.000000 0.000000 -4.867001 3.141572 -0.003206 -3.128592
    175 1.000088 -0.000029 0.000000 0.000000 0.000000 0.000000
    176 17.162518 -0.000404 0.000000 0.000000 0.000000 0.119207
    177 17.749374 0.295515 0.000000 0.000000 0.000000 -1.158919
    178 5.413528 0.000347 0.000000 0.000000 0.000000 -0.518029
    179 0.017887 0.299792 0.000000 0.000000 0.000000 -0.059575
    180 9.999889 -0.000303 0.000000 0.000000 0.000000 0.000000
    181 0.000000 0.000000 4.867000 -3.141572 0.003206 -3.128592
    182 1.000088 -0.000029 0.000000 0.000000 0.000000 0.000000
    183 12.283573 1.581455 -4.695999 1.462269 -0.086726 0.090185
    184 17.162518 -0.000404 0.000000 0.000000 0.000000 0.119207
    185 17.749374 0.295515 0.000000 0.000000 0.000000 -1.158919
    186 5.413528 0.000347 0.000000 0.000000 0.000000 -0.518027
    187 0.017887 0.299792 0.000000 0.000000 0.000000 -0.059573
    188 9.499836 0.000212 0.000000 0.000000 0.000000 0.000000
    189 -1.145525 0.000130 0.000671 0.000000 0.000000 0.000000
    190 -0.857691 0.104071 0.104687 0.023536 0.163924 0.013632
    191 3.999430 -0.000528 -0.000332 -0.362250 0.000000 0.000000
    192 0.599499 0.400698 0.000236 0.000000 0.000000 0.000000
    193 0.599886 0.400186 -0.000027 0.000000 0.000000 0.000000
    194 2.299677 -2.499979 -0.599480 0.891898 0.221465 -0.527213
    195 3.236118 7.928046 -7.273608 1.631415 -0.623261 -1.609238
    196 -9.580679 -27.862108 -37.184677 0.812879 -0.123459 -0.568477
    197 0.649935 -0.548296 0.093658 -1.665913 -0.131399 -0.112062
    198 1.899127 0.000427 -0.000439 0.027386 -0.033311 0.477848
    199 0.657078 0.008400 0.040375 -1.665945 -0.131407 -0.000013
    200 1.799664 -0.000240 0.000231 0.027386 -0.033311 0.477848
    201 1.799664 -0.000240 0.000231 0.027386 -0.033311 0.477848
    202 1.799664 -0.000240 0.000231 0.027386 -0.033311 0.477848
    203 0.665774 0.747222 -0.029186 -1.665935 -0.131408 0.094976
    204 1.900306 -0.000137 -0.000517 0.027386 -0.033311 0.477848
    205 4.876855 -12.491551 10.637873 1.571153 1.561257 -3.119299
    206 3.999897 0.000040 0.001007 -0.149327 0.000000 0.000000
    207 0.600403 0.399632 -0.000469 0.000000 0.000000 -3.141592
    208 0.599890 0.400186 0.000031 0.000000 0.000000 -3.141592
    209 2.300137 -2.499413 0.600155 -0.891898 -0.221466 -0.527212
    210 1.013067 -12.153753 -3.785058 1.619839 0.403907 -1.759504
    211 2.762354 0.116951 1.523975 1.629482 0.064153 1.743800
    212 7.228317 7.928200 -3.925652 2.328713 0.123459 -0.568477
    213 0.650396 -0.547731 -0.092976 1.665913 0.131399 -0.112062
    214 1.899441 -0.000320 -0.000150 -0.027386 0.033311 0.477848
    215 0.657068 0.008398 -0.040379 1.665945 0.131407 -0.000013
    216 1.799659 -0.000233 -0.000233 -0.027386 0.033311 0.477848
    217 1.799659 -0.000233 -0.000233 -0.027386 0.033311 0.477848
    218 1.799659 -0.000233 -0.000233 -0.027386 0.033311 0.477848
    219 0.665778 0.747222 0.029179 1.665935 0.131408 0.094976
    220 1.900722 0.000549 -0.000072 -0.027386 0.033311 0.477848
    221 4.530998 0.000000 0.000000 0.000000 0.000000 0.000000
    222 4.527344 0.000000 0.000000 0.000000 0.000000 0.000000
    223 0.000000 0.000000 0.000000 0.000000 0.000000 0.000000
    224 0.000000 0.000000 0.000000 0.000000 0.000000 0.000000
    225 4.000000 -6.500000 0.000000 0.000000 0.000000 0.000977
    226 -6.500000 0.000000 0.000000 0.000000 1.570752 0.000000
    227 11.379022 4.242566 7.849028 -1.982073 0.121099 2.266994
    228 0.280000 -0.135000 2.196999 1.570796 0.000000 -1.570735
    229 0.000000 0.000000 0.000000 0.000000 0.000000 0.000000
    230 0.000000 0.000000 0.000000 0.056136 -0.003332 0.058029
    231 0.106000 0.000000 -64.320000 0.000000 0.000000 0.000000
    232 0.000000 0.000000 0.000000 0.000000 0.000000 0.000000
    233 -0.106000 0.000000 64.320000 0.000000 0.000000 0.000000
    234 0.003042 -0.001328 -64.319374 0.000009 0.000084 -3.141638
    235 0.000000 0.000000 0.000000 -0.000303 0.000193 -0.000090
    236 1.688000 -0.001000 -1.454002 0.000000 0.000000 0.000000
    237 -1.070999 -0.005000 0.545002 0.000000 0.000000 0.000000
    238 5.895000 0.750997 -0.156000 0.000000 0.000000 0.000000
    239 11.599999 -0.000003 -1.500002 0.000000 0.000000 0.000000
    240 1.037001 1.337997 -4.334000 -2.791227 -0.162411 -0.765711
    241 7.216001 -0.000003 -1.579000 0.000000 0.000000 0.000000
    242 4.445999 -0.000003 -1.500000 0.000000 0.000000 0.000000
    243 0.673937 -0.015635 -4.768713 -3.141592 -1.281051 3.141593
    244 0.094999 -0.144000 0.332001 0.000000 0.000000 0.000000
    245 14.209020 0.000022 0.766988 0.000000 0.000000 0.000000
    246 0.000000 0.000000 0.000000 1.570800 0.000000 -1.570796
  time 12
    0 0.000000 0.000000 0.000000 0.000000 0.000000 -1.570796
    1 -0.106750 -0.000001 -0.000351 0.000000 0.000000 0.000000
    2 0.000000 0.000000 0.000000 0.000000 0.000000 0.000000
    3 -0.904000 0.000000 -11.806000 0.000000 0.000000 0.000000
    4 0.000000 0.000000 -14.313999 1.570807 -1.570729 0.000000
    5 3.533001 0.000000 0.000000 0.000000 0.000000 0.000000
    6 6.250000 0.000000 0.000000 0.000000 0.000000 0.000000
    7 3.756273 7.109617 -1.944020 -1.160923 1.546810 -1.161104
    8 9.580670 -0.031226 2.944063 1.481688 -1.463383 -1.482159
    9 5.786820 0.002787 -0.000113 -1.797353 0.514967 -1.484826
    10 5.999492 -0.000592 -4.000343 0.000000 0.000000 0.000000
    11 5.787410 0.002582 0.000893 0.099056 0.176924 -0.821234
    12 5.999492 -0.000592 4.000340 0.000000 0.000000 0.000000
    13 0.500225 0.000133 -0.000084 0.735255 0.000000 0.000000
    14 11.530657 0.000349 -0.001308 -0.000041 -0.000051 -2.119432
    15 -0.829338 0.893824 0.079659 -0.148839 0.047645 0.087266
    16 0.500225 0.000132 0.000072 0.439922 0.000000 0.000000
    17 11.532495 0.000526 0.003814 -0.000030 0.000038 -1.477962
    18 -0.829586 0.894698 -0.079468 0.045377 -0.019621 0.087266
    19 10.599886 0.000105 -0.000553 -0.248876 0.000012 0.000000
    20 1.049381 -0.599409 -0.000805 0.000000 0.000011 1.059743
    21 11.042053 0.003717 0.000798 -0.549162 -0.400196 0.934780
    22 -11.814724 0.424524 -0.297680 0.247998 -0.066121 -0.042695
    23 10.599878 0.000105 0.000549 -0.234008 -0.000060 0.000000
    24 0.397015 -0.435342 0.000801 0.000048 -0.000023 0.738962
    25 11.041739 0.003170 -0.000568 -0.236312 0.443766 0.331388
    26 -11.663242 0.094713 0.140656 -0.068591 0.018527 -0.015099
    27 0.610300 -0.939470 0.070347 -1.643524 0.126171 -0.103445
    28 0.639938 -0.199121 0.060192 -1.725499 0.107329 -0.056368
    29 0.600155 1.080260 -0.339535 -1.886121 0.608099 -0.143069
    30 0.610207 0.400743 -0.010098 -1.841435 0.292577 -0.068465
    31 0.658153 -0.658840 -0.275313 0.604538 0.695829 -0.864267
    32 -0.792125 0.203736 0.461304 1.439074 -0.003453 -0.018305
    33 0.610300 -0.939469 -0.070354 1.655238 0.140141 -0.175584
    34 0.639938 -0.199121 -0.060200 1.665909 0.130457 -0.066543
    35 0.600157 1.080260 0.339531 1.738023 -0.020766 0.107397
    36 0.610205 0.400743 0.010086 1.762268 0.061592 0.042920
    37 0.627906 -0.691394 0.232270 -0.314925 -0.552691 -0.950491
    38 -0.626031 -0.069982 -0.080517 -1.447153 0.086151 0.021559
    39 2.621377 -0.002532 -0.001438 -0.152669 -0.157147 0.283733
    40 2.660837 0.000397 -0.000071 -0.182535 -0.020282 0.603127
    41 2.202488 0.003364 -0.002863 0.128753 0.296810 -0.239483
    42 0.599950 0.959236 -0.300102 -0.174544 0.000000 0.000000
    43 2.557190 -0.001967 0.002453 0.009944 0.070561 0.349809
    44 2.098929 0.000032 -0.002193 -0.470073 0.122380 0.669975
    45 0.999378 -0.000238 -1.373437 0.000000 0.000000 0.000000
    46 -0.122641 -0.721855 0.661686 -0.486644 0.223964 0.243056
    47 2.622112 -0.000648 0.002741 -0.000001 0.000010 0.749682
    48 2.657909 0.000687 -0.000533 0.015025 -0.017542 0.921575
    49 2.200014 0.001663 0.000836 0.093660 -0.070398 0.385703
    50 0.599949 0.959244 0.300102 0.174544 0.000000 0.000000
    51 2.556571 -0.000385 0.000554 0.087032 -0.063206 0.626672
    52 2.103853 0.001708 -0.001011 0.274410 -0.236429 0.429333
    53 0.999376 -0.000240 1.260149 0.000000 0.000000 0.946859
    54 0.310848 -0.606446 -0.498005 0.308107 -0.197598 0.313975
    55 1.869163 -0.000835 -0.000994 -0.000007 0.000003 0.744440
    56 1.200941 0.399582 -0.000237 -0.009465 0.016087 0.007127
    57 0.000586 0.100342 -0.000319 -0.120035 -0.021926 -0.209617
    58 -0.161663 0.051712 0.194808 -2.941982 0.122408 -0.060194
    59 2.010090 -0.003202 -0.003377 0.000006 0.000037 1.419538
    60 0.000237 0.099800 -0.000395 -0.018823 0.010833 -0.239219
    61 -0.203197 0.048607 0.069150 -3.093332 0.033217 -0.046722
    62 1.180426 -0.002312 0.000781 0.000022 0.000036 0.769318
    63 -0.000196 0.099625 -0.000034 0.000000 0.000000 -0.314102
    64 -0.088737 -0.688435 -0.145203 2.930407 -0.136130 0.513013
    65 1.712069 -0.003328 0.003818 0.000011 -0.000009 1.011591
    66 -0.000576 0.100143 -0.000311 -0.010914 0.023131 -0.260843
    67 -0.146027 -0.232426 -0.014225 3.028455 -0.094299 0.113020
    68 1.290634 0.000361 -0.000036 0.000000 0.000000 0.250863
    69 -0.658119 -0.003576 0.072643 -0.142711 0.027792 -0.077299
    70 1.868078 -0.003049 0.002177 -0.000009 0.000075 1.338146
    71 1.200075 0.399942 -0.000093 0.009465 -0.016087 0.007127
    72 0.000589 0.100342 0.000319 0.120035 0.021926 -0.209617
    73 0.068073 0.002283 -0.080050 3.111376 -0.069366 -0.060847
    74 2.011874 -0.001179 0.002180 0.000023 0.000047 1.123149
    75 0.000233 0.099800 0.000395 0.018823 -0.010833 -0.239219
    76 -0.018673 -0.001009 0.047544 3.109244 0.002635 -0.106673
    77 1.178665 0.001595 0.000845 0.000006 -0.000001 0.213865
    78 -0.000196 0.099628 0.000034 0.000000 0.000000 -0.314102
    79 0.036894 -0.634449 0.266284 -2.801062 0.174301 0.490915
    80 1.708256 -0.002504 -0.000686 0.000050 -0.000025 1.024329
    81 -0.000580 0.100140 0.000311 0.010910 -0.023132 -0.260845
    82 -0.003952 -0.281811 0.115047 -3.059162 0.089004 0.167964
    83 1.289625 0.000042 0.000061 0.000034 0.000026 0.770861
    84 -0.171526 -0.018150 -0.099873 0.013484 -0.062184 -0.011781
    85 0.916622 0.003336 0.001326 0.000031 -0.000087 2.092587
    86 -0.342617 0.053402 -0.025571 -2.909301 -0.017248 0.075276
    87 1.100231 -0.000928 -0.002434 0.000009 0.000002 0.783105
    88 -0.384979 0.331001 0.006848 -3.087207 -0.018765 -0.184278
    89 0.678146 0.002286 -0.003905 -0.000006 -0.000007 0.099973
    90 -0.123848 0.072738 0.029507 2.898184 -0.060627 0.094835
    91 1.017166 -0.000154 -0.000252 -0.000011 -0.000038 0.143807
    92 -0.344990 0.123129 0.143151 2.994981 0.012396 0.059140
    93 -0.730989 0.177046 0.039141 -0.123731 0.076518 -0.084310
    94 0.921993 0.001298 -0.000896 -0.000002 -0.000011 0.517053
    95 -0.124023 -0.052090 0.038495 3.077813 -0.008519 0.039229
    96 1.100433 -0.003552 0.000502 -0.000006 0.000006 0.831327
    97 -0.330082 0.160639 0.042780 3.128073 0.034033 -0.171236
    98 0.679764 0.001532 0.003272 0.000002 0.000003 1.101868
    99 -0.019512 -0.016531 0.038578 -2.763781 0.050305 0.076829
    100 1.018891 0.001206 0.001121 0.000006 0.000007 0.550944
    101 -0.155308 0.130644 -0.021921 -3.022466 0.022433 -0.024902
    102 -0.252207 0.061937 -0.024914 -0.007671 -0.063171 -0.044392
    103 -0.085995 0.185205 -0.015180 -2.937063 -0.113970 -0.138991
    104 -0.286533 0.179852 0.024264 -3.109353 -0.049645 -0.029914
    105 -0.019482 0.147083 0.079203 2.893815 0.038585 -0.060594
    106 -0.046482 0.251896 0.129548 3.016165 0.077112 -0.042864
    107 0.039124 -0.040295 0.047739 3.084219 0.030470 -0.037414
    108 -0.233757 0.066630 0.001754 -3.133087 0.040141 -0.065412
    109 0.044266 0.020131 0.001684 -2.778763 -0.118872 -0.040488
    110 0.071495 0.074128 -0.048302 -3.035917 -0.059482 0.104366
    111 0.000000 0.000000 0.000000 0.000000 0.000000 -1.570796
    112 -3.718863 -16.844264 -3.144627 -2.035199 0.088549 0.754765
    113 0.000000 0.000000 0.000000 0.000000 0.000000 0.000000
    114 4.078249 -10.000305 -3.886837 -2.035187 0.089213 0.755950
    115 3.096000 0.000000 -1.996000 0.000000 0.000000 0.000000
    116 3.040999 0.000000 1.202000 0.000000 0.000000 0.000000
    117 7.854000 0.000000 -0.042000 0.000000 0.000000 0.000000
    118 13.105999 0.000000 -0.006000 0.000000 0.000000 -0.000013
    119 3.456000 0.000000 -1.084000 0.000000 0.000000 0.000000
    120 1.804000 0.000000 -1.025000 0.000000 0.000000 0.000000
    121 7.098000 0.000000 -1.084000 0.000000 0.000000 0.000000
    122 1.868000 1.809000 -1.975000 -2.218497 -0.017091 -0.465758
    123 3.740000 0.000000 1.273000 0.000000 0.000000 0.000000
    124 11.956999 0.000000 -0.006000 0.000000 0.000000 0.000013
    125 6.072001 0.000000 -1.238000 0.000000 0.000000 0.000000
    126 5.690000 -0.365000 0.068000 -0.000118 -0.348941 -1.570715
    127 6.396999 0.614000 0.428000 0.000000 0.000000 0.000000
    128 3.040999 0.000000 1.202000 0.000000 0.000000 0.000000
    129 3.720000 0.000000 1.202000 0.000000 0.000000 0.000000
    130 1.086000 -0.661000 -0.149000 0.000000 0.000000 0.000000
    131 1.067000 0.589000 0.076000 0.000000 0.000000 0.000000
    132 0.000000 -0.019000 0.000000 0.000000 0.000000 0.000000
    133 0.000000 -0.019000 0.000000 0.000000 0.000000 0.000000
    134 3.300000 -0.019000 1.346000 0.000000 0.000000 0.000000
    135 -1.524000 -1.859000 -4.367000 -1.730149 -0.014933 0.208109
    136 7.283999 0.000000 -2.195000 0.000000 0.000000 0.000000
    137 -1.323000 0.000000 0.184000 0.000000 0.000000 0.000000
    138 0.082000 0.000000 1.002000 0.000000 0.000000 0.000000
    139 15.529077 48.751488 41.099311 -2.178319 0.673952 2.632920
    140 0.478000 0.000000 -4.537000 0.000000 0.000000 0.000000
    141 3.436000 0.000000 1.202000 0.000000 0.000000 0.000000
    142 3.040999 0.000000 1.202000 0.000000 0.000000 0.000000
    143 4.657000 0.000000 1.545000 0.000000 0.000000 0.000000
    144 -0.403000 0.000000 -0.011000 0.000000 0.000000 0.000000
    145 1.781000 0.000000 0.873000 0.000000 0.000000 0.000000
    146 0.384000 0.715000 0.801000 0.000000 0.000000 0.000000
    147 1.795000 0.533000 -1.550000 0.000000 0.000000 0.000000
    148 4.435999 0.595000 -0.954000 0.000000 0.000000 0.000000
    149 4.401999 -0.614000 -1.630000 0.000000 0.000000 0.000000
    150 4.203000 -0.003000 -0.048000 0.000000 0.000000 0.000000
    151 5.136000 0.000000 1.534000 0.000000 0.000000 0.000000
    152 11.957001 0.000000 -0.006000 0.000000 0.000000 0.000013
    153 -2.103001 0.000000 0.000000 0.000000 0.000000 0.000000
    154 -0.598001 0.000000 -0.011000 0.000000 0.000000 0.000000
    155 0.496000 0.184000 -3.523000 0.000000 0.000000 0.000000
    156 0.147000 0.184000 -0.328000 0.000000 0.000000 0.000000
    157 0.147000 0.184000 0.023000 0.000000 0.000000 0.000000
    158 0.147000 0.184000 0.368000 0.000000 0.000000 0.000000
    159 0.147000 0.184000 0.717000 0.000000 0.000000 0.000000
    160 0.147000 0.184000 1.067000 0.000000 0.000000 0.000000
    161 0.148000 0.184000 1.414000 0.000000 0.000000 0.000000
    162 0.148000 -0.074000 1.640000 0.000000 0.000000 0.000000
    163 0.435000 0.184000 -3.179000 0.000000 0.000000 0.000000
    164 0.378000 0.184000 -2.826000 0.000000 0.000000 0.000000
    165 0.329000 0.184000 -2.477000 0.000000 0.000000 0.000000
    166 0.286000 0.184000 -2.127000 0.000000 0.000000 0.000000
    167 0.252000 0.184000 -1.775000 0.000000 0.000000 0.000000
    168 0.215000 0.184000 -1.417000 0.000000 0.000000 0.000000
    169 0.190000 0.184000 -1.064000 0.000000 0.000000 0.000000
    170 0.166000 0.184000 -0.714000 0.000000 0.000000 0.000000
    171 1.622000 0.000000 1.568000 0.000000 0.000000 0.000000
    172 2.240000 0.000000 1.568000 0.000000 0.000000 0.000000
    173 0.000000 0.000000 0.000000 0.000000 0.000000 0.000000
    174 0.000000 0.000000 -4.867001 3.141572 -0.003206 -3.128592
    175 1.000088 -0.000029 0.000000 0.000000 0.000000 0.000000
    176 17.162518 -0.000404 0.000000 0.000000 0.000000 0.119207
    177 17.749374 0.295515 0.000000 0.000000 0.000000 -1.158919
    178 5.413528 0.000347 0.000000 0.000000 0.000000 -0.518029
    179 0.017887 0.299792 0.000000 0.000000 0.000000 -0.059575
    180 9.999889 -0.000303 0.000000 0.000000 0.000000 0.000000
    181 0.000000 0.000000 4.867000 -3.141572 0.003206 -3.128592
    182 1.000088 -0.000029 0.000000 0.000000 0.000000 0.000000
    183 12.283573 1.581455 -4.695999 1.462269 -0.086726 0.090185
    184 17.162518 -0.000404 0.000000 0.000000 0.000000 0.119207
    185 17.749374 0.295515 0.000000 0.000000 0.000000 -1.158919
    186 5.413528 0.000347 0.000000 0.000000 0.000000 -0.518027
    187 0.017887 0.299792 0.000000 0.000000 0.000000 -0.059573
    188 9.499836 0.000212 0.000000 0.000000 0.000000 0.000000
    189 -1.145525 0.000130 0.000671 0.000000 0.000000 0.000000
    190 -0.857691 0.104071 0.104687 0.023536 0.163924 0.013632
    191 3.999430 -0.000528 -0.000332 -0.311159 0.000000 0.000000
    192 0.599499 0.400698 0.000236 0.000000 0.000000 0.000000
    193 0.599886 0.400186 -0.000027 0.000000 0.000000 0.000000
    194 2.299677 -2.499979 -0.599480 0.891898 0.221465 -0.527213
    195 3.236118 7.928046 -7.273608 1.631415 -0.623261 -1.609238
    196 -9.580679 -27.862108 -37.184677 0.812879 -0.123459 -0.568477
    197 0.649935 -0.548296 0.093658 -1.665913 -0.131399 -0.112062
    198 1.899127 0.000427 -0.000439 0.027386 -0.033311 0.477848
    199 0.657078 0.008400 0.040375 -1.665945 -0.131407 -0.000013
    200 1.799664 -0.000240 0.000231 0.027386 -0.033311 0.477848
    201 1.799664 -0.000240 0.000231 0.027386 -0.033311 0.477848
    202 1.799664 -0.000240 0.000231 0.027386 -0.033311 0.477848
    203 0.665774 0.747222 -0.029186 -1.665935 -0.131408 0.094976
    204 1.900306 -0.000137 -0.000517 0.027386 -0.033311 0.477848
    205 4.876855 -12.491551 10.637873 1.571440 1.561257 -3.118916
    206 3.999897 0.000040 0.001007 -0.116998 0.000000 0.000000
    207 0.600403 0.399632 -0.000469 0.000000 0.000000 3.141497
    208 0.599890 0.400186 0.000031 0.000000 0.000000 3.141593
    209 2.300137 -2.499413 0.600155 -0.891898 -0.221466 -0.527212
    210 0.876344 -12.142033 -3.785058 1.616966 0.402994 -1.772923
    211 2.762354 0.116951 1.523975 1.629482 0.064153 1.743800
    212 7.228317 7.928200 -3.925652 2.328713 0.123459 -0.568477
    213 0.650396 -0.547731 -0.092976 1.665913 0.131399 -0.112062
    214 1.899441 -0.000320 -0.000150 -0.027386 0.033311 0.477848
    215 0.657068 0.008398 -0.040379 1.665945 0.131407 -0.000013
    216 1.799659 -0.000233 -0.000233 -0.027386 0.033311 0.477848
    217 1.799659 -0.000233 -0.000233 -0.027386 0.033311 0.477848
    218 1.799659 -0.000233 -0.000233 -0.027386 0.033311 0.477848
    219 0.665778 0.747222 0.029179 1.665935 0.131408 0.094976
    220 1.900722 0.000549 -0.000072 -0.027386 0.033311 0.477848
    221 4.530998 0.000000 0.000000 0.000000 0.000000 0.000000
    222 4.527344 0.000000 0.000000 0.000000 0.000000 0.000000
    223 0.000000 0.000000 0.000000 0.000000 0.000000 0.000000
    224 0.000000 0.000000 0.000000 0.000000 0.000000 0.000000
    225 4.000000 -6.500000 0.000000 0.000000 0.000000 0.000977
    226 -6.500000 0.000000 0.000000 0.000000 1.570752 0.000000
    227 11.007917 4.070686 7.911530 -2.034849 0.088670 2.325734
    228 0.280000 -0.135000 2.196999 1.570796 0.000000 -1.570735
    229 0.000000 0.000000 0.000000 0.000000 0.000000 0.000000
    230 0.000000 0.000000 0.000000 0.028068 -0.016047 0.038471
    231 0.106000 0.000000 -64.320000 0.000000 0.000000 0.000000
    232 0.000000 0.000000 0.000000 0.000000 0.000000 0.000000
    233 -0.106000 0.000000 64.320000 0.000000 0.000000 0.000000
    234 0.003042 -0.001328 -64.319374 0.000009 0.000084 -3.141638
    235 0.000000 0.000000 0.000000 -0.000303 0.000193 -0.000090
    236 1.688000 -0.001000 -1.454002 0.000000 0.000000 0.000000
    237 -1.070999 -0.005000 0.545002 0.000000 0.000000 0.000000
    238 5.895000 0.750997 -0.156000 0.000000 0.000000 0.000000
    239 11.599999 -0.000003 -1.500002 0.000000 0.000000 0.000000
    240 1.037001 1.337997 -4.334000 -2.791227 -0.162411 -0.765711
    241 7.216001 -0.000003 -1.579000 0.000000 0.000000 0.000000
    242 4.445999 -0.000003 -1.500000 0.000000 0.000000 0.000000
    243 0.673937 -0.015635 -4.768713 -3.141592 -1.281051 3.141593
    244 0.094999 -0.144000 0.332001 0.000000 0.000000 0.000000
    245 14.209020 0.000022 0.766988 0.000000 0.000000 0.000000
    246 0.000000 0.000000 0.000000 1.570800 0.000000 -1.570796
  time 13
    0 0.000000 0.000000 0.000000 0.000000 0.000000 -1.570796
    1 -0.106750 -0.000001 -0.000351 0.000000 0.000000 0.000000
    2 0.000000 0.000000 0.000000 0.000000 0.000000 0.000000
    3 -0.904000 0.000000 -11.806000 0.000000 0.000000 0.000000
    4 0.000000 0.000000 -14.313999 1.570807 -1.570729 0.000000
    5 3.533001 0.000000 0.000000 0.000000 0.000000 0.000000
    6 6.250000 0.000000 0.000000 0.000000 0.000000 0.000000
    7 3.756273 7.109617 -1.944020 -1.162261 1.546716 -1.162346
    8 9.580670 0.050808 2.944063 1.483011 -1.461567 -1.483500
    9 5.786820 0.002787 -0.000113 -1.796206 0.530413 -1.508822
    10 5.999492 -0.000592 -4.000343 0.000000 0.000000 0.000000
    11 5.787410 0.002582 0.000893 0.082322 0.200318 -0.840079
    12 5.999492 -0.000592 4.000340 0.000000 0.000000 0.000000
    13 0.500225 0.000133 -0.000084 0.724518 0.000000 0.000000
    14 11.530657 0.000349 -0.001308 -0.000005 0.000009 -2.146589
    15 -0.829338 0.893824 0.079659 -0.148839 0.047645 0.087266
    16 0.500225 0.000132 0.000072 0.471048 0.000000 0.000000
    17 11.532495 0.000526 0.003814 0.000006 -0.000010 -1.438841
    18 -0.829586 0.894698 -0.079468 0.045377 -0.019621 0.087266
    19 10.599886 0.000105 -0.000553 -0.240965 0.000000 0.000000
    20 1.107977 -0.599409 -0.000805 0.000000 0.000011 1.072160
    21 11.042053 0.003717 0.000798 -0.546255 -0.450601 0.952053
    22 -11.814724 0.424524 -0.297680 0.247998 -0.066121 -0.042695
    23 10.599878 0.000105 0.000549 -0.222124 0.000000 0.000000
    24 0.365764 -0.415811 0.000801 0.000000 -0.000011 0.719350
    25 11.041739 0.003170 -0.000568 -0.226586 0.426906 0.295151
    26 -11.663242 0.094713 0.140656 -0.068591 0.018527 -0.015099
    27 0.610300 -0.939470 0.070347 -1.643474 0.126171 -0.103445
    28 0.639938 -0.199121 0.060192 -1.725499 0.107329 -0.056356
    29 0.600155 1.080260 -0.339535 -1.886121 0.608099 -0.143069
    30 0.610207 0.400743 -0.010098 -1.841435 0.292589 -0.068465
    31 0.658153 -0.658840 -0.275313 0.604538 0.695829 -0.864267
    32 -0.792125 0.203736 0.461304 1.439074 -0.003453 -0.018305
    33 0.610300 -0.939469 -0.070354 1.655238 0.140141 -0.175584
    34 0.639938 -0.199121 -0.060200 1.665909 0.130373 -0.066555
    35 0.600157 1.080260 0.339531 1.738023 -0.020766 0.107397
    36 0.610205 0.400743 0.010086 1.762268 0.061592 0.042920
    37 0.627906 -0.691394 0.232270 -0.314925 -0.552691 -0.950491
    38 -0.626031 -0.069982 -0.080517 -1.447153 0.086151 0.021559
    39 2.621377 -0.002532 -0.001438 -0.152669 -0.157147 0.283733
    40 2.660837 0.000397 -0.000071 -0.182535 -0.020300 0.603127
    41 2.202488 0.003364 -0.002863 0.128733 0.296810 -0.239483
    42 0.599950 0.959236 -0.300102 -0.174544 0.000000 0.000000
    43 2.557190 -0.001967 0.002453 0.009944 0.070579 0.349809
    44 2.098929 0.000032 -0.002193 -0.470094 0.122363 0.669933
    45 0.999378 -0.000238 -1.373437 0.000000 0.000000 0.000000
    46 -0.122641 -0.721855 0.661686 -0.486644 0.223964 0.243056
    47 2.622112 -0.000648 0.002741 -0.000001 0.000010 0.746118
    48 2.657909 0.000687 -0.000533 0.015091 -0.017482 0.917351
    49 2.200014 0.001663 0.000836 0.093924 -0.070051 0.381951
    50 0.599949 0.959244 0.300102 0.174544 0.000000 0.000000
    51 2.556571 -0.000385 0.000554 0.087299 -0.062848 0.622447
    52 2.103853 0.001708 -0.001011 0.274383 -0.236477 0.429437
    53 0.999376 -0.000240 1.260149 0.000000 0.000000 0.946859
    54 0.310848 -0.606446 -0.498005 0.308107 -0.197598 0.313975
    55 1.869163 -0.000835 -0.000994 -0.000007 0.000003 0.744498
    56 1.200941 0.399582 -0.000237 -0.009465 0.016087 0.007127
    57 0.000586 0.100342 -0.000319 -0.120035 -0.021926 -0.209617
    58 -0.161663 0.051712 0.194808 -2.941982 0.122408 -0.060194
    59 2.010090 -0.003202 -0.003377 0.000006 0.000048 1.419538
    60 0.000237 0.099800 -0.000395 -0.018823 0.010833 -0.239219
    61 -0.203197 0.048607 0.069150 -3.093332 0.033217 -0.046722
    62 1.180426 -0.002312 0.000781 0.000034 0.000024 0.769318
    63 -0.000196 0.099625 -0.000034 0.000000 0.000000 -0.314102
    64 -0.088737 -0.688435 -0.145203 2.930407 -0.136130 0.513013
    65 1.712069 -0.003328 0.003818 0.000011 -0.000009 1.011591
    66 -0.000576 0.100143 -0.000311 -0.010914 0.023131 -0.260843
    67 -0.146027 -0.232426 -0.014225 3.028455 -0.094299 0.113020
    68 1.290634 0.000361 -0.000036 0.000000 0.000000 0.250863
    69 -0.658119 -0.003576 0.072643 -0.142711 0.027792 -0.077299
    70 1.868078 -0.003049 0.002177 0.000003 0.000063 1.334516
    71 1.200075 0.399942 -0.000093 0.009465 -0.016087 0.007127
    72 0.000589 0.100342 0.000319 0.120035 0.021926 -0.209617
    73 0.068073 0.002283 -0.080050 3.111376 -0.069366 -0.060847
    74 2.011874 -0.001179 0.002180 0.000023 0.000035 1.119885
    75 0.000233 0.099800 0.000395 0.018823 -0.010833 -0.239219
    76 -0.018673 -0.001009 0.047544 3.109244 0.002635 -0.106673
    77 1.178665 0.001595 0.000845 0.000006 -0.000001 0.210610
    78 -0.000196 0.099628 0.000034 0.000000 0.000000 -0.314102
    79 0.036894 -0.634449 0.266284 -2.801062 0.174301 0.490915
    80 1.708256 -0.002504 -0.000686 0.000038 -0.000013 1.021387
    81 -0.000580 0.100140 0.000311 0.010910 -0.023132 -0.260845
    82 -0.003952 -0.281811 0.115047 -3.059162 0.089004 0.167964
    83 1.289625 0.000042 0.000061 0.000034 0.000026 0.770763
    84 -0.171526 -0.018150 -0.099873 0.013484 -0.062184 -0.011781
    85 0.916622 0.003336 0.001326 0.000031 -0.000075 2.092587
    86 -0.342617 0.053402 -0.025571 -2.909301 -0.017248 0.075276
    87 1.100231 -0.000928 -0.002434 0.000009 0.000002 0.783046
    88 -0.384979 0.331001 0.006848 -3.087207 -0.018765 -0.184278
    89 0.678146 0.002286 -0.003905 -0.000006 -0.000007 0.099973
    90 -0.123848 0.072738 0.029507 2.898184 -0.060627 0.094835
    91 1.017166 -0.000154 -0.000252 -0.000011 -0.000038 0.143759
    92 -0.344990 0.123129 0.143151 2.994981 0.012396 0.059140
    93 -0.730989 0.177046 0.039141 -0.123731 0.076518 -0.084310
    94 0.921993 0.001298 -0.000896 -0.000002 -0.000011 0.512590
    95 -0.124023 -0.052090 0.038495 3.077813 -0.008519 0.039229
    96 1.100433 -0.003552 0.000502 -0.000006 0.000006 0.826857
    97 -0.330082 0.160639 0.042780 3.128073 0.034033 -0.171236
    98 0.679764 0.001532 0.003272 0.000002 -0.000009 1.097378
    99 -0.019512 -0.016531 0.038578 -2.763781 0.050305 0.076829
    100 1.018891 0.001206 0.001121 0.000006 -0.000005 0.546248
    101 -0.155308 0.130644 -0.021921 -3.022466 0.022433 -0.024902
    102 -0.252207 0.061937 -0.024914 -0.007671 -0.063171 -0.044392
    103 -0.085995 0.185205 -0.015180 -2.937063 -0.113970 -0.138991
    104 -0.286533 0.179852 0.024264 -3.109353 -0.049645 -0.029914
    105 -0.019482 0.147083 0.079203 2.893815 0.038585 -0.060594
    106 -0.046482 0.251896 0.129548 3.016165 0.077112 -0.042864
    107 0.039124 -0.040295 0.047739 3.084219 0.030470 -0.037414
    108 -0.233757 0.066630 0.001754 -3.133087 0.040141 -0.065412
    109 0.044266 0.020131 0.001684 -2.778763 -0.118872 -0.040488
    110 0.071495 0.074128 -0.048302 -3.035917 -0.059482 0.104366
    111 0.000000 0.000000 0.000000 0.000000 0.000000 -1.570796
    112 -3.597766 -16.984893 -3.066500 -2.008461 0.101834 0.775091
    113 0.000000 0.000000 0.000000 0.000000 0.000000 0.000000
    114 4.050905 -9.976867 -3.957152 -2.008270 0.102404 0.776274
    115 3.096000 0.000000 -1.996000 0.000000 0.000000 0.000000
    116 3.040999 0.000000 1.202000 0.000000 0.000000 0.000000
    117 7.854000 0.000000 -0.042000 0.000000 0.000000 0.000000
    118 13.105999 0.000000 -0.006000 0.000000 0.000000 -0.000013
    119 3.456000 0.000000 -1.084000 0.000000 0.000000 0.000000
    120 1.804000 0.000000 -1.025000 0.000000 0.000000 0.000000
    121 7.098000 0.000000 -1.084000 0.000000 0.000000 0.000000
    122 1.868000 1.809000 -1.975000 -2.218497 -0.017091 -0.465758
    123 3.740000 0.000000 1.273000 0.000000 0.000000 0.000000
    124 11.956999 0.000000 -0.006000 0.000000 0.000000 0.000013
    125 6.072001 0.000000 -1.238000 0.000000 0.000000 0.000000
    126 5.690000 -0.365000 0.068000 -0.000118 -0.348941 -1.570715
    127 6.396999 0.614000 0.428000 0.000000 0.000000 0.000000
    128 3.040999 0.000000 1.202000 0.000000 0.000000 0.000000
    129 3.720000 0.000000 1.202000 0.000000 0.000000 0.000000
    130 1.086000 -0.661000 -0.149000 0.000000 0.000000 0.000000
    131 1.067000 0.589000 0.076000 0.000000 0.000000 0.000000
    132 0.000000 -0.019000 0.000000 0.000000 0.000000 0.000000
    133 0.000000 -0.019000 0.000000 0.000000 0.000000 0.000000
    134 3.300000 -0.019000 1.346000 0.000000 0.000000 0.000000
    135 -1.524000 -1.859000 -4.367000 -1.730149 -0.014933 0.208109
    136 7.283999 0.000000 -2.195000 0.000000 0.000000 0.000000
    137 -1.323000 0.000000 0.184000 0.000000 0.000000 0.000000
    138 0.082000 0.000000 1.002000 0.000000 0.000000 0.000000
    139 16.618954 49.618702 39.513325 -2.135961 0.664683 2.656086
    140 0.478000 0.000000 -4.537000 0.000000 0.000000 0.000000
    141 3.436000 0.000000 1.202000 0.000000 0.000000 0.000000
    142 3.040999 0.000000 1.202000 0.000000 0.000000 0.000000
    143 4.657000 0.000000 1.545000 0.000000 0.000000 0.000000
    144 -0.403000 0.000000 -0.011000 0.000000 0.000000 0.000000
    145 1.781000 0.000000 0.873000 0.000000 0.000000 0.000000
    146 0.384000 0.715000 0.801000 0.000000 0.000000 0.000000
    147 1.795000 0.533000 -1.550000 0.000000 0.000000 0.000000
    148 4.435999 0.595000 -0.954000 0.000000 0.000000 0.000000
    149 4.401999 -0.614000 -1.630000 0.000000 0.000000 0.000000
    150 4.203000 -0.003000 -0.048000 0.000000 0.000000 0.000000
    151 5.136000 0.000000 1.534000 0.000000 0.000000 0.000000
    152 11.957001 0.000000 -0.006000 0.000000 0.000000 0.000013
    153 -2.103001 0.000000 0.000000 0.000000 0.000000 0.000000
    154 -0.598001 0.000000 -0.011000 0.000000 0.000000 0.000000
    155 0.496000 0.184000 -3.523000 0.000000 0.000000 0.000000
    156 0.147000 0.184000 -0.328000 0.000000 0.000000 0.000000
    157 0.147000 0.184000 0.023000 0.000000 0.000000 0.000000
    158 0.147000 0.184000 0.368000 0.000000 0.000000 0.000000
    159 0.147000 0.184000 0.717000 0.000000 0.000000 0.000000
    160 0.147000 0.184000 1.067000 0.000000 0.000000 0.000000
    161 0.148000 0.184000 1.414000 0.000000 0.000000 0.000000
    162 0.148000 -0.074000 1.640000 0.000000 0.000000 0.000000
    163 0.435000 0.184000 -3.179000 0.000000 0.000000 0.000000
    164 0.378000 0.184000 -2.826000 0.000000 0.000000 0.000000
    165 0.329000 0.184000 -2.477000 0.000000 0.000000 0.000000
    166 0.286000 0.184000 -2.127000 0.000000 0.000000 0.000000
    167 0.252000 0.184000 -1.775000 0.000000 0.000000 0.000000
    168 0.215000 0.184000 -1.417000 0.000000 0.000000 0.000000
    169 0.190000 0.184000 -1.064000 0.000000 0.000000 0.000000
    170 0.166000 0.184000 -0.714000 0.000000 0.000000 0.000000
    171 1.622000 0.000000 1.568000 0.000000 0.000000 0.000000
    172 2.240000 0.000000 1.568000 0.000000 0.000000 0.000000
    173 0.000000 0.000000 0.000000 0.000000 0.000000 0.000000
    174 0.000000 0.000000 -4.867001 3.141572 -0.003206 -3.128592
    175 1.000088 -0.000029 0.000000 0.000000 0.000000 0.000000
    176 17.162518 -0.000404 0.000000 0.000000 0.000000 0.119207
    177 17.749374 0.295515 0.000000 0.000000 0.000000 -1.158919
    178 5.413528 0.000347 0.000000 0.000000 0.000000 -0.518029
    179 0.017887 0.299792 0.000000 0.000000 0.000000 -0.059575
    180 9.999889 -0.000303 0.000000 0.000000 0.000000 0.000000
    181 0.000000 0.000000 4.867000 -3.141572 0.003206 -3.128592
    182 1.000088 -0.000029 0.000000 0.000000 0.000000 0.000000
    183 12.283573 1.581455 -4.695999 1.462269 -0.086726 0.090185
    184 17.162518 -0.000404 0.000000 0.000000 0.000000 0.119207
    185 17.749374 0.295515 0.000000 0.000000 0.000000 -1.158919
    186 5.413528 0.000347 0.000000 0.000000 0.000000 -0.518027
    187 0.017887 0.299792 0.000000 0.000000 0.000000 -0.059573
    188 9.499836 0.000212 0.000000 0.000000 0.000000 0.000000
    189 -1.145525 0.000130 0.000671 0.000000 0.000000 0.000000
    190 -0.857691 0.104071 0.104687 0.023536 0.163924 0.013632
    191 3.999430 -0.000528 -0.000332 -0.301222 0.000000 0.000000
    192 0.599499 0.400698 0.000236 0.000000 0.000000 0.000000
    193 0.599886 0.400186 -0.000027 0.000000 0.000000 0.000000
    194 2.299677 -2.499979 -0.599480 0.891898 0.221465 -0.527213
    195 3.236118 7.928046 -7.273608 1.631415 -0.623261 -1.609238
    196 -9.580679 -27.862108 -37.184677 0.812879 -0.123459 -0.568477
    197 0.649935 -0.548296 0.093658 -1.665913 -0.131399 -0.112062
    198 1.899127 0.000427 -0.000439 0.027386 -0.033311 0.477848
    199 0.657078 0.008400 0.040375 -1.665945 -0.131407 -0.000013
    200 1.799664 -0.000240 0.000231 0.027386 -0.033311 0.477848
    201 1.799664 -0.000240 0.000231 0.027386 -0.033311 0.477848
    202 1.799664 -0.000240 0.000231 0.027386 -0.033311 0.477848
    203 0.665774 0.747222 -0.029186 -1.665935 -0.131408 0.094976
    204 1.900306 -0.000137 -0.000517 0.027386 -0.033311 0.477848
    205 4.876855 -12.491551 10.637873 1.571727 1.561257 -3.118629
    206 3.999897 0.000040 0.001007 -0.111056 0.000000 -0.000060
    207 0.600403 0.399632 -0.000469 0.000000 0.000000 3.141593
    208 0.599890 0.400186 0.000031 0.000000 0.000000 3.141497
    209 2.300137 -2.499413 0.600155 -0.891898 -0.221466 -0.527212
    210 0.876344 -12.142033 -3.785058 1.617062 0.403022 -1.772923
    211 2.762354 0.116951 1.523975 1.629482 0.064153 1.743800
    212 7.228317 7.928200 -3.925652 2.328713 0.123459 -0.568477
    213 0.650396 -0.547731 -0.092976 1.665913 0.131399 -0.112062
    214 1.899441 -0.000320 -0.000150 -0.027386 0.033311 0.477848
    215 0.657068 0.008398 -0.040379 1.665945 0.131407 -0.000013
    216 1.799659 -0.000233 -0.000233 -0.027386 0.033311 0.477848
    217 1.799659 -0.000233 -0.000233 -0.027386 0.033311 0.477848
    218 1.799659 -0.000233 -0.000233 -0.027386 0.033311 0.477848
    219 0.665778 0.747222 0.029179 1.665935 0.131408 0.094976
    220 1.900722 0.000549 -0.000072 -0.027386 0.033311 0.477848
    221 4.530998 0.000000 0.000000 0.000000 0.000000 0.000000
    222 4.527344 0.000000 0.000000 0.000000 0.000000 0.000000
    223 0.000000 0.000000 0.000000 0.000000 0.000000 0.000000
    224 0.000000 0.000000 0.000000 0.000000 0.000000 0.000000
    225 4.000000 -6.500000 0.000000 0.000000 0.000000 0.000977
    226 -6.500000 0.000000 0.000000 0.000000 1.570752 0.000000
    227 11.004010 4.043341 7.841215 -2.008112 0.101997 2.346060
    228 0.280000 -0.135000 2.196999 1.570796 0.000000 -1.570735
    229 0.000000 0.000000 0.000000 0.000000 0.000000 0.000000
    230 0.000000 0.000000 0.000000 0.041898 -0.009384 0.048765
    231 0.106000 0.000000 -64.320000 0.000000 0.000000 0.000000
    232 0.000000 0.000000 0.000000 0.000000 0.000000 0.000000
    233 -0.106000 0.000000 64.320000 0.000000 0.000000 0.000000
    234 0.003042 -0.001328 -64.319374 0.000009 0.000084 -3.141638
    235 0.000000 0.000000 0.000000 -0.000303 0.000193 -0.000090
    236 1.688000 -0.001000 -1.454002 0.000000 0.000000 0.000000
    237 -1.070999 -0.005000 0.545002 0.000000 0.000000 0.000000
    238 5.895000 0.750997 -0.156000 0.000000 0.000000 0.000000
    239 11.599999 -0.000003 -1.500002 0.000000 0.000000 0.000000
    240 1.037001 1.337997 -4.334000 -2.791227 -0.162411 -0.765711
    241 7.216001 -0.000003 -1.579000 0.000000 0.000000 0.000000
    242 4.445999 -0.000003 -1.500000 0.000000 0.000000 0.000000
    243 0.673937 -0.015635 -4.768713 -3.141592 -1.281051 3.141593
    244 0.094999 -0.144000 0.332001 0.000000 0.000000 0.000000
    245 14.209020 0.000022 0.766988 0.000000 0.000000 0.000000
    246 0.000000 0.000000 0.000000 1.570800 0.000000 -1.570796
  time 14
    0 0.000000 0.000000 0.000000 0.000000 0.000000 -1.570796
    1 -0.106750 -0.000001 -0.000351 0.000000 0.000000 0.000000
    2 0.000000 0.000000 0.000000 0.000000 0.000000 0.000000
    3 -0.904000 0.000000 -11.806000 0.000000 0.000000 0.000000
    4 0.000000 0.000000 -14.313999 1.570807 -1.570729 0.000000
    5 3.533001 0.000000 0.000000 0.000000 0.000000 0.000000
    6 6.250000 0.000000 0.000000 0.000000 0.000000 0.000000
    7 3.756273 7.109617 -1.944020 -1.163599 1.546669 -1.163684
    8 9.580670 0.132842 2.944063 1.484334 -1.459677 -1.484841
    9 5.786820 0.002787 -0.000113 -1.797926 0.559322 -1.530696
    10 5.999492 -0.000592 -4.000343 0.000000 0.000000 0.000000
    11 5.787410 0.002582 0.000893 0.068825 0.228560 -0.864268
    12 5.999492 -0.000592 4.000340 0.000000 0.000000 0.000000
    13 0.500225 0.000133 -0.000084 0.717057 0.000000 0.000000
    14 11.530657 0.000349 -0.001308 0.000103 -0.000051 -2.169219
    15 -0.829338 0.893824 0.079659 -0.148839 0.047645 0.087266
    16 0.500225 0.000132 0.000072 0.502240 0.000000 0.000000
    17 11.532495 0.000526 0.003814 0.000006 -0.000010 -1.391798
    18 -0.829586 0.894698 -0.079468 0.045377 -0.019621 0.087266
    19 10.599886 0.000105 -0.000553 -0.240813 0.000000 -0.000024
    20 1.123602 -0.595503 -0.000805 0.000000 0.000011 1.084577
    21 11.042053 0.003717 0.000798 -0.570121 -0.502598 0.973670
    22 -11.814724 0.424524 -0.297680 0.247998 -0.066121 -0.042695
    23 10.599878 0.000105 0.000549 -0.226755 0.000000 -0.000060
    24 0.330607 -0.392372 0.000801 0.000000 -0.000011 0.695861
    25 11.041739 0.003170 -0.000568 -0.231420 0.387186 0.253339
    26 -11.663242 0.094713 0.140656 -0.068591 0.018527 -0.015099
    27 0.610300 -0.939470 0.070347 -1.643474 0.126171 -0.103445
    28 0.639938 -0.199121 0.060192 -1.725499 0.107341 -0.056356
    29 0.600155 1.080260 -0.339535 -1.886121 0.608099 -0.143081
    30 0.610207 0.400743 -0.010098 -1.841435 0.292589 -0.068465
    31 0.658153 -0.658840 -0.275313 0.604538 0.695806 -0.864304
    32 -0.792125 0.203736 0.461304 1.439074 -0.003453 -0.018305
    33 0.610300 -0.939469 -0.070354 1.655238 0.140141 -0.175584
    34 0.639938 -0.199121 -0.060200 1.665909 0.130289 -0.066567
    35 0.600157 1.080260 0.339531 1.738023 -0.020766 0.107397
    36 0.610205 0.400743 0.010086 1.762268 0.061592 0.042920
    37 0.627906 -0.691394 0.232270 -0.314925 -0.552691 -0.950491
    38 -0.626031 -0.069982 -0.080517 -1.447153 0.086151 0.021559
    39 2.621377 -0.002532 -0.001438 -0.152669 -0.157147 0.283733
    40 2.660837 0.000397 -0.000071 -0.182535 -0.020300 0.603127
    41 2.202488 0.003364 -0.002863 0.128733 0.296786 -0.239483
    42 0.599950 0.959236 -0.300102 -0.174544 0.000000 0.000000
    43 2.557190 -0.001967 0.002453 0.009944 0.070596 0.349809
    44 2.098929 0.000032 -0.002193 -0.470094 0.122363 0.669890
    45 0.999378 -0.000238 -1.369531 0.000000 0.000000 0.000000
    46 -0.122641 -0.721855 0.661686 -0.486644 0.223964 0.243056
    47 2.622112 -0.000648 0.002741 -0.000001 0.000010 0.742554
    48 2.657909 0.000687 -0.000533 0.015173 -0.017423 0.913128
    49 2.200014 0.001663 0.000836 0.094187 -0.069715 0.378200
    50 0.599949 0.959244 0.300102 0.174544 0.000000 0.000000
    51 2.556571 -0.000385 0.000554 0.087551 -0.062477 0.618222
    52 2.103853 0.001708 -0.001011 0.274356 -0.236537 0.429540
    53 0.999376 -0.000240 1.256242 0.000000 0.000000 0.946859
    54 0.310848 -0.606446 -0.498005 0.308107 -0.197598 0.313975
    55 1.869163 -0.000835 -0.000994 -0.000007 0.000003 0.744498
    56 1.200941 0.399582 -0.000237 -0.009465 0.016087 0.007127
    57 0.000586 0.100342 -0.000319 -0.120035 -0.021926 -0.209617
    58 -0.161663 0.051712 0.194808 -2.941982 0.122408 -0.060194
    59 2.010090 -0.003202 -0.003377 0.000006 0.000048 1.419538
    60 0.000237 0.099800 -0.000395 -0.018823 0.010833 -0.239219
    61 -0.203197 0.048607 0.069150 -3.093332 0.033217 -0.046722
    62 1.180426 -0.002312 0.000781 0.000034 0.000012 0.769318
    63 -0.000196 0.099625 -0.000034 0.000000 0.000000 -0.314102
    64 -0.088737 -0.688435 -0.145203 2.930407 -0.136130 0.513013
    65 1.712069 -0.003328 0.003818 0.000011 -0.000009 1.011591
    66 -0.000576 0.100143 -0.000311 -0.010914 0.023131 -0.260843
    67 -0.146027 -0.232426 -0.014225 3.028455 -0.094299 0.113020
    68 1.290634 0.000361 -0.000036 0.000000 0.000000 0.250863
    69 -0.658119 -0.003576 0.072643 -0.142711 0.027792 -0.077299
    70 1.868078 -0.003049 0.002177 0.000015 0.000039 1.330885
    71 1.200075 0.399942 -0.000093 0.009465 -0.016087 0.007127
    72 0.000589 0.100342 0.000319 0.120035 0.021926 -0.209617
    73 0.068073 0.002283 -0.080050 3.111376 -0.069366 -0.060847
    74 2.011874 -0.001179 0.002180 0.000011 0.000035 1.116621
    75 0.000233 0.099800 0.000395 0.018823 -0.010833 -0.239219
    76 -0.018673 -0.001009 0.047544 3.109244 0.002635 -0.106673
    77 1.178665 0.001595 0.000845 0.000006 -0.000001 0.207356
    78 -0.000196 0.099628 0.000034 0.000000 0.000000 -0.314102
    79 0.036894 -0.634449 0.266284 -2.801062 0.174301 0.490915
    80 1.708256 -0.002504 -0.000686 0.000026 -0.000013 1.018445
    81 -0.000580 0.100140 0.000311 0.010910 -0.023132 -0.260845
    82 -0.003952 -0.281811 0.115047 -3.059162 0.089004 0.167964
    83 1.289625 0.000042 0.000061 0.000046 0.000026 0.770633
    84 -0.171526 -0.018150 -0.099873 0.013484 -0.062184 -0.011781
    85 0.916622 0.003336 0.001326 0.000031 -0.000075 2.092587
    86 -0.342617 0.053402 -0.025571 -2.909301 -0.017248 0.075276
    87 1.100231 -0.000928 -0.002434 0.000009 0.000002 0.782986
    88 -0.384979 0.331001 0.006848 -3.087207 -0.018765 -0.184278
    89 0.678146 0.002286 -0.003905 -0.000006 -0.000007 0.099973
    90 -0.123848 0.072738 0.029507 2.898184 -0.060627 0.094835
    91 1.017166 -0.000154 -0.000252 -0.000011 -0.000050 0.143711
    92 -0.344990 0.123129 0.143151 2.994981 0.012396 0.059140
    93 -0.730989 0.177046 0.039141 -0.123731 0.076518 -0.084310
    94 0.921993 0.001298 -0.000896 -0.000002 -0.000011 0.508127
    95 -0.124023 -0.052090 0.038495 3.077813 -0.008519 0.039229
    96 1.100433 -0.003552 0.000502 -0.000006 0.000006 0.822333
    97 -0.330082 0.160639 0.042780 3.128073 0.034033 -0.171236
    98 0.679764 0.001532 0.003272 -0.000010 -0.000009 1.092943
    99 -0.019512 -0.016531 0.038578 -2.763781 0.050305 0.076829
    100 1.018891 0.001206 0.001121 0.000006 -0.000005 0.541551
    101 -0.155308 0.130644 -0.021921 -3.022466 0.022433 -0.024902
    102 -0.252207 0.061937 -0.024914 -0.007671 -0.063171 -0.044392
    103 -0.085995 0.185205 -0.015180 -2.937063 -0.113970 -0.138991
    104 -0.286533 0.179852 0.024264 -3.109353 -0.049645 -0.029914
    105 -0.019482 0.147083 0.079203 2.893815 0.038585 -0.060594
    106 -0.046482 0.251896 0.129548 3.016165 0.077112 -0.042864
    107 0.039124 -0.040295 0.047739 3.084219 0.030470 -0.037414
    108 -0.233757 0.066630 0.001754 -3.133087 0.040141 -0.065412
    109 0.044266 0.020131 0.001684 -2.778763 -0.118872 -0.040488
    110 0.071495 0.074128 -0.048302 -3.035917 -0.059482 0.104366
    111 0.000000 0.000000 0.000000 0.000000 0.000000 -1.570796
    112 -3.429792 -17.133335 -2.933683 -1.962501 0.125559 0.790382
    113 0.000000 0.000000 0.000000 0.000000 0.000000 0.000000
    114 4.086062 -10.062807 -4.086062 -1.962363 0.126060 0.790352
    115 3.096000 0.000000 -1.996000 0.000000 0.000000 0.000000
    116 3.040999 0.000000 1.202000 0.000000 0.000000 0.000000
    117 7.854000 0.000000 -0.042000 0.000000 0.000000 0.000000
    118 13.105999 0.000000 -0.006000 0.000000 0.000000 -0.000013
    119 3.456000 0.000000 -1.084000 0.000000 0.000000 0.000000
    120 1.804000 0.000000 -1.025000 0.000000 0.000000 0.000000
    121 7.098000 0.000000 -1.084000 0.000000 0.000000 0.000000
    122 1.868000 1.809000 -1.975000 -2.218497 -0.017091 -0.465758
    123 3.740000 0.000000 1.273000 0.000000 0.000000 0.000000
    124 11.956999 0.000000 -0.006000 0.000000 0.000000 0.000013
    125 6.072001 0.000000 -1.238000 0.000000 0.000000 0.000000
    126 5.690000 -0.365000 0.068000 -0.000118 -0.348941 -1.570715
    127 6.396999 0.614000 0.428000 0.000000 0.000000 0.000000
    128 3.040999 0.000000 1.202000 0.000000 0.000000 0.000000
    129 3.720000 0.000000 1.202000 0.000000 0.000000 0.000000
    130 1.086000 -0.661000 -0.149000 0.000000 0.000000 0.000000
    131 1.067000 0.589000 0.076000 0.000000 0.000000 0.000000
    132 0.000000 -0.019000 0.000000 0.000000 0.000000 0.000000
    133 0.000000 -0.019000 0.000000 0.000000 0.000000 0.000000
    134 3.300000 -0.019000 1.346000 0.000000 0.000000 0.000000
    135 -1.524000 -1.859000 -4.367000 -1.730149 -0.014933 0.208109
    136 7.283999 0.000000 -2.195000 0.000000 0.000000 0.000000
    137 -1.323000 0.000000 0.184000 0.000000 0.000000 0.000000
    138 0.082000 0.000000 1.002000 0.000000 0.000000 0.000000
    139 18.244003 50.849208 36.974185 -2.072423 0.664021 2.679728
    140 0.478000 0.000000 -4.537000 0.000000 0.000000 0.000000
    141 3.436000 0.000000 1.202000 0.000000 0.000000 0.000000
    142 3.040999 0.000000 1.202000 0.000000 0.000000 0.000000
    143 4.657000 0.000000 1.545000 0.000000 0.000000 0.000000
    144 -0.403000 0.000000 -0.011000 0.000000 0.000000 0.000000
    145 1.781000 0.000000 0.873000 0.000000 0.000000 0.000000
    146 0.384000 0.715000 0.801000 0.000000 0.000000 0.000000
    147 1.795000 0.533000 -1.550000 0.000000 0.000000 0.000000
    148 4.435999 0.595000 -0.954000 0.000000 0.000000 0.000000
    149 4.401999 -0.614000 -1.630000 0.000000 0.000000 0.000000
    150 4.203000 -0.003000 -0.048000 0.000000 0.000000 0.000000
    151 5.136000 0.000000 1.534000 0.000000 0.000000 0.000000
    152 11.957001 0.000000 -0.006000 0.000000 0.000000 0.000013
    153 -2.103001 0.000000 0.000000 0.000000 0.000000 0.000000
    154 -0.598001 0.000000 -0.011000 0.000000 0.000000 0.000000
    155 0.496000 0.184000 -3.523000 0.000000 0.000000 0.000000
    156 0.147000 0.184000 -0.328000 0.000000 0.000000 0.000000
    157 0.147000 0.184000 0.023000 0.000000 0.000000 0.000000
    158 0.147000 0.184000 0.368000 0.000000 0.000000 0.000000
    159 0.147000 0.184000 0.717000 0.000000 0.000000 0.000000
    160 0.147000 0.184000 1.067000 0.000000 0.000000 0.000000
    161 0.148000 0.184000 1.414000 0.000000 0.000000 0.000000
    162 0.148000 -0.074000 1.640000 0.000000 0.000000 0.000000
    163 0.435000 0.184000 -3.179000 0.000000 0.000000 0.000000
    164 0.378000 0.184000 -2.826000 0.000000 0.000000 0.000000
    165 0.329000 0.184000 -2.477000 0.000000 0.000000 0.000000
    166 0.286000 0.184000 -2.127000 0.000000 0.000000 0.000000
    167 0.252000 0.184000 -1.775000 0.000000 0.000000 0.000000
    168 0.215000 0.184000 -1.417000 0.000000 0.000000 0.000000
    169 0.190000 0.184000 -1.064000 0.000000 0.000000 0.000000
    170 0.166000 0.184000 -0.714000 0.000000 0.000000 0.000000
    171 1.622000 0.000000 1.568000 0.000000 0.000000 0.000000
    172 2.240000 0.000000 1.568000 0.000000 0.000000 0.000000
    173 0.000000 0.000000 0.000000 0.000000 0.000000 0.000000
    174 0.000000 0.000000 -4.867001 3.141572 -0.003206 -3.128592
    175 1.000088 -0.000029 0.000000 0.000000 0.000000 0.000000
    176 17.162518 -0.000404 0.000000 0.000000 0.000000 0.119207
    177 17.749374 0.295515 0.000000 0.000000 0.000000 -1.158919
    178 5.413528 0.000347 0.000000 0.000000 0.000000 -0.518029
    179 0.017887 0.299792 0.000000 0.000000 0.000000 -0.059575
    180 9.999889 -0.000303 0.000000 0.000000 0.000000 0.000000
    181 0.000000 0.000000 4.867000 -3.141572 0.003206 -3.128592
    182 1.000088 -0.000029 0.000000 0.000000 0.000000 0.000000
    183 12.283573 1.581455 -4.695999 1.462269 -0.086726 0.090185
    184 17.162518 -0.000404 0.000000 0.000000 0.000000 0.119207
    185 17.749374 0.295515 0.000000 0.000000 0.000000 -1.158919
    186 5.413528 0.000347 0.000000 0.000000 0.000000 -0.518027
    187 0.017887 0.299792 0.000000 0.000000 0.000000 -0.059573
    188 9.499836 0.000212 0.000000 0.000000 0.000000 0.000000
    189 -1.145525 0.000130 0.000671 0.000000 0.000000 0.000000
    190 -0.857691 0.104071 0.104687 0.023536 0.163924 0.013632
    191 3.999430 -0.000528 -0.000332 -0.301022 0.000000 0.000000
    192 0.599499 0.400698 0.000236 0.000000 0.000000 0.000000
    193 0.599886 0.400186 -0.000027 0.000000 0.000000 0.000000
    194 2.299677 -2.499979 -0.599480 0.891898 0.221465 -0.527213
    195 3.236118 7.928046 -7.273608 1.631511 -0.623261 -1.609238
    196 -9.580679 -27.862108 -37.184677 0.812879 -0.123459 -0.568477
    197 0.649935 -0.548296 0.093658 -1.665913 -0.131399 -0.112062
    198 1.899127 0.000427 -0.000439 0.027386 -0.033311 0.477848
    199 0.657078 0.008400 0.040375 -1.665945 -0.131407 -0.000013
    200 1.799664 -0.000240 0.000231 0.027386 -0.033311 0.477848
    201 1.799664 -0.000240 0.000231 0.027386 -0.033311 0.477848
    202 1.799664 -0.000240 0.000231 0.027386 -0.033311 0.477848
    203 0.665774 0.747222 -0.029186 -1.665935 -0.131408 0.094976
    204 1.900306 -0.000137 -0.000517 0.027386 -0.033311 0.477848
    205 4.876855 -12.491551 10.637873 1.572015 1.561257 -3.118149
    206 3.999897 0.000040 0.001007 -0.113372 0.000000 0.000000
    207 0.600403 0.399632 -0.000469 0.000000 0.000000 -3.141496
    208 0.599890 0.400186 0.000031 0.000000 0.000000 3.141593
    209 2.300137 -2.499413 0.600155 -0.891898 -0.221466 -0.527212
    210 0.872437 -12.142033 -3.785058 1.617158 0.403049 -1.772923
    211 2.762354 0.116951 1.523975 1.629482 0.064153 1.743800
    212 7.228317 7.928200 -3.925652 2.328713 0.123459 -0.568477
    213 0.650396 -0.547731 -0.092976 1.665913 0.131399 -0.112062
    214 1.899441 -0.000320 -0.000150 -0.027386 0.033311 0.477848
    215 0.657068 0.008398 -0.040379 1.665945 0.131407 -0.000013
    216 1.799659 -0.000233 -0.000233 -0.027386 0.033311 0.477848
    217 1.799659 -0.000233 -0.000233 -0.027386 0.033311 0.477848
    218 1.799659 -0.000233 -0.000233 -0.027386 0.033311 0.477848
    219 0.665778 0.747222 0.029179 1.665935 0.131408 0.094976
    220 1.900722 0.000549 -0.000072 -0.027386 0.033311 0.477848
    221 4.530998 0.000000 0.000000 0.000000 0.000000 0.000000
    222 4.527344 0.000000 0.000000 0.000000 0.000000 0.000000
    223 0.000000 0.000000 0.000000 0.000000 0.000000 0.000000
    224 0.000000 0.000000 0.000000 0.000000 0.000000 0.000000
    225 4.000000 -6.500000 0.000000 0.000000 0.000000 0.000977
    226 -6.500000 0.000000 0.000000 0.000000 1.570752 0.000000
    227 11.058699 4.090218 7.716212 -1.962238 0.125675 2.361258
    228 0.280000 -0.135000 2.196999 1.570796 0.000000 -1.570735
    229 0.000000 0.000000 0.000000 0.000000 0.000000 0.000000
    230 0.000000 0.000000 0.000000 0.031304 -0.013710 0.045685
    231 0.106000 0.000000 -64.320000 0.000000 0.000000 0.000000
    232 0.000000 0.000000 0.000000 0.000000 0.000000 0.000000
    233 -0.106000 0.000000 64.320000 0.000000 0.000000 0.000000
    234 0.003042 -0.001328 -64.319374 0.000009 0.000084 -3.141638
    235 0.000000 0.000000 0.000000 -0.000303 0.000193 -0.000090
    236 1.688000 -0.001000 -1.454002 0.000000 0.000000 0.000000
    237 -1.070999 -0.005000 0.545002 0.000000 0.000000 0.000000
    238 5.895000 0.750997 -0.156000 0.000000 0.000000 0.000000
    239 11.599999 -0.000003 -1.500002 0.000000 0.000000 0.000000
    240 1.037001 1.337997 -4.334000 -2.791227 -0.162411 -0.765711
    241 7.216001 -0.000003 -1.579000 0.000000 0.000000 0.000000
    242 4.445999 -0.000003 -1.500000 0.000000 0.000000 0.000000
    243 0.673937 -0.015635 -4.768713 -3.141592 -1.281051 3.141593
    244 0.094999 -0.144000 0.332001 0.000000 0.000000 0.000000
    245 14.209020 0.000022 0.766988 0.000000 0.000000 0.000000
    246 0.000000 0.000000 0.000000 1.570800 0.000000 -1.570796
  time 15
    0 0.000000 0.000000 0.000000 0.000000 0.000000 -1.570796
    1 -0.106750 -0.000001 -0.000351 0.000000 0.000000 0.000000
    2 0.000000 0.000000 0.000000 0.000000 0.000000 0.000000
    3 -0.904000 0.000000 -11.806000 0.000000 0.000000 0.000000
    4 0.000000 0.000000 -14.313999 1.570807 -1.570729 0.000000
    5 3.533001 0.000000 0.000000 0.000000 0.000000 0.000000
    6 6.250000 0.000000 0.000000 0.000000 0.000000 0.000000
    7 3.756273 7.109617 -1.944020 -1.164842 1.546574 -1.165021
    8 9.580670 0.293003 2.936250 1.486791 -1.456553 -1.487331
    9 5.786820 0.002787 -0.000113 -1.799934 0.584842 -1.549062
    10 5.999492 -0.000592 -4.000343 0.000000 0.000000 0.000000
    11 5.787410 0.002582 0.000893 0.054595 0.247859 -0.895252
    12 5.999492 -0.000592 4.000340 0.000000 0.000000 0.000000
    13 0.500225 0.000133 -0.000084 0.709596 0.000000 0.000000
    14 11.530657 0.000349 -0.001308 -0.000065 0.000033 -2.185176
    15 -0.829338 0.893824 0.079659 -0.148839 0.047645 0.087266
    16 0.500225 0.000132 0.000072 0.533432 0.000000 0.000000
    17 11.532495 0.000526 0.003814 0.000006 -0.000010 -1.335784
    18 -0.829586 0.894698 -0.079468 0.045377 -0.019621 0.087266
    19 10.599886 0.000105 -0.000553 -0.237135 0.000000 0.000000
    20 1.143134 -0.595503 -0.000805 -0.000024 0.000023 1.091251
    21 11.042053 0.003717 0.000798 -0.586355 -0.544244 0.978513
    22 -11.814724 0.424524 -0.297680 0.247998 -0.066121 -0.042695
    23 10.599878 0.000105 0.000549 -0.231211 0.000000 0.000000
    24 0.295450 -0.372841 0.000801 0.000000 -0.000011 0.667950
    25 11.041739 0.003170 -0.000568 -0.237419 0.364107 0.209367
    26 -11.663242 0.094713 0.140656 -0.068591 0.018527 -0.015099
    27 0.610300 -0.939470 0.070347 -1.643474 0.126183 -0.103445
    28 0.639938 -0.199121 0.060192 -1.725499 0.107353 -0.056344
    29 0.600155 1.080260 -0.339535 -1.886121 0.608099 -0.143081
    30 0.610207 0.400743 -0.010098 -1.841435 0.292601 -0.068465
    31 0.658153 -0.658840 -0.275313 0.604508 0.695806 -0.864304
    32 -0.792125 0.203736 0.461304 1.439074 -0.003453 -0.018305
    33 0.610300 -0.939469 -0.070354 1.655238 0.140141 -0.175584
    34 0.639938 -0.199121 -0.060200 1.665909 0.130217 -0.066579
    35 0.600157 1.080260 0.339531 1.738023 -0.020766 0.107409
    36 0.610205 0.400743 0.010086 1.762268 0.061592 0.042920
    37 0.627906 -0.691394 0.232270 -0.314925 -0.552671 -0.950491
    38 -0.626031 -0.069982 -0.080517 -1.447153 0.086151 0.021559
    39 2.621377 -0.002532 -0.001438 -0.152669 -0.157147 0.283733
    40 2.660837 0.000397 -0.000071 -0.182512 -0.020300 0.603127
    41 2.202488 0.003364 -0.002863 0.128733 0.296786 -0.239439
    42 0.599950 0.959236 -0.300102 -0.174544 0.000000 0.000000
    43 2.557190 -0.001967 0.002453 0.009944 0.070596 0.349809
    44 2.098929 0.000032 -0.002193 -0.470094 0.122345 0.669848
    45 0.999378 -0.000238 -1.369531 0.000000 0.000000 0.000000
    46 -0.122641 -0.721855 0.661686 -0.486644 0.223964 0.243056
    47 2.622112 -0.000648 0.002741 -0.000001 0.000010 0.738954
    48 2.657909 0.000687 -0.000533 0.015238 -0.017363 0.908905
    49 2.200014 0.001663 0.000836 0.094451 -0.069368 0.374449
    50 0.599949 0.959244 0.300102 0.174544 0.000000 0.000000
    51 2.556571 -0.000385 0.000554 0.087817 -0.062105 0.614030
    52 2.103853 0.001708 -0.001011 0.274330 -0.236585 0.429643
    53 0.999376 -0.000240 1.256242 0.000000 0.000000 0.946859
    54 0.310848 -0.606446 -0.498005 0.308107 -0.197598 0.313975
    55 1.869163 -0.000835 -0.000994 -0.000007 0.000003 0.744498
    56 1.200941 0.399582 -0.000237 -0.009465 0.016087 0.007127
    57 0.000586 0.100342 -0.000319 -0.120035 -0.021926 -0.209617
    58 -0.161663 0.051712 0.194808 -2.941982 0.122408 -0.060194
    59 2.010090 -0.003202 -0.003377 0.000006 0.000060 1.419538
    60 0.000237 0.099800 -0.000395 -0.018823 0.010833 -0.239219
    61 -0.203197 0.048607 0.069150 -3.093332 0.033217 -0.046722
    62 1.180426 -0.002312 0.000781 0.000034 0.000012 0.769318
    63 -0.000196 0.099625 -0.000034 0.000000 0.000000 -0.314102
    64 -0.088737 -0.688435 -0.145203 2.930407 -0.136130 0.513013
    65 1.712069 -0.003328 0.003818 0.000011 -0.000009 1.011591
    66 -0.000576 0.100143 -0.000311 -0.010914 0.023131 -0.260843
    67 -0.146027 -0.232426 -0.014225 3.028455 -0.094299 0.113020
    68 1.290634 0.000361 -0.000036 0.000000 0.000000 0.250863
    69 -0.658119 -0.003576 0.072643 -0.142711 0.027792 -0.077299
    70 1.868078 -0.003049 0.002177 0.000027 0.000015 1.327297
    71 1.200075 0.399942 -0.000093 0.009465 -0.016087 0.007127
    72 0.000589 0.100342 0.000319 0.120035 0.021926 -0.209617
    73 0.068073 0.002283 -0.080050 3.111376 -0.069366 -0.060847
    74 2.011874 -0.001179 0.002180 0.000011 0.000023 1.113357
    75 0.000233 0.099800 0.000395 0.018823 -0.010833 -0.239219
    76 -0.018673 -0.001009 0.047544 3.109244 0.002635 -0.106673
    77 1.178665 0.001595 0.000845 0.000006 -0.000001 0.204101
    78 -0.000196 0.099628 0.000034 0.000000 0.000000 -0.314102
    79 0.036894 -0.634449 0.266284 -2.801062 0.174301 0.490915
    80 1.708256 -0.002504 -0.000686 0.000026 -0.000013 1.015503
    81 -0.000580 0.100140 0.000311 0.010910 -0.023132 -0.260845
    82 -0.003952 -0.281811 0.115047 -3.059162 0.089004 0.167964
    83 1.289625 0.000042 0.000061 0.000046 0.000026 0.770502
    84 -0.171526 -0.018150 -0.099873 0.013484 -0.062184 -0.011781
    85 0.916622 0.003336 0.001326 0.000031 -0.000063 2.092587
    86 -0.342617 0.053402 -0.025571 -2.909301 -0.017248 0.075276
    87 1.100231 -0.000928 -0.002434 0.000009 0.000002 0.782927
    88 -0.384979 0.331001 0.006848 -3.087207 -0.018765 -0.184278
    89 0.678146 0.002286 -0.003905 -0.000006 -0.000007 0.099973
    90 -0.123848 0.072738 0.029507 2.898184 -0.060627 0.094835
    91 1.017166 -0.000154 -0.000252 -0.000011 -0.000050 0.143663
    92 -0.344990 0.123129 0.143151 2.994981 0.012396 0.059140
    93 -0.730989 0.177046 0.039141 -0.123731 0.076518 -0.084310
    94 0.921993 0.001298 -0.000896 -0.000002 -0.000011 0.503634
    95 -0.124023 -0.052090 0.038495 3.077813 -0.008519 0.039229
    96 1.100433 -0.003552 0.000502 -0.000006 0.000006 0.817863
    97 -0.330082 0.160639 0.042780 3.128073 0.034033 -0.171236
    98 0.679764 0.001532 0.003272 -0.000010 -0.000021 1.088453
    99 -0.019512 -0.016531 0.038578 -2.763781 0.050305 0.076829
    100 1.018891 0.001206 0.001121 -0.000006 -0.000017 0.536854
    101 -0.155308 0.130644 -0.021921 -3.022466 0.022433 -0.024902
    102 -0.252207 0.061937 -0.024914 -0.007671 -0.063171 -0.044392
    103 -0.085995 0.185205 -0.015180 -2.937063 -0.113970 -0.138991
    104 -0.286533 0.179852 0.024264 -3.109353 -0.049645 -0.029914
    105 -0.019482 0.147083 0.079203 2.893815 0.038585 -0.060594
    106 -0.046482 0.251896 0.129548 3.016165 0.077112 -0.042864
    107 0.039124 -0.040295 0.047739 3.084219 0.030470 -0.037414
    108 -0.233757 0.066630 0.001754 -3.133087 0.040141 -0.065412
    109 0.044266 0.020131 0.001684 -2.778763 -0.118872 -0.040488
    110 0.071495 0.074128 -0.048302 -3.035917 -0.059482 0.104366
    111 0.000000 0.000000 0.000000 0.000000 0.000000 -1.570796
    112 -3.234474 -17.309122 -2.824305 -1.932181 0.145020 0.806326
    113 0.000000 0.000000 0.000000 0.000000 0.000000 0.000000
    114 4.156377 -10.121403 -4.187628 -1.932036 0.145736 0.806201
    115 3.096000 0.000000 -1.996000 0.000000 0.000000 0.000000
    116 3.040999 0.000000 1.202000 0.000000 0.000000 0.000000
    117 7.854000 0.000000 -0.042000 0.000000 0.000000 0.000000
    118 13.105999 0.000000 -0.006000 0.000000 0.000000 -0.000013
    119 3.456000 0.000000 -1.084000 0.000000 0.000000 0.000000
    120 1.804000 0.000000 -1.025000 0.000000 0.000000 0.000000
    121 7.098000 0.000000 -1.084000 0.000000 0.000000 0.000000
    122 1.868000 1.809000 -1.975000 -2.218497 -0.017091 -0.465758
    123 3.740000 0.000000 1.273000 0.000000 0.000000 0.000000
    124 11.956999 0.000000 -0.006000 0.000000 0.000000 0.000013
    125 6.072001 0.000000 -1.238000 0.000000 0.000000 0.000000
    126 5.690000 -0.365000 0.068000 -0.000118 -0.348941 -1.570715
    127 6.396999 0.614000 0.428000 0.000000 0.000000 0.000000
    128 3.040999 0.000000 1.202000 0.000000 0.000000 0.000000
    129 3.720000 0.000000 1.202000 0.000000 0.000000 0.000000
    130 1.086000 -0.661000 -0.149000 0.000000 0.000000 0.000000
    131 1.067000 0.589000 0.076000 0.000000 0.000000 0.000000
    132 0.000000 -0.019000 0.000000 0.000000 0.000000 0.000000
    133 0.000000 -0.019000 0.000000 0.000000 0.000000 0.000000
    134 3.300000 -0.019000 1.346000 0.000000 0.000000 0.000000
    135 -1.524000 -1.859000 -4.367000 -1.730149 -0.014933 0.208109
    136 7.283999 0.000000 -2.195000 0.000000 0.000000 0.000000
    137 -1.323000 0.000000 0.184000 0.000000 0.000000 0.000000
    138 0.082000 0.000000 1.002000 0.000000 0.000000 0.000000
    139 19.619045 51.485946 35.243664 -2.028261 0.656692 2.694444
    140 0.478000 0.000000 -4.537000 0.000000 0.000000 0.000000
    141 3.436000 0.000000 1.202000 0.000000 0.000000 0.000000
    142 3.040999 0.000000 1.202000 0.000000 0.000000 0.000000
    143 4.657000 0.000000 1.545000 0.000000 0.000000 0.000000
    144 -0.403000 0.000000 -0.011000 0.000000 0.000000 0.000000
    145 1.781000 0.000000 0.873000 0.000000 0.000000 0.000000
    146 0.384000 0.715000 0.801000 0.000000 0.000000 0.000000
    147 1.795000 0.533000 -1.550000 0.000000 0.000000 0.000000
    148 4.435999 0.595000 -0.954000 0.000000 0.000000 0.000000
    149 4.401999 -0.614000 -1.630000 0.000000 0.000000 0.000000
    150 4.203000 -0.003000 -0.048000 0.000000 0.000000 0.000000
    151 5.136000 0.000000 1.534000 0.000000 0.000000 0.000000
    152 11.957001 0.000000 -0.006000 0.000000 0.000000 0.000013
    153 -2.103001 0.000000 0.000000 0.000000 0.000000 0.000000
    154 -0.598001 0.000000 -0.011000 0.000000 0.000000 0.000000
    155 0.496000 0.184000 -3.523000 0.000000 0.000000 0.000000
    156 0.147000 0.184000 -0.328000 0.000000 0.000000 0.000000
    157 0.147000 0.184000 0.023000 0.000000 0.000000 0.000000
    158 0.147000 0.184000 0.368000 0.000000 0.000000 0.000000
    159 0.147000 0.184000 0.717000 0.000000 0.000000 0.000000
    160 0.147000 0.184000 1.067000 0.000000 0.000000 0.000000
    161 0.148000 0.184000 1.414000 0.000000 0.000000 0.000000
    162 0.148000 -0.074000 1.640000 0.000000 0.000000 0.000000
    163 0.435000 0.184000 -3.179000 0.000000 0.000000 0.000000
    164 0.378000 0.184000 -2.826000 0.000000 0.000000 0.000000
    165 0.329000 0.184000 -2.477000 0.000000 0.000000 0.000000
    166 0.286000 0.184000 -2.127000 0.000000 0.000000 0.000000
    167 0.252000 0.184000 -1.775000 0.000000 0.000000 0.000000
    168 0.215000 0.184000 -1.417000 0.000000 0.000000 0.000000
    169 0.190000 0.184000 -1.064000 0.000000 0.000000 0.000000
    170 0.166000 0.184000 -0.714000 0.000000 0.000000 0.000000
    171 1.622000 0.000000 1.568000 0.000000 0.000000 0.000000
    172 2.240000 0.000000 1.568000 0.000000 0.000000 0.000000
    173 0.000000 0.000000 0.000000 0.000000 0.000000 0.000000
    174 0.000000 0.000000 -4.867001 3.141572 -0.003206 -3.128592
    175 1.000088 -0.000029 0.000000 0.000000 0.000000 0.000000
    176 17.162518 -0.000404 0.000000 0.000000 0.000000 0.119207
    177 17.749374 0.295515 0.000000 0.000000 0.000000 -1.158919
    178 5.413528 0.000347 0.000000 0.000000 0.000000 -0.518029
    179 0.017887 0.299792 0.000000 0.000000 0.000000 -0.059575
    180 9.999889 -0.000303 0.000000 0.000000 0.000000 0.000000
    181 0.000000 0.000000 4.867000 -3.141572 0.003206 -3.128592
    182 1.000088 -0.000029 0.000000 0.000000 0.000000 0.000000
    183 12.283573 1.581455 -4.695999 1.462269 -0.086726 0.090185
    184 17.162518 -0.000404 0.000000 0.000000 0.000000 0.119207
    185 17.749374 0.295515 0.000000 0.000000 0.000000 -1.158919
    186 5.413528 0.000347 0.000000 0.000000 0.000000 -0.518027
    187 0.017887 0.299792 0.000000 0.000000 0.000000 -0.059573
    188 9.499836 0.000212 0.000000 0.000000 0.000000 0.000000
    189 -1.145525 0.000130 0.000671 0.000000 0.000000 0.000000
    190 -0.857691 0.104071 0.104687 0.023536 0.163924 0.013632
    191 3.999430 -0.000528 -0.000332 -0.296405 0.000000 0.000000
    192 0.599499 0.400698 0.000236 0.000000 0.000000 0.000000
    193 0.599886 0.400186 -0.000027 0.000000 0.000000 0.000000
    194 2.299677 -2.499979 -0.599480 0.891898 0.221465 -0.527213
    195 3.236118 7.928046 -7.273608 1.631511 -0.623261 -1.609330
    196 -9.580679 -27.862108 -37.184677 0.812879 -0.123459 -0.568477
    197 0.649935 -0.548296 0.093658 -1.665913 -0.131399 -0.112062
    198 1.899127 0.000427 -0.000439 0.027386 -0.033311 0.477848
    199 0.657078 0.008400 0.040375 -1.665945 -0.131407 -0.000013
    200 1.799664 -0.000240 0.000231 0.027386 -0.033311 0.477848
    201 1.799664 -0.000240 0.000231 0.027386 -0.033311 0.477848
    202 1.799664 -0.000240 0.000231 0.027386 -0.033311 0.477848
    203 0.665774 0.747222 -0.029186 -1.665935 -0.131408 0.094976
    204 1.900306 -0.000137 -0.000517 0.027386 -0.033311 0.477848
    205 4.880761 -12.491551 10.637873 1.572206 1.561257 -3.117862
    206 3.999897 0.000040 0.001007 -0.115644 0.000060 0.000000
    207 0.600403 0.399632 -0.000469 0.000000 0.000000 -3.141592
    208 0.599890 0.400186 0.000031 0.000000 0.000000 3.141593
    209 2.300137 -2.499413 0.600155 -0.891898 -0.221466 -0.527212
    210 0.872437 -12.142033 -3.785058 1.617158 0.403049 -1.772977
    211 2.762354 0.116951 1.523975 1.629482 0.064153 1.743800
    212 7.228317 7.928200 -3.925652 2.328713 0.123459 -0.568477
    213 0.650396 -0.547731 -0.092976 1.665913 0.131399 -0.112062
    214 1.899441 -0.000320 -0.000150 -0.027386 0.033311 0.477848
    215 0.657068 0.008398 -0.040379 1.665945 0.131407 -0.000013
    216 1.799659 -0.000233 -0.000233 -0.027386 0.033311 0.477848
    217 1.799659 -0.000233 -0.000233 -0.027386 0.033311 0.477848
    218 1.799659 -0.000233 -0.000233 -0.027386 0.033311 0.477848
    219 0.665778 0.747222 0.029179 1.665935 0.131408 0.094976
    220 1.900722 0.000549 -0.000072 -0.027386 0.033311 0.477848
    221 4.530998 0.000000 0.000000 0.000000 0.000000 0.000000
    222 4.527344 0.000000 0.000000 0.000000 0.000000 0.000000
    223 0.000000 0.000000 0.000000 0.000000 0.000000 0.000000
    224 0.000000 0.000000 0.000000 0.000000 0.000000 0.000000
    225 4.000000 -6.500000 0.000000 0.000000 0.000000 0.000977
    226 -6.500000 0.000000 0.000000 0.000000 1.570752 0.000000
    227 11.136827 4.156626 7.610740 -1.931918 0.145177 2.377295
    228 0.280000 -0.135000 2.196999 1.570796 0.000000 -1.570735
    229 0.000000 0.000000 0.000000 0.000000 0.000000 0.000000
    230 0.000000 0.000000 0.000000 0.032874 -0.012907 0.042701
    231 0.106000 0.000000 -64.320000 0.000000 0.000000 0.000000
    232 0.000000 0.000000 0.000000 0.000000 0.000000 0.000000
    233 -0.106000 0.000000 64.320000 0.000000 0.000000 0.000000
    234 0.003042 -0.001328 -64.319374 0.000009 0.000084 -3.141638
    235 0.000000 0.000000 0.000000 -0.000303 0.000193 -0.000090
    236 1.688000 -0.001000 -1.454002 0.000000 0.000000 0.000000
    237 -1.070999 -0.005000 0.545002 0.000000 0.000000 0.000000
    238 5.895000 0.750997 -0.156000 0.000000 0.000000 0.000000
    239 11.599999 -0.000003 -1.500002 0.000000 0.000000 0.000000
    240 1.037001 1.337997 -4.334000 -2.791227 -0.162411 -0.765711
    241 7.216001 -0.000003 -1.579000 0.000000 0.000000 0.000000
    242 4.445999 -0.000003 -1.500000 0.000000 0.000000 0.000000
    243 0.673937 -0.015635 -4.768713 -3.141592 -1.281051 3.141593
    244 0.094999 -0.144000 0.332001 0.000000 0.000000 0.000000
    245 14.209020 0.000022 0.766988 0.000000 0.000000 0.000000
    246 0.000000 0.000000 0.000000 1.570800 0.000000 -1.570796
  time 16
    0 0.000000 0.000000 0.000000 0.000000 0.000000 -1.570796
    1 -0.106750 -0.000001 -0.000351 0.000000 0.000000 0.000000
    2 0.000000 0.000000 0.000000 0.000000 0.000000 0.000000
    3 -0.904000 0.000000 -11.806000 0.000000 0.000000 0.000000
    4 0.000000 0.000000 -14.313999 1.570807 -1.570729 0.000000
    5 3.533001 0.000000 0.000000 0.000000 0.000000 0.000000
    6 6.250000 0.000000 0.000000 0.000000 0.000000 0.000000
    7 3.756273 7.109617 -1.944020 -1.166180 1.546527 -1.166264
    8 9.580670 0.449257 2.928437 1.489059 -1.453356 -1.489630
    9 5.786820 0.002787 -0.000113 -1.800890 0.602822 -1.564106
    10 5.999492 -0.000592 -4.000343 0.000000 0.000000 0.000000
    11 5.787410 0.002582 0.000893 0.039998 0.254026 -0.932396
    12 5.999492 -0.000592 4.000340 0.000000 0.000000 0.000000
    13 0.500225 0.000133 -0.000084 0.702134 0.000000 0.000000
    14 11.530657 0.000349 -0.001308 0.000055 0.000117 -2.195992
    15 -0.829338 0.893824 0.079659 -0.148839 0.047645 0.087266
    16 0.500225 0.000132 0.000072 0.558360 0.000000 0.000000
    17 11.532495 0.000526 0.003814 0.000006 -0.000010 -1.270312
    18 -0.829586 0.894698 -0.079468 0.045377 -0.019621 0.087266
    19 10.599886 0.000105 -0.000553 -0.226553 0.000000 0.000000
    20 1.158759 -0.595503 -0.000805 -0.000048 0.000035 1.097951
    21 11.042053 0.003717 0.000798 -0.580903 -0.575776 0.960690
    22 -11.814724 0.424524 -0.297680 0.247998 -0.066121 -0.042695
    23 10.599878 0.000105 0.000549 -0.232347 0.000000 -0.000060
    24 0.264199 -0.353309 0.000801 0.000012 0.000049 0.635101
    25 11.041739 0.003170 -0.000568 -0.241728 0.366515 0.161841
    26 -11.663242 0.094713 0.140656 -0.068591 0.018527 -0.015099
    27 0.610300 -0.939470 0.070347 -1.643474 0.126183 -0.103433
    28 0.639938 -0.199121 0.060192 -1.725499 0.107353 -0.056344
    29 0.600155 1.080260 -0.339535 -1.886121 0.608099 -0.143093
    30 0.610207 0.400743 -0.010098 -1.841435 0.292601 -0.068465
    31 0.658153 -0.658840 -0.271407 0.604538 0.695806 -0.864304
    32 -0.792125 0.203736 0.461304 1.439074 -0.003453 -0.018305
    33 0.610300 -0.939469 -0.070354 1.655238 0.140141 -0.175584
    34 0.639938 -0.199121 -0.060200 1.665909 0.130133 -0.066579
    35 0.600157 1.080260 0.339531 1.738023 -0.020766 0.107409
    36 0.610205 0.400743 0.010086 1.762268 0.061592 0.042920
    37 0.627906 -0.691394 0.232270 -0.314925 -0.552671 -0.950528
    38 -0.626031 -0.069982 -0.080517 -1.447153 0.086151 0.021559
    39 2.621377 -0.002532 -0.001438 -0.152669 -0.157147 0.283733
    40 2.660837 0.000397 -0.000071 -0.182512 -0.020300 0.603127
    41 2.202488 0.003364 -0.002863 0.128733 0.296762 -0.239439
    42 0.599950 0.959236 -0.300102 -0.174544 0.000000 0.000000
    43 2.557190 -0.001967 0.002453 0.009944 0.070614 0.349809
    44 2.098929 0.000032 -0.002193 -0.470115 0.122345 0.669806
    45 0.999378 -0.000238 -1.369531 0.000000 0.000000 0.000000
    46 -0.122641 -0.721855 0.661686 -0.486644 0.223964 0.243056
    47 2.622112 -0.000648 0.002741 -0.000001 0.000010 0.735390
    48 2.657909 0.000687 -0.000533 0.015304 -0.017303 0.904682
    49 2.200014 0.001663 0.000836 0.094703 -0.069020 0.370698
    50 0.599949 0.959244 0.300102 0.174544 0.000000 0.000000
    51 2.556571 -0.000385 0.000554 0.088070 -0.061734 0.609805
    52 2.103853 0.001708 -0.001011 0.274303 -0.236633 0.429730
    53 0.999376 -0.000240 1.256242 0.000000 0.000000 0.946859
    54 0.310848 -0.606446 -0.498005 0.308107 -0.197598 0.313975
    55 1.869163 -0.000835 -0.000994 -0.000007 0.000003 0.744498
    56 1.200941 0.399582 -0.000237 -0.009465 0.016087 0.007127
    57 0.000586 0.100342 -0.000319 -0.120035 -0.021926 -0.209617
    58 -0.161663 0.051712 0.194808 -2.941982 0.122408 -0.060194
    59 2.010090 -0.003202 -0.003377 0.000006 0.000072 1.419538
    60 0.000237 0.099800 -0.000395 -0.018823 0.010833 -0.239219
    61 -0.203197 0.048607 0.069150 -3.093332 0.033217 -0.046722
    62 1.180426 -0.002312 0.000781 0.000046 0.000000 0.769318
    63 -0.000196 0.099625 -0.000034 0.000000 0.000000 -0.314102
    64 -0.088737 -0.688435 -0.145203 2.930407 -0.136130 0.513013
    65 1.712069 -0.003328 0.003818 0.000011 -0.000009 1.011591
    66 -0.000576 0.100143 -0.000311 -0.010914 0.023131 -0.260843
    67 -0.146027 -0.232426 -0.014225 3.028455 -0.094299 0.113020
    68 1.290634 0.000361 -0.000036 0.000000 0.000000 0.250863
    69 -0.658119 -0.003576 0.072643 -0.142711 0.027792 -0.077299
    70 1.868078 -0.003049 0.002177 0.000039 0.000003 1.323667
    71 1.200075 0.399942 -0.000093 0.009465 -0.016087 0.007127
    72 0.000589 0.100342 0.000319 0.120035 0.021926 -0.209617
    73 0.068073 0.002283 -0.080050 3.111376 -0.069366 -0.060847
    74 2.011874 -0.001179 0.002180 0.000011 0.000011 1.110093
    75 0.000233 0.099800 0.000395 0.018823 -0.010833 -0.239219
    76 -0.018673 -0.001009 0.047544 3.109244 0.002635 -0.106673
    77 1.178665 0.001595 0.000845 0.000006 -0.000001 0.200846
    78 -0.000196 0.099628 0.000034 0.000000 0.000000 -0.314102
    79 0.036894 -0.634449 0.266284 -2.801062 0.174301 0.490915
    80 1.708256 -0.002504 -0.000686 0.000014 -0.000001 1.012561
    81 -0.000580 0.100140 0.000311 0.010910 -0.023132 -0.260845
    82 -0.003952 -0.281811 0.115047 -3.059162 0.089004 0.167964
    83 1.289625 0.000042 0.000061 0.000058 0.000026 0.770404
    84 -0.171526 -0.018150 -0.099873 0.013484 -0.062184 -0.011781
    85 0.916622 0.003336 0.001326 0.000031 -0.000063 2.092587
    86 -0.342617 0.053402 -0.025571 -2.909301 -0.017248 0.075276
    87 1.100231 -0.000928 -0.002434 0.000009 0.000002 0.782868
    88 -0.384979 0.331001 0.006848 -3.087207 -0.018765 -0.184278
    89 0.678146 0.002286 -0.003905 -0.000006 -0.000007 0.099973
    90 -0.123848 0.072738 0.029507 2.898184 -0.060627 0.094835
    91 1.017166 -0.000154 -0.000252 -0.000011 -0.000050 0.143615
    92 -0.344990 0.123129 0.143151 2.994981 0.012396 0.059140
    93 -0.730989 0.177046 0.039141 -0.123731 0.076518 -0.084310
    94 0.921993 0.001298 -0.000896 -0.000002 -0.000011 0.499171
    95 -0.124023 -0.052090 0.038495 3.077813 -0.008519 0.039229
    96 1.100433 -0.003552 0.000502 -0.000006 0.000006 0.813392
    97 -0.330082 0.160639 0.042780 3.128073 0.034033 -0.171236
    98 0.679764 0.001532 0.003272 -0.000010 -0.000033 1.083963
    99 -0.019512 -0.016531 0.038578 -2.763781 0.050305 0.076829
    100 1.018891 0.001206 0.001121 -0.000006 -0.000029 0.532157
    101 -0.155308 0.130644 -0.021921 -3.022466 0.022433 -0.024902
    102 -0.252207 0.061937 -0.024914 -0.007671 -0.063171 -0.044392
    103 -0.085995 0.185205 -0.015180 -2.937063 -0.113970 -0.138991
    104 -0.286533 0.179852 0.024264 -3.109353 -0.049645 -0.029914
    105 -0.019482 0.147083 0.079203 2.893815 0.038585 -0.060594
    106 -0.046482 0.251896 0.129548 3.016165 0.077112 -0.042864
    107 0.039124 -0.040295 0.047739 3.084219 0.030470 -0.037414
    108 -0.233757 0.066630 0.001754 -3.133087 0.040141 -0.065412
    109 0.044266 0.020131 0.001684 -2.778763 -0.118872 -0.040488
    110 0.071495 0.074128 -0.048302 -3.035917 -0.059482 0.104366
    111 0.000000 0.000000 0.000000 0.000000 0.000000 -1.570796
    112 -3.011811 -17.508347 -2.769616 -1.925452 0.156572 0.825533
    113 0.000000 0.000000 0.000000 0.000000 0.000000 0.000000
    114 4.222785 -10.215155 -4.254036 -1.925306 0.157184 0.825033
    115 3.096000 0.000000 -1.996000 0.000000 0.000000 0.000000
    116 3.040999 0.000000 1.202000 0.000000 0.000000 0.000000
    117 7.854000 0.000000 -0.042000 0.000000 0.000000 0.000000
    118 13.105999 0.000000 -0.006000 0.000000 0.000000 -0.000013
    119 3.456000 0.000000 -1.084000 0.000000 0.000000 0.000000
    120 1.804000 0.000000 -1.025000 0.000000 0.000000 0.000000
    121 7.098000 0.000000 -1.084000 0.000000 0.000000 0.000000
    122 1.868000 1.809000 -1.975000 -2.218497 -0.017091 -0.465758
    123 3.740000 0.000000 1.273000 0.000000 0.000000 0.000000
    124 11.956999 0.000000 -0.006000 0.000000 0.000000 0.000013
    125 6.072001 0.000000 -1.238000 0.000000 0.000000 0.000000
    126 5.690000 -0.365000 0.068000 -0.000118 -0.348941 -1.570715
    127 6.396999 0.614000 0.428000 0.000000 0.000000 0.000000
    128 3.040999 0.000000 1.202000 0.000000 0.000000 0.000000
    129 3.720000 0.000000 1.202000 0.000000 0.000000 0.000000
    130 1.086000 -0.661000 -0.149000 0.000000 0.000000 0.000000
    131 1.067000 0.589000 0.076000 0.000000 0.000000 0.000000
    132 0.000000 -0.019000 0.000000 0.000000 0.000000 0.000000
    133 0.000000 -0.019000 0.000000 0.000000 0.000000 0.000000
    134 3.300000 -0.019000 1.346000 0.000000 0.000000 0.000000
    135 -1.524000 -1.859000 -4.367000 -1.730149 -0.014933 0.208109
    136 7.283999 0.000000 -2.195000 0.000000 0.000000 0.000000
    137 -1.323000 0.000000 0.184000 0.000000 0.000000 0.000000
    138 0.082000 0.000000 1.002000 0.000000 0.000000 0.000000
    139 20.556574 51.446882 34.743648 -2.012115 0.638628 2.700046
    140 0.478000 0.000000 -4.537000 0.000000 0.000000 0.000000
    141 3.436000 0.000000 1.202000 0.000000 0.000000 0.000000
    142 3.040999 0.000000 1.202000 0.000000 0.000000 0.000000
    143 4.657000 0.000000 1.545000 0.000000 0.000000 0.000000
    144 -0.403000 0.000000 -0.011000 0.000000 0.000000 0.000000
    145 1.781000 0.000000 0.873000 0.000000 0.000000 0.000000
    146 0.384000 0.715000 0.801000 0.000000 0.000000 0.000000
    147 1.795000 0.533000 -1.550000 0.000000 0.000000 0.000000
    148 4.435999 0.595000 -0.954000 0.000000 0.000000 0.000000
    149 4.401999 -0.614000 -1.630000 0.000000 0.000000 0.000000
    150 4.203000 -0.003000 -0.048000 0.000000 0.000000 0.000000
    151 5.136000 0.000000 1.534000 0.000000 0.000000 0.000000
    152 11.957001 0.000000 -0.006000 0.000000 0.000000 0.000013
    153 -2.103001 0.000000 0.000000 0.000000 0.000000 0.000000
    154 -0.598001 0.000000 -0.011000 0.000000 0.000000 0.000000
    155 0.496000 0.184000 -3.523000 0.000000 0.000000 0.000000
    156 0.147000 0.184000 -0.328000 0.000000 0.000000 0.000000
    157 0.147000 0.184000 0.023000 0.000000 0.000000 0.000000
    158 0.147000 0.184000 0.368000 0.000000 0.000000 0.000000
    159 0.147000 0.184000 0.717000 0.000000 0.000000 0.000000
    160 0.147000 0.184000 1.067000 0.000000 0.000000 0.000000
    161 0.148000 0.184000 1.414000 0.000000 0.000000 0.000000
    162 0.148000 -0.074000 1.640000 0.000000 0.000000 0.000000
    163 0.435000 0.184000 -3.179000 0.000000 0.000000 0.000000
    164 0.378000 0.184000 -2.826000 0.000000 0.000000 0.000000
    165 0.329000 0.184000 -2.477000 0.000000 0.000000 0.000000
    166 0.286000 0.184000 -2.127000 0.000000 0.000000 0.000000
    167 0.252000 0.184000 -1.775000 0.000000 0.000000 0.000000
    168 0.215000 0.184000 -1.417000 0.000000 0.000000 0.000000
    169 0.190000 0.184000 -1.064000 0.000000 0.000000 0.000000
    170 0.166000 0.184000 -0.714000 0.000000 0.000000 0.000000
    171 1.622000 0.000000 1.568000 0.000000 0.000000 0.000000
    172 2.240000 0.000000 1.568000 0.000000 0.000000 0.000000
    173 0.000000 0.000000 0.000000 0.000000 0.000000 0.000000
    174 0.000000 0.000000 -4.867001 3.141572 -0.003206 -3.128592
    175 1.000088 -0.000029 0.000000 0.000000 0.000000 0.000000
    176 17.162518 -0.000404 0.000000 0.000000 0.000000 0.119207
    177 17.749374 0.295515 0.000000 0.000000 0.000000 -1.158919
    178 5.413528 0.000347 0.000000 0.000000 0.000000 -0.518029
    179 0.017887 0.299792 0.000000 0.000000 0.000000 -0.059575
    180 9.999889 -0.000303 0.000000 0.000000 0.000000 0.000000
    181 0.000000 0.000000 4.867000 -3.141572 0.003206 -3.128592
    182 1.000088 -0.000029 0.000000 0.000000 0.000000 0.000000
    183 12.283573 1.581455 -4.695999 1.462269 -0.086726 0.090185
    184 17.162518 -0.000404 0.000000 0.000000 0.000000 0.119207
    185 17.749374 0.295515 0.000000 0.000000 0.000000 -1.158919
    186 5.413528 0.000347 0.000000 0.000000 0.000000 -0.518027
    187 0.017887 0.299792 0.000000 0.000000 0.000000 -0.059573
    188 9.499836 0.000212 0.000000 0.000000 0.000000 0.000000
    189 -1.145525 0.000130 0.000671 0.000000 0.000000 0.000000
    190 -0.857691 0.104071 0.104687 0.023536 0.163924 0.013632
    191 3.999430 -0.000528 -0.000332 -0.283155 0.000000 0.000000
    192 0.599499 0.400698 0.000236 0.000000 0.000000 0.000000
    193 0.599886 0.400186 -0.000027 0.000000 0.000000 0.000000
    194 2.299677 -2.499979 -0.599480 0.891898 0.221465 -0.527213
    195 3.236118 7.928046 -7.273608 1.631511 -0.623261 -1.609330
    196 -9.580679 -27.862108 -37.184677 0.812879 -0.123459 -0.568477
    197 0.649935 -0.548296 0.093658 -1.665913 -0.131399 -0.112062
    198 1.899127 0.000427 -0.000439 0.027386 -0.033311 0.477848
    199 0.657078 0.008400 0.040375 -1.665945 -0.131407 -0.000013
    200 1.799664 -0.000240 0.000231 0.027386 -0.033311 0.477848
    201 1.799664 -0.000240 0.000231 0.027386 -0.033311 0.477848
    202 1.799664 -0.000240 0.000231 0.027386 -0.033311 0.477848
    203 0.665774 0.747222 -0.029186 -1.665935 -0.131408 0.094976
    204 1.900306 -0.000137 -0.000517 0.027386 -0.033311 0.477848
    205 4.880761 -12.491551 10.637873 1.572494 1.561257 -3.117575
    206 3.999897 0.000040 0.001007 -0.116212 0.000000 0.000000
    207 0.600403 0.399632 -0.000469 0.000000 0.000000 -3.141496
    208 0.599890 0.400186 0.000031 0.000000 0.000000 -3.141592
    209 2.300137 -2.499413 0.600155 -0.891898 -0.221466 -0.527212
    210 0.872437 -12.142033 -3.785058 1.617253 0.403077 -1.772977
    211 2.762354 0.116951 1.523975 1.629482 0.064153 1.743800
    212 7.228317 7.928200 -3.925652 2.328713 0.123459 -0.568477
    213 0.650396 -0.547731 -0.092976 1.665913 0.131399 -0.112062
    214 1.899441 -0.000320 -0.000150 -0.027386 0.033311 0.477848
    215 0.657068 0.008398 -0.040379 1.665945 0.131407 -0.000013
    216 1.799659 -0.000233 -0.000233 -0.027386 0.033311 0.477848
    217 1.799659 -0.000233 -0.000233 -0.027386 0.033311 0.477848
    218 1.799659 -0.000233 -0.000233 -0.027386 0.033311 0.477848
    219 0.665778 0.747222 0.029179 1.665935 0.131408 0.094976
    220 1.900722 0.000549 -0.000072 -0.027386 0.033311 0.477848
    221 4.530998 0.000000 0.000000 0.000000 0.000000 0.000000
    222 4.527344 0.000000 0.000000 0.000000 0.000000 0.000000
    223 0.000000 0.000000 0.000000 0.000000 0.000000 0.000000
    224 0.000000 0.000000 0.000000 0.000000 0.000000 0.000000
    225 4.000000 -6.500000 0.000000 0.000000 0.000000 0.000977
    226 -6.500000 0.000000 0.000000 0.000000 1.570752 0.000000
    227 11.207142 4.226940 7.544331 -1.925103 0.156727 2.396502
    228 0.280000 -0.135000 2.196999 1.570796 0.000000 -1.570735
    229 0.000000 0.000000 0.000000 0.000000 0.000000 0.000000
    230 0.000000 0.000000 0.000000 0.032838 -0.011481 0.043612
    231 0.106000 0.000000 -64.320000 0.000000 0.000000 0.000000
    232 0.000000 0.000000 0.000000 0.000000 0.000000 0.000000
    233 -0.106000 0.000000 64.320000 0.000000 0.000000 0.000000
    234 0.003042 -0.001328 -64.319374 0.000009 0.000084 -3.141638
    235 0.000000 0.000000 0.000000 -0.000303 0.000193 -0.000090
    236 1.688000 -0.001000 -1.454002 0.000000 0.000000 0.000000
    237 -1.070999 -0.005000 0.545002 0.000000 0.000000 0.000000
    238 5.895000 0.750997 -0.156000 0.000000 0.000000 0.000000
    239 11.599999 -0.000003 -1.500002 0.000000 0.000000 0.000000
    240 1.037001 1.337997 -4.334000 -2.791227 -0.162411 -0.765711
    241 7.216001 -0.000003 -1.579000 0.000000 0.000000 0.000000
    242 4.445999 -0.000003 -1.500000 0.000000 0.000000 0.000000
    243 0.673937 -0.015635 -4.768713 -3.141592 -1.281051 3.141593
    244 0.094999 -0.144000 0.332001 0.000000 0.000000 0.000000
    245 14.209020 0.000022 0.766988 0.000000 0.000000 0.000000
    246 0.000000 0.000000 0.000000 1.570800 0.000000 -1.570796
  time 17
    0 0.000000 0.000000 0.000000 0.000000 0.000000 -1.570796
    1 -0.106750 -0.000001 -0.000351 0.000000 0.000000 0.000000
    2 0.000000 0.000000 0.000000 0.000000 0.000000 0.000000
    3 -0.904000 0.000000 -11.806000 0.000000 0.000000 0.000000
    4 0.000000 0.000000 -14.313999 1.570807 -1.570729 0.000000
    5 3.533001 0.000000 0.000000 0.000000 0.000000 0.000000
    6 6.250000 0.000000 0.000000 0.000000 0.000000 0.000000
    7 3.756273 7.109617 -1.944020 -1.167422 1.546480 -1.167506
    8 9.576763 0.683640 2.908905 1.491328 -1.450159 -1.491833
    9 5.786820 0.002787 -0.000113 -1.802132 0.620100 -1.578227
    10 5.999492 -0.000592 -4.000343 0.000000 0.000000 0.000000
    11 5.787410 0.002582 0.000893 0.028455 0.250072 -0.973980
    12 5.999492 -0.000592 4.000340 0.000000 0.000000 0.000000
    13 0.500225 0.000133 -0.000084 0.694719 0.000000 0.000000
    14 11.530657 0.000349 -0.001308 -0.000029 -0.000051 -2.205198
    15 -0.829338 0.893824 0.079659 -0.148839 0.047645 0.087266
    16 0.500225 0.000132 0.000072 0.576297 0.000000 0.000000
    17 11.532495 0.000526 0.003814 0.000006 -0.000010 -1.197000
    18 -0.829586 0.894698 -0.079468 0.045377 -0.019621 0.087266
    19 10.599886 0.000105 -0.000553 -0.213452 0.000000 0.000000
    20 1.178291 -0.591597 -0.000805 0.000060 -0.000025 1.102604
    21 11.042053 0.003717 0.000798 -0.565638 -0.602531 0.931685
    22 -11.814724 0.424524 -0.297680 0.247998 -0.066121 -0.042695
    23 10.599878 0.000105 0.000549 -0.237852 0.000000 0.000000
    24 0.229042 -0.333777 0.000801 0.000000 -0.000011 0.598460
    25 11.041739 0.003170 -0.000568 -0.251105 0.377507 0.108879
    26 -11.663242 0.094713 0.140656 -0.068591 0.018527 -0.015099
    27 0.610300 -0.939470 0.070347 -1.643474 0.126183 -0.103433
    28 0.639938 -0.199121 0.060192 -1.725499 0.107365 -0.056332
    29 0.600155 1.080260 -0.339535 -1.886121 0.608099 -0.143105
    30 0.610207 0.400743 -0.010098 -1.841435 0.292613 -0.068465
    31 0.658153 -0.658840 -0.271407 0.604508 0.695806 -0.864304
    32 -0.792125 0.203736 0.461304 1.439074 -0.003453 -0.018305
    33 0.610300 -0.939469 -0.070354 1.655238 0.140141 -0.175584
    34 0.639938 -0.199121 -0.060200 1.665858 0.130050 -0.066591
    35 0.600157 1.080260 0.339531 1.738023 -0.020766 0.107421
    36 0.610205 0.400743 0.010086 1.762268 0.061592 0.042920
    37 0.627906 -0.691394 0.232270 -0.314925 -0.552671 -0.950528
    38 -0.626031 -0.069982 -0.080517 -1.447153 0.086151 0.021559
    39 2.621377 -0.002532 -0.001438 -0.152669 -0.157147 0.283733
    40 2.660837 0.000397 -0.000071 -0.182512 -0.020300 0.603127
    41 2.202488 0.003364 -0.002863 0.128713 0.296762 -0.239439
    42 0.599950 0.959236 -0.300102 -0.174544 0.000000 0.000000
    43 2.557190 -0.001967 0.002453 0.009966 0.070631 0.349850
    44 2.098929 0.000032 -0.002193 -0.470115 0.122328 0.669764
    45 0.999378 -0.000238 -1.365624 0.000000 0.000000 0.000000
    46 -0.122641 -0.721855 0.661686 -0.486644 0.223964 0.243056
    47 2.622112 -0.000648 0.002741 -0.000001 0.000010 0.731790
    48 2.657909 0.000687 -0.000533 0.015386 -0.017231 0.900458
    49 2.200014 0.001663 0.000836 0.094966 -0.068660 0.366946
    50 0.599949 0.959244 0.300102 0.174544 0.000000 0.000000
    51 2.556571 -0.000385 0.000554 0.088336 -0.061363 0.605580
    52 2.103853 0.001708 -0.001011 0.274277 -0.236692 0.429833
    53 0.999376 -0.000240 1.256242 0.000000 0.000000 0.946859
    54 0.310848 -0.606446 -0.498005 0.308107 -0.197598 0.313975
    55 1.869163 -0.000835 -0.000994 -0.000007 0.000003 0.744498
    56 1.200941 0.399582 -0.000237 -0.009465 0.016087 0.007127
    57 0.000586 0.100342 -0.000319 -0.120035 -0.021926 -0.209617
    58 -0.161663 0.051712 0.194808 -2.941982 0.122408 -0.060194
    59 2.010090 -0.003202 -0.003377 0.000006 0.000084 1.419538
    60 0.000237 0.099800 -0.000395 -0.018823 0.010833 -0.239219
    61 -0.203197 0.048607 0.069150 -3.093332 0.033217 -0.046722
    62 1.180426 -0.002312 0.000781 0.000046 -0.000012 0.769318
    63 -0.000196 0.099625 -0.000034 0.000000 0.000000 -0.314102
    64 -0.088737 -0.688435 -0.145203 2.930407 -0.136130 0.513013
    65 1.712069 -0.003328 0.003818 0.000011 -0.000009 1.011591
    66 -0.000576 0.100143 -0.000311 -0.010914 0.023131 -0.260843
    67 -0.146027 -0.232426 -0.014225 3.028455 -0.094299 0.113020
    68 1.290634 0.000361 -0.000036 0.000000 0.000000 0.250863
    69 -0.658119 -0.003576 0.072643 -0.142711 0.027792 -0.077299
    70 1.868078 -0.003049 0.002177 0.000039 -0.000021 1.320036
    71 1.200075 0.399942 -0.000093 0.009465 -0.016087 0.007127
    72 0.000589 0.100342 0.000319 0.120035 0.021926 -0.209617
    73 0.068073 0.002283 -0.080050 3.111376 -0.069366 -0.060847
    74 2.011874 -0.001179 0.002180 -0.000001 0.000011 1.106829
    75 0.000233 0.099800 0.000395 0.018823 -0.010833 -0.239219
    76 -0.018673 -0.001009 0.047544 3.109244 0.002635 -0.106673
    77 1.178665 0.001595 0.000845 0.000006 -0.000001 0.197591
    78 -0.000196 0.099628 0.000034 0.000000 0.000000 -0.314102
    79 0.036894 -0.634449 0.266284 -2.801062 0.174301 0.490915
    80 1.708256 -0.002504 -0.000686 0.000002 -0.000001 1.009619
    81 -0.000580 0.100140 0.000311 0.010910 -0.023132 -0.260845
    82 -0.003952 -0.281811 0.115047 -3.059162 0.089004 0.167964
    83 1.289625 0.000042 0.000061 0.000058 0.000038 0.770274
    84 -0.171526 -0.018150 -0.099873 0.013484 -0.062184 -0.011781
    85 0.916622 0.003336 0.001326 0.000031 -0.000051 2.092587
    86 -0.342617 0.053402 -0.025571 -2.909301 -0.017248 0.075276
    87 1.100231 -0.000928 -0.002434 0.000009 0.000002 0.782808
    88 -0.384979 0.331001 0.006848 -3.087207 -0.018765 -0.184278
    89 0.678146 0.002286 -0.003905 -0.000006 -0.000007 0.099973
    90 -0.123848 0.072738 0.029507 2.898184 -0.060627 0.094835
    91 1.017166 -0.000154 -0.000252 -0.000011 -0.000050 0.143615
    92 -0.344990 0.123129 0.143151 2.994981 0.012396 0.059140
    93 -0.730989 0.177046 0.039141 -0.123731 0.076518 -0.084310
    94 0.921993 0.001298 -0.000896 -0.000002 -0.000011 0.494708
    95 -0.124023 -0.052090 0.038495 3.077813 -0.008519 0.039229
    96 1.100433 -0.003552 0.000502 -0.000006 0.000006 0.808922
    97 -0.330082 0.160639 0.042780 3.128073 0.034033 -0.171236
    98 0.679764 0.001532 0.003272 -0.000022 -0.000033 1.079527
    99 -0.019512 -0.016531 0.038578 -2.763781 0.050305 0.076829
    100 1.018891 0.001206 0.001121 -0.000006 -0.000029 0.527460
    101 -0.155308 0.130644 -0.021921 -3.022466 0.022433 -0.024902
    102 -0.252207 0.061937 -0.024914 -0.007671 -0.063171 -0.044392
    103 -0.085995 0.185205 -0.015180 -2.937063 -0.113970 -0.138991
    104 -0.286533 0.179852 0.024264 -3.109353 -0.049645 -0.029914
    105 -0.019482 0.147083 0.079203 2.893815 0.038585 -0.060594
    106 -0.046482 0.251896 0.129548 3.016165 0.077112 -0.042864
    107 0.039124 -0.040295 0.047739 3.084219 0.030470 -0.037414
    108 -0.233757 0.066630 0.001754 -3.133087 0.040141 -0.065412
    109 0.044266 0.020131 0.001684 -2.778763 -0.118872 -0.040488
    110 0.071495 0.074128 -0.048302 -3.035917 -0.059482 0.104366
    111 0.000000 0.000000 0.000000 0.000000 0.000000 -1.570796
    112 -2.785241 -17.723197 -2.773522 -1.927637 0.163903 0.845766
    113 0.000000 0.000000 0.000000 0.000000 0.000000 0.000000
    114 4.293100 -10.265938 -4.332163 -1.927426 0.164697 0.844798
    115 3.096000 0.000000 -1.996000 0.000000 0.000000 0.000000
    116 3.040999 0.000000 1.202000 0.000000 0.000000 0.000000
    117 7.854000 0.000000 -0.042000 0.000000 0.000000 0.000000
    118 13.105999 0.000000 -0.006000 0.000000 0.000000 -0.000013
    119 3.456000 0.000000 -1.084000 0.000000 0.000000 0.000000
    120 1.804000 0.000000 -1.025000 0.000000 0.000000 0.000000
    121 7.098000 0.000000 -1.084000 0.000000 0.000000 0.000000
    122 1.868000 1.809000 -1.975000 -2.218497 -0.017091 -0.465758
    123 3.740000 0.000000 1.273000 0.000000 0.000000 0.000000
    124 11.956999 0.000000 -0.006000 0.000000 0.000000 0.000013
    125 6.072001 0.000000 -1.238000 0.000000 0.000000 0.000000
    126 5.690000 -0.365000 0.068000 -0.000118 -0.348941 -1.570715
    127 6.396999 0.614000 0.428000 0.000000 0.000000 0.000000
    128 3.040999 0.000000 1.202000 0.000000 0.000000 0.000000
    129 3.720000 0.000000 1.202000 0.000000 0.000000 0.000000
    130 1.086000 -0.661000 -0.149000 0.000000 0.000000 0.000000
    131 1.067000 0.589000 0.076000 0.000000 0.000000 0.000000
    132 0.000000 -0.019000 0.000000 0.000000 0.000000 0.000000
    133 0.000000 -0.019000 0.000000 0.000000 0.000000 0.000000
    134 3.300000 -0.019000 1.346000 0.000000 0.000000 0.000000
    135 -1.524000 -1.859000 -4.367000 -1.730149 -0.014933 0.208109
    136 7.283999 0.000000 -2.195000 0.000000 0.000000 0.000000
    137 -1.323000 0.000000 0.184000 0.000000 0.000000 0.000000
    138 0.082000 0.000000 1.002000 0.000000 0.000000 0.000000
    139 21.259720 51.153905 34.724117 -2.007082 0.617112 2.703084
    140 0.478000 0.000000 -4.537000 0.000000 0.000000 0.000000
    141 3.436000 0.000000 1.202000 0.000000 0.000000 0.000000
    142 3.040999 0.000000 1.202000 0.000000 0.000000 0.000000
    143 4.657000 0.000000 1.545000 0.000000 0.000000 0.000000
    144 -0.403000 0.000000 -0.011000 0.000000 0.000000 0.000000
    145 1.781000 0.000000 0.873000 0.000000 0.000000 0.000000
    146 0.384000 0.715000 0.801000 0.000000 0.000000 0.000000
    147 1.795000 0.533000 -1.550000 0.000000 0.000000 0.000000
    148 4.435999 0.595000 -0.954000 0.000000 0.000000 0.000000
    149 4.401999 -0.614000 -1.630000 0.000000 0.000000 0.000000
    150 4.203000 -0.003000 -0.048000 0.000000 0.000000 0.000000
    151 5.136000 0.000000 1.534000 0.000000 0.000000 0.000000
    152 11.957001 0.000000 -0.006000 0.000000 0.000000 0.000013
    153 -2.103001 0.000000 0.000000 0.000000 0.000000 0.000000
    154 -0.598001 0.000000 -0.011000 0.000000 0.000000 0.000000
    155 0.496000 0.184000 -3.523000 0.000000 0.000000 0.000000
    156 0.147000 0.184000 -0.328000 0.000000 0.000000 0.000000
    157 0.147000 0.184000 0.023000 0.000000 0.000000 0.000000
    158 0.147000 0.184000 0.368000 0.000000 0.000000 0.000000
    159 0.147000 0.184000 0.717000 0.000000 0.000000 0.000000
    160 0.147000 0.184000 1.067000 0.000000 0.000000 0.000000
    161 0.148000 0.184000 1.414000 0.000000 0.000000 0.000000
    162 0.148000 -0.074000 1.640000 0.000000 0.000000 0.000000
    163 0.435000 0.184000 -3.179000 0.000000 0.000000 0.000000
    164 0.378000 0.184000 -2.826000 0.000000 0.000000 0.000000
    165 0.329000 0.184000 -2.477000 0.000000 0.000000 0.000000
    166 0.286000 0.184000 -2.127000 0.000000 0.000000 0.000000
    167 0.252000 0.184000 -1.775000 0.000000 0.000000 0.000000
    168 0.215000 0.184000 -1.417000 0.000000 0.000000 0.000000
    169 0.190000 0.184000 -1.064000 0.000000 0.000000 0.000000
    170 0.166000 0.184000 -0.714000 0.000000 0.000000 0.000000
    171 1.622000 0.000000 1.568000 0.000000 0.000000 0.000000
    172 2.240000 0.000000 1.568000 0.000000 0.000000 0.000000
    173 0.000000 0.000000 0.000000 0.000000 0.000000 0.000000
    174 0.000000 0.000000 -4.867001 3.141572 -0.003206 -3.128592
    175 1.000088 -0.000029 0.000000 0.000000 0.000000 0.000000
    176 17.162518 -0.000404 0.000000 0.000000 0.000000 0.119207
    177 17.749374 0.295515 0.000000 0.000000 0.000000 -1.158919
    178 5.413528 0.000347 0.000000 0.000000 0.000000 -0.518029
    179 0.017887 0.299792 0.000000 0.000000 0.000000 -0.059575
    180 9.999889 -0.000303 0.000000 0.000000 0.000000 0.000000
    181 0.000000 0.000000 4.867000 -3.141572 0.003206 -3.128592
    182 1.000088 -0.000029 0.000000 0.000000 0.000000 0.000000
    183 12.283573 1.581455 -4.695999 1.462269 -0.086726 0.090185
    184 17.162518 -0.000404 0.000000 0.000000 0.000000 0.119207
    185 17.749374 0.295515 0.000000 0.000000 0.000000 -1.158919
    186 5.413528 0.000347 0.000000 0.000000 0.000000 -0.518027
    187 0.017887 0.299792 0.000000 0.000000 0.000000 -0.059573
    188 9.499836 0.000212 0.000000 0.000000 0.000000 0.000000
    189 -1.145525 0.000130 0.000671 0.000000 0.000000 0.000000
    190 -0.857691 0.104071 0.104687 0.023536 0.163924 0.013632
    191 3.999430 -0.000528 -0.000332 -0.266828 0.000000 0.000000
    192 0.599499 0.400698 0.000236 0.000000 0.000000 0.000000
    193 0.599886 0.400186 -0.000027 0.000000 0.000000 0.000000
    194 2.299677 -2.499979 -0.599480 0.891898 0.221465 -0.527213
    195 3.236118 7.928046 -7.273608 1.631511 -0.623261 -1.609330
    196 -9.580679 -27.862108 -37.184677 0.812879 -0.123459 -0.568477
    197 0.649935 -0.548296 0.093658 -1.665913 -0.131399 -0.112062
    198 1.899127 0.000427 -0.000439 0.027386 -0.033311 0.477848
    199 0.657078 0.008400 0.040375 -1.665945 -0.131407 -0.000013
    200 1.799664 -0.000240 0.000231 0.027386 -0.033311 0.477848
    201 1.799664 -0.000240 0.000231 0.027386 -0.033311 0.477848
    202 1.799664 -0.000240 0.000231 0.027386 -0.033311 0.477848
    203 0.665774 0.747222 -0.029186 -1.665935 -0.131408 0.094976
    204 1.900306 -0.000137 -0.000517 0.027386 -0.033311 0.477848
    205 4.880761 -12.491551 10.637873 1.572781 1.561257 -3.117191
    206 3.999897 0.000040 0.001007 -0.118877 0.000000 0.000000
    207 0.600403 0.399632 -0.000469 0.000000 0.000000 3.141593
    208 0.599890 0.400186 0.000031 0.000000 0.000000 3.141593
    209 2.300137 -2.499413 0.600155 -0.891898 -0.221466 -0.527212
    210 0.872437 -12.142033 -3.785058 1.617253 0.403105 -1.772977
    211 2.762354 0.116951 1.523975 1.629482 0.064153 1.743800
    212 7.228317 7.928200 -3.925652 2.328713 0.123459 -0.568477
    213 0.650396 -0.547731 -0.092976 1.665913 0.131399 -0.112062
    214 1.899441 -0.000320 -0.000150 -0.027386 0.033311 0.477848
    215 0.657068 0.008398 -0.040379 1.665945 0.131407 -0.000013
    216 1.799659 -0.000233 -0.000233 -0.027386 0.033311 0.477848
    217 1.799659 -0.000233 -0.000233 -0.027386 0.033311 0.477848
    218 1.799659 -0.000233 -0.000233 -0.027386 0.033311 0.477848
    219 0.665778 0.747222 0.029179 1.665935 0.131408 0.094976
    220 1.900722 0.000549 -0.000072 -0.027386 0.033311 0.477848
    221 4.530998 0.000000 0.000000 0.000000 0.000000 0.000000
    222 4.527344 0.000000 0.000000 0.000000 0.000000 0.000000
    223 0.000000 0.000000 0.000000 0.000000 0.000000 0.000000
    224 0.000000 0.000000 0.000000 0.000000 0.000000 0.000000
    225 4.000000 -6.500000 0.000000 0.000000 0.000000 0.000977
    226 -6.500000 0.000000 0.000000 0.000000 1.570752 0.000000
    227 11.285269 4.301161 7.466204 -1.927287 0.164057 2.416735
    228 0.280000 -0.135000 2.196999 1.570796 0.000000 -1.570735
    229 0.000000 0.000000 0.000000 0.000000 0.000000 0.000000
    230 0.000000 0.000000 0.000000 0.032802 -0.010067 0.044511
    231 0.106000 0.000000 -64.320000 0.000000 0.000000 0.000000
    232 0.000000 0.000000 0.000000 0.000000 0.000000 0.000000
    233 -0.106000 0.000000 64.320000 0.000000 0.000000 0.000000
    234 0.003042 -0.001328 -64.319374 0.000009 0.000084 -3.141638
    235 0.000000 0.000000 0.000000 -0.000303 0.000193 -0.000090
    236 1.688000 -0.001000 -1.454002 0.000000 0.000000 0.000000
    237 -1.070999 -0.005000 0.545002 0.000000 0.000000 0.000000
    238 5.895000 0.750997 -0.156000 0.000000 0.000000 0.000000
    239 11.599999 -0.000003 -1.500002 0.000000 0.000000 0.000000
    240 1.037001 1.337997 -4.334000 -2.791227 -0.162411 -0.765711
    241 7.216001 -0.000003 -1.579000 0.000000 0.000000 0.000000
    242 4.445999 -0.000003 -1.500000 0.000000 0.000000 0.000000
    243 0.673937 -0.015635 -4.768713 -3.141592 -1.281051 3.141593
    244 0.094999 -0.144000 0.332001 0.000000 0.000000 0.000000
    245 14.209020 0.000022 0.766988 0.000000 0.000000 0.000000
    246 0.000000 0.000000 0.000000 1.570800 0.000000 -1.570796
  time 18
    0 0.000000 0.000000 0.000000 0.000000 0.000000 -1.570796
    1 -0.106750 -0.000001 -0.000351 0.000000 0.000000 0.000000
    2 0.000000 0.000000 0.000000 0.000000 0.000000 0.000000
    3 -0.904000 0.000000 -11.806000 0.000000 0.000000 0.000000
    4 0.000000 0.000000 -14.313999 1.570807 -1.570729 0.000000
    5 3.533001 0.000000 0.000000 0.000000 0.000000 0.000000
    6 6.250000 0.000000 0.000000 0.000000 0.000000 0.000000
    7 4.080502 6.718980 -1.944020 -1.168665 1.546385 -1.168844
    8 9.576763 0.914115 2.893280 1.493312 -1.446962 -1.493940
    9 5.786820 0.002787 -0.000113 -1.807486 0.677856 -1.585518
    10 5.999492 -0.000592 -4.000343 0.000000 0.000000 0.000000
    11 5.787410 0.002582 0.000893 0.043479 0.220370 -1.016832
    12 5.999492 -0.000592 4.000340 0.000000 0.000000 0.000000
    13 0.500225 0.000133 -0.000084 0.684573 -0.000012 0.000048
    14 11.530657 0.000349 -0.001308 -0.000005 0.000009 -2.260355
    15 -0.829338 0.893824 0.079659 -0.148839 0.047645 0.087266
    16 0.500225 0.000132 0.000072 0.562316 0.000048 0.000012
    17 11.532495 0.000526 0.003814 -0.000078 0.000014 -1.120294
    18 -0.829586 0.894698 -0.079468 0.045377 -0.019621 0.087266
    19 10.599886 0.000105 -0.000553 -0.206044 0.000000 -0.000024
    20 1.256419 -0.579878 -0.000805 -0.000048 0.000035 1.130230
    21 11.042053 0.003717 0.000798 -0.554251 -0.611370 0.907821
    22 -11.814724 0.424524 -0.297680 0.247998 -0.066121 -0.042695
    23 10.599878 0.000105 0.000549 -0.272805 0.000000 -0.000048
    24 0.193884 -0.310339 0.000801 0.000000 -0.000011 0.560126
    25 11.041739 0.003170 -0.000568 -0.291698 0.386310 0.043583
    26 -11.663242 0.094713 0.140656 -0.068591 0.018527 -0.015099
    27 0.610300 -0.939470 0.070347 -1.643474 0.126183 -0.103433
    28 0.639938 -0.199121 0.060192 -1.725499 0.107365 -0.056332
    29 0.600155 1.080260 -0.339535 -1.886121 0.608099 -0.143105
    30 0.610207 0.400743 -0.010098 -1.841435 0.292613 -0.068477
    31 0.658153 -0.658840 -0.271407 0.604508 0.695806 -0.864304
    32 -0.792125 0.203736 0.461304 1.439074 -0.003453 -0.018305
    33 0.610300 -0.939469 -0.070354 1.655238 0.140141 -0.175584
    34 0.639938 -0.199121 -0.060200 1.665858 0.129966 -0.066603
    35 0.600157 1.080260 0.339531 1.738023 -0.020766 0.107421
    36 0.610205 0.400743 0.010086 1.762268 0.061592 0.042920
    37 0.627906 -0.691394 0.232270 -0.314925 -0.552651 -0.950528
    38 -0.626031 -0.069982 -0.080517 -1.447153 0.086151 0.021559
    39 2.621377 -0.002532 -0.001438 -0.152669 -0.157147 0.283733
    40 2.660837 0.000397 -0.000071 -0.182512 -0.020300 0.603169
    41 2.202488 0.003364 -0.002863 0.128713 0.296762 -0.239396
    42 0.599950 0.959236 -0.300102 -0.174544 0.000000 0.000000
    43 2.557190 -0.001967 0.002453 0.009966 0.070649 0.349850
    44 2.098929 0.000032 -0.002193 -0.470115 0.122328 0.669722
    45 0.999378 -0.000238 -1.365624 0.000000 0.000000 0.000000
    46 -0.122641 -0.721855 0.661686 -0.486644 0.223964 0.243056
    47 2.622112 -0.000648 0.002741 -0.000001 0.000010 0.728226
    48 2.657909 0.000687 -0.000533 0.015451 -0.017171 0.896235
    49 2.200014 0.001663 0.000836 0.095218 -0.068313 0.363195
    50 0.599949 0.959244 0.300102 0.174544 0.000000 0.000000
    51 2.556571 -0.000385 0.000554 0.088589 -0.060992 0.601355
    52 2.103853 0.001708 -0.001011 0.274250 -0.236740 0.429936
    53 0.999376 -0.000240 1.252336 0.000000 0.000000 0.946859
    54 0.310848 -0.606446 -0.498005 0.308107 -0.197598 0.313975
    55 1.869163 -0.000835 -0.000994 -0.000007 0.000003 0.744498
    56 1.200941 0.399582 -0.000237 -0.009465 0.016087 0.007127
    57 0.000586 0.100342 -0.000319 -0.120035 -0.021926 -0.209617
    58 -0.161663 0.051712 0.194808 -2.941982 0.122408 -0.060194
    59 2.010090 -0.003202 -0.003377 0.000006 0.000096 1.419538
    60 0.000237 0.099800 -0.000395 -0.018823 0.010833 -0.239219
    61 -0.203197 0.048607 0.069150 -3.093332 0.033217 -0.046722
    62 1.180426 -0.002312 0.000781 0.000046 -0.000012 0.769318
    63 -0.000196 0.099625 -0.000034 0.000000 0.000000 -0.314102
    64 -0.088737 -0.688435 -0.145203 2.930407 -0.136130 0.513013
    65 1.712069 -0.003328 0.003818 0.000011 -0.000009 1.011591
    66 -0.000576 0.100143 -0.000311 -0.010914 0.023131 -0.260843
    67 -0.146027 -0.232426 -0.014225 3.028455 -0.094299 0.113020
    68 1.290634 0.000361 -0.000036 0.000000 0.000000 0.250863
    69 -0.658119 -0.003576 0.072643 -0.142711 0.027792 -0.077299
    70 1.868078 -0.003049 0.002177 0.000051 -0.000045 1.316448
    71 1.200075 0.399942 -0.000093 0.009465 -0.016087 0.007127
    72 0.000589 0.100342 0.000319 0.120035 0.021926 -0.209617
    73 0.068073 0.002283 -0.080050 3.111376 -0.069366 -0.060847
    74 2.011874 -0.001179 0.002180 -0.000001 -0.000001 1.103565
    75 0.000233 0.099800 0.000395 0.018823 -0.010833 -0.239219
    76 -0.018673 -0.001009 0.047544 3.109244 0.002635 -0.106673
    77 1.178665 0.001595 0.000845 0.000006 -0.000001 0.194336
    78 -0.000196 0.099628 0.000034 0.000000 0.000000 -0.314102
    79 0.036894 -0.634449 0.266284 -2.801062 0.174301 0.490915
    80 1.708256 -0.002504 -0.000686 -0.000010 0.000011 1.006677
    81 -0.000580 0.100140 0.000311 0.010910 -0.023132 -0.260845
    82 -0.003952 -0.281811 0.115047 -3.059162 0.089004 0.167964
    83 1.289625 0.000042 0.000061 0.000058 0.000038 0.770176
    84 -0.171526 -0.018150 -0.099873 0.013484 -0.062184 -0.011781
    85 0.916622 0.003336 0.001326 0.000042 -0.000051 2.092587
    86 -0.342617 0.053402 -0.025571 -2.909301 -0.017248 0.075276
    87 1.100231 -0.000928 -0.002434 0.000009 0.000002 0.782749
    88 -0.384979 0.331001 0.006848 -3.087207 -0.018765 -0.184278
    89 0.678146 0.002286 -0.003905 -0.000006 -0.000007 0.099973
    90 -0.123848 0.072738 0.029507 2.898184 -0.060627 0.094835
    91 1.017166 -0.000154 -0.000252 -0.000011 -0.000062 0.143567
    92 -0.344990 0.123129 0.143151 2.994981 0.012396 0.059140
    93 -0.730989 0.177046 0.039141 -0.123731 0.076518 -0.084310
    94 0.921993 0.001298 -0.000896 -0.000002 -0.000011 0.490216
    95 -0.124023 -0.052090 0.038495 3.077813 -0.008519 0.039229
    96 1.100433 -0.003552 0.000502 -0.000006 0.000006 0.804451
    97 -0.330082 0.160639 0.042780 3.128073 0.034033 -0.171236
    98 0.679764 0.001532 0.003272 -0.000022 -0.000045 1.075037
    99 -0.019512 -0.016531 0.038578 -2.763781 0.050305 0.076829
    100 1.018891 0.001206 0.001121 -0.000006 -0.000041 0.522763
    101 -0.155308 0.130644 -0.021921 -3.022466 0.022433 -0.024902
    102 -0.252207 0.061937 -0.024914 -0.007671 -0.063171 -0.044392
    103 -0.085995 0.185205 -0.015180 -2.937063 -0.113970 -0.138991
    104 -0.286533 0.179852 0.024264 -3.109353 -0.049645 -0.029914
    105 -0.019482 0.147083 0.079203 2.893815 0.038585 -0.060594
    106 -0.046482 0.251896 0.129548 3.016165 0.077112 -0.042864
    107 0.039124 -0.040295 0.047739 3.084219 0.030470 -0.037414
    108 -0.233757 0.066630 0.001754 -3.133087 0.040141 -0.065412
    109 0.044266 0.020131 0.001684 -2.778763 -0.118872 -0.040488
    110 0.071495 0.074128 -0.048302 -3.035917 -0.059482 0.104366
    111 0.000000 0.000000 0.000000 0.000000 0.000000 -1.570796
    112 -2.582110 -17.938047 -2.878994 -1.940656 0.167590 0.864321
    113 0.000000 0.000000 0.000000 0.000000 0.000000 0.000000
    114 4.347789 -10.355785 -4.476699 -1.940240 0.168095 0.862885
    115 3.096000 0.000000 -1.996000 0.000000 0.000000 0.000000
    116 3.040999 0.000000 1.202000 0.000000 0.000000 0.000000
    117 7.854000 0.000000 -0.042000 0.000000 0.000000 0.000000
    118 13.105999 0.000000 -0.006000 0.000000 0.000000 -0.000013
    119 3.456000 0.000000 -1.084000 0.000000 0.000000 0.000000
    120 1.804000 0.000000 -1.025000 0.000000 0.000000 0.000000
    121 7.098000 0.000000 -1.084000 0.000000 0.000000 0.000000
    122 1.868000 1.809000 -1.975000 -2.218497 -0.017091 -0.465758
    123 3.740000 0.000000 1.273000 0.000000 0.000000 0.000000
    124 11.956999 0.000000 -0.006000 0.000000 0.000000 0.000013
    125 6.072001 0.000000 -1.238000 0.000000 0.000000 0.000000
    126 5.690000 -0.365000 0.068000 -0.000118 -0.348941 -1.570715
    127 6.396999 0.614000 0.428000 0.000000 0.000000 0.000000
    128 3.040999 0.000000 1.202000 0.000000 0.000000 0.000000
    129 3.720000 0.000000 1.202000 0.000000 0.000000 0.000000
    130 1.086000 -0.661000 -0.149000 0.000000 0.000000 0.000000
    131 1.067000 0.589000 0.076000 0.000000 0.000000 0.000000
    132 0.000000 -0.019000 0.000000 0.000000 0.000000 0.000000
    133 0.000000 -0.019000 0.000000 0.000000 0.000000 0.000000
    134 3.300000 -0.019000 1.346000 0.000000 0.000000 0.000000
    135 -1.524000 -1.859000 -4.367000 -1.730149 -0.014933 0.208109
    136 7.283999 0.000000 -2.195000 0.000000 0.000000 0.000000
    137 -1.323000 0.000000 0.184000 0.000000 0.000000 0.000000
    138 0.082000 0.000000 1.002000 0.000000 0.000000 0.000000
    139 21.697234 50.521073 35.243664 -2.015059 0.593515 2.701660
    140 0.478000 0.000000 -4.537000 0.000000 0.000000 0.000000
    141 3.436000 0.000000 1.202000 0.000000 0.000000 0.000000
    142 3.040999 0.000000 1.202000 0.000000 0.000000 0.000000
    143 4.657000 0.000000 1.545000 0.000000 0.000000 0.000000
    144 -0.403000 0.000000 -0.011000 0.000000 0.000000 0.000000
    145 1.781000 0.000000 0.873000 0.000000 0.000000 0.000000
    146 0.384000 0.715000 0.801000 0.000000 0.000000 0.000000
    147 1.795000 0.533000 -1.550000 0.000000 0.000000 0.000000
    148 4.435999 0.595000 -0.954000 0.000000 0.000000 0.000000
    149 4.401999 -0.614000 -1.630000 0.000000 0.000000 0.000000
    150 4.203000 -0.003000 -0.048000 0.000000 0.000000 0.000000
    151 5.136000 0.000000 1.534000 0.000000 0.000000 0.000000
    152 11.957001 0.000000 -0.006000 0.000000 0.000000 0.000013
    153 -2.103001 0.000000 0.000000 0.000000 0.000000 0.000000
    154 -0.598001 0.000000 -0.011000 0.000000 0.000000 0.000000
    155 0.496000 0.184000 -3.523000 0.000000 0.000000 0.000000
    156 0.147000 0.184000 -0.328000 0.000000 0.000000 0.000000
    157 0.147000 0.184000 0.023000 0.000000 0.000000 0.000000
    158 0.147000 0.184000 0.368000 0.000000 0.000000 0.000000
    159 0.147000 0.184000 0.717000 0.000000 0.000000 0.000000
    160 0.147000 0.184000 1.067000 0.000000 0.000000 0.000000
    161 0.148000 0.184000 1.414000 0.000000 0.000000 0.000000
    162 0.148000 -0.074000 1.640000 0.000000 0.000000 0.000000
    163 0.435000 0.184000 -3.179000 0.000000 0.000000 0.000000
    164 0.378000 0.184000 -2.826000 0.000000 0.000000 0.000000
    165 0.329000 0.184000 -2.477000 0.000000 0.000000 0.000000
    166 0.286000 0.184000 -2.127000 0.000000 0.000000 0.000000
    167 0.252000 0.184000 -1.775000 0.000000 0.000000 0.000000
    168 0.215000 0.184000 -1.417000 0.000000 0.000000 0.000000
    169 0.190000 0.184000 -1.064000 0.000000 0.000000 0.000000
    170 0.166000 0.184000 -0.714000 0.000000 0.000000 0.000000
    171 1.622000 0.000000 1.568000 0.000000 0.000000 0.000000
    172 2.240000 0.000000 1.568000 0.000000 0.000000 0.000000
    173 0.000000 0.000000 0.000000 0.000000 0.000000 0.000000
    174 0.000000 0.000000 -4.867001 3.141572 -0.003206 -3.128592
    175 1.000088 -0.000029 0.000000 0.000000 0.000000 0.000000
    176 17.162518 -0.000404 0.000000 0.000000 0.000000 0.119207
    177 17.749374 0.295515 0.000000 0.000000 0.000000 -1.158919
    178 5.413528 0.000347 0.000000 0.000000 0.000000 -0.518029
    179 0.017887 0.299792 0.000000 0.000000 0.000000 -0.059575
    180 9.999889 -0.000303 0.000000 0.000000 0.000000 0.000000
    181 0.000000 0.000000 4.867000 -3.141572 0.003206 -3.128592
    182 1.000088 -0.000029 0.000000 0.000000 0.000000 0.000000
    183 12.283573 1.581455 -4.695999 1.462269 -0.086726 0.090185
    184 17.162518 -0.000404 0.000000 0.000000 0.000000 0.119207
    185 17.749374 0.295515 0.000000 0.000000 0.000000 -1.158919
    186 5.413528 0.000347 0.000000 0.000000 0.000000 -0.518027
    187 0.017887 0.299792 0.000000 0.000000 0.000000 -0.059573
    188 9.499836 0.000212 0.000000 0.000000 0.000000 0.000000
    189 -1.145525 0.000130 0.000671 0.000000 0.000000 0.000000
    190 -0.857691 0.104071 0.104687 0.023536 0.163924 0.013632
    191 3.999430 -0.000528 -0.000332 -0.257526 0.000000 0.000000
    192 0.599499 0.400698 0.000236 0.000000 0.000000 0.000000
    193 0.599886 0.400186 -0.000027 0.000000 0.000000 0.000000
    194 2.299677 -2.499979 -0.599480 0.891898 0.221465 -0.527213
    195 3.236118 7.928046 -7.273608 1.631511 -0.623261 -1.609330
    196 -9.580679 -27.862108 -37.184677 0.812879 -0.123459 -0.568477
    197 0.649935 -0.548296 0.093658 -1.665913 -0.131399 -0.112062
    198 1.899127 0.000427 -0.000439 0.027386 -0.033311 0.477848
    199 0.657078 0.008400 0.040375 -1.665945 -0.131407 -0.000013
    200 1.799664 -0.000240 0.000231 0.027386 -0.033311 0.477848
    201 1.799664 -0.000240 0.000231 0.027386 -0.033311 0.477848
    202 1.799664 -0.000240 0.000231 0.027386 -0.033311 0.477848
    203 0.665774 0.747222 -0.029186 -1.665935 -0.131408 0.094976
    204 1.900306 -0.000137 -0.000517 0.027386 -0.033311 0.477848
    205 4.869042 -12.097008 10.313644 1.573069 1.561257 -3.116808
    206 3.999897 0.000040 0.001007 -0.136308 0.000060 0.000000
    207 0.600403 0.399632 -0.000469 0.000000 0.000000 -3.141496
    208 0.599890 0.400186 0.000031 0.000000 0.000000 -3.141592
    209 2.300137 -2.499413 0.600155 -0.891898 -0.221466 -0.527212
    210 0.872437 -12.142033 -3.785058 1.617349 0.403105 -1.772977
    211 2.762354 0.116951 1.523975 1.629482 0.064153 1.743800
    212 7.228317 7.928200 -3.925652 2.328713 0.123459 -0.568477
    213 0.650396 -0.547731 -0.092976 1.665913 0.131399 -0.112062
    214 1.899441 -0.000320 -0.000150 -0.027386 0.033311 0.477848
    215 0.657068 0.008398 -0.040379 1.665945 0.131407 -0.000013
    216 1.799659 -0.000233 -0.000233 -0.027386 0.033311 0.477848
    217 1.799659 -0.000233 -0.000233 -0.027386 0.033311 0.477848
    218 1.799659 -0.000233 -0.000233 -0.027386 0.033311 0.477848
    219 0.665778 0.747222 0.029179 1.665935 0.131408 0.094976
    220 1.900722 0.000549 -0.000072 -0.027386 0.033311 0.477848
    221 4.530998 0.000000 0.000000 0.000000 0.000000 0.000000
    222 4.527344 0.000000 0.000000 0.000000 0.000000 0.000000
    223 0.000000 0.000000 0.000000 0.000000 0.000000 0.000000
    224 0.000000 0.000000 0.000000 0.000000 0.000000 0.000000
    225 4.000000 -6.500000 0.000000 0.000000 0.000000 0.000977
    226 -6.500000 0.000000 0.000000 0.000000 1.570752 0.000000
    227 11.375115 4.359757 7.325575 -1.940307 0.167700 2.435289
    228 0.280000 -0.135000 2.196999 1.570796 0.000000 -1.570735
    229 0.000000 0.000000 0.000000 0.000000 0.000000 0.000000
    230 0.000000 0.000000 0.000000 0.028655 -0.008593 0.043768
    231 0.106000 0.000000 -64.320000 0.000000 0.000000 0.000000
    232 0.000000 0.000000 0.000000 0.000000 0.000000 0.000000
    233 -0.106000 0.000000 64.320000 0.000000 0.000000 0.000000
    234 0.003042 -0.001328 -64.319374 0.000009 0.000084 -3.141638
    235 0.000000 0.000000 0.000000 -0.000303 0.000193 -0.000090
    236 1.688000 -0.001000 -1.454002 0.000000 0.000000 0.000000
    237 -1.070999 -0.005000 0.545002 0.000000 0.000000 0.000000
    238 5.895000 0.750997 -0.156000 0.000000 0.000000 0.000000
    239 11.599999 -0.000003 -1.500002 0.000000 0.000000 0.000000
    240 1.037001 1.337997 -4.334000 -2.791227 -0.162411 -0.765711
    241 7.216001 -0.000003 -1.579000 0.000000 0.000000 0.000000
    242 4.445999 -0.000003 -1.500000 0.000000 0.000000 0.000000
    243 0.673937 -0.015635 -4.768713 -3.141592 -1.281051 3.141593
    244 0.094999 -0.144000 0.332001 0.000000 0.000000 0.000000
    245 14.209020 0.000022 0.766988 0.000000 0.000000 0.000000
    246 0.000000 0.000000 0.000000 1.570800 0.000000 -1.570796
  time 19
    0 0.000000 0.000000 0.000000 0.000000 0.000000 -1.570796
    1 -0.106750 -0.000001 -0.000351 0.000000 0.000000 0.000000
    2 0.000000 0.000000 0.000000 0.000000 0.000000 0.000000
    3 -0.904000 0.000000 -11.806000 0.000000 0.000000 0.000000
    4 0.000000 0.000000 -14.313999 1.570807 -1.570729 0.000000
    5 3.533001 0.000000 0.000000 0.000000 0.000000 0.000000
    6 6.250000 0.000000 0.000000 0.000000 0.000000 0.000000
    7 4.920371 5.683792 -1.944020 -1.228782 1.542466 -1.228851
    8 9.572857 1.148498 2.873748 1.495297 -1.443765 -1.495951
    9 5.786820 0.002787 -0.000113 -1.780146 0.845416 -1.492117
    10 5.999492 -0.000592 -4.000343 0.000000 0.000000 0.000000
    11 5.787410 0.002582 0.000893 0.096247 0.146186 -0.964830
    12 5.999492 -0.000592 4.000340 0.000000 0.000000 0.000000
    13 0.500225 0.000133 -0.000084 0.660460 0.000048 0.000012
    14 11.530657 0.000349 -0.001308 0.000055 -0.000159 -2.340674
    15 -0.829338 0.893824 0.079659 -0.148839 0.047645 0.087266
    16 0.500225 0.000132 0.000072 0.479687 0.000000 0.000000
    17 11.532495 0.000526 0.003814 0.000054 0.000026 -1.178491
    18 -0.829586 0.894698 -0.079468 0.045377 -0.019621 0.087266
    19 10.599886 0.000105 -0.000553 -0.238949 -0.000024 0.000000
    20 1.338452 -0.564252 -0.000805 0.000036 0.000047 1.170299
    21 11.042053 0.003717 0.000798 -0.645838 -0.521191 0.811469
    22 -11.814724 0.424524 -0.297680 0.247998 -0.066121 -0.042695
    23 10.599878 0.000105 0.000549 -0.358701 -0.000060 -0.000048
    24 0.221229 -0.329870 0.000801 -0.000024 -0.000047 0.589214
    25 11.041739 0.003170 -0.000568 -0.389540 0.428745 0.024071
    26 -11.663242 0.094713 0.140656 -0.068591 0.018527 -0.015099
    27 0.610300 -0.939470 0.070347 -1.645242 0.106996 -0.101995
    28 0.639938 -0.199121 0.060192 -1.727228 0.088130 -0.054546
    29 0.600155 1.080260 -0.339535 -1.881931 0.589206 -0.137520
    30 0.610207 0.400743 -0.010098 -1.840897 0.273605 -0.064390
    31 0.658153 -0.658840 -0.271407 0.617778 0.681769 -0.868080
    32 -0.792125 0.203736 0.461304 1.439074 -0.003453 -0.018305
    33 0.610300 -0.939469 -0.070354 1.655238 0.140141 -0.175584
    34 0.639938 -0.199121 -0.060200 1.665858 0.129882 -0.066615
    35 0.600157 1.080260 0.339531 1.738023 -0.024349 0.106774
    36 0.610205 0.400743 0.010086 1.763344 0.058548 0.042357
    37 0.627906 -0.691394 0.232270 -0.318266 -0.552104 -0.952439
    38 -0.626031 -0.069982 -0.080517 -1.447153 0.086151 0.021559
    39 2.621377 -0.002532 -0.001438 -0.153930 -0.158257 0.296399
    40 2.660837 0.000397 -0.000071 -0.188513 -0.017673 0.615602
    41 2.202488 0.003364 -0.002863 0.133206 0.303050 -0.222110
    42 0.599950 0.959236 -0.300102 -0.174544 0.000000 0.000000
    43 2.557190 -0.001967 0.002453 0.009188 0.076975 0.375914
    44 2.098929 0.000032 -0.002193 -0.470136 0.122310 0.669680
    45 0.999378 -0.000238 -1.361718 0.000000 0.000000 0.000000
    46 -0.122641 -0.721855 0.661686 -0.486644 0.223964 0.243056
    47 2.622112 -0.000648 0.002741 -0.002034 0.004392 0.706806
    48 2.657909 0.000687 -0.000533 0.020366 -0.017027 0.905713
    49 2.200014 0.001663 0.000836 0.093971 -0.070866 0.388346
    50 0.599949 0.959244 0.300102 0.174544 0.000000 0.000000
    51 2.556571 -0.000385 0.000554 0.088042 -0.059314 0.619794
    52 2.103853 0.001708 -0.001011 0.274223 -0.236800 0.430040
    53 0.999376 -0.000240 1.252336 0.000000 0.000000 0.946859
    54 0.310848 -0.606446 -0.498005 0.308107 -0.197598 0.313975
    55 1.869163 -0.000835 -0.000994 -0.000007 0.000003 0.809749
    56 1.200941 0.399582 -0.000237 -0.009465 0.016087 0.007127
    57 0.000586 0.100342 -0.000319 -0.120035 -0.021926 -0.209617
    58 -0.161663 0.051712 0.194808 -2.941982 0.122408 -0.060194
    59 2.010090 -0.003202 -0.003377 -0.000030 -0.000035 1.511543
    60 0.000237 0.099800 -0.000395 -0.018823 0.010833 -0.239219
    61 -0.203197 0.048607 0.069150 -3.093332 0.033217 -0.046722
    62 1.180426 -0.002312 0.000781 0.012822 0.013794 0.926209
    63 -0.000196 0.099625 -0.000034 0.000000 0.000000 -0.314102
    64 -0.088737 -0.688435 -0.145203 2.930407 -0.136130 0.513013
    65 1.712069 -0.003328 0.003818 0.000059 -0.000045 1.169867
    66 -0.000576 0.100143 -0.000311 -0.010914 0.023131 -0.260843
    67 -0.146027 -0.232426 -0.014225 3.028455 -0.094299 0.113020
    68 1.290634 0.000361 -0.000036 0.000000 -0.000060 0.319629
    69 -0.658119 -0.003576 0.072643 -0.142711 0.027792 -0.077299
    70 1.868078 -0.003049 0.002177 -0.000045 0.000027 1.306266
    71 1.200075 0.399942 -0.000093 0.009465 -0.016087 0.007127
    72 0.000589 0.100342 0.000319 0.120035 0.021926 -0.209617
    73 0.068073 0.002283 -0.080050 3.111376 -0.069366 -0.060847
    74 2.011874 -0.001179 0.002180 -0.000001 -0.000001 1.100301
    75 0.000233 0.099800 0.000395 0.018823 -0.010833 -0.239219
    76 -0.018673 -0.001009 0.047544 3.109244 0.002635 -0.106673
    77 1.178665 0.001595 0.000845 0.000006 -0.000001 0.201199
    78 -0.000196 0.099628 0.000034 0.000000 0.000000 -0.314102
    79 0.036894 -0.634449 0.266284 -2.801062 0.174301 0.490915
    80 1.708256 -0.002504 -0.000686 0.000050 -0.000025 0.999132
    81 -0.000580 0.100140 0.000311 0.010910 -0.023132 -0.260845
    82 -0.003952 -0.281811 0.115047 -3.059162 0.089004 0.167964
    83 1.289625 0.000042 0.000061 0.000070 0.000038 0.770046
    84 -0.171526 -0.018150 -0.099873 0.013484 -0.062184 -0.011781
    85 0.916622 0.003336 0.001326 0.000007 0.000009 2.111543
    86 -0.342617 0.053402 -0.025571 -2.909301 -0.017248 0.075276
    87 1.100231 -0.000928 -0.002434 0.000009 0.000002 0.782749
    88 -0.384979 0.331001 0.006848 -3.087207 -0.018765 -0.184278
    89 0.678146 0.002286 -0.003905 0.002223 -0.002979 0.190827
    90 -0.123848 0.072738 0.029507 2.898184 -0.060627 0.094835
    91 1.017166 -0.000154 -0.000252 -0.000011 -0.000062 0.143519
    92 -0.344990 0.123129 0.143151 2.994981 0.012396 0.059140
    93 -0.730989 0.177046 0.039141 -0.123731 0.076518 -0.084310
    94 0.921993 0.001298 -0.000896 -0.000002 -0.000011 0.490098
    95 -0.124023 -0.052090 0.038495 3.077813 -0.008519 0.039229
    96 1.100433 -0.003552 0.000502 0.000018 0.000066 0.791732
    97 -0.330082 0.160639 0.042780 3.128073 0.034033 -0.171236
    98 0.679764 0.001532 0.003272 -0.000022 -0.000045 1.059133
    99 -0.019512 -0.016531 0.038578 -2.763781 0.050305 0.076829
    100 1.018891 0.001206 0.001121 -0.000006 -0.000041 0.518067
    101 -0.155308 0.130644 -0.021921 -3.022466 0.022433 -0.024902
    102 -0.252207 0.061937 -0.024914 -0.007671 -0.063171 -0.044392
    103 -0.085995 0.185205 -0.015180 -2.937063 -0.113970 -0.138991
    104 -0.286533 0.179852 0.024264 -3.109353 -0.049645 -0.029914
    105 -0.019482 0.147083 0.079203 2.893815 0.038585 -0.060594
    106 -0.046482 0.251896 0.129548 3.016165 0.077112 -0.042864
    107 0.039124 -0.040295 0.047739 3.084219 0.030470 -0.037414
    108 -0.233757 0.066630 0.001754 -3.133087 0.040141 -0.065412
    109 0.044266 0.020131 0.001684 -2.778763 -0.118872 -0.040488
    110 0.071495 0.074128 -0.048302 -3.035917 -0.059482 0.104366
    111 0.000000 0.000000 0.000000 0.000000 0.000000 -1.570796
    112 -3.105564 -17.613819 -3.441511 -1.977355 0.160481 0.814811
    113 0.000000 0.000000 0.000000 0.000000 0.000000 0.000000
    114 4.191534 -10.383129 -4.953276 -1.977112 0.161209 0.813752
    115 3.096000 0.000000 -1.996000 0.000000 0.000000 0.000000
    116 3.040999 0.000000 1.202000 0.000000 0.000000 0.000000
    117 7.854000 0.000000 -0.042000 0.000000 0.000000 0.000000
    118 13.105999 0.000000 -0.006000 0.000000 0.000000 -0.000013
    119 3.456000 0.000000 -1.084000 0.000000 0.000000 0.000000
    120 1.804000 0.000000 -1.025000 0.000000 0.000000 0.000000
    121 7.098000 0.000000 -1.084000 0.000000 0.000000 0.000000
    122 1.868000 1.809000 -1.975000 -2.218497 -0.017091 -0.465758
    123 3.740000 0.000000 1.273000 0.000000 0.000000 0.000000
    124 11.956999 0.000000 -0.006000 0.000000 0.000000 0.000013
    125 6.072001 0.000000 -1.238000 0.000000 0.000000 0.000000
    126 5.690000 -0.365000 0.068000 -0.000118 -0.348941 -1.570715
    127 6.396999 0.614000 0.428000 0.000000 0.000000 0.000000
    128 3.040999 0.000000 1.202000 0.000000 0.000000 0.000000
    129 3.720000 0.000000 1.202000 0.000000 0.000000 0.000000
    130 1.086000 -0.661000 -0.149000 0.000000 0.000000 0.000000
    131 1.067000 0.589000 0.076000 0.000000 0.000000 0.000000
    132 0.000000 -0.019000 0.000000 0.000000 0.000000 0.000000
    133 0.000000 -0.019000 0.000000 0.000000 0.000000 0.000000
    134 3.300000 -0.019000 1.346000 0.000000 0.000000 0.000000
    135 -1.524000 -1.859000 -4.367000 -1.730149 -0.014933 0.208109
    136 7.283999 0.000000 -2.195000 0.000000 0.000000 0.000000
    137 -1.323000 0.000000 0.184000 0.000000 0.000000 0.000000
    138 0.082000 0.000000 1.002000 0.000000 0.000000 0.000000
    139 20.693297 48.899930 37.251537 -2.072423 0.623732 2.656846
    140 0.478000 0.000000 -4.537000 0.000000 0.000000 0.000000
    141 3.436000 0.000000 1.202000 0.000000 0.000000 0.000000
    142 3.040999 0.000000 1.202000 0.000000 0.000000 0.000000
    143 4.657000 0.000000 1.545000 0.000000 0.000000 0.000000
    144 -0.403000 0.000000 -0.011000 0.000000 0.000000 0.000000
    145 1.781000 0.000000 0.873000 0.000000 0.000000 0.000000
    146 0.384000 0.715000 0.801000 0.000000 0.000000 0.000000
    147 1.795000 0.533000 -1.550000 0.000000 0.000000 0.000000
    148 4.435999 0.595000 -0.954000 0.000000 0.000000 0.000000
    149 4.401999 -0.614000 -1.630000 0.000000 0.000000 0.000000
    150 4.203000 -0.003000 -0.048000 0.000000 0.000000 0.000000
    151 5.136000 0.000000 1.534000 0.000000 0.000000 0.000000
    152 11.957001 0.000000 -0.006000 0.000000 0.000000 0.000013
    153 -2.103001 0.000000 0.000000 0.000000 0.000000 0.000000
    154 -0.598001 0.000000 -0.011000 0.000000 0.000000 0.000000
    155 0.496000 0.184000 -3.523000 0.000000 0.000000 0.000000
    156 0.147000 0.184000 -0.328000 0.000000 0.000000 0.000000
    157 0.147000 0.184000 0.023000 0.000000 0.000000 0.000000
    158 0.147000 0.184000 0.368000 0.000000 0.000000 0.000000
    159 0.147000 0.184000 0.717000 0.000000 0.000000 0.000000
    160 0.147000 0.184000 1.067000 0.000000 0.000000 0.000000
    161 0.148000 0.184000 1.414000 0.000000 0.000000 0.000000
    162 0.148000 -0.074000 1.640000 0.000000 0.000000 0.000000
    163 0.435000 0.184000 -3.179000 0.000000 0.000000 0.000000
    164 0.378000 0.184000 -2.826000 0.000000 0.000000 0.000000
    165 0.329000 0.184000 -2.477000 0.000000 0.000000 0.000000
    166 0.286000 0.184000 -2.127000 0.000000 0.000000 0.000000
    167 0.252000 0.184000 -1.775000 0.000000 0.000000 0.000000
    168 0.215000 0.184000 -1.417000 0.000000 0.000000 0.000000
    169 0.190000 0.184000 -1.064000 0.000000 0.000000 0.000000
    170 0.166000 0.184000 -0.714000 0.000000 0.000000 0.000000
    171 1.622000 0.000000 1.568000 0.000000 0.000000 0.000000
    172 2.240000 0.000000 1.568000 0.000000 0.000000 0.000000
    173 0.000000 0.000000 0.000000 0.000000 0.000000 0.000000
    174 0.000000 0.000000 -4.867001 3.141572 -0.003206 -3.128592
    175 1.000088 -0.000029 0.000000 0.000000 0.000000 0.000000
    176 17.162518 -0.000404 0.000000 0.000000 0.000000 0.119207
    177 17.749374 0.295515 0.000000 0.000000 0.000000 -1.158919
    178 5.413528 0.000347 0.000000 0.000000 0.000000 -0.518029
    179 0.017887 0.299792 0.000000 0.000000 0.000000 -0.059575
    180 9.999889 -0.000303 0.000000 0.000000 0.000000 0.000000
    181 0.000000 0.000000 4.867000 -3.141572 0.003206 -3.128592
    182 1.000088 -0.000029 0.000000 0.000000 0.000000 0.000000
    183 12.283573 1.581455 -4.695999 1.462269 -0.086726 0.090185
    184 17.162518 -0.000404 0.000000 0.000000 0.000000 0.119207
    185 17.749374 0.295515 0.000000 0.000000 0.000000 -1.158919
    186 5.413528 0.000347 0.000000 0.000000 0.000000 -0.518027
    187 0.017887 0.299792 0.000000 0.000000 0.000000 -0.059573
    188 9.499836 0.000212 0.000000 0.000000 0.000000 0.000000
    189 -1.145525 0.000130 0.000671 0.000000 0.000000 0.000000
    190 -0.857691 0.104071 0.104687 0.023536 0.163924 0.013632
    191 3.999430 -0.000528 -0.000332 -0.298680 0.000000 0.000000
    192 0.599499 0.400698 0.000236 0.000000 0.000000 0.000000
    193 0.599886 0.400186 -0.000027 0.000000 0.000000 0.000000
    194 2.299677 -2.499979 -0.599480 0.891898 0.221465 -0.527213
    195 2.829856 8.021799 -7.148604 1.663848 -0.611332 -1.569890
    196 -9.580679 -27.862108 -37.184677 0.812879 -0.123459 -0.568477
    197 0.649935 -0.548296 0.093658 -1.665913 -0.131399 -0.112062
    198 1.899127 0.000427 -0.000439 0.027386 -0.033311 0.477848
    199 0.657078 0.008400 0.040375 -1.665945 -0.131407 -0.000013
    200 1.799664 -0.000240 0.000231 0.027386 -0.033311 0.477848
    201 1.799664 -0.000240 0.000231 0.027386 -0.033311 0.477848
    202 1.799664 -0.000240 0.000231 0.027386 -0.033311 0.477848
    203 0.665774 0.747222 -0.029186 -1.665935 -0.131408 0.094976
    204 1.900306 -0.000137 -0.000517 0.027386 -0.033311 0.477848
    205 4.884668 -11.042288 9.473775 1.571057 1.561305 -3.114604
    206 3.999897 0.000040 0.001007 -0.179429 0.000000 0.000000
    207 0.600403 0.399632 -0.000469 0.000000 0.000000 3.141593
    208 0.599890 0.400186 0.000031 0.000000 0.000000 -3.141496
    209 2.300137 -2.499413 0.600155 -0.891898 -0.221466 -0.527212
    210 1.309951 -12.142033 -3.820215 1.653637 0.407888 -1.731097
    211 2.762354 0.116951 1.523975 1.629482 0.064153 1.743800
    212 7.228317 7.928200 -3.925652 2.328713 0.123459 -0.568477
    213 0.650396 -0.547731 -0.092976 1.665913 0.131399 -0.112062
    214 1.899441 -0.000320 -0.000150 -0.027386 0.033311 0.477848
    215 0.657068 0.008398 -0.040379 1.665945 0.131407 -0.000013
    216 1.799659 -0.000233 -0.000233 -0.027386 0.033311 0.477848
    217 1.799659 -0.000233 -0.000233 -0.027386 0.033311 0.477848
    218 1.799659 -0.000233 -0.000233 -0.027386 0.033311 0.477848
    219 0.665778 0.747222 0.029179 1.665935 0.131408 0.094976
    220 1.900722 0.000549 -0.000072 -0.027386 0.033311 0.477848
    221 4.530998 0.000000 0.000000 0.000000 0.000000 0.000000
    222 4.527344 0.000000 0.000000 0.000000 0.000000 0.000000
    223 0.000000 0.000000 0.000000 0.000000 0.000000 0.000000
    224 0.000000 0.000000 0.000000 0.000000 0.000000 0.000000
    225 4.000000 -6.500000 0.000000 0.000000 0.000000 0.000977
    226 -6.500000 0.000000 0.000000 0.000000 1.570752 0.000000
    227 11.390741 4.207409 6.848998 -1.977005 0.160636 2.385780
    228 0.280000 -0.135000 2.196999 1.570796 0.000000 -1.570735
    229 0.000000 0.000000 0.000000 0.000000 0.000000 0.000000
    230 0.000000 0.000000 0.000000 0.024508 -0.007119 0.043001
    231 0.106000 0.000000 -64.320000 0.000000 0.000000 0.000000
    232 0.000000 0.000000 0.000000 0.000000 0.000000 0.000000
    233 -0.106000 0.000000 64.320000 0.000000 0.000000 0.000000
    234 0.003042 -0.001328 -64.319374 0.000009 0.000084 -3.141638
    235 0.000000 0.000000 0.000000 -0.000303 0.000193 -0.000090
    236 1.688000 -0.001000 -1.454002 0.000000 0.000000 0.000000
    237 -1.070999 -0.005000 0.545002 0.000000 0.000000 0.000000
    238 5.895000 0.750997 -0.156000 0.000000 0.000000 0.000000
    239 11.599999 -0.000003 -1.500002 0.000000 0.000000 0.000000
    240 1.037001 1.337997 -4.334000 -2.791227 -0.162411 -0.765711
    241 7.216001 -0.000003 -1.579000 0.000000 0.000000 0.000000
    242 4.445999 -0.000003 -1.500000 0.000000 0.000000 0.000000
    243 0.673937 -0.015635 -4.768713 -3.141592 -1.281051 3.141593
    244 0.094999 -0.144000 0.332001 0.000000 0.000000 0.000000
    245 14.209020 0.000022 0.766988 0.000000 0.000000 0.000000
    246 0.000000 0.000000 0.000000 1.570800 0.000000 -1.570796
  time 20
    0 0.000000 0.000000 0.000000 0.000000 0.000000 -1.570796
    1 -0.106750 -0.000001 -0.000351 0.000000 0.000000 0.000000
    2 0.000000 0.000000 0.000000 0.000000 0.000000 0.000000
    3 -0.904000 0.000000 -11.806000 0.000000 0.000000 0.000000
    4 0.000000 0.000000 -14.313999 1.570807 -1.570729 0.000000
    5 3.533001 0.000000 0.000000 0.000000 0.000000 0.000000
    6 6.250000 0.000000 0.000000 0.000000 0.000000 0.000000
    7 6.057125 4.312657 -1.944020 -1.308874 1.533966 -1.309020
    8 9.572857 1.425850 2.838591 1.497187 -1.440568 -1.497771
    9 5.786820 0.002787 -0.000113 -1.602058 1.094054 -1.213852
    10 5.999492 -0.000592 -4.000343 0.000000 0.000000 0.000000
    11 5.787410 0.002582 0.000893 0.149686 0.021496 -0.781644
    12 5.999492 -0.000592 4.000340 0.000000 0.000000 0.000000
    13 0.500225 0.000133 -0.000084 0.600543 0.000000 0.000000
    14 11.530657 0.000349 -0.001308 -0.000065 0.000033 -2.324181
    15 -0.829338 0.893824 0.079659 -0.148839 0.047645 0.087266
    16 0.500225 0.000132 0.000072 0.325572 0.000000 0.000000
    17 11.532495 0.000526 0.003814 0.000054 0.000038 -1.414916
    18 -0.829586 0.894698 -0.079468 0.045377 -0.019621 0.087266
    19 10.599886 0.000105 -0.000553 -0.316852 0.000012 0.000000
    20 1.318920 -0.568159 -0.000805 -0.000024 -0.000049 1.161977
    21 11.042053 0.003717 0.000798 -0.884861 -0.404178 0.494756
    22 -11.814724 0.424524 -0.297680 0.247998 -0.066121 -0.042695
    23 10.599878 0.000105 0.000549 -0.513978 0.000000 0.000000
    24 0.357952 -0.419717 0.000801 -0.000072 -0.000047 0.707519
    25 11.041739 0.003170 -0.000568 -0.565308 0.503105 0.047625
    26 -11.663242 0.094713 0.140656 -0.068591 0.018527 -0.015099
    27 0.610300 -0.939470 0.070347 -1.649384 0.059021 -0.098207
    28 0.639938 -0.199121 0.060192 -1.731600 0.040228 -0.050028
    29 0.600155 1.080260 -0.339535 -1.871905 0.541794 -0.124685
    30 0.610207 0.400743 -0.010098 -1.839553 0.226122 -0.054407
    31 0.658153 -0.662746 -0.271407 0.649989 0.646139 -0.876929
    32 -0.792125 0.203736 0.461304 1.439074 -0.003453 -0.018305
    33 0.610300 -0.939469 -0.070354 1.655238 0.140141 -0.175584
    34 0.639938 -0.199121 -0.060200 1.665858 0.124081 -0.067130
    35 0.600157 1.080260 0.339531 1.738076 -0.034069 0.105228
    36 0.610205 0.400743 0.010086 1.766409 0.050147 0.040679
    37 0.627906 -0.691394 0.232270 -0.327274 -0.550321 -0.957523
    38 -0.626031 -0.069982 -0.080517 -1.447153 0.086151 0.021559
    39 2.621377 -0.002532 -0.001438 -0.156936 -0.160731 0.320063
    40 2.660837 0.000397 -0.000071 -0.203527 -0.011151 0.646747
    41 2.202488 0.003364 -0.002863 0.143525 0.318767 -0.175611
    42 0.599950 0.959236 -0.300102 -0.174544 0.000000 0.000000
    43 2.557190 -0.001967 0.002453 0.007390 0.092886 0.441074
    44 2.098929 0.000032 -0.002193 -0.470136 0.122310 0.669638
    45 0.999378 -0.000238 -1.361718 0.000000 0.000000 0.000000
    46 -0.122641 -0.721855 0.661686 -0.486644 0.223964 0.243056
    47 2.622112 -0.000648 0.002741 -0.007403 0.015986 0.654319
    48 2.657909 0.000687 -0.000533 0.033373 -0.016763 0.937597
    49 2.200014 0.001663 0.000836 0.090172 -0.078152 0.460899
    50 0.599949 0.959244 0.300102 0.174544 0.000000 0.000000
    51 2.556571 -0.000385 0.000554 0.085981 -0.055423 0.675930
    52 2.103853 0.001708 -0.001011 0.274197 -0.236848 0.430143
    53 0.999376 -0.000240 1.252336 0.000000 0.000000 0.946859
    54 0.310848 -0.606446 -0.498005 0.308107 -0.197598 0.313975
    55 1.869163 -0.000835 -0.000994 -0.000007 0.000003 0.930987
    56 1.200941 0.399582 -0.000237 -0.009465 0.016087 0.007127
    57 0.000586 0.100342 -0.000319 -0.120035 -0.021926 -0.209617
    58 -0.161663 0.051712 0.194808 -2.941982 0.122408 -0.060194
    59 2.010090 -0.003202 -0.003377 -0.000030 0.000048 1.690587
    60 0.000237 0.099800 -0.000395 -0.018823 0.010833 -0.239219
    61 -0.203197 0.048607 0.069150 -3.093332 0.033217 -0.046722
    62 1.180426 -0.002312 0.000781 0.036695 0.043528 1.246183
    63 -0.000196 0.099625 -0.000034 0.000000 0.000000 -0.314102
    64 -0.088737 -0.688435 -0.145203 2.930407 -0.136130 0.513013
    65 1.712069 -0.003328 0.003818 0.000047 -0.000045 1.471479
    66 -0.000576 0.100143 -0.000311 -0.010914 0.023131 -0.260843
    67 -0.146027 -0.232426 -0.014225 3.028455 -0.094299 0.113020
    68 1.290634 0.000361 -0.000036 0.000000 0.000000 0.447039
    69 -0.658119 -0.003576 0.072643 -0.142711 0.027792 -0.077299
    70 1.868078 -0.003049 0.002177 0.000051 -0.000045 1.284234
    71 1.200075 0.399942 -0.000093 0.009465 -0.016087 0.007127
    72 0.000589 0.100342 0.000319 0.120035 0.021926 -0.209617
    73 0.068073 0.002283 -0.080050 3.111376 -0.069366 -0.060847
    74 2.011874 -0.001179 0.002180 -0.000001 -0.000001 1.090594
    75 0.000233 0.099800 0.000395 0.018823 -0.010833 -0.239219
    76 -0.018673 -0.001009 0.047544 3.109244 0.002635 -0.106673
    77 1.178665 0.001595 0.000845 0.000006 -0.000001 0.223933
    78 -0.000196 0.099628 0.000034 0.000000 0.000000 -0.314102
    79 0.036894 -0.634449 0.266284 -2.801062 0.174301 0.490915
    80 1.708256 -0.002504 -0.000686 -0.000010 0.000011 0.982761
    81 -0.000580 0.100140 0.000311 0.010910 -0.023132 -0.260845
    82 -0.003952 -0.281811 0.115047 -3.059162 0.089004 0.167964
    83 1.289625 0.000042 0.000061 0.000070 0.000038 0.769948
    84 -0.171526 -0.018150 -0.099873 0.013484 -0.062184 -0.011781
    85 0.916622 0.003336 0.001326 -0.000101 -0.000051 2.158587
    86 -0.342617 0.053402 -0.025571 -2.909301 -0.017248 0.075276
    87 1.100231 -0.000928 -0.002434 0.000009 0.000002 0.777290
    88 -0.384979 0.331001 0.006848 -3.087207 -0.018765 -0.184278
    89 0.678146 0.002286 -0.003905 0.007041 -0.009043 0.359266
    90 -0.123848 0.072738 0.029507 2.898184 -0.060627 0.094835
    91 1.017166 -0.000154 -0.000252 -0.000011 -0.000062 0.143471
    92 -0.344990 0.123129 0.143151 2.994981 0.012396 0.059140
    93 -0.730989 0.177046 0.039141 -0.123731 0.076518 -0.084310
    94 0.921993 0.001298 -0.000896 -0.000002 -0.000011 0.496382
    95 -0.124023 -0.052090 0.038495 3.077813 -0.008519 0.039229
    96 1.100433 -0.003552 0.000502 -0.000006 0.000006 0.764164
    97 -0.330082 0.160639 0.042780 3.128073 0.034033 -0.171236
    98 0.679764 0.001532 0.003272 0.000002 0.000003 1.023593
    99 -0.019512 -0.016531 0.038578 -2.763781 0.050305 0.076829
    100 1.018891 0.001206 0.001121 -0.000006 -0.000053 0.513370
    101 -0.155308 0.130644 -0.021921 -3.022466 0.022433 -0.024902
    102 -0.252207 0.061937 -0.024914 -0.007671 -0.063171 -0.044392
    103 -0.085995 0.185205 -0.015180 -2.937063 -0.113970 -0.138991
    104 -0.286533 0.179852 0.024264 -3.109353 -0.049645 -0.029914
    105 -0.019482 0.147083 0.079203 2.893815 0.038585 -0.060594
    106 -0.046482 0.251896 0.129548 3.016165 0.077112 -0.042864
    107 0.039124 -0.040295 0.047739 3.084219 0.030470 -0.037414
    108 -0.233757 0.066630 0.001754 -3.133087 0.040141 -0.065412
    109 0.044266 0.020131 0.001684 -2.778763 -0.118872 -0.040488
    110 0.071495 0.074128 -0.048302 -3.035917 -0.059482 0.104366
    111 0.000000 0.000000 0.000000 0.000000 0.000000 -1.570796
    112 -4.660298 -16.336436 -4.535295 -2.023228 0.147686 0.652109
    113 0.000000 0.000000 0.000000 0.000000 0.000000 0.000000
    114 3.742302 -10.355785 -5.898618 -2.023111 0.148285 0.652185
    115 3.096000 0.000000 -1.996000 0.000000 0.000000 0.000000
    116 3.040999 0.000000 1.202000 0.000000 0.000000 0.000000
    117 7.854000 0.000000 -0.042000 0.000000 0.000000 0.000000
    118 13.105999 0.000000 -0.006000 0.000000 0.000000 -0.000013
    119 3.456000 0.000000 -1.084000 0.000000 0.000000 0.000000
    120 1.804000 0.000000 -1.025000 0.000000 0.000000 0.000000
    121 7.098000 0.000000 -1.084000 0.000000 0.000000 0.000000
    122 1.868000 1.809000 -1.975000 -2.218497 -0.017091 -0.465758
    123 3.740000 0.000000 1.273000 0.000000 0.000000 0.000000
    124 11.956999 0.000000 -0.006000 0.000000 0.000000 0.000013
    125 6.072001 0.000000 -1.238000 0.000000 0.000000 0.000000
    126 5.690000 -0.365000 0.068000 -0.000118 -0.348941 -1.570715
    127 6.396999 0.614000 0.428000 0.000000 0.000000 0.000000
    128 3.040999 0.000000 1.202000 0.000000 0.000000 0.000000
    129 3.720000 0.000000 1.202000 0.000000 0.000000 0.000000
    130 1.086000 -0.661000 -0.149000 0.000000 0.000000 0.000000
    131 1.067000 0.589000 0.076000 0.000000 0.000000 0.000000
    132 0.000000 -0.019000 0.000000 0.000000 0.000000 0.000000
    133 0.000000 -0.019000 0.000000 0.000000 0.000000 0.000000
    134 3.300000 -0.019000 1.346000 0.000000 0.000000 0.000000
    135 -1.524000 -1.859000 -4.367000 -1.730149 -0.014933 0.208109
    136 7.283999 0.000000 -2.195000 0.000000 0.000000 0.000000
    137 -1.323000 0.000000 0.184000 0.000000 0.000000 0.000000
    138 0.082000 0.000000 1.002000 0.000000 0.000000 0.000000
    139 17.931494 46.474074 39.993809 -2.197504 0.741952 2.522309
    140 0.478000 0.000000 -4.537000 0.000000 0.000000 0.000000
    141 3.436000 0.000000 1.202000 0.000000 0.000000 0.000000
    142 3.040999 0.000000 1.202000 0.000000 0.000000 0.000000
    143 4.657000 0.000000 1.545000 0.000000 0.000000 0.000000
    144 -0.403000 0.000000 -0.011000 0.000000 0.000000 0.000000
    145 1.781000 0.000000 0.873000 0.000000 0.000000 0.000000
    146 0.384000 0.715000 0.801000 0.000000 0.000000 0.000000
    147 1.795000 0.533000 -1.550000 0.000000 0.000000 0.000000
    148 4.435999 0.595000 -0.954000 0.000000 0.000000 0.000000
    149 4.401999 -0.614000 -1.630000 0.000000 0.000000 0.000000
    150 4.203000 -0.003000 -0.048000 0.000000 0.000000 0.000000
    151 5.136000 0.000000 1.534000 0.000000 0.000000 0.000000
    152 11.957001 0.000000 -0.006000 0.000000 0.000000 0.000013
    153 -2.103001 0.000000 0.000000 0.000000 0.000000 0.000000
    154 -0.598001 0.000000 -0.011000 0.000000 0.000000 0.000000
    155 0.496000 0.184000 -3.523000 0.000000 0.000000 0.000000
    156 0.147000 0.184000 -0.328000 0.000000 0.000000 0.000000
    157 0.147000 0.184000 0.023000 0.000000 0.000000 0.000000
    158 0.147000 0.184000 0.368000 0.000000 0.000000 0.000000
    159 0.147000 0.184000 0.717000 0.000000 0.000000 0.000000
    160 0.147000 0.184000 1.067000 0.000000 0.000000 0.000000
    161 0.148000 0.184000 1.414000 0.000000 0.000000 0.000000
    162 0.148000 -0.074000 1.640000 0.000000 0.000000 0.000000
    163 0.435000 0.184000 -3.179000 0.000000 0.000000 0.000000
    164 0.378000 0.184000 -2.826000 0.000000 0.000000 0.000000
    165 0.329000 0.184000 -2.477000 0.000000 0.000000 0.000000
    166 0.286000 0.184000 -2.127000 0.000000 0.000000 0.000000
    167 0.252000 0.184000 -1.775000 0.000000 0.000000 0.000000
    168 0.215000 0.184000 -1.417000 0.000000 0.000000 0.000000
    169 0.190000 0.184000 -1.064000 0.000000 0.000000 0.000000
    170 0.166000 0.184000 -0.714000 0.000000 0.000000 0.000000
    171 1.622000 0.000000 1.568000 0.000000 0.000000 0.000000
    172 2.240000 0.000000 1.568000 0.000000 0.000000 0.000000
    173 0.000000 0.000000 0.000000 0.000000 0.000000 0.000000
    174 0.000000 0.000000 -4.867001 3.141572 -0.003206 -3.128592
    175 1.000088 -0.000029 0.000000 0.000000 0.000000 0.000000
    176 17.162518 -0.000404 0.000000 0.000000 0.000000 0.119207
    177 17.749374 0.295515 0.000000 0.000000 0.000000 -1.158919
    178 5.413528 0.000347 0.000000 0.000000 0.000000 -0.518029
    179 0.017887 0.299792 0.000000 0.000000 0.000000 -0.059575
    180 9.999889 -0.000303 0.000000 0.000000 0.000000 0.000000
    181 0.000000 0.000000 4.867000 -3.141572 0.003206 -3.128592
    182 1.000088 -0.000029 0.000000 0.000000 0.000000 0.000000
    183 12.283573 1.581455 -4.695999 1.462269 -0.086726 0.090185
    184 17.162518 -0.000404 0.000000 0.000000 0.000000 0.119207
    185 17.749374 0.295515 0.000000 0.000000 0.000000 -1.158919
    186 5.413528 0.000347 0.000000 0.000000 0.000000 -0.518027
    187 0.017887 0.299792 0.000000 0.000000 0.000000 -0.059573
    188 9.499836 0.000212 0.000000 0.000000 0.000000 0.000000
    189 -1.145525 0.000130 0.000671 0.000000 0.000000 0.000000
    190 -0.857691 0.104071 0.104687 0.023536 0.163924 0.013632
    191 3.999430 -0.000528 -0.000332 -0.396042 0.000000 0.000000
    192 0.599499 0.400698 0.000236 0.000000 0.000000 0.000000
    193 0.599886 0.400186 -0.000027 0.000000 0.000000 0.000000
    194 2.299677 -2.499979 -0.599480 0.891898 0.221465 -0.527213
    195 1.825919 8.092114 -6.898597 1.754546 -0.589686 -1.471519
    196 -9.580679 -27.862108 -37.184677 0.812879 -0.123459 -0.568477
    197 0.649935 -0.548296 0.093658 -1.665913 -0.131399 -0.112062
    198 1.899127 0.000427 -0.000439 0.027386 -0.033311 0.477848
    199 0.657078 0.008400 0.040375 -1.665945 -0.131407 -0.000013
    200 1.799664 -0.000240 0.000231 0.027386 -0.033311 0.477848
    201 1.799664 -0.000240 0.000231 0.027386 -0.033311 0.477848
    202 1.799664 -0.000240 0.000231 0.027386 -0.033311 0.477848
    203 0.665774 0.747222 -0.029186 -1.665935 -0.131408 0.094976
    204 1.900306 -0.000137 -0.000517 0.027386 -0.033311 0.477848
    205 4.923731 -9.628183 8.337021 1.566745 1.561257 -3.110100
    206 3.999897 0.000040 0.001007 -0.256976 0.000000 0.000000
    207 0.600403 0.399632 -0.000469 0.000000 0.000000 3.141593
    208 0.599890 0.400186 0.000031 0.000000 0.000000 3.141593
    209 2.300137 -2.499413 0.600155 -0.891898 -0.221466 -0.527212
    210 2.466236 -12.102970 -3.792871 1.747756 0.410100 -1.619308
    211 2.762354 0.116951 1.523975 1.629482 0.064153 1.743800
    212 7.228317 7.928200 -3.925652 2.328713 0.123459 -0.568477
    213 0.650396 -0.547731 -0.092976 1.665913 0.131399 -0.112062
    214 1.899441 -0.000320 -0.000150 -0.027386 0.033311 0.477848
    215 0.657068 0.008398 -0.040379 1.665945 0.131407 -0.000013
    216 1.799659 -0.000233 -0.000233 -0.027386 0.033311 0.477848
    217 1.799659 -0.000233 -0.000233 -0.027386 0.033311 0.477848
    218 1.799659 -0.000233 -0.000233 -0.027386 0.033311 0.477848
    219 0.665778 0.747222 0.029179 1.665935 0.131408 0.094976
    220 1.900722 0.000549 -0.000072 -0.027386 0.033311 0.477848
    221 4.530998 0.000000 0.000000 0.000000 0.000000 0.000000
    222 4.527344 0.000000 0.000000 0.000000 0.000000 0.000000
    223 0.000000 0.000000 0.000000 0.000000 0.000000 0.000000
    224 0.000000 0.000000 0.000000 0.000000 0.000000 0.000000
    225 4.000000 -6.500000 0.000000 0.000000 0.000000 0.000977
    226 -6.500000 0.000000 0.000000 0.000000 1.570752 0.000000
    227 11.371209 3.738644 5.903656 -2.022966 0.147842 2.223079
    228 0.280000 -0.135000 2.196999 1.570796 0.000000 -1.570735
    229 0.000000 0.000000 0.000000 0.000000 0.000000 0.000000
    230 0.000000 0.000000 0.000000 0.019619 -0.005237 0.036349
    231 0.106000 0.000000 -64.320000 0.000000 0.000000 0.000000
    232 0.000000 0.000000 0.000000 0.000000 0.000000 0.000000
    233 -0.106000 0.000000 64.320000 0.000000 0.000000 0.000000
    234 0.003042 -0.001328 -64.319374 0.000009 0.000084 -3.141638
    235 0.000000 0.000000 0.000000 -0.000303 0.000193 -0.000090
    236 1.688000 -0.001000 -1.454002 0.000000 0.000000 0.000000
    237 -1.070999 -0.005000 0.545002 0.000000 0.000000 0.000000
    238 5.895000 0.750997 -0.156000 0.000000 0.000000 0.000000
    239 11.599999 -0.000003 -1.500002 0.000000 0.000000 0.000000
    240 1.037001 1.337997 -4.334000 -2.791227 -0.162411 -0.765711
    241 7.216001 -0.000003 -1.579000 0.000000 0.000000 0.000000
    242 4.445999 -0.000003 -1.500000 0.000000 0.000000 0.000000
    243 0.673937 -0.015635 -4.768713 -3.141592 -1.281051 3.141593
    244 0.094999 -0.144000 0.332001 0.000000 0.000000 0.000000
    245 14.209020 0.000022 0.766988 0.000000 0.000000 0.000000
    246 0.000000 0.000000 0.000000 1.570800 0.000000 -1.570796
  time 21
    0 0.000000 0.000000 0.000000 0.000000 0.000000 -1.570796
    1 -0.106750 -0.000001 -0.000351 0.000000 0.000000 0.000000
    2 0.000000 0.000000 0.000000 0.000000 0.000000 0.000000
    3 -0.904000 0.000000 -11.806000 0.000000 0.000000 0.000000
    4 0.000000 0.000000 -14.313999 1.570807 -1.570729 0.000000
    5 3.533001 0.000000 0.000000 0.000000 0.000000 0.000000
    6 6.250000 0.000000 0.000000 0.000000 0.000000 0.000000
    7 7.275912 2.773547 -1.944020 -1.384761 1.519091 -1.385080
    8 9.572857 1.707108 2.803433 1.497376 -1.439841 -1.497866
    9 5.786820 0.002787 -0.000113 -1.159180 1.217960 -0.802777
    10 5.999492 -0.000592 -4.000343 0.000000 0.000000 0.000000
    11 5.787410 0.002582 0.000893 0.166420 -0.135392 -0.540567
    12 5.999492 -0.000592 4.000340 0.000000 0.000000 0.000000
    13 0.500225 0.000133 -0.000084 0.477477 -0.000012 0.000048
    14 11.530657 0.000349 -0.001308 -0.000005 0.000009 -2.144978
    15 -0.829338 0.893824 0.079659 -0.148839 0.047645 0.087266
    16 0.500225 0.000132 0.000072 0.142442 0.000000 0.000000
    17 11.532495 0.000526 0.003814 0.000054 -0.000046 -1.692563
    18 -0.829586 0.894698 -0.079468 0.045377 -0.019621 0.087266
    19 10.599886 0.000105 -0.000553 -0.418891 0.000000 0.000000
    20 1.100164 -0.599409 -0.000805 0.000000 0.000011 1.072479
    21 11.042053 0.003717 0.000798 -1.102926 -0.456692 0.029472
    22 -11.814724 0.424524 -0.297680 0.247998 -0.066121 -0.042695
    23 10.599878 0.000105 0.000549 -0.744403 -0.000012 -0.000048
    24 0.596240 -0.525189 0.000801 0.000000 -0.000011 0.846269
    25 11.041739 0.003170 -0.000568 -0.806886 0.530563 0.041353
    26 -11.663242 0.094713 0.140656 -0.068591 0.018527 -0.015099
    27 0.610300 -0.939470 0.070347 -1.655043 -0.003287 -0.093162
    28 0.639938 -0.199121 0.060192 -1.737447 -0.022176 -0.043940
    29 0.600155 1.080260 -0.339535 -1.860342 0.479953 -0.109452
    30 0.610207 0.400743 -0.010098 -1.838423 0.164378 -0.041967
    31 0.654247 -0.662746 -0.271407 0.690615 0.599760 -0.887482
    32 -0.792125 0.203736 0.461304 1.439074 -0.003453 -0.018305
    33 0.610300 -0.939469 -0.070354 1.655238 0.140141 -0.175584
    34 0.639938 -0.199121 -0.060200 1.665807 0.118269 -0.067657
    35 0.600157 1.080260 0.339531 1.738182 -0.049253 0.102627
    36 0.610205 0.400743 0.010086 1.771249 0.037059 0.038210
    37 0.627906 -0.691394 0.232270 -0.341392 -0.547668 -0.965420
    38 -0.626031 -0.069982 -0.080517 -1.447153 0.086151 0.021559
    39 2.621377 -0.002532 -0.001438 -0.160427 -0.163668 0.333284
    40 2.660837 0.000397 -0.000071 -0.222990 -0.002709 0.687414
    41 2.202488 0.003364 -0.002863 0.154943 0.339224 -0.108066
    42 0.599950 0.959236 -0.300102 -0.174544 0.000000 0.000000
    43 2.557190 -0.001967 0.002453 0.005058 0.113670 0.525699
    44 2.098929 0.000032 -0.002193 -0.470136 0.122293 0.669596
    45 0.999378 -0.000238 -1.338280 0.000000 0.000000 0.000000
    46 -0.122641 -0.721855 0.661686 -0.486644 0.223964 0.243056
    47 2.622112 -0.000648 0.002741 -0.015179 0.032814 0.580087
    48 2.657909 0.000687 -0.000533 0.052097 -0.016272 0.985730
    49 2.200014 0.001663 0.000836 0.084731 -0.088843 0.567043
    50 0.599949 0.959244 0.300102 0.174544 0.000000 0.000000
    51 2.556571 -0.000385 0.000554 0.082827 -0.049994 0.758759
    52 2.103853 0.001708 -0.001011 0.274170 -0.236908 0.430247
    53 0.999376 -0.000240 1.248430 0.000000 0.000000 0.946859
    54 0.310848 -0.606446 -0.498005 0.308107 -0.197598 0.313975
    55 1.869163 -0.000835 -0.000994 -0.000007 0.000003 0.996296
    56 1.200941 0.399582 -0.000237 -0.009465 0.016087 0.007127
    57 0.000586 0.100342 -0.000319 -0.120035 -0.021926 -0.209617
    58 -0.161663 0.051712 0.194808 -2.941982 0.122408 -0.060194
    59 2.010090 -0.003202 -0.003377 -0.000006 -0.000083 1.811400
    60 0.000237 0.099800 -0.000395 -0.018823 0.010833 -0.239219
    61 -0.203197 0.048607 0.069150 -3.093332 0.033217 -0.046722
    62 1.180426 -0.002312 0.000781 0.049423 0.071488 1.502946
    63 -0.000196 0.099625 -0.000034 0.000000 0.000000 -0.314102
    64 -0.088737 -0.688435 -0.145203 2.930407 -0.136130 0.513013
    65 1.712069 -0.003328 0.003818 0.000094 -0.000009 1.657156
    66 -0.000576 0.100143 -0.000311 -0.010914 0.023131 -0.260843
    67 -0.146027 -0.232426 -0.014225 3.028455 -0.094299 0.113020
    68 1.290634 0.000361 -0.000036 0.000000 0.000000 0.515726
    69 -0.658119 -0.003576 0.072643 -0.142711 0.027792 -0.077299
    70 1.868078 -0.003049 0.002177 0.000051 -0.000045 1.253773
    71 1.200075 0.399942 -0.000093 0.009465 -0.016087 0.007127
    72 0.000589 0.100342 0.000319 0.120035 0.021926 -0.209617
    73 0.068073 0.002283 -0.080050 3.111376 -0.069366 -0.060847
    74 2.011874 -0.001179 0.002180 -0.000001 -0.000001 1.080845
    75 0.000233 0.099800 0.000395 0.018823 -0.010833 -0.239219
    76 -0.018673 -0.001009 0.047544 3.109244 0.002635 -0.106673
    77 1.178665 0.001595 0.000845 -0.000054 -0.000001 0.257794
    78 -0.000196 0.099628 0.000034 0.000000 0.000000 -0.314102
    79 0.036894 -0.634449 0.266284 -2.801062 0.174301 0.490915
    80 1.708256 -0.002504 -0.000686 0.000050 -0.000025 0.960334
    81 -0.000580 0.100140 0.000311 0.010910 -0.023132 -0.260845
    82 -0.003952 -0.281811 0.115047 -3.059162 0.089004 0.167964
    83 1.289625 0.000042 0.000061 0.000058 0.000026 0.767762
    84 -0.171526 -0.018150 -0.099873 0.013484 -0.062184 -0.011781
    85 0.916622 0.003336 0.001326 0.000066 0.000033 2.220137
    86 -0.342617 0.053402 -0.025571 -2.909301 -0.017248 0.075276
    87 1.100231 -0.000928 -0.002434 0.000009 0.000002 0.762574
    88 -0.384979 0.331001 0.006848 -3.087207 -0.018765 -0.184278
    89 0.678146 0.002286 -0.003905 0.011607 -0.014125 0.449951
    90 -0.123848 0.072738 0.029507 2.898184 -0.060627 0.094835
    91 1.017166 -0.000154 -0.000252 -0.000011 -0.000002 0.141742
    92 -0.344990 0.123129 0.143151 2.994981 0.012396 0.059140
    93 -0.730989 0.177046 0.039141 -0.123731 0.076518 -0.084310
    94 0.921993 0.001298 -0.000896 -0.000002 -0.000011 0.508978
    95 -0.124023 -0.052090 0.038495 3.077813 -0.008519 0.039229
    96 1.100433 -0.003552 0.000502 0.000018 0.000066 0.726326
    97 -0.330082 0.160639 0.042780 3.128073 0.034033 -0.171236
    98 0.679764 0.001532 0.003272 0.000002 0.000003 0.974420
    99 -0.019512 -0.016531 0.038578 -2.763781 0.050305 0.076829
    100 1.018891 0.001206 0.001121 -0.000006 -0.000041 0.507339
    101 -0.155308 0.130644 -0.021921 -3.022466 0.022433 -0.024902
    102 -0.252207 0.061937 -0.024914 -0.007671 -0.063171 -0.044392
    103 -0.085995 0.185205 -0.015180 -2.937063 -0.113970 -0.138991
    104 -0.286533 0.179852 0.024264 -3.109353 -0.049645 -0.029914
    105 -0.019482 0.147083 0.079203 2.893815 0.038585 -0.060594
    106 -0.046482 0.251896 0.129548 3.016165 0.077112 -0.042864
    107 0.039124 -0.040295 0.047739 3.084219 0.030470 -0.037414
    108 -0.233757 0.066630 0.001754 -3.133087 0.040141 -0.065412
    109 0.044266 0.020131 0.001684 -2.778763 -0.118872 -0.040488
    110 0.071495 0.074128 -0.048302 -3.035917 -0.059482 0.104366
    111 0.000000 0.000000 0.000000 0.000000 0.000000 -1.570796
    112 -6.656453 -14.414502 -5.863460 -2.036684 0.137644 0.404560
    113 0.000000 0.000000 0.000000 0.000000 0.000000 0.000000
    114 2.961028 -10.680013 -7.117405 -2.036477 0.138179 0.404472
    115 3.096000 0.000000 -1.996000 0.000000 0.000000 0.000000
    116 3.040999 0.000000 1.202000 0.000000 0.000000 0.000000
    117 7.854000 0.000000 -0.042000 0.000000 0.000000 0.000000
    118 13.105999 0.000000 -0.006000 0.000000 0.000000 -0.000013
    119 3.456000 0.000000 -1.084000 0.000000 0.000000 0.000000
    120 1.804000 0.000000 -1.025000 0.000000 0.000000 0.000000
    121 7.098000 0.000000 -1.084000 0.000000 0.000000 0.000000
    122 1.868000 1.809000 -1.975000 -2.218497 -0.017091 -0.465758
    123 3.740000 0.000000 1.273000 0.000000 0.000000 0.000000
    124 11.956999 0.000000 -0.006000 0.000000 0.000000 0.000013
    125 6.072001 0.000000 -1.238000 0.000000 0.000000 0.000000
    126 5.690000 -0.365000 0.068000 -0.000118 -0.348941 -1.570715
    127 6.396999 0.614000 0.428000 0.000000 0.000000 0.000000
    128 3.040999 0.000000 1.202000 0.000000 0.000000 0.000000
    129 3.720000 0.000000 1.202000 0.000000 0.000000 0.000000
    130 1.086000 -0.661000 -0.149000 0.000000 0.000000 0.000000
    131 1.067000 0.589000 0.076000 0.000000 0.000000 0.000000
    132 0.000000 -0.019000 0.000000 0.000000 0.000000 0.000000
    133 0.000000 -0.019000 0.000000 0.000000 0.000000 0.000000
    134 3.300000 -0.019000 1.346000 0.000000 0.000000 0.000000
    135 -1.524000 -1.859000 -4.367000 -1.730149 -0.014933 0.208109
    136 7.283999 0.000000 -2.195000 0.000000 0.000000 0.000000
    137 -1.323000 0.000000 0.184000 0.000000 0.000000 0.000000
    138 0.082000 0.000000 1.002000 0.000000 0.000000 0.000000
    139 14.404042 44.899808 41.228221 -2.398754 0.922404 2.272698
    140 0.478000 0.000000 -4.537000 0.000000 0.000000 0.000000
    141 3.436000 0.000000 1.202000 0.000000 0.000000 0.000000
    142 3.040999 0.000000 1.202000 0.000000 0.000000 0.000000
    143 4.657000 0.000000 1.545000 0.000000 0.000000 0.000000
    144 -0.403000 0.000000 -0.011000 0.000000 0.000000 0.000000
    145 1.781000 0.000000 0.873000 0.000000 0.000000 0.000000
    146 0.384000 0.715000 0.801000 0.000000 0.000000 0.000000
    147 1.795000 0.533000 -1.550000 0.000000 0.000000 0.000000
    148 4.435999 0.595000 -0.954000 0.000000 0.000000 0.000000
    149 4.401999 -0.614000 -1.630000 0.000000 0.000000 0.000000
    150 4.203000 -0.003000 -0.048000 0.000000 0.000000 0.000000
    151 5.136000 0.000000 1.534000 0.000000 0.000000 0.000000
    152 11.957001 0.000000 -0.006000 0.000000 0.000000 0.000013
    153 -2.103001 0.000000 0.000000 0.000000 0.000000 0.000000
    154 -0.598001 0.000000 -0.011000 0.000000 0.000000 0.000000
    155 0.496000 0.184000 -3.523000 0.000000 0.000000 0.000000
    156 0.147000 0.184000 -0.328000 0.000000 0.000000 0.000000
    157 0.147000 0.184000 0.023000 0.000000 0.000000 0.000000
    158 0.147000 0.184000 0.368000 0.000000 0.000000 0.000000
    159 0.147000 0.184000 0.717000 0.000000 0.000000 0.000000
    160 0.147000 0.184000 1.067000 0.000000 0.000000 0.000000
    161 0.148000 0.184000 1.414000 0.000000 0.000000 0.000000
    162 0.148000 -0.074000 1.640000 0.000000 0.000000 0.000000
    163 0.435000 0.184000 -3.179000 0.000000 0.000000 0.000000
    164 0.378000 0.184000 -2.826000 0.000000 0.000000 0.000000
    165 0.329000 0.184000 -2.477000 0.000000 0.000000 0.000000
    166 0.286000 0.184000 -2.127000 0.000000 0.000000 0.000000
    167 0.252000 0.184000 -1.775000 0.000000 0.000000 0.000000
    168 0.215000 0.184000 -1.417000 0.000000 0.000000 0.000000
    169 0.190000 0.184000 -1.064000 0.000000 0.000000 0.000000
    170 0.166000 0.184000 -0.714000 0.000000 0.000000 0.000000
    171 1.622000 0.000000 1.568000 0.000000 0.000000 0.000000
    172 2.240000 0.000000 1.568000 0.000000 0.000000 0.000000
    173 0.000000 0.000000 0.000000 0.000000 0.000000 0.000000
    174 0.000000 0.000000 -4.867001 3.141572 -0.003206 -3.128592
    175 1.000088 -0.000029 0.000000 0.000000 0.000000 0.000000
    176 17.162518 -0.000404 0.000000 0.000000 0.000000 0.119207
    177 17.749374 0.295515 0.000000 0.000000 0.000000 -1.158919
    178 5.413528 0.000347 0.000000 0.000000 0.000000 -0.518029
    179 0.017887 0.299792 0.000000 0.000000 0.000000 -0.059575
    180 9.999889 -0.000303 0.000000 0.000000 0.000000 0.000000
    181 0.000000 0.000000 4.867000 -3.141572 0.003206 -3.128592
    182 1.000088 -0.000029 0.000000 0.000000 0.000000 0.000000
    183 12.283573 1.581455 -4.695999 1.462269 -0.086726 0.090185
    184 17.162518 -0.000404 0.000000 0.000000 0.000000 0.119207
    185 17.749374 0.295515 0.000000 0.000000 0.000000 -1.158919
    186 5.413528 0.000347 0.000000 0.000000 0.000000 -0.518027
    187 0.017887 0.299792 0.000000 0.000000 0.000000 -0.059573
    188 9.499836 0.000212 0.000000 0.000000 0.000000 0.000000
    189 -1.145525 0.000130 0.000671 0.000000 0.000000 0.000000
    190 -0.857691 0.104071 0.104687 0.023536 0.163924 0.013632
    191 3.999430 -0.000528 -0.000332 -0.523685 0.000000 0.000000
    192 0.599499 0.400698 0.000236 0.000000 0.000000 0.000000
    193 0.599886 0.400186 -0.000027 0.000000 0.000000 0.000000
    194 2.299677 -2.499979 -0.599480 0.891898 0.221465 -0.527213
    195 0.669634 7.822574 -6.738436 1.894707 -0.581965 -1.347590
    196 -9.580679 -27.862108 -37.184677 0.812879 -0.123459 -0.568477
    197 0.649935 -0.548296 0.093658 -1.665913 -0.131399 -0.112062
    198 1.899127 0.000427 -0.000439 0.027386 -0.033311 0.477848
    199 0.657078 0.008400 0.040375 -1.665945 -0.131407 -0.000013
    200 1.799664 -0.000240 0.000231 0.027386 -0.033311 0.477848
    201 1.799664 -0.000240 0.000231 0.027386 -0.033311 0.477848
    202 1.799664 -0.000240 0.000231 0.027386 -0.033311 0.477848
    203 0.665774 0.747222 -0.029186 -1.665935 -0.131408 0.094976
    204 1.900306 -0.000137 -0.000517 0.027386 -0.033311 0.477848
    205 4.982327 -8.018759 7.118234 1.572494 1.561257 -3.089019
    206 3.999897 0.000040 0.001007 -0.372226 0.000000 0.000000
    207 0.600403 0.399632 -0.000469 0.000000 0.000000 -3.141592
    208 0.599890 0.400186 0.000031 0.000000 0.000000 -3.141592
    209 2.300137 -2.499413 0.600155 -0.891898 -0.221466 -0.527212
    210 4.099098 -11.934996 -3.495987 1.871939 0.388340 -1.462772
    211 2.762354 0.116951 1.523975 1.629482 0.064153 1.743800
    212 7.228317 7.928200 -3.925652 2.328713 0.123459 -0.568477
    213 0.650396 -0.547731 -0.092976 1.665913 0.131399 -0.112062
    214 1.899441 -0.000320 -0.000150 -0.027386 0.033311 0.477848
    215 0.657068 0.008398 -0.040379 1.665945 0.131407 -0.000013
    216 1.799659 -0.000233 -0.000233 -0.027386 0.033311 0.477848
    217 1.799659 -0.000233 -0.000233 -0.027386 0.033311 0.477848
    218 1.799659 -0.000233 -0.000233 -0.027386 0.033311 0.477848
    219 0.665778 0.747222 0.029179 1.665935 0.131408 0.094976
    220 1.900722 0.000549 -0.000072 -0.027386 0.033311 0.477848
    221 4.530998 0.000000 0.000000 0.000000 0.000000 0.000000
    222 4.527344 0.000000 0.000000 0.000000 0.000000 0.000000
    223 0.000000 0.000000 0.000000 0.000000 0.000000 0.000000
    224 0.000000 0.000000 0.000000 0.000000 0.000000 0.000000
    225 4.000000 -6.500000 0.000000 0.000000 0.000000 0.000977
    226 -6.500000 0.000000 0.000000 0.000000 1.570752 0.000000
    227 11.683719 2.965183 4.684869 -2.036335 0.137758 1.975438
    228 0.280000 -0.135000 2.196999 1.570796 0.000000 -1.570735
    229 0.000000 0.000000 0.000000 0.000000 0.000000 0.000000
    230 0.000000 0.000000 0.000000 0.014717 -0.003392 0.029698
    231 0.106000 0.000000 -64.320000 0.000000 0.000000 0.000000
    232 0.000000 0.000000 0.000000 0.000000 0.000000 0.000000
    233 -0.106000 0.000000 64.320000 0.000000 0.000000 0.000000
    234 0.003042 -0.001328 -64.319374 0.000009 0.000084 -3.141638
    235 0.000000 0.000000 0.000000 -0.000303 0.000193 -0.000090
    236 1.688000 -0.001000 -1.454002 0.000000 0.000000 0.000000
    237 -1.070999 -0.005000 0.545002 0.000000 0.000000 0.000000
    238 5.895000 0.750997 -0.156000 0.000000 0.000000 0.000000
    239 11.599999 -0.000003 -1.500002 0.000000 0.000000 0.000000
    240 1.037001 1.337997 -4.334000 -2.791227 -0.162411 -0.765711
    241 7.216001 -0.000003 -1.579000 0.000000 0.000000 0.000000
    242 4.445999 -0.000003 -1.500000 0.000000 0.000000 0.000000
    243 0.673937 -0.015635 -4.768713 -3.141592 -1.281051 3.141593
    244 0.094999 -0.144000 0.332001 0.000000 0.000000 0.000000
    245 14.209020 0.000022 0.766988 0.000000 0.000000 0.000000
    246 0.000000 0.000000 0.000000 1.570800 0.000000 -1.570796
  time 22
    0 0.000000 0.000000 0.000000 0.000000 0.000000 -1.570796
    1 -0.106750 -0.000001 -0.000351 0.000000 0.000000 0.000000
    2 0.000000 0.000000 0.000000 0.000000 0.000000 0.000000
    3 -0.904000 0.000000 -11.806000 0.000000 0.000000 0.000000
    4 0.000000 0.000000 -14.313999 1.570807 -1.570729 0.000000
    5 3.533001 0.000000 0.000000 0.000000 0.000000 0.000000
    6 6.250000 0.000000 0.000000 0.000000 0.000000 0.000000
    7 8.412665 1.402411 -1.944020 -1.442298 1.496283 -1.442699
    8 9.572857 2.089933 2.737025 1.477530 -1.468396 -1.478041
    9 5.786820 0.002787 -0.000113 -0.896875 1.236673 -0.887225
    10 5.999492 -0.000592 -4.000343 0.000000 0.000000 0.000000
    11 5.787410 0.002582 0.000893 0.174604 -0.259423 -0.322229
    12 5.999492 -0.000592 4.000340 0.000000 0.000000 0.000000
    13 0.500225 0.000133 -0.000084 0.226477 0.000000 0.000000
    14 11.530657 0.000349 -0.001308 0.000043 -0.000039 -1.712544
    15 -0.829338 0.893824 0.079659 -0.148839 0.047645 0.087266
    16 0.500225 0.000132 0.000072 -0.016354 0.000000 0.000000
    17 11.532495 0.000526 0.003814 0.000102 -0.000069 -1.942568
    18 -0.829586 0.894698 -0.079468 0.045377 -0.019621 0.087266
    19 10.599886 0.000105 -0.000553 -0.505915 -0.000024 0.000000
    20 0.611868 -0.533001 -0.000805 -0.000024 0.000071 0.856286
    21 11.042053 0.003717 0.000798 -1.255087 -0.369022 -0.085302
    22 -11.814724 0.424524 -0.297680 0.247998 -0.066121 -0.042695
    23 10.599878 0.000105 0.000549 -0.939264 -0.000024 -0.000048
    24 0.865780 -0.587691 0.000801 0.000024 0.000049 0.971236
    25 11.041739 0.003170 -0.000568 -0.915852 0.303848 0.189646
    26 -11.663242 0.094713 0.140656 -0.068591 0.018527 -0.015099
    27 0.610300 -0.939470 0.070347 -1.658427 -0.046108 -0.104164
    28 0.639938 -0.199121 0.060192 -1.727482 -0.058202 -0.045642
    29 0.600155 1.080260 -0.339535 -1.817854 0.349207 -0.055546
    30 0.610207 0.400743 -0.010098 -1.823257 0.094975 -0.026687
    31 0.654247 -0.662746 -0.271407 0.608760 0.408998 -0.967826
    32 -0.792125 0.203736 0.461304 1.439074 -0.003453 -0.018305
    33 0.610300 -0.939469 -0.070354 1.655238 0.140141 -0.175584
    34 0.639938 -0.199121 -0.060200 1.665807 0.112468 -0.068185
    35 0.600157 1.080260 0.339531 1.738341 -0.064438 0.100026
    36 0.610205 0.400743 0.010086 1.776143 0.023972 0.035669
    37 0.627906 -0.691394 0.232270 -0.355542 -0.545095 -0.973316
    38 -0.626031 -0.069982 -0.080517 -1.447153 0.086151 0.021559
    39 2.621377 -0.002532 -0.001438 -0.119464 -0.141674 0.217307
    40 2.660837 0.000397 -0.000071 -0.208957 -0.016536 0.681509
    41 2.202488 0.003364 -0.002863 0.097403 0.302573 0.023609
    42 0.599950 0.959236 -0.300102 -0.174544 0.000000 0.000000
    43 2.557190 -0.001967 0.002453 -0.009399 0.100211 0.552918
    44 2.098929 0.000032 -0.002193 -0.498392 0.100288 0.544896
    45 0.999378 -0.000238 -1.201557 0.000000 0.000000 0.000000
    46 -0.122641 -0.721855 0.661686 -0.486644 0.223964 0.243056
    47 2.622112 -0.000648 0.002741 -0.024418 0.052609 0.493292
    48 2.657909 0.000687 -0.000533 0.074213 -0.015565 1.043598
    49 2.200014 0.001663 0.000836 0.078212 -0.101522 0.693223
    50 0.599949 0.959244 0.300102 0.174544 0.000000 0.000000
    51 2.556571 -0.000385 0.000554 0.079083 -0.043631 0.857767
    52 2.103853 0.001708 -0.001011 0.274144 -0.236956 0.430333
    53 0.999376 -0.000240 1.248430 0.000000 0.000000 0.946859
    54 0.310848 -0.606446 -0.498005 0.308107 -0.197598 0.313975
    55 1.869163 -0.000835 -0.000994 -0.000007 0.000003 0.994109
    56 1.200941 0.399582 -0.000237 -0.009465 0.016087 0.007127
    57 0.000586 0.100342 -0.000319 -0.120035 -0.021926 -0.209617
    58 -0.161663 0.051712 0.194808 -2.941982 0.122408 -0.060194
    59 2.010090 -0.003202 -0.003377 0.000006 0.000001 1.660029
    60 0.000237 0.099800 -0.000395 -0.018823 0.010833 -0.239219
    61 -0.203197 0.048607 0.069150 -3.093332 0.033217 -0.046722
    62 1.180426 -0.002312 0.000781 0.041801 0.060211 1.477517
    63 -0.000196 0.099625 -0.000034 0.000000 0.000000 -0.314102
    64 -0.088737 -0.688435 -0.145203 2.930407 -0.136130 0.513013
    65 1.712069 -0.003328 0.003818 -0.002866 0.002209 1.549680
    66 -0.000576 0.100143 -0.000311 -0.010914 0.023131 -0.260843
    67 -0.146027 -0.232426 -0.014225 3.028455 -0.094299 0.113020
    68 1.290634 0.000361 -0.000036 0.000000 0.000000 0.394312
    69 -0.658119 -0.003576 0.072643 -0.142711 0.027792 -0.077299
    70 1.868078 -0.003049 0.002177 0.000027 -0.000045 1.218972
    71 1.200075 0.399942 -0.000093 0.009465 -0.016087 0.007127
    72 0.000589 0.100342 0.000319 0.120035 0.021926 -0.209617
    73 0.068073 0.002283 -0.080050 3.111376 -0.069366 -0.060847
    74 2.011874 -0.001179 0.002180 -0.000001 -0.000001 1.068820
    75 0.000233 0.099800 0.000395 0.018823 -0.010833 -0.239219
    76 -0.018673 -0.001009 0.047544 3.109244 0.002635 -0.106673
    77 1.178665 0.001595 0.000845 -0.000054 0.000023 0.299250
    78 -0.000196 0.099628 0.000034 0.000000 0.000000 -0.314102
    79 0.036894 -0.634449 0.266284 -2.801062 0.174301 0.490915
    80 1.708256 -0.002504 -0.000686 0.000050 -0.000025 0.934410
    81 -0.000580 0.100140 0.000311 0.010910 -0.023132 -0.260845
    82 -0.003952 -0.281811 0.115047 -3.059162 0.089004 0.167964
    83 1.289625 0.000042 0.000061 0.000034 0.000026 0.765576
    84 -0.171526 -0.018150 -0.099873 0.013484 -0.062184 -0.011781
    85 0.916622 0.003336 0.001326 -0.000029 0.000057 2.002488
    86 -0.342617 0.053402 -0.025571 -2.909301 -0.017248 0.075276
    87 1.100231 -0.000928 -0.002434 0.000009 0.000002 0.663835
    88 -0.384979 0.331001 0.006848 -3.087207 -0.018765 -0.184278
    89 0.678146 0.002286 -0.003905 0.009762 -0.011848 0.433647
    90 -0.123848 0.072738 0.029507 2.898184 -0.060627 0.094835
    91 1.017166 -0.000154 -0.000252 0.000001 0.000058 0.149858
    92 -0.344990 0.123129 0.143151 2.994981 0.012396 0.059140
    93 -0.730989 0.177046 0.039141 -0.123731 0.076518 -0.084310
    94 0.921993 0.001298 -0.000896 -0.000002 -0.000011 0.521545
    95 -0.124023 -0.052090 0.038495 3.077813 -0.008519 0.039229
    96 1.100433 -0.003552 0.000502 0.000006 0.000030 0.682526
    97 -0.330082 0.160639 0.042780 3.128073 0.034033 -0.171236
    98 0.679764 0.001532 0.003272 -0.000010 -0.000021 0.916538
    99 -0.019512 -0.016531 0.038578 -2.763781 0.050305 0.076829
    100 1.018891 0.001206 0.001121 -0.000006 -0.000041 0.501309
    101 -0.155308 0.130644 -0.021921 -3.022466 0.022433 -0.024902
    102 -0.252207 0.061937 -0.024914 -0.007671 -0.063171 -0.044392
    103 -0.085995 0.185205 -0.015180 -2.937063 -0.113970 -0.138991
    104 -0.286533 0.179852 0.024264 -3.109353 -0.049645 -0.029914
    105 -0.019482 0.147083 0.079203 2.893815 0.038585 -0.060594
    106 -0.046482 0.251896 0.129548 3.016165 0.077112 -0.042864
    107 0.039124 -0.040295 0.047739 3.084219 0.030470 -0.037414
    108 -0.233757 0.066630 0.001754 -3.133087 0.040141 -0.065412
    109 0.044266 0.020131 0.001684 -2.778763 -0.118872 -0.040488
    110 0.071495 0.074128 -0.048302 -3.035917 -0.059482 0.104366
    111 0.000000 0.000000 0.000000 0.000000 0.000000 -1.570796
    112 -8.535417 -12.133183 -6.980682 -1.818415 0.142887 0.096127
    113 0.000000 0.000000 0.000000 0.000000 0.000000 0.000000
    114 1.750053 -11.519883 -8.367443 -1.818283 0.143232 0.096439
    115 3.096000 0.000000 -1.996000 0.000000 0.000000 0.000000
    116 3.040999 0.000000 1.202000 0.000000 0.000000 0.000000
    117 7.854000 0.000000 -0.042000 0.000000 0.000000 0.000000
    118 13.105999 0.000000 -0.006000 0.000000 0.000000 -0.000013
    119 3.456000 0.000000 -1.084000 0.000000 0.000000 0.000000
    120 1.804000 0.000000 -1.025000 0.000000 0.000000 0.000000
    121 7.098000 0.000000 -1.084000 0.000000 0.000000 0.000000
    122 1.868000 1.809000 -1.975000 -2.218497 -0.017091 -0.465758
    123 3.740000 0.000000 1.273000 0.000000 0.000000 0.000000
    124 11.956999 0.000000 -0.006000 0.000000 0.000000 0.000013
    125 6.072001 0.000000 -1.238000 0.000000 0.000000 0.000000
    126 5.690000 -0.365000 0.068000 -0.000118 -0.348941 -1.570715
    127 6.396999 0.614000 0.428000 0.000000 0.000000 0.000000
    128 3.040999 0.000000 1.202000 0.000000 0.000000 0.000000
    129 3.720000 0.000000 1.202000 0.000000 0.000000 0.000000
    130 1.086000 -0.661000 -0.149000 0.000000 0.000000 0.000000
    131 1.067000 0.589000 0.076000 0.000000 0.000000 0.000000
    132 0.000000 -0.019000 0.000000 0.000000 0.000000 0.000000
    133 0.000000 -0.019000 0.000000 0.000000 0.000000 0.000000
    134 3.300000 -0.019000 1.346000 0.000000 0.000000 0.000000
    135 -1.524000 -1.859000 -4.367000 -1.730149 -0.014933 0.208109
    136 7.283999 0.000000 -2.195000 0.000000 0.000000 0.000000
    137 -1.323000 0.000000 0.184000 0.000000 0.000000 0.000000
    138 0.082000 0.000000 1.002000 0.000000 0.000000 0.000000
    139 11.126599 51.333598 31.337294 -2.655658 1.293144 1.925485
    140 0.478000 0.000000 -4.537000 0.000000 0.000000 0.000000
    141 3.436000 0.000000 1.202000 0.000000 0.000000 0.000000
    142 3.040999 0.000000 1.202000 0.000000 0.000000 0.000000
    143 4.657000 0.000000 1.545000 0.000000 0.000000 0.000000
    144 -0.403000 0.000000 -0.011000 0.000000 0.000000 0.000000
    145 1.781000 0.000000 0.873000 0.000000 0.000000 0.000000
    146 0.384000 0.715000 0.801000 0.000000 0.000000 0.000000
    147 1.795000 0.533000 -1.550000 0.000000 0.000000 0.000000
    148 4.435999 0.595000 -0.954000 0.000000 0.000000 0.000000
    149 4.401999 -0.614000 -1.630000 0.000000 0.000000 0.000000
    150 4.203000 -0.003000 -0.048000 0.000000 0.000000 0.000000
    151 5.136000 0.000000 1.534000 0.000000 0.000000 0.000000
    152 11.957001 0.000000 -0.006000 0.000000 0.000000 0.000013
    153 -2.103001 0.000000 0.000000 0.000000 0.000000 0.000000
    154 -0.598001 0.000000 -0.011000 0.000000 0.000000 0.000000
    155 0.496000 0.184000 -3.523000 0.000000 0.000000 0.000000
    156 0.147000 0.184000 -0.328000 0.000000 0.000000 0.000000
    157 0.147000 0.184000 0.023000 0.000000 0.000000 0.000000
    158 0.147000 0.184000 0.368000 0.000000 0.000000 0.000000
    159 0.147000 0.184000 0.717000 0.000000 0.000000 0.000000
    160 0.147000 0.184000 1.067000 0.000000 0.000000 0.000000
    161 0.148000 0.184000 1.414000 0.000000 0.000000 0.000000
    162 0.148000 -0.074000 1.640000 0.000000 0.000000 0.000000
    163 0.435000 0.184000 -3.179000 0.000000 0.000000 0.000000
    164 0.378000 0.184000 -2.826000 0.000000 0.000000 0.000000
    165 0.329000 0.184000 -2.477000 0.000000 0.000000 0.000000
    166 0.286000 0.184000 -2.127000 0.000000 0.000000 0.000000
    167 0.252000 0.184000 -1.775000 0.000000 0.000000 0.000000
    168 0.215000 0.184000 -1.417000 0.000000 0.000000 0.000000
    169 0.190000 0.184000 -1.064000 0.000000 0.000000 0.000000
    170 0.166000 0.184000 -0.714000 0.000000 0.000000 0.000000
    171 1.622000 0.000000 1.568000 0.000000 0.000000 0.000000
    172 2.240000 0.000000 1.568000 0.000000 0.000000 0.000000
    173 0.000000 0.000000 0.000000 0.000000 0.000000 0.000000
    174 0.000000 0.000000 -4.867001 3.141572 -0.003206 -3.128592
    175 1.000088 -0.000029 0.000000 0.000000 0.000000 0.000000
    176 17.162518 -0.000404 0.000000 0.000000 0.000000 0.119207
    177 17.749374 0.295515 0.000000 0.000000 0.000000 -1.158919
    178 5.413528 0.000347 0.000000 0.000000 0.000000 -0.518029
    179 0.017887 0.299792 0.000000 0.000000 0.000000 -0.059575
    180 9.999889 -0.000303 0.000000 0.000000 0.000000 0.000000
    181 0.000000 0.000000 4.867000 -3.141572 0.003206 -3.128592
    182 1.000088 -0.000029 0.000000 0.000000 0.000000 0.000000
    183 12.283573 1.581455 -4.695999 1.462269 -0.086726 0.090185
    184 17.162518 -0.000404 0.000000 0.000000 0.000000 0.119207
    185 17.749374 0.295515 0.000000 0.000000 0.000000 -1.158919
    186 5.413528 0.000347 0.000000 0.000000 0.000000 -0.518027
    187 0.017887 0.299792 0.000000 0.000000 0.000000 -0.059573
    188 9.499836 0.000212 0.000000 0.000000 0.000000 0.000000
    189 -1.145525 0.000130 0.000671 0.000000 0.000000 0.000000
    190 -0.857691 0.104071 0.104687 0.023536 0.163924 0.013632
    191 3.999430 -0.000528 -0.000332 -0.632390 -0.000048 0.000012
    192 0.599499 0.400698 0.000236 0.000000 0.000000 0.000000
    193 0.599886 0.400186 -0.000027 0.000000 0.000000 0.000000
    194 2.299677 -2.499979 -0.599480 0.891898 0.221465 -0.527213
    195 1.763417 4.236528 -8.015818 1.828979 -0.563009 -1.484482
    196 -9.580679 -27.862108 -37.184677 0.812879 -0.123459 -0.568477
    197 0.649935 -0.548296 0.093658 -1.665913 -0.131399 -0.112062
    198 1.899127 0.000427 -0.000439 0.027386 -0.033311 0.477848
    199 0.657078 0.008400 0.040375 -1.665945 -0.131407 -0.000013
    200 1.799664 -0.000240 0.000231 0.027386 -0.033311 0.477848
    201 1.799664 -0.000240 0.000231 0.027386 -0.033311 0.477848
    202 1.799664 -0.000240 0.000231 0.027386 -0.033311 0.477848
    203 0.665774 0.747222 -0.029186 -1.665935 -0.131408 0.094976
    204 1.900306 -0.000137 -0.000517 0.027386 -0.033311 0.477848
    205 5.052641 -6.534338 5.981481 1.570099 1.561305 -3.068322
    206 3.999897 0.000040 0.001007 -0.469652 -0.000072 -0.000036
    207 0.600403 0.399632 -0.000469 0.000000 0.000000 -3.141496
    208 0.599890 0.400186 0.000031 0.000000 0.000000 3.141593
    209 2.300137 -2.499413 0.600155 -0.891898 -0.221466 -0.527212
    210 5.899935 -11.571704 -2.831904 1.991814 0.333345 -1.291843
    211 2.762354 0.116951 1.523975 1.629482 0.064153 1.743800
    212 7.228317 7.928200 -3.925652 2.328713 0.123459 -0.568477
    213 0.650396 -0.547731 -0.092976 1.665913 0.131399 -0.112062
    214 1.899441 -0.000320 -0.000150 -0.027386 0.033311 0.477848
    215 0.657068 0.008398 -0.040379 1.665945 0.131407 -0.000013
    216 1.799659 -0.000233 -0.000233 -0.027386 0.033311 0.477848
    217 1.799659 -0.000233 -0.000233 -0.027386 0.033311 0.477848
    218 1.799659 -0.000233 -0.000233 -0.027386 0.033311 0.477848
    219 0.665778 0.747222 0.029179 1.665935 0.131408 0.094976
    220 1.900722 0.000549 -0.000072 -0.027386 0.033311 0.477848
    221 4.530998 0.000000 0.000000 0.000000 0.000000 0.000000
    222 4.527344 0.000000 0.000000 0.000000 0.000000 0.000000
    223 0.000000 0.000000 0.000000 0.000000 0.000000 0.000000
    224 0.000000 0.000000 0.000000 0.000000 0.000000 0.000000
    225 4.000000 -6.500000 0.000000 0.000000 0.000000 0.000977
    226 -6.500000 0.000000 0.000000 0.000000 1.570752 0.000000
    227 12.531401 1.750302 3.434831 -1.818153 0.143045 1.667099
    228 0.280000 -0.135000 2.196999 1.570796 0.000000 -1.570735
    229 0.000000 0.000000 0.000000 0.000000 0.000000 0.000000
    230 0.000000 0.000000 0.000000 0.009767 -0.001522 0.021596
    231 0.106000 0.000000 -64.320000 0.000000 0.000000 0.000000
    232 0.000000 0.000000 0.000000 0.000000 0.000000 0.000000
    233 -0.106000 0.000000 64.320000 0.000000 0.000000 0.000000
    234 0.003042 -0.001328 -64.319374 0.000009 0.000084 -3.141638
    235 0.000000 0.000000 0.000000 -0.000303 0.000193 -0.000090
    236 1.688000 -0.001000 -1.454002 0.000000 0.000000 0.000000
    237 -1.070999 -0.005000 0.545002 0.000000 0.000000 0.000000
    238 5.895000 0.750997 -0.156000 0.000000 0.000000 0.000000
    239 11.599999 -0.000003 -1.500002 0.000000 0.000000 0.000000
    240 1.037001 1.337997 -4.334000 -2.791227 -0.162411 -0.765711
    241 7.216001 -0.000003 -1.579000 0.000000 0.000000 0.000000
    242 4.445999 -0.000003 -1.500000 0.000000 0.000000 0.000000
    243 0.673937 -0.015635 -4.768713 -3.141592 -1.281051 3.141593
    244 0.094999 -0.144000 0.332001 0.000000 0.000000 0.000000
    245 14.209020 0.000022 0.766988 0.000000 0.000000 0.000000
    246 0.000000 0.000000 0.000000 1.570800 0.000000 -1.570796
  time 23
    0 0.000000 0.000000 0.000000 0.000000 0.000000 -1.570796
    1 -0.106750 -0.000001 -0.000351 0.000000 0.000000 0.000000
    2 0.000000 0.000000 0.000000 0.000000 0.000000 0.000000
    3 -0.904000 0.000000 -11.806000 0.000000 0.000000 0.000000
    4 0.000000 0.000000 -14.313999 1.570807 -1.570729 0.000000
    5 3.533001 0.000000 0.000000 0.000000 0.000000 0.000000
    6 6.250000 0.000000 0.000000 0.000000 0.000000 0.000000
    7 9.252535 0.367224 -1.944020 -1.480815 1.464219 -1.481302
    8 9.572857 2.597761 2.631553 1.218865 -1.542945 -1.218970
    9 5.786820 0.002787 -0.000113 -0.836174 1.335121 -1.154046
    10 5.999492 -0.000592 -4.000343 0.000000 0.000000 0.000000
    11 5.787410 0.002582 0.000893 0.247403 -0.333560 -0.267962
    12 5.999492 -0.000592 4.000340 0.000000 0.000000 0.000000
    13 0.500225 0.000133 -0.000084 -0.015377 0.000060 0.000000
    14 11.530657 0.000349 -0.001308 0.000031 -0.000039 -1.467521
    15 -0.829338 0.893824 0.079659 -0.148839 0.047645 0.087266
    16 0.500225 0.000132 0.000072 -0.109403 0.000060 0.000000
    17 11.532495 0.000526 0.003814 0.000006 -0.000010 -2.076259
    18 -0.829586 0.894698 -0.079468 0.045377 -0.019621 0.087266
    19 10.599886 0.000105 -0.000553 -0.520024 0.000000 0.000000
    20 0.397017 -0.439248 -0.000805 0.000000 0.000011 0.733712
    21 11.042053 0.003717 0.000798 -1.317114 -0.219958 0.054733
    22 -11.814724 0.424524 -0.297680 0.247998 -0.066121 -0.042695
    23 10.599878 0.000105 0.000549 -0.839998 -0.000156 -0.000060
    24 1.022035 -0.599410 0.000801 0.000000 -0.000011 1.038084
    25 11.041739 0.003170 -0.000568 -0.813234 -0.154751 0.553619
    26 -11.663242 0.094713 0.140656 -0.068591 0.018527 -0.015099
    27 0.610300 -0.939470 0.070347 -1.659084 -0.090762 -0.132663
    28 0.639938 -0.199121 0.060192 -1.702822 -0.093532 -0.053540
    29 0.600155 1.080260 -0.339535 -1.772395 0.198422 0.017620
    30 0.610207 0.400743 -0.010098 -1.796258 0.018957 -0.009009
    31 0.650340 -0.666653 -0.263594 0.428403 0.170270 -1.104227
    32 -0.792125 0.203736 0.461304 1.439074 -0.003453 -0.018305
    33 0.610300 -0.939469 -0.070354 1.655238 0.140141 -0.175584
    34 0.639938 -0.199121 -0.060200 1.665706 0.104882 -0.068940
    35 0.600157 1.080260 0.339531 1.738553 -0.081144 0.097186
    36 0.610205 0.400743 0.010086 1.781521 0.009615 0.032949
    37 0.627906 -0.691394 0.232270 -0.371003 -0.542036 -0.981898
    38 -0.626031 -0.069982 -0.080517 -1.447153 0.086151 0.021559
    39 2.621377 -0.002532 -0.001438 -0.022118 -0.093259 -0.037994
    40 2.660837 0.000397 -0.000071 -0.175142 -0.047042 0.668494
    41 2.202488 0.003364 -0.002863 -0.028897 0.221842 0.175811
    42 0.599950 0.959236 -0.300102 -0.174544 0.000000 0.000000
    43 2.557190 -0.001967 0.002453 -0.031050 0.070543 0.570651
    44 2.098929 0.000032 -0.002193 -0.534824 0.038406 0.273744
    45 0.999378 -0.000238 -1.060928 0.000000 0.000000 0.000000
    46 -0.122641 -0.721855 0.661686 -0.486644 0.223964 0.243056
    47 2.622112 -0.000648 0.002741 -0.034049 0.073201 0.403149
    48 2.657909 0.000687 -0.000533 0.097327 -0.014894 1.104949
    49 2.200014 0.001663 0.000836 0.071404 -0.114849 0.825797
    50 0.599949 0.959244 0.300102 0.174544 0.000000 0.000000
    51 2.556571 -0.000385 0.000554 0.075074 -0.037192 0.961918
    52 2.103853 0.001708 -0.001011 0.274117 -0.237016 0.430436
    53 0.999376 -0.000240 1.248430 0.000000 0.000000 0.946859
    54 0.310848 -0.606446 -0.498005 0.308107 -0.197598 0.313975
    55 1.869163 -0.000835 -0.000994 -0.000007 0.000003 0.979897
    56 1.200941 0.399582 -0.000237 -0.009465 0.016087 0.007127
    57 0.000586 0.100342 -0.000319 -0.120035 -0.021926 -0.209617
    58 -0.161663 0.051712 0.194808 -2.941982 0.122408 -0.060194
    59 2.010090 -0.003202 -0.003377 0.000006 0.000001 1.327013
    60 0.000237 0.099800 -0.000395 -0.018823 0.010833 -0.239219
    61 -0.203197 0.048607 0.069150 -3.093332 0.033217 -0.046722
    62 1.180426 -0.002312 0.000781 0.024747 0.035690 1.415261
    63 -0.000196 0.099625 -0.000034 0.000000 0.000000 -0.314102
    64 -0.088737 -0.688435 -0.145203 2.930407 -0.136130 0.513013
    65 1.712069 -0.003328 0.003818 -0.009661 0.007949 1.313304
    66 -0.000576 0.100143 -0.000311 -0.010914 0.023131 -0.260843
    67 -0.146027 -0.232426 -0.014225 3.028455 -0.094299 0.113020
    68 1.290634 0.000361 -0.000036 0.000000 0.000024 0.127146
    69 -0.658119 -0.003576 0.072643 -0.142711 0.027792 -0.077299
    70 1.868078 -0.003049 0.002177 0.000003 -0.000057 1.184171
    71 1.200075 0.399942 -0.000093 0.009465 -0.016087 0.007127
    72 0.000589 0.100342 0.000319 0.120035 0.021926 -0.209617
    73 0.068073 0.002283 -0.080050 3.111376 -0.069366 -0.060847
    74 2.011874 -0.001179 0.002180 -0.000001 -0.000001 1.056751
    75 0.000233 0.099800 0.000395 0.018823 -0.010833 -0.239219
    76 -0.018673 -0.001009 0.047544 3.109244 0.002635 -0.106673
    77 1.178665 0.001595 0.000845 -0.000042 0.000047 0.340731
    78 -0.000196 0.099628 0.000034 0.000000 0.000000 -0.314102
    79 0.036894 -0.634449 0.266284 -2.801062 0.174301 0.490915
    80 1.708256 -0.002504 -0.000686 0.000050 -0.000025 0.908521
    81 -0.000580 0.100140 0.000311 0.010910 -0.023132 -0.260845
    82 -0.003952 -0.281811 0.115047 -3.059162 0.089004 0.167964
    83 1.289625 0.000042 0.000061 0.000010 0.000014 0.763391
    84 -0.171526 -0.018150 -0.099873 0.013484 -0.062184 -0.011781
    85 0.916622 0.003336 0.001326 0.000007 0.000009 1.517488
    86 -0.342617 0.053402 -0.025571 -2.909301 -0.017248 0.075276
    87 1.100231 -0.000928 -0.002434 0.000009 0.000002 0.504332
    88 -0.384979 0.331001 0.006848 -3.087207 -0.018765 -0.184278
    89 0.678146 0.002286 -0.003905 0.005879 -0.006958 0.397834
    90 -0.123848 0.072738 0.029507 2.898184 -0.060627 0.094835
    91 1.017166 -0.000154 -0.000252 0.000001 0.000058 0.174301
    92 -0.344990 0.123129 0.143151 2.994981 0.012396 0.059140
    93 -0.730989 0.177046 0.039141 -0.123731 0.076518 -0.084310
    94 0.921993 0.001298 -0.000896 -0.000002 -0.000011 0.537077
    95 -0.124023 -0.052090 0.038495 3.077813 -0.008519 0.039229
    96 1.100433 -0.003552 0.000502 -0.000006 0.000006 0.638673
    97 -0.330082 0.160639 0.042780 3.128073 0.034033 -0.171236
    98 0.679764 0.001532 0.003272 -0.000022 -0.000045 0.858710
    99 -0.019512 -0.016531 0.038578 -2.763781 0.050305 0.076829
    100 1.018891 0.001206 0.001121 -0.000006 -0.000029 0.495220
    101 -0.155308 0.130644 -0.021921 -3.022466 0.022433 -0.024902
    102 -0.252207 0.061937 -0.024914 -0.007671 -0.063171 -0.044392
    103 -0.085995 0.185205 -0.015180 -2.937063 -0.113970 -0.138991
    104 -0.286533 0.179852 0.024264 -3.109353 -0.049645 -0.029914
    105 -0.019482 0.147083 0.079203 2.893815 0.038585 -0.060594
    106 -0.046482 0.251896 0.129548 3.016165 0.077112 -0.042864
    107 0.039124 -0.040295 0.047739 3.084219 0.030470 -0.037414
    108 -0.233757 0.066630 0.001754 -3.133087 0.040141 -0.065412
    109 0.044266 0.020131 0.001684 -2.778763 -0.118872 -0.040488
    110 0.071495 0.074128 -0.048302 -3.035917 -0.059482 0.104366
    111 0.000000 0.000000 0.000000 0.000000 0.000000 -1.570796
    112 -9.859676 -10.054994 -7.621326 -1.328838 0.147686 -0.223216
    113 0.000000 0.000000 0.000000 0.000000 0.000000 0.000000
    114 0.070315 -12.703513 -9.242470 -1.328614 0.148017 -0.222967
    115 3.096000 0.000000 -1.996000 0.000000 0.000000 0.000000
    116 3.040999 0.000000 1.202000 0.000000 0.000000 0.000000
    117 7.854000 0.000000 -0.042000 0.000000 0.000000 0.000000
    118 13.105999 0.000000 -0.006000 0.000000 0.000000 -0.000013
    119 3.456000 0.000000 -1.084000 0.000000 0.000000 0.000000
    120 1.804000 0.000000 -1.025000 0.000000 0.000000 0.000000
    121 7.098000 0.000000 -1.084000 0.000000 0.000000 0.000000
    122 1.868000 1.809000 -1.975000 -2.218497 -0.017091 -0.465758
    123 3.740000 0.000000 1.273000 0.000000 0.000000 0.000000
    124 11.956999 0.000000 -0.006000 0.000000 0.000000 0.000013
    125 6.072001 0.000000 -1.238000 0.000000 0.000000 0.000000
    126 5.690000 -0.365000 0.068000 -0.000118 -0.348941 -1.570715
    127 6.396999 0.614000 0.428000 0.000000 0.000000 0.000000
    128 3.040999 0.000000 1.202000 0.000000 0.000000 0.000000
    129 3.720000 0.000000 1.202000 0.000000 0.000000 0.000000
    130 1.086000 -0.661000 -0.149000 0.000000 0.000000 0.000000
    131 1.067000 0.589000 0.076000 0.000000 0.000000 0.000000
    132 0.000000 -0.019000 0.000000 0.000000 0.000000 0.000000
    133 0.000000 -0.019000 0.000000 0.000000 0.000000 0.000000
    134 3.300000 -0.019000 1.346000 0.000000 0.000000 0.000000
    135 -1.524000 -1.859000 -4.367000 -1.730149 -0.014933 0.208109
    136 7.283999 0.000000 -2.195000 0.000000 0.000000 0.000000
    137 -1.323000 0.000000 0.184000 0.000000 0.000000 0.000000
    138 0.082000 0.000000 1.002000 0.000000 0.000000 0.000000
    139 7.649930 58.993988 4.426317 0.809652 1.219516 -0.881849
    140 0.478000 0.000000 -4.537000 0.000000 0.000000 0.000000
    141 3.436000 0.000000 1.202000 0.000000 0.000000 0.000000
    142 3.040999 0.000000 1.202000 0.000000 0.000000 0.000000
    143 4.657000 0.000000 1.545000 0.000000 0.000000 0.000000
    144 -0.403000 0.000000 -0.011000 0.000000 0.000000 0.000000
    145 1.781000 0.000000 0.873000 0.000000 0.000000 0.000000
    146 0.384000 0.715000 0.801000 0.000000 0.000000 0.000000
    147 1.795000 0.533000 -1.550000 0.000000 0.000000 0.000000
    148 4.435999 0.595000 -0.954000 0.000000 0.000000 0.000000
    149 4.401999 -0.614000 -1.630000 0.000000 0.000000 0.000000
    150 4.203000 -0.003000 -0.048000 0.000000 0.000000 0.000000
    151 5.136000 0.000000 1.534000 0.000000 0.000000 0.000000
    152 11.957001 0.000000 -0.006000 0.000000 0.000000 0.000013
    153 -2.103001 0.000000 0.000000 0.000000 0.000000 0.000000
    154 -0.598001 0.000000 -0.011000 0.000000 0.000000 0.000000
    155 0.496000 0.184000 -3.523000 0.000000 0.000000 0.000000
    156 0.147000 0.184000 -0.328000 0.000000 0.000000 0.000000
    157 0.147000 0.184000 0.023000 0.000000 0.000000 0.000000
    158 0.147000 0.184000 0.368000 0.000000 0.000000 0.000000
    159 0.147000 0.184000 0.717000 0.000000 0.000000 0.000000
    160 0.147000 0.184000 1.067000 0.000000 0.000000 0.000000
    161 0.148000 0.184000 1.414000 0.000000 0.000000 0.000000
    162 0.148000 -0.074000 1.640000 0.000000 0.000000 0.000000
    163 0.435000 0.184000 -3.179000 0.000000 0.000000 0.000000
    164 0.378000 0.184000 -2.826000 0.000000 0.000000 0.000000
    165 0.329000 0.184000 -2.477000 0.000000 0.000000 0.000000
    166 0.286000 0.184000 -2.127000 0.000000 0.000000 0.000000
    167 0.252000 0.184000 -1.775000 0.000000 0.000000 0.000000
    168 0.215000 0.184000 -1.417000 0.000000 0.000000 0.000000
    169 0.190000 0.184000 -1.064000 0.000000 0.000000 0.000000
    170 0.166000 0.184000 -0.714000 0.000000 0.000000 0.000000
    171 1.622000 0.000000 1.568000 0.000000 0.000000 0.000000
    172 2.240000 0.000000 1.568000 0.000000 0.000000 0.000000
    173 0.000000 0.000000 0.000000 0.000000 0.000000 0.000000
    174 0.000000 0.000000 -4.867001 3.141572 -0.003206 -3.128592
    175 1.000088 -0.000029 0.000000 0.000000 0.000000 0.000000
    176 17.162518 -0.000404 0.000000 0.000000 0.000000 0.119207
    177 17.749374 0.295515 0.000000 0.000000 0.000000 -1.158919
    178 5.413528 0.000347 0.000000 0.000000 0.000000 -0.518029
    179 0.017887 0.299792 0.000000 0.000000 0.000000 -0.059575
    180 9.999889 -0.000303 0.000000 0.000000 0.000000 0.000000
    181 0.000000 0.000000 4.867000 -3.141572 0.003206 -3.128592
    182 1.000088 -0.000029 0.000000 0.000000 0.000000 0.000000
    183 12.283573 1.581455 -4.695999 1.462269 -0.086726 0.090185
    184 17.162518 -0.000404 0.000000 0.000000 0.000000 0.119207
    185 17.749374 0.295515 0.000000 0.000000 0.000000 -1.158919
    186 5.413528 0.000347 0.000000 0.000000 0.000000 -0.518027
    187 0.017887 0.299792 0.000000 0.000000 0.000000 -0.059573
    188 9.499836 0.000212 0.000000 0.000000 0.000000 0.000000
    189 -1.145525 0.000130 0.000671 0.000000 0.000000 0.000000
    190 -0.857691 0.104071 0.104687 0.023536 0.163924 0.013632
    191 3.999430 -0.000528 -0.000332 -0.650022 0.000000 0.000000
    192 0.599499 0.400698 0.000236 0.000000 0.000000 0.000000
    193 0.599886 0.400186 -0.000027 0.000000 0.000000 0.000000
    194 2.299677 -2.499979 -0.599480 0.891898 0.221465 -0.527213
    195 2.036863 0.212967 -8.988504 1.854428 -0.561230 -1.548193
    196 -9.580679 -27.862108 -37.184677 0.812879 -0.123459 -0.568477
    197 0.649935 -0.548296 0.093658 -1.665913 -0.131399 -0.112062
    198 1.899127 0.000427 -0.000439 0.027386 -0.033311 0.477848
    199 0.657078 0.008400 0.040375 -1.665945 -0.131407 -0.000013
    200 1.799664 -0.000240 0.000231 0.027386 -0.033311 0.477848
    201 1.799664 -0.000240 0.000231 0.027386 -0.033311 0.477848
    202 1.799664 -0.000240 0.000231 0.027386 -0.033311 0.477848
    203 0.665774 0.747222 -0.029186 -1.665935 -0.131408 0.094976
    204 1.900306 -0.000137 -0.000517 0.027386 -0.033311 0.477848
    205 5.142488 -5.342896 5.141611 1.567511 1.561257 -3.038808
    206 3.999897 0.000040 0.001007 -0.419978 -0.000012 -0.000060
    207 0.600403 0.399632 -0.000469 0.000000 0.000000 -3.141496
    208 0.599890 0.400186 0.000031 0.000000 0.000000 -3.141592
    209 2.300137 -2.499413 0.600155 -0.891898 -0.221466 -0.527212
    210 7.571861 -10.993561 -1.941252 2.076741 0.256174 -1.130708
    211 2.762354 0.116951 1.523975 1.629482 0.064153 1.743800
    212 7.228317 7.928200 -3.925652 2.328713 0.123459 -0.568477
    213 0.650396 -0.547731 -0.092976 1.665913 0.131399 -0.112062
    214 1.899441 -0.000320 -0.000150 -0.027386 0.033311 0.477848
    215 0.657068 0.008398 -0.040379 1.665945 0.131407 -0.000013
    216 1.799659 -0.000233 -0.000233 -0.027386 0.033311 0.477848
    217 1.799659 -0.000233 -0.000233 -0.027386 0.033311 0.477848
    218 1.799659 -0.000233 -0.000233 -0.027386 0.033311 0.477848
    219 0.665778 0.747222 0.029179 1.665935 0.131408 0.094976
    220 1.900722 0.000549 -0.000072 -0.027386 0.033311 0.477848
    221 4.530998 0.000000 0.000000 0.000000 0.000000 0.000000
    222 4.527344 0.000000 0.000000 0.000000 0.000000 0.000000
    223 0.000000 0.000000 0.000000 0.000000 0.000000 0.000000
    224 0.000000 0.000000 0.000000 0.000000 0.000000 0.000000
    225 4.000000 -6.500000 0.000000 0.000000 0.000000 0.000977
    226 -6.500000 0.000000 0.000000 0.000000 1.570752 0.000000
    227 13.711124 0.062751 2.559804 -1.328489 0.147709 1.347758
    228 0.280000 -0.135000 2.196999 1.570796 0.000000 -1.570735
    229 0.000000 0.000000 0.000000 0.000000 0.000000 0.000000
    230 0.000000 0.000000 0.000000 0.004794 0.000288 0.013483
    231 0.106000 0.000000 -64.320000 0.000000 0.000000 0.000000
    232 0.000000 0.000000 0.000000 0.000000 0.000000 0.000000
    233 -0.106000 0.000000 64.320000 0.000000 0.000000 0.000000
    234 0.003042 -0.001328 -64.319374 0.000009 0.000084 -3.141638
    235 0.000000 0.000000 0.000000 -0.000303 0.000193 -0.000090
    236 1.688000 -0.001000 -1.454002 0.000000 0.000000 0.000000
    237 -1.070999 -0.005000 0.545002 0.000000 0.000000 0.000000
    238 5.895000 0.750997 -0.156000 0.000000 0.000000 0.000000
    239 11.599999 -0.000003 -1.500002 0.000000 0.000000 0.000000
    240 1.037001 1.337997 -4.334000 -2.791227 -0.162411 -0.765711
    241 7.216001 -0.000003 -1.579000 0.000000 0.000000 0.000000
    242 4.445999 -0.000003 -1.500000 0.000000 0.000000 0.000000
    243 0.673937 -0.015635 -4.768713 -3.141592 -1.281051 3.141593
    244 0.094999 -0.144000 0.332001 0.000000 0.000000 0.000000
    245 14.209020 0.000022 0.766988 0.000000 0.000000 0.000000
    246 0.000000 0.000000 0.000000 1.570800 0.000000 -1.570796
  time 24
    0 0.000000 0.000000 0.000000 0.000000 0.000000 -1.570796
    1 -0.106750 -0.000001 -0.000351 0.000000 0.000000 0.000000
    2 0.000000 0.000000 0.000000 0.000000 0.000000 0.000000
    3 -0.904000 0.000000 -11.806000 0.000000 0.000000 0.000000
    4 0.000000 0.000000 -14.313999 1.570807 -1.570729 0.000000
    5 3.533001 0.000000 0.000000 0.000000 0.000000 0.000000
    6 6.250000 0.000000 0.000000 0.000000 0.000000 0.000000
    7 9.572857 -0.019507 -1.944020 -1.507193 1.421058 -1.507866
    8 9.572857 3.195435 2.510456 -1.454257 -1.489540 1.454588
    9 5.786820 0.002787 -0.000113 -0.843056 1.389763 -1.271905
    10 5.999492 -0.000592 -4.000343 0.000000 0.000000 0.000000
    11 5.787410 0.002582 0.000893 0.352388 -0.401154 -0.375591
    12 5.999492 -0.000592 4.000340 0.000000 0.000000 0.000000
    13 0.500225 0.000133 -0.000084 -0.112420 0.000000 0.000000
    14 11.530657 0.000349 -0.001308 0.000079 -0.000075 -1.613047
    15 -0.829338 0.893824 0.079659 -0.148839 0.047645 0.087266
    16 0.500225 0.000132 0.000072 -0.126417 0.000000 0.000000
    17 11.532495 0.000526 0.003814 0.000042 0.000050 -2.043361
    18 -0.829586 0.894698 -0.079468 0.045377 -0.019621 0.087266
    19 10.599886 0.000105 -0.000553 -0.434915 0.000000 0.000024
    20 0.518115 -0.497844 -0.000805 0.000000 0.000011 0.806486
    21 11.042053 0.003717 0.000798 -1.090993 -0.099162 0.023431
    22 -11.814724 0.424524 -0.297680 0.247998 -0.066121 -0.042695
    23 10.599878 0.000105 0.000549 -0.592884 0.000000 0.000000
    24 0.982971 -0.599410 0.000801 0.000000 -0.000011 1.021659
    25 11.041739 0.003170 -0.000568 -0.658899 -0.591321 0.910972
    26 -11.663242 0.094713 0.140656 -0.068591 0.018527 -0.015099
    27 0.610300 -0.939470 0.070347 -1.656962 -0.125877 -0.162061
    28 0.639938 -0.199121 0.060192 -1.677502 -0.120713 -0.062276
    29 0.600155 1.080260 -0.339535 -1.745714 0.073000 0.080372
    30 0.610207 0.400743 -0.010098 -1.771250 -0.042392 0.005576
    31 0.646434 -0.674465 -0.255781 0.248135 -0.033690 -1.232593
    32 -0.792125 0.203736 0.461304 1.439074 -0.003453 -0.018305
    33 0.610300 -0.939469 -0.070354 1.655238 0.140141 -0.175584
    34 0.639938 -0.199121 -0.060200 1.665553 0.097296 -0.069695
    35 0.600157 1.080260 0.339531 1.738819 -0.097851 0.094346
    36 0.610205 0.400743 0.010086 1.786899 -0.004743 0.030144
    37 0.627906 -0.691394 0.232270 -0.386496 -0.539099 -0.990516
    38 -0.626031 -0.069982 -0.080517 -1.447153 0.086151 0.021559
    39 2.621377 -0.002532 -0.001438 0.093207 -0.044788 -0.293335
    40 2.660837 0.000397 -0.000071 -0.133683 -0.077547 0.655479
    41 2.202488 0.003364 -0.002863 -0.155296 0.141205 0.301566
    42 0.599950 0.959236 -0.300102 -0.174544 0.000000 0.000000
    43 2.557190 -0.001967 0.002453 -0.053191 0.041261 0.589003
    44 2.098929 0.000032 -0.002193 -0.533914 -0.034592 0.004211
    45 0.999378 -0.000238 -0.974988 0.000000 0.000000 0.000000
    46 -0.122641 -0.721855 0.661686 -0.486644 0.223964 0.243056
    47 2.622112 -0.000648 0.002741 -0.043074 0.092667 0.319090
    48 2.657909 0.000687 -0.000533 0.118870 -0.014295 1.163172
    49 2.200014 0.001663 0.000836 0.065053 -0.127409 0.950783
    50 0.599949 0.959244 0.300102 0.174544 0.000000 0.000000
    51 2.556571 -0.000385 0.000554 0.071331 -0.031149 1.060500
    52 2.103853 0.001708 -0.001011 0.273971 -0.237196 0.431005
    53 0.999376 -0.000240 1.248430 0.000000 0.000000 0.946859
    54 0.310848 -0.606446 -0.498005 0.308107 -0.197598 0.313975
    55 1.869163 -0.000835 -0.000994 -0.000007 0.000003 0.941172
    56 1.200941 0.399582 -0.000237 -0.009465 0.016087 0.007127
    57 0.000586 0.100342 -0.000319 -0.120035 -0.021926 -0.209617
    58 -0.161663 0.051712 0.194808 -2.941982 0.122408 -0.060194
    59 2.010090 -0.003202 -0.003377 0.000006 0.000001 0.993997
    60 0.000237 0.099800 -0.000395 -0.018823 0.010833 -0.239219
    61 -0.203197 0.048607 0.069150 -3.093332 0.033217 -0.046722
    62 1.180426 -0.002312 0.000781 0.007764 0.011218 1.337985
    63 -0.000196 0.099625 -0.000034 0.000000 0.000000 -0.314102
    64 -0.088737 -0.688435 -0.145203 2.930407 -0.136130 0.513013
    65 1.712069 -0.003328 0.003818 -0.017607 0.011928 1.076826
    66 -0.000576 0.100143 -0.000311 -0.010914 0.023131 -0.260843
    67 -0.146027 -0.232426 -0.014225 3.028455 -0.094299 0.113020
    68 1.290634 0.000361 -0.000036 0.000000 0.000060 -0.140060
    69 -0.658119 -0.003576 0.072643 -0.142711 0.027792 -0.077299
    70 1.868078 -0.003049 0.002177 -0.000033 -0.000057 1.149370
    71 1.200075 0.399942 -0.000093 0.009465 -0.016087 0.007127
    72 0.000589 0.100342 0.000319 0.120035 0.021926 -0.209617
    73 0.068073 0.002283 -0.080050 3.111376 -0.069366 -0.060847
    74 2.011874 -0.001179 0.002180 -0.000001 -0.000001 1.044683
    75 0.000233 0.099800 0.000395 0.018823 -0.010833 -0.239219
    76 -0.018673 -0.001009 0.047544 3.109244 0.002635 -0.106673
    77 1.178665 0.001595 0.000845 -0.000042 0.000071 0.382213
    78 -0.000196 0.099628 0.000034 0.000000 0.000000 -0.314102
    79 0.036894 -0.634449 0.266284 -2.801062 0.174301 0.490915
    80 1.708256 -0.002504 -0.000686 0.000050 -0.000025 0.882598
    81 -0.000580 0.100140 0.000311 0.010910 -0.023132 -0.260845
    82 -0.003952 -0.281811 0.115047 -3.059162 0.089004 0.167964
    83 1.289625 0.000042 0.000061 -0.000002 0.000002 0.761205
    84 -0.171526 -0.018150 -0.099873 0.013484 -0.062184 -0.011781
    85 0.916622 0.003336 0.001326 0.000031 0.000057 1.017289
    86 -0.342617 0.053402 -0.025571 -2.909301 -0.017248 0.075276
    87 1.100231 -0.000928 -0.002434 0.000009 0.000002 0.355689
    88 -0.384979 0.331001 0.006848 -3.087207 -0.018765 -0.184278
    89 0.678146 0.002286 -0.003905 0.001828 -0.002200 0.362077
    90 -0.123848 0.072738 0.029507 2.898184 -0.060627 0.094835
    91 1.017166 -0.000154 -0.000252 -0.000011 -0.000002 0.214832
    92 -0.344990 0.123129 0.143151 2.994981 0.012396 0.059140
    93 -0.730989 0.177046 0.039141 -0.123731 0.076518 -0.084310
    94 0.921993 0.001298 -0.000896 -0.000002 -0.000011 0.552639
    95 -0.124023 -0.052090 0.038495 3.077813 -0.008519 0.039229
    96 1.100433 -0.003552 0.000502 0.000018 0.000066 0.597641
    97 -0.330082 0.160639 0.042780 3.128073 0.034033 -0.171236
    98 0.679764 0.001532 0.003272 0.000062 -0.000021 0.804290
    99 -0.019512 -0.016531 0.038578 -2.763781 0.050305 0.076829
    100 1.018891 0.001206 0.001121 -0.000006 -0.000017 0.489190
    101 -0.155308 0.130644 -0.021921 -3.022466 0.022433 -0.024902
    102 -0.252207 0.061937 -0.024914 -0.007671 -0.063171 -0.044392
    103 -0.085995 0.185205 -0.015180 -2.937063 -0.113970 -0.138991
    104 -0.286533 0.179852 0.024264 -3.109353 -0.049645 -0.029914
    105 -0.019482 0.147083 0.079203 2.893815 0.038585 -0.060594
    106 -0.046482 0.251896 0.129548 3.016165 0.077112 -0.042864
    107 0.039124 -0.040295 0.047739 3.084219 0.030470 -0.037414
    108 -0.233757 0.066630 0.001754 -3.133087 0.040141 -0.065412
    109 0.044266 0.020131 0.001684 -2.778763 -0.118872 -0.040488
    110 0.071495 0.074128 -0.048302 -3.035917 -0.059482 0.104366
    111 0.000000 0.000000 0.000000 0.000000 0.000000 -1.570796
    112 -10.660482 -8.672140 -7.945555 -0.765515 0.121605 -0.518317
    113 0.000000 0.000000 0.000000 0.000000 0.000000 0.000000
    114 -1.859432 -14.004334 -9.484664 -0.765108 0.121589 -0.518134
    115 3.096000 0.000000 -1.996000 0.000000 0.000000 0.000000
    116 3.040999 0.000000 1.202000 0.000000 0.000000 0.000000
    117 7.854000 0.000000 -0.042000 0.000000 0.000000 0.000000
    118 13.105999 0.000000 -0.006000 0.000000 0.000000 -0.000013
    119 3.456000 0.000000 -1.084000 0.000000 0.000000 0.000000
    120 1.804000 0.000000 -1.025000 0.000000 0.000000 0.000000
    121 7.098000 0.000000 -1.084000 0.000000 0.000000 0.000000
    122 1.868000 1.809000 -1.975000 -2.218497 -0.017091 -0.465758
    123 3.740000 0.000000 1.273000 0.000000 0.000000 0.000000
    124 11.956999 0.000000 -0.006000 0.000000 0.000000 0.000013
    125 6.072001 0.000000 -1.238000 0.000000 0.000000 0.000000
    126 5.690000 -0.365000 0.068000 -0.000118 -0.348941 -1.570715
    127 6.396999 0.614000 0.428000 0.000000 0.000000 0.000000
    128 3.040999 0.000000 1.202000 0.000000 0.000000 0.000000
    129 3.720000 0.000000 1.202000 0.000000 0.000000 0.000000
    130 1.086000 -0.661000 -0.149000 0.000000 0.000000 0.000000
    131 1.067000 0.589000 0.076000 0.000000 0.000000 0.000000
    132 0.000000 -0.019000 0.000000 0.000000 0.000000 0.000000
    133 0.000000 -0.019000 0.000000 0.000000 0.000000 0.000000
    134 3.300000 -0.019000 1.346000 0.000000 0.000000 0.000000
    135 -1.524000 -1.859000 -4.367000 -1.730149 -0.014933 0.208109
    136 7.283999 0.000000 -2.195000 0.000000 0.000000 0.000000
    137 -1.323000 0.000000 0.184000 0.000000 0.000000 0.000000
    138 0.082000 0.000000 1.002000 0.000000 0.000000 0.000000
    139 2.501336 51.665639 -27.527783 0.529479 0.592569 -0.936537
    140 0.478000 0.000000 -4.537000 0.000000 0.000000 0.000000
    141 3.436000 0.000000 1.202000 0.000000 0.000000 0.000000
    142 3.040999 0.000000 1.202000 0.000000 0.000000 0.000000
    143 4.657000 0.000000 1.545000 0.000000 0.000000 0.000000
    144 -0.403000 0.000000 -0.011000 0.000000 0.000000 0.000000
    145 1.781000 0.000000 0.873000 0.000000 0.000000 0.000000
    146 0.384000 0.715000 0.801000 0.000000 0.000000 0.000000
    147 1.795000 0.533000 -1.550000 0.000000 0.000000 0.000000
    148 4.435999 0.595000 -0.954000 0.000000 0.000000 0.000000
    149 4.401999 -0.614000 -1.630000 0.000000 0.000000 0.000000
    150 4.203000 -0.003000 -0.048000 0.000000 0.000000 0.000000
    151 5.136000 0.000000 1.534000 0.000000 0.000000 0.000000
    152 11.957001 0.000000 -0.006000 0.000000 0.000000 0.000013
    153 -2.103001 0.000000 0.000000 0.000000 0.000000 0.000000
    154 -0.598001 0.000000 -0.011000 0.000000 0.000000 0.000000
    155 0.496000 0.184000 -3.523000 0.000000 0.000000 0.000000
    156 0.147000 0.184000 -0.328000 0.000000 0.000000 0.000000
    157 0.147000 0.184000 0.023000 0.000000 0.000000 0.000000
    158 0.147000 0.184000 0.368000 0.000000 0.000000 0.000000
    159 0.147000 0.184000 0.717000 0.000000 0.000000 0.000000
    160 0.147000 0.184000 1.067000 0.000000 0.000000 0.000000
    161 0.148000 0.184000 1.414000 0.000000 0.000000 0.000000
    162 0.148000 -0.074000 1.640000 0.000000 0.000000 0.000000
    163 0.435000 0.184000 -3.179000 0.000000 0.000000 0.000000
    164 0.378000 0.184000 -2.826000 0.000000 0.000000 0.000000
    165 0.329000 0.184000 -2.477000 0.000000 0.000000 0.000000
    166 0.286000 0.184000 -2.127000 0.000000 0.000000 0.000000
    167 0.252000 0.184000 -1.775000 0.000000 0.000000 0.000000
    168 0.215000 0.184000 -1.417000 0.000000 0.000000 0.000000
    169 0.190000 0.184000 -1.064000 0.000000 0.000000 0.000000
    170 0.166000 0.184000 -0.714000 0.000000 0.000000 0.000000
    171 1.622000 0.000000 1.568000 0.000000 0.000000 0.000000
    172 2.240000 0.000000 1.568000 0.000000 0.000000 0.000000
    173 0.000000 0.000000 0.000000 0.000000 0.000000 0.000000
    174 0.000000 0.000000 -4.867001 3.141572 -0.003206 -3.128592
    175 1.000088 -0.000029 0.000000 0.000000 0.000000 0.000000
    176 17.162518 -0.000404 0.000000 0.000000 0.000000 0.119207
    177 17.749374 0.295515 0.000000 0.000000 0.000000 -1.158919
    178 5.413528 0.000347 0.000000 0.000000 0.000000 -0.518029
    179 0.017887 0.299792 0.000000 0.000000 0.000000 -0.059575
    180 9.999889 -0.000303 0.000000 0.000000 0.000000 0.000000
    181 0.000000 0.000000 4.867000 -3.141572 0.003206 -3.128592
    182 1.000088 -0.000029 0.000000 0.000000 0.000000 0.000000
    183 12.283573 1.581455 -4.695999 1.462269 -0.086726 0.090185
    184 17.162518 -0.000404 0.000000 0.000000 0.000000 0.119207
    185 17.749374 0.295515 0.000000 0.000000 0.000000 -1.158919
    186 5.413528 0.000347 0.000000 0.000000 0.000000 -0.518027
    187 0.017887 0.299792 0.000000 0.000000 0.000000 -0.059573
    188 9.499836 0.000212 0.000000 0.000000 0.000000 0.000000
    189 -1.145525 0.000130 0.000671 0.000000 0.000000 0.000000
    190 -0.857691 0.104071 0.104687 0.023536 0.163924 0.013632
    191 3.999430 -0.000528 -0.000332 -0.543693 0.000000 0.000000
    192 0.599499 0.400698 0.000236 0.000000 0.000000 0.000000
    193 0.599886 0.400186 -0.000027 0.000000 0.000000 0.000000
    194 2.299677 -2.499979 -0.599480 0.891898 0.221465 -0.527213
    195 5.521344 -1.658184 -5.968881 2.532176 -0.718260 -1.560604
    196 -9.580679 -27.862108 -37.184677 0.812879 -0.123459 -0.568477
    197 0.649935 -0.548296 0.093658 -1.665913 -0.131399 -0.112062
    198 1.899127 0.000427 -0.000439 0.027386 -0.033311 0.477848
    199 0.657078 0.008400 0.040375 -1.665945 -0.131407 -0.000013
    200 1.799664 -0.000240 0.000231 0.027386 -0.033311 0.477848
    201 1.799664 -0.000240 0.000231 0.027386 -0.033311 0.477848
    202 1.799664 -0.000240 0.000231 0.027386 -0.033311 0.477848
    203 0.665774 0.747222 -0.029186 -1.665935 -0.131408 0.094976
    204 1.900306 -0.000137 -0.000517 0.027386 -0.033311 0.477848
    205 5.306555 -4.729596 4.821289 1.569140 1.561305 -2.993867
    206 3.999897 0.000040 0.001007 -0.296470 0.000000 0.000000
    207 0.600403 0.399632 -0.000469 0.000000 0.000000 3.141497
    208 0.599890 0.400186 0.000031 0.000000 0.000000 3.141497
    209 2.300137 -2.499413 0.600155 -0.891898 -0.221466 -0.527212
    210 8.919558 -10.266976 -1.152165 2.109965 0.185640 -0.989809
    211 2.762354 0.116951 1.523975 1.629482 0.064153 1.743800
    212 7.228317 7.928200 -3.925652 2.328713 0.123459 -0.568477
    213 0.650396 -0.547731 -0.092976 1.665913 0.131399 -0.112062
    214 1.899441 -0.000320 -0.000150 -0.027386 0.033311 0.477848
    215 0.657068 0.008398 -0.040379 1.665945 0.131407 -0.000013
    216 1.799659 -0.000233 -0.000233 -0.027386 0.033311 0.477848
    217 1.799659 -0.000233 -0.000233 -0.027386 0.033311 0.477848
    218 1.799659 -0.000233 -0.000233 -0.027386 0.033311 0.477848
    219 0.665778 0.747222 0.029179 1.665935 0.131408 0.094976
    220 1.900722 0.000549 -0.000072 -0.027386 0.033311 0.477848
    221 4.530998 0.000000 0.000000 0.000000 0.000000 0.000000
    222 4.527344 0.000000 0.000000 0.000000 0.000000 0.000000
    223 0.000000 0.000000 0.000000 0.000000 0.000000 0.000000
    224 0.000000 0.000000 0.000000 0.000000 0.000000 0.000000
    225 4.000000 -6.500000 0.000000 0.000000 0.000000 0.000977
    226 -6.500000 0.000000 0.000000 0.000000 1.570752 0.000000
    227 15.011945 -1.859183 2.313703 -0.765166 0.121499 1.052753
    228 0.280000 -0.135000 2.196999 1.570796 0.000000 -1.570735
    229 0.000000 0.000000 0.000000 0.000000 0.000000 0.000000
    230 0.000000 0.000000 0.000000 -0.000168 0.002073 0.005369
    231 0.106000 0.000000 -64.320000 0.000000 0.000000 0.000000
    232 0.000000 0.000000 0.000000 0.000000 0.000000 0.000000
    233 -0.106000 0.000000 64.320000 0.000000 0.000000 0.000000
    234 0.003042 -0.001328 -64.319374 0.000009 0.000084 -3.141638
    235 0.000000 0.000000 0.000000 -0.000303 0.000193 -0.000090
    236 1.688000 -0.001000 -1.454002 0.000000 0.000000 0.000000
    237 -1.070999 -0.005000 0.545002 0.000000 0.000000 0.000000
    238 5.895000 0.750997 -0.156000 0.000000 0.000000 0.000000
    239 11.599999 -0.000003 -1.500002 0.000000 0.000000 0.000000
    240 1.037001 1.337997 -4.334000 -2.791227 -0.162411 -0.765711
    241 7.216001 -0.000003 -1.579000 0.000000 0.000000 0.000000
    242 4.445999 -0.000003 -1.500000 0.000000 0.000000 0.000000
    243 0.673937 -0.015635 -4.768713 -3.141592 -1.281051 3.141593
    244 0.094999 -0.144000 0.332001 0.000000 0.000000 0.000000
    245 14.209020 0.000022 0.766988 0.000000 0.000000 0.000000
    246 0.000000 0.000000 0.000000 1.570800 0.000000 -1.570796
  time 25
    0 0.000000 0.000000 0.000000 0.000000 0.000000 -1.570796
    1 -0.106750 -0.000001 -0.000351 0.000000 0.000000 0.000000
    2 0.000000 0.000000 0.000000 0.000000 0.000000 0.000000
    3 -0.904000 0.000000 -11.806000 0.000000 0.000000 0.000000
    4 0.000000 0.000000 -14.313999 1.570807 -1.570729 0.000000
    5 3.533001 0.000000 0.000000 0.000000 0.000000 0.000000
    6 6.250000 0.000000 0.000000 0.000000 0.000000 0.000000
    7 9.572857 -0.019507 -1.944020 -1.529940 1.335066 -1.530990
    8 9.568951 3.793110 2.385452 -1.523909 -1.367110 1.524887
    9 5.786820 0.002787 -0.000113 -1.327995 1.255416 -1.767614
    10 5.999492 -0.000592 -4.000343 0.000000 0.000000 0.000000
    11 5.787410 0.002582 0.000893 0.455357 -0.491953 -0.599907
    12 5.999492 -0.000592 4.000340 0.000000 0.000000 0.000000
    13 0.500225 0.000133 -0.000084 -0.007962 -0.000060 0.000000
    14 11.530657 0.000349 -0.001308 -0.000053 0.000045 -1.605759
    15 -0.829338 0.893824 0.079659 -0.148839 0.047645 0.087266
    16 0.500225 0.000132 0.000072 -0.085136 0.000000 0.000000
    17 11.532495 0.000526 0.003814 -0.000042 0.000026 -1.913065
    18 -0.829586 0.894698 -0.079468 0.045377 -0.019621 0.087266
    19 10.599886 0.000105 -0.000553 -0.182361 0.000000 0.000000
    20 0.514208 -0.493937 -0.000805 -0.000072 -0.000025 0.802870
    21 11.042053 0.003717 0.000798 -0.461997 0.285401 0.126323
    22 -11.814724 0.424524 -0.297680 0.247998 -0.066121 -0.042695
    23 10.599878 0.000105 0.000549 -0.425548 0.000060 -0.000012
    24 0.830622 -0.583784 0.000801 0.000000 -0.000011 0.956562
    25 11.041739 0.003170 -0.000568 -0.475910 -0.826708 1.129230
    26 -11.663242 0.094713 0.140656 -0.068591 0.018527 -0.015099
    27 0.610300 -0.939470 0.070347 -1.655245 -0.140055 -0.175580
    28 0.639938 -0.199121 0.060192 -1.665909 -0.131428 -0.066447
    29 0.600155 1.080260 -0.339535 -1.738023 0.020766 0.107421
    30 0.610207 0.400743 -0.010098 -1.760278 -0.067656 0.011640
    31 0.642528 -0.678372 -0.247969 0.166190 -0.120082 -1.289574
    32 -0.792125 0.203736 0.461304 1.439074 -0.003453 -0.018305
    33 0.610300 -0.939469 -0.070354 1.655238 0.140141 -0.175584
    34 0.639938 -0.199121 -0.060200 1.665452 0.089709 -0.070450
    35 0.600157 1.080260 0.339531 1.739137 -0.114558 0.091493
    36 0.610205 0.400743 0.010086 1.793514 -0.021881 0.026789
    37 0.627906 -0.691394 0.232270 -0.416992 -0.534703 -1.001297
    38 -0.626031 -0.069982 -0.080517 -1.447153 0.086151 0.021559
    39 2.621377 -0.002532 -0.001438 0.187741 -0.022780 -0.409313
    40 2.660837 0.000397 -0.000071 -0.097243 -0.091337 0.649616
    41 2.202488 0.003364 -0.002863 -0.212678 0.104554 0.353770
    42 0.599950 0.959236 -0.300102 -0.174544 0.000000 0.000000
    43 2.557190 -0.001967 0.002453 -0.062407 0.027820 0.622119
    44 2.098929 0.000032 -0.002193 -0.520654 -0.068452 -0.118617
    45 0.999378 -0.000238 -0.951549 0.000000 0.000000 0.000000
    46 -0.122641 -0.721855 0.661686 -0.486644 0.223964 0.243056
    47 2.622112 -0.000648 0.002741 -0.052651 0.124139 0.240323
    48 2.657909 0.000687 -0.000533 0.145654 -0.013983 1.235677
    49 2.200014 0.001663 0.000836 0.056532 -0.150611 1.111747
    50 0.599949 0.959244 0.300102 0.174544 0.000000 0.000000
    51 2.556571 -0.000385 0.000554 0.066620 -0.027603 1.182664
    52 2.103853 0.001708 -0.001011 0.269488 -0.242133 0.448809
    53 0.999376 -0.000240 1.240617 0.000000 0.000000 0.946859
    54 0.310848 -0.606446 -0.498005 0.308107 -0.197598 0.313975
    55 1.869163 -0.000835 -0.000994 -0.000055 0.000027 0.865563
    56 1.200941 0.399582 -0.000237 -0.009465 0.016087 0.007127
    57 0.000586 0.100342 -0.000319 -0.120035 -0.021926 -0.209617
    58 -0.161663 0.051712 0.194808 -2.941982 0.122408 -0.060194
    59 2.010090 -0.003202 -0.003377 -0.000018 -0.000047 0.842531
    60 0.000237 0.099800 -0.000395 -0.018823 0.010833 -0.239219
    61 -0.203197 0.048607 0.069150 -3.093332 0.033217 -0.046722
    62 1.180426 -0.002312 0.000781 0.000046 -0.000036 1.267231
    63 -0.000196 0.099625 -0.000034 0.000000 0.000000 -0.314102
    64 -0.088737 -0.688435 -0.145203 2.930407 -0.136130 0.513013
    65 1.712069 -0.003328 0.003818 -0.023911 0.014181 0.969350
    66 -0.000576 0.100143 -0.000311 -0.010914 0.023131 -0.260843
    67 -0.146027 -0.232426 -0.014225 3.028455 -0.094299 0.113020
    68 1.290634 0.000361 -0.000036 0.000000 0.000060 -0.261474
    69 -0.658119 -0.003576 0.072643 -0.142711 0.027792 -0.077299
    70 1.868078 -0.003049 0.002177 0.000015 -0.000045 1.117699
    71 1.200075 0.399942 -0.000093 0.009465 -0.016087 0.007127
    72 0.000589 0.100342 0.000319 0.120035 0.021926 -0.209617
    73 0.068073 0.002283 -0.080050 3.111376 -0.069366 -0.060847
    74 2.011874 -0.001179 0.002180 -0.000037 -0.000061 1.044125
    75 0.000233 0.099800 0.000395 0.018823 -0.010833 -0.239219
    76 -0.018673 -0.001009 0.047544 3.109244 0.002635 -0.106673
    77 1.178665 0.001595 0.000845 0.000006 -0.000001 0.434695
    78 -0.000196 0.099628 0.000034 0.000000 0.000000 -0.314102
    79 0.036894 -0.634449 0.266284 -2.801062 0.174301 0.490915
    80 1.708256 -0.002504 -0.000686 0.000050 -0.000025 0.866262
    81 -0.000580 0.100140 0.000311 0.010910 -0.023132 -0.260845
    82 -0.003952 -0.281811 0.115047 -3.059162 0.089004 0.167964
    83 1.289625 0.000042 0.000061 -0.000002 0.000002 0.774091
    84 -0.171526 -0.018150 -0.099873 0.013484 -0.062184 -0.011781
    85 0.916622 0.003336 0.001326 0.000007 0.000009 0.753117
    86 -0.342617 0.053402 -0.025571 -2.909301 -0.017248 0.075276
    87 1.100231 -0.000928 -0.002434 0.000009 0.000002 0.290180
    88 -0.384979 0.331001 0.006848 -3.087207 -0.018765 -0.184278
    89 0.678146 0.002286 -0.003905 -0.000066 0.000005 0.345773
    90 -0.123848 0.072738 0.029507 2.898184 -0.060627 0.094835
    91 1.017166 -0.000154 -0.000252 -0.000071 -0.000002 0.271210
    92 -0.344990 0.123129 0.143151 2.994981 0.012396 0.059140
    93 -0.730989 0.177046 0.039141 -0.123731 0.076518 -0.084310
    94 0.921993 0.001298 -0.000896 -0.000002 -0.000011 0.572282
    95 -0.124023 -0.052090 0.038495 3.077813 -0.008519 0.039229
    96 1.100433 -0.003552 0.000502 -0.000006 0.000006 0.547668
    97 -0.330082 0.160639 0.042780 3.128073 0.034033 -0.171236
    98 0.679764 0.001532 0.003272 0.000002 0.000003 0.737807
    99 -0.019512 -0.016531 0.038578 -2.763781 0.050305 0.076829
    100 1.018891 0.001206 0.001121 0.000006 -0.000017 0.483159
    101 -0.155308 0.130644 -0.021921 -3.022466 0.022433 -0.024902
    102 -0.252207 0.061937 -0.024914 -0.007671 -0.063171 -0.044392
    103 -0.085995 0.185205 -0.015180 -2.937063 -0.113970 -0.138991
    104 -0.286533 0.179852 0.024264 -3.109353 -0.049645 -0.029914
    105 -0.019482 0.147083 0.079203 2.893815 0.038585 -0.060594
    106 -0.046482 0.251896 0.129548 3.016165 0.077112 -0.042864
    107 0.039124 -0.040295 0.047739 3.084219 0.030470 -0.037414
    108 -0.233757 0.066630 0.001754 -3.133087 0.040141 -0.065412
    109 0.044266 0.020131 0.001684 -2.778763 -0.118872 -0.040488
    110 0.071495 0.074128 -0.048302 -3.035917 -0.059482 0.104366
    111 0.000000 0.000000 0.000000 0.000000 0.000000 -1.570796
    112 -10.765954 -8.074465 -8.035401 -0.339287 0.069222 -0.777521
    113 0.000000 0.000000 0.000000 0.000000 0.000000 0.000000
    114 -3.488388 -15.441877 -9.121372 -0.338952 0.069045 -0.777594
    115 3.096000 0.000000 -1.996000 0.000000 0.000000 0.000000
    116 3.040999 0.000000 1.202000 0.000000 0.000000 0.000000
    117 7.854000 0.000000 -0.042000 0.000000 0.000000 0.000000
    118 13.105999 0.000000 -0.006000 0.000000 0.000000 -0.000013
    119 3.456000 0.000000 -1.084000 0.000000 0.000000 0.000000
    120 1.804000 0.000000 -1.025000 0.000000 0.000000 0.000000
    121 7.098000 0.000000 -1.084000 0.000000 0.000000 0.000000
    122 1.868000 1.809000 -1.975000 -2.218497 -0.017091 -0.465758
    123 3.740000 0.000000 1.273000 0.000000 0.000000 0.000000
    124 11.956999 0.000000 -0.006000 0.000000 0.000000 0.000013
    125 6.072001 0.000000 -1.238000 0.000000 0.000000 0.000000
    126 5.690000 -0.365000 0.068000 -0.000118 -0.348941 -1.570715
    127 6.396999 0.614000 0.428000 0.000000 0.000000 0.000000
    128 3.040999 0.000000 1.202000 0.000000 0.000000 0.000000
    129 3.720000 0.000000 1.202000 0.000000 0.000000 0.000000
    130 1.086000 -0.661000 -0.149000 0.000000 0.000000 0.000000
    131 1.067000 0.589000 0.076000 0.000000 0.000000 0.000000
    132 0.000000 -0.019000 0.000000 0.000000 0.000000 0.000000
    133 0.000000 -0.019000 0.000000 0.000000 0.000000 0.000000
    134 3.300000 -0.019000 1.346000 0.000000 0.000000 0.000000
    135 -1.524000 -1.859000 -4.367000 -1.730149 -0.014933 0.208109
    136 7.283999 0.000000 -2.195000 0.000000 0.000000 0.000000
    137 -1.323000 0.000000 0.184000 0.000000 0.000000 0.000000
    138 0.082000 0.000000 1.002000 0.000000 0.000000 0.000000
    139 -4.381687 34.770592 -46.872123 0.288910 0.192558 -0.777125
    140 0.478000 0.000000 -4.537000 0.000000 0.000000 0.000000
    141 3.436000 0.000000 1.202000 0.000000 0.000000 0.000000
    142 3.040999 0.000000 1.202000 0.000000 0.000000 0.000000
    143 4.657000 0.000000 1.545000 0.000000 0.000000 0.000000
    144 -0.403000 0.000000 -0.011000 0.000000 0.000000 0.000000
    145 1.781000 0.000000 0.873000 0.000000 0.000000 0.000000
    146 0.384000 0.715000 0.801000 0.000000 0.000000 0.000000
    147 1.795000 0.533000 -1.550000 0.000000 0.000000 0.000000
    148 4.435999 0.595000 -0.954000 0.000000 0.000000 0.000000
    149 4.401999 -0.614000 -1.630000 0.000000 0.000000 0.000000
    150 4.203000 -0.003000 -0.048000 0.000000 0.000000 0.000000
    151 5.136000 0.000000 1.534000 0.000000 0.000000 0.000000
    152 11.957001 0.000000 -0.006000 0.000000 0.000000 0.000013
    153 -2.103001 0.000000 0.000000 0.000000 0.000000 0.000000
    154 -0.598001 0.000000 -0.011000 0.000000 0.000000 0.000000
    155 0.496000 0.184000 -3.523000 0.000000 0.000000 0.000000
    156 0.147000 0.184000 -0.328000 0.000000 0.000000 0.000000
    157 0.147000 0.184000 0.023000 0.000000 0.000000 0.000000
    158 0.147000 0.184000 0.368000 0.000000 0.000000 0.000000
    159 0.147000 0.184000 0.717000 0.000000 0.000000 0.000000
    160 0.147000 0.184000 1.067000 0.000000 0.000000 0.000000
    161 0.148000 0.184000 1.414000 0.000000 0.000000 0.000000
    162 0.148000 -0.074000 1.640000 0.000000 0.000000 0.000000
    163 0.435000 0.184000 -3.179000 0.000000 0.000000 0.000000
    164 0.378000 0.184000 -2.826000 0.000000 0.000000 0.000000
    165 0.329000 0.184000 -2.477000 0.000000 0.000000 0.000000
    166 0.286000 0.184000 -2.127000 0.000000 0.000000 0.000000
    167 0.252000 0.184000 -1.775000 0.000000 0.000000 0.000000
    168 0.215000 0.184000 -1.417000 0.000000 0.000000 0.000000
    169 0.190000 0.184000 -1.064000 0.000000 0.000000 0.000000
    170 0.166000 0.184000 -0.714000 0.000000 0.000000 0.000000
    171 1.622000 0.000000 1.568000 0.000000 0.000000 0.000000
    172 2.240000 0.000000 1.568000 0.000000 0.000000 0.000000
    173 0.000000 0.000000 0.000000 0.000000 0.000000 0.000000
    174 0.000000 0.000000 -4.867001 3.141572 -0.003206 -3.128592
    175 1.000088 -0.000029 0.000000 0.000000 0.000000 0.000000
    176 17.162518 -0.000404 0.000000 0.000000 0.000000 0.119207
    177 17.749374 0.295515 0.000000 0.000000 0.000000 -1.158919
    178 5.413528 0.000347 0.000000 0.000000 0.000000 -0.518029
    179 0.017887 0.299792 0.000000 0.000000 0.000000 -0.059575
    180 9.999889 -0.000303 0.000000 0.000000 0.000000 0.000000
    181 0.000000 0.000000 4.867000 -3.141572 0.003206 -3.128592
    182 1.000088 -0.000029 0.000000 0.000000 0.000000 0.000000
    183 12.283573 1.581455 -4.695999 1.462269 -0.086726 0.090185
    184 17.162518 -0.000404 0.000000 0.000000 0.000000 0.119207
    185 17.749374 0.295515 0.000000 0.000000 0.000000 -1.158919
    186 5.413528 0.000347 0.000000 0.000000 0.000000 -0.518027
    187 0.017887 0.299792 0.000000 0.000000 0.000000 -0.059573
    188 9.499836 0.000212 0.000000 0.000000 0.000000 0.000000
    189 -1.145525 0.000130 0.000671 0.000000 0.000000 0.000000
    190 -0.857691 0.104071 0.104687 0.023536 0.163924 0.013632
    191 3.999430 -0.000528 -0.000332 -0.228016 -0.000060 0.000000
    192 0.599499 0.400698 0.000236 0.000000 0.000000 0.000000
    193 0.599886 0.400186 -0.000027 0.000000 0.000000 0.000000
    194 2.299677 -2.499979 -0.599480 0.891898 0.221465 -0.527213
    195 5.411966 -4.302796 0.074272 -2.717494 -1.221060 -2.196705
    196 -9.580679 -27.862108 -37.184677 0.812879 -0.123459 -0.568477
    197 0.649935 -0.548296 0.093658 -1.665913 -0.131399 -0.112062
    198 1.899127 0.000427 -0.000439 0.027386 -0.033311 0.477848
    199 0.657078 0.008400 0.040375 -1.665945 -0.131407 -0.000013
    200 1.799664 -0.000240 0.000231 0.027386 -0.033311 0.477848
    201 1.799664 -0.000240 0.000231 0.027386 -0.033311 0.477848
    202 1.799664 -0.000240 0.000231 0.027386 -0.033311 0.477848
    203 0.665774 0.747222 -0.029186 -1.665935 -0.131408 0.094976
    204 1.900306 -0.000137 -0.000517 0.027386 -0.033311 0.477848
    205 5.693286 -4.253019 4.821289 1.566553 1.561305 -2.910406
    206 3.999897 0.000040 0.001007 -0.212763 0.000048 -0.000060
    207 0.600403 0.399632 -0.000469 0.000000 0.000000 -3.141592
    208 0.599890 0.400186 0.000031 0.000000 0.000000 3.141497
    209 2.300137 -2.499413 0.600155 -0.891898 -0.221466 -0.527212
    210 9.802397 -9.173193 -0.722465 2.063815 0.152986 -0.852102
    211 2.762354 0.116951 1.523975 1.629482 0.064153 1.743800
    212 7.228317 7.928200 -3.925652 2.328713 0.123459 -0.568477
    213 0.650396 -0.547731 -0.092976 1.665913 0.131399 -0.112062
    214 1.899441 -0.000320 -0.000150 -0.027386 0.033311 0.477848
    215 0.657068 0.008398 -0.040379 1.665945 0.131407 -0.000013
    216 1.799659 -0.000233 -0.000233 -0.027386 0.033311 0.477848
    217 1.799659 -0.000233 -0.000233 -0.027386 0.033311 0.477848
    218 1.799659 -0.000233 -0.000233 -0.027386 0.033311 0.477848
    219 0.665778 0.747222 0.029179 1.665935 0.131408 0.094976
    220 1.900722 0.000549 -0.000072 -0.027386 0.033311 0.477848
    221 4.530998 0.000000 0.000000 0.000000 0.000000 0.000000
    222 4.527344 0.000000 0.000000 0.000000 0.000000 0.000000
    223 0.000000 0.000000 0.000000 0.000000 0.000000 0.000000
    224 0.000000 0.000000 0.000000 0.000000 0.000000 0.000000
    225 4.000000 -6.500000 0.000000 0.000000 0.000000 0.000977
    226 -6.500000 0.000000 0.000000 0.000000 1.570752 0.000000
    227 16.433864 -3.484232 2.684808 -0.339025 0.069079 0.793364
    228 0.280000 -0.135000 2.196999 1.570796 0.000000 -1.570735
    229 0.000000 0.000000 0.000000 0.000000 0.000000 0.000000
    230 0.000000 0.000000 0.000000 -0.003284 0.003164 0.000300
    231 0.106000 0.000000 -64.320000 0.000000 0.000000 0.000000
    232 0.000000 0.000000 0.000000 0.000000 0.000000 0.000000
    233 -0.106000 0.000000 64.320000 0.000000 0.000000 0.000000
    234 0.003042 -0.001328 -64.319374 0.000009 0.000084 -3.141638
    235 0.000000 0.000000 0.000000 -0.000303 0.000193 -0.000090
    236 1.688000 -0.001000 -1.454002 0.000000 0.000000 0.000000
    237 -1.070999 -0.005000 0.545002 0.000000 0.000000 0.000000
    238 5.895000 0.750997 -0.156000 0.000000 0.000000 0.000000
    239 11.599999 -0.000003 -1.500002 0.000000 0.000000 0.000000
    240 1.037001 1.337997 -4.334000 -2.791227 -0.162411 -0.765711
    241 7.216001 -0.000003 -1.579000 0.000000 0.000000 0.000000
    242 4.445999 -0.000003 -1.500000 0.000000 0.000000 0.000000
    243 0.673937 -0.015635 -4.768713 -3.141592 -1.281051 3.141593
    244 0.094999 -0.144000 0.332001 0.000000 0.000000 0.000000
    245 14.209020 0.000022 0.766988 0.000000 0.000000 0.000000
    246 0.000000 0.000000 0.000000 1.570800 0.000000 -1.570796
  time 26
    0 0.000000 0.000000 0.000000 0.000000 0.000000 -1.570796
    1 -0.106750 -0.000001 -0.000351 0.000000 0.000000 0.000000
    2 0.000000 0.000000 0.000000 0.000000 0.000000 0.000000
    3 -0.904000 0.000000 -11.806000 0.000000 0.000000 0.000000
    4 0.000000 0.000000 -14.313999 1.570807 -1.570729 0.000000
    5 3.533001 0.000000 0.000000 0.000000 0.000000 0.000000
    6 6.250000 0.000000 0.000000 0.000000 0.000000 0.000000
    7 9.572857 -0.019507 -1.944020 -1.543894 1.206433 -1.545705
    8 9.568951 4.386878 2.264354 -1.541109 -1.244461 1.542605
    9 5.786820 0.002787 -0.000113 -1.627103 0.978511 -2.168814
    10 5.999492 -0.000592 -4.000343 0.000000 0.000000 0.000000
    11 5.787410 0.002582 0.000893 0.574328 -0.637355 -0.954774
    12 5.999492 -0.000592 4.000340 0.000000 0.000000 0.000000
    13 0.500225 0.000133 -0.000084 0.165377 0.000000 0.000000
    14 11.530657 0.000349 -0.001308 -0.000005 0.000009 -1.242904
    15 -0.829338 0.893824 0.079659 -0.148839 0.047645 0.087266
    16 0.500225 0.000132 0.000072 -0.008705 0.000000 0.000000
    17 11.532495 0.000526 0.003814 0.000006 -0.000010 -1.670335
    18 -0.829586 0.894698 -0.079468 0.045377 -0.019621 0.087266
    19 10.599886 0.000105 -0.000553 0.110959 0.000000 0.000000
    20 0.252482 -0.353308 -0.000805 0.000000 0.000011 0.621428
    21 11.042053 0.003717 0.000798 0.831854 -1.198627 -0.593870
    22 -11.814724 0.424524 -0.297680 0.247998 -0.066121 -0.042695
    23 10.599878 0.000105 0.000549 -0.212424 0.000000 0.000000
    24 0.572802 -0.517376 0.000801 0.000000 -0.000011 0.835128
    25 11.041739 0.003170 -0.000568 -0.197408 -0.791236 1.010763
    26 -11.663242 0.094713 0.140656 -0.068591 0.018527 -0.015099
    27 0.610300 -0.939470 0.070347 -1.655295 -0.140055 -0.175592
    28 0.639938 -0.199121 0.060192 -1.665909 -0.131428 -0.066447
    29 0.600155 1.080260 -0.339535 -1.738023 0.020766 0.107409
    30 0.610207 0.400743 -0.010098 -1.760278 -0.067668 0.011640
    31 0.638621 -0.686184 -0.240156 0.172886 -0.087064 -1.093304
    32 -0.792125 0.203736 0.461304 1.439074 -0.003453 -0.018305
    33 0.610300 -0.939469 -0.070354 1.655238 0.140141 -0.175584
    34 0.639938 -0.199121 -0.060200 1.665452 0.080014 -0.071373
    35 0.600157 1.080260 0.339531 1.739455 -0.131264 0.088629
    36 0.610205 0.400743 0.010086 1.800936 -0.041212 0.023097
    37 0.627906 -0.691394 0.232270 -0.474904 -0.528484 -1.014819
    38 -0.626031 -0.069982 -0.080517 -1.447153 0.086151 0.021559
    39 2.621377 -0.002532 -0.001438 0.245539 -0.128871 -0.220477
    40 2.660837 0.000397 -0.000071 -0.062470 -0.027046 0.900354
    41 2.202488 0.003364 -0.002863 -0.123632 0.167377 0.217470
    42 0.599950 0.959236 -0.300102 -0.174544 0.000000 0.000000
    43 2.557190 -0.001967 0.002453 -0.029074 0.036828 0.717096
    44 2.098929 0.000032 -0.002193 -0.582271 -0.060555 0.214675
    45 0.999378 -0.000238 -1.045302 0.000000 0.000000 0.000000
    46 -0.122641 -0.721855 0.661686 -0.486644 0.223964 0.243056
    47 2.622112 -0.000648 0.002741 -0.061569 0.171546 0.161016
    48 2.657909 0.000687 -0.000533 0.178139 -0.013731 1.323979
    49 2.200014 0.001663 0.000836 0.045098 -0.187667 1.315851
    50 0.599949 0.959244 0.300102 0.174544 0.000000 0.000000
    51 2.556571 -0.000385 0.000554 0.060900 -0.024940 1.331487
    52 2.103853 0.001708 -0.001011 0.258473 -0.253243 0.490828
    53 0.999376 -0.000240 1.232804 0.000000 0.000000 0.946859
    54 0.310848 -0.606446 -0.498005 0.308107 -0.197598 0.313975
    55 1.869163 -0.000835 -0.000994 0.000029 -0.000068 0.593741
    56 1.200941 0.399582 -0.000237 -0.009465 0.016087 0.007127
    57 0.000586 0.100342 -0.000319 -0.120035 -0.021926 -0.209617
    58 -0.161663 0.051712 0.194808 -2.941982 0.122408 -0.060194
    59 2.010090 -0.003202 -0.003377 -0.000030 -0.000047 1.073135
    60 0.000237 0.099800 -0.000395 -0.018823 0.010833 -0.239219
    61 -0.203197 0.048607 0.069150 -3.093332 0.033217 -0.046722
    62 1.180426 -0.002312 0.000781 -0.000002 0.000000 1.189165
    63 -0.000196 0.099625 -0.000034 0.000000 0.000000 -0.314102
    64 -0.088737 -0.688435 -0.145203 2.930407 -0.136130 0.513013
    65 1.712069 -0.003328 0.003818 -0.026715 0.009699 1.266809
    66 -0.000576 0.100143 -0.000311 -0.010914 0.023131 -0.260843
    67 -0.146027 -0.232426 -0.014225 3.028455 -0.094299 0.113020
    68 1.290634 0.000361 -0.000036 0.000024 0.000024 0.088078
    69 -0.658119 -0.003576 0.072643 -0.142711 0.027792 -0.077299
    70 1.868078 -0.003049 0.002177 0.000063 -0.000033 1.086069
    71 1.200075 0.399942 -0.000093 0.009465 -0.016087 0.007127
    72 0.000589 0.100342 0.000319 0.120035 0.021926 -0.209617
    73 0.068073 0.002283 -0.080050 3.111376 -0.069366 -0.060847
    74 2.011874 -0.001179 0.002180 -0.000084 -0.000025 1.058684
    75 0.000233 0.099800 0.000395 0.018823 -0.010833 -0.239219
    76 -0.018673 -0.001009 0.047544 3.109244 0.002635 -0.106673
    77 1.178665 0.001595 0.000845 0.000006 -0.000001 0.507514
    78 -0.000196 0.099628 0.000034 0.000000 0.000000 -0.314102
    79 0.036894 -0.634449 0.266284 -2.801062 0.174301 0.490915
    80 1.708256 -0.002504 -0.000686 -0.000010 0.000011 0.862732
    81 -0.000580 0.100140 0.000311 0.010910 -0.023132 -0.260845
    82 -0.003952 -0.281811 0.115047 -3.059162 0.089004 0.167964
    83 1.289625 0.000042 0.000061 -0.000002 0.000002 0.807235
    84 -0.171526 -0.018150 -0.099873 0.013484 -0.062184 -0.011781
    85 0.916622 0.003336 0.001326 0.000007 0.000009 0.716996
    86 -0.342617 0.053402 -0.025571 -2.909301 -0.017248 0.075276
    87 1.100231 -0.000928 -0.002434 0.000009 0.000002 0.484039
    88 -0.384979 0.331001 0.006848 -3.087207 -0.018765 -0.184278
    89 0.678146 0.002286 -0.003905 -0.000030 0.000029 0.725042
    90 -0.123848 0.072738 0.029507 2.898184 -0.060627 0.094835
    91 1.017166 -0.000154 -0.000252 -0.000023 -0.000062 0.415661
    92 -0.344990 0.123129 0.143151 2.994981 0.012396 0.059140
    93 -0.730989 0.177046 0.039141 -0.123731 0.076518 -0.084310
    94 0.921993 0.001298 -0.000896 -0.000002 -0.000011 0.596153
    95 -0.124023 -0.052090 0.038495 3.077813 -0.008519 0.039229
    96 1.100433 -0.003552 0.000502 0.000053 -0.000006 0.486785
    97 -0.330082 0.160639 0.042780 3.128073 0.034033 -0.171236
    98 0.679764 0.001532 0.003272 -0.000010 -0.000057 0.656773
    99 -0.019512 -0.016531 0.038578 -2.763781 0.050305 0.076829
    100 1.018891 0.001206 0.001121 0.000006 -0.000005 0.477071
    101 -0.155308 0.130644 -0.021921 -3.022466 0.022433 -0.024902
    102 -0.252207 0.061937 -0.024914 -0.007671 -0.063171 -0.044392
    103 -0.085995 0.185205 -0.015180 -2.937063 -0.113970 -0.138991
    104 -0.286533 0.179852 0.024264 -3.109353 -0.049645 -0.029914
    105 -0.019482 0.147083 0.079203 2.893815 0.038585 -0.060594
    106 -0.046482 0.251896 0.129548 3.016165 0.077112 -0.042864
    107 0.039124 -0.040295 0.047739 3.084219 0.030470 -0.037414
    108 -0.233757 0.066630 0.001754 -3.133087 0.040141 -0.065412
    109 0.044266 0.020131 0.001684 -2.778763 -0.118872 -0.040488
    110 0.071495 0.074128 -0.048302 -3.035917 -0.059482 0.104366
    111 0.000000 0.000000 0.000000 0.000000 0.000000 -1.570796
    112 -9.734672 -8.156499 -7.304910 -0.104678 0.000044 -1.000082
    113 0.000000 0.000000 0.000000 0.000000 0.000000 0.000000
    114 -4.156377 -16.914579 -7.695547 -0.104257 -0.000134 -0.999948
    115 3.096000 0.000000 -1.996000 0.000000 0.000000 0.000000
    116 3.040999 0.000000 1.202000 0.000000 0.000000 0.000000
    117 7.854000 0.000000 -0.042000 0.000000 0.000000 0.000000
    118 13.105999 0.000000 -0.006000 0.000000 0.000000 -0.000013
    119 3.456000 0.000000 -1.084000 0.000000 0.000000 0.000000
    120 1.804000 0.000000 -1.025000 0.000000 0.000000 0.000000
    121 7.098000 0.000000 -1.084000 0.000000 0.000000 0.000000
    122 1.868000 1.809000 -1.975000 -2.218497 -0.017091 -0.465758
    123 3.740000 0.000000 1.273000 0.000000 0.000000 0.000000
    124 11.956999 0.000000 -0.006000 0.000000 0.000000 0.000013
    125 6.072001 0.000000 -1.238000 0.000000 0.000000 0.000000
    126 5.690000 -0.365000 0.068000 -0.000118 -0.348941 -1.570715
    127 6.396999 0.614000 0.428000 0.000000 0.000000 0.000000
    128 3.040999 0.000000 1.202000 0.000000 0.000000 0.000000
    129 3.720000 0.000000 1.202000 0.000000 0.000000 0.000000
    130 1.086000 -0.661000 -0.149000 0.000000 0.000000 0.000000
    131 1.067000 0.589000 0.076000 0.000000 0.000000 0.000000
    132 0.000000 -0.019000 0.000000 0.000000 0.000000 0.000000
    133 0.000000 -0.019000 0.000000 0.000000 0.000000 0.000000
    134 3.300000 -0.019000 1.346000 0.000000 0.000000 0.000000
    135 -1.524000 -1.859000 -4.367000 -1.730149 -0.014933 0.208109
    136 7.283999 0.000000 -2.195000 0.000000 0.000000 0.000000
    137 -1.323000 0.000000 0.184000 0.000000 0.000000 0.000000
    138 0.082000 0.000000 1.002000 0.000000 0.000000 0.000000
    139 -12.624126 21.024079 -54.555952 0.087851 0.056415 -0.568341
    140 0.478000 0.000000 -4.537000 0.000000 0.000000 0.000000
    141 3.436000 0.000000 1.202000 0.000000 0.000000 0.000000
    142 3.040999 0.000000 1.202000 0.000000 0.000000 0.000000
    143 4.657000 0.000000 1.545000 0.000000 0.000000 0.000000
    144 -0.403000 0.000000 -0.011000 0.000000 0.000000 0.000000
    145 1.781000 0.000000 0.873000 0.000000 0.000000 0.000000
    146 0.384000 0.715000 0.801000 0.000000 0.000000 0.000000
    147 1.795000 0.533000 -1.550000 0.000000 0.000000 0.000000
    148 4.435999 0.595000 -0.954000 0.000000 0.000000 0.000000
    149 4.401999 -0.614000 -1.630000 0.000000 0.000000 0.000000
    150 4.203000 -0.003000 -0.048000 0.000000 0.000000 0.000000
    151 5.136000 0.000000 1.534000 0.000000 0.000000 0.000000
    152 11.957001 0.000000 -0.006000 0.000000 0.000000 0.000013
    153 -2.103001 0.000000 0.000000 0.000000 0.000000 0.000000
    154 -0.598001 0.000000 -0.011000 0.000000 0.000000 0.000000
    155 0.496000 0.184000 -3.523000 0.000000 0.000000 0.000000
    156 0.147000 0.184000 -0.328000 0.000000 0.000000 0.000000
    157 0.147000 0.184000 0.023000 0.000000 0.000000 0.000000
    158 0.147000 0.184000 0.368000 0.000000 0.000000 0.000000
    159 0.147000 0.184000 0.717000 0.000000 0.000000 0.000000
    160 0.147000 0.184000 1.067000 0.000000 0.000000 0.000000
    161 0.148000 0.184000 1.414000 0.000000 0.000000 0.000000
    162 0.148000 -0.074000 1.640000 0.000000 0.000000 0.000000
    163 0.435000 0.184000 -3.179000 0.000000 0.000000 0.000000
    164 0.378000 0.184000 -2.826000 0.000000 0.000000 0.000000
    165 0.329000 0.184000 -2.477000 0.000000 0.000000 0.000000
    166 0.286000 0.184000 -2.127000 0.000000 0.000000 0.000000
    167 0.252000 0.184000 -1.775000 0.000000 0.000000 0.000000
    168 0.215000 0.184000 -1.417000 0.000000 0.000000 0.000000
    169 0.190000 0.184000 -1.064000 0.000000 0.000000 0.000000
    170 0.166000 0.184000 -0.714000 0.000000 0.000000 0.000000
    171 1.622000 0.000000 1.568000 0.000000 0.000000 0.000000
    172 2.240000 0.000000 1.568000 0.000000 0.000000 0.000000
    173 0.000000 0.000000 0.000000 0.000000 0.000000 0.000000
    174 0.000000 0.000000 -4.867001 3.141572 -0.003206 -3.128592
    175 1.000088 -0.000029 0.000000 0.000000 0.000000 0.000000
    176 17.162518 -0.000404 0.000000 0.000000 0.000000 0.119207
    177 17.749374 0.295515 0.000000 0.000000 0.000000 -1.158919
    178 5.413528 0.000347 0.000000 0.000000 0.000000 -0.518029
    179 0.017887 0.299792 0.000000 0.000000 0.000000 -0.059575
    180 9.999889 -0.000303 0.000000 0.000000 0.000000 0.000000
    181 0.000000 0.000000 4.867000 -3.141572 0.003206 -3.128592
    182 1.000088 -0.000029 0.000000 0.000000 0.000000 0.000000
    183 12.283573 1.581455 -4.695999 1.462269 -0.086726 0.090185
    184 17.162518 -0.000404 0.000000 0.000000 0.000000 0.119207
    185 17.749374 0.295515 0.000000 0.000000 0.000000 -1.158919
    186 5.413528 0.000347 0.000000 0.000000 0.000000 -0.518027
    187 0.017887 0.299792 0.000000 0.000000 0.000000 -0.059573
    188 9.499836 0.000212 0.000000 0.000000 0.000000 0.000000
    189 -1.145525 0.000130 0.000671 0.000000 0.000000 0.000000
    190 -0.857691 0.104071 0.104687 0.023536 0.163924 0.013632
    191 3.999430 -0.000528 -0.000332 0.138750 -0.000060 0.000000
    192 0.599499 0.400698 0.000236 0.000000 0.000000 0.000000
    193 0.599886 0.400186 -0.000027 0.000000 0.000000 0.000000
    194 2.299677 -2.499979 -0.599480 0.891898 0.221465 -0.527213
    195 7.251866 -4.166073 -0.226518 1.456046 -0.163103 0.253374
    196 -9.580679 -27.862108 -37.184677 0.812879 -0.123459 -0.568477
    197 0.649935 -0.548296 0.093658 -1.665913 -0.131399 -0.112062
    198 1.899127 0.000427 -0.000439 0.027386 -0.033311 0.477848
    199 0.657078 0.008400 0.040375 -1.665945 -0.131407 -0.000013
    200 1.799664 -0.000240 0.000231 0.027386 -0.033311 0.477848
    201 1.799664 -0.000240 0.000231 0.027386 -0.033311 0.477848
    202 1.799664 -0.000240 0.000231 0.027386 -0.033311 0.477848
    203 0.665774 0.747222 -0.029186 -1.665935 -0.131408 0.094976
    204 1.900306 -0.000137 -0.000517 0.027386 -0.033311 0.477848
    205 6.193301 -3.487370 4.821289 1.570290 1.561257 -2.777787
    206 3.999897 0.000040 0.001007 -0.106163 0.000000 0.000000
    207 0.600403 0.399632 -0.000469 0.000000 0.000000 3.141593
    208 0.599890 0.400186 0.000031 0.000000 0.000000 3.141497
    209 2.300137 -2.499413 0.600155 -0.891898 -0.221466 -0.527212
    210 8.868775 -8.684897 -1.081851 1.962228 0.168276 -0.695674
    211 2.762354 0.116951 1.523975 1.629482 0.064153 1.743800
    212 7.228317 7.928200 -3.925652 2.328713 0.123459 -0.568477
    213 0.650396 -0.547731 -0.092976 1.665913 0.131399 -0.112062
    214 1.899441 -0.000320 -0.000150 -0.027386 0.033311 0.477848
    215 0.657068 0.008398 -0.040379 1.665945 0.131407 -0.000013
    216 1.799659 -0.000233 -0.000233 -0.027386 0.033311 0.477848
    217 1.799659 -0.000233 -0.000233 -0.027386 0.033311 0.477848
    218 1.799659 -0.000233 -0.000233 -0.027386 0.033311 0.477848
    219 0.665778 0.747222 0.029179 1.665935 0.131408 0.094976
    220 1.900722 0.000549 -0.000072 -0.027386 0.033311 0.477848
    221 4.530998 0.000000 0.000000 0.000000 0.000000 0.000000
    222 4.527344 0.000000 0.000000 0.000000 0.000000 0.000000
    223 0.000000 0.000000 0.000000 0.000000 0.000000 0.000000
    224 0.000000 0.000000 0.000000 0.000000 0.000000 0.000000
    225 4.000000 -6.500000 0.000000 0.000000 0.000000 0.000977
    226 -6.500000 0.000000 0.000000 0.000000 1.570752 0.000000
    227 17.933909 -4.152221 4.106727 -0.104329 -0.000089 0.570804
    228 0.280000 -0.135000 2.196999 1.570796 0.000000 -1.570735
    229 0.000000 0.000000 0.000000 0.000000 0.000000 0.000000
    230 0.000000 0.000000 0.000000 -0.003440 0.003320 -0.000635
    231 0.106000 0.000000 -64.320000 0.000000 0.000000 0.000000
    232 0.000000 0.000000 0.000000 0.000000 0.000000 0.000000
    233 -0.106000 0.000000 64.320000 0.000000 0.000000 0.000000
    234 0.003042 -0.001328 -64.319374 0.000009 0.000084 -3.141638
    235 0.000000 0.000000 0.000000 -0.000303 0.000193 -0.000090
    236 1.688000 -0.001000 -1.454002 0.000000 0.000000 0.000000
    237 -1.070999 -0.005000 0.545002 0.000000 0.000000 0.000000
    238 5.895000 0.750997 -0.156000 0.000000 0.000000 0.000000
    239 11.599999 -0.000003 -1.500002 0.000000 0.000000 0.000000
    240 1.037001 1.337997 -4.334000 -2.791227 -0.162411 -0.765711
    241 7.216001 -0.000003 -1.579000 0.000000 0.000000 0.000000
    242 4.445999 -0.000003 -1.500000 0.000000 0.000000 0.000000
    243 0.673937 -0.015635 -4.768713 -3.141592 -1.281051 3.141593
    244 0.094999 -0.144000 0.332001 0.000000 0.000000 0.000000
    245 14.209020 0.000022 0.766988 0.000000 0.000000 0.000000
    246 0.000000 0.000000 0.000000 1.570800 0.000000 -1.570796
  time 27
    0 0.000000 0.000000 0.000000 0.000000 0.000000 -1.570796
    1 -0.106750 -0.000001 -0.000351 0.000000 0.000000 0.000000
    2 0.000000 0.000000 0.000000 0.000000 0.000000 0.000000
    3 -0.904000 0.000000 -11.806000 0.000000 0.000000 0.000000
    4 0.000000 0.000000 -14.313999 1.570807 -1.570729 0.000000
    5 3.533001 0.000000 0.000000 0.000000 0.000000 0.000000
    6 6.250000 0.000000 0.000000 0.000000 0.000000 0.000000
    7 9.572857 -0.019507 -1.944020 -1.550298 1.081672 -1.552680
    8 9.568951 4.847829 2.158882 -1.547914 -1.137434 1.550075
    9 5.786820 0.002787 -0.000113 -1.309928 1.014624 -1.718790
    10 5.999492 -0.000592 -4.000343 0.000000 0.000000 0.000000
    11 5.787410 0.002582 0.000893 0.764205 -0.700383 -1.330658
    12 5.999492 -0.000592 4.000340 0.000000 0.000000 0.000000
    13 0.500225 0.000133 -0.000084 0.141128 0.000000 0.000060
    14 11.530657 0.000349 -0.001308 -0.000005 0.000009 -1.575380
    15 -0.829338 0.893824 0.079659 -0.148839 0.047645 0.087266
    16 0.500225 0.000132 0.000072 0.009100 0.000000 0.000000
    17 11.532495 0.000526 0.003814 -0.000042 -0.000046 -1.550547
    18 -0.829586 0.894698 -0.079468 0.045377 -0.019621 0.087266
    19 10.599886 0.000105 -0.000553 0.011136 -0.000024 -0.000012
    20 0.482957 -0.482218 -0.000805 -0.000012 -0.000049 0.787687
    21 11.042053 0.003717 0.000798 0.040460 -0.937009 0.507387
    22 -11.814724 0.424524 -0.297680 0.247998 -0.066121 -0.042695
    23 10.599878 0.000105 0.000549 0.223085 0.000000 0.000000
    24 0.467330 -0.474406 0.000801 0.000000 -0.000011 0.775229
    25 11.041739 0.003170 -0.000568 0.186508 -0.615626 0.721006
    26 -11.663242 0.094713 0.140656 -0.068591 0.018527 -0.015099
    27 0.610300 -0.939470 0.070347 -1.655295 -0.140055 -0.175604
    28 0.639938 -0.199121 0.060192 -1.665960 -0.131416 -0.066459
    29 0.600155 1.080260 -0.339535 -1.738023 0.020766 0.107409
    30 0.610207 0.400743 -0.010098 -1.760278 -0.067656 0.011628
    31 0.630809 -0.690091 -0.232343 0.179612 -0.053930 -0.896923
    32 -0.792125 0.203736 0.461304 1.439074 -0.003453 -0.018305
    33 0.610300 -0.939469 -0.070354 1.655238 0.140141 -0.175584
    34 0.639938 -0.199121 -0.060200 1.665401 0.070330 -0.072295
    35 0.600157 1.080260 0.339531 1.739933 -0.151111 0.085249
    36 0.610205 0.400743 0.010086 1.808465 -0.060507 0.019262
    37 0.627906 -0.691394 0.232270 -0.551913 -0.522529 -1.026646
    38 -0.626031 -0.069982 -0.080517 -1.447153 0.086151 0.021559
    39 2.621377 -0.002532 -0.001438 0.267689 -0.234892 -0.031761
    40 2.660837 0.000397 -0.000071 -0.042756 0.037058 1.151133
    41 2.202488 0.003364 -0.002863 -0.034587 0.230248 0.081214
    42 0.599950 0.959236 -0.300102 -0.174544 0.000000 0.000000
    43 2.557190 -0.001967 0.002453 0.004214 0.045782 0.790050
    44 2.098929 0.000032 -0.002193 -0.596399 -0.064935 0.541404
    45 0.999378 -0.000238 -1.139055 0.000000 0.000000 0.000000
    46 -0.122641 -0.721855 0.661686 -0.486644 0.223964 0.243056
    47 2.622112 -0.000648 0.002741 -0.066617 0.218307 0.082608
    48 2.657909 0.000687 -0.000533 0.205660 -0.013240 1.398644
    49 2.200014 0.001663 0.000836 0.034204 -0.224820 1.494207
    50 0.599949 0.959244 0.300102 0.174544 0.000000 0.000000
    51 2.556571 -0.000385 0.000554 0.056218 -0.018590 1.457221
    52 2.103853 0.001708 -0.001011 0.244651 -0.266091 0.541654
    53 0.999376 -0.000240 1.224991 0.000000 0.000000 0.946859
    54 0.310848 -0.606446 -0.498005 0.308107 -0.197598 0.313975
    55 1.869163 -0.000835 -0.000994 0.000065 0.000051 0.370944
    56 1.200941 0.399582 -0.000237 -0.009465 0.016087 0.007127
    57 0.000586 0.100342 -0.000319 -0.120035 -0.021926 -0.209617
    58 -0.161663 0.051712 0.194808 -2.941982 0.122408 -0.060194
    59 2.010090 -0.003202 -0.003377 -0.000030 -0.000047 1.303739
    60 0.000237 0.099800 -0.000395 -0.018823 0.010833 -0.239219
    61 -0.203197 0.048607 0.069150 -3.093332 0.033217 -0.046722
    62 1.180426 -0.002312 0.000781 0.000022 0.000060 1.141304
    63 -0.000196 0.099625 -0.000034 0.000000 0.000000 -0.314102
    64 -0.088737 -0.688435 -0.145203 2.930407 -0.136130 0.513013
    65 1.712069 -0.003328 0.003818 -0.027326 0.005217 1.564115
    66 -0.000576 0.100143 -0.000311 -0.010914 0.023131 -0.260843
    67 -0.146027 -0.232426 -0.014225 3.028455 -0.094299 0.113020
    68 1.290634 0.000361 -0.000036 0.000060 -0.000012 0.437549
    69 -0.658119 -0.003576 0.072643 -0.142711 0.027792 -0.077299
    70 1.868078 -0.003049 0.002177 0.000003 -0.000009 1.066875
    71 1.200075 0.399942 -0.000093 0.009465 -0.016087 0.007127
    72 0.000589 0.100342 0.000319 0.120035 0.021926 -0.209617
    73 0.068073 0.002283 -0.080050 3.111376 -0.069366 -0.060847
    74 2.011874 -0.001179 0.002180 -0.000049 -0.000013 1.083079
    75 0.000233 0.099800 0.000395 0.018823 -0.010833 -0.239219
    76 -0.018673 -0.001009 0.047544 3.109244 0.002635 -0.106673
    77 1.178665 0.001595 0.000845 0.000006 -0.000001 0.588660
    78 -0.000196 0.099628 0.000034 0.000000 0.000000 -0.314102
    79 0.036894 -0.634449 0.266284 -2.801062 0.174301 0.490915
    80 1.708256 -0.002504 -0.000686 -0.000010 0.000011 0.871523
    81 -0.000580 0.100140 0.000311 0.010910 -0.023132 -0.260845
    82 -0.003952 -0.281811 0.115047 -3.059162 0.089004 0.167964
    83 1.289625 0.000042 0.000061 -0.000002 0.000002 0.845468
    84 -0.171526 -0.018150 -0.099873 0.013484 -0.062184 -0.011781
    85 0.916622 0.003336 0.001326 0.000007 0.000009 0.711795
    86 -0.342617 0.053402 -0.025571 -2.909301 -0.017248 0.075276
    87 1.100231 -0.000928 -0.002434 0.000009 0.000002 0.677957
    88 -0.384979 0.331001 0.006848 -3.087207 -0.018765 -0.184278
    89 0.678146 0.002286 -0.003905 0.000030 0.000041 1.104311
    90 -0.123848 0.072738 0.029507 2.898184 -0.060627 0.094835
    91 1.017166 -0.000154 -0.000252 0.000073 0.000034 0.527985
    92 -0.344990 0.123129 0.143151 2.994981 0.012396 0.059140
    93 -0.730989 0.177046 0.039141 -0.123731 0.076518 -0.084310
    94 0.921993 0.001298 -0.000896 -0.000002 -0.000011 0.616237
    95 -0.124023 -0.052090 0.038495 3.077813 -0.008519 0.039229
    96 1.100433 -0.003552 0.000502 -0.000006 0.000006 0.435322
    97 -0.330082 0.160639 0.042780 3.128073 0.034033 -0.171236
    98 0.679764 0.001532 0.003272 0.000026 0.000063 0.588342
    99 -0.019512 -0.016531 0.038578 -2.763781 0.050305 0.076829
    100 1.018891 0.001206 0.001121 0.000006 0.000007 0.471040
    101 -0.155308 0.130644 -0.021921 -3.022466 0.022433 -0.024902
    102 -0.252207 0.061937 -0.024914 -0.007671 -0.063171 -0.044392
    103 -0.085995 0.185205 -0.015180 -2.937063 -0.113970 -0.138991
    104 -0.286533 0.179852 0.024264 -3.109353 -0.049645 -0.029914
    105 -0.019482 0.147083 0.079203 2.893815 0.038585 -0.060594
    106 -0.046482 0.251896 0.129548 3.016165 0.077112 -0.042864
    107 0.039124 -0.040295 0.047739 3.084219 0.030470 -0.037414
    108 -0.233757 0.066630 0.001754 -3.133087 0.040141 -0.065412
    109 0.044266 0.020131 0.001684 -2.778763 -0.118872 -0.040488
    110 0.071495 0.074128 -0.048302 -3.035917 -0.059482 0.104366
    111 0.000000 0.000000 0.000000 0.000000 0.000000 -1.570796
    112 -7.883053 -8.437757 -5.820490 0.025602 -0.068333 -1.205673
    113 0.000000 0.000000 0.000000 0.000000 0.000000 0.000000
    114 -4.168096 -18.152898 -5.496261 0.025627 -0.068508 -1.205800
    115 3.096000 0.000000 -1.996000 0.000000 0.000000 0.000000
    116 3.040999 0.000000 1.202000 0.000000 0.000000 0.000000
    117 7.854000 0.000000 -0.042000 0.000000 0.000000 0.000000
    118 13.105999 0.000000 -0.006000 0.000000 0.000000 -0.000013
    119 3.456000 0.000000 -1.084000 0.000000 0.000000 0.000000
    120 1.804000 0.000000 -1.025000 0.000000 0.000000 0.000000
    121 7.098000 0.000000 -1.084000 0.000000 0.000000 0.000000
    122 1.868000 1.809000 -1.975000 -2.218497 -0.017091 -0.465758
    123 3.740000 0.000000 1.273000 0.000000 0.000000 0.000000
    124 11.956999 0.000000 -0.006000 0.000000 0.000000 0.000013
    125 6.072001 0.000000 -1.238000 0.000000 0.000000 0.000000
    126 5.690000 -0.365000 0.068000 -0.000118 -0.348941 -1.570715
    127 6.396999 0.614000 0.428000 0.000000 0.000000 0.000000
    128 3.040999 0.000000 1.202000 0.000000 0.000000 0.000000
    129 3.720000 0.000000 1.202000 0.000000 0.000000 0.000000
    130 1.086000 -0.661000 -0.149000 0.000000 0.000000 0.000000
    131 1.067000 0.589000 0.076000 0.000000 0.000000 0.000000
    132 0.000000 -0.019000 0.000000 0.000000 0.000000 0.000000
    133 0.000000 -0.019000 0.000000 0.000000 0.000000 0.000000
    134 3.300000 -0.019000 1.346000 0.000000 0.000000 0.000000
    135 -1.524000 -1.859000 -4.367000 -1.730149 -0.014933 0.208109
    136 7.283999 0.000000 -2.195000 0.000000 0.000000 0.000000
    137 -1.323000 0.000000 0.184000 0.000000 0.000000 0.000000
    138 0.082000 0.000000 1.002000 0.000000 0.000000 0.000000
    139 -20.585307 10.418287 -57.438852 -0.048722 0.054712 -0.367437
    140 0.478000 0.000000 -4.537000 0.000000 0.000000 0.000000
    141 3.436000 0.000000 1.202000 0.000000 0.000000 0.000000
    142 3.040999 0.000000 1.202000 0.000000 0.000000 0.000000
    143 4.657000 0.000000 1.545000 0.000000 0.000000 0.000000
    144 -0.403000 0.000000 -0.011000 0.000000 0.000000 0.000000
    145 1.781000 0.000000 0.873000 0.000000 0.000000 0.000000
    146 0.384000 0.715000 0.801000 0.000000 0.000000 0.000000
    147 1.795000 0.533000 -1.550000 0.000000 0.000000 0.000000
    148 4.435999 0.595000 -0.954000 0.000000 0.000000 0.000000
    149 4.401999 -0.614000 -1.630000 0.000000 0.000000 0.000000
    150 4.203000 -0.003000 -0.048000 0.000000 0.000000 0.000000
    151 5.136000 0.000000 1.534000 0.000000 0.000000 0.000000
    152 11.957001 0.000000 -0.006000 0.000000 0.000000 0.000013
    153 -2.103001 0.000000 0.000000 0.000000 0.000000 0.000000
    154 -0.598001 0.000000 -0.011000 0.000000 0.000000 0.000000
    155 0.496000 0.184000 -3.523000 0.000000 0.000000 0.000000
    156 0.147000 0.184000 -0.328000 0.000000 0.000000 0.000000
    157 0.147000 0.184000 0.023000 0.000000 0.000000 0.000000
    158 0.147000 0.184000 0.368000 0.000000 0.000000 0.000000
    159 0.147000 0.184000 0.717000 0.000000 0.000000 0.000000
    160 0.147000 0.184000 1.067000 0.000000 0.000000 0.000000
    161 0.148000 0.184000 1.414000 0.000000 0.000000 0.000000
    162 0.148000 -0.074000 1.640000 0.000000 0.000000 0.000000
    163 0.435000 0.184000 -3.179000 0.000000 0.000000 0.000000
    164 0.378000 0.184000 -2.826000 0.000000 0.000000 0.000000
    165 0.329000 0.184000 -2.477000 0.000000 0.000000 0.000000
    166 0.286000 0.184000 -2.127000 0.000000 0.000000 0.000000
    167 0.252000 0.184000 -1.775000 0.000000 0.000000 0.000000
    168 0.215000 0.184000 -1.417000 0.000000 0.000000 0.000000
    169 0.190000 0.184000 -1.064000 0.000000 0.000000 0.000000
    170 0.166000 0.184000 -0.714000 0.000000 0.000000 0.000000
    171 1.622000 0.000000 1.568000 0.000000 0.000000 0.000000
    172 2.240000 0.000000 1.568000 0.000000 0.000000 0.000000
    173 0.000000 0.000000 0.000000 0.000000 0.000000 0.000000
    174 0.000000 0.000000 -4.867001 3.141572 -0.003206 -3.128592
    175 1.000088 -0.000029 0.000000 0.000000 0.000000 0.000000
    176 17.162518 -0.000404 0.000000 0.000000 0.000000 0.119207
    177 17.749374 0.295515 0.000000 0.000000 0.000000 -1.158919
    178 5.413528 0.000347 0.000000 0.000000 0.000000 -0.518029
    179 0.017887 0.299792 0.000000 0.000000 0.000000 -0.059575
    180 9.999889 -0.000303 0.000000 0.000000 0.000000 0.000000
    181 0.000000 0.000000 4.867000 -3.141572 0.003206 -3.128592
    182 1.000088 -0.000029 0.000000 0.000000 0.000000 0.000000
    183 12.283573 1.581455 -4.695999 1.462269 -0.086726 0.090185
    184 17.162518 -0.000404 0.000000 0.000000 0.000000 0.119207
    185 17.749374 0.295515 0.000000 0.000000 0.000000 -1.158919
    186 5.413528 0.000347 0.000000 0.000000 0.000000 -0.518027
    187 0.017887 0.299792 0.000000 0.000000 0.000000 -0.059573
    188 9.499836 0.000212 0.000000 0.000000 0.000000 0.000000
    189 -1.145525 0.000130 0.000671 0.000000 0.000000 0.000000
    190 -0.857691 0.104071 0.104687 0.023536 0.163924 0.013632
    191 3.999430 -0.000528 -0.000332 0.013952 0.000000 0.000000
    192 0.599499 0.400698 0.000236 0.000000 0.000000 0.000000
    193 0.599886 0.400186 -0.000027 0.000000 0.000000 0.000000
    194 2.299677 -2.499979 -0.599480 0.891898 0.221465 -0.527213
    195 6.615128 -4.623118 0.078179 1.512685 -0.286948 0.091384
    196 -9.580679 -27.862108 -37.184677 0.812879 -0.123459 -0.568477
    197 0.649935 -0.548296 0.093658 -1.665913 -0.131399 -0.112062
    198 1.899127 0.000427 -0.000439 0.027386 -0.033311 0.477848
    199 0.657078 0.008400 0.040375 -1.665945 -0.131407 -0.000013
    200 1.799664 -0.000240 0.000231 0.027386 -0.033311 0.477848
    201 1.799664 -0.000240 0.000231 0.027386 -0.033311 0.477848
    202 1.799664 -0.000240 0.000231 0.027386 -0.033311 0.477848
    203 0.665774 0.747222 -0.029186 -1.665935 -0.131408 0.094976
    204 1.900306 -0.000137 -0.000517 0.027386 -0.033311 0.477848
    205 6.580032 -2.690471 4.821289 1.567128 1.561209 -2.656380
    206 3.999897 0.000040 0.001007 0.111537 0.000000 0.000000
    207 0.600403 0.399632 -0.000469 0.000000 0.000000 3.141593
    208 0.599890 0.400186 0.000031 0.000000 0.000000 3.141593
    209 2.300137 -2.499413 0.600155 -0.891898 -0.221466 -0.527212
    210 10.153971 -6.981720 -1.269356 1.863130 0.181824 -0.403001
    211 2.762354 0.116951 1.523975 1.629482 0.064153 1.743800
    212 7.228317 7.928200 -3.925652 2.328713 0.123459 -0.568477
    213 0.650396 -0.547731 -0.092976 1.665913 0.131399 -0.112062
    214 1.899441 -0.000320 -0.000150 -0.027386 0.033311 0.477848
    215 0.657068 0.008398 -0.040379 1.665945 0.131407 -0.000013
    216 1.799659 -0.000233 -0.000233 -0.027386 0.033311 0.477848
    217 1.799659 -0.000233 -0.000233 -0.027386 0.033311 0.477848
    218 1.799659 -0.000233 -0.000233 -0.027386 0.033311 0.477848
    219 0.665778 0.747222 0.029179 1.665935 0.131408 0.094976
    220 1.900722 0.000549 -0.000072 -0.027386 0.033311 0.477848
    221 4.530998 0.000000 0.000000 0.000000 0.000000 0.000000
    222 4.527344 0.000000 0.000000 0.000000 0.000000 0.000000
    223 0.000000 0.000000 0.000000 0.000000 0.000000 0.000000
    224 0.000000 0.000000 0.000000 0.000000 0.000000 0.000000
    225 4.000000 -6.500000 0.000000 0.000000 0.000000 0.000977
    226 -6.500000 0.000000 0.000000 0.000000 1.570752 0.000000
    227 19.156603 -4.163941 6.306012 0.025951 -0.068546 0.365214
    228 0.280000 -0.135000 2.196999 1.570796 0.000000 -1.570735
    229 0.000000 0.000000 0.000000 0.000000 0.000000 0.000000
    230 0.000000 0.000000 0.000000 -0.003595 0.003476 -0.001582
    231 0.106000 0.000000 -64.320000 0.000000 0.000000 0.000000
    232 0.000000 0.000000 0.000000 0.000000 0.000000 0.000000
    233 -0.106000 0.000000 64.320000 0.000000 0.000000 0.000000
    234 0.003042 -0.001328 -64.319374 0.000009 0.000084 -3.141638
    235 0.000000 0.000000 0.000000 -0.000303 0.000193 -0.000090
    236 1.688000 -0.001000 -1.454002 0.000000 0.000000 0.000000
    237 -1.070999 -0.005000 0.545002 0.000000 0.000000 0.000000
    238 5.895000 0.750997 -0.156000 0.000000 0.000000 0.000000
    239 11.599999 -0.000003 -1.500002 0.000000 0.000000 0.000000
    240 1.037001 1.337997 -4.334000 -2.791227 -0.162411 -0.765711
    241 7.216001 -0.000003 -1.579000 0.000000 0.000000 0.000000
    242 4.445999 -0.000003 -1.500000 0.000000 0.000000 0.000000
    243 0.673937 -0.015635 -4.768713 -3.141592 -1.281051 3.141593
    244 0.094999 -0.144000 0.332001 0.000000 0.000000 0.000000
    245 14.209020 0.000022 0.766988 0.000000 0.000000 0.000000
    246 0.000000 0.000000 0.000000 1.570800 0.000000 -1.570796
  time 28
    0 0.000000 0.000000 0.000000 0.000000 0.000000 -1.570796
    1 -0.106750 -0.000001 -0.000351 0.000000 0.000000 0.000000
    2 0.000000 0.000000 0.000000 0.000000 0.000000 0.000000
    3 -0.904000 0.000000 -11.806000 0.000000 0.000000 0.000000
    4 0.000000 0.000000 -14.313999 1.570807 -1.570729 0.000000
    5 3.533001 0.000000 0.000000 0.000000 0.000000 0.000000
    6 6.250000 0.000000 0.000000 0.000000 0.000000 0.000000
    7 9.572857 -0.019507 -1.944020 -1.552974 1.007533 -1.555738
    8 9.568951 5.183777 2.092474 -1.551221 -1.061796 1.553619
    9 5.786820 0.002787 -0.000113 -1.043035 0.939712 -1.341494
    10 5.999492 -0.000592 -4.000343 0.000000 0.000000 0.000000
    11 5.787410 0.002582 0.000893 0.941073 -0.723260 -1.653906
    12 5.999492 -0.000592 4.000340 0.000000 0.000000 0.000000
    13 0.500225 0.000133 -0.000084 0.153320 0.000000 0.000000
    14 11.530657 0.000349 -0.001308 -0.000005 0.000009 -1.725509
    15 -0.829338 0.893824 0.079659 -0.148839 0.047645 0.087266
    16 0.500225 0.000132 0.000072 -0.000528 0.000000 0.000000
    17 11.532495 0.000526 0.003814 -0.000078 0.000002 -1.483297
    18 -0.829586 0.894698 -0.079468 0.045377 -0.019621 0.087266
    19 10.599886 0.000105 -0.000553 -0.052809 0.000000 0.000000
    20 0.619680 -0.525188 -0.000805 0.000000 0.000011 0.862721
    21 11.042053 0.003717 0.000798 -0.131387 -0.660620 0.752061
    22 -11.814724 0.424524 -0.297680 0.247998 -0.066121 -0.042695
    23 10.599878 0.000105 0.000549 0.370061 0.000000 0.000060
    24 0.412641 -0.447062 0.000801 0.000048 -0.000023 0.741632
    25 11.041739 0.003170 -0.000568 0.320109 -0.298873 0.524351
    26 -11.663242 0.094713 0.140656 -0.068591 0.018527 -0.015099
    27 0.610300 -0.939470 0.070347 -1.655295 -0.140055 -0.175604
    28 0.639938 -0.199121 0.060192 -1.665960 -0.131416 -0.066459
    29 0.600155 1.080260 -0.339535 -1.738023 0.020766 0.107397
    30 0.610207 0.400743 -0.010098 -1.760278 -0.067668 0.011628
    31 0.630809 -0.690091 -0.232343 0.179612 -0.053930 -0.896960
    32 -0.792125 0.203736 0.461304 1.439074 -0.003453 -0.018305
    33 0.610300 -0.939469 -0.070354 1.655238 0.140141 -0.175584
    34 0.639938 -0.199121 -0.060200 1.665197 0.066699 -0.072643
    35 0.600157 1.080260 0.339531 1.740463 -0.170969 0.081846
    36 0.610205 0.400743 0.010086 1.811100 -0.067866 0.017956
    37 0.627906 -0.691394 0.232270 -0.640026 -0.518923 -1.032415
    38 -0.626031 -0.069982 -0.080517 -1.447153 0.086151 0.021559
    39 2.621377 -0.002532 -0.001438 0.267708 -0.234892 -0.031761
    40 2.660837 0.000397 -0.000071 -0.042756 0.037058 1.151133
    41 2.202488 0.003364 -0.002863 -0.034587 0.230248 0.081214
    42 0.599950 0.959236 -0.300102 -0.174544 0.000000 0.000000
    43 2.557190 -0.001967 0.002453 0.004236 0.045782 0.790050
    44 2.098929 0.000032 -0.002193 -0.596399 -0.064935 0.541404
    45 0.999378 -0.000238 -1.139055 0.000000 0.000000 0.000000
    46 -0.122641 -0.721855 0.661686 -0.486644 0.223964 0.243056
    47 2.622112 -0.000648 0.002741 -0.065903 0.247196 0.006829
    48 2.657909 0.000687 -0.000533 0.217226 -0.011778 1.429980
    49 2.200014 0.001663 0.000836 0.028368 -0.249089 1.577716
    50 0.599949 0.959244 0.300102 0.174544 0.000000 0.000000
    51 2.556571 -0.000385 0.000554 0.054087 -0.003879 1.510278
    52 2.103853 0.001708 -0.001011 0.232239 -0.277380 0.585155
    53 0.999376 -0.000240 1.217179 0.000000 0.000000 0.946859
    54 0.310848 -0.606446 -0.498005 0.308107 -0.197598 0.313975
    55 1.869163 -0.000835 -0.000994 0.000065 0.000051 0.370944
    56 1.200941 0.399582 -0.000237 -0.009465 0.016087 0.007127
    57 0.000586 0.100342 -0.000319 -0.120035 -0.021926 -0.209617
    58 -0.161663 0.051712 0.194808 -2.941982 0.122408 -0.060194
    59 2.010090 -0.003202 -0.003377 -0.000030 -0.000035 1.303739
    60 0.000237 0.099800 -0.000395 -0.018823 0.010833 -0.239219
    61 -0.203197 0.048607 0.069150 -3.093332 0.033217 -0.046722
    62 1.180426 -0.002312 0.000781 0.000034 0.000048 1.141271
    63 -0.000196 0.099625 -0.000034 0.000000 0.000000 -0.314102
    64 -0.088737 -0.688435 -0.145203 2.930407 -0.136130 0.513013
    65 1.712069 -0.003328 0.003818 -0.027338 0.005217 1.564115
    66 -0.000576 0.100143 -0.000311 -0.010914 0.023131 -0.260843
    67 -0.146027 -0.232426 -0.014225 3.028455 -0.094299 0.113020
    68 1.290634 0.000361 -0.000036 0.000048 0.000000 0.437510
    69 -0.658119 -0.003576 0.072643 -0.142711 0.027792 -0.077299
    70 1.868078 -0.003049 0.002177 0.000039 0.000051 1.068168
    71 1.200075 0.399942 -0.000093 0.009465 -0.016087 0.007127
    72 0.000589 0.100342 0.000319 0.120035 0.021926 -0.209617
    73 0.068073 0.002283 -0.080050 3.111376 -0.069366 -0.060847
    74 2.011874 -0.001179 0.002180 -0.000001 -0.000001 1.107516
    75 0.000233 0.099800 0.000395 0.018823 -0.010833 -0.239219
    76 -0.018673 -0.001009 0.047544 3.109244 0.002635 -0.106673
    77 1.178665 0.001595 0.000845 0.000006 -0.000001 0.666324
    78 -0.000196 0.099628 0.000034 0.000000 0.000000 -0.314102
    79 0.036894 -0.634449 0.266284 -2.801062 0.174301 0.490915
    80 1.708256 -0.002504 -0.000686 0.000050 -0.000025 0.891908
    81 -0.000580 0.100140 0.000311 0.010910 -0.023132 -0.260845
    82 -0.003952 -0.281811 0.115047 -3.059162 0.089004 0.167964
    83 1.289625 0.000042 0.000061 -0.000002 0.000002 0.874077
    84 -0.171526 -0.018150 -0.099873 0.013484 -0.062184 -0.011781
    85 0.916622 0.003336 0.001326 0.000007 0.000009 0.711795
    86 -0.342617 0.053402 -0.025571 -2.909301 -0.017248 0.075276
    87 1.100231 -0.000928 -0.002434 0.000009 0.000002 0.677957
    88 -0.384979 0.331001 0.006848 -3.087207 -0.018765 -0.184278
    89 0.678146 0.002286 -0.003905 0.000018 0.000041 1.104311
    90 -0.123848 0.072738 0.029507 2.898184 -0.060627 0.094835
    91 1.017166 -0.000154 -0.000252 0.000061 0.000034 0.527985
    92 -0.344990 0.123129 0.143151 2.994981 0.012396 0.059140
    93 -0.730989 0.177046 0.039141 -0.123731 0.076518 -0.084310
    94 0.921993 0.001298 -0.000896 -0.000002 -0.000011 0.624840
    95 -0.124023 -0.052090 0.038495 3.077813 -0.008519 0.039229
    96 1.100433 -0.003552 0.000502 -0.000006 0.000006 0.413609
    97 -0.330082 0.160639 0.042780 3.128073 0.034033 -0.171236
    98 0.679764 0.001532 0.003272 0.000002 0.000003 0.559618
    99 -0.019512 -0.016531 0.038578 -2.763781 0.050305 0.076829
    100 1.018891 0.001206 0.001121 0.000006 0.000007 0.468663
    101 -0.155308 0.130644 -0.021921 -3.022466 0.022433 -0.024902
    102 -0.252207 0.061937 -0.024914 -0.007671 -0.063171 -0.044392
    103 -0.085995 0.185205 -0.015180 -2.937063 -0.113970 -0.138991
    104 -0.286533 0.179852 0.024264 -3.109353 -0.049645 -0.029914
    105 -0.019482 0.147083 0.079203 2.893815 0.038585 -0.060594
    106 -0.046482 0.251896 0.129548 3.016165 0.077112 -0.042864
    107 0.039124 -0.040295 0.047739 3.084219 0.030470 -0.037414
    108 -0.233757 0.066630 0.001754 -3.133087 0.040141 -0.065412
    109 0.044266 0.020131 0.001684 -2.778763 -0.118872 -0.040488
    110 0.071495 0.074128 -0.048302 -3.035917 -0.059482 0.104366
    111 0.000000 0.000000 0.000000 0.000000 0.000000 -1.570796
    112 -5.800958 -8.433851 -4.289193 0.055310 -0.101123 -1.402687
    113 0.000000 0.000000 0.000000 0.000000 0.000000 0.000000
    114 -4.046999 -18.664632 -3.629017 0.055309 -0.101197 -1.402796
    115 3.096000 0.000000 -1.996000 0.000000 0.000000 0.000000
    116 3.040999 0.000000 1.202000 0.000000 0.000000 0.000000
    117 7.854000 0.000000 -0.042000 0.000000 0.000000 0.000000
    118 13.105999 0.000000 -0.006000 0.000000 0.000000 -0.000013
    119 3.456000 0.000000 -1.084000 0.000000 0.000000 0.000000
    120 1.804000 0.000000 -1.025000 0.000000 0.000000 0.000000
    121 7.098000 0.000000 -1.084000 0.000000 0.000000 0.000000
    122 1.868000 1.809000 -1.975000 -2.218497 -0.017091 -0.465758
    123 3.740000 0.000000 1.273000 0.000000 0.000000 0.000000
    124 11.956999 0.000000 -0.006000 0.000000 0.000000 0.000013
    125 6.072001 0.000000 -1.238000 0.000000 0.000000 0.000000
    126 5.690000 -0.365000 0.068000 -0.000118 -0.348941 -1.570715
    127 6.396999 0.614000 0.428000 0.000000 0.000000 0.000000
    128 3.040999 0.000000 1.202000 0.000000 0.000000 0.000000
    129 3.720000 0.000000 1.202000 0.000000 0.000000 0.000000
    130 1.086000 -0.661000 -0.149000 0.000000 0.000000 0.000000
    131 1.067000 0.589000 0.076000 0.000000 0.000000 0.000000
    132 0.000000 -0.019000 0.000000 0.000000 0.000000 0.000000
    133 0.000000 -0.019000 0.000000 0.000000 0.000000 0.000000
    134 3.300000 -0.019000 1.346000 0.000000 0.000000 0.000000
    135 -1.524000 -1.859000 -4.367000 -1.730149 -0.014933 0.208109
    136 7.283999 0.000000 -2.195000 0.000000 0.000000 0.000000
    137 -1.323000 0.000000 0.184000 0.000000 0.000000 0.000000
    138 0.082000 0.000000 1.002000 0.000000 0.000000 0.000000
    139 -25.179197 4.515763 -58.294347 -0.071990 0.090415 -0.174224
    140 0.478000 0.000000 -4.537000 0.000000 0.000000 0.000000
    141 3.436000 0.000000 1.202000 0.000000 0.000000 0.000000
    142 3.040999 0.000000 1.202000 0.000000 0.000000 0.000000
    143 4.657000 0.000000 1.545000 0.000000 0.000000 0.000000
    144 -0.403000 0.000000 -0.011000 0.000000 0.000000 0.000000
    145 1.781000 0.000000 0.873000 0.000000 0.000000 0.000000
    146 0.384000 0.715000 0.801000 0.000000 0.000000 0.000000
    147 1.795000 0.533000 -1.550000 0.000000 0.000000 0.000000
    148 4.435999 0.595000 -0.954000 0.000000 0.000000 0.000000
    149 4.401999 -0.614000 -1.630000 0.000000 0.000000 0.000000
    150 4.203000 -0.003000 -0.048000 0.000000 0.000000 0.000000
    151 5.136000 0.000000 1.534000 0.000000 0.000000 0.000000
    152 11.957001 0.000000 -0.006000 0.000000 0.000000 0.000013
    153 -2.103001 0.000000 0.000000 0.000000 0.000000 0.000000
    154 -0.598001 0.000000 -0.011000 0.000000 0.000000 0.000000
    155 0.496000 0.184000 -3.523000 0.000000 0.000000 0.000000
    156 0.147000 0.184000 -0.328000 0.000000 0.000000 0.000000
    157 0.147000 0.184000 0.023000 0.000000 0.000000 0.000000
    158 0.147000 0.184000 0.368000 0.000000 0.000000 0.000000
    159 0.147000 0.184000 0.717000 0.000000 0.000000 0.000000
    160 0.147000 0.184000 1.067000 0.000000 0.000000 0.000000
    161 0.148000 0.184000 1.414000 0.000000 0.000000 0.000000
    162 0.148000 -0.074000 1.640000 0.000000 0.000000 0.000000
    163 0.435000 0.184000 -3.179000 0.000000 0.000000 0.000000
    164 0.378000 0.184000 -2.826000 0.000000 0.000000 0.000000
    165 0.329000 0.184000 -2.477000 0.000000 0.000000 0.000000
    166 0.286000 0.184000 -2.127000 0.000000 0.000000 0.000000
    167 0.252000 0.184000 -1.775000 0.000000 0.000000 0.000000
    168 0.215000 0.184000 -1.417000 0.000000 0.000000 0.000000
    169 0.190000 0.184000 -1.064000 0.000000 0.000000 0.000000
    170 0.166000 0.184000 -0.714000 0.000000 0.000000 0.000000
    171 1.622000 0.000000 1.568000 0.000000 0.000000 0.000000
    172 2.240000 0.000000 1.568000 0.000000 0.000000 0.000000
    173 0.000000 0.000000 0.000000 0.000000 0.000000 0.000000
    174 0.000000 0.000000 -4.867001 3.141572 -0.003206 -3.128592
    175 1.000088 -0.000029 0.000000 0.000000 0.000000 0.000000
    176 17.162518 -0.000404 0.000000 0.000000 0.000000 0.119207
    177 17.749374 0.295515 0.000000 0.000000 0.000000 -1.158919
    178 5.413528 0.000347 0.000000 0.000000 0.000000 -0.518029
    179 0.017887 0.299792 0.000000 0.000000 0.000000 -0.059575
    180 9.999889 -0.000303 0.000000 0.000000 0.000000 0.000000
    181 0.000000 0.000000 4.867000 -3.141572 0.003206 -3.128592
    182 1.000088 -0.000029 0.000000 0.000000 0.000000 0.000000
    183 12.283573 1.581455 -4.695999 1.462269 -0.086726 0.090185
    184 17.162518 -0.000404 0.000000 0.000000 0.000000 0.119207
    185 17.749374 0.295515 0.000000 0.000000 0.000000 -1.158919
    186 5.413528 0.000347 0.000000 0.000000 0.000000 -0.518027
    187 0.017887 0.299792 0.000000 0.000000 0.000000 -0.059573
    188 9.499836 0.000212 0.000000 0.000000 0.000000 0.000000
    189 -1.145525 0.000130 0.000671 0.000000 0.000000 0.000000
    190 -0.857691 0.104071 0.104687 0.023536 0.163924 0.013632
    191 3.999430 -0.000528 -0.000332 -0.065979 0.000000 0.000000
    192 0.599499 0.400698 0.000236 0.000000 0.000000 0.000000
    193 0.599886 0.400186 -0.000027 0.000000 0.000000 0.000000
    194 2.299677 -2.499979 -0.599480 0.891898 0.221465 -0.527213
    195 6.615128 -4.627024 0.078179 1.512685 -0.286948 0.091384
    196 -9.580679 -27.862108 -37.184677 0.812879 -0.123459 -0.568477
    197 0.649935 -0.548296 0.093658 -1.665913 -0.131399 -0.112062
    198 1.899127 0.000427 -0.000439 0.027386 -0.033311 0.477848
    199 0.657078 0.008400 0.040375 -1.665945 -0.131407 -0.000013
    200 1.799664 -0.000240 0.000231 0.027386 -0.033311 0.477848
    201 1.799664 -0.000240 0.000231 0.027386 -0.033311 0.477848
    202 1.799664 -0.000240 0.000231 0.027386 -0.033311 0.477848
    203 0.665774 0.747222 -0.029186 -1.665935 -0.131408 0.094976
    204 1.900306 -0.000137 -0.000517 0.027386 -0.033311 0.477848
    205 6.759725 -2.194362 4.821289 1.574794 1.561305 -2.574356
    206 3.999897 0.000040 0.001007 0.185065 0.000060 0.000000
    207 0.600403 0.399632 -0.000469 0.000000 0.000000 3.141593
    208 0.599890 0.400186 0.000031 0.000000 0.000000 3.141593
    209 2.300137 -2.499413 0.600155 -0.891898 -0.221466 -0.527212
    210 11.536825 -4.809778 -1.281075 1.772171 0.196534 -0.094798
    211 2.762354 0.116951 1.523975 1.629482 0.064153 1.743800
    212 7.228317 7.928200 -3.925652 2.328713 0.123459 -0.568477
    213 0.650396 -0.547731 -0.092976 1.665913 0.131399 -0.112062
    214 1.899441 -0.000320 -0.000150 -0.027386 0.033311 0.477848
    215 0.657068 0.008398 -0.040379 1.665945 0.131407 -0.000013
    216 1.799659 -0.000233 -0.000233 -0.027386 0.033311 0.477848
    217 1.799659 -0.000233 -0.000233 -0.027386 0.033311 0.477848
    218 1.799659 -0.000233 -0.000233 -0.027386 0.033311 0.477848
    219 0.665778 0.747222 0.029179 1.665935 0.131408 0.094976
    220 1.900722 0.000549 -0.000072 -0.027386 0.033311 0.477848
    221 4.530998 0.000000 0.000000 0.000000 0.000000 0.000000
    222 4.527344 0.000000 0.000000 0.000000 0.000000 0.000000
    223 0.000000 0.000000 0.000000 0.000000 0.000000 0.000000
    224 0.000000 0.000000 0.000000 0.000000 0.000000 0.000000
    225 4.000000 -6.500000 0.000000 0.000000 0.000000 0.000977
    226 -6.500000 0.000000 0.000000 0.000000 1.570752 0.000000
    227 19.672244 -4.038937 8.177163 0.055572 -0.101331 0.168109
    228 0.280000 -0.135000 2.196999 1.570796 0.000000 -1.570735
    229 0.000000 0.000000 0.000000 0.000000 0.000000 0.000000
    230 0.000000 0.000000 0.000000 -0.001798 0.001738 -0.000791
    231 0.106000 0.000000 -64.320000 0.000000 0.000000 0.000000
    232 0.000000 0.000000 0.000000 0.000000 0.000000 0.000000
    233 -0.106000 0.000000 64.320000 0.000000 0.000000 0.000000
    234 0.003042 -0.001328 -64.319374 0.000009 0.000084 -3.141638
    235 0.000000 0.000000 0.000000 -0.000303 0.000193 -0.000090
    236 1.688000 -0.001000 -1.454002 0.000000 0.000000 0.000000
    237 -1.070999 -0.005000 0.545002 0.000000 0.000000 0.000000
    238 5.895000 0.750997 -0.156000 0.000000 0.000000 0.000000
    239 11.599999 -0.000003 -1.500002 0.000000 0.000000 0.000000
    240 1.037001 1.337997 -4.334000 -2.791227 -0.162411 -0.765711
    241 7.216001 -0.000003 -1.579000 0.000000 0.000000 0.000000
    242 4.445999 -0.000003 -1.500000 0.000000 0.000000 0.000000
    243 0.673937 -0.015635 -4.768713 -3.141592 -1.281051 3.141593
    244 0.094999 -0.144000 0.332001 0.000000 0.000000 0.000000
    245 14.209020 0.000022 0.766988 0.000000 0.000000 0.000000
    246 0.000000 0.000000 0.000000 1.570800 0.000000 -1.570796
  time 29
    0 0.000000 0.000000 0.000000 0.000000 0.000000 -1.570796
    1 -0.106750 -0.000001 -0.000351 0.000000 0.000000 0.000000
    2 0.000000 0.000000 0.000000 0.000000 0.000000 0.000000
    3 -0.904000 0.000000 -11.806000 0.000000 0.000000 0.000000
    4 0.000000 0.000000 -14.313999 1.570807 -1.570729 0.000000
    5 3.533001 0.000000 0.000000 0.000000 0.000000 0.000000
    6 6.250000 0.000000 0.000000 0.000000 0.000000 0.000000
    7 9.572857 -0.019507 -1.944020 -1.551923 1.039549 -1.554496
    8 9.568951 5.304874 2.057317 -1.552072 -1.033023 1.554673
    9 5.786820 0.002787 -0.000113 -0.876131 0.905064 -1.182011
    10 5.999492 -0.000592 -4.000343 0.000000 0.000000 0.000000
    11 5.787410 0.002582 0.000893 0.991336 -0.733521 -1.810094
    12 5.999492 -0.000592 4.000340 0.000000 0.000000 0.000000
    13 0.500225 0.000133 -0.000084 0.111646 0.000000 0.000000
    14 11.530657 0.000349 -0.001308 -0.000005 0.000009 -1.849324
    15 -0.829338 0.893824 0.079659 -0.148839 0.047645 0.087266
    16 0.500225 0.000132 0.000072 0.017937 0.000000 0.000000
    17 11.532495 0.000526 0.003814 -0.000042 0.000038 -1.554022
    18 -0.829586 0.894698 -0.079468 0.045377 -0.019621 0.087266
    19 10.599886 0.000105 -0.000553 -0.148298 0.000000 0.000000
    20 0.760310 -0.568159 -0.000805 0.000000 0.000011 0.924646
    21 11.042053 0.003717 0.000798 -0.314319 -0.492923 0.907721
    22 -11.814724 0.424524 -0.297680 0.247998 -0.066121 -0.042695
    23 10.599878 0.000105 0.000549 0.358963 0.000060 0.000000
    24 0.467330 -0.474406 0.000801 -0.000024 -0.000047 0.777009
    25 11.041739 0.003170 -0.000568 0.294484 -0.108330 0.604908
    26 -11.663242 0.094713 0.140656 -0.068591 0.018527 -0.015099
    27 0.610300 -0.939470 0.070347 -1.655295 -0.140055 -0.175616
    28 0.639938 -0.199121 0.060192 -1.665960 -0.131416 -0.066459
    29 0.600155 1.080260 -0.339535 -1.738023 0.020766 0.107385
    30 0.610207 0.400743 -0.010098 -1.760278 -0.067668 0.011616
    31 0.630809 -0.690091 -0.232343 0.179612 -0.053930 -0.896960
    32 -0.792125 0.203736 0.461304 1.439074 -0.003453 -0.018305
    33 0.610300 -0.939469 -0.070354 1.655238 0.140141 -0.175584
    34 0.639938 -0.199121 -0.060200 1.665858 0.131464 -0.066495
    35 0.600157 1.080260 0.339531 1.741524 -0.203975 0.076045
    36 0.610205 0.400743 0.010086 1.761892 -0.015421 0.028011
    37 0.627906 -0.691394 0.232270 -1.008069 -0.867041 -0.657159
    38 -0.626031 -0.069982 -0.080517 -1.447153 0.086151 0.021559
    39 2.621377 -0.002532 -0.001438 0.267708 -0.234892 -0.031761
    40 2.660837 0.000397 -0.000071 -0.042756 0.037058 1.151133
    41 2.202488 0.003364 -0.002863 -0.034587 0.230248 0.081214
    42 0.599950 0.959236 -0.300102 -0.174544 0.000000 0.000000
    43 2.557190 -0.001967 0.002453 0.004236 0.045782 0.790050
    44 2.098929 0.000032 -0.002193 -0.596399 -0.064935 0.541404
    45 0.999378 -0.000238 -1.139055 0.000000 0.000000 0.000000
    46 -0.122641 -0.721855 0.661686 -0.486644 0.223964 0.243056
    47 2.622112 -0.000648 0.002741 -0.051599 0.090950 -0.048358
    48 2.657909 0.000687 -0.000533 0.200418 0.214731 1.264756
    49 2.200014 0.001663 0.000836 0.240950 0.007178 1.471572
    50 0.599949 0.959244 0.300102 0.174544 0.000000 0.000000
    51 2.556571 -0.000385 0.000554 0.236773 0.177072 1.399578
    52 2.103853 0.001708 -0.001011 0.125761 -0.387554 0.881461
    53 0.999376 -0.000240 1.494531 0.000000 0.000000 0.946859
    54 0.310848 -0.606446 -0.498005 0.308107 -0.197598 0.313975
    55 1.869163 -0.000835 -0.000994 0.000053 0.000051 0.370944
    56 1.200941 0.399582 -0.000237 -0.009465 0.016087 0.007127
    57 0.000586 0.100342 -0.000319 -0.120035 -0.021926 -0.209617
    58 -0.161663 0.051712 0.194808 -2.941982 0.122408 -0.060194
    59 2.010090 -0.003202 -0.003377 -0.000042 -0.000035 1.303739
    60 0.000237 0.099800 -0.000395 -0.018823 0.010833 -0.239219
    61 -0.203197 0.048607 0.069150 -3.093332 0.033217 -0.046722
    62 1.180426 -0.002312 0.000781 0.000034 0.000048 1.141271
    63 -0.000196 0.099625 -0.000034 0.000000 0.000000 -0.314102
    64 -0.088737 -0.688435 -0.145203 2.930407 -0.136130 0.513013
    65 1.712069 -0.003328 0.003818 -0.027350 0.005217 1.564115
    66 -0.000576 0.100143 -0.000311 -0.010914 0.023131 -0.260843
    67 -0.146027 -0.232426 -0.014225 3.028455 -0.094299 0.113020
    68 1.290634 0.000361 -0.000036 0.000048 0.000000 0.437510
    69 -0.658119 -0.003576 0.072643 -0.142711 0.027792 -0.077299
    70 1.868078 -0.003049 0.002177 0.000003 -0.000009 1.450101
    71 1.200075 0.399942 -0.000093 0.009465 -0.016087 0.007127
    72 0.000589 0.100342 0.000319 0.120035 0.021926 -0.209617
    73 0.068073 0.002283 -0.080050 3.111376 -0.069366 -0.060847
    74 2.011874 -0.001179 0.002180 0.000035 0.000035 1.379032
    75 0.000233 0.099800 0.000395 0.018823 -0.010833 -0.239219
    76 -0.018673 -0.001009 0.047544 3.109244 0.002635 -0.106673
    77 1.178665 0.001595 0.000845 0.000006 -0.000001 0.743962
    78 -0.000196 0.099628 0.000034 0.000000 0.000000 -0.314102
    79 0.036894 -0.634449 0.266284 -2.801062 0.174301 0.490915
    80 1.708256 -0.002504 -0.000686 -0.000010 0.000011 1.160487
    81 -0.000580 0.100140 0.000311 0.010910 -0.023132 -0.260845
    82 -0.003952 -0.281811 0.115047 -3.059162 0.089004 0.167964
    83 1.289625 0.000042 0.000061 -0.000085 -0.000033 0.672604
    84 -0.171526 -0.018150 -0.099873 0.013484 -0.062184 -0.011781
    85 0.916622 0.003336 0.001326 0.000007 0.000021 0.711795
    86 -0.342617 0.053402 -0.025571 -2.909301 -0.017248 0.075276
    87 1.100231 -0.000928 -0.002434 0.000009 0.000002 0.677957
    88 -0.384979 0.331001 0.006848 -3.087207 -0.018765 -0.184278
    89 0.678146 0.002286 -0.003905 0.000018 0.000041 1.104311
    90 -0.123848 0.072738 0.029507 2.898184 -0.060627 0.094835
    91 1.017166 -0.000154 -0.000252 0.000061 0.000034 0.527985
    92 -0.344990 0.123129 0.143151 2.994981 0.012396 0.059140
    93 -0.730989 0.177046 0.039141 -0.123731 0.076518 -0.084310
    94 0.921993 0.001298 -0.000896 -0.000014 -0.000059 0.471806
    95 -0.124023 -0.052090 0.038495 3.077813 -0.008519 0.039229
    96 1.100433 -0.003552 0.000502 0.000053 -0.000006 0.545699
    97 -0.330082 0.160639 0.042780 3.128073 0.034033 -0.171236
    98 0.679764 0.001532 0.003272 0.000002 0.000003 0.674732
    99 -0.019512 -0.016531 0.038578 -2.763781 0.050305 0.076829
    100 1.018891 0.001206 0.001121 0.000006 0.000007 0.497076
    101 -0.155308 0.130644 -0.021921 -3.022466 0.022433 -0.024902
    102 -0.252207 0.061937 -0.024914 -0.007671 -0.063171 -0.044392
    103 -0.085995 0.185205 -0.015180 -2.937063 -0.113970 -0.138991
    104 -0.286533 0.179852 0.024264 -3.109353 -0.049645 -0.029914
    105 -0.019482 0.147083 0.079203 2.893815 0.038585 -0.060594
    106 -0.046482 0.251896 0.129548 3.016165 0.077112 -0.042864
    107 0.039124 -0.040295 0.047739 3.084219 0.030470 -0.037414
    108 -0.233757 0.066630 0.001754 -3.133087 0.040141 -0.065412
    109 0.044266 0.020131 0.001684 -2.778763 -0.118872 -0.040488
    110 0.071495 0.074128 -0.048302 -3.035917 -0.059482 0.104366
    111 0.000000 0.000000 0.000000 0.000000 0.000000 -1.570796
    112 -3.804804 -7.922117 -3.226661 0.024204 -0.049406 -1.512988
    113 0.000000 0.000000 0.000000 0.000000 0.000000 0.000000
    114 -3.195410 -18.309152 -3.105564 0.024244 -0.049458 -1.513087
    115 3.096000 0.000000 -1.996000 0.000000 0.000000 0.000000
    116 3.040999 0.000000 1.202000 0.000000 0.000000 0.000000
    117 7.854000 0.000000 -0.042000 0.000000 0.000000 0.000000
    118 13.105999 0.000000 -0.006000 0.000000 0.000000 -0.000013
    119 3.456000 0.000000 -1.084000 0.000000 0.000000 0.000000
    120 1.804000 0.000000 -1.025000 0.000000 0.000000 0.000000
    121 7.098000 0.000000 -1.084000 0.000000 0.000000 0.000000
    122 1.868000 1.809000 -1.975000 -2.218497 -0.017091 -0.465758
    123 3.740000 0.000000 1.273000 0.000000 0.000000 0.000000
    124 11.956999 0.000000 -0.006000 0.000000 0.000000 0.000013
    125 6.072001 0.000000 -1.238000 0.000000 0.000000 0.000000
    126 5.690000 -0.365000 0.068000 -0.000118 -0.348941 -1.570715
    127 6.396999 0.614000 0.428000 0.000000 0.000000 0.000000
    128 3.040999 0.000000 1.202000 0.000000 0.000000 0.000000
    129 3.720000 0.000000 1.202000 0.000000 0.000000 0.000000
    130 1.086000 -0.661000 -0.149000 0.000000 0.000000 0.000000
    131 1.067000 0.589000 0.076000 0.000000 0.000000 0.000000
    132 0.000000 -0.019000 0.000000 0.000000 0.000000 0.000000
    133 0.000000 -0.019000 0.000000 0.000000 0.000000 0.000000
    134 3.300000 -0.019000 1.346000 0.000000 0.000000 0.000000
    135 -1.524000 -1.859000 -4.367000 -1.730149 -0.014933 0.208109
    136 7.283999 0.000000 -2.195000 0.000000 0.000000 0.000000
    137 -1.323000 0.000000 0.184000 0.000000 0.000000 0.000000
    138 0.082000 0.000000 1.002000 0.000000 0.000000 0.000000
    139 -22.495521 2.984466 -59.931116 -0.027352 0.048092 -0.059151
    140 0.478000 0.000000 -4.537000 0.000000 0.000000 0.000000
    141 3.436000 0.000000 1.202000 0.000000 0.000000 0.000000
    142 3.040999 0.000000 1.202000 0.000000 0.000000 0.000000
    143 4.657000 0.000000 1.545000 0.000000 0.000000 0.000000
    144 -0.403000 0.000000 -0.011000 0.000000 0.000000 0.000000
    145 1.781000 0.000000 0.873000 0.000000 0.000000 0.000000
    146 0.384000 0.715000 0.801000 0.000000 0.000000 0.000000
    147 1.795000 0.533000 -1.550000 0.000000 0.000000 0.000000
    148 4.435999 0.595000 -0.954000 0.000000 0.000000 0.000000
    149 4.401999 -0.614000 -1.630000 0.000000 0.000000 0.000000
    150 4.203000 -0.003000 -0.048000 0.000000 0.000000 0.000000
    151 5.136000 0.000000 1.534000 0.000000 0.000000 0.000000
    152 11.957001 0.000000 -0.006000 0.000000 0.000000 0.000013
    153 -2.103001 0.000000 0.000000 0.000000 0.000000 0.000000
    154 -0.598001 0.000000 -0.011000 0.000000 0.000000 0.000000
    155 0.496000 0.184000 -3.523000 0.000000 0.000000 0.000000
    156 0.147000 0.184000 -0.328000 0.000000 0.000000 0.000000
    157 0.147000 0.184000 0.023000 0.000000 0.000000 0.000000
    158 0.147000 0.184000 0.368000 0.000000 0.000000 0.000000
    159 0.147000 0.184000 0.717000 0.000000 0.000000 0.000000
    160 0.147000 0.184000 1.067000 0.000000 0.000000 0.000000
    161 0.148000 0.184000 1.414000 0.000000 0.000000 0.000000
    162 0.148000 -0.074000 1.640000 0.000000 0.000000 0.000000
    163 0.435000 0.184000 -3.179000 0.000000 0.000000 0.000000
    164 0.378000 0.184000 -2.826000 0.000000 0.000000 0.000000
    165 0.329000 0.184000 -2.477000 0.000000 0.000000 0.000000
    166 0.286000 0.184000 -2.127000 0.000000 0.000000 0.000000
    167 0.252000 0.184000 -1.775000 0.000000 0.000000 0.000000
    168 0.215000 0.184000 -1.417000 0.000000 0.000000 0.000000
    169 0.190000 0.184000 -1.064000 0.000000 0.000000 0.000000
    170 0.166000 0.184000 -0.714000 0.000000 0.000000 0.000000
    171 1.622000 0.000000 1.568000 0.000000 0.000000 0.000000
    172 2.240000 0.000000 1.568000 0.000000 0.000000 0.000000
    173 0.000000 0.000000 0.000000 0.000000 0.000000 0.000000
    174 0.000000 0.000000 -4.867001 3.141572 -0.003206 -3.128592
    175 1.000088 -0.000029 0.000000 0.000000 0.000000 0.000000
    176 17.162518 -0.000404 0.000000 0.000000 0.000000 0.119207
    177 17.749374 0.295515 0.000000 0.000000 0.000000 -1.158919
    178 5.413528 0.000347 0.000000 0.000000 0.000000 -0.518029
    179 0.017887 0.299792 0.000000 0.000000 0.000000 -0.059575
    180 9.999889 -0.000303 0.000000 0.000000 0.000000 0.000000
    181 0.000000 0.000000 4.867000 -3.141572 0.003206 -3.128592
    182 1.000088 -0.000029 0.000000 0.000000 0.000000 0.000000
    183 12.283573 1.581455 -4.695999 1.462269 -0.086726 0.090185
    184 17.162518 -0.000404 0.000000 0.000000 0.000000 0.119207
    185 17.749374 0.295515 0.000000 0.000000 0.000000 -1.158919
    186 5.413528 0.000347 0.000000 0.000000 0.000000 -0.518027
    187 0.017887 0.299792 0.000000 0.000000 0.000000 -0.059573
    188 9.499836 0.000212 0.000000 0.000000 0.000000 0.000000
    189 -1.145525 0.000130 0.000671 0.000000 0.000000 0.000000
    190 -0.857691 0.104071 0.104687 0.023536 0.163924 0.013632
    191 3.999430 -0.000528 -0.000332 -0.185290 -0.000060 0.000000
    192 0.599499 0.400698 0.000236 0.000000 0.000000 0.000000
    193 0.599886 0.400186 -0.000027 0.000000 0.000000 0.000000
    194 2.299677 -2.499979 -0.599480 0.891898 0.221465 -0.527213
    195 6.615128 -4.627024 0.078179 1.512685 -0.286948 0.091384
    196 -9.580679 -27.862108 -37.184677 0.812879 -0.123459 -0.568477
    197 0.649935 -0.548296 0.093658 -1.665913 -0.131399 -0.112062
    198 1.899127 0.000427 -0.000439 0.027386 -0.033311 0.477848
    199 0.657078 0.008400 0.040375 -1.665945 -0.131407 -0.000013
    200 1.799664 -0.000240 0.000231 0.027386 -0.033311 0.477848
    201 1.799664 -0.000240 0.000231 0.027386 -0.033311 0.477848
    202 1.799664 -0.000240 0.000231 0.027386 -0.033311 0.477848
    203 0.665774 0.747222 -0.029186 -1.665935 -0.131408 0.094976
    204 1.900306 -0.000137 -0.000517 0.027386 -0.033311 0.477848
    205 6.685504 -2.409212 4.821289 1.570482 1.561257 -2.610673
    206 3.999897 0.000040 0.001007 0.179473 0.000060 0.000000
    207 0.600403 0.399632 -0.000469 0.000000 0.000000 3.141593
    208 0.599890 0.400186 0.000031 0.000000 0.000000 -3.141592
    209 2.300137 -2.499413 0.600155 -0.891898 -0.221466 -0.527212
    210 12.103249 -3.649587 -1.238105 1.733585 0.203087 0.048048
    211 2.762354 0.116951 1.523975 1.629482 0.064153 1.743800
    212 7.228317 7.928200 -3.925652 2.328713 0.123459 -0.568477
    213 0.650396 -0.547731 -0.092976 1.665913 0.131399 -0.112062
    214 1.899441 -0.000320 -0.000150 -0.027386 0.033311 0.477848
    215 0.657068 0.008398 -0.040379 1.665945 0.131407 -0.000013
    216 1.799659 -0.000233 -0.000233 -0.027386 0.033311 0.477848
    217 1.799659 -0.000233 -0.000233 -0.027386 0.033311 0.477848
    218 1.799659 -0.000233 -0.000233 -0.027386 0.033311 0.477848
    219 0.665778 0.747222 0.029179 1.665935 0.131408 0.094976
    220 1.900722 0.000549 -0.000072 -0.027386 0.033311 0.477848
    221 4.530998 0.000000 0.000000 0.000000 0.000000 0.000000
    222 4.527344 0.000000 0.000000 0.000000 0.000000 0.000000
    223 0.000000 0.000000 0.000000 0.000000 0.000000 0.000000
    224 0.000000 0.000000 0.000000 0.000000 0.000000 0.000000
    225 4.000000 -6.500000 0.000000 0.000000 0.000000 0.000977
    226 -6.500000 0.000000 0.000000 0.000000 1.570752 0.000000
    227 19.316764 -3.195161 8.700617 0.024553 -0.049621 0.057808
    228 0.280000 -0.135000 2.196999 1.570796 0.000000 -1.570735
    229 0.000000 0.000000 0.000000 0.000000 0.000000 0.000000
    230 0.000000 0.000000 0.000000 0.000000 0.000000 0.000000
    231 0.106000 0.000000 -64.320000 0.000000 0.000000 0.000000
    232 0.000000 0.000000 0.000000 0.000000 0.000000 0.000000
    233 -0.106000 0.000000 64.320000 0.000000 0.000000 0.000000
    234 0.003042 -0.001328 -64.319374 0.000009 0.000084 -3.141638
    235 0.000000 0.000000 0.000000 -0.000303 0.000193 -0.000090
    236 1.688000 -0.001000 -1.454002 0.000000 0.000000 0.000000
    237 -1.070999 -0.005000 0.545002 0.000000 0.000000 0.000000
    238 5.895000 0.750997 -0.156000 0.000000 0.000000 0.000000
    239 11.599999 -0.000003 -1.500002 0.000000 0.000000 0.000000
    240 1.037001 1.337997 -4.334000 -2.791227 -0.162411 -0.765711
    241 7.216001 -0.000003 -1.579000 0.000000 0.000000 0.000000
    242 4.445999 -0.000003 -1.500000 0.000000 0.000000 0.000000
    243 0.673937 -0.015635 -4.768713 -3.141592 -1.281051 3.141593
    244 0.094999 -0.144000 0.332001 0.000000 0.000000 0.000000
    245 14.209020 0.000022 0.766988 0.000000 0.000000 0.000000
    246 0.000000 0.000000 0.000000 1.570800 0.000000 -1.570796
  time 30
    0 0.000000 0.000000 0.000000 0.000000 0.000000 -1.570796
    1 -0.106750 -0.000001 -0.000351 0.000000 0.000000 0.000000
    2 0.000000 0.000000 0.000000 0.000000 0.000000 0.000000
    3 -0.904000 0.000000 -11.806000 0.000000 0.000000 0.000000
    4 0.000000 0.000000 -14.313999 1.570807 -1.570729 0.000000
    5 3.533001 0.000000 0.000000 0.000000 0.000000 0.000000
    6 6.250000 0.000000 0.000000 0.000000 0.000000 0.000000
    7 9.572857 -0.019507 -1.944020 -1.548386 1.133616 -1.550483
    8 9.570313 5.304688 2.056641 -1.552151 -1.032979 1.554747
    9 5.786820 0.002787 -0.000113 -0.773943 0.886077 -1.185241
    10 5.999492 -0.000592 -4.000343 0.000000 0.000000 0.000000
    11 5.787410 0.002582 0.000893 1.007582 -0.748537 -1.871428
    12 5.999492 -0.000592 4.000340 0.000000 0.000000 0.000000
    13 0.500225 0.000133 -0.000084 0.036351 0.000000 -0.000060
    14 11.530657 0.000349 -0.001308 -0.000125 -0.000063 -1.916372
    15 -0.829338 0.893824 0.079659 -0.148839 0.047645 0.087266
    16 0.500225 0.000132 0.000072 0.030665 0.000000 0.000024
    17 11.532495 0.000526 0.003814 0.000090 0.000002 -1.672518
    18 -0.829586 0.894698 -0.079468 0.045377 -0.019621 0.087266
    19 10.599886 0.000105 -0.000553 -0.223580 0.000012 0.000000
    20 0.834531 -0.583784 -0.000805 0.000036 -0.000073 0.958148
    21 11.042053 0.003717 0.000798 -0.446248 -0.417077 1.005521
    22 -11.814724 0.424524 -0.297680 0.247998 -0.066121 -0.042695
    23 10.599878 0.000105 0.000549 0.359750 -0.000048 0.000000
    24 0.572802 -0.517376 0.000801 -0.000060 0.000025 0.836190
    25 11.041739 0.003170 -0.000568 0.248941 -0.036729 0.819613
    26 -11.663242 0.094713 0.140656 -0.068591 0.018527 -0.015099
    27 0.610300 -0.939470 0.070347 -1.655295 -0.140055 -0.175628
    28 0.639938 -0.199121 0.060192 -1.665960 -0.131416 -0.066459
    29 0.600155 1.080260 -0.339535 -1.738023 0.020748 0.107373
    30 0.610207 0.400743 -0.010098 -1.760332 -0.067668 0.011616
    31 0.630809 -0.690091 -0.232343 0.179612 -0.053930 -0.896960
    32 -0.792125 0.203736 0.461304 1.439074 -0.003453 -0.018305
    33 0.610300 -0.939469 -0.070354 1.655238 0.140141 -0.175584
    34 0.639938 -0.199121 -0.060200 1.665858 0.131464 -0.066495
    35 0.600157 1.080260 0.339531 1.741524 -0.203975 0.076045
    36 0.610205 0.400743 0.010086 1.761892 -0.015409 0.028011
    37 0.627906 -0.691394 0.232270 -1.014587 -0.861328 -0.665885
    38 -0.626031 -0.069982 -0.080517 -1.447153 0.086151 0.021559
    39 2.621377 -0.002532 -0.001438 0.267708 -0.234892 -0.031761
    40 2.658203 0.000004 -0.000001 -0.042759 0.037061 1.151136
    41 2.202488 0.003364 -0.002863 -0.034587 0.230248 0.081214
    42 0.599950 0.959236 -0.300102 -0.174544 0.000000 0.000000
    43 2.557190 -0.001967 0.002453 0.004236 0.045782 0.790050
    44 2.098929 0.000032 -0.002193 -0.596399 -0.064935 0.541404
    45 1.000000 -0.000386 -1.136719 0.000000 0.000000 0.000000
    46 -0.122641 -0.721855 0.661686 -0.486644 0.223964 0.243056
    47 2.622112 -0.000648 0.002741 -0.053008 0.086883 -0.048070
    48 2.657909 0.000687 -0.000533 0.200418 0.214731 1.264756
    49 2.200014 0.001663 0.000836 0.236780 0.017796 1.474172
    50 0.599949 0.959244 0.300102 0.174544 0.000000 0.000000
    51 2.556571 -0.000385 0.000554 0.236759 0.177072 1.399578
    52 2.103853 0.001708 -0.001011 0.124777 -0.418666 0.876979
    53 1.000000 -0.000385 1.495117 0.000000 0.000000 0.946882
    54 0.310848 -0.606446 -0.498005 0.308107 -0.197598 0.313975
    55 1.869163 -0.000835 -0.000994 0.000053 0.000039 0.370944
    56 1.200941 0.399582 -0.000237 -0.009465 0.016087 0.007127
    57 0.000586 0.100342 -0.000319 -0.120035 -0.021926 -0.209617
    58 -0.161663 0.051712 0.194808 -2.941982 0.122408 -0.060194
    59 2.010090 -0.003202 -0.003377 -0.000042 -0.000035 1.303739
    60 0.000237 0.099800 -0.000395 -0.018823 0.010833 -0.239219
    61 -0.203197 0.048607 0.069150 -3.093332 0.033217 -0.046722
    62 1.180426 -0.002312 0.000781 0.000034 0.000036 1.141271
    63 -0.000196 0.099625 -0.000034 0.000000 0.000000 -0.314102
    64 -0.088737 -0.688435 -0.145203 2.930407 -0.136130 0.513013
    65 1.712069 -0.003328 0.003818 -0.027350 0.005217 1.564115
    66 -0.000576 0.100143 -0.000311 -0.010914 0.023131 -0.260843
    67 -0.146027 -0.232426 -0.014225 3.028455 -0.094299 0.113020
    68 1.290634 0.000361 -0.000036 0.000036 0.000000 0.437510
    69 -0.658119 -0.003576 0.072643 -0.142711 0.027792 -0.077299
    70 1.868078 -0.003049 0.002177 0.000003 -0.000009 1.450101
    71 1.200075 0.399942 -0.000093 0.009465 -0.016087 0.007127
    72 0.000589 0.100342 0.000319 0.120035 0.021926 -0.209617
    73 0.068073 0.002283 -0.080050 3.111376 -0.069366 -0.060847
    74 2.011874 -0.001179 0.002180 0.000035 0.000035 1.379032
    75 0.000233 0.099800 0.000395 0.018823 -0.010833 -0.239219
    76 -0.018673 -0.001009 0.047544 3.109244 0.002635 -0.106673
    77 1.178665 0.001595 0.000845 0.000006 -0.000001 0.743962
    78 -0.000196 0.099628 0.000034 0.000000 0.000000 -0.314102
    79 0.036894 -0.634449 0.266284 -2.801062 0.174301 0.490915
    80 1.708256 -0.002504 -0.000686 -0.000010 0.000011 1.160521
    81 -0.000580 0.100140 0.000311 0.010910 -0.023132 -0.260845
    82 -0.003952 -0.281811 0.115047 -3.059162 0.089004 0.167964
    83 1.289625 0.000042 0.000061 -0.000073 -0.000033 0.672604
    84 -0.171526 -0.018150 -0.099873 0.013484 -0.062184 -0.011781
    85 0.916622 0.003336 0.001326 0.000007 0.000021 0.711795
    86 -0.342617 0.053402 -0.025571 -2.909301 -0.017248 0.075276
    87 1.100231 -0.000928 -0.002434 0.000009 0.000002 0.677957
    88 -0.384979 0.331001 0.006848 -3.087207 -0.018765 -0.184278
    89 0.678146 0.002286 -0.003905 0.000018 0.000029 1.104311
    90 -0.123848 0.072738 0.029507 2.898184 -0.060627 0.094835
    91 1.017166 -0.000154 -0.000252 0.000049 0.000022 0.527937
    92 -0.344990 0.123129 0.143151 2.994981 0.012396 0.059140
    93 -0.730989 0.177046 0.039141 -0.123731 0.076518 -0.084310
    94 0.921993 0.001298 -0.000896 -0.000014 -0.000059 0.471806
    95 -0.124023 -0.052090 0.038495 3.077813 -0.008519 0.039229
    96 1.100433 -0.003552 0.000502 0.000042 -0.000006 0.545699
    97 -0.330082 0.160639 0.042780 3.128073 0.034033 -0.171236
    98 0.679764 0.001532 0.003272 0.000002 0.000003 0.674732
    99 -0.019512 -0.016531 0.038578 -2.763781 0.050305 0.076829
    100 1.018891 0.001206 0.001121 0.000006 0.000007 0.497076
    101 -0.155308 0.130644 -0.021921 -3.022466 0.022433 -0.024902
    102 -0.252207 0.061937 -0.024914 -0.007671 -0.063171 -0.044392
    103 -0.085995 0.185205 -0.015180 -2.937063 -0.113970 -0.138991
    104 -0.286533 0.179852 0.024264 -3.109353 -0.049645 -0.029914
    105 -0.019482 0.147083 0.079203 2.893815 0.038585 -0.060594
    106 -0.046482 0.251896 0.129548 3.016165 0.077112 -0.042864
    107 0.039124 -0.040295 0.047739 3.084219 0.030470 -0.037414
    108 -0.233757 0.066630 0.001754 -3.133087 0.040141 -0.065412
    109 0.044266 0.020131 0.001684 -2.778763 -0.118872 -0.040488
    110 0.071495 0.074128 -0.048302 -3.035917 -0.059482 0.104366
    111 0.000000 0.000000 0.000000 0.000000 0.000000 -1.570796
    112 -2.711020 -7.218970 -2.679769 -0.005942 0.011596 -1.568372
    113 0.000000 0.000000 0.000000 0.000000 0.000000 0.000000
    114 -2.687582 -17.613819 -3.187597 -0.005715 0.011358 -1.568279
    115 3.096000 0.000000 -1.996000 0.000000 0.000000 0.000000
    116 3.040999 0.000000 1.202000 0.000000 0.000000 0.000000
    117 7.854000 0.000000 -0.042000 0.000000 0.000000 0.000000
    118 13.105999 0.000000 -0.006000 0.000000 0.000000 -0.000013
    119 3.456000 0.000000 -1.084000 0.000000 0.000000 0.000000
    120 1.804000 0.000000 -1.025000 0.000000 0.000000 0.000000
    121 7.098000 0.000000 -1.084000 0.000000 0.000000 0.000000
    122 1.868000 1.809000 -1.975000 -2.218497 -0.017091 -0.465758
    123 3.740000 0.000000 1.273000 0.000000 0.000000 0.000000
    124 11.956999 0.000000 -0.006000 0.000000 0.000000 0.000013
    125 6.072001 0.000000 -1.238000 0.000000 0.000000 0.000000
    126 5.690000 -0.365000 0.068000 -0.000118 -0.348941 -1.570715
    127 6.396999 0.614000 0.428000 0.000000 0.000000 0.000000
    128 3.040999 0.000000 1.202000 0.000000 0.000000 0.000000
    129 3.720000 0.000000 1.202000 0.000000 0.000000 0.000000
    130 1.086000 -0.661000 -0.149000 0.000000 0.000000 0.000000
    131 1.067000 0.589000 0.076000 0.000000 0.000000 0.000000
    132 0.000000 -0.019000 0.000000 0.000000 0.000000 0.000000
    133 0.000000 -0.019000 0.000000 0.000000 0.000000 0.000000
    134 3.300000 -0.019000 1.346000 0.000000 0.000000 0.000000
    135 -1.524000 -1.859000 -4.367000 -1.730149 -0.014933 0.208109
    136 7.283999 0.000000 -2.195000 0.000000 0.000000 0.000000
    137 -1.323000 0.000000 0.184000 0.000000 0.000000 0.000000
    138 0.082000 0.000000 1.002000 0.000000 0.000000 0.000000
    139 -18.210234 3.097751 -61.173341 0.005603 -0.011396 -0.002564
    140 0.478000 0.000000 -4.537000 0.000000 0.000000 0.000000
    141 3.436000 0.000000 1.202000 0.000000 0.000000 0.000000
    142 3.040999 0.000000 1.202000 0.000000 0.000000 0.000000
    143 4.657000 0.000000 1.545000 0.000000 0.000000 0.000000
    144 -0.403000 0.000000 -0.011000 0.000000 0.000000 0.000000
    145 1.781000 0.000000 0.873000 0.000000 0.000000 0.000000
    146 0.384000 0.715000 0.801000 0.000000 0.000000 0.000000
    147 1.795000 0.533000 -1.550000 0.000000 0.000000 0.000000
    148 4.435999 0.595000 -0.954000 0.000000 0.000000 0.000000
    149 4.401999 -0.614000 -1.630000 0.000000 0.000000 0.000000
    150 4.203000 -0.003000 -0.048000 0.000000 0.000000 0.000000
    151 5.136000 0.000000 1.534000 0.000000 0.000000 0.000000
    152 11.957001 0.000000 -0.006000 0.000000 0.000000 0.000013
    153 -2.103001 0.000000 0.000000 0.000000 0.000000 0.000000
    154 -0.598001 0.000000 -0.011000 0.000000 0.000000 0.000000
    155 0.496000 0.184000 -3.523000 0.000000 0.000000 0.000000
    156 0.147000 0.184000 -0.328000 0.000000 0.000000 0.000000
    157 0.147000 0.184000 0.023000 0.000000 0.000000 0.000000
    158 0.147000 0.184000 0.368000 0.000000 0.000000 0.000000
    159 0.147000 0.184000 0.717000 0.000000 0.000000 0.000000
    160 0.147000 0.184000 1.067000 0.000000 0.000000 0.000000
    161 0.148000 0.184000 1.414000 0.000000 0.000000 0.000000
    162 0.148000 -0.074000 1.640000 0.000000 0.000000 0.000000
    163 0.435000 0.184000 -3.179000 0.000000 0.000000 0.000000
    164 0.378000 0.184000 -2.826000 0.000000 0.000000 0.000000
    165 0.329000 0.184000 -2.477000 0.000000 0.000000 0.000000
    166 0.286000 0.184000 -2.127000 0.000000 0.000000 0.000000
    167 0.252000 0.184000 -1.775000 0.000000 0.000000 0.000000
    168 0.215000 0.184000 -1.417000 0.000000 0.000000 0.000000
    169 0.190000 0.184000 -1.064000 0.000000 0.000000 0.000000
    170 0.166000 0.184000 -0.714000 0.000000 0.000000 0.000000
    171 1.622000 0.000000 1.568000 0.000000 0.000000 0.000000
    172 2.240000 0.000000 1.568000 0.000000 0.000000 0.000000
    173 0.000000 0.000000 0.000000 0.000000 0.000000 0.000000
    174 0.000000 0.000000 -4.867001 3.141572 -0.003206 -3.128592
    175 1.000088 -0.000029 0.000000 0.000000 0.000000 0.000000
    176 17.162518 -0.000404 0.000000 0.000000 0.000000 0.119207
    177 17.749374 0.295515 0.000000 0.000000 0.000000 -1.158919
    178 5.413528 0.000347 0.000000 0.000000 0.000000 -0.518029
    179 0.017887 0.299792 0.000000 0.000000 0.000000 -0.059575
    180 9.999889 -0.000303 0.000000 0.000000 0.000000 0.000000
    181 0.000000 0.000000 4.867000 -3.141572 0.003206 -3.128592
    182 1.000088 -0.000029 0.000000 0.000000 0.000000 0.000000
    183 12.283573 1.581455 -4.695999 1.462269 -0.086726 0.090185
    184 17.162518 -0.000404 0.000000 0.000000 0.000000 0.119207
    185 17.749374 0.295515 0.000000 0.000000 0.000000 -1.158919
    186 5.413528 0.000347 0.000000 0.000000 0.000000 -0.518027
    187 0.017887 0.299792 0.000000 0.000000 0.000000 -0.059573
    188 9.499836 0.000212 0.000000 0.000000 0.000000 0.000000
    189 -1.145525 0.000130 0.000671 0.000000 0.000000 0.000000
    190 -0.857691 0.104071 0.104687 0.023536 0.163924 0.013632
    191 3.999430 -0.000528 -0.000332 -0.279441 0.000000 0.000000
    192 0.599499 0.400698 0.000236 0.000000 0.000000 0.000000
    193 0.599886 0.400186 -0.000027 0.000000 0.000000 0.000000
    194 2.299677 -2.499979 -0.599480 0.891898 0.221465 -0.527213
    195 6.615128 -4.627024 0.078179 1.512685 -0.286948 0.091384
    196 -9.580679 -27.862108 -37.184677 0.812879 -0.123459 -0.568477
    197 0.649935 -0.548296 0.093658 -1.665913 -0.131399 -0.112062
    198 1.899127 0.000427 -0.000439 0.027386 -0.033311 0.477848
    199 0.657078 0.008400 0.040375 -1.665945 -0.131407 -0.000013
    200 1.799664 -0.000240 0.000231 0.027386 -0.033311 0.477848
    201 1.799664 -0.000240 0.000231 0.027386 -0.033311 0.477848
    202 1.799664 -0.000240 0.000231 0.027386 -0.033311 0.477848
    203 0.665774 0.747222 -0.029186 -1.665935 -0.131408 0.094976
    204 1.900306 -0.000137 -0.000517 0.027386 -0.033311 0.477848
    205 6.431590 -3.030325 4.821289 1.568278 1.561305 -2.707070
    206 3.999897 0.000040 0.001007 0.179866 0.000000 0.000000
    207 0.600403 0.399632 -0.000469 0.000000 0.000000 -3.141496
    208 0.599890 0.400186 0.000031 0.000000 0.000000 -3.141592
    209 2.300137 -2.499413 0.600155 -0.891898 -0.221465 -0.527213
    210 12.103249 -3.649587 -1.238105 1.733490 0.203087 0.048103
    211 2.762354 0.116951 1.523975 1.629482 0.064153 1.743800
    212 7.228317 7.928200 -3.925652 2.328713 0.123459 -0.568477
    213 0.650396 -0.547731 -0.092976 1.665913 0.131399 -0.112062
    214 1.899441 -0.000320 -0.000150 -0.027386 0.033311 0.477848
    215 0.657068 0.008398 -0.040379 1.665945 0.131407 -0.000013
    216 1.799659 -0.000233 -0.000233 -0.027386 0.033311 0.477848
    217 1.799659 -0.000233 -0.000233 -0.027386 0.033311 0.477848
    218 1.799659 -0.000233 -0.000233 -0.027386 0.033311 0.477848
    219 0.665778 0.747222 0.029179 1.665935 0.131408 0.094976
    220 1.900722 0.000549 -0.000072 -0.027386 0.033311 0.477848
    221 4.530998 0.000000 0.000000 0.000000 0.000000 0.000000
    222 4.527344 0.000000 0.000000 0.000000 0.000000 0.000000
    223 0.000000 0.000000 0.000000 0.000000 0.000000 0.000000
    224 0.000000 0.000000 0.000000 0.000000 0.000000 0.000000
    225 4.000000 -6.500000 0.000000 0.000000 0.000000 0.000977
    226 -6.500000 0.000000 0.000000 0.000000 1.570752 0.000000
    227 18.621430 -2.687333 8.614677 -0.005592 0.011417 0.002517
    228 0.280000 -0.135000 2.196999 1.570796 0.000000 -1.570735
    229 0.000000 0.000000 0.000000 0.000000 0.000000 0.000000
    230 0.000000 0.000000 0.000000 -0.006592 0.000779 -0.001222
    231 0.106000 0.000000 -64.320000 0.000000 0.000000 0.000000
    232 0.000000 0.000000 0.000000 0.000000 0.000000 0.000000
    233 -0.106000 0.000000 64.320000 0.000000 0.000000 0.000000
    234 0.003042 -0.001328 -64.319374 0.000009 0.000084 -3.141638
    235 0.000000 0.000000 0.000000 -0.000303 0.000193 -0.000090
    236 1.688000 -0.001000 -1.454002 0.000000 0.000000 0.000000
    237 -1.070999 -0.005000 0.545002 0.000000 0.000000 0.000000
    238 5.895000 0.750997 -0.156000 0.000000 0.000000 0.000000
    239 11.599999 -0.000003 -1.500002 0.000000 0.000000 0.000000
    240 1.037001 1.337997 -4.334000 -2.791227 -0.162411 -0.765711
    241 7.216001 -0.000003 -1.579000 0.000000 0.000000 0.000000
    242 4.445999 -0.000003 -1.500000 0.000000 0.000000 0.000000
    243 0.673937 -0.015635 -4.768713 -3.141592 -1.281051 3.141593
    244 0.094999 -0.144000 0.332001 0.000000 0.000000 0.000000
    245 14.209020 0.000022 0.766988 0.000000 0.000000 0.000000
    246 0.000000 0.000000 0.000000 1.570800 0.000000 -1.570796
  time 31
    0 0.000000 0.000000 0.000000 0.000000 0.000000 -1.570796
    1 -0.106750 -0.000001 -0.000351 0.000000 0.000000 0.000000
    2 0.000000 0.000000 0.000000 0.000000 0.000000 0.000000
    3 -0.904000 0.000000 -11.806000 0.000000 0.000000 0.000000
    4 0.000000 0.000000 -14.313999 1.570807 -1.570729 0.000000
    5 3.533001 0.000000 0.000000 0.000000 0.000000 0.000000
    6 6.250000 0.000000 0.000000 0.000000 0.000000 0.000000
    7 9.572857 -0.019507 -1.944020 -1.545137 1.187827 -1.546947
    8 9.570313 5.304688 2.056641 -1.552151 -1.032979 1.554747
    9 5.786820 0.002787 -0.000113 -0.756067 0.864953 -1.225481
    10 5.999492 -0.000592 -4.000343 0.000000 0.000000 0.000000
    11 5.787410 0.002582 0.000893 1.007154 -0.769624 -1.877317
    12 5.999492 -0.000592 4.000340 0.000000 0.000000 0.000000
    13 0.500225 0.000133 -0.000084 0.007279 -0.000060 0.000000
    14 11.530657 0.000349 -0.001308 0.000043 -0.000027 -1.915221
    15 -0.829338 0.893824 0.079659 -0.148839 0.047645 0.087266
    16 0.500225 0.000132 0.000072 0.043392 0.000000 0.000060
    17 11.532495 0.000526 0.003814 0.000054 -0.000046 -1.702586
    18 -0.829586 0.894698 -0.079468 0.045377 -0.019621 0.087266
    19 10.599886 0.000105 -0.000553 -0.223681 0.000000 0.000024
    20 0.822812 -0.579878 -0.000805 0.000000 0.000011 0.957589
    21 11.042053 0.003717 0.000798 -0.415598 -0.385983 1.035225
    22 -11.814724 0.424524 -0.297680 0.247998 -0.066121 -0.042695
    23 10.599878 0.000105 0.000549 0.436034 0.000000 0.000000
    24 0.600147 -0.529095 0.000801 0.000072 0.000025 0.851323
    25 11.041739 0.003170 -0.000568 0.303511 -0.009709 0.830623
    26 -11.663242 0.094713 0.140656 -0.068591 0.018527 -0.015099
    27 0.610300 -0.939470 0.070347 -1.655295 -0.140043 -0.175640
    28 0.639938 -0.199121 0.060192 -1.665960 -0.131404 -0.066471
    29 0.600155 1.080260 -0.339535 -1.738023 0.020748 0.107373
    30 0.610207 0.400743 -0.010098 -1.760332 -0.067668 0.011604
    31 0.630809 -0.690091 -0.232343 0.179612 -0.053930 -0.896960
    32 -0.792125 0.203736 0.461304 1.439074 -0.003453 -0.018305
    33 0.610300 -0.939469 -0.070354 1.655238 0.140141 -0.175584
    34 0.639938 -0.199121 -0.060200 1.665858 0.131464 -0.066483
    35 0.600157 1.080260 0.339531 1.741524 -0.203975 0.076033
    36 0.610205 0.400743 0.010086 1.761892 -0.015397 0.028023
    37 0.627906 -0.691394 0.232270 -1.014554 -0.861348 -0.665921
    38 -0.626031 -0.069982 -0.080517 -1.447153 0.086151 0.021559
    39 2.621377 -0.002532 -0.001438 0.267708 -0.234892 -0.031761
    40 2.658203 0.000004 -0.000001 -0.042759 0.037061 1.151136
    41 2.202488 0.003364 -0.002863 -0.034587 0.230248 0.081214
    42 0.599950 0.959236 -0.300102 -0.174544 0.000000 0.000000
    43 2.557190 -0.001967 0.002453 0.004236 0.045782 0.790050
    44 2.098929 0.000032 -0.002193 -0.596399 -0.064935 0.541404
    45 1.000000 -0.000386 -1.136719 0.000000 0.000000 0.000000
    46 -0.122641 -0.721855 0.661686 -0.486644 0.223964 0.243056
    47 2.622112 -0.000648 0.002741 -0.053008 0.086883 -0.048070
    48 2.657909 0.000687 -0.000533 0.200418 0.214719 1.264756
    49 2.200014 0.001663 0.000836 0.236780 0.017796 1.474129
    50 0.599949 0.959244 0.300102 0.174544 0.000000 0.000000
    51 2.556571 -0.000385 0.000554 0.236759 0.177084 1.399578
    52 2.103853 0.001708 -0.001011 0.124790 -0.418678 0.876979
    53 1.000000 -0.000385 1.495117 0.000000 0.000000 0.946882
    54 0.310848 -0.606446 -0.498005 0.308107 -0.197598 0.313975
    55 1.869163 -0.000835 -0.000994 0.000041 0.000039 0.370944
    56 1.200941 0.399582 -0.000237 -0.009465 0.016087 0.007127
    57 0.000586 0.100342 -0.000319 -0.120035 -0.021926 -0.209617
    58 -0.161663 0.051712 0.194808 -2.941982 0.122408 -0.060194
    59 2.010090 -0.003202 -0.003377 -0.000042 -0.000035 1.303692
    60 0.000237 0.099800 -0.000395 -0.018823 0.010833 -0.239219
    61 -0.203197 0.048607 0.069150 -3.093332 0.033217 -0.046722
    62 1.180426 -0.002312 0.000781 0.000034 0.000024 1.141271
    63 -0.000196 0.099625 -0.000034 0.000000 0.000000 -0.314102
    64 -0.088737 -0.688435 -0.145203 2.930407 -0.136130 0.513013
    65 1.712069 -0.003328 0.003818 -0.027362 0.005217 1.564115
    66 -0.000576 0.100143 -0.000311 -0.010914 0.023131 -0.260843
    67 -0.146027 -0.232426 -0.014225 3.028455 -0.094299 0.113020
    68 1.290634 0.000361 -0.000036 0.000036 0.000000 0.437510
    69 -0.658119 -0.003576 0.072643 -0.142711 0.027792 -0.077299
    70 1.868078 -0.003049 0.002177 0.000003 -0.000021 1.450101
    71 1.200075 0.399942 -0.000093 0.009465 -0.016087 0.007127
    72 0.000589 0.100342 0.000319 0.120035 0.021926 -0.209617
    73 0.068073 0.002283 -0.080050 3.111376 -0.069366 -0.060847
    74 2.011874 -0.001179 0.002180 0.000035 0.000023 1.379032
    75 0.000233 0.099800 0.000395 0.018823 -0.010833 -0.239219
    76 -0.018673 -0.001009 0.047544 3.109244 0.002635 -0.106673
    77 1.178665 0.001595 0.000845 0.000006 -0.000001 0.743962
    78 -0.000196 0.099628 0.000034 0.000000 0.000000 -0.314102
    79 0.036894 -0.634449 0.266284 -2.801062 0.174301 0.490915
    80 1.708256 -0.002504 -0.000686 -0.000010 0.000011 1.160521
    81 -0.000580 0.100140 0.000311 0.010910 -0.023132 -0.260845
    82 -0.003952 -0.281811 0.115047 -3.059162 0.089004 0.167964
    83 1.289625 0.000042 0.000061 -0.000073 -0.000021 0.672636
    84 -0.171526 -0.018150 -0.099873 0.013484 -0.062184 -0.011781
    85 0.916622 0.003336 0.001326 0.000019 0.000021 0.711795
    86 -0.342617 0.053402 -0.025571 -2.909301 -0.017248 0.075276
    87 1.100231 -0.000928 -0.002434 0.000009 0.000002 0.678016
    88 -0.384979 0.331001 0.006848 -3.087207 -0.018765 -0.184278
    89 0.678146 0.002286 -0.003905 0.000018 0.000029 1.104311
    90 -0.123848 0.072738 0.029507 2.898184 -0.060627 0.094835
    91 1.017166 -0.000154 -0.000252 0.000049 0.000022 0.527937
    92 -0.344990 0.123129 0.143151 2.994981 0.012396 0.059140
    93 -0.730989 0.177046 0.039141 -0.123731 0.076518 -0.084310
    94 0.921993 0.001298 -0.000896 -0.000014 -0.000047 0.471806
    95 -0.124023 -0.052090 0.038495 3.077813 -0.008519 0.039229
    96 1.100433 -0.003552 0.000502 0.000042 -0.000006 0.545699
    97 -0.330082 0.160639 0.042780 3.128073 0.034033 -0.171236
    98 0.679764 0.001532 0.003272 0.000002 -0.000009 0.674732
    99 -0.019512 -0.016531 0.038578 -2.763781 0.050305 0.076829
    100 1.018891 0.001206 0.001121 0.000018 0.000007 0.497076
    101 -0.155308 0.130644 -0.021921 -3.022466 0.022433 -0.024902
    102 -0.252207 0.061937 -0.024914 -0.007671 -0.063171 -0.044392
    103 -0.085995 0.185205 -0.015180 -2.937063 -0.113970 -0.138991
    104 -0.286533 0.179852 0.024264 -3.109353 -0.049645 -0.029914
    105 -0.019482 0.147083 0.079203 2.893815 0.038585 -0.060594
    106 -0.046482 0.251896 0.129548 3.016165 0.077112 -0.042864
    107 0.039124 -0.040295 0.047739 3.084219 0.030470 -0.037414
    108 -0.233757 0.066630 0.001754 -3.133087 0.040141 -0.065412
    109 0.044266 0.020131 0.001684 -2.778763 -0.118872 -0.040488
    110 0.071495 0.074128 -0.048302 -3.035917 -0.059482 0.104366
    111 0.000000 0.000000 0.000000 0.000000 0.000000 -1.570796
    112 -2.875088 -6.972869 -2.664144 0.057494 0.015595 -1.578255
    113 0.000000 0.000000 0.000000 0.000000 0.000000 0.000000
    114 -2.929777 -17.367718 -3.218848 0.057521 0.015651 -1.578255
    115 3.096000 0.000000 -1.996000 0.000000 0.000000 0.000000
    116 3.040999 0.000000 1.202000 0.000000 0.000000 0.000000
    117 7.854000 0.000000 -0.042000 0.000000 0.000000 0.000000
    118 13.105999 0.000000 -0.006000 0.000000 0.000000 -0.000013
    119 3.456000 0.000000 -1.084000 0.000000 0.000000 0.000000
    120 1.804000 0.000000 -1.025000 0.000000 0.000000 0.000000
    121 7.098000 0.000000 -1.084000 0.000000 0.000000 0.000000
    122 1.868000 1.809000 -1.975000 -2.218497 -0.017091 -0.465758
    123 3.740000 0.000000 1.273000 0.000000 0.000000 0.000000
    124 11.956999 0.000000 -0.006000 0.000000 0.000000 0.000013
    125 6.072001 0.000000 -1.238000 0.000000 0.000000 0.000000
    126 5.690000 -0.365000 0.068000 -0.000118 -0.348941 -1.570715
    127 6.396999 0.614000 0.428000 0.000000 0.000000 0.000000
    128 3.040999 0.000000 1.202000 0.000000 0.000000 0.000000
    129 3.720000 0.000000 1.202000 0.000000 0.000000 0.000000
    130 1.086000 -0.661000 -0.149000 0.000000 0.000000 0.000000
    131 1.067000 0.589000 0.076000 0.000000 0.000000 0.000000
    132 0.000000 -0.019000 0.000000 0.000000 0.000000 0.000000
    133 0.000000 -0.019000 0.000000 0.000000 0.000000 0.000000
    134 3.300000 -0.019000 1.346000 0.000000 0.000000 0.000000
    135 -1.524000 -1.859000 -4.367000 -1.730149 -0.014933 0.208109
    136 7.283999 0.000000 -2.195000 0.000000 0.000000 0.000000
    137 -1.323000 0.000000 0.184000 0.000000 0.000000 0.000000
    138 0.082000 0.000000 1.002000 0.000000 0.000000 0.000000
    139 -17.737563 -0.875027 -61.302251 -0.057934 -0.014943 0.008260
    140 0.478000 0.000000 -4.537000 0.000000 0.000000 0.000000
    141 3.436000 0.000000 1.202000 0.000000 0.000000 0.000000
    142 3.040999 0.000000 1.202000 0.000000 0.000000 0.000000
    143 4.657000 0.000000 1.545000 0.000000 0.000000 0.000000
    144 -0.403000 0.000000 -0.011000 0.000000 0.000000 0.000000
    145 1.781000 0.000000 0.873000 0.000000 0.000000 0.000000
    146 0.384000 0.715000 0.801000 0.000000 0.000000 0.000000
    147 1.795000 0.533000 -1.550000 0.000000 0.000000 0.000000
    148 4.435999 0.595000 -0.954000 0.000000 0.000000 0.000000
    149 4.401999 -0.614000 -1.630000 0.000000 0.000000 0.000000
    150 4.203000 -0.003000 -0.048000 0.000000 0.000000 0.000000
    151 5.136000 0.000000 1.534000 0.000000 0.000000 0.000000
    152 11.957001 0.000000 -0.006000 0.000000 0.000000 0.000013
    153 -2.103001 0.000000 0.000000 0.000000 0.000000 0.000000
    154 -0.598001 0.000000 -0.011000 0.000000 0.000000 0.000000
    155 0.496000 0.184000 -3.523000 0.000000 0.000000 0.000000
    156 0.147000 0.184000 -0.328000 0.000000 0.000000 0.000000
    157 0.147000 0.184000 0.023000 0.000000 0.000000 0.000000
    158 0.147000 0.184000 0.368000 0.000000 0.000000 0.000000
    159 0.147000 0.184000 0.717000 0.000000 0.000000 0.000000
    160 0.147000 0.184000 1.067000 0.000000 0.000000 0.000000
    161 0.148000 0.184000 1.414000 0.000000 0.000000 0.000000
    162 0.148000 -0.074000 1.640000 0.000000 0.000000 0.000000
    163 0.435000 0.184000 -3.179000 0.000000 0.000000 0.000000
    164 0.378000 0.184000 -2.826000 0.000000 0.000000 0.000000
    165 0.329000 0.184000 -2.477000 0.000000 0.000000 0.000000
    166 0.286000 0.184000 -2.127000 0.000000 0.000000 0.000000
    167 0.252000 0.184000 -1.775000 0.000000 0.000000 0.000000
    168 0.215000 0.184000 -1.417000 0.000000 0.000000 0.000000
    169 0.190000 0.184000 -1.064000 0.000000 0.000000 0.000000
    170 0.166000 0.184000 -0.714000 0.000000 0.000000 0.000000
    171 1.622000 0.000000 1.568000 0.000000 0.000000 0.000000
    172 2.240000 0.000000 1.568000 0.000000 0.000000 0.000000
    173 0.000000 0.000000 0.000000 0.000000 0.000000 0.000000
    174 0.000000 0.000000 -4.867001 3.141572 -0.003206 -3.128592
    175 1.000088 -0.000029 0.000000 0.000000 0.000000 0.000000
    176 17.162518 -0.000404 0.000000 0.000000 0.000000 0.119207
    177 17.749374 0.295515 0.000000 0.000000 0.000000 -1.158919
    178 5.413528 0.000347 0.000000 0.000000 0.000000 -0.518029
    179 0.017887 0.299792 0.000000 0.000000 0.000000 -0.059575
    180 9.999889 -0.000303 0.000000 0.000000 0.000000 0.000000
    181 0.000000 0.000000 4.867000 -3.141572 0.003206 -3.128592
    182 1.000088 -0.000029 0.000000 0.000000 0.000000 0.000000
    183 12.283573 1.581455 -4.695999 1.462269 -0.086726 0.090185
    184 17.162518 -0.000404 0.000000 0.000000 0.000000 0.119207
    185 17.749374 0.295515 0.000000 0.000000 0.000000 -1.158919
    186 5.413528 0.000347 0.000000 0.000000 0.000000 -0.518027
    187 0.017887 0.299792 0.000000 0.000000 0.000000 -0.059573
    188 9.499836 0.000212 0.000000 0.000000 0.000000 0.000000
    189 -1.145525 0.000130 0.000671 0.000000 0.000000 0.000000
    190 -0.857691 0.104071 0.104687 0.023536 0.163924 0.013632
    191 3.999430 -0.000528 -0.000332 -0.279575 0.000000 0.000060
    192 0.599499 0.400698 0.000236 0.000000 0.000000 0.000000
    193 0.599886 0.400186 -0.000027 0.000000 0.000000 0.000000
    194 2.299677 -2.499979 -0.599480 0.891898 0.221465 -0.527213
    195 6.615128 -4.627024 0.078179 1.512685 -0.286948 0.091384
    196 -9.580679 -27.862108 -37.184677 0.812879 -0.123459 -0.568477
    197 0.649935 -0.548296 0.093658 -1.665913 -0.131399 -0.112062
    198 1.899127 0.000427 -0.000439 0.027386 -0.033311 0.477848
    199 0.657078 0.008400 0.040375 -1.665945 -0.131407 -0.000013
    200 1.799664 -0.000240 0.000231 0.027386 -0.033311 0.477848
    201 1.799664 -0.000240 0.000231 0.027386 -0.033311 0.477848
    202 1.799664 -0.000240 0.000231 0.027386 -0.033311 0.477848
    203 0.665774 0.747222 -0.029186 -1.665935 -0.131408 0.094976
    204 1.900306 -0.000137 -0.000517 0.027386 -0.033311 0.477848
    205 6.255803 -3.374086 4.821289 1.565404 1.561257 -2.764181
    206 3.999897 0.000040 0.001007 0.218050 0.000000 0.000000
    207 0.600403 0.399632 -0.000469 0.000000 0.000000 -3.141592
    208 0.599890 0.400186 0.000031 0.000000 0.000000 -3.141592
    209 2.300137 -2.499413 0.600155 -0.891898 -0.221465 -0.527213
    210 12.103249 -3.649587 -1.238105 1.733490 0.203087 0.048103
    211 2.762354 0.116951 1.523975 1.629482 0.064153 1.743800
    212 7.228317 7.928200 -3.925652 2.328713 0.123459 -0.568477
    213 0.650396 -0.547731 -0.092976 1.665913 0.131399 -0.112062
    214 1.899441 -0.000320 -0.000150 -0.027386 0.033311 0.477848
    215 0.657068 0.008398 -0.040379 1.665945 0.131407 -0.000013
    216 1.799659 -0.000233 -0.000233 -0.027386 0.033311 0.477848
    217 1.799659 -0.000233 -0.000233 -0.027386 0.033311 0.477848
    218 1.799659 -0.000233 -0.000233 -0.027386 0.033311 0.477848
    219 0.665778 0.747222 0.029179 1.665935 0.131408 0.094976
    220 1.900722 0.000549 -0.000072 -0.027386 0.033311 0.477848
    221 4.530998 0.000000 0.000000 0.000000 0.000000 0.000000
    222 4.527344 0.000000 0.000000 0.000000 0.000000 0.000000
    223 0.000000 0.000000 0.000000 0.000000 0.000000 0.000000
    224 0.000000 0.000000 0.000000 0.000000 0.000000 0.000000
    225 4.000000 -6.500000 0.000000 0.000000 0.000000 0.000977
    226 -6.500000 0.000000 0.000000 0.000000 1.570752 0.000000
    227 18.371423 -2.929528 8.587332 0.057844 0.015415 -0.007366
    228 0.280000 -0.135000 2.196999 1.570796 0.000000 -1.570735
    229 0.000000 0.000000 0.000000 0.000000 0.000000 0.000000
    230 0.000000 0.000000 0.000000 0.002924 0.002493 -0.000911
    231 0.106000 0.000000 -64.320000 0.000000 0.000000 0.000000
    232 0.000000 0.000000 0.000000 0.000000 0.000000 0.000000
    233 -0.106000 0.000000 64.320000 0.000000 0.000000 0.000000
    234 0.003042 -0.001328 -64.319374 0.000009 0.000084 -3.141638
    235 0.000000 0.000000 0.000000 -0.000303 0.000193 -0.000090
    236 1.688000 -0.001000 -1.454002 0.000000 0.000000 0.000000
    237 -1.070999 -0.005000 0.545002 0.000000 0.000000 0.000000
    238 5.895000 0.750997 -0.156000 0.000000 0.000000 0.000000
    239 11.599999 -0.000003 -1.500002 0.000000 0.000000 0.000000
    240 1.037001 1.337997 -4.334000 -2.791227 -0.162411 -0.765711
    241 7.216001 -0.000003 -1.579000 0.000000 0.000000 0.000000
    242 4.445999 -0.000003 -1.500000 0.000000 0.000000 0.000000
    243 0.673937 -0.015635 -4.768713 -3.141592 -1.281051 3.141593
    244 0.094999 -0.144000 0.332001 0.000000 0.000000 0.000000
    245 14.209020 0.000022 0.766988 0.000000 0.000000 0.000000
    246 0.000000 0.000000 0.000000 1.570800 0.000000 -1.570796
  time 32
    0 0.000000 0.000000 0.000000 0.000000 0.000000 -1.570796
    1 -0.106750 -0.000001 -0.000351 0.000000 0.000000 0.000000
    2 0.000000 0.000000 0.000000 0.000000 0.000000 0.000000
    3 -0.904000 0.000000 -11.806000 0.000000 0.000000 0.000000
    4 0.000000 0.000000 -14.313999 1.570807 -1.570729 0.000000
    5 3.533001 0.000000 0.000000 0.000000 0.000000 0.000000
    6 6.250000 0.000000 0.000000 0.000000 0.000000 0.000000
    7 9.572857 -0.019507 -1.944020 -1.545137 1.187827 -1.546947
    8 9.570313 5.304688 2.056641 -1.552151 -1.032979 1.554747
    9 5.786820 0.002787 -0.000113 -0.775281 0.853658 -1.235172
    10 5.999492 -0.000592 -4.000343 0.000000 0.000000 0.000000
    11 5.787410 0.002582 0.000893 1.010269 -0.767742 -1.879763
    12 5.999492 -0.000592 4.000340 0.000000 0.000000 0.000000
    13 0.500225 0.000133 -0.000084 0.018972 0.000000 0.000000
    14 11.530657 0.000349 -0.001308 0.000043 -0.000027 -1.894892
    15 -0.829338 0.893824 0.079659 -0.148839 0.047645 0.087266
    16 0.500225 0.000132 0.000072 0.041018 0.000000 0.000000
    17 11.532495 0.000526 0.003814 0.000054 -0.000046 -1.680277
    18 -0.829586 0.894698 -0.079468 0.045377 -0.019621 0.087266
    19 10.599886 0.000105 -0.000553 -0.206599 -0.000024 0.000000
    20 0.811092 -0.579878 -0.000805 0.000000 0.000011 0.947432
    21 11.042053 0.003717 0.000798 -0.373257 -0.368783 1.020648
    22 -11.814724 0.424524 -0.297680 0.247998 -0.066121 -0.042695
    23 10.599878 0.000105 0.000549 0.459015 -0.000048 -0.000012
    24 0.572802 -0.517376 0.000801 0.000000 -0.000011 0.840124
    25 11.041739 0.003170 -0.000568 0.332922 0.002466 0.796477
    26 -11.663242 0.094713 0.140656 -0.068591 0.018527 -0.015099
    27 0.610300 -0.939470 0.070347 -1.655295 -0.140043 -0.175640
    28 0.639938 -0.199121 0.060192 -1.665960 -0.131404 -0.066471
    29 0.600155 1.080260 -0.339535 -1.738076 0.020748 0.107361
    30 0.610207 0.400743 -0.010098 -1.760332 -0.067668 0.011604
    31 0.630809 -0.690091 -0.232343 0.179612 -0.053930 -0.896960
    32 -0.792125 0.203736 0.461304 1.439074 -0.003453 -0.018305
    33 0.610300 -0.939469 -0.070354 1.655238 0.140141 -0.175584
    34 0.639938 -0.199121 -0.060200 1.665909 0.131452 -0.066483
    35 0.600157 1.080260 0.339531 1.741524 -0.203963 0.076021
    36 0.610205 0.400743 0.010086 1.761892 -0.015385 0.028023
    37 0.627906 -0.691394 0.232270 -1.014554 -0.861348 -0.665957
    38 -0.626031 -0.069982 -0.080517 -1.447153 0.086151 0.021559
    39 2.621377 -0.002532 -0.001438 0.267728 -0.234892 -0.031761
    40 2.658203 0.000004 -0.000001 -0.042759 0.037061 1.151136
    41 2.202488 0.003364 -0.002863 -0.034587 0.230248 0.081171
    42 0.599950 0.959236 -0.300102 -0.174544 0.000000 0.000000
    43 2.557190 -0.001967 0.002453 0.004259 0.045782 0.790050
    44 2.098929 0.000032 -0.002193 -0.596420 -0.064935 0.541404
    45 1.000000 -0.000386 -1.136719 0.000000 0.000000 0.000000
    46 -0.122641 -0.721855 0.661686 -0.486644 0.223964 0.243056
    47 2.622112 -0.000648 0.002741 -0.053008 0.086883 -0.048070
    48 2.657909 0.000687 -0.000533 0.200418 0.214719 1.264756
    49 2.200014 0.001663 0.000836 0.236780 0.017784 1.474129
    50 0.599949 0.959244 0.300102 0.174544 0.000000 0.000000
    51 2.556571 -0.000385 0.000554 0.236759 0.177084 1.399578
    52 2.103853 0.001708 -0.001011 0.124803 -0.418678 0.876979
    53 1.000000 -0.000385 1.495117 0.000000 0.000000 0.946882
    54 0.310848 -0.606446 -0.498005 0.308107 -0.197598 0.313975
    55 1.869163 -0.000835 -0.000994 0.000041 0.000039 0.370944
    56 1.200941 0.399582 -0.000237 -0.009465 0.016087 0.007127
    57 0.000586 0.100342 -0.000319 -0.120035 -0.021926 -0.209617
    58 -0.161663 0.051712 0.194808 -2.941982 0.122408 -0.060194
    59 2.010090 -0.003202 -0.003377 -0.000054 -0.000023 1.303692
    60 0.000237 0.099800 -0.000395 -0.018823 0.010833 -0.239219
    61 -0.203197 0.048607 0.069150 -3.093332 0.033217 -0.046722
    62 1.180426 -0.002312 0.000781 0.000034 0.000024 1.141271
    63 -0.000196 0.099625 -0.000034 0.000000 0.000000 -0.314102
    64 -0.088737 -0.688435 -0.145203 2.930407 -0.136130 0.513013
    65 1.712069 -0.003328 0.003818 -0.027362 0.005217 1.564115
    66 -0.000576 0.100143 -0.000311 -0.010914 0.023131 -0.260843
    67 -0.146027 -0.232426 -0.014225 3.028455 -0.094299 0.113020
    68 1.290634 0.000361 -0.000036 0.000024 0.000000 0.437510
    69 -0.658119 -0.003576 0.072643 -0.142711 0.027792 -0.077299
    70 1.868078 -0.003049 0.002177 -0.000009 -0.000021 1.450101
    71 1.200075 0.399942 -0.000093 0.009465 -0.016087 0.007127
    72 0.000589 0.100342 0.000319 0.120035 0.021926 -0.209617
    73 0.068073 0.002283 -0.080050 3.111376 -0.069366 -0.060847
    74 2.011874 -0.001179 0.002180 0.000035 0.000011 1.379032
    75 0.000233 0.099800 0.000395 0.018823 -0.010833 -0.239219
    76 -0.018673 -0.001009 0.047544 3.109244 0.002635 -0.106673
    77 1.178665 0.001595 0.000845 0.000018 0.000011 0.743962
    78 -0.000196 0.099628 0.000034 0.000000 0.000000 -0.314102
    79 0.036894 -0.634449 0.266284 -2.801062 0.174301 0.490915
    80 1.708256 -0.002504 -0.000686 -0.000022 0.000011 1.160521
    81 -0.000580 0.100140 0.000311 0.010910 -0.023132 -0.260845
    82 -0.003952 -0.281811 0.115047 -3.059162 0.089004 0.167964
    83 1.289625 0.000042 0.000061 -0.000061 -0.000021 0.672636
    84 -0.171526 -0.018150 -0.099873 0.013484 -0.062184 -0.011781
    85 0.916622 0.003336 0.001326 0.000019 0.000033 0.711795
    86 -0.342617 0.053402 -0.025571 -2.909301 -0.017248 0.075276
    87 1.100231 -0.000928 -0.002434 0.000009 0.000002 0.678016
    88 -0.384979 0.331001 0.006848 -3.087207 -0.018765 -0.184278
    89 0.678146 0.002286 -0.003905 0.000018 0.000029 1.104311
    90 -0.123848 0.072738 0.029507 2.898184 -0.060627 0.094835
    91 1.017166 -0.000154 -0.000252 0.000037 0.000022 0.527937
    92 -0.344990 0.123129 0.143151 2.994981 0.012396 0.059140
    93 -0.730989 0.177046 0.039141 -0.123731 0.076518 -0.084310
    94 0.921993 0.001298 -0.000896 -0.000014 -0.000047 0.471806
    95 -0.124023 -0.052090 0.038495 3.077813 -0.008519 0.039229
    96 1.100433 -0.003552 0.000502 0.000030 -0.000006 0.545699
    97 -0.330082 0.160639 0.042780 3.128073 0.034033 -0.171236
    98 0.679764 0.001532 0.003272 0.000002 -0.000009 0.674732
    99 -0.019512 -0.016531 0.038578 -2.763781 0.050305 0.076829
    100 1.018891 0.001206 0.001121 0.000018 0.000007 0.497018
    101 -0.155308 0.130644 -0.021921 -3.022466 0.022433 -0.024902
    102 -0.252207 0.061937 -0.024914 -0.007671 -0.063171 -0.044392
    103 -0.085995 0.185205 -0.015180 -2.937063 -0.113970 -0.138991
    104 -0.286533 0.179852 0.024264 -3.109353 -0.049645 -0.029914
    105 -0.019482 0.147083 0.079203 2.893815 0.038585 -0.060594
    106 -0.046482 0.251896 0.129548 3.016165 0.077112 -0.042864
    107 0.039124 -0.040295 0.047739 3.084219 0.030470 -0.037414
    108 -0.233757 0.066630 0.001754 -3.133087 0.040141 -0.065412
    109 0.044266 0.020131 0.001684 -2.778763 -0.118872 -0.040488
    110 0.071495 0.074128 -0.048302 -3.035917 -0.059482 0.104366
    111 0.000000 0.000000 0.000000 0.000000 0.000000 -1.570796
    112 -3.062593 -7.121311 -2.707114 0.091397 0.004176 -1.583570
    113 0.000000 0.000000 0.000000 0.000000 0.000000 0.000000
    114 -3.156346 -17.520066 -3.140721 0.091444 0.003935 -1.583569
    115 3.096000 0.000000 -1.996000 0.000000 0.000000 0.000000
    116 3.040999 0.000000 1.202000 0.000000 0.000000 0.000000
    117 7.854000 0.000000 -0.042000 0.000000 0.000000 0.000000
    118 13.105999 0.000000 -0.006000 0.000000 0.000000 -0.000013
    119 3.456000 0.000000 -1.084000 0.000000 0.000000 0.000000
    120 1.804000 0.000000 -1.025000 0.000000 0.000000 0.000000
    121 7.098000 0.000000 -1.084000 0.000000 0.000000 0.000000
    122 1.868000 1.809000 -1.975000 -2.218497 -0.017091 -0.465758
    123 3.740000 0.000000 1.273000 0.000000 0.000000 0.000000
    124 11.956999 0.000000 -0.006000 0.000000 0.000000 0.000013
    125 6.072001 0.000000 -1.238000 0.000000 0.000000 0.000000
    126 5.690000 -0.365000 0.068000 -0.000118 -0.348941 -1.570715
    127 6.396999 0.614000 0.428000 0.000000 0.000000 0.000000
    128 3.040999 0.000000 1.202000 0.000000 0.000000 0.000000
    129 3.720000 0.000000 1.202000 0.000000 0.000000 0.000000
    130 1.086000 -0.661000 -0.149000 0.000000 0.000000 0.000000
    131 1.067000 0.589000 0.076000 0.000000 0.000000 0.000000
    132 0.000000 -0.019000 0.000000 0.000000 0.000000 0.000000
    133 0.000000 -0.019000 0.000000 0.000000 0.000000 0.000000
    134 3.300000 -0.019000 1.346000 0.000000 0.000000 0.000000
    135 -1.524000 -1.859000 -4.367000 -1.730149 -0.014933 0.208109
    136 7.283999 0.000000 -2.195000 0.000000 0.000000 0.000000
    137 -1.323000 0.000000 0.184000 0.000000 0.000000 0.000000
    138 0.082000 0.000000 1.002000 0.000000 0.000000 0.000000
    139 -18.624309 -2.890713 -61.079588 -0.091745 -0.002790 0.013007
    140 0.478000 0.000000 -4.537000 0.000000 0.000000 0.000000
    141 3.436000 0.000000 1.202000 0.000000 0.000000 0.000000
    142 3.040999 0.000000 1.202000 0.000000 0.000000 0.000000
    143 4.657000 0.000000 1.545000 0.000000 0.000000 0.000000
    144 -0.403000 0.000000 -0.011000 0.000000 0.000000 0.000000
    145 1.781000 0.000000 0.873000 0.000000 0.000000 0.000000
    146 0.384000 0.715000 0.801000 0.000000 0.000000 0.000000
    147 1.795000 0.533000 -1.550000 0.000000 0.000000 0.000000
    148 4.435999 0.595000 -0.954000 0.000000 0.000000 0.000000
    149 4.401999 -0.614000 -1.630000 0.000000 0.000000 0.000000
    150 4.203000 -0.003000 -0.048000 0.000000 0.000000 0.000000
    151 5.136000 0.000000 1.534000 0.000000 0.000000 0.000000
    152 11.957001 0.000000 -0.006000 0.000000 0.000000 0.000013
    153 -2.103001 0.000000 0.000000 0.000000 0.000000 0.000000
    154 -0.598001 0.000000 -0.011000 0.000000 0.000000 0.000000
    155 0.496000 0.184000 -3.523000 0.000000 0.000000 0.000000
    156 0.147000 0.184000 -0.328000 0.000000 0.000000 0.000000
    157 0.147000 0.184000 0.023000 0.000000 0.000000 0.000000
    158 0.147000 0.184000 0.368000 0.000000 0.000000 0.000000
    159 0.147000 0.184000 0.717000 0.000000 0.000000 0.000000
    160 0.147000 0.184000 1.067000 0.000000 0.000000 0.000000
    161 0.148000 0.184000 1.414000 0.000000 0.000000 0.000000
    162 0.148000 -0.074000 1.640000 0.000000 0.000000 0.000000
    163 0.435000 0.184000 -3.179000 0.000000 0.000000 0.000000
    164 0.378000 0.184000 -2.826000 0.000000 0.000000 0.000000
    165 0.329000 0.184000 -2.477000 0.000000 0.000000 0.000000
    166 0.286000 0.184000 -2.127000 0.000000 0.000000 0.000000
    167 0.252000 0.184000 -1.775000 0.000000 0.000000 0.000000
    168 0.215000 0.184000 -1.417000 0.000000 0.000000 0.000000
    169 0.190000 0.184000 -1.064000 0.000000 0.000000 0.000000
    170 0.166000 0.184000 -0.714000 0.000000 0.000000 0.000000
    171 1.622000 0.000000 1.568000 0.000000 0.000000 0.000000
    172 2.240000 0.000000 1.568000 0.000000 0.000000 0.000000
    173 0.000000 0.000000 0.000000 0.000000 0.000000 0.000000
    174 0.000000 0.000000 -4.867001 3.141572 -0.003206 -3.128592
    175 1.000088 -0.000029 0.000000 0.000000 0.000000 0.000000
    176 17.162518 -0.000404 0.000000 0.000000 0.000000 0.119207
    177 17.749374 0.295515 0.000000 0.000000 0.000000 -1.158919
    178 5.413528 0.000347 0.000000 0.000000 0.000000 -0.518029
    179 0.017887 0.299792 0.000000 0.000000 0.000000 -0.059575
    180 9.999889 -0.000303 0.000000 0.000000 0.000000 0.000000
    181 0.000000 0.000000 4.867000 -3.141572 0.003206 -3.128592
    182 1.000088 -0.000029 0.000000 0.000000 0.000000 0.000000
    183 12.283573 1.581455 -4.695999 1.462269 -0.086726 0.090185
    184 17.162518 -0.000404 0.000000 0.000000 0.000000 0.119207
    185 17.749374 0.295515 0.000000 0.000000 0.000000 -1.158919
    186 5.413528 0.000347 0.000000 0.000000 0.000000 -0.518027
    187 0.017887 0.299792 0.000000 0.000000 0.000000 -0.059573
    188 9.499836 0.000212 0.000000 0.000000 0.000000 0.000000
    189 -1.145525 0.000130 0.000671 0.000000 0.000000 0.000000
    190 -0.857691 0.104071 0.104687 0.023536 0.163924 0.013632
    191 3.999430 -0.000528 -0.000332 -0.258195 -0.000060 -0.000048
    192 0.599499 0.400698 0.000236 0.000000 0.000000 0.000000
    193 0.599886 0.400186 -0.000027 0.000000 0.000000 0.000000
    194 2.299677 -2.499979 -0.599480 0.891898 0.221465 -0.527213
    195 6.615128 -4.627024 0.078179 1.512685 -0.286948 0.091384
    196 -9.580679 -27.862108 -37.184677 0.812879 -0.123459 -0.568477
    197 0.649935 -0.548296 0.093658 -1.665913 -0.131399 -0.112062
    198 1.899127 0.000427 -0.000439 0.027386 -0.033311 0.477848
    199 0.657078 0.008400 0.040375 -1.665945 -0.131407 -0.000013
    200 1.799664 -0.000240 0.000231 0.027386 -0.033311 0.477848
    201 1.799664 -0.000240 0.000231 0.027386 -0.033311 0.477848
    202 1.799664 -0.000240 0.000231 0.027386 -0.033311 0.477848
    203 0.665774 0.747222 -0.029186 -1.665935 -0.131408 0.094976
    204 1.900306 -0.000137 -0.000517 0.027386 -0.033311 0.477848
    205 6.255803 -3.374086 4.821289 1.565404 1.561257 -2.764181
    206 3.999897 0.000040 0.001007 0.229540 0.000000 0.000000
    207 0.600403 0.399632 -0.000469 0.000000 0.000000 -3.141592
    208 0.599890 0.400186 0.000031 0.000000 0.000000 -3.141496
    209 2.300137 -2.499413 0.600155 -0.891898 -0.221465 -0.527213
    210 12.103249 -3.649587 -1.238105 1.733490 0.203087 0.048103
    211 2.762354 0.116951 1.523975 1.629482 0.064153 1.743800
    212 7.228317 7.928200 -3.925652 2.328713 0.123459 -0.568477
    213 0.650396 -0.547731 -0.092976 1.665913 0.131399 -0.112062
    214 1.899441 -0.000320 -0.000150 -0.027386 0.033311 0.477848
    215 0.657068 0.008398 -0.040379 1.665945 0.131407 -0.000013
    216 1.799659 -0.000233 -0.000233 -0.027386 0.033311 0.477848
    217 1.799659 -0.000233 -0.000233 -0.027386 0.033311 0.477848
    218 1.799659 -0.000233 -0.000233 -0.027386 0.033311 0.477848
    219 0.665778 0.747222 0.029179 1.665935 0.131408 0.094976
    220 1.900722 0.000549 -0.000072 -0.027386 0.033311 0.477848
    221 4.530998 0.000000 0.000000 0.000000 0.000000 0.000000
    222 4.527344 0.000000 0.000000 0.000000 0.000000 0.000000
    223 0.000000 0.000000 0.000000 0.000000 0.000000 0.000000
    224 0.000000 0.000000 0.000000 0.000000 0.000000 0.000000
    225 4.000000 -6.500000 0.000000 0.000000 0.000000 0.000977
    226 -6.500000 0.000000 0.000000 0.000000 1.570752 0.000000
    227 18.523771 -3.160004 8.665459 0.091659 0.003998 -0.012680
    228 0.280000 -0.135000 2.196999 1.570796 0.000000 -1.570735
    229 0.000000 0.000000 0.000000 0.000000 0.000000 0.000000
    230 0.000000 0.000000 0.000000 -0.002373 0.002073 -0.000611
    231 0.106000 0.000000 -64.320000 0.000000 0.000000 0.000000
    232 0.000000 0.000000 0.000000 0.000000 0.000000 0.000000
    233 -0.106000 0.000000 64.320000 0.000000 0.000000 0.000000
    234 0.003042 -0.001328 -64.319374 0.000009 0.000084 -3.141638
    235 0.000000 0.000000 0.000000 -0.000303 0.000193 -0.000090
    236 1.688000 -0.001000 -1.454002 0.000000 0.000000 0.000000
    237 -1.070999 -0.005000 0.545002 0.000000 0.000000 0.000000
    238 5.895000 0.750997 -0.156000 0.000000 0.000000 0.000000
    239 11.599999 -0.000003 -1.500002 0.000000 0.000000 0.000000
    240 1.037001 1.337997 -4.334000 -2.791227 -0.162411 -0.765711
    241 7.216001 -0.000003 -1.579000 0.000000 0.000000 0.000000
    242 4.445999 -0.000003 -1.500000 0.000000 0.000000 0.000000
    243 0.673937 -0.015635 -4.768713 -3.141592 -1.281051 3.141593
    244 0.094999 -0.144000 0.332001 0.000000 0.000000 0.000000
    245 14.209020 0.000022 0.766988 0.000000 0.000000 0.000000
    246 0.000000 0.000000 0.000000 1.570800 0.000000 -1.570796
  time 33
    0 0.000000 0.000000 0.000000 0.000000 0.000000 -1.570796
    1 -0.106750 -0.000001 -0.000351 0.000000 0.000000 0.000000
    2 0.000000 0.000000 0.000000 0.000000 0.000000 0.000000
    3 -0.904000 0.000000 -11.806000 0.000000 0.000000 0.000000
    4 0.000000 0.000000 -14.313999 1.570807 -1.570729 0.000000
    5 3.533001 0.000000 0.000000 0.000000 0.000000 0.000000
    6 6.250000 0.000000 0.000000 0.000000 0.000000 0.000000
    7 9.572857 -0.019507 -1.944020 -1.545137 1.187827 -1.546947
    8 9.570313 5.304688 2.056641 -1.552151 -1.032979 1.554747
    9 5.786820 0.002787 -0.000113 -0.786274 0.842455 -1.254923
    10 5.999492 -0.000592 -4.000343 0.000000 0.000000 0.000000
    11 5.787410 0.002582 0.000893 1.007338 -0.748537 -1.865358
    12 5.999492 -0.000592 4.000340 0.000000 0.000000 0.000000
    13 0.500225 0.000133 -0.000084 0.019927 0.000000 0.000000
    14 11.530657 0.000349 -0.001308 0.000067 0.000105 -1.847867
    15 -0.829338 0.893824 0.079659 -0.148839 0.047645 0.087266
    16 0.500225 0.000132 0.000072 0.028950 0.000000 0.000000
    17 11.532495 0.000526 0.003814 0.000006 -0.000010 -1.646006
    18 -0.829586 0.894698 -0.079468 0.045377 -0.019621 0.087266
    19 10.599886 0.000105 -0.000553 -0.209622 -0.000024 0.000000
    20 0.756403 -0.568159 -0.000805 -0.000012 -0.000025 0.923689
    21 11.042053 0.003717 0.000798 -0.418869 -0.395658 0.964634
    22 -11.814724 0.424524 -0.297680 0.247998 -0.066121 -0.042695
    23 10.599878 0.000105 0.000549 0.382119 0.000000 0.000000
    24 0.549364 -0.505657 0.000801 0.000000 -0.000011 0.823067
    25 11.041739 0.003170 -0.000568 0.279924 -0.020000 0.767766
    26 -11.663242 0.094713 0.140656 -0.068591 0.018527 -0.015099
    27 0.610300 -0.939470 0.070347 -1.655295 -0.140043 -0.175652
    28 0.639938 -0.199121 0.060192 -1.665960 -0.131404 -0.066471
    29 0.600155 1.080260 -0.339535 -1.738076 0.020748 0.107349
    30 0.610207 0.400743 -0.010098 -1.760332 -0.067668 0.011592
    31 0.630809 -0.690091 -0.232343 0.179612 -0.053930 -0.896997
    32 -0.792125 0.203736 0.461304 1.439074 -0.003453 -0.018305
    33 0.610300 -0.939469 -0.070354 1.655238 0.140141 -0.175584
    34 0.639938 -0.199121 -0.060200 1.665909 0.131452 -0.066471
    35 0.600157 1.080260 0.339531 1.741524 -0.203963 0.076009
    36 0.610205 0.400743 0.010086 1.761892 -0.015373 0.028035
    37 0.627906 -0.691394 0.232270 -1.014522 -0.861369 -0.665957
    38 -0.626031 -0.069982 -0.080517 -1.447153 0.086151 0.021559
    39 2.621377 -0.002532 -0.001438 0.267728 -0.234892 -0.031761
    40 2.658203 0.000004 -0.000001 -0.042759 0.037061 1.151136
    41 2.202488 0.003364 -0.002863 -0.034587 0.230248 0.081171
    42 0.599950 0.959236 -0.300102 -0.174544 0.000000 0.000000
    43 2.557190 -0.001967 0.002453 0.004259 0.045765 0.790050
    44 2.098929 0.000032 -0.002193 -0.596420 -0.064935 0.541404
    45 1.000000 -0.000386 -1.136719 0.000000 0.000000 0.000000
    46 -0.122641 -0.721855 0.661686 -0.486644 0.223964 0.243056
    47 2.622112 -0.000648 0.002741 -0.053008 0.086883 -0.048070
    48 2.657909 0.000687 -0.000533 0.200402 0.214707 1.264756
    49 2.200014 0.001663 0.000836 0.236780 0.017772 1.474129
    50 0.599949 0.959244 0.300102 0.174544 0.000000 0.000000
    51 2.556571 -0.000385 0.000554 0.236745 0.177084 1.399578
    52 2.103853 0.001708 -0.001011 0.124816 -0.418690 0.876979
    53 1.000000 -0.000385 1.495117 0.000000 0.000000 0.946882
    54 0.310848 -0.606446 -0.498005 0.308107 -0.197598 0.313975
    55 1.869163 -0.000835 -0.000994 0.000029 0.000027 0.370944
    56 1.200941 0.399582 -0.000237 -0.009465 0.016087 0.007127
    57 0.000586 0.100342 -0.000319 -0.120035 -0.021926 -0.209617
    58 -0.161663 0.051712 0.194808 -2.941982 0.122408 -0.060194
    59 2.010090 -0.003202 -0.003377 -0.000054 -0.000023 1.303692
    60 0.000237 0.099800 -0.000395 -0.018823 0.010833 -0.239219
    61 -0.203197 0.048607 0.069150 -3.093332 0.033217 -0.046722
    62 1.180426 -0.002312 0.000781 0.000034 0.000012 1.141271
    63 -0.000196 0.099625 -0.000034 0.000000 0.000000 -0.314102
    64 -0.088737 -0.688435 -0.145203 2.930407 -0.136130 0.513013
    65 1.712069 -0.003328 0.003818 -0.027374 0.005217 1.564115
    66 -0.000576 0.100143 -0.000311 -0.010914 0.023131 -0.260843
    67 -0.146027 -0.232426 -0.014225 3.028455 -0.094299 0.113020
    68 1.290634 0.000361 -0.000036 0.000024 0.000000 0.437510
    69 -0.658119 -0.003576 0.072643 -0.142711 0.027792 -0.077299
    70 1.868078 -0.003049 0.002177 -0.000009 -0.000021 1.450101
    71 1.200075 0.399942 -0.000093 0.009465 -0.016087 0.007127
    72 0.000589 0.100342 0.000319 0.120035 0.021926 -0.209617
    73 0.068073 0.002283 -0.080050 3.111376 -0.069366 -0.060847
    74 2.011874 -0.001179 0.002180 0.000035 0.000011 1.379032
    75 0.000233 0.099800 0.000395 0.018823 -0.010833 -0.239219
    76 -0.018673 -0.001009 0.047544 3.109244 0.002635 -0.106673
    77 1.178665 0.001595 0.000845 0.000018 0.000011 0.743962
    78 -0.000196 0.099628 0.000034 0.000000 0.000000 -0.314102
    79 0.036894 -0.634449 0.266284 -2.801062 0.174301 0.490915
    80 1.708256 -0.002504 -0.000686 -0.000022 0.000023 1.160521
    81 -0.000580 0.100140 0.000311 0.010910 -0.023132 -0.260845
    82 -0.003952 -0.281811 0.115047 -3.059162 0.089004 0.167964
    83 1.289625 0.000042 0.000061 -0.000049 -0.000021 0.672636
    84 -0.171526 -0.018150 -0.099873 0.013484 -0.062184 -0.011781
    85 0.916622 0.003336 0.001326 0.000019 0.000033 0.711795
    86 -0.342617 0.053402 -0.025571 -2.909301 -0.017248 0.075276
    87 1.100231 -0.000928 -0.002434 0.000009 0.000002 0.678016
    88 -0.384979 0.331001 0.006848 -3.087207 -0.018765 -0.184278
    89 0.678146 0.002286 -0.003905 0.000006 0.000017 1.104311
    90 -0.123848 0.072738 0.029507 2.898184 -0.060627 0.094835
    91 1.017166 -0.000154 -0.000252 0.000025 0.000010 0.527937
    92 -0.344990 0.123129 0.143151 2.994981 0.012396 0.059140
    93 -0.730989 0.177046 0.039141 -0.123731 0.076518 -0.084310
    94 0.921993 0.001298 -0.000896 -0.000014 -0.000047 0.471806
    95 -0.124023 -0.052090 0.038495 3.077813 -0.008519 0.039229
    96 1.100433 -0.003552 0.000502 0.000030 -0.000006 0.545699
    97 -0.330082 0.160639 0.042780 3.128073 0.034033 -0.171236
    98 0.679764 0.001532 0.003272 0.000002 -0.000021 0.674732
    99 -0.019512 -0.016531 0.038578 -2.763781 0.050305 0.076829
    100 1.018891 0.001206 0.001121 0.000030 -0.000005 0.497018
    101 -0.155308 0.130644 -0.021921 -3.022466 0.022433 -0.024902
    102 -0.252207 0.061937 -0.024914 -0.007671 -0.063171 -0.044392
    103 -0.085995 0.185205 -0.015180 -2.937063 -0.113970 -0.138991
    104 -0.286533 0.179852 0.024264 -3.109353 -0.049645 -0.029914
    105 -0.019482 0.147083 0.079203 2.893815 0.038585 -0.060594
    106 -0.046482 0.251896 0.129548 3.016165 0.077112 -0.042864
    107 0.039124 -0.040295 0.047739 3.084219 0.030470 -0.037414
    108 -0.233757 0.066630 0.001754 -3.133087 0.040141 -0.065412
    109 0.044266 0.020131 0.001684 -2.778763 -0.118872 -0.040488
    110 0.071495 0.074128 -0.048302 -3.035917 -0.059482 0.104366
    111 0.000000 0.000000 0.000000 0.000000 0.000000 -1.570796
    112 -3.015717 -7.375225 -2.761803 0.029796 -0.011463 -1.578722
    113 0.000000 0.000000 0.000000 0.000000 0.000000 0.000000
    114 -3.086032 -17.777886 -3.031343 0.029867 -0.011627 -1.578721
    115 3.096000 0.000000 -1.996000 0.000000 0.000000 0.000000
    116 3.040999 0.000000 1.202000 0.000000 0.000000 0.000000
    117 7.854000 0.000000 -0.042000 0.000000 0.000000 0.000000
    118 13.105999 0.000000 -0.006000 0.000000 0.000000 -0.000013
    119 3.456000 0.000000 -1.084000 0.000000 0.000000 0.000000
    120 1.804000 0.000000 -1.025000 0.000000 0.000000 0.000000
    121 7.098000 0.000000 -1.084000 0.000000 0.000000 0.000000
    122 1.868000 1.809000 -1.975000 -2.218497 -0.017091 -0.465758
    123 3.740000 0.000000 1.273000 0.000000 0.000000 0.000000
    124 11.956999 0.000000 -0.006000 0.000000 0.000000 0.000013
    125 6.072001 0.000000 -1.238000 0.000000 0.000000 0.000000
    126 5.690000 -0.365000 0.068000 -0.000118 -0.348941 -1.570715
    127 6.396999 0.614000 0.428000 0.000000 0.000000 0.000000
    128 3.040999 0.000000 1.202000 0.000000 0.000000 0.000000
    129 3.720000 0.000000 1.202000 0.000000 0.000000 0.000000
    130 1.086000 -0.661000 -0.149000 0.000000 0.000000 0.000000
    131 1.067000 0.589000 0.076000 0.000000 0.000000 0.000000
    132 0.000000 -0.019000 0.000000 0.000000 0.000000 0.000000
    133 0.000000 -0.019000 0.000000 0.000000 0.000000 0.000000
    134 3.300000 -0.019000 1.346000 0.000000 0.000000 0.000000
    135 -1.524000 -1.859000 -4.367000 -1.730149 -0.014933 0.208109
    136 7.283999 0.000000 -2.195000 0.000000 0.000000 0.000000
    137 -1.323000 0.000000 0.184000 0.000000 0.000000 0.000000
    138 0.082000 0.000000 1.002000 0.000000 0.000000 0.000000
    139 -19.854815 1.023469 -60.899895 -0.030012 0.011869 0.007501
    140 0.478000 0.000000 -4.537000 0.000000 0.000000 0.000000
    141 3.436000 0.000000 1.202000 0.000000 0.000000 0.000000
    142 3.040999 0.000000 1.202000 0.000000 0.000000 0.000000
    143 4.657000 0.000000 1.545000 0.000000 0.000000 0.000000
    144 -0.403000 0.000000 -0.011000 0.000000 0.000000 0.000000
    145 1.781000 0.000000 0.873000 0.000000 0.000000 0.000000
    146 0.384000 0.715000 0.801000 0.000000 0.000000 0.000000
    147 1.795000 0.533000 -1.550000 0.000000 0.000000 0.000000
    148 4.435999 0.595000 -0.954000 0.000000 0.000000 0.000000
    149 4.401999 -0.614000 -1.630000 0.000000 0.000000 0.000000
    150 4.203000 -0.003000 -0.048000 0.000000 0.000000 0.000000
    151 5.136000 0.000000 1.534000 0.000000 0.000000 0.000000
    152 11.957001 0.000000 -0.006000 0.000000 0.000000 0.000013
    153 -2.103001 0.000000 0.000000 0.000000 0.000000 0.000000
    154 -0.598001 0.000000 -0.011000 0.000000 0.000000 0.000000
    155 0.496000 0.184000 -3.523000 0.000000 0.000000 0.000000
    156 0.147000 0.184000 -0.328000 0.000000 0.000000 0.000000
    157 0.147000 0.184000 0.023000 0.000000 0.000000 0.000000
    158 0.147000 0.184000 0.368000 0.000000 0.000000 0.000000
    159 0.147000 0.184000 0.717000 0.000000 0.000000 0.000000
    160 0.147000 0.184000 1.067000 0.000000 0.000000 0.000000
    161 0.148000 0.184000 1.414000 0.000000 0.000000 0.000000
    162 0.148000 -0.074000 1.640000 0.000000 0.000000 0.000000
    163 0.435000 0.184000 -3.179000 0.000000 0.000000 0.000000
    164 0.378000 0.184000 -2.826000 0.000000 0.000000 0.000000
    165 0.329000 0.184000 -2.477000 0.000000 0.000000 0.000000
    166 0.286000 0.184000 -2.127000 0.000000 0.000000 0.000000
    167 0.252000 0.184000 -1.775000 0.000000 0.000000 0.000000
    168 0.215000 0.184000 -1.417000 0.000000 0.000000 0.000000
    169 0.190000 0.184000 -1.064000 0.000000 0.000000 0.000000
    170 0.166000 0.184000 -0.714000 0.000000 0.000000 0.000000
    171 1.622000 0.000000 1.568000 0.000000 0.000000 0.000000
    172 2.240000 0.000000 1.568000 0.000000 0.000000 0.000000
    173 0.000000 0.000000 0.000000 0.000000 0.000000 0.000000
    174 0.000000 0.000000 -4.867001 3.141572 -0.003206 -3.128592
    175 1.000088 -0.000029 0.000000 0.000000 0.000000 0.000000
    176 17.162518 -0.000404 0.000000 0.000000 0.000000 0.119207
    177 17.749374 0.295515 0.000000 0.000000 0.000000 -1.158919
    178 5.413528 0.000347 0.000000 0.000000 0.000000 -0.518029
    179 0.017887 0.299792 0.000000 0.000000 0.000000 -0.059575
    180 9.999889 -0.000303 0.000000 0.000000 0.000000 0.000000
    181 0.000000 0.000000 4.867000 -3.141572 0.003206 -3.128592
    182 1.000088 -0.000029 0.000000 0.000000 0.000000 0.000000
    183 12.283573 1.581455 -4.695999 1.462269 -0.086726 0.090185
    184 17.162518 -0.000404 0.000000 0.000000 0.000000 0.119207
    185 17.749374 0.295515 0.000000 0.000000 0.000000 -1.158919
    186 5.413528 0.000347 0.000000 0.000000 0.000000 -0.518027
    187 0.017887 0.299792 0.000000 0.000000 0.000000 -0.059573
    188 9.499836 0.000212 0.000000 0.000000 0.000000 0.000000
    189 -1.145525 0.000130 0.000671 0.000000 0.000000 0.000000
    190 -0.857691 0.104071 0.104687 0.023536 0.163924 0.013632
    191 3.999430 -0.000528 -0.000332 -0.262077 0.000000 0.000000
    192 0.599499 0.400698 0.000236 0.000000 0.000000 0.000000
    193 0.599886 0.400186 -0.000027 0.000000 0.000000 0.000000
    194 2.299677 -2.499979 -0.599480 0.891898 0.221465 -0.527213
    195 6.615128 -4.627024 0.078179 1.512685 -0.286948 0.091384
    196 -9.580679 -27.862108 -37.184677 0.812879 -0.123459 -0.568477
    197 0.649935 -0.548296 0.093658 -1.665913 -0.131399 -0.112062
    198 1.899127 0.000427 -0.000439 0.027386 -0.033311 0.477848
    199 0.657078 0.008400 0.040375 -1.665945 -0.131407 -0.000013
    200 1.799664 -0.000240 0.000231 0.027386 -0.033311 0.477848
    201 1.799664 -0.000240 0.000231 0.027386 -0.033311 0.477848
    202 1.799664 -0.000240 0.000231 0.027386 -0.033311 0.477848
    203 0.665774 0.747222 -0.029186 -1.665935 -0.131408 0.094976
    204 1.900306 -0.000137 -0.000517 0.027386 -0.033311 0.477848
    205 6.255803 -3.374086 4.821289 1.565404 1.561257 -2.764181
    206 3.999897 0.000040 0.001007 0.191050 0.000000 0.000000
    207 0.600403 0.399632 -0.000469 0.000000 0.000000 3.141497
    208 0.599890 0.400186 0.000031 0.000000 0.000000 3.141497
    209 2.300137 -2.499413 0.600155 -0.891898 -0.221465 -0.527213
    210 12.103249 -3.649587 -1.238105 1.733490 0.203087 0.048103
    211 2.762354 0.116951 1.523975 1.629482 0.064153 1.743800
    212 7.228317 7.928200 -3.925652 2.328713 0.123459 -0.568477
    213 0.650396 -0.547731 -0.092976 1.665913 0.131399 -0.112062
    214 1.899441 -0.000320 -0.000150 -0.027386 0.033311 0.477848
    215 0.657068 0.008398 -0.040379 1.665945 0.131407 -0.000013
    216 1.799659 -0.000233 -0.000233 -0.027386 0.033311 0.477848
    217 1.799659 -0.000233 -0.000233 -0.027386 0.033311 0.477848
    218 1.799659 -0.000233 -0.000233 -0.027386 0.033311 0.477848
    219 0.665778 0.747222 0.029179 1.665935 0.131408 0.094976
    220 1.900722 0.000549 -0.000072 -0.027386 0.033311 0.477848
    221 4.530998 0.000000 0.000000 0.000000 0.000000 0.000000
    222 4.527344 0.000000 0.000000 0.000000 0.000000 0.000000
    223 0.000000 0.000000 0.000000 0.000000 0.000000 0.000000
    224 0.000000 0.000000 0.000000 0.000000 0.000000 0.000000
    225 4.000000 -6.500000 0.000000 0.000000 0.000000 0.000977
    226 -6.500000 0.000000 0.000000 0.000000 1.570752 0.000000
    227 18.785498 -3.085783 8.770931 0.030058 -0.011639 -0.007832
    228 0.280000 -0.135000 2.196999 1.570796 0.000000 -1.570735
    229 0.000000 0.000000 0.000000 0.000000 0.000000 0.000000
    230 0.000000 0.000000 0.000000 -0.001977 0.001726 -0.000503
    231 0.106000 0.000000 -64.320000 0.000000 0.000000 0.000000
    232 0.000000 0.000000 0.000000 0.000000 0.000000 0.000000
    233 -0.106000 0.000000 64.320000 0.000000 0.000000 0.000000
    234 0.003042 -0.001328 -64.319374 0.000009 0.000084 -3.141638
    235 0.000000 0.000000 0.000000 -0.000303 0.000193 -0.000090
    236 1.688000 -0.001000 -1.454002 0.000000 0.000000 0.000000
    237 -1.070999 -0.005000 0.545002 0.000000 0.000000 0.000000
    238 5.895000 0.750997 -0.156000 0.000000 0.000000 0.000000
    239 11.599999 -0.000003 -1.500002 0.000000 0.000000 0.000000
    240 1.037001 1.337997 -4.334000 -2.791227 -0.162411 -0.765711
    241 7.216001 -0.000003 -1.579000 0.000000 0.000000 0.000000
    242 4.445999 -0.000003 -1.500000 0.000000 0.000000 0.000000
    243 0.673937 -0.015635 -4.768713 -3.141592 -1.281051 3.141593
    244 0.094999 -0.144000 0.332001 0.000000 0.000000 0.000000
    245 14.209020 0.000022 0.766988 0.000000 0.000000 0.000000
    246 0.000000 0.000000 0.000000 1.570800 0.000000 -1.570796
  time 34
    0 0.000000 0.000000 0.000000 0.000000 0.000000 -1.570796
    1 -0.106750 -0.000001 -0.000351 0.000000 0.000000 0.000000
    2 0.000000 0.000000 0.000000 0.000000 0.000000 0.000000
    3 -0.904000 0.000000 -11.806000 0.000000 0.000000 0.000000
    4 0.000000 0.000000 -14.313999 1.570807 -1.570729 0.000000
    5 3.533001 0.000000 0.000000 0.000000 0.000000 0.000000
    6 6.250000 0.000000 0.000000 0.000000 0.000000 0.000000
    7 9.572857 -0.019507 -1.944020 -1.545137 1.187827 -1.546947
    8 9.570313 5.304688 2.056641 -1.552151 -1.032979 1.554747
    9 5.786820 0.002787 -0.000113 -0.801665 0.831007 -1.267198
    10 5.999492 -0.000592 -4.000343 0.000000 0.000000 0.000000
    11 5.787410 0.002582 0.000893 1.011368 -0.723872 -1.864905
    12 5.999492 -0.000592 4.000340 0.000000 0.000000 0.000000
    13 0.500225 0.000133 -0.000084 0.027752 0.000000 0.000000
    14 11.530657 0.000349 -0.001308 -0.000053 0.000045 -1.800074
    15 -0.829338 0.893824 0.079659 -0.148839 0.047645 0.087266
    16 0.500225 0.000132 0.000072 0.016882 0.000000 0.000000
    17 11.532495 0.000526 0.003814 0.000006 -0.000010 -1.596700
    18 -0.829586 0.894698 -0.079468 0.045377 -0.019621 0.087266
    19 10.599886 0.000105 -0.000553 -0.211789 0.000000 0.000000
    20 0.705621 -0.556439 -0.000805 -0.000024 -0.000049 0.899972
    21 11.042053 0.003717 0.000798 -0.452972 -0.408756 0.914761
    22 -11.814724 0.424524 -0.297680 0.247998 -0.066121 -0.042695
    23 10.599878 0.000105 0.000549 0.321127 0.000000 0.000000
    24 0.522019 -0.493938 0.000801 0.000000 -0.000011 0.798344
    25 11.041739 0.003170 -0.000568 0.239448 -0.040232 0.737522
    26 -11.663242 0.094713 0.140656 -0.068591 0.018527 -0.015099
    27 0.610300 -0.939470 0.070347 -1.655295 -0.140043 -0.175664
    28 0.639938 -0.199121 0.060192 -1.665960 -0.131404 -0.066471
    29 0.600155 1.080260 -0.339535 -1.738076 0.020748 0.107337
    30 0.610207 0.400743 -0.010098 -1.760332 -0.067668 0.011592
    31 0.630809 -0.690091 -0.232343 0.179612 -0.053930 -0.896997
    32 -0.792125 0.203736 0.461304 1.439074 -0.003453 -0.018305
    33 0.610300 -0.939469 -0.070354 1.655238 0.140141 -0.175584
    34 0.639938 -0.199121 -0.060200 1.665909 0.131452 -0.066471
    35 0.600157 1.080260 0.339531 1.741577 -0.203963 0.075997
    36 0.610205 0.400743 0.010086 1.761892 -0.015361 0.028035
    37 0.627906 -0.691394 0.232270 -1.014522 -0.861389 -0.665993
    38 -0.626031 -0.069982 -0.080517 -1.447153 0.086151 0.021559
    39 2.621377 -0.002532 -0.001438 0.267728 -0.234892 -0.031761
    40 2.658203 0.000004 -0.000001 -0.042759 0.037061 1.151136
    41 2.202488 0.003364 -0.002863 -0.034587 0.230248 0.081171
    42 0.599950 0.959236 -0.300102 -0.174544 0.000000 0.000000
    43 2.557190 -0.001967 0.002453 0.004259 0.045765 0.790050
    44 2.098929 0.000032 -0.002193 -0.596420 -0.064935 0.541404
    45 1.000000 -0.000386 -1.136719 0.000000 0.000000 0.000000
    46 -0.122641 -0.721855 0.661686 -0.486644 0.223964 0.243056
    47 2.622112 -0.000648 0.002741 -0.053008 0.086883 -0.048106
    48 2.657909 0.000687 -0.000533 0.200402 0.214707 1.264756
    49 2.200014 0.001663 0.000836 0.236780 0.017772 1.474129
    50 0.599949 0.959244 0.300102 0.174544 0.000000 0.000000
    51 2.556571 -0.000385 0.000554 0.236745 0.177097 1.399578
    52 2.103853 0.001708 -0.001011 0.124830 -0.418690 0.876979
    53 1.000000 -0.000385 1.495117 0.000000 0.000000 0.946882
    54 0.310848 -0.606446 -0.498005 0.308107 -0.197598 0.313975
    55 1.869163 -0.000835 -0.000994 0.000029 0.000027 0.370944
    56 1.200941 0.399582 -0.000237 -0.009465 0.016087 0.007127
    57 0.000586 0.100342 -0.000319 -0.120035 -0.021926 -0.209617
    58 -0.161663 0.051712 0.194808 -2.941982 0.122408 -0.060194
    59 2.010090 -0.003202 -0.003377 -0.000054 -0.000023 1.303692
    60 0.000237 0.099800 -0.000395 -0.018823 0.010833 -0.239219
    61 -0.203197 0.048607 0.069150 -3.093332 0.033217 -0.046722
    62 1.180426 -0.002312 0.000781 0.000034 0.000012 1.141238
    63 -0.000196 0.099625 -0.000034 0.000000 0.000000 -0.314102
    64 -0.088737 -0.688435 -0.145203 2.930407 -0.136130 0.513013
    65 1.712069 -0.003328 0.003818 -0.027386 0.005217 1.564115
    66 -0.000576 0.100143 -0.000311 -0.010914 0.023131 -0.260843
    67 -0.146027 -0.232426 -0.014225 3.028455 -0.094299 0.113020
    68 1.290634 0.000361 -0.000036 0.000024 0.000000 0.437510
    69 -0.658119 -0.003576 0.072643 -0.142711 0.027792 -0.077299
    70 1.868078 -0.003049 0.002177 -0.000009 -0.000033 1.450101
    71 1.200075 0.399942 -0.000093 0.009465 -0.016087 0.007127
    72 0.000589 0.100342 0.000319 0.120035 0.021926 -0.209617
    73 0.068073 0.002283 -0.080050 3.111376 -0.069366 -0.060847
    74 2.011874 -0.001179 0.002180 0.000035 -0.000001 1.379032
    75 0.000233 0.099800 0.000395 0.018823 -0.010833 -0.239219
    76 -0.018673 -0.001009 0.047544 3.109244 0.002635 -0.106673
    77 1.178665 0.001595 0.000845 0.000018 0.000023 0.743962
    78 -0.000196 0.099628 0.000034 0.000000 0.000000 -0.314102
    79 0.036894 -0.634449 0.266284 -2.801062 0.174301 0.490915
    80 1.708256 -0.002504 -0.000686 -0.000034 0.000023 1.160556
    81 -0.000580 0.100140 0.000311 0.010910 -0.023132 -0.260845
    82 -0.003952 -0.281811 0.115047 -3.059162 0.089004 0.167964
    83 1.289625 0.000042 0.000061 -0.000049 -0.000010 0.672636
    84 -0.171526 -0.018150 -0.099873 0.013484 -0.062184 -0.011781
    85 0.916622 0.003336 0.001326 0.000019 0.000045 0.711795
    86 -0.342617 0.053402 -0.025571 -2.909301 -0.017248 0.075276
    87 1.100231 -0.000928 -0.002434 0.000009 0.000002 0.678016
    88 -0.384979 0.331001 0.006848 -3.087207 -0.018765 -0.184278
    89 0.678146 0.002286 -0.003905 0.000006 0.000017 1.104311
    90 -0.123848 0.072738 0.029507 2.898184 -0.060627 0.094835
    91 1.017166 -0.000154 -0.000252 0.000025 0.000010 0.527937
    92 -0.344990 0.123129 0.143151 2.994981 0.012396 0.059140
    93 -0.730989 0.177046 0.039141 -0.123731 0.076518 -0.084310
    94 0.921993 0.001298 -0.000896 -0.000014 -0.000035 0.471806
    95 -0.124023 -0.052090 0.038495 3.077813 -0.008519 0.039229
    96 1.100433 -0.003552 0.000502 0.000018 -0.000006 0.545699
    97 -0.330082 0.160639 0.042780 3.128073 0.034033 -0.171236
    98 0.679764 0.001532 0.003272 0.000002 -0.000021 0.674732
    99 -0.019512 -0.016531 0.038578 -2.763781 0.050305 0.076829
    100 1.018891 0.001206 0.001121 0.000030 -0.000005 0.497018
    101 -0.155308 0.130644 -0.021921 -3.022466 0.022433 -0.024902
    102 -0.252207 0.061937 -0.024914 -0.007671 -0.063171 -0.044392
    103 -0.085995 0.185205 -0.015180 -2.937063 -0.113970 -0.138991
    104 -0.286533 0.179852 0.024264 -3.109353 -0.049645 -0.029914
    105 -0.019482 0.147083 0.079203 2.893815 0.038585 -0.060594
    106 -0.046482 0.251896 0.129548 3.016165 0.077112 -0.042864
    107 0.039124 -0.040295 0.047739 3.084219 0.030470 -0.037414
    108 -0.233757 0.066630 0.001754 -3.133087 0.040141 -0.065412
    109 0.044266 0.020131 0.001684 -2.778763 -0.118872 -0.040488
    110 0.071495 0.074128 -0.048302 -3.035917 -0.059482 0.104366
    111 0.000000 0.000000 0.000000 0.000000 0.000000 -1.570796
    112 -2.933683 -7.758049 -2.808679 -0.017738 -0.019372 -1.571356
    113 0.000000 0.000000 0.000000 0.000000 0.000000 0.000000
    114 -2.945402 -18.160710 -2.996185 -0.017699 -0.019587 -1.571449
    115 3.096000 0.000000 -1.996000 0.000000 0.000000 0.000000
    116 3.040999 0.000000 1.202000 0.000000 0.000000 0.000000
    117 7.854000 0.000000 -0.042000 0.000000 0.000000 0.000000
    118 13.105999 0.000000 -0.006000 0.000000 0.000000 -0.000013
    119 3.456000 0.000000 -1.084000 0.000000 0.000000 0.000000
    120 1.804000 0.000000 -1.025000 0.000000 0.000000 0.000000
    121 7.098000 0.000000 -1.084000 0.000000 0.000000 0.000000
    122 1.868000 1.809000 -1.975000 -2.218497 -0.017091 -0.465758
    123 3.740000 0.000000 1.273000 0.000000 0.000000 0.000000
    124 11.956999 0.000000 -0.006000 0.000000 0.000000 0.000013
    125 6.072001 0.000000 -1.238000 0.000000 0.000000 0.000000
    126 5.690000 -0.365000 0.068000 -0.000118 -0.348941 -1.570715
    127 6.396999 0.614000 0.428000 0.000000 0.000000 0.000000
    128 3.040999 0.000000 1.202000 0.000000 0.000000 0.000000
    129 3.720000 0.000000 1.202000 0.000000 0.000000 0.000000
    130 1.086000 -0.661000 -0.149000 0.000000 0.000000 0.000000
    131 1.067000 0.589000 0.076000 0.000000 0.000000 0.000000
    132 0.000000 -0.019000 0.000000 0.000000 0.000000 0.000000
    133 0.000000 -0.019000 0.000000 0.000000 0.000000 0.000000
    134 3.300000 -0.019000 1.346000 0.000000 0.000000 0.000000
    135 -1.524000 -1.859000 -4.367000 -1.730149 -0.014933 0.208109
    136 7.283999 0.000000 -2.195000 0.000000 0.000000 0.000000
    137 -1.323000 0.000000 0.184000 0.000000 0.000000 0.000000
    138 0.082000 0.000000 1.002000 0.000000 0.000000 0.000000
    139 -20.714217 4.027467 -60.622543 0.017475 0.019577 0.000855
    140 0.478000 0.000000 -4.537000 0.000000 0.000000 0.000000
    141 3.436000 0.000000 1.202000 0.000000 0.000000 0.000000
    142 3.040999 0.000000 1.202000 0.000000 0.000000 0.000000
    143 4.657000 0.000000 1.545000 0.000000 0.000000 0.000000
    144 -0.403000 0.000000 -0.011000 0.000000 0.000000 0.000000
    145 1.781000 0.000000 0.873000 0.000000 0.000000 0.000000
    146 0.384000 0.715000 0.801000 0.000000 0.000000 0.000000
    147 1.795000 0.533000 -1.550000 0.000000 0.000000 0.000000
    148 4.435999 0.595000 -0.954000 0.000000 0.000000 0.000000
    149 4.401999 -0.614000 -1.630000 0.000000 0.000000 0.000000
    150 4.203000 -0.003000 -0.048000 0.000000 0.000000 0.000000
    151 5.136000 0.000000 1.534000 0.000000 0.000000 0.000000
    152 11.957001 0.000000 -0.006000 0.000000 0.000000 0.000013
    153 -2.103001 0.000000 0.000000 0.000000 0.000000 0.000000
    154 -0.598001 0.000000 -0.011000 0.000000 0.000000 0.000000
    155 0.496000 0.184000 -3.523000 0.000000 0.000000 0.000000
    156 0.147000 0.184000 -0.328000 0.000000 0.000000 0.000000
    157 0.147000 0.184000 0.023000 0.000000 0.000000 0.000000
    158 0.147000 0.184000 0.368000 0.000000 0.000000 0.000000
    159 0.147000 0.184000 0.717000 0.000000 0.000000 0.000000
    160 0.147000 0.184000 1.067000 0.000000 0.000000 0.000000
    161 0.148000 0.184000 1.414000 0.000000 0.000000 0.000000
    162 0.148000 -0.074000 1.640000 0.000000 0.000000 0.000000
    163 0.435000 0.184000 -3.179000 0.000000 0.000000 0.000000
    164 0.378000 0.184000 -2.826000 0.000000 0.000000 0.000000
    165 0.329000 0.184000 -2.477000 0.000000 0.000000 0.000000
    166 0.286000 0.184000 -2.127000 0.000000 0.000000 0.000000
    167 0.252000 0.184000 -1.775000 0.000000 0.000000 0.000000
    168 0.215000 0.184000 -1.417000 0.000000 0.000000 0.000000
    169 0.190000 0.184000 -1.064000 0.000000 0.000000 0.000000
    170 0.166000 0.184000 -0.714000 0.000000 0.000000 0.000000
    171 1.622000 0.000000 1.568000 0.000000 0.000000 0.000000
    172 2.240000 0.000000 1.568000 0.000000 0.000000 0.000000
    173 0.000000 0.000000 0.000000 0.000000 0.000000 0.000000
    174 0.000000 0.000000 -4.867001 3.141572 -0.003206 -3.128592
    175 1.000088 -0.000029 0.000000 0.000000 0.000000 0.000000
    176 17.162518 -0.000404 0.000000 0.000000 0.000000 0.119207
    177 17.749374 0.295515 0.000000 0.000000 0.000000 -1.158919
    178 5.413528 0.000347 0.000000 0.000000 0.000000 -0.518029
    179 0.017887 0.299792 0.000000 0.000000 0.000000 -0.059575
    180 9.999889 -0.000303 0.000000 0.000000 0.000000 0.000000
    181 0.000000 0.000000 4.867000 -3.141572 0.003206 -3.128592
    182 1.000088 -0.000029 0.000000 0.000000 0.000000 0.000000
    183 12.283573 1.581455 -4.695999 1.462269 -0.086726 0.090185
    184 17.162518 -0.000404 0.000000 0.000000 0.000000 0.119207
    185 17.749374 0.295515 0.000000 0.000000 0.000000 -1.158919
    186 5.413528 0.000347 0.000000 0.000000 0.000000 -0.518027
    187 0.017887 0.299792 0.000000 0.000000 0.000000 -0.059573
    188 9.499836 0.000212 0.000000 0.000000 0.000000 0.000000
    189 -1.145525 0.000130 0.000671 0.000000 0.000000 0.000000
    190 -0.857691 0.104071 0.104687 0.023536 0.163924 0.013632
    191 3.999430 -0.000528 -0.000332 -0.264720 0.000000 0.000000
    192 0.599499 0.400698 0.000236 0.000000 0.000000 0.000000
    193 0.599886 0.400186 -0.000027 0.000000 0.000000 0.000000
    194 2.299677 -2.499979 -0.599480 0.891898 0.221465 -0.527213
    195 6.615128 -4.627024 0.078179 1.512685 -0.286948 0.091384
    196 -9.580679 -27.862108 -37.184677 0.812879 -0.123459 -0.568477
    197 0.649935 -0.548296 0.093658 -1.665913 -0.131399 -0.112062
    198 1.899127 0.000427 -0.000439 0.027386 -0.033311 0.477848
    199 0.657078 0.008400 0.040375 -1.665945 -0.131407 -0.000013
    200 1.799664 -0.000240 0.000231 0.027386 -0.033311 0.477848
    201 1.799664 -0.000240 0.000231 0.027386 -0.033311 0.477848
    202 1.799664 -0.000240 0.000231 0.027386 -0.033311 0.477848
    203 0.665774 0.747222 -0.029186 -1.665935 -0.131408 0.094976
    204 1.900306 -0.000137 -0.000517 0.027386 -0.033311 0.477848
    205 6.255803 -3.374086 4.821289 1.565404 1.561257 -2.764181
    206 3.999897 0.000040 0.001007 0.160555 0.000000 0.000000
    207 0.600403 0.399632 -0.000469 0.000000 0.000000 -3.141592
    208 0.599890 0.400186 0.000031 0.000000 0.000000 3.141497
    209 2.300137 -2.499413 0.600155 -0.891898 -0.221465 -0.527213
    210 12.103249 -3.649587 -1.238105 1.733490 0.203087 0.048103
    211 2.762354 0.116951 1.523975 1.629482 0.064153 1.743800
    212 7.228317 7.928200 -3.925652 2.328713 0.123459 -0.568477
    213 0.650396 -0.547731 -0.092976 1.665913 0.131399 -0.112062
    214 1.899441 -0.000320 -0.000150 -0.027386 0.033311 0.477848
    215 0.657068 0.008398 -0.040379 1.665945 0.131407 -0.000013
    216 1.799659 -0.000233 -0.000233 -0.027386 0.033311 0.477848
    217 1.799659 -0.000233 -0.000233 -0.027386 0.033311 0.477848
    218 1.799659 -0.000233 -0.000233 -0.027386 0.033311 0.477848
    219 0.665778 0.747222 0.029179 1.665935 0.131408 0.094976
    220 1.900722 0.000549 -0.000072 -0.027386 0.033311 0.477848
    221 4.530998 0.000000 0.000000 0.000000 0.000000 0.000000
    222 4.527344 0.000000 0.000000 0.000000 0.000000 0.000000
    223 0.000000 0.000000 0.000000 0.000000 0.000000 0.000000
    224 0.000000 0.000000 0.000000 0.000000 0.000000 0.000000
    225 4.000000 -6.500000 0.000000 0.000000 0.000000 0.000977
    226 -6.500000 0.000000 0.000000 0.000000 1.570752 0.000000
    227 19.168322 -2.945153 8.806089 -0.017476 -0.019591 -0.000559
    228 0.280000 -0.135000 2.196999 1.570796 0.000000 -1.570735
    229 0.000000 0.000000 0.000000 0.000000 0.000000 0.000000
    230 0.000000 0.000000 0.000000 -0.001582 0.001378 -0.000407
    231 0.106000 0.000000 -64.320000 0.000000 0.000000 0.000000
    232 0.000000 0.000000 0.000000 0.000000 0.000000 0.000000
    233 -0.106000 0.000000 64.320000 0.000000 0.000000 0.000000
    234 0.003042 -0.001328 -64.319374 0.000009 0.000084 -3.141638
    235 0.000000 0.000000 0.000000 -0.000303 0.000193 -0.000090
    236 1.688000 -0.001000 -1.454002 0.000000 0.000000 0.000000
    237 -1.070999 -0.005000 0.545002 0.000000 0.000000 0.000000
    238 5.895000 0.750997 -0.156000 0.000000 0.000000 0.000000
    239 11.599999 -0.000003 -1.500002 0.000000 0.000000 0.000000
    240 1.037001 1.337997 -4.334000 -2.791227 -0.162411 -0.765711
    241 7.216001 -0.000003 -1.579000 0.000000 0.000000 0.000000
    242 4.445999 -0.000003 -1.500000 0.000000 0.000000 0.000000
    243 0.673937 -0.015635 -4.768713 -3.141592 -1.281051 3.141593
    244 0.094999 -0.144000 0.332001 0.000000 0.000000 0.000000
    245 14.209020 0.000022 0.766988 0.000000 0.000000 0.000000
    246 0.000000 0.000000 0.000000 1.570800 0.000000 -1.570796
  time 35
    0 0.000000 0.000000 0.000000 0.000000 0.000000 -1.570796
    1 -0.106750 -0.000001 -0.000351 0.000000 0.000000 0.000000
    2 0.000000 0.000000 0.000000 0.000000 0.000000 0.000000
    3 -0.904000 0.000000 -11.806000 0.000000 0.000000 0.000000
    4 0.000000 0.000000 -14.313999 1.570807 -1.570729 0.000000
    5 3.533001 0.000000 0.000000 0.000000 0.000000 0.000000
    6 6.250000 0.000000 0.000000 0.000000 0.000000 0.000000
    7 9.572857 -0.019507 -1.944020 -1.545137 1.187827 -1.546947
    8 9.570313 5.304688 2.056641 -1.552151 -1.032979 1.554747
    9 5.786820 0.002787 -0.000113 -0.801474 0.833205 -1.261291
    10 5.999492 -0.000592 -4.000343 0.000000 0.000000 0.000000
    11 5.787410 0.002582 0.000893 1.014788 -0.716623 -1.870160
    12 5.999492 -0.000592 4.000340 0.000000 0.000000 0.000000
    13 0.500225 0.000133 -0.000084 0.029845 0.000000 0.000000
    14 11.530657 0.000349 -0.001308 -0.000053 0.000045 -1.795164
    15 -0.829338 0.893824 0.079659 -0.148839 0.047645 0.087266
    16 0.500225 0.000132 0.000072 0.013057 -0.000060 0.000000
    17 11.532495 0.000526 0.003814 0.000054 0.000038 -1.581343
    18 -0.829586 0.894698 -0.079468 0.045377 -0.019621 0.087266
    19 10.599886 0.000105 -0.000553 -0.215870 0.000000 0.000000
    20 0.701714 -0.556439 -0.000805 -0.000036 -0.000013 0.899147
    21 11.042053 0.003717 0.000798 -0.455455 -0.398683 0.925244
    22 -11.814724 0.424524 -0.297680 0.247998 -0.066121 -0.042695
    23 10.599878 0.000105 0.000549 0.339215 0.000000 0.000060
    24 0.494675 -0.482219 0.000801 0.000000 -0.000011 0.790735
    25 11.041739 0.003170 -0.000568 0.251620 -0.050086 0.742748
    26 -11.663242 0.094713 0.140656 -0.068591 0.018527 -0.015099
    27 0.610300 -0.939470 0.070347 -1.655295 -0.140043 -0.175676
    28 0.639938 -0.199121 0.060192 -1.665960 -0.131404 -0.066471
    29 0.600155 1.080260 -0.339535 -1.738076 0.020730 0.107337
    30 0.610207 0.400743 -0.010098 -1.760332 -0.067668 0.011580
    31 0.630809 -0.690091 -0.232343 0.179612 -0.053930 -0.896997
    32 -0.792125 0.203736 0.461304 1.439074 -0.003453 -0.018305
    33 0.610300 -0.939469 -0.070354 1.655238 0.140141 -0.175584
    34 0.639938 -0.199121 -0.060200 1.665960 0.131440 -0.066459
    35 0.600157 1.080260 0.339531 1.741577 -0.203963 0.075997
    36 0.610205 0.400743 0.010086 1.761892 -0.015349 0.028047
    37 0.627906 -0.691394 0.232270 -1.014489 -0.861389 -0.665993
    38 -0.626031 -0.069982 -0.080517 -1.447153 0.086151 0.021559
    39 2.621377 -0.002532 -0.001438 0.267728 -0.234892 -0.031761
    40 2.658203 0.000004 -0.000001 -0.042759 0.037061 1.151136
    41 2.202488 0.003364 -0.002863 -0.034587 0.230248 0.081171
    42 0.599950 0.959236 -0.300102 -0.174544 0.000000 0.000000
    43 2.557190 -0.001967 0.002453 0.004259 0.045765 0.790050
    44 2.098929 0.000032 -0.002193 -0.596420 -0.064935 0.541404
    45 1.000000 -0.000386 -1.136719 0.000000 0.000000 0.000000
    46 -0.122641 -0.721855 0.661686 -0.486644 0.223964 0.243056
    47 2.622112 -0.000648 0.002741 -0.053008 0.086883 -0.048106
    48 2.657909 0.000687 -0.000533 0.200402 0.214707 1.264756
    49 2.200014 0.001663 0.000836 0.236780 0.017760 1.474087
    50 0.599949 0.959244 0.300102 0.174544 0.000000 0.000000
    51 2.556571 -0.000385 0.000554 0.236745 0.177097 1.399578
    52 2.103853 0.001708 -0.001011 0.124843 -0.418702 0.876979
    53 1.000000 -0.000385 1.495117 0.000000 0.000000 0.946882
    54 0.310848 -0.606446 -0.498005 0.308107 -0.197598 0.313975
    55 1.869163 -0.000835 -0.000994 0.000017 0.000027 0.370944
    56 1.200941 0.399582 -0.000237 -0.009465 0.016087 0.007127
    57 0.000586 0.100342 -0.000319 -0.120035 -0.021926 -0.209617
    58 -0.161663 0.051712 0.194808 -2.941982 0.122408 -0.060194
    59 2.010090 -0.003202 -0.003377 -0.000066 -0.000023 1.303692
    60 0.000237 0.099800 -0.000395 -0.018823 0.010833 -0.239219
    61 -0.203197 0.048607 0.069150 -3.093332 0.033217 -0.046722
    62 1.180426 -0.002312 0.000781 0.000034 0.000000 1.141238
    63 -0.000196 0.099625 -0.000034 0.000000 0.000000 -0.314102
    64 -0.088737 -0.688435 -0.145203 2.930407 -0.136130 0.513013
    65 1.712069 -0.003328 0.003818 -0.027386 0.005217 1.564115
    66 -0.000576 0.100143 -0.000311 -0.010914 0.023131 -0.260843
    67 -0.146027 -0.232426 -0.014225 3.028455 -0.094299 0.113020
    68 1.290634 0.000361 -0.000036 0.000012 0.000000 0.437510
    69 -0.658119 -0.003576 0.072643 -0.142711 0.027792 -0.077299
    70 1.868078 -0.003049 0.002177 -0.000021 -0.000033 1.450101
    71 1.200075 0.399942 -0.000093 0.009465 -0.016087 0.007127
    72 0.000589 0.100342 0.000319 0.120035 0.021926 -0.209617
    73 0.068073 0.002283 -0.080050 3.111376 -0.069366 -0.060847
    74 2.011874 -0.001179 0.002180 0.000035 -0.000013 1.379032
    75 0.000233 0.099800 0.000395 0.018823 -0.010833 -0.239219
    76 -0.018673 -0.001009 0.047544 3.109244 0.002635 -0.106673
    77 1.178665 0.001595 0.000845 0.000018 0.000023 0.743962
    78 -0.000196 0.099628 0.000034 0.000000 0.000000 -0.314102
    79 0.036894 -0.634449 0.266284 -2.801062 0.174301 0.490915
    80 1.708256 -0.002504 -0.000686 -0.000034 0.000023 1.160556
    81 -0.000580 0.100140 0.000311 0.010910 -0.023132 -0.260845
    82 -0.003952 -0.281811 0.115047 -3.059162 0.089004 0.167964
    83 1.289625 0.000042 0.000061 -0.000037 -0.000010 0.672636
    84 -0.171526 -0.018150 -0.099873 0.013484 -0.062184 -0.011781
    85 0.916622 0.003336 0.001326 0.000019 0.000045 0.711795
    86 -0.342617 0.053402 -0.025571 -2.909301 -0.017248 0.075276
    87 1.100231 -0.000928 -0.002434 0.000009 0.000002 0.678016
    88 -0.384979 0.331001 0.006848 -3.087207 -0.018765 -0.184278
    89 0.678146 0.002286 -0.003905 0.000006 0.000017 1.104311
    90 -0.123848 0.072738 0.029507 2.898184 -0.060627 0.094835
    91 1.017166 -0.000154 -0.000252 0.000013 0.000010 0.527937
    92 -0.344990 0.123129 0.143151 2.994981 0.012396 0.059140
    93 -0.730989 0.177046 0.039141 -0.123731 0.076518 -0.084310
    94 0.921993 0.001298 -0.000896 -0.000014 -0.000035 0.471806
    95 -0.124023 -0.052090 0.038495 3.077813 -0.008519 0.039229
    96 1.100433 -0.003552 0.000502 0.000018 -0.000006 0.545699
    97 -0.330082 0.160639 0.042780 3.128073 0.034033 -0.171236
    98 0.679764 0.001532 0.003272 -0.000010 -0.000033 0.674732
    99 -0.019512 -0.016531 0.038578 -2.763781 0.050305 0.076829
    100 1.018891 0.001206 0.001121 0.000042 -0.000005 0.497018
    101 -0.155308 0.130644 -0.021921 -3.022466 0.022433 -0.024902
    102 -0.252207 0.061937 -0.024914 -0.007671 -0.063171 -0.044392
    103 -0.085995 0.185205 -0.015180 -2.937063 -0.113970 -0.138991
    104 -0.286533 0.179852 0.024264 -3.109353 -0.049645 -0.029914
    105 -0.019482 0.147083 0.079203 2.893815 0.038585 -0.060594
    106 -0.046482 0.251896 0.129548 3.016165 0.077112 -0.042864
    107 0.039124 -0.040295 0.047739 3.084219 0.030470 -0.037414
    108 -0.233757 0.066630 0.001754 -3.133087 0.040141 -0.065412
    109 0.044266 0.020131 0.001684 -2.778763 -0.118872 -0.040488
    110 0.071495 0.074128 -0.048302 -3.035917 -0.059482 0.104366
    111 0.000000 0.000000 0.000000 0.000000 0.000000 -1.570796
    112 -2.949309 -7.949461 -2.808679 -0.008738 -0.001955 -1.567533
    113 0.000000 0.000000 0.000000 0.000000 0.000000 0.000000
    114 -2.918058 -18.348216 -3.175878 -0.008849 -0.002191 -1.567627
    115 3.096000 0.000000 -1.996000 0.000000 0.000000 0.000000
    116 3.040999 0.000000 1.202000 0.000000 0.000000 0.000000
    117 7.854000 0.000000 -0.042000 0.000000 0.000000 0.000000
    118 13.105999 0.000000 -0.006000 0.000000 0.000000 -0.000013
    119 3.456000 0.000000 -1.084000 0.000000 0.000000 0.000000
    120 1.804000 0.000000 -1.025000 0.000000 0.000000 0.000000
    121 7.098000 0.000000 -1.084000 0.000000 0.000000 0.000000
    122 1.868000 1.809000 -1.975000 -2.218497 -0.017091 -0.465758
    123 3.740000 0.000000 1.273000 0.000000 0.000000 0.000000
    124 11.956999 0.000000 -0.006000 0.000000 0.000000 0.000013
    125 6.072001 0.000000 -1.238000 0.000000 0.000000 0.000000
    126 5.690000 -0.365000 0.068000 -0.000118 -0.348941 -1.570715
    127 6.396999 0.614000 0.428000 0.000000 0.000000 0.000000
    128 3.040999 0.000000 1.202000 0.000000 0.000000 0.000000
    129 3.720000 0.000000 1.202000 0.000000 0.000000 0.000000
    130 1.086000 -0.661000 -0.149000 0.000000 0.000000 0.000000
    131 1.067000 0.589000 0.076000 0.000000 0.000000 0.000000
    132 0.000000 -0.019000 0.000000 0.000000 0.000000 0.000000
    133 0.000000 -0.019000 0.000000 0.000000 0.000000 0.000000
    134 3.300000 -0.019000 1.346000 0.000000 0.000000 0.000000
    135 -1.524000 -1.859000 -4.367000 -1.730149 -0.014933 0.208109
    136 7.283999 0.000000 -2.195000 0.000000 0.000000 0.000000
    137 -1.323000 0.000000 0.184000 0.000000 0.000000 0.000000
    138 0.082000 0.000000 1.002000 0.000000 0.000000 0.000000
    139 -19.796220 3.527451 -60.880363 0.008453 0.002175 -0.003323
    140 0.478000 0.000000 -4.537000 0.000000 0.000000 0.000000
    141 3.436000 0.000000 1.202000 0.000000 0.000000 0.000000
    142 3.040999 0.000000 1.202000 0.000000 0.000000 0.000000
    143 4.657000 0.000000 1.545000 0.000000 0.000000 0.000000
    144 -0.403000 0.000000 -0.011000 0.000000 0.000000 0.000000
    145 1.781000 0.000000 0.873000 0.000000 0.000000 0.000000
    146 0.384000 0.715000 0.801000 0.000000 0.000000 0.000000
    147 1.795000 0.533000 -1.550000 0.000000 0.000000 0.000000
    148 4.435999 0.595000 -0.954000 0.000000 0.000000 0.000000
    149 4.401999 -0.614000 -1.630000 0.000000 0.000000 0.000000
    150 4.203000 -0.003000 -0.048000 0.000000 0.000000 0.000000
    151 5.136000 0.000000 1.534000 0.000000 0.000000 0.000000
    152 11.957001 0.000000 -0.006000 0.000000 0.000000 0.000013
    153 -2.103001 0.000000 0.000000 0.000000 0.000000 0.000000
    154 -0.598001 0.000000 -0.011000 0.000000 0.000000 0.000000
    155 0.496000 0.184000 -3.523000 0.000000 0.000000 0.000000
    156 0.147000 0.184000 -0.328000 0.000000 0.000000 0.000000
    157 0.147000 0.184000 0.023000 0.000000 0.000000 0.000000
    158 0.147000 0.184000 0.368000 0.000000 0.000000 0.000000
    159 0.147000 0.184000 0.717000 0.000000 0.000000 0.000000
    160 0.147000 0.184000 1.067000 0.000000 0.000000 0.000000
    161 0.148000 0.184000 1.414000 0.000000 0.000000 0.000000
    162 0.148000 -0.074000 1.640000 0.000000 0.000000 0.000000
    163 0.435000 0.184000 -3.179000 0.000000 0.000000 0.000000
    164 0.378000 0.184000 -2.826000 0.000000 0.000000 0.000000
    165 0.329000 0.184000 -2.477000 0.000000 0.000000 0.000000
    166 0.286000 0.184000 -2.127000 0.000000 0.000000 0.000000
    167 0.252000 0.184000 -1.775000 0.000000 0.000000 0.000000
    168 0.215000 0.184000 -1.417000 0.000000 0.000000 0.000000
    169 0.190000 0.184000 -1.064000 0.000000 0.000000 0.000000
    170 0.166000 0.184000 -0.714000 0.000000 0.000000 0.000000
    171 1.622000 0.000000 1.568000 0.000000 0.000000 0.000000
    172 2.240000 0.000000 1.568000 0.000000 0.000000 0.000000
    173 0.000000 0.000000 0.000000 0.000000 0.000000 0.000000
    174 0.000000 0.000000 -4.867001 3.141572 -0.003206 -3.128592
    175 1.000088 -0.000029 0.000000 0.000000 0.000000 0.000000
    176 17.162518 -0.000404 0.000000 0.000000 0.000000 0.119207
    177 17.749374 0.295515 0.000000 0.000000 0.000000 -1.158919
    178 5.413528 0.000347 0.000000 0.000000 0.000000 -0.518029
    179 0.017887 0.299792 0.000000 0.000000 0.000000 -0.059575
    180 9.999889 -0.000303 0.000000 0.000000 0.000000 0.000000
    181 0.000000 0.000000 4.867000 -3.141572 0.003206 -3.128592
    182 1.000088 -0.000029 0.000000 0.000000 0.000000 0.000000
    183 12.283573 1.581455 -4.695999 1.462269 -0.086726 0.090185
    184 17.162518 -0.000404 0.000000 0.000000 0.000000 0.119207
    185 17.749374 0.295515 0.000000 0.000000 0.000000 -1.158919
    186 5.413528 0.000347 0.000000 0.000000 0.000000 -0.518027
    187 0.017887 0.299792 0.000000 0.000000 0.000000 -0.059573
    188 9.499836 0.000212 0.000000 0.000000 0.000000 0.000000
    189 -1.145525 0.000130 0.000671 0.000000 0.000000 0.000000
    190 -0.857691 0.104071 0.104687 0.023536 0.163924 0.013632
    191 3.999430 -0.000528 -0.000332 -0.269906 0.000000 0.000000
    192 0.599499 0.400698 0.000236 0.000000 0.000000 0.000000
    193 0.599886 0.400186 -0.000027 0.000000 0.000000 0.000000
    194 2.299677 -2.499979 -0.599480 0.891898 0.221465 -0.527213
    195 6.615128 -4.627024 0.078179 1.512685 -0.286948 0.091384
    196 -9.580679 -27.862108 -37.184677 0.812879 -0.123459 -0.568477
    197 0.649935 -0.548296 0.093658 -1.665913 -0.131399 -0.112062
    198 1.899127 0.000427 -0.000439 0.027386 -0.033311 0.477848
    199 0.657078 0.008400 0.040375 -1.665945 -0.131407 -0.000013
    200 1.799664 -0.000240 0.000231 0.027386 -0.033311 0.477848
    201 1.799664 -0.000240 0.000231 0.027386 -0.033311 0.477848
    202 1.799664 -0.000240 0.000231 0.027386 -0.033311 0.477848
    203 0.665774 0.747222 -0.029186 -1.665935 -0.131408 0.094976
    204 1.900306 -0.000137 -0.000517 0.027386 -0.033311 0.477848
    205 6.255803 -3.374086 4.821289 1.565404 1.561257 -2.764181
    206 3.999897 0.000040 0.001007 0.169599 0.000000 0.000000
    207 0.600403 0.399632 -0.000469 0.000000 0.000000 -3.141496
    208 0.599890 0.400186 0.000031 0.000000 0.000000 -3.141592
    209 2.300137 -2.499413 0.600155 -0.891898 -0.221465 -0.527213
    210 12.103249 -3.649587 -1.238105 1.733490 0.203087 0.048103
    211 2.762354 0.116951 1.523975 1.629482 0.064153 1.743800
    212 7.228317 7.928200 -3.925652 2.328713 0.123459 -0.568477
    213 0.650396 -0.547731 -0.092976 1.665913 0.131399 -0.112062
    214 1.899441 -0.000320 -0.000150 -0.027386 0.033311 0.477848
    215 0.657068 0.008398 -0.040379 1.665945 0.131407 -0.000013
    216 1.799659 -0.000233 -0.000233 -0.027386 0.033311 0.477848
    217 1.799659 -0.000233 -0.000233 -0.027386 0.033311 0.477848
    218 1.799659 -0.000233 -0.000233 -0.027386 0.033311 0.477848
    219 0.665778 0.747222 0.029179 1.665935 0.131408 0.094976
    220 1.900722 0.000549 -0.000072 -0.027386 0.033311 0.477848
    221 4.530998 0.000000 0.000000 0.000000 0.000000 0.000000
    222 4.527344 0.000000 0.000000 0.000000 0.000000 0.000000
    223 0.000000 0.000000 0.000000 0.000000 0.000000 0.000000
    224 0.000000 0.000000 0.000000 0.000000 0.000000 0.000000
    225 4.000000 -6.500000 0.000000 0.000000 0.000000 0.000977
    226 -6.500000 0.000000 0.000000 0.000000 1.570752 0.000000
    227 19.355828 -2.917809 8.626396 -0.008476 -0.002177 0.003357
    228 0.280000 -0.135000 2.196999 1.570796 0.000000 -1.570735
    229 0.000000 0.000000 0.000000 0.000000 0.000000 0.000000
    230 0.000000 0.000000 0.000000 -0.001186 0.001031 -0.000300
    231 0.106000 0.000000 -64.320000 0.000000 0.000000 0.000000
    232 0.000000 0.000000 0.000000 0.000000 0.000000 0.000000
    233 -0.106000 0.000000 64.320000 0.000000 0.000000 0.000000
    234 0.003042 -0.001328 -64.319374 0.000009 0.000084 -3.141638
    235 0.000000 0.000000 0.000000 -0.000303 0.000193 -0.000090
    236 1.688000 -0.001000 -1.454002 0.000000 0.000000 0.000000
    237 -1.070999 -0.005000 0.545002 0.000000 0.000000 0.000000
    238 5.895000 0.750997 -0.156000 0.000000 0.000000 0.000000
    239 11.599999 -0.000003 -1.500002 0.000000 0.000000 0.000000
    240 1.037001 1.337997 -4.334000 -2.791227 -0.162411 -0.765711
    241 7.216001 -0.000003 -1.579000 0.000000 0.000000 0.000000
    242 4.445999 -0.000003 -1.500000 0.000000 0.000000 0.000000
    243 0.673937 -0.015635 -4.768713 -3.141592 -1.281051 3.141593
    244 0.094999 -0.144000 0.332001 0.000000 0.000000 0.000000
    245 14.209020 0.000022 0.766988 0.000000 0.000000 0.000000
    246 0.000000 0.000000 0.000000 1.570800 0.000000 -1.570796
  time 36
    0 0.000000 0.000000 0.000000 0.000000 0.000000 -1.570796
    1 -0.106750 -0.000001 -0.000351 0.000000 0.000000 0.000000
    2 0.000000 0.000000 0.000000 0.000000 0.000000 0.000000
    3 -0.904000 0.000000 -11.806000 0.000000 0.000000 0.000000
    4 0.000000 0.000000 -14.313999 1.570807 -1.570729 0.000000
    5 3.533001 0.000000 0.000000 0.000000 0.000000 0.000000
    6 6.250000 0.000000 0.000000 0.000000 0.000000 0.000000
    7 9.572857 -0.019507 -1.944020 -1.545137 1.187827 -1.546947
    8 9.570313 5.304688 2.056641 -1.552151 -1.032979 1.554747
    9 5.786820 0.002787 -0.000113 -0.800135 0.833022 -1.263506
    10 5.999492 -0.000592 -4.000343 0.000000 0.000000 0.000000
    11 5.787410 0.002582 0.000893 1.012346 -0.721424 -1.865177
    12 5.999492 -0.000592 4.000340 0.000000 0.000000 0.000000
    13 0.500225 0.000133 -0.000084 0.027934 0.000000 -0.000060
    14 11.530657 0.000349 -0.001308 0.000079 0.000021 -1.796699
    15 -0.829338 0.893824 0.079659 -0.148839 0.047645 0.087266
    16 0.500225 0.000132 0.000072 0.013849 -0.000036 0.000012
    17 11.532495 0.000526 0.003814 0.000054 0.000038 -1.587081
    18 -0.829586 0.894698 -0.079468 0.045377 -0.019621 0.087266
    19 10.599886 0.000105 -0.000553 -0.213452 -0.000024 -0.000012
    20 0.697808 -0.556439 -0.000805 -0.000048 0.000035 0.898350
    21 11.042053 0.003717 0.000798 -0.446854 -0.399639 0.930137
    22 -11.814724 0.424524 -0.297680 0.247998 -0.066121 -0.042695
    23 10.599878 0.000105 0.000549 0.351973 0.000000 0.000060
    24 0.498581 -0.486125 0.000801 0.000000 -0.000011 0.793577
    25 11.041739 0.003170 -0.000568 0.262103 -0.049604 0.739682
    26 -11.663242 0.094713 0.140656 -0.068591 0.018527 -0.015099
    27 0.610300 -0.939470 0.070347 -1.655295 -0.140043 -0.175676
    28 0.639938 -0.199121 0.060192 -1.665960 -0.131392 -0.066483
    29 0.600155 1.080260 -0.339535 -1.738076 0.020730 0.107325
    30 0.610207 0.400743 -0.010098 -1.760332 -0.067668 0.011580
    31 0.630809 -0.690091 -0.232343 0.179612 -0.053930 -0.896997
    32 -0.792125 0.203736 0.461304 1.439074 -0.003453 -0.018305
    33 0.610300 -0.939469 -0.070354 1.655238 0.140141 -0.175584
    34 0.639938 -0.199121 -0.060200 1.665960 0.131440 -0.066459
    35 0.600157 1.080260 0.339531 1.741577 -0.203963 0.075985
    36 0.610205 0.400743 0.010086 1.761892 -0.015337 0.028047
    37 0.627906 -0.691394 0.232270 -1.014489 -0.861409 -0.666029
    38 -0.626031 -0.069982 -0.080517 -1.447153 0.086151 0.021559
    39 2.621377 -0.002532 -0.001438 0.267747 -0.234892 -0.031761
    40 2.658203 0.000004 -0.000001 -0.042759 0.037061 1.151136
    41 2.202488 0.003364 -0.002863 -0.034587 0.230248 0.081171
    42 0.599950 0.959236 -0.300102 -0.174544 0.000000 0.000000
    43 2.557190 -0.001967 0.002453 0.004259 0.045765 0.790050
    44 2.098929 0.000032 -0.002193 -0.596420 -0.064935 0.541383
    45 1.000000 -0.000386 -1.136719 0.000000 0.000000 0.000000
    46 -0.122641 -0.721855 0.661686 -0.486644 0.223964 0.243056
    47 2.622112 -0.000648 0.002741 -0.053008 0.086883 -0.048106
    48 2.657909 0.000687 -0.000533 0.200402 0.214695 1.264756
    49 2.200014 0.001663 0.000836 0.236792 0.017748 1.474087
    50 0.599949 0.959244 0.300102 0.174544 0.000000 0.000000
    51 2.556571 -0.000385 0.000554 0.236745 0.177097 1.399578
    52 2.103853 0.001708 -0.001011 0.124856 -0.418702 0.876979
    53 1.000000 -0.000385 1.495117 0.000000 0.000000 0.946882
    54 0.310848 -0.606446 -0.498005 0.308107 -0.197598 0.313975
    55 1.869163 -0.000835 -0.000994 0.000017 0.000015 0.370944
    56 1.200941 0.399582 -0.000237 -0.009465 0.016087 0.007127
    57 0.000586 0.100342 -0.000319 -0.120035 -0.021926 -0.209617
    58 -0.161663 0.051712 0.194808 -2.941982 0.122408 -0.060194
    59 2.010090 -0.003202 -0.003377 -0.000066 -0.000011 1.303692
    60 0.000237 0.099800 -0.000395 -0.018823 0.010833 -0.239219
    61 -0.203197 0.048607 0.069150 -3.093332 0.033217 -0.046722
    62 1.180426 -0.002312 0.000781 0.000046 -0.000012 1.141238
    63 -0.000196 0.099625 -0.000034 0.000000 0.000000 -0.314102
    64 -0.088737 -0.688435 -0.145203 2.930407 -0.136130 0.513013
    65 1.712069 -0.003328 0.003818 -0.027398 0.005217 1.564115
    66 -0.000576 0.100143 -0.000311 -0.010914 0.023131 -0.260843
    67 -0.146027 -0.232426 -0.014225 3.028455 -0.094299 0.113020
    68 1.290634 0.000361 -0.000036 0.000012 0.000000 0.437470
    69 -0.658119 -0.003576 0.072643 -0.142711 0.027792 -0.077299
    70 1.868078 -0.003049 0.002177 -0.000021 -0.000033 1.450101
    71 1.200075 0.399942 -0.000093 0.009465 -0.016087 0.007127
    72 0.000589 0.100342 0.000319 0.120035 0.021926 -0.209617
    73 0.068073 0.002283 -0.080050 3.111376 -0.069366 -0.060847
    74 2.011874 -0.001179 0.002180 0.000035 -0.000025 1.379032
    75 0.000233 0.099800 0.000395 0.018823 -0.010833 -0.239219
    76 -0.018673 -0.001009 0.047544 3.109244 0.002635 -0.106673
    77 1.178665 0.001595 0.000845 0.000018 0.000035 0.743962
    78 -0.000196 0.099628 0.000034 0.000000 0.000000 -0.314102
    79 0.036894 -0.634449 0.266284 -2.801062 0.174301 0.490915
    80 1.708256 -0.002504 -0.000686 -0.000046 0.000035 1.160556
    81 -0.000580 0.100140 0.000311 0.010910 -0.023132 -0.260845
    82 -0.003952 -0.281811 0.115047 -3.059162 0.089004 0.167964
    83 1.289625 0.000042 0.000061 -0.000025 -0.000010 0.672669
    84 -0.171526 -0.018150 -0.099873 0.013484 -0.062184 -0.011781
    85 0.916622 0.003336 0.001326 0.000019 0.000045 0.711795
    86 -0.342617 0.053402 -0.025571 -2.909301 -0.017248 0.075276
    87 1.100231 -0.000928 -0.002434 0.000009 0.000002 0.678016
    88 -0.384979 0.331001 0.006848 -3.087207 -0.018765 -0.184278
    89 0.678146 0.002286 -0.003905 0.000006 0.000005 1.104311
    90 -0.123848 0.072738 0.029507 2.898184 -0.060627 0.094835
    91 1.017166 -0.000154 -0.000252 0.000013 0.000010 0.527937
    92 -0.344990 0.123129 0.143151 2.994981 0.012396 0.059140
    93 -0.730989 0.177046 0.039141 -0.123731 0.076518 -0.084310
    94 0.921993 0.001298 -0.000896 -0.000014 -0.000023 0.471806
    95 -0.124023 -0.052090 0.038495 3.077813 -0.008519 0.039229
    96 1.100433 -0.003552 0.000502 0.000018 0.000006 0.545699
    97 -0.330082 0.160639 0.042780 3.128073 0.034033 -0.171236
    98 0.679764 0.001532 0.003272 -0.000010 -0.000033 0.674732
    99 -0.019512 -0.016531 0.038578 -2.763781 0.050305 0.076829
    100 1.018891 0.001206 0.001121 0.000042 -0.000005 0.497018
    101 -0.155308 0.130644 -0.021921 -3.022466 0.022433 -0.024902
    102 -0.252207 0.061937 -0.024914 -0.007671 -0.063171 -0.044392
    103 -0.085995 0.185205 -0.015180 -2.937063 -0.113970 -0.138991
    104 -0.286533 0.179852 0.024264 -3.109353 -0.049645 -0.029914
    105 -0.019482 0.147083 0.079203 2.893815 0.038585 -0.060594
    106 -0.046482 0.251896 0.129548 3.016165 0.077112 -0.042864
    107 0.039124 -0.040295 0.047739 3.084219 0.030470 -0.037414
    108 -0.233757 0.066630 0.001754 -3.133087 0.040141 -0.065412
    109 0.044266 0.020131 0.001684 -2.778763 -0.118872 -0.040488
    110 0.071495 0.074128 -0.048302 -3.035917 -0.059482 0.104366
    111 0.000000 0.000000 0.000000 0.000000 0.000000 -1.570796
    112 -3.035249 -7.902585 -2.828211 0.001835 -0.002888 -1.567719
    113 0.000000 0.000000 0.000000 0.000000 0.000000 0.000000
    114 -3.003998 -18.301340 -3.183691 0.001936 -0.003086 -1.567720
    115 3.096000 0.000000 -1.996000 0.000000 0.000000 0.000000
    116 3.040999 0.000000 1.202000 0.000000 0.000000 0.000000
    117 7.854000 0.000000 -0.042000 0.000000 0.000000 0.000000
    118 13.105999 0.000000 -0.006000 0.000000 0.000000 -0.000013
    119 3.456000 0.000000 -1.084000 0.000000 0.000000 0.000000
    120 1.804000 0.000000 -1.025000 0.000000 0.000000 0.000000
    121 7.098000 0.000000 -1.084000 0.000000 0.000000 0.000000
    122 1.868000 1.809000 -1.975000 -2.218497 -0.017091 -0.465758
    123 3.740000 0.000000 1.273000 0.000000 0.000000 0.000000
    124 11.956999 0.000000 -0.006000 0.000000 0.000000 0.000013
    125 6.072001 0.000000 -1.238000 0.000000 0.000000 0.000000
    126 5.690000 -0.365000 0.068000 -0.000118 -0.348941 -1.570715
    127 6.396999 0.614000 0.428000 0.000000 0.000000 0.000000
    128 3.040999 0.000000 1.202000 0.000000 0.000000 0.000000
    129 3.720000 0.000000 1.202000 0.000000 0.000000 0.000000
    130 1.086000 -0.661000 -0.149000 0.000000 0.000000 0.000000
    131 1.067000 0.589000 0.076000 0.000000 0.000000 0.000000
    132 0.000000 -0.019000 0.000000 0.000000 0.000000 0.000000
    133 0.000000 -0.019000 0.000000 0.000000 0.000000 0.000000
    134 3.300000 -0.019000 1.346000 0.000000 0.000000 0.000000
    135 -1.524000 -1.859000 -4.367000 -1.730149 -0.014933 0.208109
    136 7.283999 0.000000 -2.195000 0.000000 0.000000 0.000000
    137 -1.323000 0.000000 0.184000 0.000000 0.000000 0.000000
    138 0.082000 0.000000 1.002000 0.000000 0.000000 0.000000
    139 -19.807939 2.937590 -60.884270 -0.002184 0.003074 -0.003133
    140 0.478000 0.000000 -4.537000 0.000000 0.000000 0.000000
    141 3.436000 0.000000 1.202000 0.000000 0.000000 0.000000
    142 3.040999 0.000000 1.202000 0.000000 0.000000 0.000000
    143 4.657000 0.000000 1.545000 0.000000 0.000000 0.000000
    144 -0.403000 0.000000 -0.011000 0.000000 0.000000 0.000000
    145 1.781000 0.000000 0.873000 0.000000 0.000000 0.000000
    146 0.384000 0.715000 0.801000 0.000000 0.000000 0.000000
    147 1.795000 0.533000 -1.550000 0.000000 0.000000 0.000000
    148 4.435999 0.595000 -0.954000 0.000000 0.000000 0.000000
    149 4.401999 -0.614000 -1.630000 0.000000 0.000000 0.000000
    150 4.203000 -0.003000 -0.048000 0.000000 0.000000 0.000000
    151 5.136000 0.000000 1.534000 0.000000 0.000000 0.000000
    152 11.957001 0.000000 -0.006000 0.000000 0.000000 0.000013
    153 -2.103001 0.000000 0.000000 0.000000 0.000000 0.000000
    154 -0.598001 0.000000 -0.011000 0.000000 0.000000 0.000000
    155 0.496000 0.184000 -3.523000 0.000000 0.000000 0.000000
    156 0.147000 0.184000 -0.328000 0.000000 0.000000 0.000000
    157 0.147000 0.184000 0.023000 0.000000 0.000000 0.000000
    158 0.147000 0.184000 0.368000 0.000000 0.000000 0.000000
    159 0.147000 0.184000 0.717000 0.000000 0.000000 0.000000
    160 0.147000 0.184000 1.067000 0.000000 0.000000 0.000000
    161 0.148000 0.184000 1.414000 0.000000 0.000000 0.000000
    162 0.148000 -0.074000 1.640000 0.000000 0.000000 0.000000
    163 0.435000 0.184000 -3.179000 0.000000 0.000000 0.000000
    164 0.378000 0.184000 -2.826000 0.000000 0.000000 0.000000
    165 0.329000 0.184000 -2.477000 0.000000 0.000000 0.000000
    166 0.286000 0.184000 -2.127000 0.000000 0.000000 0.000000
    167 0.252000 0.184000 -1.775000 0.000000 0.000000 0.000000
    168 0.215000 0.184000 -1.417000 0.000000 0.000000 0.000000
    169 0.190000 0.184000 -1.064000 0.000000 0.000000 0.000000
    170 0.166000 0.184000 -0.714000 0.000000 0.000000 0.000000
    171 1.622000 0.000000 1.568000 0.000000 0.000000 0.000000
    172 2.240000 0.000000 1.568000 0.000000 0.000000 0.000000
    173 0.000000 0.000000 0.000000 0.000000 0.000000 0.000000
    174 0.000000 0.000000 -4.867001 3.141572 -0.003206 -3.128592
    175 1.000088 -0.000029 0.000000 0.000000 0.000000 0.000000
    176 17.162518 -0.000404 0.000000 0.000000 0.000000 0.119207
    177 17.749374 0.295515 0.000000 0.000000 0.000000 -1.158919
    178 5.413528 0.000347 0.000000 0.000000 0.000000 -0.518029
    179 0.017887 0.299792 0.000000 0.000000 0.000000 -0.059575
    180 9.999889 -0.000303 0.000000 0.000000 0.000000 0.000000
    181 0.000000 0.000000 4.867000 -3.141572 0.003206 -3.128592
    182 1.000088 -0.000029 0.000000 0.000000 0.000000 0.000000
    183 12.283573 1.581455 -4.695999 1.462269 -0.086726 0.090185
    184 17.162518 -0.000404 0.000000 0.000000 0.000000 0.119207
    185 17.749374 0.295515 0.000000 0.000000 0.000000 -1.158919
    186 5.413528 0.000347 0.000000 0.000000 0.000000 -0.518027
    187 0.017887 0.299792 0.000000 0.000000 0.000000 -0.059573
    188 9.499836 0.000212 0.000000 0.000000 0.000000 0.000000
    189 -1.145525 0.000130 0.000671 0.000000 0.000000 0.000000
    190 -0.857691 0.104071 0.104687 0.023536 0.163924 0.013632
    191 3.999430 -0.000528 -0.000332 -0.266761 -0.000060 0.000000
    192 0.599499 0.400698 0.000236 0.000000 0.000000 0.000000
    193 0.599886 0.400186 -0.000027 0.000000 0.000000 0.000000
    194 2.299677 -2.499979 -0.599480 0.891898 0.221465 -0.527213
    195 6.615128 -4.627024 0.078179 1.512685 -0.286948 0.091476
    196 -9.580679 -27.862108 -37.184677 0.812879 -0.123459 -0.568477
    197 0.649935 -0.548296 0.093658 -1.665913 -0.131399 -0.112062
    198 1.899127 0.000427 -0.000439 0.027386 -0.033311 0.477848
    199 0.657078 0.008400 0.040375 -1.665945 -0.131407 -0.000013
    200 1.799664 -0.000240 0.000231 0.027386 -0.033311 0.477848
    201 1.799664 -0.000240 0.000231 0.027386 -0.033311 0.477848
    202 1.799664 -0.000240 0.000231 0.027386 -0.033311 0.477848
    203 0.665774 0.747222 -0.029186 -1.665935 -0.131408 0.094976
    204 1.900306 -0.000137 -0.000517 0.027386 -0.033311 0.477848
    205 6.255803 -3.374086 4.821289 1.565404 1.561257 -2.764181
    206 3.999897 0.000040 0.001007 0.175977 0.000000 0.000000
    207 0.600403 0.399632 -0.000469 0.000000 0.000000 3.141593
    208 0.599890 0.400186 0.000031 0.000000 0.000000 3.141497
    209 2.300137 -2.499413 0.600155 -0.891898 -0.221465 -0.527213
    210 12.103249 -3.649587 -1.238105 1.733490 0.203087 0.048103
    211 2.762354 0.116951 1.523975 1.629482 0.064153 1.743800
    212 7.228317 7.928200 -3.925652 2.328713 0.123459 -0.568477
    213 0.650396 -0.547731 -0.092976 1.665913 0.131399 -0.112062
    214 1.899441 -0.000320 -0.000150 -0.027386 0.033311 0.477848
    215 0.657068 0.008398 -0.040379 1.665945 0.131407 -0.000013
    216 1.799659 -0.000233 -0.000233 -0.027386 0.033311 0.477848
    217 1.799659 -0.000233 -0.000233 -0.027386 0.033311 0.477848
    218 1.799659 -0.000233 -0.000233 -0.027386 0.033311 0.477848
    219 0.665778 0.747222 0.029179 1.665935 0.131408 0.094976
    220 1.900722 0.000549 -0.000072 -0.027386 0.033311 0.477848
    221 4.530998 0.000000 0.000000 0.000000 0.000000 0.000000
    222 4.527344 0.000000 0.000000 0.000000 0.000000 0.000000
    223 0.000000 0.000000 0.000000 0.000000 0.000000 0.000000
    224 0.000000 0.000000 0.000000 0.000000 0.000000 0.000000
    225 4.000000 -6.500000 0.000000 0.000000 0.000000 0.000977
    226 -6.500000 0.000000 0.000000 0.000000 1.570752 0.000000
    227 19.308951 -3.003749 8.618583 0.002184 -0.003110 0.003077
    228 0.280000 -0.135000 2.196999 1.570796 0.000000 -1.570735
    229 0.000000 0.000000 0.000000 0.000000 0.000000 0.000000
    230 0.000000 0.000000 0.000000 -0.000791 0.000683 -0.000204
    231 0.106000 0.000000 -64.320000 0.000000 0.000000 0.000000
    232 0.000000 0.000000 0.000000 0.000000 0.000000 0.000000
    233 -0.106000 0.000000 64.320000 0.000000 0.000000 0.000000
    234 0.003042 -0.001328 -64.319374 0.000009 0.000084 -3.141638
    235 0.000000 0.000000 0.000000 -0.000303 0.000193 -0.000090
    236 1.688000 -0.001000 -1.454002 0.000000 0.000000 0.000000
    237 -1.070999 -0.005000 0.545002 0.000000 0.000000 0.000000
    238 5.895000 0.750997 -0.156000 0.000000 0.000000 0.000000
    239 11.599999 -0.000003 -1.500002 0.000000 0.000000 0.000000
    240 1.037001 1.337997 -4.334000 -2.791227 -0.162411 -0.765711
    241 7.216001 -0.000003 -1.579000 0.000000 0.000000 0.000000
    242 4.445999 -0.000003 -1.500000 0.000000 0.000000 0.000000
    243 0.673937 -0.015635 -4.768713 -3.141592 -1.281051 3.141593
    244 0.094999 -0.144000 0.332001 0.000000 0.000000 0.000000
    245 14.209020 0.000022 0.766988 0.000000 0.000000 0.000000
    246 0.000000 0.000000 0.000000 1.570800 0.000000 -1.570796
  time 37
    0 0.000000 0.000000 0.000000 0.000000 0.000000 -1.570796
    1 -0.106750 -0.000001 -0.000351 0.000000 0.000000 0.000000
    2 0.000000 0.000000 0.000000 0.000000 0.000000 0.000000
    3 -0.904000 0.000000 -11.806000 0.000000 0.000000 0.000000
    4 0.000000 0.000000 -14.313999 1.570807 -1.570729 0.000000
    5 3.533001 0.000000 0.000000 0.000000 0.000000 0.000000
    6 6.250000 0.000000 0.000000 0.000000 0.000000 0.000000
    7 9.572857 -0.019507 -1.944020 -1.545137 1.187827 -1.546947
    8 9.570313 5.304688 2.056641 -1.552151 -1.032979 1.554747
    9 5.786820 0.002787 -0.000113 -0.797268 0.830397 -1.276889
    10 5.999492 -0.000592 -4.000343 0.000000 0.000000 0.000000
    11 5.787410 0.002582 0.000893 1.005017 -0.721189 -1.849413
    12 5.999492 -0.000592 4.000340 0.000000 0.000000 0.000000
    13 0.500225 0.000133 -0.000084 0.021156 0.000000 -0.000060
    14 11.530657 0.000349 -0.001308 0.000079 0.000021 -1.785882
    15 -0.829338 0.893824 0.079659 -0.148839 0.047645 0.087266
    16 0.500225 0.000132 0.000072 0.014640 -0.000024 0.000024
    17 11.532495 0.000526 0.003814 -0.000042 -0.000046 -1.595003
    18 -0.829586 0.894698 -0.079468 0.045377 -0.019621 0.087266
    19 10.599886 0.000105 -0.000553 -0.218541 0.000000 0.000000
    20 0.693901 -0.556439 -0.000805 0.000024 0.000035 0.894414
    21 11.042053 0.003717 0.000798 -0.473203 -0.417436 0.921550
    22 -11.814724 0.424524 -0.297680 0.247998 -0.066121 -0.042695
    23 10.599878 0.000105 0.000549 0.327506 0.000048 0.000060
    24 0.502487 -0.490032 0.000801 0.000048 -0.000035 0.797483
    25 11.041739 0.003170 -0.000568 0.241835 -0.059676 0.745118
    26 -11.663242 0.094713 0.140656 -0.068591 0.018527 -0.015099
    27 0.610300 -0.939470 0.070347 -1.655295 -0.140031 -0.175688
    28 0.639938 -0.199121 0.060192 -1.665960 -0.131392 -0.066483
    29 0.600155 1.080260 -0.339535 -1.738076 0.020730 0.107313
    30 0.610207 0.400743 -0.010098 -1.760332 -0.067668 0.011568
    31 0.630809 -0.690091 -0.232343 0.179612 -0.053930 -0.896997
    32 -0.792125 0.203736 0.461304 1.439074 -0.003453 -0.018305
    33 0.610300 -0.939469 -0.070354 1.655238 0.140141 -0.175584
    34 0.639938 -0.199121 -0.060200 1.665960 0.131440 -0.066459
    35 0.600157 1.080260 0.339531 1.741577 -0.203963 0.075973
    36 0.610205 0.400743 0.010086 1.761892 -0.015325 0.028059
    37 0.627906 -0.691394 0.232270 -1.014456 -0.861409 -0.666029
    38 -0.626031 -0.069982 -0.080517 -1.447153 0.086151 0.021559
    39 2.621377 -0.002532 -0.001438 0.267747 -0.234892 -0.031761
    40 2.658203 0.000004 -0.000001 -0.042759 0.037061 1.151136
    41 2.202488 0.003364 -0.002863 -0.034587 0.230248 0.081171
    42 0.599950 0.959236 -0.300102 -0.174544 0.000000 0.000000
    43 2.557190 -0.001967 0.002453 0.004281 0.045765 0.790050
    44 2.098929 0.000032 -0.002193 -0.596441 -0.064935 0.541383
    45 1.000000 -0.000386 -1.136719 0.000000 0.000000 0.000000
    46 -0.122641 -0.721855 0.661686 -0.486644 0.223964 0.243056
    47 2.622112 -0.000648 0.002741 -0.053008 0.086883 -0.048106
    48 2.657909 0.000687 -0.000533 0.200402 0.214695 1.264756
    49 2.200014 0.001663 0.000836 0.236792 0.017748 1.474087
    50 0.599949 0.959244 0.300102 0.174544 0.000000 0.000000
    51 2.556571 -0.000385 0.000554 0.236731 0.177097 1.399578
    52 2.103853 0.001708 -0.001011 0.124870 -0.418714 0.876962
    53 1.000000 -0.000385 1.495117 0.000000 0.000000 0.946882
    54 0.310848 -0.606446 -0.498005 0.308107 -0.197598 0.313975
    55 1.869163 -0.000835 -0.000994 0.000005 0.000015 0.370944
    56 1.200941 0.399582 -0.000237 -0.009465 0.016087 0.007127
    57 0.000586 0.100342 -0.000319 -0.120035 -0.021926 -0.209617
    58 -0.161663 0.051712 0.194808 -2.941982 0.122408 -0.060194
    59 2.010090 -0.003202 -0.003377 -0.000066 -0.000011 1.303692
    60 0.000237 0.099800 -0.000395 -0.018823 0.010833 -0.239219
    61 -0.203197 0.048607 0.069150 -3.093332 0.033217 -0.046722
    62 1.180426 -0.002312 0.000781 0.000046 -0.000012 1.141238
    63 -0.000196 0.099625 -0.000034 0.000000 0.000000 -0.314102
    64 -0.088737 -0.688435 -0.145203 2.930407 -0.136130 0.513013
    65 1.712069 -0.003328 0.003818 -0.027398 0.005217 1.564115
    66 -0.000576 0.100143 -0.000311 -0.010914 0.023131 -0.260843
    67 -0.146027 -0.232426 -0.014225 3.028455 -0.094299 0.113020
    68 1.290634 0.000361 -0.000036 0.000000 0.000000 0.437470
    69 -0.658119 -0.003576 0.072643 -0.142711 0.027792 -0.077299
    70 1.868078 -0.003049 0.002177 -0.000021 -0.000045 1.450101
    71 1.200075 0.399942 -0.000093 0.009465 -0.016087 0.007127
    72 0.000589 0.100342 0.000319 0.120035 0.021926 -0.209617
    73 0.068073 0.002283 -0.080050 3.111376 -0.069366 -0.060847
    74 2.011874 -0.001179 0.002180 0.000035 -0.000025 1.379032
    75 0.000233 0.099800 0.000395 0.018823 -0.010833 -0.239219
    76 -0.018673 -0.001009 0.047544 3.109244 0.002635 -0.106673
    77 1.178665 0.001595 0.000845 0.000030 0.000035 0.743962
    78 -0.000196 0.099628 0.000034 0.000000 0.000000 -0.314102
    79 0.036894 -0.634449 0.266284 -2.801062 0.174301 0.490915
    80 1.708256 -0.002504 -0.000686 -0.000046 0.000035 1.160556
    81 -0.000580 0.100140 0.000311 0.010910 -0.023132 -0.260845
    82 -0.003952 -0.281811 0.115047 -3.059162 0.089004 0.167964
    83 1.289625 0.000042 0.000061 -0.000025 0.000002 0.672669
    84 -0.171526 -0.018150 -0.099873 0.013484 -0.062184 -0.011781
    85 0.916622 0.003336 0.001326 0.000019 0.000057 0.711795
    86 -0.342617 0.053402 -0.025571 -2.909301 -0.017248 0.075276
    87 1.100231 -0.000928 -0.002434 0.000009 0.000002 0.678016
    88 -0.384979 0.331001 0.006848 -3.087207 -0.018765 -0.184278
    89 0.678146 0.002286 -0.003905 -0.000006 0.000005 1.104311
    90 -0.123848 0.072738 0.029507 2.898184 -0.060627 0.094835
    91 1.017166 -0.000154 -0.000252 0.000001 -0.000002 0.527937
    92 -0.344990 0.123129 0.143151 2.994981 0.012396 0.059140
    93 -0.730989 0.177046 0.039141 -0.123731 0.076518 -0.084310
    94 0.921993 0.001298 -0.000896 -0.000014 -0.000023 0.471806
    95 -0.124023 -0.052090 0.038495 3.077813 -0.008519 0.039229
    96 1.100433 -0.003552 0.000502 0.000006 0.000006 0.545699
    97 -0.330082 0.160639 0.042780 3.128073 0.034033 -0.171236
    98 0.679764 0.001532 0.003272 -0.000010 -0.000045 0.674732
    99 -0.019512 -0.016531 0.038578 -2.763781 0.050305 0.076829
    100 1.018891 0.001206 0.001121 0.000054 -0.000005 0.497018
    101 -0.155308 0.130644 -0.021921 -3.022466 0.022433 -0.024902
    102 -0.252207 0.061937 -0.024914 -0.007671 -0.063171 -0.044392
    103 -0.085995 0.185205 -0.015180 -2.937063 -0.113970 -0.138991
    104 -0.286533 0.179852 0.024264 -3.109353 -0.049645 -0.029914
    105 -0.019482 0.147083 0.079203 2.893815 0.038585 -0.060594
    106 -0.046482 0.251896 0.129548 3.016165 0.077112 -0.042864
    107 0.039124 -0.040295 0.047739 3.084219 0.030470 -0.037414
    108 -0.233757 0.066630 0.001754 -3.133087 0.040141 -0.065412
    109 0.044266 0.020131 0.001684 -2.778763 -0.118872 -0.040488
    110 0.071495 0.074128 -0.048302 -3.035917 -0.059482 0.104366
    111 0.000000 0.000000 0.000000 0.000000 0.000000 -1.570796
    112 -3.086032 -7.855708 -2.843837 -0.023854 -0.004399 -1.568838
    113 0.000000 0.000000 0.000000 0.000000 0.000000 0.000000
    114 -3.070406 -18.254463 -3.187597 -0.023967 -0.004472 -1.568745
    115 3.096000 0.000000 -1.996000 0.000000 0.000000 0.000000
    116 3.040999 0.000000 1.202000 0.000000 0.000000 0.000000
    117 7.854000 0.000000 -0.042000 0.000000 0.000000 0.000000
    118 13.105999 0.000000 -0.006000 0.000000 0.000000 -0.000013
    119 3.456000 0.000000 -1.084000 0.000000 0.000000 0.000000
    120 1.804000 0.000000 -1.025000 0.000000 0.000000 0.000000
    121 7.098000 0.000000 -1.084000 0.000000 0.000000 0.000000
    122 1.868000 1.809000 -1.975000 -2.218497 -0.017091 -0.465758
    123 3.740000 0.000000 1.273000 0.000000 0.000000 0.000000
    124 11.956999 0.000000 -0.006000 0.000000 0.000000 0.000013
    125 6.072001 0.000000 -1.238000 0.000000 0.000000 0.000000
    126 5.690000 -0.365000 0.068000 -0.000118 -0.348941 -1.570715
    127 6.396999 0.614000 0.428000 0.000000 0.000000 0.000000
    128 3.040999 0.000000 1.202000 0.000000 0.000000 0.000000
    129 3.720000 0.000000 1.202000 0.000000 0.000000 0.000000
    130 1.086000 -0.661000 -0.149000 0.000000 0.000000 0.000000
    131 1.067000 0.589000 0.076000 0.000000 0.000000 0.000000
    132 0.000000 -0.019000 0.000000 0.000000 0.000000 0.000000
    133 0.000000 -0.019000 0.000000 0.000000 0.000000 0.000000
    134 3.300000 -0.019000 1.346000 0.000000 0.000000 0.000000
    135 -1.524000 -1.859000 -4.367000 -1.730149 -0.014933 0.208109
    136 7.283999 0.000000 -2.195000 0.000000 0.000000 0.000000
    137 -1.323000 0.000000 0.184000 0.000000 0.000000 0.000000
    138 0.082000 0.000000 1.002000 0.000000 0.000000 0.000000
    139 -19.858722 4.597797 -60.747547 0.023554 0.004634 -0.001994
    140 0.478000 0.000000 -4.537000 0.000000 0.000000 0.000000
    141 3.436000 0.000000 1.202000 0.000000 0.000000 0.000000
    142 3.040999 0.000000 1.202000 0.000000 0.000000 0.000000
    143 4.657000 0.000000 1.545000 0.000000 0.000000 0.000000
    144 -0.403000 0.000000 -0.011000 0.000000 0.000000 0.000000
    145 1.781000 0.000000 0.873000 0.000000 0.000000 0.000000
    146 0.384000 0.715000 0.801000 0.000000 0.000000 0.000000
    147 1.795000 0.533000 -1.550000 0.000000 0.000000 0.000000
    148 4.435999 0.595000 -0.954000 0.000000 0.000000 0.000000
    149 4.401999 -0.614000 -1.630000 0.000000 0.000000 0.000000
    150 4.203000 -0.003000 -0.048000 0.000000 0.000000 0.000000
    151 5.136000 0.000000 1.534000 0.000000 0.000000 0.000000
    152 11.957001 0.000000 -0.006000 0.000000 0.000000 0.000013
    153 -2.103001 0.000000 0.000000 0.000000 0.000000 0.000000
    154 -0.598001 0.000000 -0.011000 0.000000 0.000000 0.000000
    155 0.496000 0.184000 -3.523000 0.000000 0.000000 0.000000
    156 0.147000 0.184000 -0.328000 0.000000 0.000000 0.000000
    157 0.147000 0.184000 0.023000 0.000000 0.000000 0.000000
    158 0.147000 0.184000 0.368000 0.000000 0.000000 0.000000
    159 0.147000 0.184000 0.717000 0.000000 0.000000 0.000000
    160 0.147000 0.184000 1.067000 0.000000 0.000000 0.000000
    161 0.148000 0.184000 1.414000 0.000000 0.000000 0.000000
    162 0.148000 -0.074000 1.640000 0.000000 0.000000 0.000000
    163 0.435000 0.184000 -3.179000 0.000000 0.000000 0.000000
    164 0.378000 0.184000 -2.826000 0.000000 0.000000 0.000000
    165 0.329000 0.184000 -2.477000 0.000000 0.000000 0.000000
    166 0.286000 0.184000 -2.127000 0.000000 0.000000 0.000000
    167 0.252000 0.184000 -1.775000 0.000000 0.000000 0.000000
    168 0.215000 0.184000 -1.417000 0.000000 0.000000 0.000000
    169 0.190000 0.184000 -1.064000 0.000000 0.000000 0.000000
    170 0.166000 0.184000 -0.714000 0.000000 0.000000 0.000000
    171 1.622000 0.000000 1.568000 0.000000 0.000000 0.000000
    172 2.240000 0.000000 1.568000 0.000000 0.000000 0.000000
    173 0.000000 0.000000 0.000000 0.000000 0.000000 0.000000
    174 0.000000 0.000000 -4.867001 3.141572 -0.003206 -3.128592
    175 1.000088 -0.000029 0.000000 0.000000 0.000000 0.000000
    176 17.162518 -0.000404 0.000000 0.000000 0.000000 0.119207
    177 17.749374 0.295515 0.000000 0.000000 0.000000 -1.158919
    178 5.413528 0.000347 0.000000 0.000000 0.000000 -0.518029
    179 0.017887 0.299792 0.000000 0.000000 0.000000 -0.059575
    180 9.999889 -0.000303 0.000000 0.000000 0.000000 0.000000
    181 0.000000 0.000000 4.867000 -3.141572 0.003206 -3.128592
    182 1.000088 -0.000029 0.000000 0.000000 0.000000 0.000000
    183 12.283573 1.581455 -4.695999 1.462269 -0.086726 0.090185
    184 17.162518 -0.000404 0.000000 0.000000 0.000000 0.119207
    185 17.749374 0.295515 0.000000 0.000000 0.000000 -1.158919
    186 5.413528 0.000347 0.000000 0.000000 0.000000 -0.518027
    187 0.017887 0.299792 0.000000 0.000000 0.000000 -0.059573
    188 9.499836 0.000212 0.000000 0.000000 0.000000 0.000000
    189 -1.145525 0.000130 0.000671 0.000000 0.000000 0.000000
    190 -0.857691 0.104071 0.104687 0.023536 0.163924 0.013632
    191 3.999430 -0.000528 -0.000332 -0.273151 0.000000 0.000000
    192 0.599499 0.400698 0.000236 0.000000 0.000000 0.000000
    193 0.599886 0.400186 -0.000027 0.000000 0.000000 0.000000
    194 2.299677 -2.499979 -0.599480 0.891898 0.221465 -0.527213
    195 6.615128 -4.627024 0.078179 1.512685 -0.286905 0.091476
    196 -9.580679 -27.862108 -37.184677 0.812879 -0.123459 -0.568477
    197 0.649935 -0.548296 0.093658 -1.665913 -0.131399 -0.112062
    198 1.899127 0.000427 -0.000439 0.027386 -0.033311 0.477848
    199 0.657078 0.008400 0.040375 -1.665945 -0.131407 -0.000013
    200 1.799664 -0.000240 0.000231 0.027386 -0.033311 0.477848
    201 1.799664 -0.000240 0.000231 0.027386 -0.033311 0.477848
    202 1.799664 -0.000240 0.000231 0.027386 -0.033311 0.477848
    203 0.665774 0.747222 -0.029186 -1.665935 -0.131408 0.094976
    204 1.900306 -0.000137 -0.000517 0.027386 -0.033311 0.477848
    205 6.255803 -3.374086 4.821289 1.565404 1.561257 -2.764181
    206 3.999897 0.000040 0.001007 0.163745 0.000000 0.000048
    207 0.600403 0.399632 -0.000469 0.000000 0.000000 3.141593
    208 0.599890 0.400186 0.000031 0.000000 0.000000 -3.141592
    209 2.300137 -2.499413 0.600155 -0.891898 -0.221465 -0.527213
    210 12.103249 -3.649587 -1.238105 1.733490 0.203087 0.048157
    211 2.762354 0.116951 1.523975 1.629482 0.064153 1.743800
    212 7.228317 7.928200 -3.925652 2.328713 0.123459 -0.568477
    213 0.650396 -0.547731 -0.092976 1.665913 0.131399 -0.112062
    214 1.899441 -0.000320 -0.000150 -0.027386 0.033311 0.477848
    215 0.657068 0.008398 -0.040379 1.665945 0.131407 -0.000013
    216 1.799659 -0.000233 -0.000233 -0.027386 0.033311 0.477848
    217 1.799659 -0.000233 -0.000233 -0.027386 0.033311 0.477848
    218 1.799659 -0.000233 -0.000233 -0.027386 0.033311 0.477848
    219 0.665778 0.747222 0.029179 1.665935 0.131408 0.094976
    220 1.900722 0.000549 -0.000072 -0.027386 0.033311 0.477848
    221 4.530998 0.000000 0.000000 0.000000 0.000000 0.000000
    222 4.527344 0.000000 0.000000 0.000000 0.000000 0.000000
    223 0.000000 0.000000 0.000000 0.000000 0.000000 0.000000
    224 0.000000 0.000000 0.000000 0.000000 0.000000 0.000000
    225 4.000000 -6.500000 0.000000 0.000000 0.000000 0.000977
    226 -6.500000 0.000000 0.000000 0.000000 1.570752 0.000000
    227 19.262075 -3.074064 8.614677 -0.023592 -0.004576 0.002051
    228 0.280000 -0.135000 2.196999 1.570796 0.000000 -1.570735
    229 0.000000 0.000000 0.000000 0.000000 0.000000 0.000000
    230 0.000000 0.000000 0.000000 -0.000395 0.000336 -0.000096
    231 0.106000 0.000000 -64.320000 0.000000 0.000000 0.000000
    232 0.000000 0.000000 0.000000 0.000000 0.000000 0.000000
    233 -0.106000 0.000000 64.320000 0.000000 0.000000 0.000000
    234 0.003042 -0.001328 -64.319374 0.000009 0.000084 -3.141638
    235 0.000000 0.000000 0.000000 -0.000303 0.000193 -0.000090
    236 1.688000 -0.001000 -1.454002 0.000000 0.000000 0.000000
    237 -1.070999 -0.005000 0.545002 0.000000 0.000000 0.000000
    238 5.895000 0.750997 -0.156000 0.000000 0.000000 0.000000
    239 11.599999 -0.000003 -1.500002 0.000000 0.000000 0.000000
    240 1.037001 1.337997 -4.334000 -2.791227 -0.162411 -0.765711
    241 7.216001 -0.000003 -1.579000 0.000000 0.000000 0.000000
    242 4.445999 -0.000003 -1.500000 0.000000 0.000000 0.000000
    243 0.673937 -0.015635 -4.768713 -3.141592 -1.281051 3.141593
    244 0.094999 -0.144000 0.332001 0.000000 0.000000 0.000000
    245 14.209020 0.000022 0.766988 0.000000 0.000000 0.000000
    246 0.000000 0.000000 0.000000 1.570800 0.000000 -1.570796
  time 38
    0 0.000000 0.000000 0.000000 0.000000 0.000000 -1.570796
    1 -0.106750 -0.000001 -0.000351 0.000000 0.000000 0.000000
    2 0.000000 0.000000 0.000000 0.000000 0.000000 0.000000
    3 -0.904000 0.000000 -11.806000 0.000000 0.000000 0.000000
    4 0.000000 0.000000 -14.313999 1.570807 -1.570729 0.000000
    5 3.533001 0.000000 0.000000 0.000000 0.000000 0.000000
    6 6.250000 0.000000 0.000000 0.000000 0.000000 0.000000
    7 9.572857 -0.019507 -1.944020 -1.545137 1.187827 -1.546947
    8 9.570313 5.304688 2.056641 -1.552151 -1.032979 1.554747
    9 5.786820 0.002787 -0.000113 -0.793826 0.829725 -1.284365
    10 5.999492 -0.000592 -4.000343 0.000000 0.000000 0.000000
    11 5.787410 0.002582 0.000893 1.000314 -0.721424 -1.839448
    12 5.999492 -0.000592 4.000340 0.000000 0.000000 0.000000
    13 0.500225 0.000133 -0.000084 0.014377 0.000000 -0.000060
    14 11.530657 0.000349 -0.001308 0.000007 -0.000075 -1.781049
    15 -0.829338 0.893824 0.079659 -0.148839 0.047645 0.087266
    16 0.500225 0.000132 0.000072 0.015431 -0.000012 0.000036
    17 11.532495 0.000526 0.003814 0.000006 -0.000010 -1.602277
    18 -0.829586 0.894698 -0.079468 0.045377 -0.019621 0.087266
    19 10.599886 0.000105 -0.000553 -0.222875 0.000000 0.000000
    20 0.689995 -0.552533 -0.000805 0.000072 0.000035 0.890506
    21 11.042053 0.003717 0.000798 -0.491315 -0.426912 0.920701
    22 -11.814724 0.424524 -0.297680 0.247998 -0.066121 -0.042695
    23 10.599878 0.000105 0.000549 0.315797 0.000048 0.000060
    24 0.510300 -0.490032 0.000801 0.000000 -0.000011 0.801129
    25 11.041739 0.003170 -0.000568 0.231003 -0.066421 0.753619
    26 -11.663242 0.094713 0.140656 -0.068591 0.018527 -0.015099
    27 0.610300 -0.939470 0.070347 -1.655295 -0.140031 -0.175700
    28 0.639938 -0.199121 0.060192 -1.665960 -0.131392 -0.066483
    29 0.600155 1.080260 -0.339535 -1.738076 0.020730 0.107301
    30 0.610207 0.400743 -0.010098 -1.760386 -0.067668 0.011568
    31 0.630809 -0.690091 -0.232343 0.179612 -0.053930 -0.896997
    32 -0.792125 0.203736 0.461304 1.439074 -0.003453 -0.018305
    33 0.610300 -0.939469 -0.070354 1.655238 0.140141 -0.175584
    34 0.639938 -0.199121 -0.060200 1.665960 0.131428 -0.066447
    35 0.600157 1.080260 0.339531 1.741577 -0.203963 0.075961
    36 0.610205 0.400743 0.010086 1.761892 -0.015313 0.028059
    37 0.627906 -0.691394 0.232270 -1.014456 -0.861429 -0.666065
    38 -0.626031 -0.069982 -0.080517 -1.447153 0.086151 0.021559
    39 2.621377 -0.002532 -0.001438 0.267747 -0.234892 -0.031761
    40 2.658203 0.000004 -0.000001 -0.042759 0.037061 1.151136
    41 2.202488 0.003364 -0.002863 -0.034587 0.230248 0.081171
    42 0.599950 0.959236 -0.300102 -0.174544 0.000000 0.000000
    43 2.557190 -0.001967 0.002453 0.004281 0.045765 0.790050
    44 2.098929 0.000032 -0.002193 -0.596441 -0.064935 0.541383
    45 1.000000 -0.000386 -1.136719 0.000000 0.000000 0.000000
    46 -0.122641 -0.721855 0.661686 -0.486644 0.223964 0.243056
    47 2.622112 -0.000648 0.002741 -0.053008 0.086883 -0.048106
    48 2.657909 0.000687 -0.000533 0.200385 0.214695 1.264756
    49 2.200014 0.001663 0.000836 0.236792 0.017736 1.474087
    50 0.599949 0.959244 0.300102 0.174544 0.000000 0.000000
    51 2.556571 -0.000385 0.000554 0.236731 0.177110 1.399578
    52 2.103853 0.001708 -0.001011 0.124883 -0.418714 0.876962
    53 1.000000 -0.000385 1.495117 0.000000 0.000000 0.946882
    54 0.310848 -0.606446 -0.498005 0.308107 -0.197598 0.313975
    55 1.869163 -0.000835 -0.000994 0.000005 0.000015 0.370944
    56 1.200941 0.399582 -0.000237 -0.009465 0.016087 0.007127
    57 0.000586 0.100342 -0.000319 -0.120035 -0.021926 -0.209617
    58 -0.161663 0.051712 0.194808 -2.941982 0.122408 -0.060194
    59 2.010090 -0.003202 -0.003377 -0.000078 -0.000011 1.303692
    60 0.000237 0.099800 -0.000395 -0.018823 0.010833 -0.239219
    61 -0.203197 0.048607 0.069150 -3.093332 0.033217 -0.046722
    62 1.180426 -0.002312 0.000781 0.000046 -0.000024 1.141238
    63 -0.000196 0.099625 -0.000034 0.000000 0.000000 -0.314102
    64 -0.088737 -0.688435 -0.145203 2.930407 -0.136130 0.513013
    65 1.712069 -0.003328 0.003818 -0.027410 0.005217 1.564115
    66 -0.000576 0.100143 -0.000311 -0.010914 0.023131 -0.260843
    67 -0.146027 -0.232426 -0.014225 3.028455 -0.094299 0.113020
    68 1.290634 0.000361 -0.000036 0.000000 0.000000 0.437470
    69 -0.658119 -0.003576 0.072643 -0.142711 0.027792 -0.077299
    70 1.868078 -0.003049 0.002177 -0.000033 -0.000045 1.450101
    71 1.200075 0.399942 -0.000093 0.009465 -0.016087 0.007127
    72 0.000589 0.100342 0.000319 0.120035 0.021926 -0.209617
    73 0.068073 0.002283 -0.080050 3.111376 -0.069366 -0.060847
    74 2.011874 -0.001179 0.002180 0.000035 -0.000037 1.379032
    75 0.000233 0.099800 0.000395 0.018823 -0.010833 -0.239219
    76 -0.018673 -0.001009 0.047544 3.109244 0.002635 -0.106673
    77 1.178665 0.001595 0.000845 0.000030 0.000047 0.743962
    78 -0.000196 0.099628 0.000034 0.000000 0.000000 -0.314102
    79 0.036894 -0.634449 0.266284 -2.801062 0.174301 0.490915
    80 1.708256 -0.002504 -0.000686 -0.000046 0.000035 1.160590
    81 -0.000580 0.100140 0.000311 0.010910 -0.023132 -0.260845
    82 -0.003952 -0.281811 0.115047 -3.059162 0.089004 0.167964
    83 1.289625 0.000042 0.000061 -0.000014 0.000002 0.672669
    84 -0.171526 -0.018150 -0.099873 0.013484 -0.062184 -0.011781
    85 0.916622 0.003336 0.001326 0.000031 0.000057 0.711795
    86 -0.342617 0.053402 -0.025571 -2.909301 -0.017248 0.075276
    87 1.100231 -0.000928 -0.002434 0.000009 0.000002 0.678016
    88 -0.384979 0.331001 0.006848 -3.087207 -0.018765 -0.184278
    89 0.678146 0.002286 -0.003905 -0.000006 -0.000007 1.104311
    90 -0.123848 0.072738 0.029507 2.898184 -0.060627 0.094835
    91 1.017166 -0.000154 -0.000252 0.000001 -0.000002 0.527889
    92 -0.344990 0.123129 0.143151 2.994981 0.012396 0.059140
    93 -0.730989 0.177046 0.039141 -0.123731 0.076518 -0.084310
    94 0.921993 0.001298 -0.000896 -0.000002 -0.000011 0.471806
    95 -0.124023 -0.052090 0.038495 3.077813 -0.008519 0.039229
    96 1.100433 -0.003552 0.000502 0.000006 0.000006 0.545699
    97 -0.330082 0.160639 0.042780 3.128073 0.034033 -0.171236
    98 0.679764 0.001532 0.003272 -0.000010 -0.000045 0.674732
    99 -0.019512 -0.016531 0.038578 -2.763781 0.050305 0.076829
    100 1.018891 0.001206 0.001121 0.000054 -0.000005 0.497018
    101 -0.155308 0.130644 -0.021921 -3.022466 0.022433 -0.024902
    102 -0.252207 0.061937 -0.024914 -0.007671 -0.063171 -0.044392
    103 -0.085995 0.185205 -0.015180 -2.937063 -0.113970 -0.138991
    104 -0.286533 0.179852 0.024264 -3.109353 -0.049645 -0.029914
    105 -0.019482 0.147083 0.079203 2.893815 0.038585 -0.060594
    106 -0.046482 0.251896 0.129548 3.016165 0.077112 -0.042864
    107 0.039124 -0.040295 0.047739 3.084219 0.030470 -0.037414
    108 -0.233757 0.066630 0.001754 -3.133087 0.040141 -0.065412
    109 0.044266 0.020131 0.001684 -2.778763 -0.118872 -0.040488
    110 0.071495 0.074128 -0.048302 -3.035917 -0.059482 0.104366
    111 0.000000 0.000000 0.000000 0.000000 0.000000 -1.570796
    112 -3.117283 -7.824458 -2.847743 -0.038621 -0.001644 -1.570050
    113 0.000000 0.000000 0.000000 0.000000 0.000000 0.000000
    114 -3.121189 -18.223212 -3.218848 -0.038624 -0.001789 -1.570144
    115 3.096000 0.000000 -1.996000 0.000000 0.000000 0.000000
    116 3.040999 0.000000 1.202000 0.000000 0.000000 0.000000
    117 7.854000 0.000000 -0.042000 0.000000 0.000000 0.000000
    118 13.105999 0.000000 -0.006000 0.000000 0.000000 -0.000013
    119 3.456000 0.000000 -1.084000 0.000000 0.000000 0.000000
    120 1.804000 0.000000 -1.025000 0.000000 0.000000 0.000000
    121 7.098000 0.000000 -1.084000 0.000000 0.000000 0.000000
    122 1.868000 1.809000 -1.975000 -2.218497 -0.017091 -0.465758
    123 3.740000 0.000000 1.273000 0.000000 0.000000 0.000000
    124 11.956999 0.000000 -0.006000 0.000000 0.000000 0.000013
    125 6.072001 0.000000 -1.238000 0.000000 0.000000 0.000000
    126 5.690000 -0.365000 0.068000 -0.000118 -0.348941 -1.570715
    127 6.396999 0.614000 0.428000 0.000000 0.000000 0.000000
    128 3.040999 0.000000 1.202000 0.000000 0.000000 0.000000
    129 3.720000 0.000000 1.202000 0.000000 0.000000 0.000000
    130 1.086000 -0.661000 -0.149000 0.000000 0.000000 0.000000
    131 1.067000 0.589000 0.076000 0.000000 0.000000 0.000000
    132 0.000000 -0.019000 0.000000 0.000000 0.000000 0.000000
    133 0.000000 -0.019000 0.000000 0.000000 0.000000 0.000000
    134 3.300000 -0.019000 1.346000 0.000000 0.000000 0.000000
    135 -1.524000 -1.859000 -4.367000 -1.730149 -0.014933 0.208109
    136 7.283999 0.000000 -2.195000 0.000000 0.000000 0.000000
    137 -1.323000 0.000000 0.184000 0.000000 0.000000 0.000000
    138 0.082000 0.000000 1.002000 0.000000 0.000000 0.000000
    139 -19.659497 5.547044 -60.704577 0.038369 0.001892 -0.000760
    140 0.478000 0.000000 -4.537000 0.000000 0.000000 0.000000
    141 3.436000 0.000000 1.202000 0.000000 0.000000 0.000000
    142 3.040999 0.000000 1.202000 0.000000 0.000000 0.000000
    143 4.657000 0.000000 1.545000 0.000000 0.000000 0.000000
    144 -0.403000 0.000000 -0.011000 0.000000 0.000000 0.000000
    145 1.781000 0.000000 0.873000 0.000000 0.000000 0.000000
    146 0.384000 0.715000 0.801000 0.000000 0.000000 0.000000
    147 1.795000 0.533000 -1.550000 0.000000 0.000000 0.000000
    148 4.435999 0.595000 -0.954000 0.000000 0.000000 0.000000
    149 4.401999 -0.614000 -1.630000 0.000000 0.000000 0.000000
    150 4.203000 -0.003000 -0.048000 0.000000 0.000000 0.000000
    151 5.136000 0.000000 1.534000 0.000000 0.000000 0.000000
    152 11.957001 0.000000 -0.006000 0.000000 0.000000 0.000013
    153 -2.103001 0.000000 0.000000 0.000000 0.000000 0.000000
    154 -0.598001 0.000000 -0.011000 0.000000 0.000000 0.000000
    155 0.496000 0.184000 -3.523000 0.000000 0.000000 0.000000
    156 0.147000 0.184000 -0.328000 0.000000 0.000000 0.000000
    157 0.147000 0.184000 0.023000 0.000000 0.000000 0.000000
    158 0.147000 0.184000 0.368000 0.000000 0.000000 0.000000
    159 0.147000 0.184000 0.717000 0.000000 0.000000 0.000000
    160 0.147000 0.184000 1.067000 0.000000 0.000000 0.000000
    161 0.148000 0.184000 1.414000 0.000000 0.000000 0.000000
    162 0.148000 -0.074000 1.640000 0.000000 0.000000 0.000000
    163 0.435000 0.184000 -3.179000 0.000000 0.000000 0.000000
    164 0.378000 0.184000 -2.826000 0.000000 0.000000 0.000000
    165 0.329000 0.184000 -2.477000 0.000000 0.000000 0.000000
    166 0.286000 0.184000 -2.127000 0.000000 0.000000 0.000000
    167 0.252000 0.184000 -1.775000 0.000000 0.000000 0.000000
    168 0.215000 0.184000 -1.417000 0.000000 0.000000 0.000000
    169 0.190000 0.184000 -1.064000 0.000000 0.000000 0.000000
    170 0.166000 0.184000 -0.714000 0.000000 0.000000 0.000000
    171 1.622000 0.000000 1.568000 0.000000 0.000000 0.000000
    172 2.240000 0.000000 1.568000 0.000000 0.000000 0.000000
    173 0.000000 0.000000 0.000000 0.000000 0.000000 0.000000
    174 0.000000 0.000000 -4.867001 3.141572 -0.003206 -3.128592
    175 1.000088 -0.000029 0.000000 0.000000 0.000000 0.000000
    176 17.162518 -0.000404 0.000000 0.000000 0.000000 0.119207
    177 17.749374 0.295515 0.000000 0.000000 0.000000 -1.158919
    178 5.413528 0.000347 0.000000 0.000000 0.000000 -0.518029
    179 0.017887 0.299792 0.000000 0.000000 0.000000 -0.059575
    180 9.999889 -0.000303 0.000000 0.000000 0.000000 0.000000
    181 0.000000 0.000000 4.867000 -3.141572 0.003206 -3.128592
    182 1.000088 -0.000029 0.000000 0.000000 0.000000 0.000000
    183 12.283573 1.581455 -4.695999 1.462269 -0.086726 0.090185
    184 17.162518 -0.000404 0.000000 0.000000 0.000000 0.119207
    185 17.749374 0.295515 0.000000 0.000000 0.000000 -1.158919
    186 5.413528 0.000347 0.000000 0.000000 0.000000 -0.518027
    187 0.017887 0.299792 0.000000 0.000000 0.000000 -0.059573
    188 9.499836 0.000212 0.000000 0.000000 0.000000 0.000000
    189 -1.145525 0.000130 0.000671 0.000000 0.000000 0.000000
    190 -0.857691 0.104071 0.104687 0.023536 0.163924 0.013632
    191 3.999430 -0.000528 -0.000332 -0.278605 0.000000 0.000000
    192 0.599499 0.400698 0.000236 0.000000 0.000000 0.000000
    193 0.599886 0.400186 -0.000027 0.000000 0.000000 0.000000
    194 2.299677 -2.499979 -0.599480 0.891898 0.221465 -0.527213
    195 6.615128 -4.627024 0.078179 1.512685 -0.286905 0.091476
    196 -9.580679 -27.862108 -37.184677 0.812879 -0.123459 -0.568477
    197 0.649935 -0.548296 0.093658 -1.665913 -0.131399 -0.112062
    198 1.899127 0.000427 -0.000439 0.027386 -0.033311 0.477848
    199 0.657078 0.008400 0.040375 -1.665945 -0.131407 -0.000013
    200 1.799664 -0.000240 0.000231 0.027386 -0.033311 0.477848
    201 1.799664 -0.000240 0.000231 0.027386 -0.033311 0.477848
    202 1.799664 -0.000240 0.000231 0.027386 -0.033311 0.477848
    203 0.665774 0.747222 -0.029186 -1.665935 -0.131408 0.094976
    204 1.900306 -0.000137 -0.000517 0.027386 -0.033311 0.477848
    205 6.255803 -3.374086 4.821289 1.565404 1.561257 -2.764181
    206 3.999897 0.000040 0.001007 0.157934 0.000000 0.000000
    207 0.600403 0.399632 -0.000469 0.000000 0.000000 -3.141496
    208 0.599890 0.400186 0.000031 0.000000 0.000000 3.141497
    209 2.300137 -2.499413 0.600155 -0.891898 -0.221465 -0.527213
    210 12.103249 -3.649587 -1.234199 1.733490 0.203087 0.048157
    211 2.762354 0.116951 1.523975 1.629482 0.064153 1.743800
    212 7.228317 7.928200 -3.925652 2.328713 0.123459 -0.568477
    213 0.650396 -0.547731 -0.092976 1.665913 0.131399 -0.112062
    214 1.899441 -0.000320 -0.000150 -0.027386 0.033311 0.477848
    215 0.657068 0.008398 -0.040379 1.665945 0.131407 -0.000013
    216 1.799659 -0.000233 -0.000233 -0.027386 0.033311 0.477848
    217 1.799659 -0.000233 -0.000233 -0.027386 0.033311 0.477848
    218 1.799659 -0.000233 -0.000233 -0.027386 0.033311 0.477848
    219 0.665778 0.747222 0.029179 1.665935 0.131408 0.094976
    220 1.900722 0.000549 -0.000072 -0.027386 0.033311 0.477848
    221 4.530998 0.000000 0.000000 0.000000 0.000000 0.000000
    222 4.527344 0.000000 0.000000 0.000000 0.000000 0.000000
    223 0.000000 0.000000 0.000000 0.000000 0.000000 0.000000
    224 0.000000 0.000000 0.000000 0.000000 0.000000 0.000000
    225 4.000000 -6.500000 0.000000 0.000000 0.000000 0.000977
    226 -6.500000 0.000000 0.000000 0.000000 1.570752 0.000000
    227 19.230824 -3.124846 8.583426 -0.038359 -0.001866 0.000839
    228 0.280000 -0.135000 2.196999 1.570796 0.000000 -1.570735
    229 0.000000 0.000000 0.000000 0.000000 0.000000 0.000000
    230 0.000000 0.000000 0.000000 0.000000 0.000000 0.000000
    231 0.106000 0.000000 -64.320000 0.000000 0.000000 0.000000
    232 0.000000 0.000000 0.000000 0.000000 0.000000 0.000000
    233 -0.106000 0.000000 64.320000 0.000000 0.000000 0.000000
    234 0.003042 -0.001328 -64.319374 0.000009 0.000084 -3.141638
    235 0.000000 0.000000 0.000000 -0.000303 0.000193 -0.000090
    236 1.688000 -0.001000 -1.454002 0.000000 0.000000 0.000000
    237 -1.070999 -0.005000 0.545002 0.000000 0.000000 0.000000
    238 5.895000 0.750997 -0.156000 0.000000 0.000000 0.000000
    239 11.599999 -0.000003 -1.500002 0.000000 0.000000 0.000000
    240 1.037001 1.337997 -4.334000 -2.791227 -0.162411 -0.765711
    241 7.216001 -0.000003 -1.579000 0.000000 0.000000 0.000000
    242 4.445999 -0.000003 -1.500000 0.000000 0.000000 0.000000
    243 0.673937 -0.015635 -4.768713 -3.141592 -1.281051 3.141593
    244 0.094999 -0.144000 0.332001 0.000000 0.000000 0.000000
    245 14.209020 0.000022 0.766988 0.000000 0.000000 0.000000
    246 0.000000 0.000000 0.000000 1.570800 0.000000 -1.570796
  time 39
    0 0.000000 0.000000 0.000000 0.000000 0.000000 -1.570796
    1 -0.106750 -0.000001 -0.000351 0.000000 0.000000 0.000000
    2 0.000000 0.000000 0.000000 0.000000 0.000000 0.000000
    3 -0.904000 0.000000 -11.806000 0.000000 0.000000 0.000000
    4 0.000000 0.000000 -14.313999 1.570807 -1.570729 0.000000
    5 3.533001 0.000000 0.000000 0.000000 0.000000 0.000000
    6 6.250000 0.000000 0.000000 0.000000 0.000000 0.000000
    7 9.572857 -0.019507 -1.944020 -1.545137 1.187827 -1.546947
    8 9.570313 5.304688 2.056641 -1.552151 -1.032979 1.554747
    9 5.786820 0.002787 -0.000113 -0.792297 0.829725 -1.286949
    10 5.999492 -0.000592 -4.000343 0.000000 0.000000 0.000000
    11 5.787410 0.002582 0.000893 0.998604 -0.721377 -1.835914
    12 5.999492 -0.000592 4.000340 0.000000 0.000000 0.000000
    13 0.500225 0.000133 -0.000084 0.012102 0.000000 0.000000
    14 11.530657 0.000349 -0.001308 0.000031 0.000057 -1.779668
    15 -0.829338 0.893824 0.079659 -0.148839 0.047645 0.087266
    16 0.500225 0.000132 0.000072 0.016223 0.000000 0.000060
    17 11.532495 0.000526 0.003814 -0.000042 -0.000046 -1.605187
    18 -0.829586 0.894698 -0.079468 0.045377 -0.019621 0.087266
    19 10.599886 0.000105 -0.000553 -0.224840 0.000000 0.000024
    20 0.686089 -0.552533 -0.000805 0.000000 0.000011 0.889815
    21 11.042053 0.003717 0.000798 -0.498765 -0.430296 0.921001
    22 -11.814724 0.424524 -0.297680 0.247998 -0.066121 -0.042695
    23 10.599878 0.000105 0.000549 0.311428 0.000000 0.000000
    24 0.514207 -0.493938 0.000801 0.000000 -0.000011 0.802594
    25 11.041739 0.003170 -0.000568 0.226751 -0.069004 0.757940
    26 -11.663242 0.094713 0.140656 -0.068591 0.018527 -0.015099
    27 0.610300 -0.939470 0.070347 -1.655295 -0.140031 -0.175712
    28 0.639938 -0.199121 0.060192 -1.665960 -0.131392 -0.066483
    29 0.600155 1.080260 -0.339535 -1.738076 0.020730 0.107301
    30 0.610207 0.400743 -0.010098 -1.760386 -0.067668 0.011556
    31 0.630809 -0.690091 -0.232343 0.179612 -0.053930 -0.897034
    32 -0.792125 0.203736 0.461304 1.439074 -0.003453 -0.018305
    33 0.610300 -0.939469 -0.070354 1.655238 0.140141 -0.175584
    34 0.639938 -0.199121 -0.060200 1.665960 0.131428 -0.066447
    35 0.600157 1.080260 0.339531 1.741577 -0.203963 0.075949
    36 0.610205 0.400743 0.010086 1.761892 -0.015301 0.028071
    37 0.627906 -0.691394 0.232270 -1.014423 -0.861450 -0.666065
    38 -0.626031 -0.069982 -0.080517 -1.447153 0.086151 0.021559
    39 2.621377 -0.002532 -0.001438 0.267767 -0.234892 -0.031761
    40 2.658203 0.000004 -0.000001 -0.042759 0.037061 1.151136
    41 2.202488 0.003364 -0.002863 -0.034587 0.230248 0.081171
    42 0.599950 0.959236 -0.300102 -0.174544 0.000000 0.000000
    43 2.557190 -0.001967 0.002453 0.004281 0.045765 0.790050
    44 2.098929 0.000032 -0.002193 -0.596441 -0.064935 0.541383
    45 1.000000 -0.000386 -1.136719 0.000000 0.000000 0.000000
    46 -0.122641 -0.721855 0.661686 -0.486644 0.223964 0.243056
    47 2.622112 -0.000648 0.002741 -0.053008 0.086883 -0.048142
    48 2.657909 0.000687 -0.000533 0.200385 0.214683 1.264756
    49 2.200014 0.001663 0.000836 0.236792 0.017724 1.474044
    50 0.599949 0.959244 0.300102 0.174544 0.000000 0.000000
    51 2.556571 -0.000385 0.000554 0.236731 0.177110 1.399578
    52 2.103853 0.001708 -0.001011 0.124896 -0.418726 0.876962
    53 1.000000 -0.000385 1.495117 0.000000 0.000000 0.946882
    54 0.310848 -0.606446 -0.498005 0.308107 -0.197598 0.313975
    55 1.869163 -0.000835 -0.000994 -0.000007 0.000003 0.370944
    56 1.200941 0.399582 -0.000237 -0.009465 0.016087 0.007127
    57 0.000586 0.100342 -0.000319 -0.120035 -0.021926 -0.209617
    58 -0.161663 0.051712 0.194808 -2.941982 0.122408 -0.060194
    59 2.010090 -0.003202 -0.003377 -0.000078 0.000001 1.303645
    60 0.000237 0.099800 -0.000395 -0.018823 0.010833 -0.239219
    61 -0.203197 0.048607 0.069150 -3.093332 0.033217 -0.046722
    62 1.180426 -0.002312 0.000781 0.000046 -0.000024 1.141238
    63 -0.000196 0.099625 -0.000034 0.000000 0.000000 -0.314102
    64 -0.088737 -0.688435 -0.145203 2.930407 -0.136130 0.513013
    65 1.712069 -0.003328 0.003818 -0.027422 0.005217 1.564115
    66 -0.000576 0.100143 -0.000311 -0.010914 0.023131 -0.260843
    67 -0.146027 -0.232426 -0.014225 3.028455 -0.094299 0.113020
    68 1.290634 0.000361 -0.000036 0.000000 0.000000 0.437470
    69 -0.658119 -0.003576 0.072643 -0.142711 0.027792 -0.077299
    70 1.868078 -0.003049 0.002177 -0.000033 -0.000057 1.450101
    71 1.200075 0.399942 -0.000093 0.009465 -0.016087 0.007127
    72 0.000589 0.100342 0.000319 0.120035 0.021926 -0.209617
    73 0.068073 0.002283 -0.080050 3.111376 -0.069366 -0.060847
    74 2.011874 -0.001179 0.002180 0.000035 -0.000049 1.379032
    75 0.000233 0.099800 0.000395 0.018823 -0.010833 -0.239219
    76 -0.018673 -0.001009 0.047544 3.109244 0.002635 -0.106673
    77 1.178665 0.001595 0.000845 0.000030 0.000047 0.743962
    78 -0.000196 0.099628 0.000034 0.000000 0.000000 -0.314102
    79 0.036894 -0.634449 0.266284 -2.801062 0.174301 0.490915
    80 1.708256 -0.002504 -0.000686 -0.000058 0.000035 1.160590
    81 -0.000580 0.100140 0.000311 0.010910 -0.023132 -0.260845
    82 -0.003952 -0.281811 0.115047 -3.059162 0.089004 0.167964
    83 1.289625 0.000042 0.000061 -0.000002 0.000002 0.672669
    84 -0.171526 -0.018150 -0.099873 0.013484 -0.062184 -0.011781
    85 0.916622 0.003336 0.001326 0.000031 0.000068 0.711795
    86 -0.342617 0.053402 -0.025571 -2.909301 -0.017248 0.075276
    87 1.100231 -0.000928 -0.002434 0.000009 0.000002 0.678016
    88 -0.384979 0.331001 0.006848 -3.087207 -0.018765 -0.184278
    89 0.678146 0.002286 -0.003905 -0.000006 -0.000007 1.104311
    90 -0.123848 0.072738 0.029507 2.898184 -0.060627 0.094835
    91 1.017166 -0.000154 -0.000252 -0.000011 -0.000002 0.527889
    92 -0.344990 0.123129 0.143151 2.994981 0.012396 0.059140
    93 -0.730989 0.177046 0.039141 -0.123731 0.076518 -0.084310
    94 0.921993 0.001298 -0.000896 -0.000002 -0.000011 0.471806
    95 -0.124023 -0.052090 0.038495 3.077813 -0.008519 0.039229
    96 1.100433 -0.003552 0.000502 -0.000006 0.000006 0.545699
    97 -0.330082 0.160639 0.042780 3.128073 0.034033 -0.171236
    98 0.679764 0.001532 0.003272 -0.000010 -0.000057 0.674732
    99 -0.019512 -0.016531 0.038578 -2.763781 0.050305 0.076829
    100 1.018891 0.001206 0.001121 0.000066 -0.000005 0.497018
    101 -0.155308 0.130644 -0.021921 -3.022466 0.022433 -0.024902
    102 -0.252207 0.061937 -0.024914 -0.007671 -0.063171 -0.044392
    103 -0.085995 0.185205 -0.015180 -2.937063 -0.113970 -0.138991
    104 -0.286533 0.179852 0.024264 -3.109353 -0.049645 -0.029914
    105 -0.019482 0.147083 0.079203 2.893815 0.038585 -0.060594
    106 -0.046482 0.251896 0.129548 3.016165 0.077112 -0.042864
    107 0.039124 -0.040295 0.047739 3.084219 0.030470 -0.037414
    108 -0.233757 0.066630 0.001754 -3.133087 0.040141 -0.065412
    109 0.044266 0.020131 0.001684 -2.778763 -0.118872 -0.040488
    110 0.071495 0.074128 -0.048302 -3.035917 -0.059482 0.104366
    111 0.000000 0.000000 0.000000 0.000000 0.000000 -1.570796
    112 -3.125095 -7.812738 -2.847743 -0.044475 0.000000 -1.570703
    113 0.000000 0.000000 0.000000 0.000000 0.000000 0.000000
    114 -3.136814 -18.211493 -3.238380 -0.044616 -0.000045 -1.570796
    115 3.096000 0.000000 -1.996000 0.000000 0.000000 0.000000
    116 3.040999 0.000000 1.202000 0.000000 0.000000 0.000000
    117 7.854000 0.000000 -0.042000 0.000000 0.000000 0.000000
    118 13.105999 0.000000 -0.006000 0.000000 0.000000 -0.000013
    119 3.456000 0.000000 -1.084000 0.000000 0.000000 0.000000
    120 1.804000 0.000000 -1.025000 0.000000 0.000000 0.000000
    121 7.098000 0.000000 -1.084000 0.000000 0.000000 0.000000
    122 1.868000 1.809000 -1.975000 -2.218497 -0.017091 -0.465758
    123 3.740000 0.000000 1.273000 0.000000 0.000000 0.000000
    124 11.956999 0.000000 -0.006000 0.000000 0.000000 0.000013
    125 6.072001 0.000000 -1.238000 0.000000 0.000000 0.000000
    126 5.690000 -0.365000 0.068000 -0.000118 -0.348941 -1.570715
    127 6.396999 0.614000 0.428000 0.000000 0.000000 0.000000
    128 3.040999 0.000000 1.202000 0.000000 0.000000 0.000000
    129 3.720000 0.000000 1.202000 0.000000 0.000000 0.000000
    130 1.086000 -0.661000 -0.149000 0.000000 0.000000 0.000000
    131 1.067000 0.589000 0.076000 0.000000 0.000000 0.000000
    132 0.000000 -0.019000 0.000000 0.000000 0.000000 0.000000
    133 0.000000 -0.019000 0.000000 0.000000 0.000000 0.000000
    134 3.300000 -0.019000 1.346000 0.000000 0.000000 0.000000
    135 -1.524000 -1.859000 -4.367000 -1.730149 -0.014933 0.208109
    136 7.283999 0.000000 -2.195000 0.000000 0.000000 0.000000
    137 -1.323000 0.000000 0.184000 0.000000 0.000000 0.000000
    138 0.082000 0.000000 1.002000 0.000000 0.000000 0.000000
    139 -19.542306 5.910337 -60.688951 0.044163 0.000142 -0.000095
    140 0.478000 0.000000 -4.537000 0.000000 0.000000 0.000000
    141 3.436000 0.000000 1.202000 0.000000 0.000000 0.000000
    142 3.040999 0.000000 1.202000 0.000000 0.000000 0.000000
    143 4.657000 0.000000 1.545000 0.000000 0.000000 0.000000
    144 -0.403000 0.000000 -0.011000 0.000000 0.000000 0.000000
    145 1.781000 0.000000 0.873000 0.000000 0.000000 0.000000
    146 0.384000 0.715000 0.801000 0.000000 0.000000 0.000000
    147 1.795000 0.533000 -1.550000 0.000000 0.000000 0.000000
    148 4.435999 0.595000 -0.954000 0.000000 0.000000 0.000000
    149 4.401999 -0.614000 -1.630000 0.000000 0.000000 0.000000
    150 4.203000 -0.003000 -0.048000 0.000000 0.000000 0.000000
    151 5.136000 0.000000 1.534000 0.000000 0.000000 0.000000
    152 11.957001 0.000000 -0.006000 0.000000 0.000000 0.000013
    153 -2.103001 0.000000 0.000000 0.000000 0.000000 0.000000
    154 -0.598001 0.000000 -0.011000 0.000000 0.000000 0.000000
    155 0.496000 0.184000 -3.523000 0.000000 0.000000 0.000000
    156 0.147000 0.184000 -0.328000 0.000000 0.000000 0.000000
    157 0.147000 0.184000 0.023000 0.000000 0.000000 0.000000
    158 0.147000 0.184000 0.368000 0.000000 0.000000 0.000000
    159 0.147000 0.184000 0.717000 0.000000 0.000000 0.000000
    160 0.147000 0.184000 1.067000 0.000000 0.000000 0.000000
    161 0.148000 0.184000 1.414000 0.000000 0.000000 0.000000
    162 0.148000 -0.074000 1.640000 0.000000 0.000000 0.000000
    163 0.435000 0.184000 -3.179000 0.000000 0.000000 0.000000
    164 0.378000 0.184000 -2.826000 0.000000 0.000000 0.000000
    165 0.329000 0.184000 -2.477000 0.000000 0.000000 0.000000
    166 0.286000 0.184000 -2.127000 0.000000 0.000000 0.000000
    167 0.252000 0.184000 -1.775000 0.000000 0.000000 0.000000
    168 0.215000 0.184000 -1.417000 0.000000 0.000000 0.000000
    169 0.190000 0.184000 -1.064000 0.000000 0.000000 0.000000
    170 0.166000 0.184000 -0.714000 0.000000 0.000000 0.000000
    171 1.622000 0.000000 1.568000 0.000000 0.000000 0.000000
    172 2.240000 0.000000 1.568000 0.000000 0.000000 0.000000
    173 0.000000 0.000000 0.000000 0.000000 0.000000 0.000000
    174 0.000000 0.000000 -4.867001 3.141572 -0.003206 -3.128592
    175 1.000088 -0.000029 0.000000 0.000000 0.000000 0.000000
    176 17.162518 -0.000404 0.000000 0.000000 0.000000 0.119207
    177 17.749374 0.295515 0.000000 0.000000 0.000000 -1.158919
    178 5.413528 0.000347 0.000000 0.000000 0.000000 -0.518029
    179 0.017887 0.299792 0.000000 0.000000 0.000000 -0.059575
    180 9.999889 -0.000303 0.000000 0.000000 0.000000 0.000000
    181 0.000000 0.000000 4.867000 -3.141572 0.003206 -3.128592
    182 1.000088 -0.000029 0.000000 0.000000 0.000000 0.000000
    183 12.283573 1.581455 -4.695999 1.462269 -0.086726 0.090185
    184 17.162518 -0.000404 0.000000 0.000000 0.000000 0.119207
    185 17.749374 0.295515 0.000000 0.000000 0.000000 -1.158919
    186 5.413528 0.000347 0.000000 0.000000 0.000000 -0.518027
    187 0.017887 0.299792 0.000000 0.000000 0.000000 -0.059573
    188 9.499836 0.000212 0.000000 0.000000 0.000000 0.000000
    189 -1.145525 0.000130 0.000671 0.000000 0.000000 0.000000
    190 -0.857691 0.104071 0.104687 0.023536 0.163924 0.013632
    191 3.999430 -0.000528 -0.000332 -0.281047 0.000000 0.000060
    192 0.599499 0.400698 0.000236 0.000000 0.000000 0.000000
    193 0.599886 0.400186 -0.000027 0.000000 0.000000 0.000000
    194 2.299677 -2.499979 -0.599480 0.891898 0.221465 -0.527213
    195 6.615128 -4.627024 0.078179 1.512685 -0.286905 0.091476
    196 -9.580679 -27.862108 -37.184677 0.812879 -0.123459 -0.568477
    197 0.649935 -0.548296 0.093658 -1.665913 -0.131399 -0.112062
    198 1.899127 0.000427 -0.000439 0.027386 -0.033311 0.477848
    199 0.657078 0.008400 0.040375 -1.665945 -0.131407 -0.000013
    200 1.799664 -0.000240 0.000231 0.027386 -0.033311 0.477848
    201 1.799664 -0.000240 0.000231 0.027386 -0.033311 0.477848
    202 1.799664 -0.000240 0.000231 0.027386 -0.033311 0.477848
    203 0.665774 0.747222 -0.029186 -1.665935 -0.131408 0.094976
    204 1.900306 -0.000137 -0.000517 0.027386 -0.033311 0.477848
    205 6.255803 -3.374086 4.821289 1.565404 1.561257 -2.764181
    206 3.999897 0.000040 0.001007 0.155706 0.000048 0.000060
    207 0.600403 0.399632 -0.000469 0.000000 0.000000 -3.141592
    208 0.599890 0.400186 0.000031 0.000000 0.000000 3.141497
    209 2.300137 -2.499413 0.600155 -0.891898 -0.221465 -0.527213
    210 12.103249 -3.649587 -1.234199 1.733490 0.203087 0.048157
    211 2.762354 0.116951 1.523975 1.629482 0.064153 1.743800
    212 7.228317 7.928200 -3.925652 2.328713 0.123459 -0.568477
    213 0.650396 -0.547731 -0.092976 1.665913 0.131399 -0.112062
    214 1.899441 -0.000320 -0.000150 -0.027386 0.033311 0.477848
    215 0.657068 0.008398 -0.040379 1.665945 0.131407 -0.000013
    216 1.799659 -0.000233 -0.000233 -0.027386 0.033311 0.477848
    217 1.799659 -0.000233 -0.000233 -0.027386 0.033311 0.477848
    218 1.799659 -0.000233 -0.000233 -0.027386 0.033311 0.477848
    219 0.665778 0.747222 0.029179 1.665935 0.131408 0.094976
    220 1.900722 0.000549 -0.000072 -0.027386 0.033311 0.477848
    221 4.530998 0.000000 0.000000 0.000000 0.000000 0.000000
    222 4.527344 0.000000 0.000000 0.000000 0.000000 0.000000
    223 0.000000 0.000000 0.000000 0.000000 0.000000 0.000000
    224 0.000000 0.000000 0.000000 0.000000 0.000000 0.000000
    225 4.000000 -6.500000 0.000000 0.000000 0.000000 0.000977
    226 -6.500000 0.000000 0.000000 0.000000 1.570752 0.000000
    227 19.219105 -3.140472 8.563894 -0.044126 -0.000178 0.000186
    228 0.280000 -0.135000 2.196999 1.570796 0.000000 -1.570735
    229 0.000000 0.000000 0.000000 0.000000 0.000000 0.000000
    230 0.000000 0.000000 0.000000 0.000000 0.000000 0.000000
    231 0.106000 0.000000 -64.320000 0.000000 0.000000 0.000000
    232 0.000000 0.000000 0.000000 0.000000 0.000000 0.000000
    233 -0.106000 0.000000 64.320000 0.000000 0.000000 0.000000
    234 0.003042 -0.001328 -64.319374 0.000009 0.000084 -3.141638
    235 0.000000 0.000000 0.000000 -0.000303 0.000193 -0.000090
    236 1.688000 -0.001000 -1.454002 0.000000 0.000000 0.000000
    237 -1.070999 -0.005000 0.545002 0.000000 0.000000 0.000000
    238 5.895000 0.750997 -0.156000 0.000000 0.000000 0.000000
    239 11.599999 -0.000003 -1.500002 0.000000 0.000000 0.000000
    240 1.037001 1.337997 -4.334000 -2.791227 -0.162411 -0.765711
    241 7.216001 -0.000003 -1.579000 0.000000 0.000000 0.000000
    242 4.445999 -0.000003 -1.500000 0.000000 0.000000 0.000000
    243 0.673937 -0.015635 -4.768713 -3.141592 -1.281051 3.141593
    244 0.094999 -0.144000 0.332001 0.000000 0.000000 0.000000
    245 14.209020 0.000022 0.766988 0.000000 0.000000 0.000000
    246 0.000000 0.000000 0.000000 1.570800 0.000000 -1.570796
end
