// Created by Crowbar 0.74
version 1
nodes
  0 "tag_origin" -1
  1 "tag_view" 0
  2 "tag_ads" 1
  3 "tag_torso" 2
  4 "j_mainroot" 3
  5 "j_spinelower" 4
  6 "j_spineupper" 5
  7 "j_clavicle_le" 6
  8 "j_clavicle_ri" 6
  9 "j_shoulder_le" 7
  10 "j_teres_le" 7
  11 "j_shoulder_ri" 8
  12 "j_teres_ri" 8
  13 "j_shouldertwist_le" 9
  14 "j_elbow_le" 9
  15 "ValveBiped.Bip01_L_UpperArm" 9
  16 "j_shouldertwist_ri" 11
  17 "j_elbow_ri" 11
  18 "ValveBiped.Bip01_R_UpperArm" 11
  19 "j_wristfronttwist1_le" 14
  20 "j_elbowdq_le" 14
  21 "j_wrist_le" 14
  22 "ValveBiped.Bip01_L_Forearm" 19
  23 "j_wristfronttwist1_ri" 17
  24 "j_elbowdq_ri" 17
  25 "j_wrist_ri" 17
  26 "ValveBiped.Bip01_R_Forearm" 23
  27 "j_metaindex_le_1" 21
  28 "j_metamid_le_1" 21
  29 "j_metapinky_le_1" 21
  30 "j_metaring_le_1" 21
  31 "j_thumb_le_1" 21
  32 "ValveBiped.Bip01_L_Hand" 21
  33 "j_metaindex_ri_1" 25
  34 "j_metamid_ri_1" 25
  35 "j_metapinky_ri_1" 25
  36 "j_metaring_ri_1" 25
  37 "j_thumb_ri_1" 25
  38 "ValveBiped.Bip01_R_Hand" 25
  39 "j_index_le_1" 27
  40 "j_mid_le_1" 28
  41 "j_pinky_le_1" 29
  42 "j_webbing_le_3" 29
  43 "j_ring_le_1" 30
  44 "j_thumb_le_2" 31
  45 "j_webbing_le_2" 31
  46 "ValveBiped.Bip01_L_Finger0" 31
  47 "j_index_ri_1" 33
  48 "j_mid_ri_1" 34
  49 "j_pinky_ri_1" 35
  50 "j_webbing_ri_3" 35
  51 "j_ring_ri_1" 36
  52 "j_thumb_ri_2" 37
  53 "j_webbing_ri_2" 37
  54 "ValveBiped.Bip01_R_Finger0" 37
  55 "j_index_le_2" 39
  56 "j_indexbulge_le_1" 39
  57 "j_proc_index_le_1" 39
  58 "ValveBiped.Bip01_L_Finger1" 39
  59 "j_mid_le_2" 40
  60 "j_proc_mid_le_1" 40
  61 "ValveBiped.Bip01_L_Finger2" 40
  62 "j_pinky_le_2" 41
  63 "j_proc_pinky_le_1" 41
  64 "ValveBiped.Bip01_L_Finger4" 41
  65 "j_ring_le_2" 43
  66 "j_proc_ring_le_1" 43
  67 "ValveBiped.Bip01_L_Finger3" 43
  68 "j_thumb_le_3" 44
  69 "ValveBiped.Bip01_L_Finger01" 44
  70 "j_index_ri_2" 47
  71 "j_indexbulge_ri_1" 47
  72 "j_proc_index_ri_1" 47
  73 "ValveBiped.Bip01_R_Finger1" 47
  74 "j_mid_ri_2" 48
  75 "j_proc_mid_ri_1" 48
  76 "ValveBiped.Bip01_R_Finger2" 48
  77 "j_pinky_ri_2" 49
  78 "j_proc_pinky_ri_1" 49
  79 "ValveBiped.Bip01_R_Finger4" 49
  80 "j_ring_ri_2" 51
  81 "j_proc_ring_ri_1" 51
  82 "ValveBiped.Bip01_R_Finger3" 51
  83 "j_thumb_ri_3" 52
  84 "ValveBiped.Bip01_R_Finger01" 52
  85 "j_index_le_3" 55
  86 "ValveBiped.Bip01_L_Finger11" 55
  87 "j_mid_le_3" 59
  88 "ValveBiped.Bip01_L_Finger21" 59
  89 "j_pinky_le_3" 62
  90 "ValveBiped.Bip01_L_Finger41" 62
  91 "j_ring_le_3" 65
  92 "ValveBiped.Bip01_L_Finger31" 65
  93 "ValveBiped.Bip01_L_Finger02" 68
  94 "j_index_ri_3" 70
  95 "ValveBiped.Bip01_R_Finger11" 70
  96 "j_mid_ri_3" 74
  97 "ValveBiped.Bip01_R_Finger21" 74
  98 "j_pinky_ri_3" 77
  99 "ValveBiped.Bip01_R_Finger41" 77
  100 "j_ring_ri_3" 80
  101 "ValveBiped.Bip01_R_Finger31" 80
  102 "ValveBiped.Bip01_R_Finger02" 83
  103 "ValveBiped.Bip01_L_Finger12" 85
  104 "ValveBiped.Bip01_L_Finger22" 87
  105 "ValveBiped.Bip01_L_Finger42" 89
  106 "ValveBiped.Bip01_L_Finger32" 91
  107 "ValveBiped.Bip01_R_Finger12" 94
  108 "ValveBiped.Bip01_R_Finger22" 96
  109 "ValveBiped.Bip01_R_Finger42" 98
  110 "ValveBiped.Bip01_R_Finger32" 100
  111 "ValveBiped.Anim_Attachment_RH" -1
  112 "tag_sling" -1
  113 "tag_attachments" 112
  114 "j_gun" -1
  115 "j_trigger" 112
  116 "tag_acog_2" 112
  117 "tag_barrel_attach" 112
  118 "tag_flash" 117
  119 "tag_folding_grip" 117
  120 "tag_grenade_launcher" 117
  121 "tag_grip_attach" 117
  122 "tag_ik_loc_le" 117
  123 "tag_laser_attach" 117
  124 "tag_silencer" 117
  125 "tag_grip_hide" 117
  126 "tag_brass" 112
  127 "tag_cosmetic" 112
  128 "tag_holo" 112
  129 "tag_hybrid" 112
  130 "j_hybrid_scope" 129
  131 "j_magnifier_lever" 129
  132 "tag_glass_ads2" 129
  133 "tag_glass_hip2" 129
  134 "tag_reticle_attach2" 129
  135 "tag_ik_loc_ri" 112
  136 "tag_mag_attach" 112
  137 "j_mag1" 136
  138 "j_mag_follower" 137
  139 "j_mag2" 136
  140 "tag_pistolgrip_attach" 112
  141 "tag_reflex" 112
  142 "tag_scope" 112
  143 "tag_sight_on" 112
  144 "tag_stock_attach" 112
  145 "j_charginghandle" 112
  146 "j_charginghandleassist" 112
  147 "j_firesel" 112
  148 "j_magrel" 112
  149 "j_magrel_right" 112
  150 "j_mike4_bolt" 112
  151 "tag_sight_off" 112
  152 "tag_tip" 117
  153 "j_stock" 144
  154 "tag_stock_hide" 112
  155 "j_b_01" 137
  156 "j_b_010" 137
  157 "j_b_011" 137
  158 "j_b_012" 137
  159 "j_b_013" 137
  160 "j_b_014" 137
  161 "j_b_015" 137
  162 "j_b_016" 137
  163 "j_b_02" 137
  164 "j_b_03" 137
  165 "j_b_04" 137
  166 "j_b_05" 137
  167 "j_b_06" 137
  168 "j_b_07" 137
  169 "j_b_08" 137
  170 "j_b_09" 137
  171 "tag_sight_on2" 117
  172 "tag_sight_off2" 117
  173 "tag_sync" 0
  174 "j_hip_le" 4
  175 "j_hiptwist_le" 174
  176 "j_knee_le" 174
  177 "j_ankle_le" 176
  178 "j_ball_le" 177
  179 "j_kneedq_le" 176
  180 "j_hip_proc_le" 174
  181 "j_hip_ri" 4
  182 "j_hiptwist_ri" 181
  183 "tag_stowed_thigh" 182
  184 "j_knee_ri" 181
  185 "j_ankle_ri" 184
  186 "j_ball_ri" 185
  187 "j_kneedq_ri" 184
  188 "j_hip_proc_ri" 181
  189 "j_proc_wristfronttwist1_le" 19
  190 "tag_wrist_attach_le" 189
  191 "j_shield_le" 14
  192 "j_index_le_4" 85
  193 "j_thumb_le_4" 68
  194 "j_webbing_le_1" 21
  195 "tag_weapon_left" 21
  196 "tag_accessory_left" 21
  197 "j_proc_metaindex_le_1" 21
  198 "j_proc_metaindex_le_2" 197
  199 "j_proc_metaknuckle_le_1" 21
  200 "j_proc_knuckle_le_1" 199
  201 "j_proc_idle_knuckle_le_1" 199
  202 "j_proc_orient_knuckle_le_1" 199
  203 "j_proc_metapinky_le_1" 21
  204 "j_proc_metapinky_le_2" 203
  205 "tag_carry_attach" 7
  206 "j_shield_ri" 17
  207 "j_index_ri_4" 94
  208 "j_thumb_ri_4" 83
  209 "j_webbing_ri_1" 25
  210 "tag_weapon_right" 25
  211 "tag_knife_attach2" 25
  212 "tag_accessory_right" 25
  213 "j_proc_metaindex_ri_1" 25
  214 "j_proc_metaindex_ri_2" 213
  215 "j_proc_metaknuckle_ri_1" 25
  216 "j_proc_knuckle_ri_1" 215
  217 "j_proc_idle_knuckle_ri_1" 215
  218 "j_proc_orient_knuckle_ri_1" 215
  219 "j_proc_metapinky_ri_1" 25
  220 "j_proc_metapinky_ri_2" 219
  221 "j_spine4" 6
  222 "j_chest" 221
  223 "j_proc_spineupper" 6
  224 "j_proc_spinelower" 5
  225 "j_groinprotector" 4
  226 "j_crotch" 4
  227 "tag_weapon" 3
  228 "j_bullet2" 137
  229 "tag_cambone" 1
  230 "tag_camera" 229
  231 "tag_player" 230
  232 "tag_playerhelmet" 230
  233 "tag_camera_scripted" 0
  234 "j_grenade" -1
  235 "j_gun.001" 227
  236 "j_barrel" 112
  237 "j_safety" 112
  238 "j_lever" 120
  239 "tag_flash_alt" 120
  240 "tag_ik_loc_le_launcher" 120
  241 "j_chamber" 120
  242 "j_grenade_empty" 120
  243 "j_basespring" 137
  244 "j_bullet" 137
  245 "tag_rail_attach" 112
  246 "Joints" -1
end
skeleton
  time 0
    0 0.000000 0.000000 0.000000 0.000000 0.000000 -1.570796
    1 0.000000 0.000000 0.000000 0.000000 0.000000 0.000000
    2 0.000000 0.000000 0.000000 0.000000 0.000000 0.000000
    3 0.000000 0.000000 0.000000 0.000000 0.000000 0.000000
    4 0.000000 0.000000 0.000000 0.000000 0.000000 0.000000
    5 0.000000 0.000000 0.000000 0.000000 0.000000 0.000000
    6 0.000000 0.000000 0.000000 0.000000 0.000000 0.000000
    7 0.000000 0.000000 0.000000 0.000000 0.000000 0.000000
    8 0.000000 0.000000 0.000000 0.000000 0.000000 0.000000
    9 0.000000 0.000000 0.000000 0.000000 0.000000 0.000000
    10 0.000000 0.000000 0.000000 0.000000 0.000000 0.000000
    11 0.000000 0.000000 0.000000 0.000000 0.000000 0.000000
    12 0.000000 0.000000 0.000000 0.000000 0.000000 0.000000
    13 0.000000 0.000000 0.000000 0.000000 0.000000 0.000000
    14 0.000000 0.000000 0.000000 0.000000 0.000000 0.000000
    15 0.000000 0.000000 0.000000 0.000000 0.000000 0.000000
    16 0.000000 0.000000 0.000000 0.000000 0.000000 0.000000
    17 0.000000 0.000000 0.000000 0.000000 0.000000 0.000000
    18 0.000000 0.000000 0.000000 0.000000 0.000000 0.000000
    19 0.000000 0.000000 0.000000 0.000000 0.000000 0.000000
    20 0.000000 0.000000 0.000000 0.000000 0.000000 0.000000
    21 0.000000 0.000000 0.000000 0.000000 0.000000 0.000000
    22 0.000000 0.000000 0.000000 0.000000 0.000000 0.000000
    23 0.000000 0.000000 0.000000 0.000000 0.000000 0.000000
    24 0.000000 0.000000 0.000000 0.000000 0.000000 0.000000
    25 0.000000 0.000000 0.000000 0.000000 0.000000 0.000000
    26 0.000000 0.000000 0.000000 0.000000 0.000000 0.000000
    27 0.000000 0.000000 0.000000 0.000000 0.000000 0.000000
    28 0.000000 0.000000 0.000000 0.000000 0.000000 0.000000
    29 0.000000 0.000000 0.000000 0.000000 0.000000 0.000000
    30 0.000000 0.000000 0.000000 0.000000 0.000000 0.000000
    31 0.000000 0.000000 0.000000 0.000000 0.000000 0.000000
    32 0.000000 0.000000 0.000000 0.000000 0.000000 0.000000
    33 0.000000 0.000000 0.000000 0.000000 0.000000 0.000000
    34 0.000000 0.000000 0.000000 0.000000 0.000000 0.000000
    35 0.000000 0.000000 0.000000 0.000000 0.000000 0.000000
    36 0.000000 0.000000 0.000000 0.000000 0.000000 0.000000
    37 0.000000 0.000000 0.000000 0.000000 0.000000 0.000000
    38 0.000000 0.000000 0.000000 0.000000 0.000000 0.000000
    39 0.000000 0.000000 0.000000 0.000000 0.000000 0.000000
    40 0.000000 0.000000 0.000000 0.000000 0.000000 0.000000
    41 0.000000 0.000000 0.000000 0.000000 0.000000 0.000000
    42 0.000000 0.000000 0.000000 0.000000 0.000000 0.000000
    43 0.000000 0.000000 0.000000 0.000000 0.000000 0.000000
    44 0.000000 0.000000 0.000000 0.000000 0.000000 0.000000
    45 0.000000 0.000000 0.000000 0.000000 0.000000 0.000000
    46 0.000000 0.000000 0.000000 0.000000 0.000000 0.000000
    47 0.000000 0.000000 0.000000 0.000000 0.000000 0.000000
    48 0.000000 0.000000 0.000000 0.000000 0.000000 0.000000
    49 0.000000 0.000000 0.000000 0.000000 0.000000 0.000000
    50 0.000000 0.000000 0.000000 0.000000 0.000000 0.000000
    51 0.000000 0.000000 0.000000 0.000000 0.000000 0.000000
    52 0.000000 0.000000 0.000000 0.000000 0.000000 0.000000
    53 0.000000 0.000000 0.000000 0.000000 0.000000 0.000000
    54 0.000000 0.000000 0.000000 0.000000 0.000000 0.000000
    55 0.000000 0.000000 0.000000 0.000000 0.000000 0.000000
    56 0.000000 0.000000 0.000000 0.000000 0.000000 0.000000
    57 0.000000 0.000000 0.000000 0.000000 0.000000 0.000000
    58 0.000000 0.000000 0.000000 0.000000 0.000000 0.000000
    59 0.000000 0.000000 0.000000 0.000000 0.000000 0.000000
    60 0.000000 0.000000 0.000000 0.000000 0.000000 0.000000
    61 0.000000 0.000000 0.000000 0.000000 0.000000 0.000000
    62 0.000000 0.000000 0.000000 0.000000 0.000000 0.000000
    63 0.000000 0.000000 0.000000 0.000000 0.000000 0.000000
    64 0.000000 0.000000 0.000000 0.000000 0.000000 0.000000
    65 0.000000 0.000000 0.000000 0.000000 0.000000 0.000000
    66 0.000000 0.000000 0.000000 0.000000 0.000000 0.000000
    67 0.000000 0.000000 0.000000 0.000000 0.000000 0.000000
    68 0.000000 0.000000 0.000000 0.000000 0.000000 0.000000
    69 0.000000 0.000000 0.000000 0.000000 0.000000 0.000000
    70 0.000000 0.000000 0.000000 0.000000 0.000000 0.000000
    71 0.000000 0.000000 0.000000 0.000000 0.000000 0.000000
    72 0.000000 0.000000 0.000000 0.000000 0.000000 0.000000
    73 0.000000 0.000000 0.000000 0.000000 0.000000 0.000000
    74 0.000000 0.000000 0.000000 0.000000 0.000000 0.000000
    75 0.000000 0.000000 0.000000 0.000000 0.000000 0.000000
    76 0.000000 0.000000 0.000000 0.000000 0.000000 0.000000
    77 0.000000 0.000000 0.000000 0.000000 0.000000 0.000000
    78 0.000000 0.000000 0.000000 0.000000 0.000000 0.000000
    79 0.000000 0.000000 0.000000 0.000000 0.000000 0.000000
    80 0.000000 0.000000 0.000000 0.000000 0.000000 0.000000
    81 0.000000 0.000000 0.000000 0.000000 0.000000 0.000000
    82 0.000000 0.000000 0.000000 0.000000 0.000000 0.000000
    83 0.000000 0.000000 0.000000 0.000000 0.000000 0.000000
    84 0.000000 0.000000 0.000000 0.000000 0.000000 0.000000
    85 0.000000 0.000000 0.000000 0.000000 0.000000 0.000000
    86 0.000000 0.000000 0.000000 0.000000 0.000000 0.000000
    87 0.000000 0.000000 0.000000 0.000000 0.000000 0.000000
    88 0.000000 0.000000 0.000000 0.000000 0.000000 0.000000
    89 0.000000 0.000000 0.000000 0.000000 0.000000 0.000000
    90 0.000000 0.000000 0.000000 0.000000 0.000000 0.000000
    91 0.000000 0.000000 0.000000 0.000000 0.000000 0.000000
    92 0.000000 0.000000 0.000000 0.000000 0.000000 0.000000
    93 0.000000 0.000000 0.000000 0.000000 0.000000 0.000000
    94 0.000000 0.000000 0.000000 0.000000 0.000000 0.000000
    95 0.000000 0.000000 0.000000 0.000000 0.000000 0.000000
    96 0.000000 0.000000 0.000000 0.000000 0.000000 0.000000
    97 0.000000 0.000000 0.000000 0.000000 0.000000 0.000000
    98 0.000000 0.000000 0.000000 0.000000 0.000000 0.000000
    99 0.000000 0.000000 0.000000 0.000000 0.000000 0.000000
    100 0.000000 0.000000 0.000000 0.000000 0.000000 0.000000
    101 0.000000 0.000000 0.000000 0.000000 0.000000 0.000000
    102 0.000000 0.000000 0.000000 0.000000 0.000000 0.000000
    103 0.000000 0.000000 0.000000 0.000000 0.000000 0.000000
    104 0.000000 0.000000 0.000000 0.000000 0.000000 0.000000
    105 0.000000 0.000000 0.000000 0.000000 0.000000 0.000000
    106 0.000000 0.000000 0.000000 0.000000 0.000000 0.000000
    107 0.000000 0.000000 0.000000 0.000000 0.000000 0.000000
    108 0.000000 0.000000 0.000000 0.000000 0.000000 0.000000
    109 0.000000 0.000000 0.000000 0.000000 0.000000 0.000000
    110 0.000000 0.000000 0.000000 0.000000 0.000000 0.000000
    111 0.000000 0.000000 0.000000 0.000000 0.000000 -1.570796
    112 0.000000 0.000000 0.000000 0.000000 0.000000 -1.570796
    113 0.000000 0.000000 0.000000 0.000000 0.000000 0.000000
    114 0.000000 0.000000 0.000000 0.000000 0.000000 -1.570796
    115 0.000000 0.000000 0.000000 0.000000 0.000000 0.000000
    116 0.000000 0.000000 0.000000 0.000000 0.000000 0.000000
    117 0.000000 0.000000 0.000000 0.000000 0.000000 0.000000
    118 0.000000 0.000000 0.000000 0.000000 0.000000 0.000000
    119 0.000000 0.000000 0.000000 0.000000 0.000000 0.000000
    120 0.000000 0.000000 0.000000 0.000000 0.000000 0.000000
    121 0.000000 0.000000 0.000000 0.000000 0.000000 0.000000
    122 0.000000 0.000000 0.000000 0.000000 0.000000 0.000000
    123 0.000000 0.000000 0.000000 0.000000 0.000000 0.000000
    124 0.000000 0.000000 0.000000 0.000000 0.000000 0.000000
    125 0.000000 0.000000 0.000000 0.000000 0.000000 0.000000
    126 0.000000 0.000000 0.000000 0.000000 0.000000 0.000000
    127 0.000000 0.000000 0.000000 0.000000 0.000000 0.000000
    128 0.000000 0.000000 0.000000 0.000000 0.000000 0.000000
    129 0.000000 0.000000 0.000000 0.000000 0.000000 0.000000
    130 0.000000 0.000000 0.000000 0.000000 0.000000 0.000000
    131 0.000000 0.000000 0.000000 0.000000 0.000000 0.000000
    132 0.000000 0.000000 0.000000 0.000000 0.000000 0.000000
    133 0.000000 0.000000 0.000000 0.000000 0.000000 0.000000
    134 0.000000 0.000000 0.000000 0.000000 0.000000 0.000000
    135 0.000000 0.000000 0.000000 0.000000 0.000000 0.000000
    136 0.000000 0.000000 0.000000 0.000000 0.000000 0.000000
    137 0.000000 0.000000 0.000000 0.000000 0.000000 0.000000
    138 0.000000 0.000000 0.000000 0.000000 0.000000 0.000000
    139 0.000000 0.000000 0.000000 0.000000 0.000000 0.000000
    140 0.000000 0.000000 0.000000 0.000000 0.000000 0.000000
    141 0.000000 0.000000 0.000000 0.000000 0.000000 0.000000
    142 0.000000 0.000000 0.000000 0.000000 0.000000 0.000000
    143 0.000000 0.000000 0.000000 0.000000 0.000000 0.000000
    144 0.000000 0.000000 0.000000 0.000000 0.000000 0.000000
    145 0.000000 0.000000 0.000000 0.000000 0.000000 0.000000
    146 0.000000 0.000000 0.000000 0.000000 0.000000 0.000000
    147 0.000000 0.000000 0.000000 0.000000 0.000000 0.000000
    148 0.000000 0.000000 0.000000 0.000000 0.000000 0.000000
    149 0.000000 0.000000 0.000000 0.000000 0.000000 0.000000
    150 0.000000 0.000000 0.000000 0.000000 0.000000 0.000000
    151 0.000000 0.000000 0.000000 0.000000 0.000000 0.000000
    152 0.000000 0.000000 0.000000 0.000000 0.000000 0.000000
    153 0.000000 0.000000 0.000000 0.000000 0.000000 0.000000
    154 0.000000 0.000000 0.000000 0.000000 0.000000 0.000000
    155 0.000000 0.000000 0.000000 0.000000 0.000000 0.000000
    156 0.000000 0.000000 0.000000 0.000000 0.000000 0.000000
    157 0.000000 0.000000 0.000000 0.000000 0.000000 0.000000
    158 0.000000 0.000000 0.000000 0.000000 0.000000 0.000000
    159 0.000000 0.000000 0.000000 0.000000 0.000000 0.000000
    160 0.000000 0.000000 0.000000 0.000000 0.000000 0.000000
    161 0.000000 0.000000 0.000000 0.000000 0.000000 0.000000
    162 0.000000 0.000000 0.000000 0.000000 0.000000 0.000000
    163 0.000000 0.000000 0.000000 0.000000 0.000000 0.000000
    164 0.000000 0.000000 0.000000 0.000000 0.000000 0.000000
    165 0.000000 0.000000 0.000000 0.000000 0.000000 0.000000
    166 0.000000 0.000000 0.000000 0.000000 0.000000 0.000000
    167 0.000000 0.000000 0.000000 0.000000 0.000000 0.000000
    168 0.000000 0.000000 0.000000 0.000000 0.000000 0.000000
    169 0.000000 0.000000 0.000000 0.000000 0.000000 0.000000
    170 0.000000 0.000000 0.000000 0.000000 0.000000 0.000000
    171 0.000000 0.000000 0.000000 0.000000 0.000000 0.000000
    172 0.000000 0.000000 0.000000 0.000000 0.000000 0.000000
    173 0.000000 0.000000 0.000000 0.000000 0.000000 0.000000
    174 0.000000 0.000000 0.000000 0.000000 0.000000 0.000000
    175 0.000000 0.000000 0.000000 0.000000 0.000000 0.000000
    176 0.000000 0.000000 0.000000 0.000000 0.000000 0.000000
    177 0.000000 0.000000 0.000000 0.000000 0.000000 0.000000
    178 0.000000 0.000000 0.000000 0.000000 0.000000 0.000000
    179 0.000000 0.000000 0.000000 0.000000 0.000000 0.000000
    180 0.000000 0.000000 0.000000 0.000000 0.000000 0.000000
    181 0.000000 0.000000 0.000000 0.000000 0.000000 0.000000
    182 0.000000 0.000000 0.000000 0.000000 0.000000 0.000000
    183 0.000000 0.000000 0.000000 0.000000 0.000000 0.000000
    184 0.000000 0.000000 0.000000 0.000000 0.000000 0.000000
    185 0.000000 0.000000 0.000000 0.000000 0.000000 0.000000
    186 0.000000 0.000000 0.000000 0.000000 0.000000 0.000000
    187 0.000000 0.000000 0.000000 0.000000 0.000000 0.000000
    188 0.000000 0.000000 0.000000 0.000000 0.000000 0.000000
    189 0.000000 0.000000 0.000000 0.000000 0.000000 0.000000
    190 0.000000 0.000000 0.000000 0.000000 0.000000 0.000000
    191 0.000000 0.000000 0.000000 0.000000 0.000000 0.000000
    192 0.000000 0.000000 0.000000 0.000000 0.000000 0.000000
    193 0.000000 0.000000 0.000000 0.000000 0.000000 0.000000
    194 0.000000 0.000000 0.000000 0.000000 0.000000 0.000000
    195 0.000000 0.000000 0.000000 0.000000 0.000000 0.000000
    196 0.000000 0.000000 0.000000 0.000000 0.000000 0.000000
    197 0.000000 0.000000 0.000000 0.000000 0.000000 0.000000
    198 0.000000 0.000000 0.000000 0.000000 0.000000 0.000000
    199 0.000000 0.000000 0.000000 0.000000 0.000000 0.000000
    200 0.000000 0.000000 0.000000 0.000000 0.000000 0.000000
    201 0.000000 0.000000 0.000000 0.000000 0.000000 0.000000
    202 0.000000 0.000000 0.000000 0.000000 0.000000 0.000000
    203 0.000000 0.000000 0.000000 0.000000 0.000000 0.000000
    204 0.000000 0.000000 0.000000 0.000000 0.000000 0.000000
    205 0.000000 0.000000 0.000000 0.000000 0.000000 0.000000
    206 0.000000 0.000000 0.000000 0.000000 0.000000 0.000000
    207 0.000000 0.000000 0.000000 0.000000 0.000000 0.000000
    208 0.000000 0.000000 0.000000 0.000000 0.000000 0.000000
    209 0.000000 0.000000 0.000000 0.000000 0.000000 0.000000
    210 0.000000 0.000000 0.000000 0.000000 0.000000 0.000000
    211 0.000000 0.000000 0.000000 0.000000 0.000000 0.000000
    212 0.000000 0.000000 0.000000 0.000000 0.000000 0.000000
    213 0.000000 0.000000 0.000000 0.000000 0.000000 0.000000
    214 0.000000 0.000000 0.000000 0.000000 0.000000 0.000000
    215 0.000000 0.000000 0.000000 0.000000 0.000000 0.000000
    216 0.000000 0.000000 0.000000 0.000000 0.000000 0.000000
    217 0.000000 0.000000 0.000000 0.000000 0.000000 0.000000
    218 0.000000 0.000000 0.000000 0.000000 0.000000 0.000000
    219 0.000000 0.000000 0.000000 0.000000 0.000000 0.000000
    220 0.000000 0.000000 0.000000 0.000000 0.000000 0.000000
    221 0.000000 0.000000 0.000000 0.000000 0.000000 0.000000
    222 0.000000 0.000000 0.000000 0.000000 0.000000 0.000000
    223 0.000000 0.000000 0.000000 0.000000 0.000000 0.000000
    224 0.000000 0.000000 0.000000 0.000000 0.000000 0.000000
    225 0.000000 0.000000 0.000000 0.000000 0.000000 0.000000
    226 0.000000 0.000000 0.000000 0.000000 0.000000 0.000000
    227 0.000000 0.000000 0.000000 0.000000 0.000000 0.000000
    228 0.000000 0.000000 0.000000 0.000000 0.000000 0.000000
    229 0.000000 0.000000 0.000000 0.000000 0.000000 0.000000
    230 0.000000 0.000000 0.000000 0.000000 0.000000 0.000000
    231 0.000000 0.000000 0.000000 0.000000 0.000000 0.000000
    232 0.000000 0.000000 0.000000 0.000000 0.000000 0.000000
    233 0.000000 0.000000 0.000000 0.000000 0.000000 0.000000
    234 0.000000 0.000000 0.000000 0.000000 0.000000 -1.570796
    235 0.000000 0.000000 0.000000 0.000000 0.000000 0.000000
    236 0.000000 0.000000 0.000000 0.000000 0.000000 0.000000
    237 0.000000 0.000000 0.000000 0.000000 0.000000 0.000000
    238 0.000000 0.000000 0.000000 0.000000 0.000000 0.000000
    239 0.000000 0.000000 0.000000 0.000000 0.000000 0.000000
    240 0.000000 0.000000 0.000000 0.000000 0.000000 0.000000
    241 0.000000 0.000000 0.000000 0.000000 0.000000 0.000000
    242 0.000000 0.000000 0.000000 0.000000 0.000000 0.000000
    243 0.000000 0.000000 0.000000 0.000000 0.000000 0.000000
    244 0.000000 0.000000 0.000000 0.000000 0.000000 0.000000
    245 0.000000 0.000000 0.000000 0.000000 0.000000 0.000000
    246 0.000000 0.000000 0.000000 0.000000 0.000000 -1.570796
  time 1
    0 0.000000 0.000000 0.000000 0.000000 0.000000 -1.570796
    1 0.000000 0.000000 0.000000 0.000000 0.000000 0.000000
    2 0.000000 0.000000 0.000000 0.000000 0.000000 0.000000
    3 0.000000 0.000000 0.000000 0.000000 0.000000 0.000000
    4 0.000000 0.000000 0.000000 0.000000 0.000000 0.000000
    5 0.000000 0.000000 0.000000 0.000000 0.000000 0.000000
    6 0.000000 0.000000 0.000000 0.000000 0.000000 0.000000
    7 0.000000 0.000000 0.000000 0.000000 0.000000 0.000000
    8 -0.269539 -0.183599 -0.097659 0.018334 0.029209 -0.007470
    9 0.000000 0.000000 0.000000 0.013765 0.000519 -0.006737
    10 0.000000 0.000000 0.000000 0.000000 0.000000 0.000000
    11 0.000000 0.000000 0.000000 0.000000 0.000000 0.000000
    12 0.000000 0.000000 0.000000 0.000000 0.000000 0.000000
    13 0.000000 0.000000 0.000000 -0.008144 0.000000 0.000000
    14 0.000000 0.000000 0.000000 0.000000 0.000000 0.030916
    15 0.000000 0.000000 0.000000 0.000000 0.000000 0.000000
    16 0.000000 0.000000 0.000000 0.000000 0.000000 0.000000
    17 0.000000 0.000000 0.000000 0.000000 0.000000 0.000000
    18 0.000000 0.000000 0.000000 0.000000 0.000000 0.000000
    19 0.000000 0.000000 0.000000 -0.054925 -0.000060 0.000000
    20 -0.050783 -0.003906 0.000000 0.000000 0.000000 -0.015421
    21 0.000000 0.000000 0.000000 -0.043734 -0.031334 -0.022815
    22 0.000000 0.000000 0.000000 0.000000 0.000000 0.000000
    23 0.000000 0.000000 0.000000 0.000000 0.000000 0.000000
    24 0.000000 0.000000 0.000000 0.000000 0.000000 0.000000
    25 0.000000 0.000000 0.000000 0.000000 0.000000 0.000000
    26 0.000000 0.000000 0.000000 0.000000 0.000000 0.000000
    27 0.000000 0.000000 0.000000 0.000000 0.000000 0.000000
    28 0.000000 0.000000 0.000000 0.000000 0.000000 0.000000
    29 0.000000 0.000000 0.000000 0.000000 0.000000 0.000000
    30 0.000000 0.000000 0.000000 0.000000 0.000000 0.000000
    31 0.000000 0.000000 0.000000 0.000000 0.000000 0.000000
    32 0.000000 0.000000 0.000000 0.000000 0.000000 0.000000
    33 0.000000 0.000000 0.000000 0.000000 0.000000 0.000000
    34 0.000000 0.000000 0.000000 0.000000 0.000000 0.000000
    35 0.000000 0.000000 0.000000 0.000000 0.000000 0.000000
    36 0.000000 0.000000 0.000000 0.000000 0.000000 0.000000
    37 0.000000 0.000000 0.000000 0.000000 0.000000 0.000000
    38 0.000000 0.000000 0.000000 0.000000 0.000000 0.000000
    39 0.000000 0.000000 0.000000 0.000000 0.000000 0.000000
    40 0.000000 0.000000 0.000000 0.000000 0.000000 0.000000
    41 0.000000 0.000000 0.000000 0.000000 0.000000 0.000000
    42 0.000000 0.000000 0.000000 0.000000 0.000000 0.000000
    43 0.000000 0.000000 0.000000 0.000000 0.000000 0.000000
    44 0.000000 0.000000 0.000000 0.000000 0.000000 0.000000
    45 0.000000 0.000000 0.000000 0.000000 0.000000 0.000000
    46 0.000000 0.000000 0.000000 0.000000 0.000000 0.000000
    47 0.000000 0.000000 0.000000 0.000000 0.000000 0.000000
    48 0.000000 0.000000 0.000000 0.000000 0.000000 0.000000
    49 0.000000 0.000000 0.000000 0.000000 0.000000 0.000000
    50 0.000000 0.000000 0.000000 0.000000 0.000000 0.000000
    51 0.000000 0.000000 0.000000 0.000000 0.000000 0.000000
    52 0.000000 0.000000 0.000000 0.000000 0.000000 0.000000
    53 0.000000 0.000000 0.000000 0.000000 0.000000 0.000000
    54 0.000000 0.000000 0.000000 0.000000 0.000000 0.000000
    55 0.000000 0.000000 0.000000 0.000000 0.000000 0.000000
    56 0.000000 0.000000 0.000000 0.000000 0.000000 0.000000
    57 0.000000 0.000000 0.000000 0.000000 0.000000 0.000000
    58 0.000000 0.000000 0.000000 0.000000 0.000000 0.000000
    59 0.000000 0.000000 0.000000 0.000000 0.000000 0.000000
    60 0.000000 0.000000 0.000000 0.000000 0.000000 0.000000
    61 0.000000 0.000000 0.000000 0.000000 0.000000 0.000000
    62 0.000000 0.000000 0.000000 0.000000 0.000000 0.000000
    63 0.000000 0.000000 0.000000 0.000000 0.000000 0.000000
    64 0.000000 0.000000 0.000000 0.000000 0.000000 0.000000
    65 0.000000 0.000000 0.000000 0.000000 0.000000 0.000000
    66 0.000000 0.000000 0.000000 0.000000 0.000000 0.000000
    67 0.000000 0.000000 0.000000 0.000000 0.000000 0.000000
    68 0.000000 0.000000 0.000000 0.000000 0.000000 0.000000
    69 0.000000 0.000000 0.000000 0.000000 0.000000 0.000000
    70 0.000000 0.000000 0.000000 0.000000 0.000000 0.000000
    71 0.000000 0.000000 0.000000 0.000000 0.000000 0.000000
    72 0.000000 0.000000 0.000000 0.000000 0.000000 0.000000
    73 0.000000 0.000000 0.000000 0.000000 0.000000 0.000000
    74 0.000000 0.000000 0.000000 0.000000 0.000000 0.000000
    75 0.000000 0.000000 0.000000 0.000000 0.000000 0.000000
    76 0.000000 0.000000 0.000000 0.000000 0.000000 0.000000
    77 0.000000 0.000000 0.000000 0.000000 0.000000 0.000000
    78 0.000000 0.000000 0.000000 0.000000 0.000000 0.000000
    79 0.000000 0.000000 0.000000 0.000000 0.000000 0.000000
    80 0.000000 0.000000 0.000000 0.000000 0.000000 0.000000
    81 0.000000 0.000000 0.000000 0.000000 0.000000 0.000000
    82 0.000000 0.000000 0.000000 0.000000 0.000000 0.000000
    83 0.000000 0.000000 0.000000 0.000000 0.000000 0.000000
    84 0.000000 0.000000 0.000000 0.000000 0.000000 0.000000
    85 0.000000 0.000000 0.000000 0.000000 0.000000 0.000000
    86 0.000000 0.000000 0.000000 0.000000 0.000000 0.000000
    87 0.000000 0.000000 0.000000 0.000000 0.000000 0.000000
    88 0.000000 0.000000 0.000000 0.000000 0.000000 0.000000
    89 0.000000 0.000000 0.000000 0.000000 0.000000 0.000000
    90 0.000000 0.000000 0.000000 0.000000 0.000000 0.000000
    91 0.000000 0.000000 0.000000 0.000000 0.000000 0.000000
    92 0.000000 0.000000 0.000000 0.000000 0.000000 0.000000
    93 0.000000 0.000000 0.000000 0.000000 0.000000 0.000000
    94 0.000000 0.000000 0.000000 0.000000 0.000000 0.000000
    95 0.000000 0.000000 0.000000 0.000000 0.000000 0.000000
    96 0.000000 0.000000 0.000000 0.000000 0.000000 0.000000
    97 0.000000 0.000000 0.000000 0.000000 0.000000 0.000000
    98 0.000000 0.000000 0.000000 0.000000 0.000000 0.000000
    99 0.000000 0.000000 0.000000 0.000000 0.000000 0.000000
    100 0.000000 0.000000 0.000000 0.000000 0.000000 0.000000
    101 0.000000 0.000000 0.000000 0.000000 0.000000 0.000000
    102 0.000000 0.000000 0.000000 0.000000 0.000000 0.000000
    103 0.000000 0.000000 0.000000 0.000000 0.000000 0.000000
    104 0.000000 0.000000 0.000000 0.000000 0.000000 0.000000
    105 0.000000 0.000000 0.000000 0.000000 0.000000 0.000000
    106 0.000000 0.000000 0.000000 0.000000 0.000000 0.000000
    107 0.000000 0.000000 0.000000 0.000000 0.000000 0.000000
    108 0.000000 0.000000 0.000000 0.000000 0.000000 0.000000
    109 0.000000 0.000000 0.000000 0.000000 0.000000 0.000000
    110 0.000000 0.000000 0.000000 0.000000 0.000000 0.000000
    111 0.000000 0.000000 0.000000 0.000000 0.000000 -1.570796
    112 -0.109378 -0.183599 -0.019532 -0.032941 0.004754 -1.558955
    113 0.000000 0.000000 0.000000 0.000000 0.000000 0.000000
    114 0.000000 0.000000 0.000000 0.000000 0.000000 -1.570796
    115 0.000000 0.000000 0.000000 0.000000 0.000000 0.000000
    116 0.000000 0.000000 0.000000 0.000000 0.000000 0.000000
    117 0.000000 0.000000 0.000000 0.000000 0.000000 0.000000
    118 0.000000 0.000000 0.000000 0.000000 0.000000 0.000000
    119 0.000000 0.000000 0.000000 0.000000 0.000000 0.000000
    120 0.000000 0.000000 0.000000 0.000000 0.000000 0.000000
    121 0.000000 0.000000 0.000000 0.000000 0.000000 0.000000
    122 0.000000 0.000000 0.000000 0.000000 0.000000 0.000000
    123 0.000000 0.000000 0.000000 0.000000 0.000000 0.000000
    124 0.000000 0.000000 0.000000 0.000000 0.000000 0.000000
    125 0.000000 0.000000 0.000000 0.000000 0.000000 0.000000
    126 0.000000 0.000000 0.000000 0.000000 0.000000 0.000000
    127 0.000000 0.000000 0.000000 0.000000 0.000000 0.000000
    128 0.000000 0.000000 0.000000 0.000000 0.000000 0.000000
    129 0.000000 0.000000 0.000000 0.000000 0.000000 0.000000
    130 0.000000 0.000000 0.000000 0.000000 0.000000 0.000000
    131 0.000000 0.000000 0.000000 0.000000 0.000000 0.000000
    132 0.000000 0.000000 0.000000 0.000000 0.000000 0.000000
    133 0.000000 0.000000 0.000000 0.000000 0.000000 0.000000
    134 0.000000 0.000000 0.000000 0.000000 0.000000 0.000000
    135 0.000000 0.000000 0.000000 0.000000 0.000000 0.000000
    136 0.000000 0.000000 0.000000 0.000000 0.000000 0.000000
    137 0.000000 0.000000 0.000000 0.000000 0.000000 0.000000
    138 0.000000 0.000000 0.000000 0.000000 0.000000 0.000000
    139 0.000000 0.000000 0.000000 0.000000 0.000000 0.000000
    140 0.000000 0.000000 0.000000 0.000000 0.000000 0.000000
    141 0.000000 0.000000 0.000000 0.000000 0.000000 0.000000
    142 0.000000 0.000000 0.000000 0.000000 0.000000 0.000000
    143 0.000000 0.000000 0.000000 0.000000 0.000000 0.000000
    144 0.000000 0.000000 0.000000 0.000000 0.000000 0.000000
    145 0.000000 0.000000 0.000000 0.000000 0.000000 0.000000
    146 0.000000 0.000000 0.000000 0.000000 0.000000 0.000000
    147 0.000000 0.000000 0.000000 0.000000 0.000000 0.000000
    148 0.000000 0.000000 0.000000 0.000000 0.000000 0.000000
    149 0.000000 0.000000 0.000000 0.000000 0.000000 0.000000
    150 0.000000 0.000000 0.000000 0.000000 0.000000 0.000000
    151 0.000000 0.000000 0.000000 0.000000 0.000000 0.000000
    152 0.000000 0.000000 0.000000 0.000000 0.000000 0.000000
    153 0.000000 0.000000 0.000000 0.000000 0.000000 0.000000
    154 0.000000 0.000000 0.000000 0.000000 0.000000 0.000000
    155 0.000000 0.000000 0.000000 0.000000 0.000000 0.000000
    156 0.000000 0.000000 0.000000 0.000000 0.000000 0.000000
    157 0.000000 0.000000 0.000000 0.000000 0.000000 0.000000
    158 0.000000 0.000000 0.000000 0.000000 0.000000 0.000000
    159 0.000000 0.000000 0.000000 0.000000 0.000000 0.000000
    160 0.000000 0.000000 0.000000 0.000000 0.000000 0.000000
    161 0.000000 0.000000 0.000000 0.000000 0.000000 0.000000
    162 0.000000 0.000000 0.000000 0.000000 0.000000 0.000000
    163 0.000000 0.000000 0.000000 0.000000 0.000000 0.000000
    164 0.000000 0.000000 0.000000 0.000000 0.000000 0.000000
    165 0.000000 0.000000 0.000000 0.000000 0.000000 0.000000
    166 0.000000 0.000000 0.000000 0.000000 0.000000 0.000000
    167 0.000000 0.000000 0.000000 0.000000 0.000000 0.000000
    168 0.000000 0.000000 0.000000 0.000000 0.000000 0.000000
    169 0.000000 0.000000 0.000000 0.000000 0.000000 0.000000
    170 0.000000 0.000000 0.000000 0.000000 0.000000 0.000000
    171 0.000000 0.000000 0.000000 0.000000 0.000000 0.000000
    172 0.000000 0.000000 0.000000 0.000000 0.000000 0.000000
    173 0.000000 0.000000 0.000000 0.000000 0.000000 0.000000
    174 0.000000 0.000000 0.000000 0.000000 0.000000 0.000000
    175 0.000000 0.000000 0.000000 0.000000 0.000000 0.000000
    176 0.000000 0.000000 0.000000 0.000000 0.000000 0.000000
    177 0.000000 0.000000 0.000000 0.000000 0.000000 0.000000
    178 0.000000 0.000000 0.000000 0.000000 0.000000 0.000000
    179 0.000000 0.000000 0.000000 0.000000 0.000000 0.000000
    180 0.000000 0.000000 0.000000 0.000000 0.000000 0.000000
    181 0.000000 0.000000 0.000000 0.000000 0.000000 0.000000
    182 0.000000 0.000000 0.000000 0.000000 0.000000 0.000000
    183 0.000000 0.000000 0.000000 0.000000 0.000000 0.000000
    184 0.000000 0.000000 0.000000 0.000000 0.000000 0.000000
    185 0.000000 0.000000 0.000000 0.000000 0.000000 0.000000
    186 0.000000 0.000000 0.000000 0.000000 0.000000 0.000000
    187 0.000000 0.000000 0.000000 0.000000 0.000000 0.000000
    188 0.000000 0.000000 0.000000 0.000000 0.000000 0.000000
    189 0.000000 0.000000 0.000000 0.000000 0.000000 0.000000
    190 0.000000 0.000000 0.000000 0.000000 0.000000 0.000000
    191 0.000000 0.000000 0.000000 -0.027436 -0.000060 0.000000
    192 0.000000 0.000000 0.000000 0.000000 0.000000 0.000000
    193 0.000000 0.000000 0.000000 0.000000 0.000000 0.000000
    194 0.000000 0.000000 0.000000 0.000000 0.000000 0.000000
    195 0.000000 0.000000 0.000000 0.000000 0.000000 0.000000
    196 0.000000 0.000000 0.000000 0.000000 0.000000 0.000000
    197 0.000000 0.000000 0.000000 0.000000 0.000000 0.000000
    198 0.000000 0.000000 0.000000 0.000000 0.000000 0.000000
    199 0.000000 0.000000 0.000000 0.000000 0.000000 0.000000
    200 0.000000 0.000000 0.000000 0.000000 0.000000 0.000000
    201 0.000000 0.000000 0.000000 0.000000 0.000000 0.000000
    202 0.000000 0.000000 0.000000 0.000000 0.000000 0.000000
    203 0.000000 0.000000 0.000000 0.000000 0.000000 0.000000
    204 0.000000 0.000000 0.000000 0.000000 0.000000 0.000000
    205 0.000000 0.000000 0.000000 0.000000 0.000000 0.000000
    206 0.000000 0.000000 0.000000 0.000000 0.000000 0.000000
    207 0.000000 0.000000 0.000000 0.000000 0.000000 0.000000
    208 0.000000 0.000000 0.000000 0.000000 0.000000 0.000000
    209 0.000000 0.000000 0.000000 0.000000 0.000000 0.000000
    210 0.000000 0.000000 0.000000 0.000000 0.000000 0.000000
    211 0.000000 0.000000 0.000000 0.000000 0.000000 0.000000
    212 0.000000 0.000000 0.000000 0.000000 0.000000 0.000000
    213 0.000000 0.000000 0.000000 0.000000 0.000000 0.000000
    214 0.000000 0.000000 0.000000 0.000000 0.000000 0.000000
    215 0.000000 0.000000 0.000000 0.000000 0.000000 0.000000
    216 0.000000 0.000000 0.000000 0.000000 0.000000 0.000000
    217 0.000000 0.000000 0.000000 0.000000 0.000000 0.000000
    218 0.000000 0.000000 0.000000 0.000000 0.000000 0.000000
    219 0.000000 0.000000 0.000000 0.000000 0.000000 0.000000
    220 0.000000 0.000000 0.000000 0.000000 0.000000 0.000000
    221 0.000000 0.000000 0.000000 0.000000 0.000000 0.000000
    222 0.000000 0.000000 0.000000 0.000000 0.000000 0.000000
    223 0.000000 0.000000 0.000000 0.000000 0.000000 0.000000
    224 0.000000 0.000000 0.000000 0.000000 0.000000 0.000000
    225 0.000000 0.000000 0.000000 0.000000 0.000000 0.000000
    226 0.000000 0.000000 0.000000 0.000000 0.000000 0.000000
    227 0.183599 0.000000 -0.070315 -0.032941 0.004753 0.011841
    228 0.000000 0.000000 0.000000 0.000000 0.000000 0.000000
    229 0.000000 0.000000 0.000000 0.000000 0.000000 0.000000
    230 0.000000 0.000000 0.000000 -0.000108 0.000000 0.000000
    231 0.000000 0.000000 0.000000 0.000000 0.000000 0.000000
    232 0.000000 0.000000 0.000000 0.000000 0.000000 0.000000
    233 0.000000 0.000000 0.000000 0.000000 0.000000 0.000000
    234 -0.027345 -0.171880 -0.085940 -0.032937 0.004763 -1.558919
    235 0.000000 0.000000 0.000000 0.000000 0.000000 0.000000
    236 0.000000 0.000000 0.000000 0.000000 0.000000 0.000000
    237 0.000000 0.000000 0.000000 0.000000 0.000000 0.000000
    238 0.000000 0.000000 0.000000 0.000000 0.000000 0.000000
    239 0.000000 0.000000 0.000000 0.000000 0.000000 0.000000
    240 0.000000 0.000000 0.000000 0.000000 0.000000 0.000000
    241 0.000000 0.000000 0.000000 0.000000 0.000000 0.000000
    242 0.000000 0.000000 0.000000 0.000000 0.000000 0.000000
    243 0.000000 0.000000 0.000000 0.000000 0.000000 0.000000
    244 0.000000 0.000000 0.000000 0.000000 0.000000 0.000000
    245 0.000000 0.000000 0.000000 0.000000 0.000000 0.000000
    246 0.000000 0.000000 0.000000 0.000000 0.000000 -1.570796
  time 2
    0 0.000000 0.000000 0.000000 0.000000 0.000000 -1.570796
    1 0.000000 0.000000 0.000000 0.000000 0.000000 0.000000
    2 0.000000 0.000000 0.000000 0.000000 0.000000 0.000000
    3 0.000000 0.000000 0.000000 0.000000 0.000000 0.000000
    4 0.000000 0.000000 0.000000 0.000000 0.000000 0.000000
    5 0.000000 0.000000 0.000000 0.000000 0.000000 0.000000
    6 0.000000 0.000000 0.000000 0.000000 0.000000 0.000000
    7 0.000000 0.000000 0.000000 0.000000 0.000000 0.000000
    8 -0.898465 -0.429701 -0.335948 0.066533 0.107681 -0.025763
    9 0.000000 0.000000 0.000000 0.052862 0.002473 -0.012737
    10 0.000000 0.000000 0.000000 0.000000 0.000000 0.000000
    11 0.000000 0.000000 0.000000 0.000000 0.000000 0.000000
    12 0.000000 0.000000 0.000000 0.000000 0.000000 0.000000
    13 0.000000 0.000000 0.000000 -0.035441 0.000060 0.000000
    14 0.000000 0.000000 0.000000 0.000000 0.000000 0.087453
    15 0.000000 0.000000 0.000000 0.000000 0.000000 0.000000
    16 0.000000 0.000000 0.000000 0.000000 0.000000 0.000000
    17 0.000000 0.000000 0.000000 0.000000 0.000000 0.000000
    18 0.000000 0.000000 0.000000 0.000000 0.000000 0.000000
    19 0.000000 0.000000 0.000000 -0.183722 0.000000 0.000060
    20 -0.101566 -0.007813 0.000000 0.000000 0.000000 -0.043499
    21 0.000000 0.000000 0.000000 -0.156401 -0.115739 -0.063952
    22 0.000000 0.000000 0.000000 0.000000 0.000000 0.000000
    23 0.000000 0.000000 0.000000 0.000000 0.000000 0.000000
    24 0.000000 0.000000 0.000000 0.000000 0.000000 0.000000
    25 0.000000 0.000000 0.000000 0.000000 0.000000 0.000000
    26 0.000000 0.000000 0.000000 0.000000 0.000000 0.000000
    27 0.000000 0.000000 0.000000 0.000000 0.000000 0.000000
    28 0.000000 0.000000 0.000000 0.000000 0.000000 0.000000
    29 0.000000 0.000000 0.000000 0.000000 0.000000 0.000000
    30 0.000000 0.000000 0.000000 0.000000 0.000000 0.000000
    31 0.000000 0.000000 0.000000 0.000000 0.000000 0.000000
    32 0.000000 0.000000 0.000000 0.000000 0.000000 0.000000
    33 0.000000 0.000000 0.000000 0.000000 0.000000 0.000000
    34 0.000000 0.000000 0.000000 0.000000 0.000000 0.000000
    35 0.000000 0.000000 0.000000 0.000000 0.000000 0.000000
    36 0.000000 0.000000 0.000000 0.000000 0.000000 0.000000
    37 0.000000 0.000000 0.000000 0.000000 0.000000 0.000000
    38 0.000000 0.000000 0.000000 0.000000 0.000000 0.000000
    39 0.000000 0.000000 0.000000 0.000000 0.000000 0.000000
    40 0.000000 0.000000 0.000000 0.000000 0.000000 0.000000
    41 0.000000 0.000000 0.000000 0.000000 0.000000 0.000000
    42 0.000000 0.000000 0.000000 0.000000 0.000000 0.000000
    43 0.000000 0.000000 0.000000 0.000000 0.000000 0.000000
    44 0.000000 0.000000 0.000000 0.000000 0.000000 0.000000
    45 0.000000 0.000000 0.000000 0.000000 0.000000 0.000000
    46 0.000000 0.000000 0.000000 0.000000 0.000000 0.000000
    47 0.000000 0.000000 0.000000 0.000000 0.000000 0.000000
    48 0.000000 0.000000 0.000000 0.000000 0.000000 0.000000
    49 0.000000 0.000000 0.000000 0.000000 0.000000 0.000000
    50 0.000000 0.000000 0.000000 0.000000 0.000000 0.000000
    51 0.000000 0.000000 0.000000 0.000000 0.000000 0.000000
    52 0.000000 0.000000 0.000000 0.000000 0.000000 0.000000
    53 0.000000 0.000000 0.000000 0.000000 0.000000 0.000000
    54 0.000000 0.000000 0.000000 0.000000 0.000000 0.000000
    55 0.000000 0.000000 0.000000 0.000000 0.000000 0.000000
    56 0.000000 0.000000 0.000000 0.000000 0.000000 0.000000
    57 0.000000 0.000000 0.000000 0.000000 0.000000 0.000000
    58 0.000000 0.000000 0.000000 0.000000 0.000000 0.000000
    59 0.000000 0.000000 0.000000 0.000000 0.000000 0.000000
    60 0.000000 0.000000 0.000000 0.000000 0.000000 0.000000
    61 0.000000 0.000000 0.000000 0.000000 0.000000 0.000000
    62 0.000000 0.000000 0.000000 0.000000 0.000000 0.000000
    63 0.000000 0.000000 0.000000 0.000000 0.000000 0.000000
    64 0.000000 0.000000 0.000000 0.000000 0.000000 0.000000
    65 0.000000 0.000000 0.000000 0.000000 0.000000 0.000000
    66 0.000000 0.000000 0.000000 0.000000 0.000000 0.000000
    67 0.000000 0.000000 0.000000 0.000000 0.000000 0.000000
    68 0.000000 0.000000 0.000000 0.000000 0.000000 0.000000
    69 0.000000 0.000000 0.000000 0.000000 0.000000 0.000000
    70 0.000000 0.000000 0.000000 0.000000 0.000000 0.000000
    71 0.000000 0.000000 0.000000 0.000000 0.000000 0.000000
    72 0.000000 0.000000 0.000000 0.000000 0.000000 0.000000
    73 0.000000 0.000000 0.000000 0.000000 0.000000 0.000000
    74 0.000000 0.000000 0.000000 0.000000 0.000000 0.000000
    75 0.000000 0.000000 0.000000 0.000000 0.000000 0.000000
    76 0.000000 0.000000 0.000000 0.000000 0.000000 0.000000
    77 0.000000 0.000000 0.000000 0.000000 0.000000 0.000000
    78 0.000000 0.000000 0.000000 0.000000 0.000000 0.000000
    79 0.000000 0.000000 0.000000 0.000000 0.000000 0.000000
    80 0.000000 0.000000 0.000000 0.000000 0.000000 0.000000
    81 0.000000 0.000000 0.000000 0.000000 0.000000 0.000000
    82 0.000000 0.000000 0.000000 0.000000 0.000000 0.000000
    83 0.000000 0.000000 0.000000 0.000000 0.000000 0.000000
    84 0.000000 0.000000 0.000000 0.000000 0.000000 0.000000
    85 0.000000 0.000000 0.000000 0.000000 0.000000 0.000000
    86 0.000000 0.000000 0.000000 0.000000 0.000000 0.000000
    87 0.000000 0.000000 0.000000 0.000000 0.000000 0.000000
    88 0.000000 0.000000 0.000000 0.000000 0.000000 0.000000
    89 0.000000 0.000000 0.000000 0.000000 0.000000 0.000000
    90 0.000000 0.000000 0.000000 0.000000 0.000000 0.000000
    91 0.000000 0.000000 0.000000 0.000000 0.000000 0.000000
    92 0.000000 0.000000 0.000000 0.000000 0.000000 0.000000
    93 0.000000 0.000000 0.000000 0.000000 0.000000 0.000000
    94 0.000000 0.000000 0.000000 0.000000 0.000000 0.000000
    95 0.000000 0.000000 0.000000 0.000000 0.000000 0.000000
    96 0.000000 0.000000 0.000000 0.000000 0.000000 0.000000
    97 0.000000 0.000000 0.000000 0.000000 0.000000 0.000000
    98 0.000000 0.000000 0.000000 0.000000 0.000000 0.000000
    99 0.000000 0.000000 0.000000 0.000000 0.000000 0.000000
    100 0.000000 0.000000 0.000000 0.000000 0.000000 0.000000
    101 0.000000 0.000000 0.000000 0.000000 0.000000 0.000000
    102 0.000000 0.000000 0.000000 0.000000 0.000000 0.000000
    103 0.000000 0.000000 0.000000 0.000000 0.000000 0.000000
    104 0.000000 0.000000 0.000000 0.000000 0.000000 0.000000
    105 0.000000 0.000000 0.000000 0.000000 0.000000 0.000000
    106 0.000000 0.000000 0.000000 0.000000 0.000000 0.000000
    107 0.000000 0.000000 0.000000 0.000000 0.000000 0.000000
    108 0.000000 0.000000 0.000000 0.000000 0.000000 0.000000
    109 0.000000 0.000000 0.000000 0.000000 0.000000 0.000000
    110 0.000000 0.000000 0.000000 0.000000 0.000000 0.000000
    111 0.000000 0.000000 0.000000 0.000000 0.000000 -1.570796
    112 -0.285165 -0.441420 -0.070315 -0.120494 0.019372 -1.527254
    113 0.000000 0.000000 0.000000 0.000000 0.000000 0.000000
    114 0.000000 0.000000 0.000000 0.000000 0.000000 -1.570796
    115 0.000000 0.000000 0.000000 0.000000 0.000000 0.000000
    116 0.000000 0.000000 0.000000 0.000000 0.000000 0.000000
    117 0.000000 0.000000 0.000000 0.000000 0.000000 0.000000
    118 0.000000 0.000000 0.000000 0.000000 0.000000 0.000000
    119 0.000000 0.000000 0.000000 0.000000 0.000000 0.000000
    120 0.000000 0.000000 0.000000 0.000000 0.000000 0.000000
    121 0.000000 0.000000 0.000000 0.000000 0.000000 0.000000
    122 0.000000 0.000000 0.000000 0.000000 0.000000 0.000000
    123 0.000000 0.000000 0.000000 0.000000 0.000000 0.000000
    124 0.000000 0.000000 0.000000 0.000000 0.000000 0.000000
    125 0.000000 0.000000 0.000000 0.000000 0.000000 0.000000
    126 0.000000 0.000000 0.000000 0.000000 0.000000 0.000000
    127 0.000000 0.000000 0.000000 0.000000 0.000000 0.000000
    128 0.000000 0.000000 0.000000 0.000000 0.000000 0.000000
    129 0.000000 0.000000 0.000000 0.000000 0.000000 0.000000
    130 0.000000 0.000000 0.000000 0.000000 0.000000 0.000000
    131 0.000000 0.000000 0.000000 0.000000 0.000000 0.000000
    132 0.000000 0.000000 0.000000 0.000000 0.000000 0.000000
    133 0.000000 0.000000 0.000000 0.000000 0.000000 0.000000
    134 0.000000 0.000000 0.000000 0.000000 0.000000 0.000000
    135 0.000000 0.000000 0.000000 0.000000 0.000000 0.000000
    136 0.000000 0.000000 0.000000 0.000000 0.000000 0.000000
    137 0.000000 0.000000 0.000000 0.000000 0.000000 0.000000
    138 0.000000 0.000000 0.000000 0.000000 0.000000 0.000000
    139 0.000000 0.000000 0.000000 0.000000 0.000000 0.000000
    140 0.000000 0.000000 0.000000 0.000000 0.000000 0.000000
    141 0.000000 0.000000 0.000000 0.000000 0.000000 0.000000
    142 0.000000 0.000000 0.000000 0.000000 0.000000 0.000000
    143 0.000000 0.000000 0.000000 0.000000 0.000000 0.000000
    144 0.000000 0.000000 0.000000 0.000000 0.000000 0.000000
    145 0.000000 0.000000 0.000000 0.000000 0.000000 0.000000
    146 0.000000 0.000000 0.000000 0.000000 0.000000 0.000000
    147 0.000000 0.000000 0.000000 0.000000 0.000000 0.000000
    148 0.000000 0.000000 0.000000 0.000000 0.000000 0.000000
    149 0.000000 0.000000 0.000000 0.000000 0.000000 0.000000
    150 0.000000 0.000000 0.000000 0.000000 0.000000 0.000000
    151 0.000000 0.000000 0.000000 0.000000 0.000000 0.000000
    152 0.000000 0.000000 0.000000 0.000000 0.000000 0.000000
    153 0.000000 0.000000 0.000000 0.000000 0.000000 0.000000
    154 0.000000 0.000000 0.000000 0.000000 0.000000 0.000000
    155 0.000000 0.000000 0.000000 0.000000 0.000000 0.000000
    156 0.000000 0.000000 0.000000 0.000000 0.000000 0.000000
    157 0.000000 0.000000 0.000000 0.000000 0.000000 0.000000
    158 0.000000 0.000000 0.000000 0.000000 0.000000 0.000000
    159 0.000000 0.000000 0.000000 0.000000 0.000000 0.000000
    160 0.000000 0.000000 0.000000 0.000000 0.000000 0.000000
    161 0.000000 0.000000 0.000000 0.000000 0.000000 0.000000
    162 0.000000 0.000000 0.000000 0.000000 0.000000 0.000000
    163 0.000000 0.000000 0.000000 0.000000 0.000000 0.000000
    164 0.000000 0.000000 0.000000 0.000000 0.000000 0.000000
    165 0.000000 0.000000 0.000000 0.000000 0.000000 0.000000
    166 0.000000 0.000000 0.000000 0.000000 0.000000 0.000000
    167 0.000000 0.000000 0.000000 0.000000 0.000000 0.000000
    168 0.000000 0.000000 0.000000 0.000000 0.000000 0.000000
    169 0.000000 0.000000 0.000000 0.000000 0.000000 0.000000
    170 0.000000 0.000000 0.000000 0.000000 0.000000 0.000000
    171 0.000000 0.000000 0.000000 0.000000 0.000000 0.000000
    172 0.000000 0.000000 0.000000 0.000000 0.000000 0.000000
    173 0.000000 0.000000 0.000000 0.000000 0.000000 0.000000
    174 0.000000 0.000000 0.000000 0.000000 0.000000 0.000000
    175 0.000000 0.000000 0.000000 0.000000 0.000000 0.000000
    176 0.000000 0.000000 0.000000 0.000000 0.000000 0.000000
    177 0.000000 0.000000 0.000000 0.000000 0.000000 0.000000
    178 0.000000 0.000000 0.000000 0.000000 0.000000 0.000000
    179 0.000000 0.000000 0.000000 0.000000 0.000000 0.000000
    180 0.000000 0.000000 0.000000 0.000000 0.000000 0.000000
    181 0.000000 0.000000 0.000000 0.000000 0.000000 0.000000
    182 0.000000 0.000000 0.000000 0.000000 0.000000 0.000000
    183 0.000000 0.000000 0.000000 0.000000 0.000000 0.000000
    184 0.000000 0.000000 0.000000 0.000000 0.000000 0.000000
    185 0.000000 0.000000 0.000000 0.000000 0.000000 0.000000
    186 0.000000 0.000000 0.000000 0.000000 0.000000 0.000000
    187 0.000000 0.000000 0.000000 0.000000 0.000000 0.000000
    188 0.000000 0.000000 0.000000 0.000000 0.000000 0.000000
    189 0.000000 0.000000 0.000000 0.000000 0.000000 0.000000
    190 0.000000 0.000000 0.000000 0.000000 0.000000 0.000000
    191 0.000000 0.000000 0.000000 -0.091876 0.000000 0.000000
    192 0.000000 0.000000 0.000000 0.000000 0.000000 0.000000
    193 0.000000 0.000000 0.000000 0.000000 0.000000 0.000000
    194 0.000000 0.000000 0.000000 0.000000 0.000000 0.000000
    195 0.000000 0.000000 0.000000 0.000000 0.000000 0.000000
    196 0.000000 0.000000 0.000000 0.000000 0.000000 0.000000
    197 0.000000 0.000000 0.000000 0.000000 0.000000 0.000000
    198 0.000000 0.000000 0.000000 0.000000 0.000000 0.000000
    199 0.000000 0.000000 0.000000 0.000000 0.000000 0.000000
    200 0.000000 0.000000 0.000000 0.000000 0.000000 0.000000
    201 0.000000 0.000000 0.000000 0.000000 0.000000 0.000000
    202 0.000000 0.000000 0.000000 0.000000 0.000000 0.000000
    203 0.000000 0.000000 0.000000 0.000000 0.000000 0.000000
    204 0.000000 0.000000 0.000000 0.000000 0.000000 0.000000
    205 0.000000 0.000000 0.000000 0.000000 0.000000 0.000000
    206 0.000000 0.000000 0.000000 0.000000 0.000000 0.000000
    207 0.000000 0.000000 0.000000 0.000000 0.000000 0.000000
    208 0.000000 0.000000 0.000000 0.000000 0.000000 0.000000
    209 0.000000 0.000000 0.000000 0.000000 0.000000 0.000000
    210 0.000000 0.000000 0.000000 0.000000 0.000000 0.000000
    211 0.000000 0.000000 0.000000 0.000000 0.000000 0.000000
    212 0.000000 0.000000 0.000000 0.000000 0.000000 0.000000
    213 0.000000 0.000000 0.000000 0.000000 0.000000 0.000000
    214 0.000000 0.000000 0.000000 0.000000 0.000000 0.000000
    215 0.000000 0.000000 0.000000 0.000000 0.000000 0.000000
    216 0.000000 0.000000 0.000000 0.000000 0.000000 0.000000
    217 0.000000 0.000000 0.000000 0.000000 0.000000 0.000000
    218 0.000000 0.000000 0.000000 0.000000 0.000000 0.000000
    219 0.000000 0.000000 0.000000 0.000000 0.000000 0.000000
    220 0.000000 0.000000 0.000000 0.000000 0.000000 0.000000
    221 0.000000 0.000000 0.000000 0.000000 0.000000 0.000000
    222 0.000000 0.000000 0.000000 0.000000 0.000000 0.000000
    223 0.000000 0.000000 0.000000 0.000000 0.000000 0.000000
    224 0.000000 0.000000 0.000000 0.000000 0.000000 0.000000
    225 0.000000 0.000000 0.000000 0.000000 0.000000 0.000000
    226 0.000000 0.000000 0.000000 0.000000 0.000000 0.000000
    227 0.421888 0.117191 -0.269539 -0.120494 0.019369 0.043542
    228 0.000000 0.000000 0.000000 0.000000 0.000000 0.000000
    229 0.000000 0.000000 0.000000 0.000000 0.000000 0.000000
    230 0.000000 0.000000 0.000000 -0.000228 0.000000 0.000000
    231 0.000000 0.000000 0.000000 0.000000 0.000000 0.000000
    232 0.000000 0.000000 0.000000 0.000000 0.000000 0.000000
    233 0.000000 0.000000 0.000000 0.000000 0.000000 0.000000
    234 0.015625 -0.386731 -0.324229 -0.120477 0.019391 -1.527213
    235 0.000000 0.000000 0.000000 0.000000 0.000000 0.000000
    236 0.000000 0.000000 0.000000 0.000000 0.000000 0.000000
    237 0.000000 0.000000 0.000000 0.000000 0.000000 0.000000
    238 0.000000 0.000000 0.000000 0.000000 0.000000 0.000000
    239 0.000000 0.000000 0.000000 0.000000 0.000000 0.000000
    240 0.000000 0.000000 0.000000 0.000000 0.000000 0.000000
    241 0.000000 0.000000 0.000000 0.000000 0.000000 0.000000
    242 0.000000 0.000000 0.000000 0.000000 0.000000 0.000000
    243 0.000000 0.000000 0.000000 0.000000 0.000000 0.000000
    244 0.000000 0.000000 0.000000 0.000000 0.000000 0.000000
    245 0.000000 0.000000 0.000000 0.000000 0.000000 0.000000
    246 0.000000 0.000000 0.000000 0.000000 0.000000 -1.570796
  time 3
    0 0.000000 0.000000 0.000000 0.000000 0.000000 -1.570796
    1 0.000000 0.000000 0.000000 0.000000 0.000000 0.000000
    2 0.000000 0.000000 0.000000 0.000000 0.000000 0.000000
    3 0.000000 0.000000 0.000000 0.000000 0.000000 0.000000
    4 0.000000 0.000000 0.000000 0.000000 0.000000 0.000000
    5 0.000000 0.000000 0.000000 0.000000 0.000000 0.000000
    6 0.000000 0.000000 0.000000 0.000000 0.000000 0.000000
    7 0.000000 0.000000 0.000000 0.000000 0.000000 0.000000
    8 -1.656301 -0.671896 -0.312510 0.118417 0.225825 -0.050761
    9 0.000000 0.000000 0.000000 0.104195 0.004945 -0.012921
    10 0.000000 0.000000 0.000000 0.000000 0.000000 0.000000
    11 0.000000 0.000000 0.000000 0.000000 0.000000 0.000000
    12 0.000000 0.000000 0.000000 0.000000 0.000000 0.000000
    13 0.000000 0.000000 0.000000 -0.073657 0.000060 0.000000
    14 0.000000 0.000000 0.000000 0.000000 0.000000 0.143991
    15 0.000000 0.000000 0.000000 0.000000 0.000000 0.000000
    16 0.000000 0.000000 0.000000 0.000000 0.000000 0.000000
    17 0.000000 0.000000 0.000000 0.000000 0.000000 0.000000
    18 0.000000 0.000000 0.000000 0.000000 0.000000 0.000000
    19 0.000000 0.000000 0.000000 -0.338822 0.000000 0.000060
    20 -0.152348 -0.015625 0.000000 0.000000 0.000000 -0.071603
    21 0.000000 0.000000 0.000000 -0.315891 -0.224432 -0.084520
    22 0.000000 0.000000 0.000000 0.000000 0.000000 0.000000
    23 0.000000 0.000000 0.000000 0.000000 0.000000 0.000000
    24 0.000000 0.000000 0.000000 0.000000 0.000000 0.000000
    25 0.000000 0.000000 0.000000 0.000000 0.000000 0.000000
    26 0.000000 0.000000 0.000000 0.000000 0.000000 0.000000
    27 0.000000 0.000000 0.000000 0.000000 0.000000 0.000000
    28 0.000000 0.000000 0.000000 0.000000 0.000000 0.000000
    29 0.000000 0.000000 0.000000 0.000000 0.000000 0.000000
    30 0.000000 0.000000 0.000000 0.000000 0.000000 0.000000
    31 0.000000 0.000000 0.000000 0.000000 0.000000 0.000000
    32 0.000000 0.000000 0.000000 0.000000 0.000000 0.000000
    33 0.000000 0.000000 0.000000 0.000000 0.000000 0.000000
    34 0.000000 0.000000 0.000000 0.000000 0.000000 0.000000
    35 0.000000 0.000000 0.000000 0.000000 0.000000 0.000000
    36 0.000000 0.000000 0.000000 0.000000 0.000000 0.000000
    37 0.000000 0.000000 0.000000 0.000000 0.000000 0.000000
    38 0.000000 0.000000 0.000000 0.000000 0.000000 0.000000
    39 0.000000 0.000000 0.000000 0.000000 0.000000 0.000000
    40 0.000000 0.000000 0.000000 0.000000 0.000000 0.000000
    41 0.000000 0.000000 0.000000 0.000000 0.000000 0.000000
    42 0.000000 0.000000 0.000000 0.000000 0.000000 0.000000
    43 0.000000 0.000000 0.000000 0.000000 0.000000 0.000000
    44 0.000000 0.000000 0.000000 0.000000 0.000000 0.000000
    45 0.000000 0.000000 0.000000 0.000000 0.000000 0.000000
    46 0.000000 0.000000 0.000000 0.000000 0.000000 0.000000
    47 0.000000 0.000000 0.000000 0.000000 0.000000 0.000000
    48 0.000000 0.000000 0.000000 0.000000 0.000000 0.000000
    49 0.000000 0.000000 0.000000 0.000000 0.000000 0.000000
    50 0.000000 0.000000 0.000000 0.000000 0.000000 0.000000
    51 0.000000 0.000000 0.000000 0.000000 0.000000 0.000000
    52 0.000000 0.000000 0.000000 0.000000 0.000000 0.000000
    53 0.000000 0.000000 0.000000 0.000000 0.000000 0.000000
    54 0.000000 0.000000 0.000000 0.000000 0.000000 0.000000
    55 0.000000 0.000000 0.000000 0.000000 0.000000 0.000000
    56 0.000000 0.000000 0.000000 0.000000 0.000000 0.000000
    57 0.000000 0.000000 0.000000 0.000000 0.000000 0.000000
    58 0.000000 0.000000 0.000000 0.000000 0.000000 0.000000
    59 0.000000 0.000000 0.000000 0.000000 0.000000 0.000000
    60 0.000000 0.000000 0.000000 0.000000 0.000000 0.000000
    61 0.000000 0.000000 0.000000 0.000000 0.000000 0.000000
    62 0.000000 0.000000 0.000000 0.000000 0.000000 0.000000
    63 0.000000 0.000000 0.000000 0.000000 0.000000 0.000000
    64 0.000000 0.000000 0.000000 0.000000 0.000000 0.000000
    65 0.000000 0.000000 0.000000 0.000000 0.000000 0.000000
    66 0.000000 0.000000 0.000000 0.000000 0.000000 0.000000
    67 0.000000 0.000000 0.000000 0.000000 0.000000 0.000000
    68 0.000000 0.000000 0.000000 0.000000 0.000000 0.000000
    69 0.000000 0.000000 0.000000 0.000000 0.000000 0.000000
    70 0.000000 0.000000 0.000000 0.000000 0.000000 0.000000
    71 0.000000 0.000000 0.000000 0.000000 0.000000 0.000000
    72 0.000000 0.000000 0.000000 0.000000 0.000000 0.000000
    73 0.000000 0.000000 0.000000 0.000000 0.000000 0.000000
    74 0.000000 0.000000 0.000000 0.000000 0.000000 0.000000
    75 0.000000 0.000000 0.000000 0.000000 0.000000 0.000000
    76 0.000000 0.000000 0.000000 0.000000 0.000000 0.000000
    77 0.000000 0.000000 0.000000 0.000000 0.000000 0.000000
    78 0.000000 0.000000 0.000000 0.000000 0.000000 0.000000
    79 0.000000 0.000000 0.000000 0.000000 0.000000 0.000000
    80 0.000000 0.000000 0.000000 0.000000 0.000000 0.000000
    81 0.000000 0.000000 0.000000 0.000000 0.000000 0.000000
    82 0.000000 0.000000 0.000000 0.000000 0.000000 0.000000
    83 0.000000 0.000000 0.000000 0.000000 0.000000 0.000000
    84 0.000000 0.000000 0.000000 0.000000 0.000000 0.000000
    85 0.000000 0.000000 0.000000 0.000000 0.000000 0.000000
    86 0.000000 0.000000 0.000000 0.000000 0.000000 0.000000
    87 0.000000 0.000000 0.000000 0.000000 0.000000 0.000000
    88 0.000000 0.000000 0.000000 0.000000 0.000000 0.000000
    89 0.000000 0.000000 0.000000 0.000000 0.000000 0.000000
    90 0.000000 0.000000 0.000000 0.000000 0.000000 0.000000
    91 0.000000 0.000000 0.000000 0.000000 0.000000 0.000000
    92 0.000000 0.000000 0.000000 0.000000 0.000000 0.000000
    93 0.000000 0.000000 0.000000 0.000000 0.000000 0.000000
    94 0.000000 0.000000 0.000000 0.000000 0.000000 0.000000
    95 0.000000 0.000000 0.000000 0.000000 0.000000 0.000000
    96 0.000000 0.000000 0.000000 0.000000 0.000000 0.000000
    97 0.000000 0.000000 0.000000 0.000000 0.000000 0.000000
    98 0.000000 0.000000 0.000000 0.000000 0.000000 0.000000
    99 0.000000 0.000000 0.000000 0.000000 0.000000 0.000000
    100 0.000000 0.000000 0.000000 0.000000 0.000000 0.000000
    101 0.000000 0.000000 0.000000 0.000000 0.000000 0.000000
    102 0.000000 0.000000 0.000000 0.000000 0.000000 0.000000
    103 0.000000 0.000000 0.000000 0.000000 0.000000 0.000000
    104 0.000000 0.000000 0.000000 0.000000 0.000000 0.000000
    105 0.000000 0.000000 0.000000 0.000000 0.000000 0.000000
    106 0.000000 0.000000 0.000000 0.000000 0.000000 0.000000
    107 0.000000 0.000000 0.000000 0.000000 0.000000 0.000000
    108 0.000000 0.000000 0.000000 0.000000 0.000000 0.000000
    109 0.000000 0.000000 0.000000 0.000000 0.000000 0.000000
    110 0.000000 0.000000 0.000000 0.000000 0.000000 0.000000
    111 0.000000 0.000000 0.000000 0.000000 0.000000 -1.570796
    112 -0.304697 -0.714866 -0.093753 -0.239939 0.059403 -1.488933
    113 0.000000 0.000000 0.000000 0.000000 0.000000 0.000000
    114 0.000000 0.000000 0.000000 0.000000 0.000000 -1.570796
    115 0.000000 0.000000 0.000000 0.000000 0.000000 0.000000
    116 0.000000 0.000000 0.000000 0.000000 0.000000 0.000000
    117 0.000000 0.000000 0.000000 0.000000 0.000000 0.000000
    118 0.000000 0.000000 0.000000 0.000000 0.000000 0.000000
    119 0.000000 0.000000 0.000000 0.000000 0.000000 0.000000
    120 0.000000 0.000000 0.000000 0.000000 0.000000 0.000000
    121 0.000000 0.000000 0.000000 0.000000 0.000000 0.000000
    122 0.000000 0.000000 0.000000 0.000000 0.000000 0.000000
    123 0.000000 0.000000 0.000000 0.000000 0.000000 0.000000
    124 0.000000 0.000000 0.000000 0.000000 0.000000 0.000000
    125 0.000000 0.000000 0.000000 0.000000 0.000000 0.000000
    126 0.000000 0.000000 0.000000 0.000000 0.000000 0.000000
    127 0.000000 0.000000 0.000000 0.000000 0.000000 0.000000
    128 0.000000 0.000000 0.000000 0.000000 0.000000 0.000000
    129 0.000000 0.000000 0.000000 0.000000 0.000000 0.000000
    130 0.000000 0.000000 0.000000 0.000000 0.000000 0.000000
    131 0.000000 0.000000 0.000000 0.000000 0.000000 0.000000
    132 0.000000 0.000000 0.000000 0.000000 0.000000 0.000000
    133 0.000000 0.000000 0.000000 0.000000 0.000000 0.000000
    134 0.000000 0.000000 0.000000 0.000000 0.000000 0.000000
    135 0.000000 0.000000 0.000000 0.000000 0.000000 0.000000
    136 0.000000 0.000000 0.000000 0.000000 0.000000 0.000000
    137 0.000000 0.000000 0.000000 0.000000 0.000000 0.000000
    138 0.000000 0.000000 0.000000 0.000000 0.000000 0.000000
    139 0.000000 0.000000 0.000000 0.000000 0.000000 0.000000
    140 0.000000 0.000000 0.000000 0.000000 0.000000 0.000000
    141 0.000000 0.000000 0.000000 0.000000 0.000000 0.000000
    142 0.000000 0.000000 0.000000 0.000000 0.000000 0.000000
    143 0.000000 0.000000 0.000000 0.000000 0.000000 0.000000
    144 0.000000 0.000000 0.000000 0.000000 0.000000 0.000000
    145 0.000000 0.000000 0.000000 0.000000 0.000000 0.000000
    146 0.000000 0.000000 0.000000 0.000000 0.000000 0.000000
    147 0.000000 0.000000 0.000000 0.000000 0.000000 0.000000
    148 0.000000 0.000000 0.000000 0.000000 0.000000 0.000000
    149 0.000000 0.000000 0.000000 0.000000 0.000000 0.000000
    150 0.000000 0.000000 0.000000 0.000000 0.000000 0.000000
    151 0.000000 0.000000 0.000000 0.000000 0.000000 0.000000
    152 0.000000 0.000000 0.000000 0.000000 0.000000 0.000000
    153 0.000000 0.000000 0.000000 0.000000 0.000000 0.000000
    154 0.000000 0.000000 0.000000 0.000000 0.000000 0.000000
    155 0.000000 0.000000 0.000000 0.000000 0.000000 0.000000
    156 0.000000 0.000000 0.000000 0.000000 0.000000 0.000000
    157 0.000000 0.000000 0.000000 0.000000 0.000000 0.000000
    158 0.000000 0.000000 0.000000 0.000000 0.000000 0.000000
    159 0.000000 0.000000 0.000000 0.000000 0.000000 0.000000
    160 0.000000 0.000000 0.000000 0.000000 0.000000 0.000000
    161 0.000000 0.000000 0.000000 0.000000 0.000000 0.000000
    162 0.000000 0.000000 0.000000 0.000000 0.000000 0.000000
    163 0.000000 0.000000 0.000000 0.000000 0.000000 0.000000
    164 0.000000 0.000000 0.000000 0.000000 0.000000 0.000000
    165 0.000000 0.000000 0.000000 0.000000 0.000000 0.000000
    166 0.000000 0.000000 0.000000 0.000000 0.000000 0.000000
    167 0.000000 0.000000 0.000000 0.000000 0.000000 0.000000
    168 0.000000 0.000000 0.000000 0.000000 0.000000 0.000000
    169 0.000000 0.000000 0.000000 0.000000 0.000000 0.000000
    170 0.000000 0.000000 0.000000 0.000000 0.000000 0.000000
    171 0.000000 0.000000 0.000000 0.000000 0.000000 0.000000
    172 0.000000 0.000000 0.000000 0.000000 0.000000 0.000000
    173 0.000000 0.000000 0.000000 0.000000 0.000000 0.000000
    174 0.000000 0.000000 0.000000 0.000000 0.000000 0.000000
    175 0.000000 0.000000 0.000000 0.000000 0.000000 0.000000
    176 0.000000 0.000000 0.000000 0.000000 0.000000 0.000000
    177 0.000000 0.000000 0.000000 0.000000 0.000000 0.000000
    178 0.000000 0.000000 0.000000 0.000000 0.000000 0.000000
    179 0.000000 0.000000 0.000000 0.000000 0.000000 0.000000
    180 0.000000 0.000000 0.000000 0.000000 0.000000 0.000000
    181 0.000000 0.000000 0.000000 0.000000 0.000000 0.000000
    182 0.000000 0.000000 0.000000 0.000000 0.000000 0.000000
    183 0.000000 0.000000 0.000000 0.000000 0.000000 0.000000
    184 0.000000 0.000000 0.000000 0.000000 0.000000 0.000000
    185 0.000000 0.000000 0.000000 0.000000 0.000000 0.000000
    186 0.000000 0.000000 0.000000 0.000000 0.000000 0.000000
    187 0.000000 0.000000 0.000000 0.000000 0.000000 0.000000
    188 0.000000 0.000000 0.000000 0.000000 0.000000 0.000000
    189 0.000000 0.000000 0.000000 0.000000 0.000000 0.000000
    190 0.000000 0.000000 0.000000 0.000000 0.000000 0.000000
    191 0.000000 0.000000 0.000000 -0.170669 0.000000 0.000024
    192 0.000000 0.000000 0.000000 0.000000 0.000000 0.000000
    193 0.000000 0.000000 0.000000 0.000000 0.000000 0.000000
    194 0.000000 0.000000 0.000000 0.000000 0.000000 0.000000
    195 0.000000 0.000000 0.000000 0.000000 0.000000 0.000000
    196 0.000000 0.000000 0.000000 0.000000 0.000000 0.000000
    197 0.000000 0.000000 0.000000 0.000000 0.000000 0.000000
    198 0.000000 0.000000 0.000000 0.000000 0.000000 0.000000
    199 0.000000 0.000000 0.000000 0.000000 0.000000 0.000000
    200 0.000000 0.000000 0.000000 0.000000 0.000000 0.000000
    201 0.000000 0.000000 0.000000 0.000000 0.000000 0.000000
    202 0.000000 0.000000 0.000000 0.000000 0.000000 0.000000
    203 0.000000 0.000000 0.000000 0.000000 0.000000 0.000000
    204 0.000000 0.000000 0.000000 0.000000 0.000000 0.000000
    205 0.000000 0.000000 0.000000 0.000000 0.000000 0.000000
    206 0.000000 0.000000 0.000000 0.000000 0.000000 0.000000
    207 0.000000 0.000000 0.000000 0.000000 0.000000 0.000000
    208 0.000000 0.000000 0.000000 0.000000 0.000000 0.000000
    209 0.000000 0.000000 0.000000 0.000000 0.000000 0.000000
    210 0.000000 0.000000 0.000000 0.000000 0.000000 0.000000
    211 0.000000 0.000000 0.000000 0.000000 0.000000 0.000000
    212 0.000000 0.000000 0.000000 0.000000 0.000000 0.000000
    213 0.000000 0.000000 0.000000 0.000000 0.000000 0.000000
    214 0.000000 0.000000 0.000000 0.000000 0.000000 0.000000
    215 0.000000 0.000000 0.000000 0.000000 0.000000 0.000000
    216 0.000000 0.000000 0.000000 0.000000 0.000000 0.000000
    217 0.000000 0.000000 0.000000 0.000000 0.000000 0.000000
    218 0.000000 0.000000 0.000000 0.000000 0.000000 0.000000
    219 0.000000 0.000000 0.000000 0.000000 0.000000 0.000000
    220 0.000000 0.000000 0.000000 0.000000 0.000000 0.000000
    221 0.000000 0.000000 0.000000 0.000000 0.000000 0.000000
    222 0.000000 0.000000 0.000000 0.000000 0.000000 0.000000
    223 0.000000 0.000000 0.000000 0.000000 0.000000 0.000000
    224 0.000000 0.000000 0.000000 0.000000 0.000000 0.000000
    225 0.000000 0.000000 0.000000 0.000000 0.000000 0.000000
    226 0.000000 0.000000 0.000000 0.000000 0.000000 0.000000
    227 0.648457 0.449232 -0.699240 -0.239939 0.059395 0.081863
    228 0.000000 0.000000 0.000000 0.000000 0.000000 0.000000
    229 0.000000 0.000000 0.000000 0.000000 0.000000 0.000000
    230 0.000000 0.000000 0.000000 -0.000348 0.000000 0.000000
    231 0.000000 0.000000 0.000000 0.000000 0.000000 0.000000
    232 0.000000 0.000000 0.000000 0.000000 0.000000 0.000000
    233 0.000000 0.000000 0.000000 0.000000 0.000000 0.000000
    234 0.222663 -0.546892 -0.855495 -0.239906 0.059412 -1.488898
    235 0.000000 0.000000 0.000000 0.000000 0.000000 0.000000
    236 0.000000 0.000000 0.000000 0.000000 0.000000 0.000000
    237 0.000000 0.000000 0.000000 0.000000 0.000000 0.000000
    238 0.000000 0.000000 0.000000 0.000000 0.000000 0.000000
    239 0.000000 0.000000 0.000000 0.000000 0.000000 0.000000
    240 0.000000 0.000000 0.000000 0.000000 0.000000 0.000000
    241 0.000000 0.000000 0.000000 0.000000 0.000000 0.000000
    242 0.000000 0.000000 0.000000 0.000000 0.000000 0.000000
    243 0.000000 0.000000 0.000000 0.000000 0.000000 0.000000
    244 0.000000 0.000000 0.000000 0.000000 0.000000 0.000000
    245 0.000000 0.000000 0.000000 0.000000 0.000000 0.000000
    246 0.000000 0.000000 0.000000 0.000000 0.000000 -1.570796
  time 4
    0 0.000000 0.000000 0.000000 0.000000 0.000000 -1.570796
    1 0.000000 0.000000 0.000000 0.000000 0.000000 0.000000
    2 0.000000 0.000000 0.000000 0.000000 0.000000 0.000000
    3 0.000000 0.000000 0.000000 0.000000 0.000000 0.000000
    4 0.000000 0.000000 0.000000 0.000000 0.000000 0.000000
    5 0.000000 0.000000 0.000000 0.000000 0.000000 0.000000
    6 0.000000 0.000000 0.000000 0.000000 0.000000 0.000000
    7 0.000000 0.000000 0.000000 0.000000 0.000000 0.000000
    8 -2.480544 -0.878933 0.121097 0.164442 0.375648 -0.083612
    9 0.000000 0.000000 0.000000 0.169772 0.008364 -0.014213
    10 0.000000 0.000000 0.000000 0.000000 0.000000 0.000000
    11 0.000000 0.000000 0.000000 0.000000 0.000000 0.000000
    12 0.000000 0.000000 0.000000 0.000000 0.000000 0.000000
    13 0.000000 0.000000 0.000000 -0.123703 0.000024 0.000000
    14 0.000000 0.000000 0.000000 0.000000 0.000060 0.196310
    15 0.000000 0.000000 0.000000 0.000000 0.000000 0.000000
    16 0.000000 0.000000 0.000000 0.000000 0.000000 0.000000
    17 0.000000 0.000000 0.000000 0.000000 0.000000 0.000000
    18 0.000000 0.000000 0.000000 0.000000 0.000000 0.000000
    19 0.000000 0.000000 0.000000 -0.498961 -0.000048 0.000012
    20 -0.207038 -0.019532 0.000000 0.000000 0.000000 -0.099681
    21 0.000000 0.000000 0.000000 -0.519721 -0.346064 -0.056962
    22 0.000000 0.000000 0.000000 0.000000 0.000000 0.000000
    23 0.000000 0.000000 0.000000 0.000000 0.000000 0.000000
    24 0.000000 0.000000 0.000000 0.000000 0.000000 0.000000
    25 0.000000 0.000000 0.000000 0.000000 0.000000 0.000000
    26 0.000000 0.000000 0.000000 0.000000 0.000000 0.000000
    27 0.000000 0.000000 0.000000 0.000000 0.000000 0.000000
    28 0.000000 0.000000 0.000000 0.000000 0.000000 0.000000
    29 0.000000 0.000000 0.000000 0.000000 0.000000 0.000000
    30 0.000000 0.000000 0.000000 0.000000 0.000000 0.000000
    31 0.000000 0.000000 0.000000 0.000000 0.000000 0.000000
    32 0.000000 0.000000 0.000000 0.000000 0.000000 0.000000
    33 0.000000 0.000000 0.000000 0.000000 0.000000 0.000000
    34 0.000000 0.000000 0.000000 0.000000 0.000000 0.000000
    35 0.000000 0.000000 0.000000 0.000000 0.000000 0.000000
    36 0.000000 0.000000 0.000000 0.000000 0.000000 0.000000
    37 0.000000 0.000000 0.000000 0.000000 0.000000 0.000000
    38 0.000000 0.000000 0.000000 0.000000 0.000000 0.000000
    39 0.000000 0.000000 0.000000 0.000000 0.000000 0.000000
    40 0.000000 0.000000 0.000000 0.000000 0.000000 0.000000
    41 0.000000 0.000000 0.000000 0.000000 0.000000 0.000000
    42 0.000000 0.000000 0.000000 0.000000 0.000000 0.000000
    43 0.000000 0.000000 0.000000 0.000000 0.000000 0.000000
    44 0.000000 0.000000 0.000000 0.000000 0.000000 0.000000
    45 0.000000 0.000000 0.000000 0.000000 0.000000 0.000000
    46 0.000000 0.000000 0.000000 0.000000 0.000000 0.000000
    47 0.000000 0.000000 0.000000 0.000000 0.000000 0.000000
    48 0.000000 0.000000 0.000000 0.000000 0.000000 0.000000
    49 0.000000 0.000000 0.000000 0.000000 0.000000 0.000000
    50 0.000000 0.000000 0.000000 0.000000 0.000000 0.000000
    51 0.000000 0.000000 0.000000 0.000000 0.000000 0.000000
    52 0.000000 0.000000 0.000000 0.000000 0.000000 0.000000
    53 0.000000 0.000000 0.000000 0.000000 0.000000 0.000000
    54 0.000000 0.000000 0.000000 0.000000 0.000000 0.000000
    55 0.000000 0.000000 0.000000 0.000000 0.000000 0.000000
    56 0.000000 0.000000 0.000000 0.000000 0.000000 0.000000
    57 0.000000 0.000000 0.000000 0.000000 0.000000 0.000000
    58 0.000000 0.000000 0.000000 0.000000 0.000000 0.000000
    59 0.000000 0.000000 0.000000 0.000000 0.000000 0.000000
    60 0.000000 0.000000 0.000000 0.000000 0.000000 0.000000
    61 0.000000 0.000000 0.000000 0.000000 0.000000 0.000000
    62 0.000000 0.000000 0.000000 0.000000 0.000000 0.000000
    63 0.000000 0.000000 0.000000 0.000000 0.000000 0.000000
    64 0.000000 0.000000 0.000000 0.000000 0.000000 0.000000
    65 0.000000 0.000000 0.000000 0.000000 0.000000 0.000000
    66 0.000000 0.000000 0.000000 0.000000 0.000000 0.000000
    67 0.000000 0.000000 0.000000 0.000000 0.000000 0.000000
    68 0.000000 0.000000 0.000000 0.000000 0.000000 0.000000
    69 0.000000 0.000000 0.000000 0.000000 0.000000 0.000000
    70 0.000000 0.000000 0.000000 0.000000 0.000000 0.000000
    71 0.000000 0.000000 0.000000 0.000000 0.000000 0.000000
    72 0.000000 0.000000 0.000000 0.000000 0.000000 0.000000
    73 0.000000 0.000000 0.000000 0.000000 0.000000 0.000000
    74 0.000000 0.000000 0.000000 0.000000 0.000000 0.000000
    75 0.000000 0.000000 0.000000 0.000000 0.000000 0.000000
    76 0.000000 0.000000 0.000000 0.000000 0.000000 0.000000
    77 0.000000 0.000000 0.000000 0.000000 0.000000 0.000000
    78 0.000000 0.000000 0.000000 0.000000 0.000000 0.000000
    79 0.000000 0.000000 0.000000 0.000000 0.000000 0.000000
    80 0.000000 0.000000 0.000000 0.000000 0.000000 0.000000
    81 0.000000 0.000000 0.000000 0.000000 0.000000 0.000000
    82 0.000000 0.000000 0.000000 0.000000 0.000000 0.000000
    83 0.000000 0.000000 0.000000 0.000000 0.000000 0.000000
    84 0.000000 0.000000 0.000000 0.000000 0.000000 0.000000
    85 0.000000 0.000000 0.000000 0.000000 0.000000 0.000000
    86 0.000000 0.000000 0.000000 0.000000 0.000000 0.000000
    87 0.000000 0.000000 0.000000 0.000000 0.000000 0.000000
    88 0.000000 0.000000 0.000000 0.000000 0.000000 0.000000
    89 0.000000 0.000000 0.000000 0.000000 0.000000 0.000000
    90 0.000000 0.000000 0.000000 0.000000 0.000000 0.000000
    91 0.000000 0.000000 0.000000 0.000000 0.000000 0.000000
    92 0.000000 0.000000 0.000000 0.000000 0.000000 0.000000
    93 0.000000 0.000000 0.000000 0.000000 0.000000 0.000000
    94 0.000000 0.000000 0.000000 0.000000 0.000000 0.000000
    95 0.000000 0.000000 0.000000 0.000000 0.000000 0.000000
    96 0.000000 0.000000 0.000000 0.000000 0.000000 0.000000
    97 0.000000 0.000000 0.000000 0.000000 0.000000 0.000000
    98 0.000000 0.000000 0.000000 0.000000 0.000000 0.000000
    99 0.000000 0.000000 0.000000 0.000000 0.000000 0.000000
    100 0.000000 0.000000 0.000000 0.000000 0.000000 0.000000
    101 0.000000 0.000000 0.000000 0.000000 0.000000 0.000000
    102 0.000000 0.000000 0.000000 0.000000 0.000000 0.000000
    103 0.000000 0.000000 0.000000 0.000000 0.000000 0.000000
    104 0.000000 0.000000 0.000000 0.000000 0.000000 0.000000
    105 0.000000 0.000000 0.000000 0.000000 0.000000 0.000000
    106 0.000000 0.000000 0.000000 0.000000 0.000000 0.000000
    107 0.000000 0.000000 0.000000 0.000000 0.000000 0.000000
    108 0.000000 0.000000 0.000000 0.000000 0.000000 0.000000
    109 0.000000 0.000000 0.000000 0.000000 0.000000 0.000000
    110 0.000000 0.000000 0.000000 0.000000 0.000000 0.000000
    111 0.000000 0.000000 0.000000 0.000000 0.000000 -1.570796
    112 -0.144536 -0.964873 -0.046876 -0.378520 0.128714 -1.450145
    113 0.000000 0.000000 0.000000 0.000000 0.000000 0.000000
    114 0.000000 0.000000 0.000000 0.000000 0.000000 -1.570796
    115 0.000000 0.000000 0.000000 0.000000 0.000000 0.000000
    116 0.000000 0.000000 0.000000 0.000000 0.000000 0.000000
    117 0.000000 0.000000 0.000000 0.000000 0.000000 0.000000
    118 0.000000 0.000000 0.000000 0.000000 0.000000 0.000000
    119 0.000000 0.000000 0.000000 0.000000 0.000000 0.000000
    120 0.000000 0.000000 0.000000 0.000000 0.000000 0.000000
    121 0.000000 0.000000 0.000000 0.000000 0.000000 0.000000
    122 0.000000 0.000000 0.000000 0.000000 0.000000 0.000000
    123 0.000000 0.000000 0.000000 0.000000 0.000000 0.000000
    124 0.000000 0.000000 0.000000 0.000000 0.000000 0.000000
    125 0.000000 0.000000 0.000000 0.000000 0.000000 0.000000
    126 0.000000 0.000000 0.000000 0.000000 0.000000 0.000000
    127 0.000000 0.000000 0.000000 0.000000 0.000000 0.000000
    128 0.000000 0.000000 0.000000 0.000000 0.000000 0.000000
    129 0.000000 0.000000 0.000000 0.000000 0.000000 0.000000
    130 0.000000 0.000000 0.000000 0.000000 0.000000 0.000000
    131 0.000000 0.000000 0.000000 0.000000 0.000000 0.000000
    132 0.000000 0.000000 0.000000 0.000000 0.000000 0.000000
    133 0.000000 0.000000 0.000000 0.000000 0.000000 0.000000
    134 0.000000 0.000000 0.000000 0.000000 0.000000 0.000000
    135 0.000000 0.000000 0.000000 0.000000 0.000000 0.000000
    136 0.000000 0.000000 0.000000 0.000000 0.000000 0.000000
    137 0.000000 0.000000 0.000000 0.000000 0.000000 0.000000
    138 0.000000 0.000000 0.000000 0.000000 0.000000 0.000000
    139 0.000000 0.000000 0.000000 0.000000 0.000000 0.000000
    140 0.000000 0.000000 0.000000 0.000000 0.000000 0.000000
    141 0.000000 0.000000 0.000000 0.000000 0.000000 0.000000
    142 0.000000 0.000000 0.000000 0.000000 0.000000 0.000000
    143 0.000000 0.000000 0.000000 0.000000 0.000000 0.000000
    144 0.000000 0.000000 0.000000 0.000000 0.000000 0.000000
    145 0.000000 0.000000 0.000000 0.000000 0.000000 0.000000
    146 0.000000 0.000000 0.000000 0.000000 0.000000 0.000000
    147 0.000000 0.000000 0.000000 0.000000 0.000000 0.000000
    148 0.000000 0.000000 0.000000 0.000000 0.000000 0.000000
    149 0.000000 0.000000 0.000000 0.000000 0.000000 0.000000
    150 0.000000 0.000000 0.000000 0.000000 0.000000 0.000000
    151 0.000000 0.000000 0.000000 0.000000 0.000000 0.000000
    152 0.000000 0.000000 0.000000 0.000000 0.000000 0.000000
    153 0.000000 0.000000 0.000000 0.000000 0.000000 0.000000
    154 0.000000 0.000000 0.000000 0.000000 0.000000 0.000000
    155 0.000000 0.000000 0.000000 0.000000 0.000000 0.000000
    156 0.000000 0.000000 0.000000 0.000000 0.000000 0.000000
    157 0.000000 0.000000 0.000000 0.000000 0.000000 0.000000
    158 0.000000 0.000000 0.000000 0.000000 0.000000 0.000000
    159 0.000000 0.000000 0.000000 0.000000 0.000000 0.000000
    160 0.000000 0.000000 0.000000 0.000000 0.000000 0.000000
    161 0.000000 0.000000 0.000000 0.000000 0.000000 0.000000
    162 0.000000 0.000000 0.000000 0.000000 0.000000 0.000000
    163 0.000000 0.000000 0.000000 0.000000 0.000000 0.000000
    164 0.000000 0.000000 0.000000 0.000000 0.000000 0.000000
    165 0.000000 0.000000 0.000000 0.000000 0.000000 0.000000
    166 0.000000 0.000000 0.000000 0.000000 0.000000 0.000000
    167 0.000000 0.000000 0.000000 0.000000 0.000000 0.000000
    168 0.000000 0.000000 0.000000 0.000000 0.000000 0.000000
    169 0.000000 0.000000 0.000000 0.000000 0.000000 0.000000
    170 0.000000 0.000000 0.000000 0.000000 0.000000 0.000000
    171 0.000000 0.000000 0.000000 0.000000 0.000000 0.000000
    172 0.000000 0.000000 0.000000 0.000000 0.000000 0.000000
    173 0.000000 0.000000 0.000000 0.000000 0.000000 0.000000
    174 0.000000 0.000000 0.000000 0.000000 0.000000 0.000000
    175 0.000000 0.000000 0.000000 0.000000 0.000000 0.000000
    176 0.000000 0.000000 0.000000 0.000000 0.000000 0.000000
    177 0.000000 0.000000 0.000000 0.000000 0.000000 0.000000
    178 0.000000 0.000000 0.000000 0.000000 0.000000 0.000000
    179 0.000000 0.000000 0.000000 0.000000 0.000000 0.000000
    180 0.000000 0.000000 0.000000 0.000000 0.000000 0.000000
    181 0.000000 0.000000 0.000000 0.000000 0.000000 0.000000
    182 0.000000 0.000000 0.000000 0.000000 0.000000 0.000000
    183 0.000000 0.000000 0.000000 0.000000 0.000000 0.000000
    184 0.000000 0.000000 0.000000 0.000000 0.000000 0.000000
    185 0.000000 0.000000 0.000000 0.000000 0.000000 0.000000
    186 0.000000 0.000000 0.000000 0.000000 0.000000 0.000000
    187 0.000000 0.000000 0.000000 0.000000 0.000000 0.000000
    188 0.000000 0.000000 0.000000 0.000000 0.000000 0.000000
    189 0.000000 0.000000 0.000000 0.000000 0.000000 0.000000
    190 0.000000 0.000000 0.000000 0.000000 0.000000 0.000000
    191 0.000000 0.000000 0.000000 -0.249463 0.000000 0.000060
    192 0.000000 0.000000 0.000000 0.000000 0.000000 0.000000
    193 0.000000 0.000000 0.000000 0.000000 0.000000 0.000000
    194 0.000000 0.000000 0.000000 0.000000 0.000000 0.000000
    195 0.000000 0.000000 0.000000 0.000000 0.000000 0.000000
    196 0.000000 0.000000 0.000000 0.000000 0.000000 0.000000
    197 0.000000 0.000000 0.000000 0.000000 0.000000 0.000000
    198 0.000000 0.000000 0.000000 0.000000 0.000000 0.000000
    199 0.000000 0.000000 0.000000 0.000000 0.000000 0.000000
    200 0.000000 0.000000 0.000000 0.000000 0.000000 0.000000
    201 0.000000 0.000000 0.000000 0.000000 0.000000 0.000000
    202 0.000000 0.000000 0.000000 0.000000 0.000000 0.000000
    203 0.000000 0.000000 0.000000 0.000000 0.000000 0.000000
    204 0.000000 0.000000 0.000000 0.000000 0.000000 0.000000
    205 0.000000 0.000000 0.000000 0.000000 0.000000 0.000000
    206 0.000000 0.000000 0.000000 0.000000 0.000000 0.000000
    207 0.000000 0.000000 0.000000 0.000000 0.000000 0.000000
    208 0.000000 0.000000 0.000000 0.000000 0.000000 0.000000
    209 0.000000 0.000000 0.000000 0.000000 0.000000 0.000000
    210 0.000000 0.000000 0.000000 0.000000 0.000000 0.000000
    211 0.000000 0.000000 0.000000 0.000000 0.000000 0.000000
    212 0.000000 0.000000 0.000000 0.000000 0.000000 0.000000
    213 0.000000 0.000000 0.000000 0.000000 0.000000 0.000000
    214 0.000000 0.000000 0.000000 0.000000 0.000000 0.000000
    215 0.000000 0.000000 0.000000 0.000000 0.000000 0.000000
    216 0.000000 0.000000 0.000000 0.000000 0.000000 0.000000
    217 0.000000 0.000000 0.000000 0.000000 0.000000 0.000000
    218 0.000000 0.000000 0.000000 0.000000 0.000000 0.000000
    219 0.000000 0.000000 0.000000 0.000000 0.000000 0.000000
    220 0.000000 0.000000 0.000000 0.000000 0.000000 0.000000
    221 0.000000 0.000000 0.000000 0.000000 0.000000 0.000000
    222 0.000000 0.000000 0.000000 0.000000 0.000000 0.000000
    223 0.000000 0.000000 0.000000 0.000000 0.000000 0.000000
    224 0.000000 0.000000 0.000000 0.000000 0.000000 0.000000
    225 0.000000 0.000000 0.000000 0.000000 0.000000 0.000000
    226 0.000000 0.000000 0.000000 0.000000 0.000000 0.000000
    227 0.777367 0.945341 -1.347697 -0.378520 0.128696 0.120650
    228 0.000000 0.000000 0.000000 0.000000 0.000000 0.000000
    229 0.000000 0.000000 0.000000 0.000000 0.000000 0.000000
    230 0.000000 0.000000 0.000000 -0.000467 0.000000 0.000000
    231 0.000000 0.000000 0.000000 0.000000 0.000000 0.000000
    232 0.000000 0.000000 0.000000 0.000000 0.000000 0.000000
    233 0.000000 0.000000 0.000000 0.000000 0.000000 0.000000
    234 0.554704 -0.558611 -1.656301 -0.378467 0.128726 -1.450199
    235 0.000000 0.000000 0.000000 0.000000 0.000000 0.000000
    236 0.000000 0.000000 0.000000 0.000000 0.000000 0.000000
    237 0.000000 0.000000 0.000000 0.000000 0.000000 0.000000
    238 0.000000 0.000000 0.000000 0.000000 0.000000 0.000000
    239 0.000000 0.000000 0.000000 0.000000 0.000000 0.000000
    240 0.000000 0.000000 0.000000 0.000000 0.000000 0.000000
    241 0.000000 0.000000 0.000000 0.000000 0.000000 0.000000
    242 0.000000 0.000000 0.000000 0.000000 0.000000 0.000000
    243 0.000000 0.000000 0.000000 0.000000 0.000000 0.000000
    244 0.000000 0.000000 0.000000 0.000000 0.000000 0.000000
    245 0.000000 0.000000 0.000000 0.000000 0.000000 0.000000
    246 0.000000 0.000000 0.000000 0.000000 0.000000 -1.570796
  time 5
    0 0.000000 0.000000 0.000000 0.000000 0.000000 -1.570796
    1 0.000000 0.000000 0.000000 0.000000 0.000000 0.000000
    2 0.000000 0.000000 0.000000 0.000000 0.000000 0.000000
    3 0.000000 0.000000 0.000000 0.000000 0.000000 0.000000
    4 0.000000 0.000000 0.000000 0.000000 0.000000 0.000000
    5 0.000000 0.000000 0.000000 0.000000 0.000000 0.000000
    6 0.000000 0.000000 0.000000 0.000000 0.000000 0.000000
    7 0.000000 0.000000 0.000000 0.000000 0.000000 0.000000
    8 -3.484481 -1.078158 0.718772 0.220012 0.544798 -0.118952
    9 0.000000 0.000000 0.000000 0.247393 0.017186 -0.033410
    10 0.000000 0.000000 0.000000 0.000000 0.000000 0.000000
    11 0.000000 0.000000 0.000000 0.000000 0.000000 0.000000
    12 0.000000 0.000000 0.000000 0.000000 0.000000 0.000000
    13 0.000000 0.000000 0.000000 -0.173793 0.000000 0.000000
    14 0.000000 0.000000 0.000000 -0.000060 0.000000 0.255533
    15 0.000000 0.000000 0.000000 0.000000 0.000000 0.000000
    16 0.000000 0.000000 0.000000 0.000000 0.000000 0.000000
    17 0.000000 0.000000 0.000000 0.000012 0.000012 0.000000
    18 0.000000 0.000000 0.000000 0.000000 0.000000 0.000000
    19 0.000000 0.000000 0.000000 -0.634661 -0.000048 0.000012
    20 -0.257820 -0.027345 0.000000 0.000000 0.000000 -0.127759
    21 0.000000 0.000000 0.000000 -0.767406 -0.476614 0.017922
    22 0.000000 0.000000 0.000000 0.000000 0.000000 0.000000
    23 0.000000 0.000000 0.000000 0.000000 0.000000 -0.000012
    24 0.000000 0.000000 0.000000 0.000000 0.000000 0.000000
    25 0.000000 0.000000 0.000000 0.000000 0.000000 0.000000
    26 0.000000 0.000000 0.000000 0.000000 0.000000 0.000000
    27 0.000000 0.000000 0.000000 0.000000 0.000012 -0.000012
    28 0.000000 0.000000 0.000000 0.000000 0.000012 -0.000012
    29 0.000000 0.000000 0.000000 0.000000 0.000000 0.000000
    30 0.000000 0.000000 0.000000 0.000000 0.000012 -0.000012
    31 0.000000 0.000000 0.000000 0.000000 0.000000 0.000000
    32 0.000000 0.000000 0.000000 0.000000 0.000000 0.000000
    33 0.000000 0.000000 0.000000 0.000000 0.000000 -0.000012
    34 0.000000 0.000000 0.000000 0.000000 0.000000 0.000000
    35 0.000000 0.000000 0.000000 0.000000 0.000000 -0.000012
    36 0.000000 0.000000 0.000000 0.000000 -0.000012 -0.000012
    37 0.000000 0.000000 0.000000 0.000000 0.000000 0.000000
    38 0.000000 0.000000 0.000000 0.000000 0.000000 0.000000
    39 0.000000 0.000000 0.000000 0.000000 0.000000 0.000000
    40 0.000000 0.000000 0.000000 0.000000 0.000000 0.000000
    41 0.000000 0.000000 0.000000 0.000000 0.000000 0.000000
    42 0.000000 0.000000 0.000000 0.000000 0.000000 0.000000
    43 0.000000 0.000000 0.000000 0.000000 0.000000 0.000000
    44 0.000000 0.000000 0.000000 0.000000 0.000000 0.000000
    45 0.000000 0.000000 0.000000 0.000000 0.000000 0.000000
    46 0.000000 0.000000 0.000000 0.000000 0.000000 0.000000
    47 0.000000 0.000000 0.000000 0.000000 0.000000 0.000000
    48 0.000000 0.000000 0.000000 0.000000 0.000012 0.000000
    49 0.000000 0.000000 0.000000 0.000000 0.000012 0.000000
    50 0.000000 0.000000 0.000000 0.000000 0.000000 0.000000
    51 0.000000 0.000000 0.000000 0.000000 0.000000 0.000000
    52 0.000000 0.000000 0.000000 0.000000 0.000000 0.000000
    53 0.000000 0.000000 0.000000 0.000000 0.000000 0.000000
    54 0.000000 0.000000 0.000000 0.000000 0.000000 0.000000
    55 0.000000 0.000000 0.000000 0.000000 0.000000 0.000000
    56 0.000000 0.000000 0.000000 0.000000 0.000000 0.000000
    57 0.000000 0.000000 0.000000 0.000000 0.000000 0.000000
    58 0.000000 0.000000 0.000000 0.000000 0.000000 0.000000
    59 0.000000 0.000000 0.000000 0.000000 -0.000012 0.000000
    60 0.000000 0.000000 0.000000 0.000000 0.000000 0.000000
    61 0.000000 0.000000 0.000000 0.000000 0.000000 0.000000
    62 0.000000 0.000000 0.000000 -0.000012 0.000000 0.000000
    63 0.000000 0.000000 0.000000 0.000000 0.000000 0.000000
    64 0.000000 0.000000 0.000000 0.000000 0.000000 0.000000
    65 0.000000 0.000000 0.000000 0.000000 0.000000 0.000000
    66 0.000000 0.000000 0.000000 0.000000 0.000000 0.000000
    67 0.000000 0.000000 0.000000 0.000000 0.000000 0.000000
    68 0.000000 0.000000 0.000000 0.000000 0.000000 0.000000
    69 0.000000 0.000000 0.000000 0.000000 0.000000 0.000000
    70 0.000000 0.000000 0.000000 0.000000 0.000000 0.000000
    71 0.000000 0.000000 0.000000 0.000000 0.000000 0.000000
    72 0.000000 0.000000 0.000000 0.000000 0.000000 0.000000
    73 0.000000 0.000000 0.000000 0.000000 0.000000 0.000000
    74 0.000000 0.000000 0.000000 0.000000 0.000000 0.000000
    75 0.000000 0.000000 0.000000 0.000000 0.000000 0.000000
    76 0.000000 0.000000 0.000000 0.000000 0.000000 0.000000
    77 0.000000 0.000000 0.000000 0.000000 -0.000012 0.000000
    78 0.000000 0.000000 0.000000 0.000000 0.000000 0.000000
    79 0.000000 0.000000 0.000000 0.000000 0.000000 0.000000
    80 0.000000 0.000000 0.000000 0.000012 0.000000 0.000000
    81 0.000000 0.000000 0.000000 0.000000 0.000000 0.000000
    82 0.000000 0.000000 0.000000 0.000000 0.000000 0.000000
    83 0.000000 0.000000 0.000000 0.000000 0.000000 0.000000
    84 0.000000 0.000000 0.000000 0.000000 0.000000 0.000000
    85 0.000000 0.000000 0.000000 -0.000012 0.000000 0.000000
    86 0.000000 0.000000 0.000000 0.000000 0.000000 0.000000
    87 0.000000 0.000000 0.000000 0.000000 0.000000 0.000000
    88 0.000000 0.000000 0.000000 0.000000 0.000000 0.000000
    89 0.000000 0.000000 0.000000 0.000012 0.000000 0.000000
    90 0.000000 0.000000 0.000000 0.000000 0.000000 0.000000
    91 0.000000 0.000000 0.000000 0.000000 0.000012 0.000000
    92 0.000000 0.000000 0.000000 0.000000 0.000000 0.000000
    93 0.000000 0.000000 0.000000 0.000000 0.000000 0.000000
    94 0.000000 0.000000 0.000000 0.000012 0.000000 0.000000
    95 0.000000 0.000000 0.000000 0.000000 0.000000 0.000000
    96 0.000000 0.000000 0.000000 0.000012 0.000000 0.000000
    97 0.000000 0.000000 0.000000 0.000000 0.000000 0.000000
    98 0.000000 0.000000 0.000000 0.000000 0.000012 0.000000
    99 0.000000 0.000000 0.000000 0.000000 0.000000 0.000000
    100 0.000000 0.000000 0.000000 0.000000 0.000000 0.000000
    101 0.000000 0.000000 0.000000 0.000000 0.000000 0.000000
    102 0.000000 0.000000 0.000000 0.000000 0.000000 0.000000
    103 0.000000 0.000000 0.000000 0.000000 0.000000 0.000000
    104 0.000000 0.000000 0.000000 0.000000 0.000000 0.000000
    105 0.000000 0.000000 0.000000 0.000000 0.000000 0.000000
    106 0.000000 0.000000 0.000000 0.000000 0.000000 0.000000
    107 0.000000 0.000000 0.000000 0.000000 0.000000 0.000000
    108 0.000000 0.000000 0.000000 0.000000 0.000000 0.000000
    109 0.000000 0.000000 0.000000 0.000000 0.000000 0.000000
    110 0.000000 0.000000 0.000000 0.000000 0.000000 0.000000
    111 0.000000 0.000000 0.000000 0.000000 0.000000 -1.570796
    112 0.003906 -1.136753 0.035157 -0.533790 0.210465 -1.408561
    113 0.000000 0.000000 0.000000 0.000000 0.000000 0.000000
    114 0.000000 0.000000 0.000000 0.000000 0.000000 -1.570796
    115 0.000000 0.000000 0.000000 0.000000 0.000000 0.000000
    116 0.000000 0.000000 0.000000 0.000000 0.000000 0.000000
    117 0.000000 0.000000 0.000000 0.000000 0.000000 0.000000
    118 0.000000 0.000000 0.000000 0.000000 0.000000 0.000000
    119 0.000000 0.000000 0.000000 0.000000 0.000000 0.000000
    120 0.000000 0.000000 0.000000 0.000000 0.000000 0.000000
    121 0.000000 0.000000 0.000000 0.000000 0.000000 0.000000
    122 0.000000 0.000000 0.000000 0.000000 0.000000 0.000000
    123 0.000000 0.000000 0.000000 0.000000 0.000000 0.000000
    124 0.000000 0.000000 0.000000 0.000000 0.000000 0.000000
    125 0.000000 0.000000 0.000000 0.000000 0.000000 0.000000
    126 0.000000 0.000000 0.000000 0.000000 0.000000 0.000000
    127 0.000000 0.000000 0.000000 0.000000 0.000000 0.000000
    128 0.000000 0.000000 0.000000 0.000000 0.000000 0.000000
    129 0.000000 0.000000 0.000000 0.000000 0.000000 0.000000
    130 0.000000 0.000000 0.000000 0.000000 0.000000 0.000000
    131 0.000000 0.000000 0.000000 0.000000 0.000000 0.000000
    132 0.000000 0.000000 0.000000 0.000000 0.000000 0.000000
    133 0.000000 0.000000 0.000000 0.000000 0.000000 0.000000
    134 0.000000 0.000000 0.000000 0.000000 0.000000 0.000000
    135 0.000000 0.000000 0.000000 0.000000 0.000000 0.000000
    136 0.000000 0.000000 0.000000 0.000000 0.000000 0.000000
    137 0.000000 0.000000 0.000000 0.000000 0.000000 0.000000
    138 0.000000 0.000000 0.000000 0.000000 0.000000 0.000000
    139 0.000000 0.000000 0.000000 0.000000 0.000000 0.000000
    140 0.000000 0.000000 0.000000 0.000000 0.000000 0.000000
    141 0.000000 0.000000 0.000000 0.000000 0.000000 0.000000
    142 0.000000 0.000000 0.000000 0.000000 0.000000 0.000000
    143 0.000000 0.000000 0.000000 0.000000 0.000000 0.000000
    144 0.000000 0.000000 0.000000 0.000000 0.000000 0.000000
    145 0.000000 0.000000 0.000000 0.000000 0.000000 0.000000
    146 0.000000 0.000000 0.000000 0.000000 0.000000 0.000000
    147 0.000000 0.000000 0.000000 0.000000 0.000000 0.000000
    148 0.000000 0.000000 0.000000 0.000000 0.000000 0.000000
    149 0.000000 0.000000 0.000000 0.000000 0.000000 0.000000
    150 0.000000 0.000000 0.000000 0.000000 0.000000 0.000000
    151 0.000000 0.000000 0.000000 0.000000 0.000000 0.000000
    152 0.000000 0.000000 0.000000 0.000000 0.000000 0.000000
    153 0.000000 0.000000 0.000000 0.000000 0.000000 0.000000
    154 0.000000 0.000000 0.000000 0.000000 0.000000 0.000000
    155 0.000000 0.000000 0.000000 0.000000 0.000000 0.000000
    156 0.000000 0.000000 0.000000 0.000000 0.000000 0.000000
    157 0.000000 0.000000 0.000000 0.000000 0.000000 0.000000
    158 0.000000 0.000000 0.000000 0.000000 0.000000 0.000000
    159 0.000000 0.000000 0.000000 0.000000 0.000000 0.000000
    160 0.000000 0.000000 0.000000 0.000000 0.000000 0.000000
    161 0.000000 0.000000 0.000000 0.000000 0.000000 0.000000
    162 0.000000 0.000000 0.000000 0.000000 0.000000 0.000000
    163 0.000000 0.000000 0.000000 0.000000 0.000000 0.000000
    164 0.000000 0.000000 0.000000 0.000000 0.000000 0.000000
    165 0.000000 0.000000 0.000000 0.000000 0.000000 0.000000
    166 0.000000 0.000000 0.000000 0.000000 0.000000 0.000000
    167 0.000000 0.000000 0.000000 0.000000 0.000000 0.000000
    168 0.000000 0.000000 0.000000 0.000000 0.000000 0.000000
    169 0.000000 0.000000 0.000000 0.000000 0.000000 0.000000
    170 0.000000 0.000000 0.000000 0.000000 0.000000 0.000000
    171 0.000000 0.000000 0.000000 0.000000 0.000000 0.000000
    172 0.000000 0.000000 0.000000 0.000000 0.000000 0.000000
    173 0.000000 0.000000 0.000000 0.000000 0.000000 0.000000
    174 0.000000 0.000000 0.000000 0.000000 0.000000 0.000000
    175 0.000000 0.000000 0.000000 0.000000 0.000000 0.000000
    176 0.000000 0.000000 0.000000 0.000000 0.000000 0.000000
    177 0.000000 0.000000 0.000000 0.000000 0.000000 0.000000
    178 0.000000 0.000000 0.000000 0.000000 0.000000 0.000000
    179 0.000000 0.000000 0.000000 0.000000 0.000000 0.000000
    180 0.000000 0.000000 0.000000 0.000000 0.000000 0.000000
    181 0.000000 0.000000 0.000000 0.000000 0.000000 0.000000
    182 0.000000 0.000000 0.000000 0.000000 0.000000 0.000000
    183 0.000000 0.000000 0.000000 0.000000 0.000000 0.000000
    184 0.000000 0.000000 0.000000 0.000000 0.000000 0.000000
    185 0.000000 0.000000 0.000000 0.000000 0.000000 0.000000
    186 0.000000 0.000000 0.000000 0.000000 0.000000 0.000000
    187 0.000000 0.000000 0.000000 0.000000 0.000000 0.000000
    188 0.000000 0.000000 0.000000 0.000000 0.000000 0.000000
    189 0.000000 0.000000 0.000000 0.000000 0.000000 0.000000
    190 0.000000 0.000000 0.000000 0.000000 0.000000 0.000000
    191 0.000000 0.000000 0.000000 -0.317349 0.000000 0.000000
    192 0.000000 0.000000 0.000000 0.000000 0.000000 0.000000
    193 0.000000 0.000000 0.000000 0.000000 0.000000 0.000000
    194 0.000000 0.000000 0.000000 0.000000 -0.000012 0.000000
    195 0.000000 0.000000 0.000000 0.000000 0.000000 0.000000
    196 0.000000 0.000000 0.000000 0.000000 0.000000 0.000000
    197 0.000000 0.000000 0.000000 0.000000 0.000000 0.000000
    198 0.000000 0.000000 0.000000 0.000000 0.000000 0.000000
    199 0.000000 0.000000 0.000000 0.000000 0.000000 0.000000
    200 0.000000 0.000000 0.000000 0.000000 0.000000 0.000000
    201 0.000000 0.000000 0.000000 0.000000 0.000000 0.000000
    202 0.000000 0.000000 0.000000 0.000000 0.000000 0.000000
    203 0.000000 0.000000 0.000000 0.000000 0.000000 0.000000
    204 0.000000 0.000000 0.000000 0.000000 0.000000 0.000000
    205 0.000000 0.000000 0.000000 0.000000 0.000000 0.000000
    206 0.000000 0.000000 0.000000 0.000000 0.000000 0.000000
    207 0.000000 0.000000 0.000000 0.000000 0.000000 0.000000
    208 0.000000 0.000000 0.000000 0.000000 0.000000 0.000000
    209 0.000000 0.000000 0.000000 0.000000 0.000000 0.000000
    210 0.000000 0.000000 0.000000 0.000000 0.000000 0.000000
    211 0.000000 0.000000 0.000000 0.000000 0.000000 0.000000
    212 0.000000 0.000000 0.000000 0.000000 0.000000 0.000000
    213 0.000000 0.000000 0.000000 0.000000 0.000000 0.000000
    214 0.000000 0.000000 0.000000 0.000000 0.000000 0.000000
    215 0.000000 0.000000 0.000000 0.000000 0.000000 0.000000
    216 0.000000 0.000000 0.000000 0.000000 0.000000 0.000000
    217 0.000000 0.000000 0.000000 0.000000 0.000000 0.000000
    218 0.000000 0.000000 0.000000 0.000000 0.000000 0.000000
    219 0.000000 0.000000 0.000000 0.000000 0.000000 0.000000
    220 0.000000 0.000000 0.000000 0.000000 0.000000 0.000000
    221 0.000000 0.000000 0.000000 0.000000 0.000000 0.000000
    222 0.000000 0.000000 0.000000 0.000000 0.000000 0.000000
    223 0.000000 0.000000 0.000000 0.000000 0.000000 0.000000
    224 0.000000 0.000000 0.000000 0.000000 0.000000 0.000000
    225 0.000000 0.000000 0.000000 0.000000 0.000000 0.000000
    226 0.000000 0.000000 0.000000 0.000000 0.000000 0.000000
    227 0.734397 1.441450 -2.070376 -0.533790 0.210436 0.162234
    228 0.000000 0.000000 0.000000 0.000000 0.000000 0.000000
    229 0.000000 0.000000 0.000000 0.000000 0.000000 0.000000
    230 0.000000 0.000000 0.000000 -0.000575 0.000000 0.000000
    231 0.000000 0.000000 0.000000 0.000000 0.000000 0.000000
    232 0.000000 0.000000 0.000000 0.000000 0.000000 0.000000
    233 0.000000 0.000000 0.000000 0.000000 0.000000 0.000000
    234 0.871120 -0.398450 -2.500076 -0.533803 0.210455 -1.408531
    235 0.000000 0.000000 0.000000 0.000000 0.000000 0.000000
    236 0.000000 0.000000 0.000000 0.000000 0.000000 0.000000
    237 0.000000 0.000000 0.000000 0.000000 0.000000 0.000000
    238 0.000000 0.000000 0.000000 0.000000 0.000000 0.000000
    239 0.000000 0.000000 0.000000 0.000000 0.000000 0.000000
    240 0.000000 0.000000 0.000000 0.000000 0.000000 0.000000
    241 0.000000 0.000000 0.000000 0.000000 0.000000 0.000000
    242 0.000000 0.000000 0.000000 0.000000 0.000000 0.000000
    243 0.000000 0.000000 0.000000 0.000000 0.000000 0.000000
    244 0.000000 0.000000 0.000000 0.000000 0.000000 0.000000
    245 0.000000 0.000000 0.000000 0.000000 0.000000 0.000000
    246 0.000000 0.000000 0.000000 0.000000 0.000000 -1.570796
  time 6
    0 0.000000 0.000000 0.000000 0.000000 0.000000 -1.570796
    1 0.000000 0.000000 0.000000 0.000000 0.000000 0.000000
    2 0.000000 0.000000 0.000000 0.000000 0.000000 0.000000
    3 0.000000 0.000000 0.000000 0.000000 0.000000 0.000000
    4 0.000000 0.000000 0.000000 0.000000 0.000000 0.000000
    5 0.000000 0.000000 0.000000 0.000000 0.000000 0.000000
    6 0.000000 0.000000 0.000000 0.000000 0.000000 0.000000
    7 0.000000 0.000000 0.000000 0.000000 0.000000 0.000000
    8 -4.550920 -1.144566 1.609424 0.253940 0.705157 -0.168468
    9 0.000000 0.000000 0.000000 0.334477 0.031473 -0.055561
    10 0.000000 0.000000 0.000000 0.000000 0.000000 0.000000
    11 0.000000 0.000000 0.000000 0.000000 0.000000 0.000000
    12 0.000000 0.000000 0.000000 0.000000 0.000000 0.000000
    13 0.000000 0.000000 0.000000 -0.229571 0.000000 0.000024
    14 0.000000 0.000000 0.000000 0.000000 0.000000 0.296268
    15 0.000000 0.000000 0.000000 0.000000 0.000000 0.000000
    16 0.000000 0.000000 0.000000 0.000000 0.000000 0.000000
    17 0.000000 0.000000 0.000000 0.000012 0.000012 0.000000
    18 0.000000 0.000000 0.000000 0.000000 0.000000 0.000000
    19 0.000000 0.000000 0.000000 -0.732569 0.000000 0.000000
    20 -0.308603 -0.031251 0.000000 0.000000 0.000060 -0.148126
    21 0.000000 0.000000 0.000000 -1.036171 -0.583873 0.165096
    22 0.000000 0.000000 0.000000 0.000000 0.000000 0.000000
    23 0.000000 0.000000 0.000000 0.000000 0.000000 -0.000012
    24 0.000000 0.000000 0.000000 0.000000 0.000000 0.000000
    25 0.000000 0.000000 0.000000 0.000000 0.000000 0.000000
    26 0.000000 0.000000 0.000000 0.000000 0.000000 0.000000
    27 0.000000 0.000000 0.000000 0.000000 0.000012 -0.000012
    28 0.000000 0.000000 0.000000 0.000000 0.000012 -0.000012
    29 0.000000 0.000000 0.000000 0.000000 0.000000 0.000000
    30 0.000000 0.000000 0.000000 0.000000 0.000012 -0.000012
    31 0.000000 0.000000 0.000000 0.000000 0.000000 0.000000
    32 0.000000 0.000000 0.000000 0.000000 0.000000 0.000000
    33 0.000000 0.000000 0.000000 0.000000 0.000000 -0.000012
    34 0.000000 0.000000 0.000000 0.000000 0.000000 0.000000
    35 0.000000 0.000000 0.000000 0.000000 0.000000 -0.000012
    36 0.000000 0.000000 0.000000 0.000000 -0.000012 -0.000012
    37 0.000000 0.000000 0.000000 0.000000 0.000000 0.000000
    38 0.000000 0.000000 0.000000 0.000000 0.000000 0.000000
    39 0.000000 0.000000 0.000000 0.000000 0.000014 0.000000
    40 0.000000 0.000000 0.000000 0.000000 0.000000 0.000000
    41 0.000000 0.000000 0.000000 0.000000 0.000000 0.000000
    42 0.000000 0.000000 0.000000 0.000000 0.000000 0.000000
    43 0.000000 0.000000 0.000000 0.000000 0.000000 0.000000
    44 0.000000 0.000000 0.000000 0.000000 0.000000 0.000000
    45 0.000000 0.000000 0.000000 0.000000 0.000000 0.000000
    46 0.000000 0.000000 0.000000 0.000000 0.000000 0.000000
    47 0.000000 0.000000 0.000000 0.000000 0.000000 0.000000
    48 0.000000 0.000000 0.000000 0.000000 0.000012 0.000000
    49 0.000000 0.000000 0.000000 0.000000 0.000012 0.000000
    50 0.000000 0.000000 0.000000 0.000000 0.000000 0.000000
    51 0.000000 0.000000 0.000000 0.000014 0.000000 0.000000
    52 0.000000 0.000000 0.000000 0.000000 0.000000 0.000000
    53 0.000000 0.000000 0.000000 0.000000 0.000000 0.000000
    54 0.000000 0.000000 0.000000 0.000000 0.000000 0.000000
    55 0.000000 0.000000 0.000000 0.000000 0.000000 0.000000
    56 0.000000 0.000000 0.000000 0.000000 0.000000 0.000000
    57 0.000000 0.000000 0.000000 0.000000 0.000000 0.000000
    58 0.000000 0.000000 0.000000 0.000000 0.000000 0.000000
    59 0.000000 0.000000 0.000000 0.000000 -0.000012 0.000000
    60 0.000000 0.000000 0.000000 0.000000 0.000000 0.000000
    61 0.000000 0.000000 0.000000 0.000000 0.000000 0.000000
    62 0.000000 0.000000 0.000000 -0.000012 0.000000 0.000000
    63 0.000000 0.000000 0.000000 0.000000 0.000000 0.000000
    64 0.000000 0.000000 0.000000 0.000000 0.000000 0.000000
    65 0.000000 0.000000 0.000000 0.000000 0.000000 0.000000
    66 0.000000 0.000000 0.000000 0.000000 0.000000 0.000000
    67 0.000000 0.000000 0.000000 0.000000 0.000000 0.000000
    68 0.000000 0.000000 0.000000 0.000000 0.000000 0.000000
    69 0.000000 0.000000 0.000000 0.000000 0.000000 0.000000
    70 0.000000 0.000000 0.000000 0.000000 0.000000 0.000000
    71 0.000000 0.000000 0.000000 0.000000 0.000000 0.000000
    72 0.000000 0.000000 0.000000 0.000000 0.000000 0.000000
    73 0.000000 0.000000 0.000000 0.000000 0.000000 0.000000
    74 0.000000 0.000000 0.000000 0.000000 0.000000 0.000000
    75 0.000000 0.000000 0.000000 0.000000 0.000000 0.000000
    76 0.000000 0.000000 0.000000 0.000000 0.000000 0.000000
    77 0.000000 0.000000 0.000000 0.000000 -0.000012 0.000000
    78 0.000000 0.000000 0.000000 0.000000 0.000000 0.000000
    79 0.000000 0.000000 0.000000 0.000000 0.000000 0.000000
    80 0.000000 0.000000 0.000000 0.000012 0.000000 0.000000
    81 0.000000 0.000000 0.000000 0.000000 0.000000 0.000000
    82 0.000000 0.000000 0.000000 0.000000 0.000000 0.000000
    83 0.000000 0.000000 0.000000 0.000000 0.000000 0.000000
    84 0.000000 0.000000 0.000000 0.000000 0.000000 0.000000
    85 0.000000 0.000000 0.000000 -0.000012 0.000000 0.000000
    86 0.000000 0.000000 0.000000 0.000000 0.000000 0.000000
    87 0.000000 0.000000 0.000000 0.000000 0.000000 0.000000
    88 0.000000 0.000000 0.000000 0.000000 0.000000 0.000000
    89 0.000000 0.000000 0.000000 0.000012 0.000000 0.000000
    90 0.000000 0.000000 0.000000 0.000000 0.000000 0.000000
    91 0.000000 0.000000 0.000000 0.000000 0.000012 0.000000
    92 0.000000 0.000000 0.000000 0.000000 0.000000 0.000000
    93 0.000000 0.000000 0.000000 0.000000 0.000000 0.000000
    94 0.000000 0.000000 0.000000 0.000012 0.000000 0.000000
    95 0.000000 0.000000 0.000000 0.000000 0.000000 0.000000
    96 0.000000 0.000000 0.000000 0.000012 0.000000 0.000000
    97 0.000000 0.000000 0.000000 0.000000 0.000000 0.000000
    98 0.000000 0.000000 0.000000 0.000000 0.000012 0.000000
    99 0.000000 0.000000 0.000000 0.000000 0.000000 0.000000
    100 0.000000 0.000000 0.000000 0.000000 0.000000 0.000000
    101 0.000000 0.000000 0.000000 0.000000 0.000000 0.000000
    102 0.000000 0.000000 0.000000 0.000000 0.000000 0.000000
    103 0.000000 0.000000 0.000000 0.000000 0.000000 0.000000
    104 0.000000 0.000000 0.000000 0.000000 0.000000 0.000000
    105 0.000000 0.000000 0.000000 0.000000 0.000000 0.000000
    106 0.000000 0.000000 0.000000 0.000000 0.000000 0.000000
    107 0.000000 0.000000 0.000000 0.000000 0.000000 0.000000
    108 0.000000 0.000000 0.000000 0.000000 0.000000 0.000000
    109 0.000000 0.000000 0.000000 0.000000 0.000000 0.000000
    110 0.000000 0.000000 0.000000 0.000000 0.000000 0.000000
    111 0.000000 0.000000 0.000000 0.000000 0.000000 -1.570796
    112 0.097659 -1.085971 0.097659 -0.669312 0.306212 -1.372664
    113 0.000000 0.000000 0.000000 0.000000 0.000000 0.000000
    114 0.000000 0.000000 0.000000 0.000000 0.000000 -1.570796
    115 0.000000 0.000000 0.000000 0.000000 0.000000 0.000000
    116 0.000000 0.000000 0.000000 0.000000 0.000000 0.000000
    117 0.000000 0.000000 0.000000 0.000000 0.000000 0.000000
    118 0.000000 0.000000 0.000000 0.000000 0.000000 0.000000
    119 0.000000 0.000000 0.000000 0.000000 0.000000 0.000000
    120 0.000000 0.000000 0.000000 0.000000 0.000000 0.000000
    121 0.000000 0.000000 0.000000 0.000000 0.000000 0.000000
    122 0.000000 0.000000 0.000000 0.000000 0.000000 0.000000
    123 0.000000 0.000000 0.000000 0.000000 0.000000 0.000000
    124 0.000000 0.000000 0.000000 0.000000 0.000000 0.000000
    125 0.000000 0.000000 0.000000 0.000000 0.000000 0.000000
    126 0.000000 0.000000 0.000000 0.000000 0.000000 0.000000
    127 0.000000 0.000000 0.000000 0.000000 0.000000 0.000000
    128 0.000000 0.000000 0.000000 0.000000 0.000000 0.000000
    129 0.000000 0.000000 0.000000 0.000000 0.000000 0.000000
    130 0.000000 0.000000 0.000000 0.000000 0.000000 0.000000
    131 0.000000 0.000000 0.000000 0.000000 0.000000 0.000000
    132 0.000000 0.000000 0.000000 0.000000 0.000000 0.000000
    133 0.000000 0.000000 0.000000 0.000000 0.000000 0.000000
    134 0.000000 0.000000 0.000000 0.000000 0.000000 0.000000
    135 0.000000 0.000000 0.000000 0.000000 0.000000 0.000000
    136 0.000000 0.000000 0.000000 0.000000 0.000000 0.000000
    137 0.000000 0.000000 0.000000 0.000000 0.000000 0.000000
    138 0.000000 0.000000 0.000000 0.000000 0.000000 0.000000
    139 0.000000 0.000000 0.000000 0.000000 0.000000 0.000000
    140 0.000000 0.000000 0.000000 0.000000 0.000000 0.000000
    141 0.000000 0.000000 0.000000 0.000000 0.000000 0.000000
    142 0.000000 0.000000 0.000000 0.000000 0.000000 0.000000
    143 0.000000 0.000000 0.000000 0.000000 0.000000 0.000000
    144 0.000000 0.000000 0.000000 0.000000 0.000000 0.000000
    145 0.000000 0.000000 0.000000 0.000000 0.000000 0.000000
    146 0.000000 0.000000 0.000000 0.000000 0.000000 0.000000
    147 0.000000 0.000000 0.000000 0.000000 0.000000 0.000000
    148 0.000000 0.000000 0.000000 0.000000 0.000000 0.000000
    149 0.000000 0.000000 0.000000 0.000000 0.000000 0.000000
    150 0.000000 0.000000 0.000000 0.000000 0.000000 0.000000
    151 0.000000 0.000000 0.000000 0.000000 0.000000 0.000000
    152 0.000000 0.000000 0.000000 0.000000 0.000000 0.000000
    153 0.000000 0.000000 0.000000 0.000000 0.000000 0.000000
    154 0.000000 0.000000 0.000000 0.000000 0.000000 0.000000
    155 0.000000 0.000000 0.000000 0.000000 0.000000 0.000000
    156 0.000000 0.000000 0.000000 0.000000 0.000000 0.000000
    157 0.000000 0.000000 0.000000 0.000000 0.000000 0.000000
    158 0.000000 0.000000 0.000000 0.000000 0.000000 0.000000
    159 0.000000 0.000000 0.000000 0.000000 0.000000 0.000000
    160 0.000000 0.000000 0.000000 0.000000 0.000000 0.000000
    161 0.000000 0.000000 0.000000 0.000000 0.000000 0.000000
    162 0.000000 0.000000 0.000000 0.000000 0.000000 0.000000
    163 0.000000 0.000000 0.000000 0.000000 0.000000 0.000000
    164 0.000000 0.000000 0.000000 0.000000 0.000000 0.000000
    165 0.000000 0.000000 0.000000 0.000000 0.000000 0.000000
    166 0.000000 0.000000 0.000000 0.000000 0.000000 0.000000
    167 0.000000 0.000000 0.000000 0.000000 0.000000 0.000000
    168 0.000000 0.000000 0.000000 0.000000 0.000000 0.000000
    169 0.000000 0.000000 0.000000 0.000000 0.000000 0.000000
    170 0.000000 0.000000 0.000000 0.000000 0.000000 0.000000
    171 0.000000 0.000000 0.000000 0.000000 0.000000 0.000000
    172 0.000000 0.000000 0.000000 0.000000 0.000000 0.000000
    173 0.000000 0.000000 0.000000 0.000000 0.000000 0.000000
    174 0.000000 0.000000 0.000000 0.000000 0.000000 0.000000
    175 0.000000 0.000000 0.000000 0.000000 0.000000 0.000000
    176 0.000000 0.000000 0.000000 0.000000 0.000000 0.000000
    177 0.000000 0.000000 0.000000 0.000000 0.000000 0.000000
    178 0.000000 0.000000 0.000000 0.000000 0.000000 0.000000
    179 0.000000 0.000000 0.000000 0.000000 0.000000 0.000000
    180 0.000000 0.000000 0.000000 0.000000 0.000000 0.000000
    181 0.000000 0.000000 0.000000 0.000000 0.000000 0.000000
    182 0.000000 0.000000 0.000000 0.000000 0.000000 0.000000
    183 0.000000 0.000000 0.000000 0.000000 0.000000 0.000000
    184 0.000000 0.000000 0.000000 0.000000 0.000000 0.000000
    185 0.000000 0.000000 0.000000 0.000000 0.000000 0.000000
    186 0.000000 0.000000 0.000000 0.000000 0.000000 0.000000
    187 0.000000 0.000000 0.000000 0.000000 0.000000 0.000000
    188 0.000000 0.000000 0.000000 0.000000 0.000000 0.000000
    189 0.000000 0.000000 0.000000 0.000000 0.000000 0.000000
    190 0.000000 0.000000 0.000000 0.000000 0.000000 0.000000
    191 0.000000 0.000000 0.000000 -0.366365 0.000000 0.000000
    192 0.000000 0.000000 0.000000 0.000000 0.000000 0.000000
    193 0.000000 0.000000 0.000000 0.000000 0.000000 0.000000
    194 0.000000 0.000000 0.000000 0.000000 -0.000012 0.000000
    195 0.000000 0.000000 0.000000 0.000000 0.000000 0.000000
    196 0.000000 0.000000 0.000000 0.000000 0.000000 0.000000
    197 0.000000 0.000000 0.000000 0.000000 0.000000 0.000000
    198 0.000000 0.000000 0.000000 0.000000 0.000000 0.000000
    199 0.000000 0.000000 0.000000 0.000000 0.000000 0.000000
    200 0.000000 0.000000 0.000000 0.000000 0.000000 0.000000
    201 0.000000 0.000000 0.000000 0.000000 0.000000 0.000000
    202 0.000000 0.000000 0.000000 0.000000 0.000000 0.000000
    203 0.000000 0.000000 0.000000 0.000000 0.000000 0.000000
    204 0.000000 0.000000 0.000000 0.000000 0.000000 0.000000
    205 0.000000 0.000000 0.000000 0.000000 0.000000 0.000000
    206 0.000000 0.000000 0.000000 0.000000 0.000000 0.000000
    207 0.000000 0.000000 0.000000 0.000000 0.000000 0.000000
    208 0.000000 0.000000 0.000000 0.000000 0.000000 0.000000
    209 0.000000 0.000000 0.000000 0.000000 0.000000 0.000000
    210 0.000000 0.000000 0.000000 0.000000 0.000000 0.000000
    211 0.000000 0.000000 0.000000 0.000000 0.000000 0.000000
    212 0.000000 0.000000 0.000000 0.000000 0.000000 0.000000
    213 0.000000 0.000000 0.000000 0.000000 0.000000 0.000000
    214 0.000000 0.000000 0.000000 0.000000 0.000000 0.000000
    215 0.000000 0.000000 0.000000 0.000000 0.000000 0.000000
    216 0.000000 0.000000 0.000000 0.000000 0.000000 0.000000
    217 0.000000 0.000000 0.000000 0.000000 0.000000 0.000000
    218 0.000000 0.000000 0.000000 0.000000 0.000000 0.000000
    219 0.000000 0.000000 0.000000 0.000000 0.000000 0.000000
    220 0.000000 0.000000 0.000000 0.000000 0.000000 0.000000
    221 0.000000 0.000000 0.000000 0.000000 0.000000 0.000000
    222 0.000000 0.000000 0.000000 0.000000 0.000000 0.000000
    223 0.000000 0.000000 0.000000 0.000000 0.000000 0.000000
    224 0.000000 0.000000 0.000000 0.000000 0.000000 0.000000
    225 0.000000 0.000000 0.000000 0.000000 0.000000 0.000000
    226 0.000000 0.000000 0.000000 0.000000 0.000000 0.000000
    227 0.367199 1.796930 -2.933683 -0.669312 0.306169 0.198131
    228 0.000000 0.000000 0.000000 0.000000 0.000000 0.000000
    229 0.000000 0.000000 0.000000 0.000000 0.000000 0.000000
    230 0.000000 0.000000 0.000000 -0.000695 0.000000 0.000000
    231 0.000000 0.000000 0.000000 0.000000 0.000000 0.000000
    232 0.000000 0.000000 0.000000 0.000000 0.000000 0.000000
    233 0.000000 0.000000 0.000000 0.000000 0.000000 0.000000
    234 1.066439 0.109378 -3.504013 -0.669307 0.306212 -1.372707
    235 0.000000 0.000000 0.000000 0.000000 0.000000 0.000000
    236 0.000000 0.000000 0.000000 0.000000 0.000000 0.000000
    237 0.000000 0.000000 0.000000 0.000000 0.000000 0.000000
    238 0.000000 0.000000 0.000000 0.000000 0.000000 0.000000
    239 0.000000 0.000000 0.000000 0.000000 0.000000 0.000000
    240 0.000000 0.000000 0.000000 0.000000 0.000000 0.000000
    241 0.000000 0.000000 0.000000 0.000000 0.000000 0.000000
    242 0.000000 0.000000 0.000000 0.000000 0.000000 0.000000
    243 0.000000 0.000000 0.000000 0.000000 0.000000 0.000000
    244 0.000000 0.000000 0.000000 0.000000 0.000000 0.000000
    245 0.000000 0.000000 0.000000 0.000000 0.000000 0.000000
    246 0.000000 0.000000 0.000000 0.000000 0.000000 -1.570796
  time 7
    0 0.000000 0.000000 0.000000 0.000000 0.000000 -1.570796
    1 0.000000 0.000000 0.000000 0.000000 0.000000 0.000000
    2 0.000000 0.000000 0.000000 0.000000 0.000000 0.000000
    3 0.000000 0.000000 0.000000 0.000000 0.000000 0.000000
    4 0.000000 0.000000 0.000000 0.000000 0.000000 0.000000
    5 0.000000 0.000000 0.000000 0.000000 0.000000 0.000000
    6 0.000000 0.000000 0.000000 0.000000 0.000000 0.000000
    7 0.000000 0.000000 0.000000 0.000000 0.000000 0.000000
    8 -5.347819 -1.105502 2.382885 0.250254 0.812039 -0.237043
    9 0.000000 0.000000 0.000000 0.406076 0.037364 -0.051869
    10 0.000000 0.000000 0.000000 0.000000 0.000000 0.000000
    11 0.000000 0.000000 0.000000 0.000000 0.000000 0.000000
    12 0.000000 0.000000 0.000000 0.000000 0.000000 0.000000
    13 0.000000 0.000000 0.000000 -0.285394 0.000000 0.000060
    14 0.000000 0.000000 0.000000 0.000000 0.000060 0.292892
    15 0.000000 0.000000 0.000000 0.000000 0.000000 0.000000
    16 0.000000 0.000000 0.000000 0.000000 0.000000 0.000000
    17 0.000000 0.000000 0.000000 0.000012 0.000012 0.000000
    18 0.000000 0.000000 0.000000 0.000000 0.000000 0.000000
    19 0.000000 0.000000 0.000000 -0.779683 0.000000 0.000000
    20 -0.281259 -0.031251 0.000000 -0.000060 0.000000 -0.146424
    21 0.000000 0.000000 0.000000 -1.250783 -0.642758 0.330292
    22 0.000000 0.000000 0.000000 0.000000 0.000000 0.000000
    23 0.000000 0.000000 0.000000 0.000000 0.000000 -0.000012
    24 0.000000 0.000000 0.000000 0.000000 0.000000 0.000000
    25 0.000000 0.000000 0.000000 0.000000 0.000000 0.000000
    26 0.000000 0.000000 0.000000 0.000000 0.000000 0.000000
    27 0.000000 0.000000 0.000000 0.000000 0.000012 -0.000012
    28 0.000000 0.000000 0.000000 0.000000 0.000012 -0.000012
    29 0.000000 0.000000 0.000000 0.000000 0.000018 0.000000
    30 0.000000 0.000000 0.000000 0.000000 0.000012 -0.000012
    31 0.000000 0.000000 0.000000 0.000000 0.000000 0.000000
    32 0.000000 0.000000 0.000000 0.000000 0.000000 0.000000
    33 0.000000 0.000000 0.000000 0.000000 0.000000 -0.000012
    34 0.000000 0.000000 0.000000 0.000000 0.000000 0.000000
    35 0.000000 0.000000 0.000000 0.000000 0.000000 -0.000012
    36 0.000000 0.000000 0.000000 0.000000 -0.000012 -0.000012
    37 0.000000 0.000000 0.000000 0.000000 0.000000 0.000000
    38 0.000000 0.000000 0.000000 0.000000 0.000000 0.000000
    39 0.000000 0.000000 0.000000 0.000000 0.000014 0.000000
    40 0.000000 0.000000 0.000000 0.000000 0.000000 0.000000
    41 0.000000 0.000000 0.000000 0.000000 0.000000 0.000000
    42 0.000000 0.000000 0.000000 0.000000 0.000000 0.000000
    43 0.000000 0.000000 0.000000 0.000000 0.000000 0.000000
    44 0.000000 0.000000 0.000000 0.000000 0.000000 0.000000
    45 0.000000 0.000000 0.000000 0.000000 0.000000 0.000000
    46 0.000000 0.000000 0.000000 0.000000 0.000000 0.000000
    47 0.000000 0.000000 0.000000 0.000018 0.000000 0.000000
    48 0.000000 0.000000 0.000000 0.000016 0.000012 0.000000
    49 0.000000 0.000000 0.000000 0.000000 0.000012 0.000000
    50 0.000000 0.000000 0.000000 0.000000 0.000000 0.000000
    51 0.000000 0.000000 0.000000 0.000014 0.000000 0.000000
    52 0.000000 0.000000 0.000000 0.000000 0.000000 0.000000
    53 0.000000 0.000000 0.000000 0.000000 0.000000 0.000000
    54 0.000000 0.000000 0.000000 0.000000 0.000000 0.000000
    55 0.000000 0.000000 0.000000 0.000000 0.000000 0.000000
    56 0.000000 0.000000 0.000000 0.000000 0.000000 0.000000
    57 0.000000 0.000000 0.000000 0.000000 0.000000 0.000000
    58 0.000000 0.000000 0.000000 0.000000 0.000000 0.000000
    59 0.000000 0.000000 0.000000 0.000000 -0.000012 0.000000
    60 0.000000 0.000000 0.000000 0.000000 0.000000 0.000000
    61 0.000000 0.000000 0.000000 0.000000 0.000000 0.000000
    62 0.000000 0.000000 0.000000 -0.000012 0.000000 0.000000
    63 0.000000 0.000000 0.000000 0.000000 0.000000 0.000000
    64 0.000000 0.000000 0.000000 0.000000 0.000000 0.000000
    65 0.000000 0.000000 0.000000 0.000000 0.000000 0.000000
    66 0.000000 0.000000 0.000000 0.000000 0.000000 0.000000
    67 0.000000 0.000000 0.000000 0.000000 0.000000 0.000000
    68 0.000000 0.000000 0.000000 0.000000 0.000000 0.000000
    69 0.000000 0.000000 0.000000 0.000000 0.000000 0.000000
    70 0.000000 0.000000 0.000000 0.000000 0.000000 0.000000
    71 0.000000 0.000000 0.000000 0.000000 0.000000 0.000000
    72 0.000000 0.000000 0.000000 0.000000 0.000000 0.000000
    73 0.000000 0.000000 0.000000 0.000000 0.000000 0.000000
    74 0.000000 0.000000 0.000000 0.000000 0.000000 0.000000
    75 0.000000 0.000000 0.000000 0.000000 0.000000 0.000000
    76 0.000000 0.000000 0.000000 0.000000 0.000000 0.000000
    77 0.000000 0.000000 0.000000 0.000000 -0.000012 0.000000
    78 0.000000 0.000000 0.000000 0.000000 0.000000 0.000000
    79 0.000000 0.000000 0.000000 0.000000 0.000000 0.000000
    80 0.000000 0.000000 0.000000 0.000012 0.000000 0.000000
    81 0.000000 0.000000 0.000000 0.000000 0.000000 0.000000
    82 0.000000 0.000000 0.000000 0.000000 0.000000 0.000000
    83 0.000000 0.000000 0.000000 0.000000 0.000000 0.000000
    84 0.000000 0.000000 0.000000 0.000000 0.000000 0.000000
    85 0.000000 0.000000 0.000000 -0.000012 0.000000 0.000000
    86 0.000000 0.000000 0.000000 0.000000 0.000000 0.000000
    87 0.000000 0.000000 0.000000 0.000000 0.000000 0.000000
    88 0.000000 0.000000 0.000000 0.000000 0.000000 0.000000
    89 0.000000 0.000000 0.000000 0.000012 0.000000 0.000000
    90 0.000000 0.000000 0.000000 0.000000 0.000000 0.000000
    91 0.000000 0.000000 0.000000 0.000000 0.000012 0.000000
    92 0.000000 0.000000 0.000000 0.000000 0.000000 0.000000
    93 0.000000 0.000000 0.000000 0.000000 0.000000 0.000000
    94 0.000000 0.000000 0.000000 0.000012 0.000000 0.000000
    95 0.000000 0.000000 0.000000 0.000000 0.000000 0.000000
    96 0.000000 0.000000 0.000000 0.000012 0.000000 0.000000
    97 0.000000 0.000000 0.000000 0.000000 0.000000 0.000000
    98 0.000000 0.000000 0.000000 0.000000 0.000012 0.000000
    99 0.000000 0.000000 0.000000 0.000000 0.000000 0.000000
    100 0.000000 0.000000 0.000000 0.000000 0.000000 0.000000
    101 0.000000 0.000000 0.000000 0.000000 0.000000 0.000000
    102 0.000000 0.000000 0.000000 0.000000 0.000000 0.000000
    103 0.000000 0.000000 0.000000 0.000000 0.000000 0.000000
    104 0.000000 0.000000 0.000000 0.000000 0.000000 0.000000
    105 0.000000 0.000000 0.000000 0.000000 0.000000 0.000000
    106 0.000000 0.000000 0.000000 0.000000 0.000000 0.000000
    107 0.000000 0.000000 0.000000 0.000000 0.000000 0.000000
    108 0.000000 0.000000 0.000000 0.000000 0.000000 0.000000
    109 0.000000 0.000000 0.000000 0.000000 0.000000 0.000000
    110 0.000000 0.000000 0.000000 0.000000 0.000000 0.000000
    111 0.000000 0.000000 0.000000 0.000000 0.000000 -1.570796
    112 0.277352 -0.839869 0.097659 -0.746205 0.390141 -1.339564
    113 0.000000 0.000000 0.000000 0.000000 0.000000 0.000000
    114 0.000000 0.000000 0.000000 0.000000 0.000000 -1.570796
    115 0.000000 0.000000 0.000000 0.000000 0.000000 0.000000
    116 0.000000 0.000000 0.000000 0.000000 0.000000 0.000000
    117 0.000000 0.000000 0.000000 0.000000 0.000000 0.000000
    118 0.000000 0.000000 0.000000 0.000000 0.000000 0.000000
    119 0.000000 0.000000 0.000000 0.000000 0.000000 0.000000
    120 0.000000 0.000000 0.000000 0.000000 0.000000 0.000000
    121 0.000000 0.000000 0.000000 0.000000 0.000000 0.000000
    122 0.000000 0.000000 0.000000 0.000000 0.000000 0.000000
    123 0.000000 0.000000 0.000000 0.000000 0.000000 0.000000
    124 0.000000 0.000000 0.000000 0.000000 0.000000 0.000000
    125 0.000000 0.000000 0.000000 0.000000 0.000000 0.000000
    126 0.000000 0.000000 0.000000 0.000000 0.000000 0.000000
    127 0.000000 0.000000 0.000000 0.000000 0.000000 0.000000
    128 0.000000 0.000000 0.000000 0.000000 0.000000 0.000000
    129 0.000000 0.000000 0.000000 0.000000 0.000000 0.000000
    130 0.000000 0.000000 0.000000 0.000000 0.000000 0.000000
    131 0.000000 0.000000 0.000000 0.000000 0.000000 0.000000
    132 0.000000 0.000000 0.000000 0.000000 0.000000 0.000000
    133 0.000000 0.000000 0.000000 0.000000 0.000000 0.000000
    134 0.000000 0.000000 0.000000 0.000000 0.000000 0.000000
    135 0.000000 0.000000 0.000000 0.000000 0.000000 0.000000
    136 0.000000 0.000000 0.000000 0.000000 0.000000 0.000000
    137 0.000000 0.000000 0.000000 0.000000 0.000000 0.000000
    138 0.000000 0.000000 0.000000 0.000000 0.000000 0.000000
    139 0.000000 0.000000 0.000000 0.000000 0.000000 0.000000
    140 0.000000 0.000000 0.000000 0.000000 0.000000 0.000000
    141 0.000000 0.000000 0.000000 0.000000 0.000000 0.000000
    142 0.000000 0.000000 0.000000 0.000000 0.000000 0.000000
    143 0.000000 0.000000 0.000000 0.000000 0.000000 0.000000
    144 0.000000 0.000000 0.000000 0.000000 0.000000 0.000000
    145 0.000000 0.000000 0.000000 0.000000 0.000000 0.000000
    146 0.000000 0.000000 0.000000 0.000000 0.000000 0.000000
    147 0.000000 0.000000 0.000000 0.000000 0.000000 0.000000
    148 0.000000 0.000000 0.000000 0.000000 0.000000 0.000000
    149 0.000000 0.000000 0.000000 0.000000 0.000000 0.000000
    150 0.000000 0.000000 0.000000 0.000000 0.000000 0.000000
    151 0.000000 0.000000 0.000000 0.000000 0.000000 0.000000
    152 0.000000 0.000000 0.000000 0.000000 0.000000 0.000000
    153 0.000000 0.000000 0.000000 0.000000 0.000000 0.000000
    154 0.000000 0.000000 0.000000 0.000000 0.000000 0.000000
    155 0.000000 0.000000 0.000000 0.000000 0.000000 0.000000
    156 0.000000 0.000000 0.000000 0.000000 0.000000 0.000000
    157 0.000000 0.000000 0.000000 0.000000 0.000000 0.000000
    158 0.000000 0.000000 0.000000 0.000000 0.000000 0.000000
    159 0.000000 0.000000 0.000000 0.000000 0.000000 0.000000
    160 0.000000 0.000000 0.000000 0.000000 0.000000 0.000000
    161 0.000000 0.000000 0.000000 0.000000 0.000000 0.000000
    162 0.000000 0.000000 0.000000 0.000000 0.000000 0.000000
    163 0.000000 0.000000 0.000000 0.000000 0.000000 0.000000
    164 0.000000 0.000000 0.000000 0.000000 0.000000 0.000000
    165 0.000000 0.000000 0.000000 0.000000 0.000000 0.000000
    166 0.000000 0.000000 0.000000 0.000000 0.000000 0.000000
    167 0.000000 0.000000 0.000000 0.000000 0.000000 0.000000
    168 0.000000 0.000000 0.000000 0.000000 0.000000 0.000000
    169 0.000000 0.000000 0.000000 0.000000 0.000000 0.000000
    170 0.000000 0.000000 0.000000 0.000000 0.000000 0.000000
    171 0.000000 0.000000 0.000000 0.000000 0.000000 0.000000
    172 0.000000 0.000000 0.000000 0.000000 0.000000 0.000000
    173 0.000000 0.000000 0.000000 0.000000 0.000000 0.000000
    174 0.000000 0.000000 0.000000 0.000000 0.000000 0.000000
    175 0.000000 0.000000 0.000000 0.000000 0.000000 0.000000
    176 0.000000 0.000000 0.000000 0.000000 0.000000 0.000000
    177 0.000000 0.000000 0.000000 0.000000 0.000000 0.000000
    178 0.000000 0.000000 0.000000 0.000000 0.000000 0.000000
    179 0.000000 0.000000 0.000000 0.000000 0.000000 0.000000
    180 0.000000 0.000000 0.000000 0.000000 0.000000 0.000000
    181 0.000000 0.000000 0.000000 0.000000 0.000000 0.000000
    182 0.000000 0.000000 0.000000 0.000000 0.000000 0.000000
    183 0.000000 0.000000 0.000000 0.000000 0.000000 0.000000
    184 0.000000 0.000000 0.000000 0.000000 0.000000 0.000000
    185 0.000000 0.000000 0.000000 0.000000 0.000000 0.000000
    186 0.000000 0.000000 0.000000 0.000000 0.000000 0.000000
    187 0.000000 0.000000 0.000000 0.000000 0.000000 0.000000
    188 0.000000 0.000000 0.000000 0.000000 0.000000 0.000000
    189 0.000000 0.000000 0.000000 0.000000 0.000000 0.000000
    190 0.000000 0.000000 0.000000 0.000000 0.000000 0.000000
    191 0.000000 0.000000 0.000000 -0.389786 0.000000 0.000060
    192 0.000000 0.000000 0.000000 0.000000 0.000000 0.000000
    193 0.000000 0.000000 0.000000 0.000000 0.000000 0.000000
    194 0.000000 0.000000 0.000000 0.000000 -0.000012 0.000016
    195 0.000000 0.000000 0.000000 0.000000 0.000000 0.000000
    196 0.000000 0.000000 0.000000 0.000000 0.000000 0.000000
    197 0.000000 0.000000 0.000000 0.000000 0.000000 0.000000
    198 0.000000 0.000000 0.000000 0.000000 0.000000 0.000000
    199 0.000000 0.000000 0.000000 0.000000 0.000000 0.000000
    200 0.000000 0.000000 0.000000 0.000000 0.000000 0.000000
    201 0.000000 0.000000 0.000000 0.000000 0.000000 0.000000
    202 0.000000 0.000000 0.000000 0.000000 0.000000 0.000000
    203 0.000000 0.000000 0.000000 0.000000 0.000000 0.000000
    204 0.000000 0.000000 0.000000 0.000000 0.000000 0.000000
    205 0.000000 0.000000 0.000000 0.000000 0.000000 0.000000
    206 0.000000 0.000000 0.000000 0.000000 0.000000 0.000000
    207 0.000000 0.000000 0.000000 0.000000 0.000000 0.000000
    208 0.000000 0.000000 0.000000 0.000000 0.000000 0.000000
    209 0.000000 0.000000 0.000000 0.000000 0.000000 0.000016
    210 0.000000 0.000000 0.000000 0.000000 0.000000 0.000000
    211 0.000000 0.000000 0.000000 0.000000 0.000000 0.000000
    212 0.000000 0.000000 0.000000 0.000000 0.000000 0.000000
    213 0.000000 0.000000 0.000000 0.000000 0.000000 0.000000
    214 0.000000 0.000000 0.000000 0.000000 0.000000 0.000000
    215 0.000000 0.000000 0.000000 0.000000 0.000000 0.000000
    216 0.000000 0.000000 0.000000 0.000000 0.000000 0.000000
    217 0.000000 0.000000 0.000000 0.000000 0.000000 0.000000
    218 0.000000 0.000000 0.000000 0.000000 0.000000 0.000000
    219 0.000000 0.000000 0.000000 0.000000 0.000000 0.000000
    220 0.000000 0.000000 0.000000 0.000000 0.000000 0.000000
    221 0.000000 0.000000 0.000000 0.000000 0.000000 0.000000
    222 0.000000 0.000000 0.000000 0.000000 0.000000 0.000000
    223 0.000000 0.000000 0.000000 0.000000 0.000000 0.000000
    224 0.000000 0.000000 0.000000 0.000000 0.000000 0.000000
    225 0.000000 0.000000 0.000000 0.000000 0.000000 0.000000
    226 0.000000 0.000000 0.000000 0.000000 0.000000 0.000000
    227 -0.238289 2.199286 -3.726676 -0.746292 0.390085 0.231231
    228 0.000000 0.000000 0.000000 0.000000 0.000000 0.000000
    229 0.000000 0.000000 0.000000 0.000000 0.000000 0.000000
    230 0.000000 0.000000 0.000000 -0.000815 0.000000 0.000000
    231 0.000000 0.000000 0.000000 0.000000 0.000000 0.000000
    232 0.000000 0.000000 0.000000 0.000000 0.000000 0.000000
    233 0.000000 0.000000 0.000000 0.000000 0.000000 0.000000
    234 1.406293 0.863308 -4.441542 -0.746276 0.390154 -1.339564
    235 0.000000 0.000000 0.000000 0.000000 0.000000 0.000000
    236 0.000000 0.000000 0.000000 0.000000 0.000000 0.000000
    237 0.000000 0.000000 0.000000 0.000000 0.000000 0.000000
    238 0.000000 0.000000 0.000000 0.000000 0.000000 0.000000
    239 0.000000 0.000000 0.000000 0.000000 0.000000 0.000000
    240 0.000000 0.000000 0.000000 0.000000 0.000000 0.000000
    241 0.000000 0.000000 0.000000 0.000000 0.000000 0.000000
    242 0.000000 0.000000 0.000000 0.000000 0.000000 0.000000
    243 0.000000 0.000000 0.000000 0.000000 0.000000 0.000000
    244 0.000000 0.000000 0.000000 0.000000 0.000000 0.000000
    245 0.000000 0.000000 0.000000 0.000000 0.000000 0.000000
    246 0.000000 0.000000 0.000000 0.000000 0.000000 -1.570796
  time 8
    0 0.000000 0.000000 0.000000 0.000000 0.000000 -1.570796
    1 0.000000 0.000000 0.000000 0.000000 0.000000 0.000000
    2 0.000000 0.000000 0.000000 0.000000 0.000000 0.000000
    3 0.000000 0.000000 0.000000 0.000000 0.000000 0.000000
    4 0.000000 0.000000 0.000000 0.000000 0.000000 0.000000
    5 0.000000 0.000000 0.000000 0.000000 0.000000 0.000000
    6 0.000000 0.000000 0.000000 0.000000 0.000000 0.000000
    7 0.000000 0.000000 0.000000 0.000000 0.000000 0.000000
    8 -5.683767 -1.011750 2.472732 0.230502 0.833401 -0.299967
    9 0.000000 0.000000 0.000000 0.435900 0.018316 -0.004615
    10 0.000000 0.000000 0.000000 0.000000 0.000000 0.000000
    11 0.000000 0.000000 0.000000 0.000000 0.000000 0.000000
    12 0.000000 0.000000 0.000000 0.000000 0.000000 0.000000
    13 0.000000 0.000000 0.000000 -0.324202 0.000000 0.000000
    14 0.000000 0.000000 0.000000 -0.000060 0.000000 0.241494
    15 0.000000 0.000000 0.000000 0.000000 0.000000 0.000000
    16 0.000000 0.000000 0.000000 0.000000 0.000000 0.000000
    17 0.000000 0.000000 0.000000 0.000012 0.000012 0.000000
    18 0.000000 0.000000 0.000000 0.000000 0.000000 0.000000
    19 0.000000 0.000000 0.000000 -0.779734 0.000000 0.000000
    20 -0.253914 -0.031251 0.000000 0.000000 0.000000 -0.120739
    21 0.000000 0.000000 0.000000 -1.331709 -0.670787 0.422351
    22 0.000000 0.000000 0.000000 0.000000 0.000000 0.000000
    23 0.000000 0.000000 0.000000 0.000000 0.000000 -0.000012
    24 0.000000 0.000000 0.000000 0.000000 0.000000 0.000000
    25 0.000000 0.000000 0.000000 0.000000 0.000000 0.000000
    26 0.000000 0.000000 0.000000 0.000000 0.000000 0.000000
    27 0.000000 0.000000 0.000000 0.000000 0.000012 -0.000012
    28 0.000000 0.000000 0.000000 0.000000 0.000012 -0.000012
    29 0.000000 0.000000 0.000000 0.000000 0.000018 0.000000
    30 0.000000 0.000000 0.000000 0.000000 0.000012 -0.000012
    31 0.000000 0.000000 0.000000 0.000000 0.000000 0.000000
    32 0.000000 0.000000 0.000000 0.000000 0.000000 0.000000
    33 0.000000 0.000000 0.000000 0.000000 0.000000 -0.000012
    34 0.000000 0.000000 0.000000 0.000000 0.000000 0.000000
    35 0.000000 0.000000 0.000000 0.000000 0.000000 -0.000012
    36 0.000000 0.000000 0.000000 0.000000 -0.000012 -0.000012
    37 0.000000 0.000000 0.000000 0.000000 0.000000 0.000000
    38 0.000000 0.000000 0.000000 0.000000 0.000000 0.000000
    39 0.000000 0.000000 0.000000 -0.000019 0.000014 0.000000
    40 0.000000 0.000000 0.000000 0.000000 0.000000 0.000000
    41 0.000000 0.000000 0.000000 0.000000 0.000000 0.000000
    42 0.000000 0.000000 0.000000 0.000000 0.000000 0.000000
    43 0.000000 0.000000 0.000000 0.000000 0.000000 0.000000
    44 0.000000 0.000000 0.000000 0.000000 0.000000 0.000000
    45 0.000000 0.000000 0.000000 0.000000 0.000000 0.000000
    46 0.000000 0.000000 0.000000 0.000000 0.000000 0.000000
    47 0.000000 0.000000 0.000000 0.000018 0.000000 0.000000
    48 0.000000 0.000000 0.000000 0.000016 0.000012 0.000000
    49 0.000000 0.000000 0.000000 0.000000 0.000012 0.000000
    50 0.000000 0.000000 0.000000 0.000000 0.000000 0.000000
    51 0.000000 0.000000 0.000000 0.000014 0.000000 0.000000
    52 0.000000 0.000000 0.000000 0.000000 0.000000 0.000000
    53 0.000000 0.000000 0.000000 0.000000 0.000000 0.000000
    54 0.000000 0.000000 0.000000 0.000000 0.000000 0.000000
    55 0.000000 0.000000 0.000000 0.000000 0.000000 0.000000
    56 0.000000 0.000000 0.000000 0.000000 0.000000 0.000000
    57 0.000000 0.000000 0.000000 0.000000 0.000000 0.000000
    58 0.000000 0.000000 0.000000 0.000000 0.000000 0.000000
    59 0.000000 0.000000 0.000000 0.000000 -0.000012 0.000000
    60 0.000000 0.000000 0.000000 0.000000 0.000000 0.000000
    61 0.000000 0.000000 0.000000 0.000000 0.000000 0.000000
    62 0.000000 0.000000 0.000000 -0.000012 0.000000 0.000000
    63 0.000000 0.000000 0.000000 0.000000 0.000000 0.000000
    64 0.000000 0.000000 0.000000 0.000000 0.000000 0.000000
    65 0.000000 0.000000 0.000000 0.000000 0.000000 0.000000
    66 0.000000 0.000000 0.000000 0.000000 0.000000 0.000000
    67 0.000000 0.000000 0.000000 0.000000 0.000000 0.000000
    68 0.000000 0.000000 0.000000 0.000000 0.000000 0.000000
    69 0.000000 0.000000 0.000000 0.000000 0.000000 0.000000
    70 0.000000 0.000000 0.000000 0.000000 0.000000 0.000000
    71 0.000000 0.000000 0.000000 0.000000 0.000000 0.000000
    72 0.000000 0.000000 0.000000 0.000000 0.000000 0.000000
    73 0.000000 0.000000 0.000000 0.000000 0.000000 0.000000
    74 0.000000 0.000000 0.000000 0.000000 0.000000 0.000000
    75 0.000000 0.000000 0.000000 0.000000 0.000000 0.000000
    76 0.000000 0.000000 0.000000 0.000000 0.000000 0.000000
    77 0.000000 0.000000 0.000000 0.000000 -0.000012 0.000000
    78 0.000000 0.000000 0.000000 0.000000 0.000000 0.000000
    79 0.000000 0.000000 0.000000 0.000000 0.000000 0.000000
    80 0.000000 0.000000 0.000000 0.000012 0.000000 0.000000
    81 0.000000 0.000000 0.000000 0.000000 0.000000 0.000000
    82 0.000000 0.000000 0.000000 0.000000 0.000000 0.000000
    83 0.000000 0.000000 0.000000 0.000000 0.000000 0.000000
    84 0.000000 0.000000 0.000000 0.000000 0.000000 0.000000
    85 0.000000 0.000000 0.000000 -0.000012 0.000000 0.000000
    86 0.000000 0.000000 0.000000 0.000000 0.000000 0.000000
    87 0.000000 0.000000 0.000000 0.000000 0.000000 0.000000
    88 0.000000 0.000000 0.000000 0.000000 0.000000 0.000000
    89 0.000000 0.000000 0.000000 0.000012 0.000000 0.000000
    90 0.000000 0.000000 0.000000 0.000000 0.000000 0.000000
    91 0.000000 0.000000 0.000000 0.000000 0.000012 0.000000
    92 0.000000 0.000000 0.000000 0.000000 0.000000 0.000000
    93 0.000000 0.000000 0.000000 0.000000 0.000000 0.000000
    94 0.000000 0.000000 0.000000 0.000012 0.000000 0.000000
    95 0.000000 0.000000 0.000000 0.000000 0.000000 0.000000
    96 0.000000 0.000000 0.000000 0.000012 0.000000 0.000000
    97 0.000000 0.000000 0.000000 0.000000 0.000000 0.000000
    98 0.000000 0.000000 0.000000 0.000000 0.000012 0.000000
    99 0.000000 0.000000 0.000000 0.000000 0.000000 0.000000
    100 0.000000 0.000000 0.000000 0.000000 0.000000 0.000000
    101 0.000000 0.000000 0.000000 0.000000 0.000000 0.000000
    102 0.000000 0.000000 0.000000 0.000000 0.000000 0.000000
    103 0.000000 0.000000 0.000000 0.000000 0.000000 0.000000
    104 0.000000 0.000000 0.000000 0.000000 0.000000 0.000000
    105 0.000000 0.000000 0.000000 0.000000 0.000000 0.000000
    106 0.000000 0.000000 0.000000 0.000000 0.000000 0.000000
    107 0.000000 0.000000 0.000000 0.000000 0.000000 0.000000
    108 0.000000 0.000000 0.000000 0.000000 0.000000 0.000000
    109 0.000000 0.000000 0.000000 0.000000 0.000000 0.000000
    110 0.000000 0.000000 0.000000 0.000000 0.000000 0.000000
    111 0.000000 0.000000 0.000000 0.000000 0.000000 -1.570796
    112 0.664083 -0.539079 -0.011719 -0.746292 0.427817 -1.300031
    113 0.000000 0.000000 0.000000 0.000000 0.000000 0.000000
    114 0.000000 0.000000 0.000000 0.000000 0.000000 -1.570796
    115 0.000000 0.000000 0.000000 0.000000 0.000000 0.000000
    116 0.000000 0.000000 0.000000 0.000000 0.000000 0.000000
    117 0.000000 0.000000 0.000000 0.000000 0.000000 0.000000
    118 0.000000 0.000000 0.000000 0.000000 0.000000 0.000000
    119 0.000000 0.000000 0.000000 0.000000 0.000000 0.000000
    120 0.000000 0.000000 0.000000 0.000000 0.000000 0.000000
    121 0.000000 0.000000 0.000000 0.000000 0.000000 0.000000
    122 0.000000 0.000000 0.000000 0.000000 0.000000 0.000000
    123 0.000000 0.000000 0.000000 0.000000 0.000000 0.000000
    124 0.000000 0.000000 0.000000 0.000000 0.000000 0.000000
    125 0.000000 0.000000 0.000000 0.000000 0.000000 0.000000
    126 0.000000 0.000000 0.000000 0.000000 0.000000 0.000000
    127 0.000000 0.000000 0.000000 0.000000 0.000000 0.000000
    128 0.000000 0.000000 0.000000 0.000000 0.000000 0.000000
    129 0.000000 0.000000 0.000000 0.000000 0.000000 0.000000
    130 0.000000 0.000000 0.000000 0.000000 0.000000 0.000000
    131 0.000000 0.000000 0.000000 0.000000 0.000000 0.000000
    132 0.000000 0.000000 0.000000 0.000000 0.000000 0.000000
    133 0.000000 0.000000 0.000000 0.000000 0.000000 0.000000
    134 0.000000 0.000000 0.000000 0.000000 0.000000 0.000000
    135 0.000000 0.000000 0.000000 0.000000 0.000000 0.000000
    136 0.000000 0.000000 0.000000 0.000000 0.000000 0.000000
    137 0.000000 0.000000 0.000000 0.000000 0.000000 0.000000
    138 0.000000 0.000000 0.000000 0.000000 0.000000 0.000000
    139 0.000000 0.000000 0.000000 0.000000 0.000000 0.000000
    140 0.000000 0.000000 0.000000 0.000000 0.000000 0.000000
    141 0.000000 0.000000 0.000000 0.000000 0.000000 0.000000
    142 0.000000 0.000000 0.000000 0.000000 0.000000 0.000000
    143 0.000000 0.000000 0.000000 0.000000 0.000000 0.000000
    144 0.000000 0.000000 0.000000 0.000000 0.000000 0.000000
    145 0.000000 0.000000 0.000000 0.000000 0.000000 0.000000
    146 0.000000 0.000000 0.000000 0.000000 0.000000 0.000000
    147 0.000000 0.000000 0.000000 0.000000 0.000000 0.000000
    148 0.000000 0.000000 0.000000 0.000000 0.000000 0.000000
    149 0.000000 0.000000 0.000000 0.000000 0.000000 0.000000
    150 0.000000 0.000000 0.000000 0.000000 0.000000 0.000000
    151 0.000000 0.000000 0.000000 0.000000 0.000000 0.000000
    152 0.000000 0.000000 0.000000 0.000000 0.000000 0.000000
    153 0.000000 0.000000 0.000000 0.000000 0.000000 0.000000
    154 0.000000 0.000000 0.000000 0.000000 0.000000 0.000000
    155 0.000000 0.000000 0.000000 0.000000 0.000000 0.000000
    156 0.000000 0.000000 0.000000 0.000000 0.000000 0.000000
    157 0.000000 0.000000 0.000000 0.000000 0.000000 0.000000
    158 0.000000 0.000000 0.000000 0.000000 0.000000 0.000000
    159 0.000000 0.000000 0.000000 0.000000 0.000000 0.000000
    160 0.000000 0.000000 0.000000 0.000000 0.000000 0.000000
    161 0.000000 0.000000 0.000000 0.000000 0.000000 0.000000
    162 0.000000 0.000000 0.000000 0.000000 0.000000 0.000000
    163 0.000000 0.000000 0.000000 0.000000 0.000000 0.000000
    164 0.000000 0.000000 0.000000 0.000000 0.000000 0.000000
    165 0.000000 0.000000 0.000000 0.000000 0.000000 0.000000
    166 0.000000 0.000000 0.000000 0.000000 0.000000 0.000000
    167 0.000000 0.000000 0.000000 0.000000 0.000000 0.000000
    168 0.000000 0.000000 0.000000 0.000000 0.000000 0.000000
    169 0.000000 0.000000 0.000000 0.000000 0.000000 0.000000
    170 0.000000 0.000000 0.000000 0.000000 0.000000 0.000000
    171 0.000000 0.000000 0.000000 0.000000 0.000000 0.000000
    172 0.000000 0.000000 0.000000 0.000000 0.000000 0.000000
    173 0.000000 0.000000 0.000000 0.000000 0.000000 0.000000
    174 0.000000 0.000000 0.000000 0.000000 0.000000 0.000000
    175 0.000000 0.000000 0.000000 0.000000 0.000000 0.000000
    176 0.000000 0.000000 0.000000 0.000000 0.000000 0.000000
    177 0.000000 0.000000 0.000000 0.000000 0.000000 0.000000
    178 0.000000 0.000000 0.000000 0.000000 0.000000 0.000000
    179 0.000000 0.000000 0.000000 0.000000 0.000000 0.000000
    180 0.000000 0.000000 0.000000 0.000000 0.000000 0.000000
    181 0.000000 0.000000 0.000000 0.000000 0.000000 0.000000
    182 0.000000 0.000000 0.000000 0.000000 0.000000 0.000000
    183 0.000000 0.000000 0.000000 0.000000 0.000000 0.000000
    184 0.000000 0.000000 0.000000 0.000000 0.000000 0.000000
    185 0.000000 0.000000 0.000000 0.000000 0.000000 0.000000
    186 0.000000 0.000000 0.000000 0.000000 0.000000 0.000000
    187 0.000000 0.000000 0.000000 0.000000 0.000000 0.000000
    188 0.000000 0.000000 0.000000 0.000000 0.000000 0.000000
    189 0.000000 0.000000 0.000000 0.000000 0.000000 0.000000
    190 0.000000 0.000000 0.000000 0.000000 0.000000 0.000000
    191 0.000000 0.000000 0.000000 -0.389920 0.000000 0.000000
    192 0.000000 0.000000 0.000000 0.000000 0.000000 0.000000
    193 0.000000 0.000000 0.000000 0.000000 0.000000 0.000000
    194 0.000000 0.000000 0.000000 0.000000 -0.000012 0.000016
    195 0.000000 0.000000 0.000000 0.000000 0.000000 0.000000
    196 0.000000 0.000000 0.000000 0.000000 0.000000 0.000000
    197 0.000000 0.000000 0.000000 0.000000 0.000000 0.000000
    198 0.000000 0.000000 0.000000 0.000000 0.000000 0.000000
    199 0.000000 0.000000 0.000000 0.000000 0.000000 0.000000
    200 0.000000 0.000000 0.000000 0.000000 0.000000 0.000000
    201 0.000000 0.000000 0.000000 0.000000 0.000000 0.000000
    202 0.000000 0.000000 0.000000 0.000000 0.000000 0.000000
    203 0.000000 0.000000 0.000000 0.000000 0.000000 0.000000
    204 0.000000 0.000000 0.000000 0.000000 0.000000 0.000000
    205 0.000000 0.000000 0.000000 0.000000 0.000000 0.000000
    206 0.000000 0.000000 0.000000 0.000000 0.000000 0.000000
    207 0.000000 0.000000 0.000000 0.000000 0.000000 0.000000
    208 0.000000 0.000000 0.000000 0.000000 0.000000 0.000000
    209 0.000000 0.000000 0.000000 0.000000 0.000000 0.000016
    210 0.000000 0.000000 0.000000 0.000000 0.000000 0.000000
    211 0.000000 0.000000 0.000000 0.000000 0.000000 0.000000
    212 0.000000 0.000000 0.000000 0.000000 0.000000 0.000000
    213 0.000000 0.000000 0.000000 0.000000 0.000000 0.000000
    214 0.000000 0.000000 0.000000 0.000000 0.000000 0.000000
    215 0.000000 0.000000 0.000000 0.000000 0.000000 0.000000
    216 0.000000 0.000000 0.000000 0.000000 0.000000 0.000000
    217 0.000000 0.000000 0.000000 0.000000 0.000000 0.000000
    218 0.000000 0.000000 0.000000 0.000000 0.000000 0.000000
    219 0.000000 0.000000 0.000000 0.000000 0.000000 0.000000
    220 0.000000 0.000000 0.000000 0.000000 0.000000 0.000000
    221 0.000000 0.000000 0.000000 0.000000 0.000000 0.000000
    222 0.000000 0.000000 0.000000 0.000000 0.000000 0.000000
    223 0.000000 0.000000 0.000000 0.000000 0.000000 0.000000
    224 0.000000 0.000000 0.000000 0.000000 0.000000 0.000000
    225 0.000000 0.000000 0.000000 0.000000 0.000000 0.000000
    226 0.000000 0.000000 0.000000 0.000000 0.000000 0.000000
    227 -0.785180 2.906339 -4.195441 -0.746379 0.427757 0.270764
    228 0.000000 0.000000 0.000000 0.000000 0.000000 0.000000
    229 0.000000 0.000000 0.000000 0.000000 0.000000 0.000000
    230 0.000000 0.000000 0.000000 -0.000935 0.000000 0.000000
    231 0.000000 0.000000 0.000000 0.000000 0.000000 0.000000
    232 0.000000 0.000000 0.000000 0.000000 0.000000 0.000000
    233 0.000000 0.000000 0.000000 0.000000 0.000000 0.000000
    234 2.207099 1.484420 -5.011872 -0.746276 0.427811 -1.300003
    235 0.000000 0.000000 0.000000 0.000000 0.000000 0.000000
    236 0.000000 0.000000 0.000000 0.000000 0.000000 0.000000
    237 0.000000 0.000000 0.000000 0.000000 0.000000 0.000000
    238 0.000000 0.000000 0.000000 0.000000 0.000000 0.000000
    239 0.000000 0.000000 0.000000 0.000000 0.000000 0.000000
    240 0.000000 0.000000 0.000000 0.000000 0.000000 0.000000
    241 0.000000 0.000000 0.000000 0.000000 0.000000 0.000000
    242 0.000000 0.000000 0.000000 0.000000 0.000000 0.000000
    243 0.000000 0.000000 0.000000 0.000000 0.000000 0.000000
    244 0.000000 0.000000 0.000000 0.000000 0.000000 0.000000
    245 0.000000 0.000000 0.000000 0.000000 0.000000 0.000000
    246 0.000000 0.000000 0.000000 0.000000 0.000000 -1.570796
  time 9
    0 0.000000 0.000000 0.000000 0.000000 0.000000 -1.570796
    1 0.000000 0.000000 0.000000 0.000000 0.000000 0.000000
    2 0.000000 0.000000 0.000000 0.000000 0.000000 0.000000
    3 0.000000 0.000000 0.000000 0.000000 0.000000 0.000000
    4 0.000000 0.000000 0.000000 0.000000 0.000000 0.000000
    5 0.000000 0.000000 0.000000 0.000000 0.000000 0.000000
    6 0.000000 0.000000 0.000000 0.000000 0.000000 0.000000
    7 0.000000 0.000000 0.000000 0.000000 0.000000 0.000000
    8 -5.660329 -1.039094 2.234443 0.188257 0.790459 -0.359539
    9 0.000000 0.000000 0.000000 0.426150 -0.018438 0.075127
    10 0.000000 0.000000 0.000000 0.000000 0.000000 0.000000
    11 0.000000 0.000000 0.000000 0.000000 0.000000 0.000000
    12 0.000000 0.000000 0.000000 0.000000 0.000000 0.000000
    13 0.000000 0.000000 0.000000 -0.345221 0.000000 0.000060
    14 0.000000 0.000000 0.000000 -0.000048 0.000060 0.164244
    15 0.000000 0.000000 0.000000 0.000000 0.000000 0.000000
    16 0.000000 0.000000 0.000000 0.000000 0.000000 0.000000
    17 0.000000 0.000000 0.000000 0.000012 0.000024 0.000000
    18 0.000000 0.000000 0.000000 0.000000 0.000000 0.000000
    19 0.000000 0.000000 0.000000 -0.768698 -0.000024 0.000000
    20 -0.171880 -0.019532 0.000000 0.000000 0.000012 -0.080856
    21 0.000000 0.000000 0.000000 -1.296637 -0.674808 0.441721
    22 0.000000 0.000000 0.000000 0.000000 0.000000 0.000000
    23 0.000000 0.000000 0.000000 0.000000 0.000000 -0.000024
    24 0.000000 0.000000 0.000000 0.000000 0.000000 0.000000
    25 0.000000 0.000000 0.000000 0.000000 0.000000 0.000000
    26 0.000000 0.000000 0.000000 0.000000 0.000000 0.000000
    27 0.000000 0.000000 0.000000 0.000000 0.000012 -0.000012
    28 0.000000 0.000000 0.000000 0.000000 0.000012 -0.000024
    29 0.000000 0.000000 0.000000 0.000000 0.000018 0.000000
    30 0.000000 0.000000 0.000000 0.000000 0.000012 -0.000024
    31 0.000000 0.000000 0.000000 0.000000 -0.000023 0.000000
    32 0.000000 0.000000 0.000000 0.000000 0.000000 0.000000
    33 0.000000 0.000000 0.000000 0.000000 0.000000 -0.000012
    34 0.000000 0.000000 0.000000 0.000000 0.000000 0.000000
    35 0.000000 0.000000 0.000000 0.000000 0.000000 -0.000012
    36 0.000000 0.000000 0.000000 0.000000 -0.000012 -0.000024
    37 0.000000 0.000000 0.000000 0.000000 0.000000 0.000000
    38 0.000000 0.000000 0.000000 0.000000 0.000000 0.000000
    39 0.000000 0.000000 0.000000 -0.000019 0.000014 0.000000
    40 0.000000 0.000000 0.000000 0.000000 0.000000 0.000000
    41 0.000000 0.000000 0.000000 0.000000 -0.000024 0.000000
    42 0.000000 0.000000 0.000000 0.000000 0.000000 0.000000
    43 0.000000 0.000000 0.000000 0.000022 0.000000 0.000000
    44 0.000000 0.000000 0.000000 0.000000 0.000000 0.000000
    45 0.000000 0.000000 0.000000 0.000000 0.000000 0.000000
    46 0.000000 0.000000 0.000000 0.000000 0.000000 0.000000
    47 0.000000 0.000000 0.000000 0.000018 0.000000 0.000000
    48 0.000000 0.000000 0.000000 0.000016 0.000024 0.000000
    49 0.000000 0.000000 0.000000 0.000000 0.000024 0.000000
    50 0.000000 0.000000 0.000000 0.000000 0.000000 0.000000
    51 0.000000 0.000000 0.000000 0.000014 0.000000 0.000000
    52 0.000000 0.000000 0.000000 0.000000 0.000000 0.000000
    53 0.000000 0.000000 0.000000 0.000000 0.000000 0.000000
    54 0.000000 0.000000 0.000000 0.000000 0.000000 0.000000
    55 0.000000 0.000000 0.000000 0.000000 0.000000 0.000000
    56 0.000000 0.000000 0.000000 0.000000 0.000000 0.000000
    57 0.000000 0.000000 0.000000 0.000000 0.000000 0.000000
    58 0.000000 0.000000 0.000000 0.000000 0.000000 0.000000
    59 0.000000 0.000000 0.000000 0.000000 -0.000024 0.000000
    60 0.000000 0.000000 0.000000 0.000000 0.000000 0.000000
    61 0.000000 0.000000 0.000000 0.000000 0.000000 0.000000
    62 0.000000 0.000000 0.000000 -0.000024 0.000000 0.000000
    63 0.000000 0.000000 0.000000 0.000000 0.000000 0.000000
    64 0.000000 0.000000 0.000000 0.000000 0.000000 0.000000
    65 0.000000 0.000000 0.000000 0.000000 0.000000 0.000000
    66 0.000000 0.000000 0.000000 0.000000 0.000000 0.000000
    67 0.000000 0.000000 0.000000 0.000000 0.000000 0.000000
    68 0.000000 0.000000 0.000000 0.000000 0.000000 0.000000
    69 0.000000 0.000000 0.000000 0.000000 0.000000 0.000000
    70 0.000000 0.000000 0.000000 0.000000 0.000000 0.000000
    71 0.000000 0.000000 0.000000 0.000000 0.000000 0.000000
    72 0.000000 0.000000 0.000000 0.000000 0.000000 0.000000
    73 0.000000 0.000000 0.000000 0.000000 0.000000 0.000000
    74 0.000000 0.000000 0.000000 0.000000 0.000000 0.000000
    75 0.000000 0.000000 0.000000 0.000000 0.000000 0.000000
    76 0.000000 0.000000 0.000000 0.000000 0.000000 0.000000
    77 0.000000 0.000000 0.000000 0.000000 -0.000024 0.000000
    78 0.000000 0.000000 0.000000 0.000000 0.000000 0.000000
    79 0.000000 0.000000 0.000000 0.000000 0.000000 0.000000
    80 0.000000 0.000000 0.000000 0.000012 0.000000 0.000000
    81 0.000000 0.000000 0.000000 0.000000 0.000000 0.000000
    82 0.000000 0.000000 0.000000 0.000000 0.000000 0.000000
    83 0.000000 0.000000 0.000000 0.000000 0.000000 0.000000
    84 0.000000 0.000000 0.000000 0.000000 0.000000 0.000000
    85 0.000000 0.000000 0.000000 -0.000024 0.000000 0.000000
    86 0.000000 0.000000 0.000000 0.000000 0.000000 0.000000
    87 0.000000 0.000000 0.000000 0.000000 0.000000 0.000000
    88 0.000000 0.000000 0.000000 0.000000 0.000000 0.000000
    89 0.000000 0.000000 0.000000 0.000024 0.000000 0.000000
    90 0.000000 0.000000 0.000000 0.000000 0.000000 0.000000
    91 0.000000 0.000000 0.000000 0.000000 0.000012 0.000000
    92 0.000000 0.000000 0.000000 0.000000 0.000000 0.000000
    93 0.000000 0.000000 0.000000 0.000000 0.000000 0.000000
    94 0.000000 0.000000 0.000000 0.000012 0.000000 0.000000
    95 0.000000 0.000000 0.000000 0.000000 0.000000 0.000000
    96 0.000000 0.000000 0.000000 0.000012 0.000000 0.000000
    97 0.000000 0.000000 0.000000 0.000000 0.000000 0.000000
    98 0.000000 0.000000 0.000000 0.000000 0.000024 0.000000
    99 0.000000 0.000000 0.000000 0.000000 0.000000 0.000000
    100 0.000000 0.000000 0.000000 0.000000 0.000000 0.000000
    101 0.000000 0.000000 0.000000 0.000000 0.000000 0.000000
    102 0.000000 0.000000 0.000000 0.000000 0.000000 0.000000
    103 0.000000 0.000000 0.000000 0.000000 0.000000 0.000000
    104 0.000000 0.000000 0.000000 0.000000 0.000000 0.000000
    105 0.000000 0.000000 0.000000 0.000000 0.000000 0.000000
    106 0.000000 0.000000 0.000000 0.000000 0.000000 0.000000
    107 0.000000 0.000000 0.000000 0.000000 0.000000 0.000000
    108 0.000000 0.000000 0.000000 0.000000 0.000000 0.000000
    109 0.000000 0.000000 0.000000 0.000000 0.000000 0.000000
    110 0.000000 0.000000 0.000000 0.000000 0.000000 0.000000
    111 0.000000 0.000000 0.000000 0.000000 0.000000 -1.570796
    112 1.179724 -0.382824 -0.183599 -0.683205 0.437148 -1.260684
    113 0.000000 0.000000 0.000000 0.000000 0.000000 0.000000
    114 0.000000 0.000000 0.000000 0.000000 0.000000 -1.570796
    115 0.000000 0.000000 0.000000 0.000000 0.000000 0.000000
    116 0.000000 0.000000 0.000000 0.000000 0.000000 0.000000
    117 0.000000 0.000000 0.000000 0.000000 0.000000 0.000000
    118 0.000000 0.000000 0.000000 0.000000 0.000000 0.000000
    119 0.000000 0.000000 0.000000 0.000000 0.000000 0.000000
    120 0.000000 0.000000 0.000000 0.000000 0.000000 0.000000
    121 0.000000 0.000000 0.000000 0.000000 0.000000 0.000000
    122 0.000000 0.000000 0.000000 0.000000 0.000000 0.000000
    123 0.000000 0.000000 0.000000 0.000000 0.000000 0.000000
    124 0.000000 0.000000 0.000000 0.000000 0.000000 0.000000
    125 0.000000 0.000000 0.000000 0.000000 0.000000 0.000000
    126 0.000000 0.000000 0.000000 0.000000 0.000000 0.000000
    127 0.000000 0.000000 0.000000 0.000000 0.000000 0.000000
    128 0.000000 0.000000 0.000000 0.000000 0.000000 0.000000
    129 0.000000 0.000000 0.000000 0.000000 0.000000 0.000000
    130 0.000000 0.000000 0.000000 0.000000 0.000000 0.000000
    131 0.000000 0.000000 0.000000 0.000000 0.000000 0.000000
    132 0.000000 0.000000 0.000000 0.000000 0.000000 0.000000
    133 0.000000 0.000000 0.000000 0.000000 0.000000 0.000000
    134 0.000000 0.000000 0.000000 0.000000 0.000000 0.000000
    135 0.000000 0.000000 0.000000 0.000000 0.000000 0.000000
    136 0.000000 0.000000 0.000000 0.000000 0.000000 0.000000
    137 0.000000 0.000000 0.000000 0.000000 0.000000 0.000000
    138 0.000000 0.000000 0.000000 0.000000 0.000000 0.000000
    139 0.000000 0.000000 0.000000 0.000000 0.000000 0.000000
    140 0.000000 0.000000 0.000000 0.000000 0.000000 0.000000
    141 0.000000 0.000000 0.000000 0.000000 0.000000 0.000000
    142 0.000000 0.000000 0.000000 0.000000 0.000000 0.000000
    143 0.000000 0.000000 0.000000 0.000000 0.000000 0.000000
    144 0.000000 0.000000 0.000000 0.000000 0.000000 0.000000
    145 0.000000 0.000000 0.000000 0.000000 0.000000 0.000000
    146 0.000000 0.000000 0.000000 0.000000 0.000000 0.000000
    147 0.000000 0.000000 0.000000 0.000000 0.000000 0.000000
    148 0.000000 0.000000 0.000000 0.000000 0.000000 0.000000
    149 0.000000 0.000000 0.000000 0.000000 0.000000 0.000000
    150 0.000000 0.000000 0.000000 0.000000 0.000000 0.000000
    151 0.000000 0.000000 0.000000 0.000000 0.000000 0.000000
    152 0.000000 0.000000 0.000000 0.000000 0.000000 0.000000
    153 0.000000 0.000000 0.000000 0.000000 0.000000 0.000000
    154 0.000000 0.000000 0.000000 0.000000 0.000000 0.000000
    155 0.000000 0.000000 0.000000 0.000000 0.000000 0.000000
    156 0.000000 0.000000 0.000000 0.000000 0.000000 0.000000
    157 0.000000 0.000000 0.000000 0.000000 0.000000 0.000000
    158 0.000000 0.000000 0.000000 0.000000 0.000000 0.000000
    159 0.000000 0.000000 0.000000 0.000000 0.000000 0.000000
    160 0.000000 0.000000 0.000000 0.000000 0.000000 0.000000
    161 0.000000 0.000000 0.000000 0.000000 0.000000 0.000000
    162 0.000000 0.000000 0.000000 0.000000 0.000000 0.000000
    163 0.000000 0.000000 0.000000 0.000000 0.000000 0.000000
    164 0.000000 0.000000 0.000000 0.000000 0.000000 0.000000
    165 0.000000 0.000000 0.000000 0.000000 0.000000 0.000000
    166 0.000000 0.000000 0.000000 0.000000 0.000000 0.000000
    167 0.000000 0.000000 0.000000 0.000000 0.000000 0.000000
    168 0.000000 0.000000 0.000000 0.000000 0.000000 0.000000
    169 0.000000 0.000000 0.000000 0.000000 0.000000 0.000000
    170 0.000000 0.000000 0.000000 0.000000 0.000000 0.000000
    171 0.000000 0.000000 0.000000 0.000000 0.000000 0.000000
    172 0.000000 0.000000 0.000000 0.000000 0.000000 0.000000
    173 0.000000 0.000000 0.000000 0.000000 0.000000 0.000000
    174 0.000000 0.000000 0.000000 0.000000 0.000000 0.000000
    175 0.000000 0.000000 0.000000 0.000000 0.000000 0.000000
    176 0.000000 0.000000 0.000000 0.000000 0.000000 0.000000
    177 0.000000 0.000000 0.000000 0.000000 0.000000 0.000000
    178 0.000000 0.000000 0.000000 0.000000 0.000000 0.000000
    179 0.000000 0.000000 0.000000 0.000000 0.000000 0.000000
    180 0.000000 0.000000 0.000000 0.000000 0.000000 0.000000
    181 0.000000 0.000000 0.000000 0.000000 0.000000 0.000000
    182 0.000000 0.000000 0.000000 0.000000 0.000000 0.000000
    183 0.000000 0.000000 0.000000 0.000000 0.000000 0.000000
    184 0.000000 0.000000 0.000000 0.000000 0.000000 0.000000
    185 0.000000 0.000000 0.000000 0.000000 0.000000 0.000000
    186 0.000000 0.000000 0.000000 0.000000 0.000000 0.000000
    187 0.000000 0.000000 0.000000 0.000000 0.000000 0.000000
    188 0.000000 0.000000 0.000000 0.000000 0.000000 0.000000
    189 0.000000 0.000000 0.000000 0.000000 0.000000 0.000000
    190 0.000000 0.000000 0.000000 0.000000 0.000000 0.000000
    191 0.000000 0.000000 0.000000 -0.384332 0.000000 0.000000
    192 0.000000 0.000000 0.000000 0.000000 0.000000 0.000000
    193 0.000000 0.000000 0.000000 0.000000 0.000000 0.000000
    194 0.000000 0.000000 0.000000 0.000000 -0.000024 0.000016
    195 0.000000 0.000000 0.000000 0.000000 0.000000 0.000000
    196 0.000000 0.000000 0.000000 0.000000 0.000000 0.000000
    197 0.000000 0.000000 0.000000 0.000000 0.000000 0.000000
    198 0.000000 0.000000 0.000000 0.000000 0.000000 0.000000
    199 0.000000 0.000000 0.000000 0.000000 0.000000 0.000000
    200 0.000000 0.000000 0.000000 0.000000 0.000000 0.000000
    201 0.000000 0.000000 0.000000 0.000000 0.000000 0.000000
    202 0.000000 0.000000 0.000000 0.000000 0.000000 0.000000
    203 0.000000 0.000000 0.000000 0.000000 0.000000 0.000000
    204 0.000000 0.000000 0.000000 0.000000 0.000000 0.000000
    205 0.000000 0.000000 0.000000 0.000000 0.000000 0.000000
    206 0.000000 0.000000 0.000000 -0.000044 0.000000 0.000000
    207 0.000000 0.000000 0.000000 0.000000 0.000000 0.000000
    208 0.000000 0.000000 0.000000 0.000000 0.000000 0.000000
    209 0.000000 0.000000 0.000000 0.000000 0.000000 0.000016
    210 0.000000 0.000000 0.000000 0.000000 0.000000 0.000000
    211 0.000000 0.000000 0.000000 0.000000 0.000000 0.000000
    212 0.000000 0.000000 0.000000 0.000000 0.000000 0.000000
    213 0.000000 0.000000 0.000000 0.000000 0.000000 0.000000
    214 0.000000 0.000000 0.000000 0.000000 0.000000 0.000000
    215 0.000000 0.000000 0.000000 0.000000 0.000000 0.000000
    216 0.000000 0.000000 0.000000 0.000000 0.000000 0.000000
    217 0.000000 0.000000 0.000000 0.000000 0.000000 0.000000
    218 0.000000 0.000000 0.000000 0.000000 0.000000 0.000000
    219 0.000000 0.000000 0.000000 0.000000 0.000000 0.000000
    220 0.000000 0.000000 0.000000 0.000000 0.000000 0.000000
    221 0.000000 0.000000 0.000000 0.000000 0.000000 0.000000
    222 0.000000 0.000000 0.000000 0.000000 0.000000 0.000000
    223 0.000000 0.000000 0.000000 0.000000 0.000000 0.000000
    224 0.000000 0.000000 0.000000 0.000000 0.000000 0.000000
    225 0.000000 0.000000 0.000000 0.000000 0.000000 0.000000
    226 0.000000 0.000000 0.000000 0.000000 0.000000 0.000000
    227 -1.089877 3.781365 -4.468886 -0.683293 0.437086 0.310110
    228 0.000000 0.000000 0.000000 0.000000 0.000000 0.000000
    229 0.000000 0.000000 0.000000 0.000000 0.000000 0.000000
    230 0.000000 0.000000 0.000000 -0.001043 0.000000 0.000000
    231 0.000000 0.000000 0.000000 0.000000 0.000000 0.000000
    232 0.000000 0.000000 0.000000 0.000000 0.000000 0.000000
    233 0.000000 0.000000 0.000000 0.000000 0.000000 0.000000
    234 3.281350 1.859432 -5.390790 -0.683198 0.437151 -1.260635
    235 0.000000 0.000000 0.000000 0.000000 0.000000 0.000000
    236 0.000000 0.000000 0.000000 0.000000 0.000000 0.000000
    237 0.000000 0.000000 0.000000 0.000000 0.000000 0.000000
    238 0.000000 0.000000 0.000000 0.000000 0.000000 0.000000
    239 0.000000 0.000000 0.000000 0.000000 0.000000 0.000000
    240 0.000000 0.000000 0.000000 0.000000 0.000000 0.000000
    241 0.000000 0.000000 0.000000 0.000000 0.000000 0.000000
    242 0.000000 0.000000 0.000000 0.000000 0.000000 0.000000
    243 0.000000 0.000000 0.000000 0.000000 0.000000 0.000000
    244 0.000000 0.000000 0.000000 0.000000 0.000000 0.000000
    245 0.000000 0.000000 0.000000 0.000000 0.000000 0.000000
    246 0.000000 0.000000 0.000000 0.000000 0.000000 -1.570796
  time 10
    0 0.000000 0.000000 0.000000 0.000000 0.000000 -1.570796
    1 0.000000 0.000000 0.000000 0.000000 0.000000 0.000000
    2 0.000000 0.000000 0.000000 0.000000 0.000000 0.000000
    3 0.000000 0.000000 0.000000 0.000000 0.000000 0.000000
    4 0.000000 0.000000 0.000000 0.000000 0.000000 0.000000
    5 0.000000 0.000000 0.000000 0.000000 0.000000 0.000000
    6 0.000000 0.000000 0.000000 0.000000 0.000000 0.000000
    7 0.000000 0.000000 0.000000 0.000000 0.000000 0.000000
    8 -5.394696 -1.238319 1.964904 0.133160 0.714312 -0.411545
    9 0.000000 0.000000 0.000000 0.376346 -0.053849 0.170097
    10 0.000000 0.000000 0.000000 0.000000 0.000000 0.000000
    11 0.000000 0.000000 0.000000 0.000000 0.000000 0.000000
    12 0.000000 0.000000 0.000000 0.000000 0.000000 0.000000
    13 0.000000 0.000000 0.000000 -0.341354 0.000000 0.000000
    14 0.000000 0.000000 0.000000 -0.000024 0.000024 0.083311
    15 0.000000 0.000000 0.000000 0.000000 0.000000 0.000000
    16 0.000000 0.000000 0.000000 0.000000 0.000000 0.000000
    17 0.000000 0.000000 0.000000 0.000024 0.000024 0.000000
    18 0.000000 0.000000 0.000000 0.000000 0.000000 0.000000
    19 0.000000 0.000000 0.000000 -0.757613 -0.000048 0.000012
    20 -0.093753 -0.007813 0.000000 0.000000 0.000036 -0.040973
    21 0.000000 0.000000 0.000000 -1.182759 -0.654145 0.403879
    22 0.000000 0.000000 0.000000 0.000000 0.000000 0.000000
    23 0.000000 0.000000 0.000000 0.000000 0.000000 -0.000024
    24 0.000000 0.000000 0.000000 0.000000 0.000000 0.000000
    25 0.000000 0.000000 0.000000 0.000000 0.000000 0.000000
    26 0.000000 0.000000 0.000000 0.000000 0.000000 0.000000
    27 0.000000 0.000000 0.000000 0.000000 0.000024 -0.000024
    28 0.000000 0.000000 0.000000 0.000000 0.000024 -0.000024
    29 0.000000 0.000000 0.000000 0.000000 0.000018 0.000000
    30 0.000000 0.000000 0.000000 0.000000 0.000024 -0.000024
    31 0.000000 0.000000 0.000000 0.000000 -0.000023 0.000000
    32 0.000000 0.000000 0.000000 0.000000 0.000000 0.000000
    33 0.000000 0.000000 0.000000 0.000000 0.000000 -0.000024
    34 0.000000 0.000000 0.000000 0.000000 0.000000 0.000000
    35 0.000000 0.000000 0.000000 0.000000 0.000000 -0.000024
    36 0.000000 0.000000 0.000000 0.000000 -0.000024 -0.000024
    37 0.000000 0.000000 0.000000 0.000000 0.000000 0.000000
    38 0.000000 0.000000 0.000000 0.000000 0.000000 0.000000
    39 0.000000 0.000000 0.000000 -0.000019 0.000014 0.000000
    40 0.000000 0.000000 0.000000 0.000000 0.000000 0.000000
    41 0.000000 0.000000 0.000000 0.000000 -0.000024 0.000000
    42 0.000000 0.000000 0.000000 0.000000 0.000000 0.000000
    43 0.000000 0.000000 0.000000 0.000022 0.000000 0.000000
    44 0.000000 0.000000 0.000000 0.000000 0.000000 0.000000
    45 0.000000 0.000000 0.000000 0.000000 0.000000 0.000000
    46 0.000000 0.000000 0.000000 0.000000 0.000000 0.000000
    47 0.000000 0.000000 0.000000 0.000018 0.000000 0.000000
    48 0.000000 0.000000 0.000000 0.000016 0.000024 0.000000
    49 0.000000 0.000000 0.000000 0.000000 0.000024 0.000000
    50 0.000000 0.000000 0.000000 0.000000 0.000000 0.000000
    51 0.000000 0.000000 0.000000 0.000014 0.000000 0.000000
    52 0.000000 0.000000 0.000000 0.000000 0.000000 0.000000
    53 0.000000 0.000000 0.000000 0.000000 0.000000 0.000000
    54 0.000000 0.000000 0.000000 0.000000 0.000000 0.000000
    55 0.000000 0.000000 0.000000 0.000000 0.000000 0.000000
    56 0.000000 0.000000 0.000000 0.000000 0.000000 0.000000
    57 0.000000 0.000000 0.000000 0.000000 0.000000 0.000000
    58 0.000000 0.000000 0.000000 0.000000 0.000000 0.000000
    59 0.000000 0.000000 0.000000 0.000000 -0.000024 0.000000
    60 0.000000 0.000000 0.000000 0.000000 0.000000 0.000000
    61 0.000000 0.000000 0.000000 0.000000 0.000000 0.000000
    62 0.000000 0.000000 0.000000 -0.000024 0.000000 0.000000
    63 0.000000 0.000000 0.000000 0.000000 0.000000 0.000000
    64 0.000000 0.000000 0.000000 0.000000 0.000000 0.000000
    65 0.000000 0.000000 0.000000 0.000000 0.000000 0.000000
    66 0.000000 0.000000 0.000000 0.000000 0.000000 0.000000
    67 0.000000 0.000000 0.000000 0.000000 0.000000 0.000000
    68 0.000000 0.000000 0.000000 0.000000 0.000000 0.000000
    69 0.000000 0.000000 0.000000 0.000000 0.000000 0.000000
    70 0.000000 0.000000 0.000000 0.000000 0.000000 0.000000
    71 0.000000 0.000000 0.000000 0.000000 0.000000 0.000000
    72 0.000000 0.000000 0.000000 0.000000 0.000000 0.000000
    73 0.000000 0.000000 0.000000 0.000000 0.000000 0.000000
    74 0.000000 0.000000 0.000000 0.000000 0.000000 0.000000
    75 0.000000 0.000000 0.000000 0.000000 0.000000 0.000000
    76 0.000000 0.000000 0.000000 0.000000 0.000000 0.000000
    77 0.000000 0.000000 0.000000 0.000000 -0.000024 0.000000
    78 0.000000 0.000000 0.000000 0.000000 0.000000 0.000000
    79 0.000000 0.000000 0.000000 0.000000 0.000000 0.000000
    80 0.000000 0.000000 0.000000 0.000024 0.000000 0.000000
    81 0.000000 0.000000 0.000000 0.000000 0.000000 0.000000
    82 0.000000 0.000000 0.000000 0.000000 0.000000 0.000000
    83 0.000000 0.000000 0.000000 0.000000 0.000000 0.000000
    84 0.000000 0.000000 0.000000 0.000000 0.000000 0.000000
    85 0.000000 0.000000 0.000000 -0.000024 0.000000 0.000000
    86 0.000000 0.000000 0.000000 0.000000 0.000000 0.000000
    87 0.000000 0.000000 0.000000 0.000000 0.000000 0.000000
    88 0.000000 0.000000 0.000000 0.000000 0.000000 0.000000
    89 0.000000 0.000000 0.000000 0.000024 0.000000 0.000000
    90 0.000000 0.000000 0.000000 0.000000 0.000000 0.000000
    91 0.000000 0.000000 0.000000 0.000000 0.000024 0.000000
    92 0.000000 0.000000 0.000000 0.000000 0.000000 0.000000
    93 0.000000 0.000000 0.000000 0.000000 0.000000 0.000000
    94 0.000000 0.000000 0.000000 0.000024 0.000000 0.000000
    95 0.000000 0.000000 0.000000 0.000000 0.000000 0.000000
    96 0.000000 0.000000 0.000000 0.000024 0.000000 0.000000
    97 0.000000 0.000000 0.000000 0.000000 0.000000 0.000000
    98 0.000000 0.000000 0.000000 0.000000 0.000024 0.000000
    99 0.000000 0.000000 0.000000 0.000000 0.000000 0.000000
    100 0.000000 0.000000 0.000000 0.000000 0.000000 0.000000
    101 0.000000 0.000000 0.000000 0.000000 0.000000 0.000000
    102 0.000000 0.000000 0.000000 0.000000 0.000000 0.000000
    103 0.000000 0.000000 0.000000 0.000000 0.000000 0.000000
    104 0.000000 0.000000 0.000000 0.000000 0.000000 0.000000
    105 0.000000 0.000000 0.000000 0.000000 0.000000 0.000000
    106 0.000000 0.000000 0.000000 0.000000 0.000000 0.000000
    107 0.000000 0.000000 0.000000 0.000000 0.000000 0.000000
    108 0.000000 0.000000 0.000000 0.000000 0.000000 0.000000
    109 0.000000 0.000000 0.000000 0.000000 0.000000 0.000000
    110 0.000000 0.000000 0.000000 0.000000 0.000000 0.000000
    111 0.000000 0.000000 0.000000 0.000000 0.000000 -1.570796
    112 1.808649 -0.429701 -0.308603 -0.587265 0.434704 -1.228237
    113 0.000000 0.000000 0.000000 0.000000 0.000000 0.000000
    114 0.000000 0.000000 0.000000 0.000000 0.000000 -1.570796
    115 0.000000 0.000000 0.000000 0.000000 0.000000 0.000000
    116 0.000000 0.000000 0.000000 0.000000 0.000000 0.000000
    117 0.000000 0.000000 0.000000 0.000000 0.000000 0.000000
    118 0.000000 0.000000 0.000000 0.000000 0.000000 0.000000
    119 0.000000 0.000000 0.000000 0.000000 0.000000 0.000000
    120 0.000000 0.000000 0.000000 0.000000 0.000000 0.000000
    121 0.000000 0.000000 0.000000 0.000000 0.000000 0.000000
    122 0.000000 0.000000 0.000000 0.000000 0.000000 0.000000
    123 0.000000 0.000000 0.000000 0.000000 0.000000 0.000000
    124 0.000000 0.000000 0.000000 0.000000 0.000000 0.000000
    125 0.000000 0.000000 0.000000 0.000000 0.000000 0.000000
    126 0.000000 0.000000 0.000000 0.000000 0.000000 0.000000
    127 0.000000 0.000000 0.000000 0.000000 0.000000 0.000000
    128 0.000000 0.000000 0.000000 0.000000 0.000000 0.000000
    129 0.000000 0.000000 0.000000 0.000000 0.000000 0.000000
    130 0.000000 0.000000 0.000000 0.000000 0.000000 0.000000
    131 0.000000 0.000000 0.000000 0.000000 0.000000 0.000000
    132 0.000000 0.000000 0.000000 0.000000 0.000000 0.000000
    133 0.000000 0.000000 0.000000 0.000000 0.000000 0.000000
    134 0.000000 0.000000 0.000000 0.000000 0.000000 0.000000
    135 0.000000 0.000000 0.000000 0.000000 0.000000 0.000000
    136 0.000000 0.000000 0.000000 0.000000 0.000000 0.000000
    137 0.000000 0.000000 0.000000 0.000000 0.000000 0.000000
    138 0.000000 0.000000 0.000000 0.000000 0.000000 0.000000
    139 0.000000 0.000000 0.000000 0.000000 0.000000 0.000000
    140 0.000000 0.000000 0.000000 0.000000 0.000000 0.000000
    141 0.000000 0.000000 0.000000 0.000000 0.000000 0.000000
    142 0.000000 0.000000 0.000000 0.000000 0.000000 0.000000
    143 0.000000 0.000000 0.000000 0.000000 0.000000 0.000000
    144 0.000000 0.000000 0.000000 0.000000 0.000000 0.000000
    145 0.000000 0.000000 0.000000 0.000000 0.000000 0.000000
    146 0.000000 0.000000 0.000000 0.000000 0.000000 0.000000
    147 0.000000 0.000000 0.000000 0.000000 0.000000 0.000000
    148 0.000000 0.000000 0.000000 0.000000 0.000000 0.000000
    149 0.000000 0.000000 0.000000 0.000000 0.000000 0.000000
    150 0.000000 0.000000 0.000000 0.000000 0.000000 0.000000
    151 0.000000 0.000000 0.000000 0.000000 0.000000 0.000000
    152 0.000000 0.000000 0.000000 0.000000 0.000000 0.000000
    153 0.000000 0.000000 0.000000 0.000000 0.000000 0.000000
    154 0.000000 0.000000 0.000000 0.000000 0.000000 0.000000
    155 0.000000 0.000000 0.000000 0.000000 0.000000 0.000000
    156 0.000000 0.000000 0.000000 0.000000 0.000000 0.000000
    157 0.000000 0.000000 0.000000 0.000000 0.000000 0.000000
    158 0.000000 0.000000 0.000000 0.000000 0.000000 0.000000
    159 0.000000 0.000000 0.000000 0.000000 0.000000 0.000000
    160 0.000000 0.000000 0.000000 0.000000 0.000000 0.000000
    161 0.000000 0.000000 0.000000 0.000000 0.000000 0.000000
    162 0.000000 0.000000 0.000000 0.000000 0.000000 0.000000
    163 0.000000 0.000000 0.000000 0.000000 0.000000 0.000000
    164 0.000000 0.000000 0.000000 0.000000 0.000000 0.000000
    165 0.000000 0.000000 0.000000 0.000000 0.000000 0.000000
    166 0.000000 0.000000 0.000000 0.000000 0.000000 0.000000
    167 0.000000 0.000000 0.000000 0.000000 0.000000 0.000000
    168 0.000000 0.000000 0.000000 0.000000 0.000000 0.000000
    169 0.000000 0.000000 0.000000 0.000000 0.000000 0.000000
    170 0.000000 0.000000 0.000000 0.000000 0.000000 0.000000
    171 0.000000 0.000000 0.000000 0.000000 0.000000 0.000000
    172 0.000000 0.000000 0.000000 0.000000 0.000000 0.000000
    173 0.000000 0.000000 0.000000 0.000000 0.000000 0.000000
    174 0.000000 0.000000 0.000000 0.000000 0.000000 0.000000
    175 0.000000 0.000000 0.000000 0.000000 0.000000 0.000000
    176 0.000000 0.000000 0.000000 0.000000 0.000000 0.000000
    177 0.000000 0.000000 0.000000 0.000000 0.000000 0.000000
    178 0.000000 0.000000 0.000000 0.000000 0.000000 0.000000
    179 0.000000 0.000000 0.000000 0.000000 0.000000 0.000000
    180 0.000000 0.000000 0.000000 0.000000 0.000000 0.000000
    181 0.000000 0.000000 0.000000 0.000000 0.000000 0.000000
    182 0.000000 0.000000 0.000000 0.000000 0.000000 0.000000
    183 0.000000 0.000000 0.000000 0.000000 0.000000 0.000000
    184 0.000000 0.000000 0.000000 0.000000 0.000000 0.000000
    185 0.000000 0.000000 0.000000 0.000000 0.000000 0.000000
    186 0.000000 0.000000 0.000000 0.000000 0.000000 0.000000
    187 0.000000 0.000000 0.000000 0.000000 0.000000 0.000000
    188 0.000000 0.000000 0.000000 0.000000 0.000000 0.000000
    189 0.000000 0.000000 0.000000 0.000000 0.000000 0.000000
    190 0.000000 0.000000 0.000000 0.000000 0.000000 0.000000
    191 0.000000 0.000000 0.000000 -0.378778 0.000000 0.000000
    192 0.000000 0.000000 0.000000 0.000000 0.000000 0.000000
    193 0.000000 0.000000 0.000000 0.000000 0.000000 0.000000
    194 0.000000 0.000000 0.000000 0.000000 -0.000024 0.000016
    195 0.000000 0.000000 0.000000 0.000000 0.000000 0.000000
    196 0.000000 0.000000 0.000000 0.000000 0.000000 0.000000
    197 0.000000 0.000000 0.000000 0.000000 0.000000 0.000000
    198 0.000000 0.000000 0.000000 0.000000 0.000000 0.000000
    199 0.000000 0.000000 0.000000 0.000000 0.000000 0.000000
    200 0.000000 0.000000 0.000000 0.000000 0.000000 0.000000
    201 0.000000 0.000000 0.000000 0.000000 0.000000 0.000000
    202 0.000000 0.000000 0.000000 0.000000 0.000000 0.000000
    203 0.000000 0.000000 0.000000 0.000000 0.000000 0.000000
    204 0.000000 0.000000 0.000000 0.000000 0.000000 0.000000
    205 0.000000 0.000000 0.000000 0.000000 0.000000 0.000000
    206 0.000000 0.000000 0.000000 -0.000044 0.000000 0.000000
    207 0.000000 0.000000 0.000000 0.000000 0.000000 0.000000
    208 0.000000 0.000000 0.000000 0.000000 0.000000 0.000000
    209 0.000000 0.000000 0.000000 0.000000 0.000000 0.000016
    210 0.000000 0.000000 0.000000 0.000000 0.000000 0.000000
    211 0.000000 0.000000 0.000000 0.000000 0.000000 0.000000
    212 0.000000 0.000000 0.000000 0.000000 0.000000 0.000000
    213 0.000000 0.000000 0.000000 0.000000 0.000000 0.000000
    214 0.000000 0.000000 0.000000 0.000000 0.000000 0.000000
    215 0.000000 0.000000 0.000000 0.000000 0.000000 0.000000
    216 0.000000 0.000000 0.000000 0.000000 0.000000 0.000000
    217 0.000000 0.000000 0.000000 0.000000 0.000000 0.000000
    218 0.000000 0.000000 0.000000 0.000000 0.000000 0.000000
    219 0.000000 0.000000 0.000000 0.000000 0.000000 0.000000
    220 0.000000 0.000000 0.000000 0.000000 0.000000 0.000000
    221 0.000000 0.000000 0.000000 0.000000 0.000000 0.000000
    222 0.000000 0.000000 0.000000 0.000000 0.000000 0.000000
    223 0.000000 0.000000 0.000000 0.000000 0.000000 0.000000
    224 0.000000 0.000000 0.000000 0.000000 0.000000 0.000000
    225 0.000000 0.000000 0.000000 0.000000 0.000000 0.000000
    226 0.000000 0.000000 0.000000 0.000000 0.000000 0.000000
    227 -1.136753 4.730613 -4.593890 -0.587352 0.434643 0.342557
    228 0.000000 0.000000 0.000000 0.000000 0.000000 0.000000
    229 0.000000 0.000000 0.000000 0.000000 0.000000 0.000000
    230 0.000000 0.000000 0.000000 -0.001163 0.000000 0.000000
    231 0.000000 0.000000 0.000000 0.000000 0.000000 0.000000
    232 0.000000 0.000000 0.000000 0.000000 0.000000 0.000000
    233 0.000000 0.000000 0.000000 0.000000 0.000000 0.000000
    234 4.464980 1.988342 -5.621265 -0.587271 0.434675 -1.228258
    235 0.000000 0.000000 0.000000 0.000000 0.000000 0.000000
    236 0.000000 0.000000 0.000000 0.000000 0.000000 0.000000
    237 0.000000 0.000000 0.000000 0.000000 0.000000 0.000000
    238 0.000000 0.000000 0.000000 0.000000 0.000000 0.000000
    239 0.000000 0.000000 0.000000 0.000000 0.000000 0.000000
    240 0.000000 0.000000 0.000000 0.000000 0.000000 0.000000
    241 0.000000 0.000000 0.000000 0.000000 0.000000 0.000000
    242 0.000000 0.000000 0.000000 0.000000 0.000000 0.000000
    243 0.000000 0.000000 0.000000 0.000000 0.000000 0.000000
    244 0.000000 0.000000 0.000000 0.000000 0.000000 0.000000
    245 0.000000 0.000000 0.000000 0.000000 0.000000 0.000000
    246 0.000000 0.000000 0.000000 0.000000 0.000000 -1.570796
  time 11
    0 0.000000 0.000000 0.000000 0.000000 0.000000 -1.570796
    1 0.000000 0.000000 0.000000 0.000000 0.000000 0.000000
    2 0.000000 0.000000 0.000000 0.000000 0.000000 0.000000
    3 0.000000 0.000000 0.000000 0.000000 0.000000 0.000000
    4 0.000000 0.000000 0.000000 0.000000 0.000000 0.000000
    5 0.000000 0.000000 0.000000 0.000000 0.000000 0.000000
    6 0.000000 0.000000 0.000000 0.000000 0.000000 0.000000
    7 0.000000 0.000000 0.000000 0.000000 0.000000 0.000000
    8 -5.062654 -1.386761 1.804743 0.077023 0.626613 -0.450142
    9 0.000000 0.000000 0.000000 0.309623 -0.074179 0.262298
    10 0.000000 0.000000 0.000000 0.000000 0.000000 0.000000
    11 0.000000 0.000000 0.000000 0.000000 0.000000 0.000000
    12 0.000000 0.000000 0.000000 0.000000 0.000000 0.000000
    13 0.000000 0.000000 0.000000 -0.323838 0.000024 0.000024
    14 0.000000 0.000000 0.000000 0.000000 0.000000 0.002301
    15 0.000000 0.000000 0.000000 0.000000 0.000000 0.000000
    16 0.000000 0.000000 0.000000 0.000000 0.000000 0.000000
    17 0.000000 0.000000 0.000000 0.000024 0.000024 0.000000
    18 0.000000 0.000000 0.000000 0.000000 0.000000 0.000000
    19 0.000000 0.000000 0.000000 -0.738817 -0.000048 0.000012
    20 -0.011719 0.003906 0.000000 0.000000 0.000060 -0.001090
    21 0.000000 0.000000 0.000000 -1.035323 -0.617396 0.351659
    22 0.000000 0.000000 0.000000 0.000000 0.000000 0.000000
    23 0.000000 0.000000 0.000000 0.000000 0.000000 -0.000024
    24 0.000000 0.000000 0.000000 0.000000 0.000000 -0.000029
    25 0.000000 0.000000 0.000000 0.000000 0.000000 0.000000
    26 0.000000 0.000000 0.000000 0.000000 0.000000 0.000000
    27 0.000000 0.000000 0.000000 0.000000 0.000024 -0.000024
    28 0.000000 0.000000 0.000000 0.000000 0.000024 -0.000024
    29 0.000000 0.000000 0.000000 0.000000 0.000018 0.000000
    30 0.000000 0.000000 0.000000 0.000000 0.000024 -0.000024
    31 0.000000 0.000000 0.000000 0.000000 -0.000023 0.000000
    32 0.000000 0.000000 0.000000 0.000000 0.000000 0.000000
    33 0.000000 0.000000 0.000000 0.000000 0.000000 -0.000024
    34 0.000000 0.000000 0.000000 0.000000 0.000000 0.000000
    35 0.000000 0.000000 0.000000 0.000000 0.000000 -0.000024
    36 0.000000 0.000000 0.000000 0.000000 -0.000024 -0.000024
    37 0.000000 0.000000 0.000000 0.000000 0.000000 0.000000
    38 0.000000 0.000000 0.000000 0.000000 0.000000 0.000000
    39 0.000000 0.000000 0.000000 -0.000019 0.000028 0.000000
    40 0.000000 0.000000 0.000000 0.000000 0.000000 0.000000
    41 0.000000 0.000000 0.000000 0.000000 -0.000024 0.000000
    42 0.000000 0.000000 0.000000 0.000000 0.000000 0.000000
    43 0.000000 0.000000 0.000000 0.000022 0.000000 0.000000
    44 0.000000 0.000000 0.000000 0.000000 0.000000 0.000000
    45 0.000000 0.000000 0.000000 0.000000 0.000000 0.000000
    46 0.000000 0.000000 0.000000 0.000000 0.000000 0.000000
    47 0.000000 0.000000 0.000000 0.000018 0.000000 0.000000
    48 0.000000 0.000000 0.000000 0.000016 0.000024 0.000000
    49 0.000000 0.000000 0.000000 0.000000 0.000024 0.000000
    50 0.000000 0.000000 0.000000 0.000000 0.000000 0.000000
    51 0.000000 0.000000 0.000000 0.000028 0.000000 0.000000
    52 0.000000 0.000000 0.000000 0.000000 0.000000 0.000000
    53 0.000000 0.000000 0.000000 0.000000 0.000000 0.000000
    54 0.000000 0.000000 0.000000 0.000000 0.000000 0.000000
    55 0.000000 0.000000 0.000000 0.000000 0.000000 0.000000
    56 0.000000 0.000000 0.000000 0.000000 0.000000 0.000000
    57 0.000000 0.000000 0.000000 0.000000 0.000000 0.000000
    58 0.000000 0.000000 0.000000 0.000000 0.000000 0.000000
    59 0.000000 0.000000 0.000000 0.000000 -0.000024 0.000000
    60 0.000000 0.000000 0.000000 0.000000 0.000000 0.000000
    61 0.000000 0.000000 0.000000 0.000000 0.000000 0.000000
    62 0.000000 0.000000 0.000000 -0.000024 0.000000 0.000000
    63 0.000000 0.000000 0.000000 0.000000 0.000000 0.000000
    64 0.000000 0.000000 0.000000 0.000000 0.000000 0.000000
    65 0.000000 0.000000 0.000000 0.000000 0.000000 0.000000
    66 0.000000 0.000000 0.000000 0.000000 0.000000 0.000000
    67 0.000000 0.000000 0.000000 0.000000 0.000000 0.000000
    68 0.000000 0.000000 0.000000 0.000000 0.000000 0.000000
    69 0.000000 0.000000 0.000000 0.000000 0.000000 0.000000
    70 0.000000 0.000000 0.000000 0.000000 0.000000 0.000000
    71 0.000000 0.000000 0.000000 0.000000 0.000000 0.000000
    72 0.000000 0.000000 0.000000 0.000000 0.000000 0.000000
    73 0.000000 0.000000 0.000000 0.000000 0.000000 0.000000
    74 0.000000 0.000000 0.000000 0.000000 0.000000 0.000000
    75 0.000000 0.000000 0.000000 0.000000 0.000000 0.000000
    76 0.000000 0.000000 0.000000 0.000000 0.000000 0.000000
    77 0.000000 0.000000 0.000000 0.000000 -0.000024 0.000000
    78 0.000000 0.000000 0.000000 0.000000 0.000000 0.000000
    79 0.000000 0.000000 0.000000 0.000000 0.000000 0.000000
    80 0.000000 0.000000 0.000000 0.000024 0.000000 0.000000
    81 0.000000 0.000000 0.000000 0.000000 0.000000 0.000000
    82 0.000000 0.000000 0.000000 0.000000 0.000000 0.000000
    83 0.000000 0.000000 0.000000 0.000000 0.000000 0.000000
    84 0.000000 0.000000 0.000000 0.000000 0.000000 0.000000
    85 0.000000 0.000000 0.000000 -0.000024 0.000000 0.000000
    86 0.000000 0.000000 0.000000 0.000000 0.000000 0.000000
    87 0.000000 0.000000 0.000000 0.000000 0.000000 0.000000
    88 0.000000 0.000000 0.000000 0.000000 0.000000 0.000000
    89 0.000000 0.000000 0.000000 0.000024 0.000000 0.000000
    90 0.000000 0.000000 0.000000 0.000000 0.000000 0.000000
    91 0.000000 0.000000 0.000000 0.000000 0.000024 0.000000
    92 0.000000 0.000000 0.000000 0.000000 0.000000 0.000000
    93 0.000000 0.000000 0.000000 0.000000 0.000000 0.000000
    94 0.000000 0.000000 0.000000 0.000024 0.000000 0.000000
    95 0.000000 0.000000 0.000000 0.000000 0.000000 0.000000
    96 0.000000 0.000000 0.000000 0.000024 0.000000 0.000000
    97 0.000000 0.000000 0.000000 0.000000 0.000000 0.000000
    98 0.000000 0.000000 0.000000 0.000000 0.000024 0.000000
    99 0.000000 0.000000 0.000000 0.000000 0.000000 0.000000
    100 0.000000 0.000000 0.000000 0.000000 0.000000 0.000000
    101 0.000000 0.000000 0.000000 0.000000 0.000000 0.000000
    102 0.000000 0.000000 0.000000 0.000000 0.000000 0.000000
    103 0.000000 0.000000 0.000000 0.000000 0.000000 0.000000
    104 0.000000 0.000000 0.000000 0.000000 0.000000 0.000000
    105 0.000000 0.000000 0.000000 0.000000 0.000000 0.000000
    106 0.000000 0.000000 0.000000 0.000000 0.000000 0.000000
    107 0.000000 0.000000 0.000000 0.000000 0.000000 0.000000
    108 0.000000 0.000000 0.000000 0.000000 0.000000 0.000000
    109 0.000000 0.000000 0.000000 0.000000 0.000000 0.000000
    110 0.000000 0.000000 0.000000 0.000000 0.000000 0.000000
    111 0.000000 0.000000 0.000000 0.000000 0.000000 -1.570796
    112 2.351634 -0.457045 -0.339854 -0.482324 0.427684 -1.205767
    113 0.000000 0.000000 0.000000 0.000000 0.000000 0.000000
    114 0.000000 0.000000 0.000000 0.000000 0.000000 -1.570796
    115 0.000000 0.000000 0.000000 0.000000 0.000000 0.000000
    116 0.000000 0.000000 0.000000 0.000000 0.000000 0.000000
    117 0.000000 0.000000 0.000000 0.000000 0.000000 0.000000
    118 0.000000 0.000000 0.000000 0.000000 0.000000 0.000000
    119 0.000000 0.000000 0.000000 0.000000 0.000000 0.000000
    120 0.000000 0.000000 0.000000 0.000000 0.000000 0.000000
    121 0.000000 0.000000 0.000000 0.000000 0.000000 0.000000
    122 0.000000 0.000000 0.000000 0.000000 0.000000 0.000000
    123 0.000000 0.000000 0.000000 0.000000 0.000000 0.000000
    124 0.000000 0.000000 0.000000 0.000000 0.000000 0.000000
    125 0.000000 0.000000 0.000000 0.000000 0.000000 0.000000
    126 0.000000 0.000000 0.000000 0.000000 0.000000 0.000000
    127 0.000000 0.000000 0.000000 0.000000 0.000000 0.000000
    128 0.000000 0.000000 0.000000 0.000000 0.000000 0.000000
    129 0.000000 0.000000 0.000000 0.000000 0.000000 0.000000
    130 0.000000 0.000000 0.000000 0.000000 0.000000 0.000000
    131 0.000000 0.000000 0.000000 0.000000 0.000000 0.000000
    132 0.000000 0.000000 0.000000 0.000000 0.000000 0.000000
    133 0.000000 0.000000 0.000000 0.000000 0.000000 0.000000
    134 0.000000 0.000000 0.000000 0.000000 0.000000 0.000000
    135 0.000000 0.000000 0.000000 0.000000 0.000000 0.000000
    136 0.000000 0.000000 0.000000 0.000000 0.000000 0.000000
    137 0.000000 0.000000 0.000000 0.000000 0.000000 0.000000
    138 0.000000 0.000000 0.000000 0.000000 0.000000 0.000000
    139 0.000000 0.000000 0.000000 0.000000 0.000000 0.000000
    140 0.000000 0.000000 0.000000 0.000000 0.000000 0.000000
    141 0.000000 0.000000 0.000000 0.000000 0.000000 0.000000
    142 0.000000 0.000000 0.000000 0.000000 0.000000 0.000000
    143 0.000000 0.000000 0.000000 0.000000 0.000000 0.000000
    144 0.000000 0.000000 0.000000 0.000000 0.000000 0.000000
    145 0.000000 0.000000 0.000000 0.000000 0.000000 0.000000
    146 0.000000 0.000000 0.000000 0.000000 0.000000 0.000000
    147 0.000000 0.000000 0.000000 0.000000 0.000000 0.000000
    148 0.000000 0.000000 0.000000 0.000000 0.000000 0.000000
    149 0.000000 0.000000 0.000000 0.000000 0.000000 0.000000
    150 0.000000 0.000000 0.000000 0.000000 0.000000 0.000000
    151 0.000000 0.000000 0.000000 0.000000 0.000000 0.000000
    152 0.000000 0.000000 0.000000 0.000000 0.000000 0.000000
    153 0.000000 0.000000 0.000000 0.000000 0.000000 0.000000
    154 0.000000 0.000000 0.000000 0.000000 0.000000 0.000000
    155 0.000000 0.000000 0.000000 0.000000 0.000000 0.000000
    156 0.000000 0.000000 0.000000 0.000000 0.000000 0.000000
    157 0.000000 0.000000 0.000000 0.000000 0.000000 0.000000
    158 0.000000 0.000000 0.000000 0.000000 0.000000 0.000000
    159 0.000000 0.000000 0.000000 0.000000 0.000000 0.000000
    160 0.000000 0.000000 0.000000 0.000000 0.000000 0.000000
    161 0.000000 0.000000 0.000000 0.000000 0.000000 0.000000
    162 0.000000 0.000000 0.000000 0.000000 0.000000 0.000000
    163 0.000000 0.000000 0.000000 0.000000 0.000000 0.000000
    164 0.000000 0.000000 0.000000 0.000000 0.000000 0.000000
    165 0.000000 0.000000 0.000000 0.000000 0.000000 0.000000
    166 0.000000 0.000000 0.000000 0.000000 0.000000 0.000000
    167 0.000000 0.000000 0.000000 0.000000 0.000000 0.000000
    168 0.000000 0.000000 0.000000 0.000000 0.000000 0.000000
    169 0.000000 0.000000 0.000000 0.000000 0.000000 0.000000
    170 0.000000 0.000000 0.000000 0.000000 0.000000 0.000000
    171 0.000000 0.000000 0.000000 0.000000 0.000000 0.000000
    172 0.000000 0.000000 0.000000 0.000000 0.000000 0.000000
    173 0.000000 0.000000 0.000000 0.000000 0.000000 0.000000
    174 0.000000 0.000000 0.000000 0.000000 0.000000 0.000000
    175 0.000000 0.000000 0.000000 0.000000 0.000000 0.000000
    176 0.000000 0.000000 0.000000 0.000000 0.000000 0.000000
    177 0.000000 0.000000 0.000000 0.000000 0.000000 0.000000
    178 0.000000 0.000000 0.000000 0.000000 0.000000 0.000000
    179 0.000000 0.000000 0.000000 0.000000 0.000000 0.000000
    180 0.000000 0.000000 0.000000 0.000000 0.000000 0.000000
    181 0.000000 0.000000 0.000000 0.000000 0.000000 0.000000
    182 0.000000 0.000000 0.000000 0.000000 0.000000 0.000000
    183 0.000000 0.000000 0.000000 0.000000 0.000000 0.000000
    184 0.000000 0.000000 0.000000 0.000000 0.000000 0.000000
    185 0.000000 0.000000 0.000000 0.000000 0.000000 0.000000
    186 0.000000 0.000000 0.000000 0.000000 0.000000 0.000000
    187 0.000000 0.000000 0.000000 0.000000 0.000000 0.000000
    188 0.000000 0.000000 0.000000 0.000000 0.000000 0.000000
    189 0.000000 0.000000 0.000000 0.000000 0.000000 0.000000
    190 0.000000 0.000000 0.000000 0.000000 0.000000 0.000000
    191 0.000000 0.000000 0.000000 -0.368406 0.000000 0.000000
    192 0.000000 0.000000 0.000000 0.000000 0.000000 0.000000
    193 0.000000 0.000000 0.000000 0.000000 0.000000 0.000000
    194 0.000000 0.000000 0.000000 -0.000027 -0.000024 0.000016
    195 0.000000 0.000000 0.000000 0.000000 0.000000 0.000000
    196 0.000000 0.000000 0.000000 0.000000 0.000000 0.000000
    197 0.000000 0.000000 0.000000 0.000000 0.000000 0.000000
    198 0.000000 0.000000 0.000000 0.000000 0.000000 0.000000
    199 0.000000 0.000000 0.000000 0.000000 0.000000 0.000000
    200 0.000000 0.000000 0.000000 0.000000 0.000000 0.000000
    201 0.000000 0.000000 0.000000 0.000000 0.000000 0.000000
    202 0.000000 0.000000 0.000000 0.000000 0.000000 0.000000
    203 0.000000 0.000000 0.000000 0.000000 0.000000 0.000000
    204 0.000000 0.000000 0.000000 0.000000 0.000000 0.000000
    205 0.000000 0.000000 0.000000 0.000000 0.000000 0.000000
    206 0.000000 0.000000 0.000000 -0.000044 0.000000 0.000000
    207 0.000000 0.000000 0.000000 0.000000 0.000000 0.000000
    208 0.000000 0.000000 0.000000 0.000000 0.000000 0.000000
    209 0.000000 0.000000 0.000000 0.000000 0.000000 0.000016
    210 0.000000 0.000000 0.000000 0.000000 0.000028 0.000000
    211 0.000000 0.000000 0.000000 0.000000 0.000000 0.000000
    212 0.000000 0.000000 0.000000 0.000000 0.000000 0.000000
    213 0.000000 0.000000 0.000000 0.000000 0.000000 0.000000
    214 0.000000 0.000000 0.000000 0.000000 0.000000 0.000000
    215 0.000000 0.000000 0.000000 0.000000 0.000000 0.000000
    216 0.000000 0.000000 0.000000 0.000000 0.000000 0.000000
    217 0.000000 0.000000 0.000000 0.000000 0.000000 0.000000
    218 0.000000 0.000000 0.000000 0.000000 0.000000 0.000000
    219 0.000000 0.000000 0.000000 0.000000 0.000000 0.000000
    220 0.000000 0.000000 0.000000 0.000000 0.000000 0.000000
    221 0.000000 0.000000 0.000000 0.000000 0.000000 0.000000
    222 0.000000 0.000000 0.000000 0.000000 0.000000 0.000000
    223 0.000000 0.000000 0.000000 0.000000 0.000000 0.000000
    224 0.000000 0.000000 0.000000 0.000000 0.000000 0.000000
    225 0.000000 0.000000 0.000000 0.000000 0.000000 0.000000
    226 0.000000 0.000000 0.000000 0.000000 0.000000 0.000000
    227 -1.168004 5.507981 -4.574358 -0.482324 0.427668 0.365028
    228 0.000000 0.000000 0.000000 0.000000 0.000000 0.000000
    229 0.000000 0.000000 0.000000 0.000000 0.000000 0.000000
    230 0.000000 0.000000 0.000000 -0.001282 0.000000 0.000000
    231 0.000000 0.000000 0.000000 0.000000 0.000000 0.000000
    232 0.000000 0.000000 0.000000 0.000000 0.000000 0.000000
    233 0.000000 0.000000 0.000000 0.000000 0.000000 0.000000
    234 5.484542 2.113346 -5.691580 -0.482257 0.427699 -1.205748
    235 0.000000 0.000000 0.000000 0.000000 0.000000 0.000000
    236 0.000000 0.000000 0.000000 0.000000 0.000000 0.000000
    237 0.000000 0.000000 0.000000 0.000000 0.000000 0.000000
    238 0.000000 0.000000 0.000000 0.000000 0.000000 0.000000
    239 0.000000 0.000000 0.000000 0.000000 0.000000 0.000000
    240 0.000000 0.000000 0.000000 0.000000 0.000000 0.000000
    241 0.000000 0.000000 0.000000 0.000000 0.000000 0.000000
    242 0.000000 0.000000 0.000000 0.000000 0.000000 0.000000
    243 0.000000 0.000000 0.000000 0.000000 0.000000 0.000000
    244 0.000000 0.000000 0.000000 0.000000 0.000000 0.000000
    245 0.000000 0.000000 0.000000 0.000000 0.000000 0.000000
    246 0.000000 0.000000 0.000000 0.000000 0.000000 -1.570796
  time 12
    0 0.000000 0.000000 0.000000 0.000000 0.000000 -1.570796
    1 0.000000 0.000000 0.000000 0.000000 0.000000 0.000000
    2 0.000000 0.000000 0.000000 0.000000 0.000000 0.000000
    3 0.000000 0.000000 0.000000 0.000000 0.000000 0.000000
    4 0.000000 0.000000 0.000000 0.000000 0.000000 0.000000
    5 0.000000 0.000000 0.000000 0.000000 0.000000 0.000000
    6 0.000000 0.000000 0.000000 0.000000 0.000000 0.000000
    7 0.000000 0.000000 0.000000 0.000000 0.000000 0.000000
    8 -4.906400 -1.414106 1.781304 0.035535 0.553881 -0.471883
    9 0.000000 0.000000 0.000000 0.257525 -0.078453 0.323858
    10 0.000000 0.000000 0.000000 0.000000 0.000000 0.000000
    11 0.000000 0.000000 0.000000 0.000000 0.000000 0.000000
    12 0.000000 0.000000 0.000000 0.000000 0.000000 0.000000
    13 0.000000 0.000000 0.000000 -0.306277 0.000060 0.000048
    14 0.000000 0.000000 0.000000 0.000000 0.000060 -0.060987
    15 0.000000 0.000000 0.000000 0.000000 0.000000 0.000000
    16 0.000000 0.000000 0.000000 0.000000 0.000000 0.000000
    17 0.000000 0.000000 0.000000 0.000024 0.000024 0.000000
    18 0.000000 0.000000 0.000000 0.000000 0.000000 0.000000
    19 0.000000 0.000000 0.000000 -0.715990 0.000000 0.000000
    20 0.066408 0.015625 0.000000 0.000000 0.000000 0.030577
    21 0.000000 0.000000 0.000000 -0.911147 -0.583435 0.320008
    22 0.000000 0.000000 0.000000 0.000000 0.000000 0.000000
    23 0.000000 0.000000 0.000000 0.000000 0.000000 -0.000024
    24 0.000000 0.000000 0.000000 0.000000 0.000000 -0.000029
    25 0.000000 0.000000 0.000000 0.000000 0.000000 0.000000
    26 0.000000 0.000000 0.000000 0.000000 0.000000 0.000000
    27 0.000000 0.000000 0.000000 0.000000 0.000024 -0.000024
    28 0.000000 0.000000 0.000000 0.000000 0.000024 -0.000024
    29 0.000000 0.000000 0.000000 0.000000 0.000018 0.000000
    30 0.000000 0.000000 0.000000 0.000000 0.000024 -0.000024
    31 0.000000 0.000000 0.000000 0.000030 -0.000023 0.000000
    32 0.000000 0.000000 0.000000 0.000000 0.000000 0.000000
    33 0.000000 0.000000 0.000000 0.000000 0.000000 -0.000024
    34 0.000000 0.000000 0.000000 0.000000 0.000000 0.000000
    35 0.000000 0.000000 0.000000 0.000000 0.000000 -0.000024
    36 0.000000 0.000000 0.000000 0.000000 -0.000024 -0.000024
    37 0.000000 0.000000 0.000000 0.000000 0.000000 0.000000
    38 0.000000 0.000000 0.000000 0.000000 0.000000 0.000000
    39 0.000000 0.000000 0.000000 -0.000019 0.000028 0.000000
    40 0.000000 0.000000 0.000000 0.000000 0.000000 0.000000
    41 0.000000 0.000000 0.000000 0.000000 -0.000024 0.000000
    42 0.000000 0.000000 0.000000 0.000000 0.000000 0.000000
    43 0.000000 0.000000 0.000000 0.000022 0.000000 0.000000
    44 0.000000 0.000000 0.000000 0.000000 0.000000 0.000000
    45 0.000000 0.000000 0.000000 0.000000 0.000000 0.000000
    46 0.000000 0.000000 0.000000 0.000000 0.000000 0.000000
    47 0.000000 0.000000 0.000000 0.000018 0.000000 0.000000
    48 0.000000 0.000000 0.000000 0.000016 0.000024 0.000000
    49 0.000000 0.000000 0.000000 0.000000 0.000024 0.000000
    50 0.000000 0.000000 0.000000 0.000000 0.000000 0.000000
    51 0.000000 0.000000 0.000000 0.000028 0.000000 0.000000
    52 0.000000 0.000000 0.000000 0.000000 0.000000 0.000000
    53 0.000000 0.000000 0.000000 0.000000 0.000000 0.000000
    54 0.000000 0.000000 0.000000 0.000000 0.000000 0.000000
    55 0.000000 0.000000 0.000000 0.000000 0.000000 0.000000
    56 0.000000 0.000000 0.000000 0.000000 0.000000 0.000000
    57 0.000000 0.000000 0.000000 0.000000 0.000000 0.000000
    58 0.000000 0.000000 0.000000 0.000000 0.000000 0.000000
    59 0.000000 0.000000 0.000000 0.000000 -0.000024 0.000000
    60 0.000000 0.000000 0.000000 0.000000 0.000000 0.000000
    61 0.000000 0.000000 0.000000 0.000000 0.000000 0.000000
    62 0.000000 0.000000 0.000000 -0.000024 0.000000 0.000000
    63 0.000000 0.000000 0.000000 0.000000 0.000000 0.000000
    64 0.000000 0.000000 0.000000 0.000000 0.000000 0.000000
    65 0.000000 0.000000 0.000000 0.000000 0.000000 0.000000
    66 0.000000 0.000000 0.000000 0.000000 0.000000 0.000000
    67 0.000000 0.000000 0.000000 0.000000 0.000000 0.000000
    68 0.000000 0.000000 0.000000 0.000000 0.000000 0.000000
    69 0.000000 0.000000 0.000000 0.000000 0.000000 0.000000
    70 0.000000 0.000000 0.000000 0.000000 0.000000 0.000000
    71 0.000000 0.000000 0.000000 0.000000 0.000000 0.000000
    72 0.000000 0.000000 0.000000 0.000000 0.000000 0.000000
    73 0.000000 0.000000 0.000000 0.000000 0.000000 0.000000
    74 0.000000 0.000000 0.000000 0.000000 0.000000 0.000000
    75 0.000000 0.000000 0.000000 0.000000 0.000000 0.000000
    76 0.000000 0.000000 0.000000 0.000000 0.000000 0.000000
    77 0.000000 0.000000 0.000000 0.000000 -0.000024 0.000000
    78 0.000000 0.000000 0.000000 0.000000 0.000000 0.000000
    79 0.000000 0.000000 0.000000 0.000000 0.000000 0.000000
    80 0.000000 0.000000 0.000000 0.000024 0.000000 0.000000
    81 0.000000 0.000000 0.000000 0.000000 0.000000 0.000000
    82 0.000000 0.000000 0.000000 0.000000 0.000000 0.000000
    83 0.000000 0.000000 0.000000 0.000000 0.000000 0.000000
    84 0.000000 0.000000 0.000000 0.000000 0.000000 0.000000
    85 0.000000 0.000000 0.000000 -0.000024 0.000000 0.000000
    86 0.000000 0.000000 0.000000 0.000000 0.000000 0.000000
    87 0.000000 0.000000 0.000000 0.000000 0.000000 0.000000
    88 0.000000 0.000000 0.000000 0.000000 0.000000 0.000000
    89 0.000000 0.000000 0.000000 0.000024 0.000000 0.000000
    90 0.000000 0.000000 0.000000 0.000000 0.000000 0.000000
    91 0.000000 0.000000 0.000000 0.000000 0.000024 0.000000
    92 0.000000 0.000000 0.000000 0.000000 0.000000 0.000000
    93 0.000000 0.000000 0.000000 0.000000 0.000000 0.000000
    94 0.000000 0.000000 0.000000 0.000024 0.000000 -0.000029
    95 0.000000 0.000000 0.000000 0.000000 0.000000 0.000000
    96 0.000000 0.000000 0.000000 0.000024 0.000000 0.000000
    97 0.000000 0.000000 0.000000 0.000000 0.000000 0.000000
    98 0.000000 0.000000 0.000000 0.000000 0.000024 0.000000
    99 0.000000 0.000000 0.000000 0.000000 0.000000 0.000000
    100 0.000000 0.000000 0.000000 0.000000 0.000000 0.000000
    101 0.000000 0.000000 0.000000 0.000000 0.000000 0.000000
    102 0.000000 0.000000 0.000000 0.000000 0.000000 0.000000
    103 0.000000 0.000000 0.000000 0.000000 0.000000 0.000000
    104 0.000000 0.000000 0.000000 0.000000 0.000000 0.000000
    105 0.000000 0.000000 0.000000 0.000000 0.000000 0.000000
    106 0.000000 0.000000 0.000000 0.000000 0.000000 0.000000
    107 0.000000 0.000000 0.000000 0.000000 0.000000 0.000000
    108 0.000000 0.000000 0.000000 0.000000 0.000000 0.000000
    109 0.000000 0.000000 0.000000 0.000000 0.000000 0.000000
    110 0.000000 0.000000 0.000000 0.000000 0.000000 0.000000
    111 0.000000 0.000000 0.000000 0.000000 0.000000 -1.570796
    112 2.625080 -0.410169 -0.273446 -0.397655 0.419998 -1.192900
    113 0.000000 0.000000 0.000000 0.000000 0.000000 0.000000
    114 0.000000 0.000000 0.000000 0.000000 0.000000 -1.570796
    115 0.000000 0.000000 0.000000 0.000000 0.000000 0.000000
    116 0.000000 0.000000 0.000000 0.000000 0.000000 0.000000
    117 0.000000 0.000000 0.000000 0.000000 0.000000 0.000000
    118 0.000000 0.000000 0.000000 0.000000 0.000000 0.000000
    119 0.000000 0.000000 0.000000 0.000000 0.000000 0.000000
    120 0.000000 0.000000 0.000000 0.000000 0.000000 0.000000
    121 0.000000 0.000000 0.000000 0.000000 0.000000 0.000000
    122 0.000000 0.000000 0.000000 0.000000 0.000000 0.000000
    123 0.000000 0.000000 0.000000 0.000000 0.000000 0.000000
    124 0.000000 0.000000 0.000000 0.000000 0.000000 0.000000
    125 0.000000 0.000000 0.000000 0.000000 0.000000 0.000000
    126 0.000000 0.000000 0.000000 0.000000 0.000000 0.000000
    127 0.000000 0.000000 0.000000 0.000000 0.000000 0.000000
    128 0.000000 0.000000 0.000000 0.000000 0.000000 0.000000
    129 0.000000 0.000000 0.000000 0.000000 0.000000 0.000000
    130 0.000000 0.000000 0.000000 0.000000 0.000000 0.000000
    131 0.000000 0.000000 0.000000 0.000000 0.000000 0.000000
    132 0.000000 0.000000 0.000000 0.000000 0.000000 0.000000
    133 0.000000 0.000000 0.000000 0.000000 0.000000 0.000000
    134 0.000000 0.000000 0.000000 0.000000 0.000000 0.000000
    135 0.000000 0.000000 0.000000 0.000000 0.000000 0.000000
    136 0.000000 0.000000 0.000000 0.000000 0.000000 0.000000
    137 0.000000 0.000000 0.000000 0.000000 0.000000 0.000000
    138 0.000000 0.000000 0.000000 0.000000 0.000000 0.000000
    139 0.000000 0.000000 0.000000 0.000000 0.000000 0.000000
    140 0.000000 0.000000 0.000000 0.000000 0.000000 0.000000
    141 0.000000 0.000000 0.000000 0.000000 0.000000 0.000000
    142 0.000000 0.000000 0.000000 0.000000 0.000000 0.000000
    143 0.000000 0.000000 0.000000 0.000000 0.000000 0.000000
    144 0.000000 0.000000 0.000000 0.000000 0.000000 0.000000
    145 0.000000 0.000000 0.000000 0.000000 0.000000 0.000000
    146 0.000000 0.000000 0.000000 0.000000 0.000000 0.000000
    147 0.000000 0.000000 0.000000 0.000000 0.000000 0.000000
    148 0.000000 0.000000 0.000000 0.000000 0.000000 0.000000
    149 0.000000 0.000000 0.000000 0.000000 0.000000 0.000000
    150 0.000000 0.000000 0.000000 0.000000 0.000000 0.000000
    151 0.000000 0.000000 0.000000 0.000000 0.000000 0.000000
    152 0.000000 0.000000 0.000000 0.000000 0.000000 0.000000
    153 0.000000 0.000000 0.000000 0.000000 0.000000 0.000000
    154 0.000000 0.000000 0.000000 0.000000 0.000000 0.000000
    155 0.000000 0.000000 0.000000 0.000000 0.000000 0.000000
    156 0.000000 0.000000 0.000000 0.000000 0.000000 0.000000
    157 0.000000 0.000000 0.000000 0.000000 0.000000 0.000000
    158 0.000000 0.000000 0.000000 0.000000 0.000000 0.000000
    159 0.000000 0.000000 0.000000 0.000000 0.000000 0.000000
    160 0.000000 0.000000 0.000000 0.000000 0.000000 0.000000
    161 0.000000 0.000000 0.000000 0.000000 0.000000 0.000000
    162 0.000000 0.000000 0.000000 0.000000 0.000000 0.000000
    163 0.000000 0.000000 0.000000 0.000000 0.000000 0.000000
    164 0.000000 0.000000 0.000000 0.000000 0.000000 0.000000
    165 0.000000 0.000000 0.000000 0.000000 0.000000 0.000000
    166 0.000000 0.000000 0.000000 0.000000 0.000000 0.000000
    167 0.000000 0.000000 0.000000 0.000000 0.000000 0.000000
    168 0.000000 0.000000 0.000000 0.000000 0.000000 0.000000
    169 0.000000 0.000000 0.000000 0.000000 0.000000 0.000000
    170 0.000000 0.000000 0.000000 0.000000 0.000000 0.000000
    171 0.000000 0.000000 0.000000 0.000000 0.000000 0.000000
    172 0.000000 0.000000 0.000000 0.000000 0.000000 0.000000
    173 0.000000 0.000000 0.000000 0.000000 0.000000 0.000000
    174 0.000000 0.000000 0.000000 0.000000 0.000000 0.000000
    175 0.000000 0.000000 0.000000 0.000000 0.000000 0.000000
    176 0.000000 0.000000 0.000000 0.000000 0.000000 0.000000
    177 0.000000 0.000000 0.000000 0.000000 0.000000 0.000000
    178 0.000000 0.000000 0.000000 0.000000 0.000000 0.000000
    179 0.000000 0.000000 0.000000 0.000000 0.000000 0.000000
    180 0.000000 0.000000 0.000000 0.000000 0.000000 0.000000
    181 0.000000 0.000000 0.000000 0.000000 0.000000 0.000000
    182 0.000000 0.000000 0.000000 0.000000 0.000000 0.000000
    183 0.000000 0.000000 0.000000 0.000000 0.000000 0.000000
    184 0.000000 0.000000 0.000000 0.000000 0.000000 0.000000
    185 0.000000 0.000000 0.000000 0.000000 0.000000 0.000000
    186 0.000000 0.000000 0.000000 0.000000 0.000000 0.000000
    187 0.000000 0.000000 0.000000 0.000000 0.000000 0.000000
    188 0.000000 0.000000 0.000000 0.000000 0.000000 0.000000
    189 0.000000 0.000000 0.000000 0.000000 0.000000 0.000000
    190 0.000000 0.000000 0.000000 0.000000 0.000000 0.000000
    191 0.000000 0.000000 0.000000 -0.358034 0.000000 0.000000
    192 0.000000 0.000000 0.000000 0.000000 0.000000 0.000000
    193 0.000000 0.000000 0.000000 0.000000 0.000000 0.000000
    194 0.000000 0.000000 0.000000 -0.000027 -0.000024 0.000016
    195 0.000000 0.000000 0.000000 0.000000 0.000000 0.000000
    196 0.000000 0.000000 0.000000 0.000000 0.000000 0.000000
    197 0.000000 0.000000 0.000000 0.000000 0.000000 0.000000
    198 0.000000 0.000000 0.000000 0.000000 0.000000 0.000000
    199 0.000000 0.000000 0.000000 0.000000 0.000000 0.000000
    200 0.000000 0.000000 0.000000 0.000000 0.000000 0.000000
    201 0.000000 0.000000 0.000000 0.000000 0.000000 0.000000
    202 0.000000 0.000000 0.000000 0.000000 0.000000 0.000000
    203 0.000000 0.000000 0.000000 0.000000 0.000000 0.000000
    204 0.000000 0.000000 0.000000 0.000000 0.000000 0.000000
    205 0.000000 0.000000 0.000000 0.000000 0.000000 0.000000
    206 0.000000 0.000000 0.000000 -0.000044 0.000000 0.000000
    207 0.000000 0.000000 0.000000 0.000000 0.000000 0.000000
    208 0.000000 0.000000 0.000000 0.000000 0.000000 0.000000
    209 0.000000 0.000000 0.000000 0.000000 0.000000 0.000016
    210 0.000000 0.000000 0.000000 0.000000 0.000028 0.000000
    211 0.000000 0.000000 0.000000 0.000000 0.000000 0.000000
    212 0.000000 0.000000 0.000000 0.000000 0.000000 0.000000
    213 0.000000 0.000000 0.000000 0.000000 0.000000 0.000000
    214 0.000000 0.000000 0.000000 0.000000 0.000000 0.000000
    215 0.000000 0.000000 0.000000 0.000000 0.000000 0.000000
    216 0.000000 0.000000 0.000000 0.000000 0.000000 0.000000
    217 0.000000 0.000000 0.000000 0.000000 0.000000 0.000000
    218 0.000000 0.000000 0.000000 0.000000 0.000000 0.000000
    219 0.000000 0.000000 0.000000 0.000000 0.000000 0.000000
    220 0.000000 0.000000 0.000000 0.000000 0.000000 0.000000
    221 0.000000 0.000000 0.000000 0.000000 0.000000 0.000000
    222 0.000000 0.000000 0.000000 0.000000 0.000000 0.000000
    223 0.000000 0.000000 0.000000 0.000000 0.000000 0.000000
    224 0.000000 0.000000 0.000000 0.000000 0.000000 0.000000
    225 0.000000 0.000000 0.000000 0.000000 0.000000 0.000000
    226 0.000000 0.000000 0.000000 0.000000 0.000000 0.000000
    227 -1.242225 5.933775 -4.449355 -0.397743 0.419938 0.377801
    228 0.000000 0.000000 0.000000 0.000000 0.000000 0.000000
    229 0.000000 0.000000 0.000000 0.000000 0.000000 0.000000
    230 0.000000 0.000000 0.000000 -0.001402 0.000000 0.000000
    231 0.000000 0.000000 0.000000 0.000000 0.000000 0.000000
    232 0.000000 0.000000 0.000000 0.000000 0.000000 0.000000
    233 0.000000 0.000000 0.000000 0.000000 0.000000 0.000000
    234 6.097842 2.250069 -5.617359 -0.397688 0.419972 -1.192912
    235 0.000000 0.000000 0.000000 0.000000 0.000000 0.000000
    236 0.000000 0.000000 0.000000 0.000000 0.000000 0.000000
    237 0.000000 0.000000 0.000000 0.000000 0.000000 0.000000
    238 0.000000 0.000000 0.000000 0.000000 0.000000 0.000000
    239 0.000000 0.000000 0.000000 0.000000 0.000000 0.000000
    240 0.000000 0.000000 0.000000 0.000000 0.000000 0.000000
    241 0.000000 0.000000 0.000000 0.000000 0.000000 0.000000
    242 0.000000 0.000000 0.000000 0.000000 0.000000 0.000000
    243 0.000000 0.000000 0.000000 0.000000 0.000000 0.000000
    244 0.000000 0.000000 0.000000 0.000000 0.000000 0.000000
    245 0.000000 0.000000 0.000000 0.000000 0.000000 0.000000
    246 0.000000 0.000000 0.000000 0.000000 0.000000 -1.570796
  time 13
    0 0.000000 0.000000 0.000000 0.000000 0.000000 -1.570796
    1 0.000000 0.000000 0.000000 0.000000 0.000000 0.000000
    2 0.000000 0.000000 0.000000 0.000000 0.000000 0.000000
    3 0.000000 0.000000 0.000000 0.000000 0.000000 0.000000
    4 0.000000 0.000000 0.000000 0.000000 0.000000 0.000000
    5 0.000000 0.000000 0.000000 0.000000 0.000000 0.000000
    6 0.000000 0.000000 0.000000 0.000000 0.000000 0.000000
    7 0.000000 0.000000 0.000000 0.000000 0.000000 0.000000
    8 -4.906400 -1.414106 1.847713 0.019657 0.523291 -0.478492
    9 0.000000 0.000000 0.000000 0.234392 -0.075889 0.341948
    10 0.000000 0.000000 0.000000 0.000000 0.000000 0.000000
    11 0.000000 0.000000 0.000000 0.000000 0.000000 0.000000
    12 0.000000 0.000000 0.000000 0.000000 0.000000 0.000000
    13 0.000000 0.000000 0.000000 -0.295358 0.000000 0.000000
    14 0.000000 0.000000 0.000000 -0.000060 0.000000 -0.088527
    15 0.000000 0.000000 0.000000 0.000000 0.000000 0.000000
    16 0.000000 0.000000 0.000000 0.000000 0.000000 0.000000
    17 0.000000 0.000000 0.000000 0.000024 0.000024 0.000000
    18 0.000000 0.000000 0.000000 0.000000 0.000000 0.000000
    19 0.000000 0.000000 0.000000 -0.704401 0.000000 0.000000
    20 0.082034 0.019532 0.000000 0.000000 0.000000 0.044297
    21 0.000000 0.000000 0.000000 -0.853784 -0.566832 0.311771
    22 0.000000 0.000000 0.000000 0.000000 0.000000 0.000000
    23 0.000000 0.000000 0.000000 0.000000 0.000000 -0.000024
    24 0.000000 0.000000 0.000000 0.000000 0.000000 -0.000029
    25 0.000000 0.000000 0.000000 0.000000 0.000000 0.000000
    26 0.000000 0.000000 0.000000 0.000000 0.000000 0.000000
    27 0.000000 0.000000 0.000000 0.000000 0.000024 -0.000024
    28 0.000000 0.000000 0.000000 0.000000 0.000024 -0.000024
    29 0.000000 0.000000 0.000000 0.000000 0.000018 0.000000
    30 0.000000 0.000000 0.000000 0.000000 0.000024 -0.000024
    31 0.000000 0.000000 0.000000 0.000030 -0.000023 0.000000
    32 0.000000 0.000000 0.000000 0.000000 0.000000 0.000000
    33 0.000000 0.000000 0.000000 0.000000 0.000000 -0.000024
    34 0.000000 0.000000 0.000000 0.000000 0.000000 0.000000
    35 0.000000 0.000000 0.000000 0.000000 0.000000 -0.000024
    36 0.000000 0.000000 0.000000 0.000000 -0.000024 -0.000024
    37 0.000000 0.000000 0.000000 0.000000 0.000000 0.000000
    38 0.000000 0.000000 0.000000 0.000000 0.000000 0.000000
    39 0.000000 0.000000 0.000000 -0.000019 0.000028 0.000000
    40 0.000000 0.000000 0.000000 0.000000 0.000000 0.000000
    41 0.000000 0.000000 0.000000 0.000000 -0.000024 0.000000
    42 0.000000 0.000000 0.000000 0.000000 0.000000 0.000000
    43 0.000000 0.000000 0.000000 0.000022 0.000000 0.000000
    44 0.000000 0.000000 0.000000 0.000000 0.000000 0.000000
    45 0.000000 0.000000 0.000000 0.000000 0.000000 0.000000
    46 0.000000 0.000000 0.000000 0.000000 0.000000 0.000000
    47 0.000000 0.000000 0.000000 0.000018 0.000000 0.000000
    48 0.000000 0.000000 0.000000 0.000033 0.000024 0.000032
    49 0.000000 0.000000 0.000000 0.000000 0.000024 0.000000
    50 0.000000 0.000000 0.000000 0.000000 0.000000 0.000000
    51 0.000000 0.000000 0.000000 0.000028 0.000000 0.000033
    52 0.000000 0.000000 0.000000 0.000000 0.000000 0.000000
    53 0.000000 0.000000 0.000000 0.000000 0.000000 0.000000
    54 0.000000 0.000000 0.000000 0.000000 0.000000 0.000000
    55 0.000000 0.000000 0.000000 0.000000 0.000000 0.000000
    56 0.000000 0.000000 0.000000 0.000000 0.000000 0.000000
    57 0.000000 0.000000 0.000000 0.000000 0.000000 0.000000
    58 0.000000 0.000000 0.000000 0.000000 0.000000 0.000000
    59 0.000000 0.000000 0.000000 0.000000 -0.000024 0.000000
    60 0.000000 0.000000 0.000000 0.000000 0.000000 0.000000
    61 0.000000 0.000000 0.000000 0.000000 0.000000 0.000000
    62 0.000000 0.000000 0.000000 -0.000024 0.000000 -0.000033
    63 0.000000 0.000000 0.000000 0.000000 0.000000 0.000000
    64 0.000000 0.000000 0.000000 0.000000 0.000000 0.000000
    65 0.000000 0.000000 0.000000 0.000000 0.000000 0.000000
    66 0.000000 0.000000 0.000000 0.000000 0.000000 0.000000
    67 0.000000 0.000000 0.000000 0.000000 0.000000 0.000000
    68 0.000000 0.000000 0.000000 0.000000 0.000000 0.000000
    69 0.000000 0.000000 0.000000 0.000000 0.000000 0.000000
    70 0.000000 0.000000 0.000000 0.000000 0.000000 0.000000
    71 0.000000 0.000000 0.000000 0.000000 0.000000 0.000000
    72 0.000000 0.000000 0.000000 0.000000 0.000000 0.000000
    73 0.000000 0.000000 0.000000 0.000000 0.000000 0.000000
    74 0.000000 0.000000 0.000000 0.000000 0.000000 0.000000
    75 0.000000 0.000000 0.000000 0.000000 0.000000 0.000000
    76 0.000000 0.000000 0.000000 0.000000 0.000000 0.000000
    77 0.000000 0.000000 0.000000 0.000000 -0.000024 0.000000
    78 0.000000 0.000000 0.000000 0.000000 0.000000 0.000000
    79 0.000000 0.000000 0.000000 0.000000 0.000000 0.000000
    80 0.000000 0.000000 0.000000 0.000024 0.000000 0.000000
    81 0.000000 0.000000 0.000000 0.000000 0.000000 0.000000
    82 0.000000 0.000000 0.000000 0.000000 0.000000 0.000000
    83 0.000000 0.000000 0.000000 0.000000 0.000000 0.000000
    84 0.000000 0.000000 0.000000 0.000000 0.000000 0.000000
    85 0.000000 0.000000 0.000000 -0.000024 0.000000 0.000000
    86 0.000000 0.000000 0.000000 0.000000 0.000000 0.000000
    87 0.000000 0.000000 0.000000 0.000000 0.000000 0.000000
    88 0.000000 0.000000 0.000000 0.000000 0.000000 0.000000
    89 0.000000 0.000000 0.000000 0.000024 0.000000 0.000000
    90 0.000000 0.000000 0.000000 0.000000 0.000000 0.000000
    91 0.000000 0.000000 0.000000 0.000000 0.000024 0.000000
    92 0.000000 0.000000 0.000000 0.000000 0.000000 0.000000
    93 0.000000 0.000000 0.000000 0.000000 0.000000 0.000000
    94 0.000000 0.000000 0.000000 0.000024 0.000000 -0.000029
    95 0.000000 0.000000 0.000000 0.000000 0.000000 0.000000
    96 0.000000 0.000000 0.000000 0.000024 0.000000 0.000000
    97 0.000000 0.000000 0.000000 0.000000 0.000000 0.000000
    98 0.000000 0.000000 0.000000 0.000000 0.000024 0.000000
    99 0.000000 0.000000 0.000000 0.000000 0.000000 0.000000
    100 0.000000 0.000000 0.000000 0.000000 0.000000 0.000000
    101 0.000000 0.000000 0.000000 0.000000 0.000000 0.000000
    102 0.000000 0.000000 0.000000 0.000000 0.000000 0.000000
    103 0.000000 0.000000 0.000000 0.000000 0.000000 0.000000
    104 0.000000 0.000000 0.000000 0.000000 0.000000 0.000000
    105 0.000000 0.000000 0.000000 0.000000 0.000000 0.000000
    106 0.000000 0.000000 0.000000 0.000000 0.000000 0.000000
    107 0.000000 0.000000 0.000000 0.000000 0.000000 0.000000
    108 0.000000 0.000000 0.000000 0.000000 0.000000 0.000000
    109 0.000000 0.000000 0.000000 0.000000 0.000000 0.000000
    110 0.000000 0.000000 0.000000 0.000000 0.000000 0.000000
    111 0.000000 0.000000 0.000000 0.000000 0.000000 -1.570796
    112 2.664144 -0.390637 -0.160161 -0.363054 0.415821 -1.188611
    113 0.000000 0.000000 0.000000 0.000000 0.000000 0.000000
    114 0.000000 0.000000 0.000000 0.000000 0.000000 -1.570796
    115 0.000000 0.000000 0.000000 0.000000 0.000000 0.000000
    116 0.000000 0.000000 0.000000 0.000000 0.000000 0.000000
    117 0.000000 0.000000 0.000000 0.000000 0.000000 0.000000
    118 0.000000 0.000000 0.000000 0.000000 0.000000 0.000000
    119 0.000000 0.000000 0.000000 0.000000 0.000000 0.000000
    120 0.000000 0.000000 0.000000 0.000000 0.000000 0.000000
    121 0.000000 0.000000 0.000000 0.000000 0.000000 0.000000
    122 0.000000 0.000000 0.000000 0.000000 0.000000 0.000000
    123 0.000000 0.000000 0.000000 0.000000 0.000000 0.000000
    124 0.000000 0.000000 0.000000 0.000000 0.000000 0.000000
    125 0.000000 0.000000 0.000000 0.000000 0.000000 0.000000
    126 0.000000 0.000000 0.000000 0.000000 0.000000 0.000000
    127 0.000000 0.000000 0.000000 0.000000 0.000000 0.000000
    128 0.000000 0.000000 0.000000 0.000000 0.000000 0.000000
    129 0.000000 0.000000 0.000000 0.000000 0.000000 0.000000
    130 0.000000 0.000000 0.000000 0.000000 0.000000 0.000000
    131 0.000000 0.000000 0.000000 0.000000 0.000000 0.000000
    132 0.000000 0.000000 0.000000 0.000000 0.000000 0.000000
    133 0.000000 0.000000 0.000000 0.000000 0.000000 0.000000
    134 0.000000 0.000000 0.000000 0.000000 0.000000 0.000000
    135 0.000000 0.000000 0.000000 0.000000 0.000000 0.000000
    136 0.000000 0.000000 0.000000 0.000000 0.000000 0.000000
    137 0.000000 0.000000 0.000000 0.000000 0.000000 0.000000
    138 0.000000 0.000000 0.000000 0.000000 0.000000 0.000000
    139 0.000000 0.000000 0.000000 0.000000 0.000000 0.000000
    140 0.000000 0.000000 0.000000 0.000000 0.000000 0.000000
    141 0.000000 0.000000 0.000000 0.000000 0.000000 0.000000
    142 0.000000 0.000000 0.000000 0.000000 0.000000 0.000000
    143 0.000000 0.000000 0.000000 0.000000 0.000000 0.000000
    144 0.000000 0.000000 0.000000 0.000000 0.000000 0.000000
    145 0.000000 0.000000 0.000000 0.000000 0.000000 0.000000
    146 0.000000 0.000000 0.000000 0.000000 0.000000 0.000000
    147 0.000000 0.000000 0.000000 0.000000 0.000000 0.000000
    148 0.000000 0.000000 0.000000 0.000000 0.000000 0.000000
    149 0.000000 0.000000 0.000000 0.000000 0.000000 0.000000
    150 0.000000 0.000000 0.000000 0.000000 0.000000 0.000000
    151 0.000000 0.000000 0.000000 0.000000 0.000000 0.000000
    152 0.000000 0.000000 0.000000 0.000000 0.000000 0.000000
    153 0.000000 0.000000 0.000000 0.000000 0.000000 0.000000
    154 0.000000 0.000000 0.000000 0.000000 0.000000 0.000000
    155 0.000000 0.000000 0.000000 0.000000 0.000000 0.000000
    156 0.000000 0.000000 0.000000 0.000000 0.000000 0.000000
    157 0.000000 0.000000 0.000000 0.000000 0.000000 0.000000
    158 0.000000 0.000000 0.000000 0.000000 0.000000 0.000000
    159 0.000000 0.000000 0.000000 0.000000 0.000000 0.000000
    160 0.000000 0.000000 0.000000 0.000000 0.000000 0.000000
    161 0.000000 0.000000 0.000000 0.000000 0.000000 0.000000
    162 0.000000 0.000000 0.000000 0.000000 0.000000 0.000000
    163 0.000000 0.000000 0.000000 0.000000 0.000000 0.000000
    164 0.000000 0.000000 0.000000 0.000000 0.000000 0.000000
    165 0.000000 0.000000 0.000000 0.000000 0.000000 0.000000
    166 0.000000 0.000000 0.000000 0.000000 0.000000 0.000000
    167 0.000000 0.000000 0.000000 0.000000 0.000000 0.000000
    168 0.000000 0.000000 0.000000 0.000000 0.000000 0.000000
    169 0.000000 0.000000 0.000000 0.000000 0.000000 0.000000
    170 0.000000 0.000000 0.000000 0.000000 0.000000 0.000000
    171 0.000000 0.000000 0.000000 0.000000 0.000000 0.000000
    172 0.000000 0.000000 0.000000 0.000000 0.000000 0.000000
    173 0.000000 0.000000 0.000000 0.000000 0.000000 0.000000
    174 0.000000 0.000000 0.000000 0.000000 0.000000 0.000000
    175 0.000000 0.000000 0.000000 0.000000 0.000000 0.000000
    176 0.000000 0.000000 0.000000 0.000000 0.000000 0.000000
    177 0.000000 0.000000 0.000000 0.000000 0.000000 0.000000
    178 0.000000 0.000000 0.000000 0.000000 0.000000 0.000000
    179 0.000000 0.000000 0.000000 0.000000 0.000000 0.000000
    180 0.000000 0.000000 0.000000 0.000000 0.000000 0.000000
    181 0.000000 0.000000 0.000000 0.000000 0.000000 0.000000
    182 0.000000 0.000000 0.000000 0.000000 0.000000 0.000000
    183 0.000000 0.000000 0.000000 0.000000 0.000000 0.000000
    184 0.000000 0.000000 0.000000 0.000000 0.000000 0.000000
    185 0.000000 0.000000 0.000000 0.000000 0.000000 0.000000
    186 0.000000 0.000000 0.000000 0.000000 0.000000 0.000000
    187 0.000000 0.000000 0.000000 0.000000 0.000000 0.000000
    188 0.000000 0.000000 0.000000 0.000000 0.000000 0.000000
    189 0.000000 0.000000 0.000000 0.000000 0.000000 0.000000
    190 0.000000 0.000000 0.000000 0.000000 0.000000 0.000000
    191 0.000000 0.000000 0.000000 -0.352212 0.000000 0.000000
    192 0.000000 0.000000 0.000000 0.000000 0.000000 0.000000
    193 0.000000 0.000000 0.000000 0.000000 0.000000 0.000000
    194 0.000000 0.000000 0.000000 -0.000027 -0.000024 0.000032
    195 0.000000 0.000000 0.000000 0.000000 0.000000 0.000000
    196 0.000000 0.000000 0.000000 0.000000 0.000000 0.000000
    197 0.000000 0.000000 0.000000 0.000000 0.000000 0.000000
    198 0.000000 0.000000 0.000000 0.000000 0.000000 0.000000
    199 0.000000 0.000000 0.000000 0.000000 0.000000 0.000000
    200 0.000000 0.000000 0.000000 0.000000 0.000000 0.000000
    201 0.000000 0.000000 0.000000 0.000000 0.000000 0.000000
    202 0.000000 0.000000 0.000000 0.000000 0.000000 0.000000
    203 0.000000 0.000000 0.000000 0.000000 0.000000 0.000000
    204 0.000000 0.000000 0.000000 0.000000 0.000000 0.000000
    205 0.000000 0.000000 0.000000 0.000000 0.000000 0.000000
    206 0.000000 0.000000 0.000000 -0.000044 0.000000 0.000000
    207 0.000000 0.000000 0.000000 0.000000 0.000000 0.000000
    208 0.000000 0.000000 0.000000 0.000000 0.000000 0.000000
    209 0.000000 0.000000 0.000000 0.000000 0.000000 0.000032
    210 0.000000 0.000000 0.000000 0.000000 0.000028 0.000000
    211 0.000000 0.000000 0.000000 0.000000 0.000000 0.000000
    212 0.000000 0.000000 0.000000 0.000000 0.000000 0.000000
    213 0.000000 0.000000 0.000000 0.000000 0.000000 0.000000
    214 0.000000 0.000000 0.000000 0.000000 0.000000 0.000000
    215 0.000000 0.000000 0.000000 0.000000 0.000000 0.000000
    216 0.000000 0.000000 0.000000 0.000000 0.000000 0.000000
    217 0.000000 0.000000 0.000000 0.000000 0.000000 0.000000
    218 0.000000 0.000000 0.000000 0.000000 0.000000 0.000000
    219 0.000000 0.000000 0.000000 0.000000 0.000000 0.000000
    220 0.000000 0.000000 0.000000 0.000000 0.000000 0.000000
    221 0.000000 0.000000 0.000000 0.000000 0.000000 0.000000
    222 0.000000 0.000000 0.000000 0.000000 0.000000 0.000000
    223 0.000000 0.000000 0.000000 0.000000 0.000000 0.000000
    224 0.000000 0.000000 0.000000 0.000000 0.000000 0.000000
    225 0.000000 0.000000 0.000000 0.000000 0.000000 0.000000
    226 0.000000 0.000000 0.000000 0.000000 0.000000 0.000000
    227 -1.265664 6.031434 -4.304819 -0.363054 0.415807 0.382090
    228 0.000000 0.000000 0.000000 0.000000 0.000000 0.000000
    229 0.000000 0.000000 0.000000 0.000000 0.000000 0.000000
    230 0.000000 0.000000 0.000000 -0.001414 0.000000 0.000000
    231 0.000000 0.000000 0.000000 0.000000 0.000000 0.000000
    232 0.000000 0.000000 0.000000 0.000000 0.000000 0.000000
    233 0.000000 0.000000 0.000000 0.000000 0.000000 0.000000
    234 6.269723 2.300851 -5.488449 -0.363003 0.415846 -1.188698
    235 0.000000 0.000000 0.000000 0.000000 0.000000 0.000000
    236 0.000000 0.000000 0.000000 0.000000 0.000000 0.000000
    237 0.000000 0.000000 0.000000 0.000000 0.000000 0.000000
    238 0.000000 0.000000 0.000000 0.000000 0.000000 0.000000
    239 0.000000 0.000000 0.000000 0.000000 0.000000 0.000000
    240 0.000000 0.000000 0.000000 0.000000 0.000000 0.000000
    241 0.000000 0.000000 0.000000 0.000000 0.000000 0.000000
    242 0.000000 0.000000 0.000000 0.000000 0.000000 0.000000
    243 0.000000 0.000000 0.000000 0.000000 0.000000 0.000000
    244 0.000000 0.000000 0.000000 0.000000 0.000000 0.000000
    245 0.000000 0.000000 0.000000 0.000000 0.000000 0.000000
    246 0.000000 0.000000 0.000000 0.000000 0.000000 -1.570796
  time 14
    0 0.000000 0.000000 0.000000 0.000000 0.000000 -1.570796
    1 0.000000 0.000000 0.000000 0.000000 0.000000 0.000000
    2 0.000000 0.000000 0.000000 0.000000 0.000000 0.000000
    3 0.000000 0.000000 0.000000 0.000000 0.000000 0.000000
    4 0.000000 0.000000 0.000000 0.000000 0.000000 0.000000
    5 0.000000 0.000000 0.000000 0.000000 0.000000 0.000000
    6 0.000000 0.000000 0.000000 0.000000 0.000000 0.000000
    7 0.000000 0.000000 0.000000 0.000000 0.000000 0.000000
    8 -4.859523 -1.382855 1.988342 0.020319 0.530775 -0.473224
    9 0.000000 0.000000 0.000000 0.238789 -0.074546 0.331611
    10 0.000000 0.000000 0.000000 0.000000 0.000000 0.000000
    11 0.000000 0.000000 0.000000 0.000000 0.000000 0.000000
    12 0.000000 0.000000 0.000000 0.000000 0.000000 0.000000
    13 0.000000 0.000000 0.000000 -0.294948 0.000000 0.000000
    14 0.000000 0.000000 0.000000 0.000000 0.000000 -0.087377
    15 0.000000 0.000000 0.000000 0.000000 0.000000 0.000000
    16 0.000000 0.000000 0.000000 0.000000 0.000000 0.000000
    17 0.000000 0.000000 0.000000 0.000036 0.000036 0.000000
    18 0.000000 0.000000 0.000000 0.000000 0.000000 0.000000
    19 0.000000 0.000000 0.000000 -0.711355 -0.000048 0.000012
    20 0.093753 0.023438 0.000000 0.000000 0.000000 0.043765
    21 0.000000 0.000000 0.000000 -0.859417 -0.563528 0.318560
    22 0.000000 0.000000 0.000000 0.000000 0.000000 0.000000
    23 0.000000 0.000000 0.000000 0.000000 0.000000 -0.000036
    24 0.000000 0.000000 0.000000 0.000000 0.000000 -0.000029
    25 0.000000 0.000000 0.000000 0.000000 0.000000 0.000000
    26 0.000000 0.000000 0.000000 0.000000 0.000000 0.000000
    27 0.000000 0.000000 0.000000 0.000000 0.000036 -0.000036
    28 0.000000 0.000000 0.000000 0.000000 0.000036 -0.000036
    29 0.000000 0.000000 0.000000 0.000000 0.000036 0.000000
    30 0.000000 0.000000 0.000000 0.000000 0.000036 -0.000036
    31 0.000000 0.000000 0.000000 0.000030 -0.000023 0.000000
    32 0.000000 0.000000 0.000000 0.000000 0.000000 0.000000
    33 0.000000 0.000000 0.000000 0.000000 0.000000 -0.000036
    34 0.000000 0.000000 0.000000 0.000000 0.000000 0.000000
    35 0.000000 0.000000 0.000000 0.000000 0.000000 -0.000036
    36 0.000000 0.000000 0.000000 0.000000 -0.000036 -0.000036
    37 0.000000 0.000000 0.000000 0.000000 0.000000 0.000000
    38 0.000000 0.000000 0.000000 0.000000 0.000000 0.000000
    39 0.000000 0.000000 0.000000 -0.000019 0.000028 0.000000
    40 0.000000 0.000000 0.000000 0.000000 0.000000 0.000000
    41 0.000000 0.000000 0.000000 0.000000 -0.000024 0.000000
    42 0.000000 0.000000 0.000000 0.000000 0.000000 0.000000
    43 0.000000 0.000000 0.000000 0.000022 0.000000 0.000000
    44 0.000000 0.000000 0.000000 0.000000 0.000000 0.000000
    45 0.000000 0.000000 0.000000 0.000000 0.000000 0.000000
    46 0.000000 0.000000 0.000000 0.000000 0.000000 0.000000
    47 0.000000 0.000000 0.000000 0.000036 0.000000 0.000036
    48 0.000000 0.000000 0.000000 0.000033 0.000036 0.000032
    49 0.000000 0.000000 0.000000 0.000000 0.000036 0.000000
    50 0.000000 0.000000 0.000000 0.000000 0.000000 0.000000
    51 0.000000 0.000000 0.000000 0.000028 0.000000 0.000033
    52 0.000000 0.000000 0.000000 0.000000 0.000000 0.000000
    53 0.000000 0.000000 0.000000 0.000000 0.000000 0.000000
    54 0.000000 0.000000 0.000000 0.000000 0.000000 0.000000
    55 0.000000 0.000000 0.000000 0.000000 0.000000 0.000000
    56 0.000000 0.000000 0.000000 0.000000 0.000000 0.000000
    57 0.000000 0.000000 0.000000 0.000000 0.000000 0.000000
    58 0.000000 0.000000 0.000000 0.000000 0.000000 0.000000
    59 0.000000 0.000000 0.000000 0.000000 -0.000036 0.000000
    60 0.000000 0.000000 0.000000 0.000000 0.000000 0.000000
    61 0.000000 0.000000 0.000000 0.000000 0.000000 0.000000
    62 0.000000 0.000000 0.000000 -0.000036 0.000000 -0.000033
    63 0.000000 0.000000 0.000000 0.000000 0.000000 0.000000
    64 0.000000 0.000000 0.000000 0.000000 0.000000 0.000000
    65 0.000000 0.000000 0.000000 0.000000 0.000000 0.000000
    66 0.000000 0.000000 0.000000 0.000000 0.000000 0.000000
    67 0.000000 0.000000 0.000000 0.000000 0.000000 0.000000
    68 0.000000 0.000000 0.000000 0.000000 0.000000 0.000000
    69 0.000000 0.000000 0.000000 0.000000 0.000000 0.000000
    70 0.000000 0.000000 0.000000 0.000000 0.000000 0.000000
    71 0.000000 0.000000 0.000000 0.000000 0.000000 0.000000
    72 0.000000 0.000000 0.000000 0.000000 0.000000 0.000000
    73 0.000000 0.000000 0.000000 0.000000 0.000000 0.000000
    74 0.000000 0.000000 0.000000 0.000000 0.000000 0.000000
    75 0.000000 0.000000 0.000000 0.000000 0.000000 0.000000
    76 0.000000 0.000000 0.000000 0.000000 0.000000 0.000000
    77 0.000000 0.000000 0.000000 0.000000 -0.000036 0.000000
    78 0.000000 0.000000 0.000000 0.000000 0.000000 0.000000
    79 0.000000 0.000000 0.000000 0.000000 0.000000 0.000000
    80 0.000000 0.000000 0.000000 0.000036 0.000000 0.000000
    81 0.000000 0.000000 0.000000 0.000000 0.000000 0.000000
    82 0.000000 0.000000 0.000000 0.000000 0.000000 0.000000
    83 0.000000 0.000000 0.000000 0.000000 0.000000 0.000000
    84 0.000000 0.000000 0.000000 0.000000 0.000000 0.000000
    85 0.000000 0.000000 0.000000 -0.000036 0.000000 0.000000
    86 0.000000 0.000000 0.000000 0.000000 0.000000 0.000000
    87 0.000000 0.000000 0.000000 0.000000 0.000000 0.000000
    88 0.000000 0.000000 0.000000 0.000000 0.000000 0.000000
    89 0.000000 0.000000 0.000000 0.000036 0.000000 0.000000
    90 0.000000 0.000000 0.000000 0.000000 0.000000 0.000000
    91 0.000000 0.000000 0.000000 0.000000 0.000036 0.000000
    92 0.000000 0.000000 0.000000 0.000000 0.000000 0.000000
    93 0.000000 0.000000 0.000000 0.000000 0.000000 0.000000
    94 0.000000 0.000000 0.000000 0.000036 0.000000 -0.000029
    95 0.000000 0.000000 0.000000 0.000000 0.000000 0.000000
    96 0.000000 0.000000 0.000000 0.000036 0.000000 0.000000
    97 0.000000 0.000000 0.000000 0.000000 0.000000 0.000000
    98 0.000000 0.000000 0.000000 0.000000 0.000036 0.000000
    99 0.000000 0.000000 0.000000 0.000000 0.000000 0.000000
    100 0.000000 0.000000 0.000000 0.000000 0.000000 0.000000
    101 0.000000 0.000000 0.000000 0.000000 0.000000 0.000000
    102 0.000000 0.000000 0.000000 0.000000 0.000000 0.000000
    103 0.000000 0.000000 0.000000 0.000000 0.000000 0.000000
    104 0.000000 0.000000 0.000000 0.000000 0.000000 0.000000
    105 0.000000 0.000000 0.000000 0.000000 0.000000 0.000000
    106 0.000000 0.000000 0.000000 0.000000 0.000000 0.000000
    107 0.000000 0.000000 0.000000 0.000000 0.000000 0.000000
    108 0.000000 0.000000 0.000000 0.000000 0.000000 0.000000
    109 0.000000 0.000000 0.000000 0.000000 0.000000 0.000000
    110 0.000000 0.000000 0.000000 0.000000 0.000000 0.000000
    111 0.000000 0.000000 0.000000 0.000000 0.000000 -1.570796
    112 2.640706 -0.386731 -0.074221 -0.371792 0.417598 -1.195790
    113 0.000000 0.000000 0.000000 0.000000 0.000000 0.000000
    114 0.000000 0.000000 0.000000 0.000000 0.000000 -1.570796
    115 0.000000 0.000000 0.000000 0.000000 0.000000 0.000000
    116 0.000000 0.000000 0.000000 0.000000 0.000000 0.000000
    117 0.000000 0.000000 0.000000 0.000000 0.000000 0.000000
    118 0.000000 0.000000 0.000000 0.000000 0.000000 0.000000
    119 0.000000 0.000000 0.000000 0.000000 0.000000 0.000000
    120 0.000000 0.000000 0.000000 0.000000 0.000000 0.000000
    121 0.000000 0.000000 0.000000 0.000000 0.000000 0.000000
    122 0.000000 0.000000 0.000000 0.000000 0.000000 0.000000
    123 0.000000 0.000000 0.000000 0.000000 0.000000 0.000000
    124 0.000000 0.000000 0.000000 0.000000 0.000000 0.000000
    125 0.000000 0.000000 0.000000 0.000000 0.000000 0.000000
    126 0.000000 0.000000 0.000000 0.000000 0.000000 0.000000
    127 0.000000 0.000000 0.000000 0.000000 0.000000 0.000000
    128 0.000000 0.000000 0.000000 0.000000 0.000000 0.000000
    129 0.000000 0.000000 0.000000 0.000000 0.000000 0.000000
    130 0.000000 0.000000 0.000000 0.000000 0.000000 0.000000
    131 0.000000 0.000000 0.000000 0.000000 0.000000 0.000000
    132 0.000000 0.000000 0.000000 0.000000 0.000000 0.000000
    133 0.000000 0.000000 0.000000 0.000000 0.000000 0.000000
    134 0.000000 0.000000 0.000000 0.000000 0.000000 0.000000
    135 0.000000 0.000000 0.000000 0.000000 0.000000 0.000000
    136 0.000000 0.000000 0.000000 0.000000 0.000000 0.000000
    137 0.000000 0.000000 0.000000 0.000000 0.000000 0.000000
    138 0.000000 0.000000 0.000000 0.000000 0.000000 0.000000
    139 0.000000 0.000000 0.000000 0.000000 0.000000 0.000000
    140 0.000000 0.000000 0.000000 0.000000 0.000000 0.000000
    141 0.000000 0.000000 0.000000 0.000000 0.000000 0.000000
    142 0.000000 0.000000 0.000000 0.000000 0.000000 0.000000
    143 0.000000 0.000000 0.000000 0.000000 0.000000 0.000000
    144 0.000000 0.000000 0.000000 0.000000 0.000000 0.000000
    145 0.000000 0.000000 0.000000 0.000000 0.000000 0.000000
    146 0.000000 0.000000 0.000000 0.000000 0.000000 0.000000
    147 0.000000 0.000000 0.000000 0.000000 0.000000 0.000000
    148 0.000000 0.000000 0.000000 0.000000 0.000000 0.000000
    149 0.000000 0.000000 0.000000 0.000000 0.000000 0.000000
    150 0.000000 0.000000 0.000000 0.000000 0.000000 0.000000
    151 0.000000 0.000000 0.000000 0.000000 0.000000 0.000000
    152 0.000000 0.000000 0.000000 0.000000 0.000000 0.000000
    153 0.000000 0.000000 0.000000 0.000000 0.000000 0.000000
    154 0.000000 0.000000 0.000000 0.000000 0.000000 0.000000
    155 0.000000 0.000000 0.000000 0.000000 0.000000 0.000000
    156 0.000000 0.000000 0.000000 0.000000 0.000000 0.000000
    157 0.000000 0.000000 0.000000 0.000000 0.000000 0.000000
    158 0.000000 0.000000 0.000000 0.000000 0.000000 0.000000
    159 0.000000 0.000000 0.000000 0.000000 0.000000 0.000000
    160 0.000000 0.000000 0.000000 0.000000 0.000000 0.000000
    161 0.000000 0.000000 0.000000 0.000000 0.000000 0.000000
    162 0.000000 0.000000 0.000000 0.000000 0.000000 0.000000
    163 0.000000 0.000000 0.000000 0.000000 0.000000 0.000000
    164 0.000000 0.000000 0.000000 0.000000 0.000000 0.000000
    165 0.000000 0.000000 0.000000 0.000000 0.000000 0.000000
    166 0.000000 0.000000 0.000000 0.000000 0.000000 0.000000
    167 0.000000 0.000000 0.000000 0.000000 0.000000 0.000000
    168 0.000000 0.000000 0.000000 0.000000 0.000000 0.000000
    169 0.000000 0.000000 0.000000 0.000000 0.000000 0.000000
    170 0.000000 0.000000 0.000000 0.000000 0.000000 0.000000
    171 0.000000 0.000000 0.000000 0.000000 0.000000 0.000000
    172 0.000000 0.000000 0.000000 0.000000 0.000000 0.000000
    173 0.000000 0.000000 0.000000 0.000000 0.000000 0.000000
    174 0.000000 0.000000 0.000000 0.000000 0.000000 0.000000
    175 0.000000 0.000000 0.000000 0.000000 0.000000 0.000000
    176 0.000000 0.000000 0.000000 0.000000 0.000000 0.000000
    177 0.000000 0.000000 0.000000 0.000000 0.000000 0.000000
    178 0.000000 0.000000 0.000000 0.000000 0.000000 0.000000
    179 0.000000 0.000000 0.000000 0.000000 0.000000 0.000000
    180 0.000000 0.000000 0.000000 0.000000 0.000000 0.000000
    181 0.000000 0.000000 0.000000 0.000000 0.000000 0.000000
    182 0.000000 0.000000 0.000000 0.000000 0.000000 0.000000
    183 0.000000 0.000000 0.000000 0.000000 0.000000 0.000000
    184 0.000000 0.000000 0.000000 0.000000 0.000000 0.000000
    185 0.000000 0.000000 0.000000 0.000000 0.000000 0.000000
    186 0.000000 0.000000 0.000000 0.000000 0.000000 0.000000
    187 0.000000 0.000000 0.000000 0.000000 0.000000 0.000000
    188 0.000000 0.000000 0.000000 0.000000 0.000000 0.000000
    189 0.000000 0.000000 0.000000 0.000000 0.000000 0.000000
    190 0.000000 0.000000 0.000000 0.000000 0.000000 0.000000
    191 0.000000 0.000000 0.000000 -0.355692 0.000000 0.000000
    192 0.000000 0.000000 0.000000 0.000000 0.000000 0.000000
    193 0.000000 0.000000 0.000000 0.000000 0.000000 0.000000
    194 0.000000 0.000000 0.000000 -0.000027 -0.000036 0.000032
    195 0.000000 0.000000 0.000000 0.000000 0.000000 0.000000
    196 0.000000 0.000000 0.000000 0.000000 0.000000 0.000000
    197 0.000000 0.000000 0.000000 0.000000 0.000000 0.000000
    198 0.000000 0.000000 0.000000 0.000000 0.000000 0.000000
    199 0.000000 0.000000 0.000000 0.000000 0.000000 0.000000
    200 0.000000 0.000000 0.000000 0.000000 0.000000 0.000000
    201 0.000000 0.000000 0.000000 0.000000 0.000000 0.000000
    202 0.000000 0.000000 0.000000 0.000000 0.000000 0.000000
    203 0.000000 0.000000 0.000000 0.000000 0.000000 0.000000
    204 0.000000 0.000000 0.000000 0.000000 0.000000 0.000000
    205 0.000000 0.000000 0.000000 0.000000 0.000000 0.000000
    206 0.000000 0.000000 0.000000 -0.000044 0.000000 0.000000
    207 0.000000 0.000000 0.000000 0.000000 0.000000 0.000000
    208 0.000000 0.000000 0.000000 0.000000 0.000000 0.000000
    209 0.000000 0.000000 0.000000 0.000000 0.000000 0.000032
    210 0.000000 0.000000 0.000000 0.000000 0.000028 0.000000
    211 0.000000 0.000000 0.000000 0.000000 0.000000 0.000000
    212 0.000000 0.000000 0.000000 0.000000 0.000000 0.000000
    213 0.000000 0.000000 0.000000 0.000000 0.000000 0.000000
    214 0.000000 0.000000 0.000000 0.000000 0.000000 0.000000
    215 0.000000 0.000000 0.000000 0.000000 0.000000 0.000000
    216 0.000000 0.000000 0.000000 0.000000 0.000000 0.000000
    217 0.000000 0.000000 0.000000 0.000000 0.000000 0.000000
    218 0.000000 0.000000 0.000000 0.000000 0.000000 0.000000
    219 0.000000 0.000000 0.000000 0.000000 0.000000 0.000000
    220 0.000000 0.000000 0.000000 0.000000 0.000000 0.000000
    221 0.000000 0.000000 0.000000 0.000000 0.000000 0.000000
    222 0.000000 0.000000 0.000000 0.000000 0.000000 0.000000
    223 0.000000 0.000000 0.000000 0.000000 0.000000 0.000000
    224 0.000000 0.000000 0.000000 0.000000 0.000000 0.000000
    225 0.000000 0.000000 0.000000 0.000000 0.000000 0.000000
    226 0.000000 0.000000 0.000000 0.000000 0.000000 0.000000
    227 -1.250038 5.933775 -4.234504 -0.371792 0.417539 0.375004
    228 0.000000 0.000000 0.000000 0.000000 0.000000 0.000000
    229 0.000000 0.000000 0.000000 0.000000 0.000000 0.000000
    230 0.000000 0.000000 0.000000 -0.001426 0.000000 0.000000
    231 0.000000 0.000000 0.000000 0.000000 0.000000 0.000000
    232 0.000000 0.000000 0.000000 0.000000 0.000000 0.000000
    233 0.000000 0.000000 0.000000 0.000000 0.000000 0.000000
    234 6.136906 2.277413 -5.414228 -0.371740 0.417572 -1.195786
    235 0.000000 0.000000 0.000000 0.000000 0.000000 0.000000
    236 0.000000 0.000000 0.000000 0.000000 0.000000 0.000000
    237 0.000000 0.000000 0.000000 0.000000 0.000000 0.000000
    238 0.000000 0.000000 0.000000 0.000000 0.000000 0.000000
    239 0.000000 0.000000 0.000000 0.000000 0.000000 0.000000
    240 0.000000 0.000000 0.000000 0.000000 0.000000 0.000000
    241 0.000000 0.000000 0.000000 0.000000 0.000000 0.000000
    242 0.000000 0.000000 0.000000 0.000000 0.000000 0.000000
    243 0.000000 0.000000 0.000000 0.000000 0.000000 0.000000
    244 0.000000 0.000000 0.000000 0.000000 0.000000 0.000000
    245 0.000000 0.000000 0.000000 0.000000 0.000000 0.000000
    246 0.000000 0.000000 0.000000 0.000000 0.000000 -1.570796
  time 15
    0 0.000000 0.000000 0.000000 0.000000 0.000000 -1.570796
    1 0.000000 0.000000 0.000000 0.000000 0.000000 0.000000
    2 0.000000 0.000000 0.000000 0.000000 0.000000 0.000000
    3 0.000000 0.000000 0.000000 0.000000 0.000000 0.000000
    4 0.000000 0.000000 0.000000 0.000000 0.000000 0.000000
    5 0.000000 0.000000 0.000000 0.000000 0.000000 0.000000
    6 0.000000 0.000000 0.000000 0.000000 0.000000 0.000000
    7 0.000000 0.000000 0.000000 0.000000 0.000000 0.000000
    8 -4.769677 -1.316446 2.132878 0.027123 0.554172 -0.460199
    9 0.000000 0.000000 0.000000 0.257334 -0.074423 0.309922
    10 0.000000 0.000000 0.000000 0.000000 0.000000 0.000000
    11 0.000000 0.000000 0.000000 0.000000 0.000000 0.000000
    12 0.000000 0.000000 0.000000 0.000000 0.000000 0.000000
    13 0.000000 0.000000 0.000000 -0.303001 0.000000 0.000024
    14 0.000000 0.000000 0.000000 -0.000060 0.000048 -0.071113
    15 0.000000 0.000000 0.000000 0.000000 0.000000 0.000000
    16 0.000000 0.000000 0.000000 0.000000 0.000000 0.000000
    17 0.000000 0.000000 0.000000 0.000036 0.000036 0.000000
    18 0.000000 0.000000 0.000000 0.000000 0.000000 0.000000
    19 0.000000 0.000000 0.000000 -0.727026 -0.000060 0.000000
    20 0.062502 0.015625 0.000000 0.000000 -0.000060 0.035576
    21 0.000000 0.000000 0.000000 -0.893944 -0.565160 0.328595
    22 0.000000 0.000000 0.000000 0.000000 0.000000 0.000000
    23 0.000000 0.000000 0.000000 0.000000 0.000000 -0.000036
    24 0.000000 0.000000 0.000000 0.000000 0.000000 -0.000029
    25 0.000000 0.000000 0.000000 0.000000 0.000000 0.000000
    26 0.000000 0.000000 0.000000 0.000000 0.000000 0.000000
    27 0.000000 0.000000 0.000000 0.000000 0.000036 -0.000036
    28 0.000000 0.000000 0.000000 0.000000 0.000036 -0.000036
    29 0.000000 0.000000 0.000000 0.000000 0.000036 0.000000
    30 0.000000 0.000000 0.000000 0.000000 0.000036 -0.000036
    31 0.000000 0.000000 0.000000 0.000030 -0.000023 0.000000
    32 0.000000 0.000000 0.000000 0.000000 0.000000 0.000000
    33 0.000000 0.000000 0.000000 0.000000 0.000000 -0.000036
    34 0.000000 0.000000 0.000000 0.000000 0.000000 0.000000
    35 0.000000 0.000000 0.000000 0.000000 0.000000 -0.000036
    36 0.000000 0.000000 0.000000 0.000000 -0.000036 -0.000036
    37 0.000000 0.000000 0.000000 0.000000 0.000000 0.000000
    38 0.000000 0.000000 0.000000 0.000000 0.000000 0.000000
    39 0.000000 0.000000 0.000000 -0.000039 0.000028 0.000000
    40 0.000000 0.000000 0.000000 0.000000 0.000000 0.000000
    41 0.000000 0.000000 0.000000 0.000000 -0.000024 0.000000
    42 0.000000 0.000000 0.000000 0.000000 0.000000 0.000000
    43 0.000000 0.000000 0.000000 0.000022 0.000000 0.000000
    44 0.000000 0.000000 0.000000 0.000000 0.000000 0.000000
    45 0.000000 0.000000 0.000000 0.000000 0.000000 0.000000
    46 0.000000 0.000000 0.000000 0.000000 0.000000 0.000000
    47 0.000000 0.000000 0.000000 0.000036 0.000000 0.000036
    48 0.000000 0.000000 0.000000 0.000033 0.000036 0.000032
    49 0.000000 0.000000 0.000000 0.000000 0.000036 0.000000
    50 0.000000 0.000000 0.000000 0.000000 0.000000 0.000000
    51 0.000000 0.000000 0.000000 0.000028 0.000000 0.000033
    52 0.000000 0.000000 0.000000 0.000000 0.000000 0.000000
    53 0.000000 0.000000 0.000000 0.000000 0.000000 0.000000
    54 0.000000 0.000000 0.000000 0.000000 0.000000 0.000000
    55 0.000000 0.000000 0.000000 0.000000 0.000000 0.000000
    56 0.000000 0.000000 0.000000 0.000000 0.000000 0.000000
    57 0.000000 0.000000 0.000000 0.000000 0.000000 0.000000
    58 0.000000 0.000000 0.000000 0.000000 0.000000 0.000000
    59 0.000000 0.000000 0.000000 0.000000 -0.000036 0.000000
    60 0.000000 0.000000 0.000000 0.000000 0.000000 0.000000
    61 0.000000 0.000000 0.000000 0.000000 0.000000 0.000000
    62 0.000000 0.000000 0.000000 -0.000036 0.000000 -0.000033
    63 0.000000 0.000000 0.000000 0.000000 0.000000 0.000000
    64 0.000000 0.000000 0.000000 0.000000 0.000000 0.000000
    65 0.000000 0.000000 0.000000 0.000000 0.000000 0.000000
    66 0.000000 0.000000 0.000000 0.000000 0.000000 0.000000
    67 0.000000 0.000000 0.000000 0.000000 0.000000 0.000000
    68 0.000000 0.000000 0.000000 0.000000 0.000000 0.000040
    69 0.000000 0.000000 0.000000 0.000000 0.000000 0.000000
    70 0.000000 0.000000 0.000000 0.000000 0.000000 0.000000
    71 0.000000 0.000000 0.000000 0.000000 0.000000 0.000000
    72 0.000000 0.000000 0.000000 0.000000 0.000000 0.000000
    73 0.000000 0.000000 0.000000 0.000000 0.000000 0.000000
    74 0.000000 0.000000 0.000000 0.000000 0.000000 0.000000
    75 0.000000 0.000000 0.000000 0.000000 0.000000 0.000000
    76 0.000000 0.000000 0.000000 0.000000 0.000000 0.000000
    77 0.000000 0.000000 0.000000 0.000000 -0.000036 0.000000
    78 0.000000 0.000000 0.000000 0.000000 0.000000 0.000000
    79 0.000000 0.000000 0.000000 0.000000 0.000000 0.000000
    80 0.000000 0.000000 0.000000 0.000036 0.000000 0.000000
    81 0.000000 0.000000 0.000000 0.000000 0.000000 0.000000
    82 0.000000 0.000000 0.000000 0.000000 0.000000 0.000000
    83 0.000000 0.000000 0.000000 0.000000 0.000000 0.000000
    84 0.000000 0.000000 0.000000 0.000000 0.000000 0.000000
    85 0.000000 0.000000 0.000000 -0.000036 0.000000 0.000000
    86 0.000000 0.000000 0.000000 0.000000 0.000000 0.000000
    87 0.000000 0.000000 0.000000 0.000000 0.000000 0.000000
    88 0.000000 0.000000 0.000000 0.000000 0.000000 0.000000
    89 0.000000 0.000000 0.000000 0.000036 0.000000 0.000000
    90 0.000000 0.000000 0.000000 0.000000 0.000000 0.000000
    91 0.000000 0.000000 0.000000 0.000000 0.000036 0.000000
    92 0.000000 0.000000 0.000000 0.000000 0.000000 0.000000
    93 0.000000 0.000000 0.000000 0.000000 0.000000 0.000000
    94 0.000000 0.000000 0.000000 0.000036 0.000000 -0.000029
    95 0.000000 0.000000 0.000000 0.000000 0.000000 0.000000
    96 0.000000 0.000000 0.000000 0.000036 0.000000 0.000000
    97 0.000000 0.000000 0.000000 0.000000 0.000000 0.000000
    98 0.000000 0.000000 0.000000 0.000000 0.000036 0.000000
    99 0.000000 0.000000 0.000000 0.000000 0.000000 0.000000
    100 0.000000 0.000000 0.000000 0.000000 0.000000 0.000000
    101 0.000000 0.000000 0.000000 0.000000 0.000000 0.000000
    102 0.000000 0.000000 0.000000 0.000000 0.000000 0.000000
    103 0.000000 0.000000 0.000000 0.000000 0.000000 0.000000
    104 0.000000 0.000000 0.000000 0.000000 0.000000 0.000000
    105 0.000000 0.000000 0.000000 0.000000 0.000000 0.000000
    106 0.000000 0.000000 0.000000 0.000000 0.000000 0.000000
    107 0.000000 0.000000 0.000000 0.000000 0.000000 0.000000
    108 0.000000 0.000000 0.000000 0.000000 0.000000 0.000000
    109 0.000000 0.000000 0.000000 0.000000 0.000000 0.000000
    110 0.000000 0.000000 0.000000 0.000000 0.000000 0.000000
    111 0.000000 0.000000 0.000000 0.000000 0.000000 -1.570796
    112 2.574297 -0.394543 -0.062502 -0.399490 0.421197 -1.210988
    113 0.000000 0.000000 0.000000 0.000000 0.000000 0.000000
    114 0.000000 0.000000 0.000000 0.000000 0.000000 -1.570796
    115 0.000000 0.000000 0.000000 0.000000 0.000000 0.000000
    116 0.000000 0.000000 0.000000 0.000000 0.000000 0.000000
    117 0.000000 0.000000 0.000000 0.000000 0.000000 0.000000
    118 0.000000 0.000000 0.000000 0.000000 0.000000 0.000000
    119 0.000000 0.000000 0.000000 0.000000 0.000000 0.000000
    120 0.000000 0.000000 0.000000 0.000000 0.000000 0.000000
    121 0.000000 0.000000 0.000000 0.000000 0.000000 0.000000
    122 0.000000 0.000000 0.000000 0.000000 0.000000 0.000000
    123 0.000000 0.000000 0.000000 0.000000 0.000000 0.000000
    124 0.000000 0.000000 0.000000 0.000000 0.000000 0.000000
    125 0.000000 0.000000 0.000000 0.000000 0.000000 0.000000
    126 0.000000 0.000000 0.000000 0.000000 0.000000 0.000000
    127 0.000000 0.000000 0.000000 0.000000 0.000000 0.000000
    128 0.000000 0.000000 0.000000 0.000000 0.000000 0.000000
    129 0.000000 0.000000 0.000000 0.000000 0.000000 0.000000
    130 0.000000 0.000000 0.000000 0.000000 0.000000 0.000000
    131 0.000000 0.000000 0.000000 0.000000 0.000000 0.000000
    132 0.000000 0.000000 0.000000 0.000000 0.000000 0.000000
    133 0.000000 0.000000 0.000000 0.000000 0.000000 0.000000
    134 0.000000 0.000000 0.000000 0.000000 0.000000 0.000000
    135 0.000000 0.000000 0.000000 0.000000 0.000000 0.000000
    136 0.000000 0.000000 0.000000 0.000000 0.000000 0.000000
    137 0.000000 0.000000 0.000000 0.000000 0.000000 0.000000
    138 0.000000 0.000000 0.000000 0.000000 0.000000 0.000000
    139 0.000000 0.000000 0.000000 0.000000 0.000000 0.000000
    140 0.000000 0.000000 0.000000 0.000000 0.000000 0.000000
    141 0.000000 0.000000 0.000000 0.000000 0.000000 0.000000
    142 0.000000 0.000000 0.000000 0.000000 0.000000 0.000000
    143 0.000000 0.000000 0.000000 0.000000 0.000000 0.000000
    144 0.000000 0.000000 0.000000 0.000000 0.000000 0.000000
    145 0.000000 0.000000 0.000000 0.000000 0.000000 0.000000
    146 0.000000 0.000000 0.000000 0.000000 0.000000 0.000000
    147 0.000000 0.000000 0.000000 0.000000 0.000000 0.000000
    148 0.000000 0.000000 0.000000 0.000000 0.000000 0.000000
    149 0.000000 0.000000 0.000000 0.000000 0.000000 0.000000
    150 0.000000 0.000000 0.000000 0.000000 0.000000 0.000000
    151 0.000000 0.000000 0.000000 0.000000 0.000000 0.000000
    152 0.000000 0.000000 0.000000 0.000000 0.000000 0.000000
    153 0.000000 0.000000 0.000000 0.000000 0.000000 0.000000
    154 0.000000 0.000000 0.000000 0.000000 0.000000 0.000000
    155 0.000000 0.000000 0.000000 0.000000 0.000000 0.000000
    156 0.000000 0.000000 0.000000 0.000000 0.000000 0.000000
    157 0.000000 0.000000 0.000000 0.000000 0.000000 0.000000
    158 0.000000 0.000000 0.000000 0.000000 0.000000 0.000000
    159 0.000000 0.000000 0.000000 0.000000 0.000000 0.000000
    160 0.000000 0.000000 0.000000 0.000000 0.000000 0.000000
    161 0.000000 0.000000 0.000000 0.000000 0.000000 0.000000
    162 0.000000 0.000000 0.000000 0.000000 0.000000 0.000000
    163 0.000000 0.000000 0.000000 0.000000 0.000000 0.000000
    164 0.000000 0.000000 0.000000 0.000000 0.000000 0.000000
    165 0.000000 0.000000 0.000000 0.000000 0.000000 0.000000
    166 0.000000 0.000000 0.000000 0.000000 0.000000 0.000000
    167 0.000000 0.000000 0.000000 0.000000 0.000000 0.000000
    168 0.000000 0.000000 0.000000 0.000000 0.000000 0.000000
    169 0.000000 0.000000 0.000000 0.000000 0.000000 0.000000
    170 0.000000 0.000000 0.000000 0.000000 0.000000 0.000000
    171 0.000000 0.000000 0.000000 0.000000 0.000000 0.000000
    172 0.000000 0.000000 0.000000 0.000000 0.000000 0.000000
    173 0.000000 0.000000 0.000000 0.000000 0.000000 0.000000
    174 0.000000 0.000000 0.000000 0.000000 0.000000 0.000000
    175 0.000000 0.000000 0.000000 0.000000 0.000000 0.000000
    176 0.000000 0.000000 0.000000 0.000000 0.000000 0.000000
    177 0.000000 0.000000 0.000000 0.000000 0.000000 0.000000
    178 0.000000 0.000000 0.000000 0.000000 0.000000 0.000000
    179 0.000000 0.000000 0.000000 0.000000 0.000000 0.000000
    180 0.000000 0.000000 0.000000 0.000000 0.000000 0.000000
    181 0.000000 0.000000 0.000000 0.000000 0.000000 0.000000
    182 0.000000 0.000000 0.000000 0.000000 0.000000 0.000000
    183 0.000000 0.000000 0.000000 0.000000 0.000000 0.000000
    184 0.000000 0.000000 0.000000 0.000000 0.000000 0.000000
    185 0.000000 0.000000 0.000000 0.000000 0.000000 0.000000
    186 0.000000 0.000000 0.000000 0.000000 0.000000 0.000000
    187 0.000000 0.000000 0.000000 0.000000 0.000000 0.000000
    188 0.000000 0.000000 0.000000 0.000000 0.000000 0.000000
    189 0.000000 0.000000 0.000000 0.000000 0.000000 0.000000
    190 0.000000 0.000000 0.000000 0.000000 0.000000 0.000000
    191 0.000000 0.000000 0.000000 -0.363555 0.000000 0.000000
    192 0.000000 0.000000 0.000000 0.000000 0.000000 0.000000
    193 0.000000 0.000000 0.000000 0.000000 0.000000 0.000000
    194 0.000000 0.000000 0.000000 -0.000027 -0.000036 0.000032
    195 0.000000 0.000000 0.000000 0.000000 0.000000 0.000000
    196 0.000000 0.000000 0.000000 0.000000 0.000000 0.000000
    197 0.000000 0.000000 0.000000 0.000000 0.000000 0.000000
    198 0.000000 0.000000 0.000000 0.000000 0.000000 0.000000
    199 0.000000 0.000000 0.000000 0.000000 0.000000 0.000000
    200 0.000000 0.000000 0.000000 0.000000 0.000000 0.000000
    201 0.000000 0.000000 0.000000 0.000000 0.000000 0.000000
    202 0.000000 0.000000 0.000000 0.000000 0.000000 0.000000
    203 0.000000 0.000000 0.000000 0.000000 0.000000 0.000000
    204 0.000000 0.000000 0.000000 0.000000 0.000000 0.000000
    205 0.000000 0.000000 0.000000 0.000000 0.000000 0.000000
    206 0.000000 0.000000 0.000000 -0.000044 0.000000 0.000000
    207 0.000000 0.000000 0.000000 0.000000 0.000000 0.000000
    208 0.000000 0.000000 0.000000 0.000000 0.000000 0.000000
    209 0.000000 0.000000 0.000000 0.000000 0.000000 0.000032
    210 0.000000 0.000000 0.000000 0.000000 0.000028 0.000000
    211 0.000000 0.000000 0.000000 0.000000 0.000000 0.000000
    212 0.000000 0.000000 0.000000 0.000000 0.000000 0.000000
    213 0.000000 0.000000 0.000000 0.000000 0.000000 0.000000
    214 0.000000 0.000000 0.000000 0.000000 0.000000 0.000000
    215 0.000000 0.000000 0.000000 0.000000 0.000000 0.000000
    216 0.000000 0.000000 0.000000 0.000000 0.000000 0.000000
    217 0.000000 0.000000 0.000000 0.000000 0.000000 0.000000
    218 0.000000 0.000000 0.000000 0.000000 0.000000 0.000000
    219 0.000000 0.000000 0.000000 0.000000 0.000000 0.000000
    220 0.000000 0.000000 0.000000 0.000000 0.000000 0.000000
    221 0.000000 0.000000 0.000000 0.000000 0.000000 0.000000
    222 0.000000 0.000000 0.000000 0.000000 0.000000 0.000000
    223 0.000000 0.000000 0.000000 0.000000 0.000000 0.000000
    224 0.000000 0.000000 0.000000 0.000000 0.000000 0.000000
    225 0.000000 0.000000 0.000000 0.000000 0.000000 0.000000
    226 0.000000 0.000000 0.000000 0.000000 0.000000 0.000000
    227 -1.199255 5.722831 -4.250130 -0.399578 0.421182 0.359806
    228 0.000000 0.000000 0.000000 0.000000 0.000000 0.000000
    229 0.000000 0.000000 0.000000 0.000000 0.000000 0.000000
    230 0.000000 0.000000 0.000000 -0.001438 0.000000 0.000000
    231 0.000000 0.000000 0.000000 0.000000 0.000000 0.000000
    232 0.000000 0.000000 0.000000 0.000000 0.000000 0.000000
    233 0.000000 0.000000 0.000000 0.000000 0.000000 0.000000
    234 5.832209 2.211005 -5.422040 -0.399522 0.421210 -1.211016
    235 0.000000 0.000000 0.000000 0.000000 0.000000 0.000000
    236 0.000000 0.000000 0.000000 0.000000 0.000000 0.000000
    237 0.000000 0.000000 0.000000 0.000000 0.000000 0.000000
    238 0.000000 0.000000 0.000000 0.000000 0.000000 0.000000
    239 0.000000 0.000000 0.000000 0.000000 0.000000 0.000000
    240 0.000000 0.000000 0.000000 0.000000 0.000000 0.000000
    241 0.000000 0.000000 0.000000 0.000000 0.000000 0.000000
    242 0.000000 0.000000 0.000000 0.000000 0.000000 0.000000
    243 0.000000 0.000000 0.000000 0.000000 0.000000 0.000000
    244 0.000000 0.000000 0.000000 0.000000 0.000000 0.000000
    245 0.000000 0.000000 0.000000 0.000000 0.000000 0.000000
    246 0.000000 0.000000 0.000000 0.000000 0.000000 -1.570796
  time 16
    0 0.000000 0.000000 0.000000 0.000000 0.000000 -1.570796
    1 0.000000 0.000000 0.000000 0.000000 0.000000 0.000000
    2 0.000000 0.000000 0.000000 0.000000 0.000000 0.000000
    3 0.000000 0.000000 0.000000 0.000000 0.000000 0.000000
    4 0.000000 0.000000 0.000000 0.000000 0.000000 0.000000
    5 0.000000 0.000000 0.000000 0.000000 0.000000 0.000000
    6 0.000000 0.000000 0.000000 0.000000 0.000000 0.000000
    7 0.000000 0.000000 0.000000 0.000000 0.000000 0.000000
    8 -4.765770 -1.257851 2.199286 0.048576 0.595297 -0.442768
    9 0.000000 0.000000 0.000000 0.287637 -0.071981 0.273189
    10 0.000000 0.000000 0.000000 0.000000 0.000000 0.000000
    11 0.000000 0.000000 0.000000 0.000000 0.000000 0.000000
    12 0.000000 0.000000 0.000000 0.000000 0.000000 0.000000
    13 0.000000 0.000000 0.000000 -0.311054 0.000000 0.000060
    14 0.000000 0.000000 0.000000 0.000000 0.000060 -0.036746
    15 0.000000 0.000000 0.000000 0.000000 0.000000 0.000000
    16 0.000000 0.000000 0.000000 0.000000 0.000000 0.000000
    17 0.000000 0.000000 0.000000 0.000036 0.000036 0.000000
    18 0.000000 0.000000 0.000000 0.000000 0.000000 0.000000
    19 0.000000 0.000000 0.000000 -0.742697 -0.000072 -0.000024
    20 0.035157 0.007813 0.000000 0.000000 -0.000024 0.017495
    21 0.000000 0.000000 0.000000 -0.959303 -0.579493 0.343122
    22 0.000000 0.000000 0.000000 0.000000 0.000000 0.000000
    23 0.000000 0.000000 0.000000 0.000000 0.000000 -0.000036
    24 0.000000 0.000000 0.000000 0.000000 0.000000 -0.000029
    25 0.000000 0.000000 0.000000 0.000000 0.000000 0.000000
    26 0.000000 0.000000 0.000000 0.000000 0.000000 0.000000
    27 0.000000 0.000000 0.000000 0.000000 0.000036 -0.000036
    28 0.000000 0.000000 0.000000 0.000000 0.000036 -0.000036
    29 0.000000 0.000000 0.000000 0.000000 0.000036 0.000000
    30 0.000000 0.000000 0.000000 0.000000 0.000036 -0.000036
    31 0.000000 0.000000 0.000000 0.000030 -0.000023 0.000000
    32 0.000000 0.000000 0.000000 0.000000 0.000000 0.000000
    33 0.000000 0.000000 0.000000 0.000000 0.000000 -0.000036
    34 0.000000 0.000000 0.000000 0.000000 0.000000 0.000000
    35 0.000000 0.000000 0.000000 0.000000 0.000000 -0.000036
    36 0.000000 0.000000 0.000000 0.000000 -0.000036 -0.000036
    37 0.000000 0.000000 0.000000 0.000000 0.000000 0.000000
    38 0.000000 0.000000 0.000000 0.000000 0.000000 0.000000
    39 0.000000 0.000000 0.000000 -0.000039 0.000042 0.000000
    40 0.000000 0.000000 0.000000 0.000000 0.000000 0.000042
    41 0.000000 0.000000 0.000000 0.000000 -0.000024 0.000000
    42 0.000000 0.000000 0.000000 0.000000 0.000000 0.000000
    43 0.000000 0.000000 0.000000 0.000022 0.000000 0.000000
    44 0.000000 0.000000 0.000000 0.000000 0.000000 0.000000
    45 0.000000 0.000000 0.000000 0.000000 0.000000 0.000000
    46 0.000000 0.000000 0.000000 0.000000 0.000000 0.000000
    47 0.000000 0.000000 0.000000 0.000036 0.000000 0.000036
    48 0.000000 0.000000 0.000000 0.000033 0.000036 0.000032
    49 0.000000 0.000000 0.000000 0.000000 0.000036 0.000000
    50 0.000000 0.000000 0.000000 0.000000 0.000000 0.000000
    51 0.000000 0.000000 0.000000 0.000028 0.000000 0.000033
    52 0.000000 0.000000 0.000000 0.000000 0.000000 0.000000
    53 0.000000 0.000000 0.000000 0.000000 0.000000 0.000000
    54 0.000000 0.000000 0.000000 0.000000 0.000000 0.000000
    55 0.000000 0.000000 0.000000 0.000000 0.000000 0.000000
    56 0.000000 0.000000 0.000000 0.000000 0.000000 0.000000
    57 0.000000 0.000000 0.000000 0.000000 0.000000 0.000000
    58 0.000000 0.000000 0.000000 0.000000 0.000000 0.000000
    59 0.000000 0.000000 0.000000 0.000000 -0.000036 0.000000
    60 0.000000 0.000000 0.000000 0.000000 0.000000 0.000000
    61 0.000000 0.000000 0.000000 0.000000 0.000000 0.000000
    62 0.000000 0.000000 0.000000 -0.000036 0.000000 -0.000033
    63 0.000000 0.000000 0.000000 0.000000 0.000000 0.000000
    64 0.000000 0.000000 0.000000 0.000000 0.000000 0.000000
    65 0.000000 0.000000 0.000000 0.000000 0.000000 0.000000
    66 0.000000 0.000000 0.000000 0.000000 0.000000 0.000000
    67 0.000000 0.000000 0.000000 0.000000 0.000000 0.000000
    68 0.000000 0.000000 0.000000 0.000000 0.000000 0.000040
    69 0.000000 0.000000 0.000000 0.000000 0.000000 0.000000
    70 0.000000 0.000000 0.000000 0.000000 0.000000 0.000000
    71 0.000000 0.000000 0.000000 0.000000 0.000000 0.000000
    72 0.000000 0.000000 0.000000 0.000000 0.000000 0.000000
    73 0.000000 0.000000 0.000000 0.000000 0.000000 0.000000
    74 0.000000 0.000000 0.000000 0.000000 0.000000 0.000000
    75 0.000000 0.000000 0.000000 0.000000 0.000000 0.000000
    76 0.000000 0.000000 0.000000 0.000000 0.000000 0.000000
    77 0.000000 0.000000 0.000000 0.000000 -0.000036 0.000000
    78 0.000000 0.000000 0.000000 0.000000 0.000000 0.000000
    79 0.000000 0.000000 0.000000 0.000000 0.000000 0.000000
    80 0.000000 0.000000 0.000000 0.000036 0.000000 0.000000
    81 0.000000 0.000000 0.000000 0.000000 0.000000 0.000000
    82 0.000000 0.000000 0.000000 0.000000 0.000000 0.000000
    83 0.000000 0.000000 0.000000 0.000000 0.000000 0.000000
    84 0.000000 0.000000 0.000000 0.000000 0.000000 0.000000
    85 0.000000 0.000000 0.000000 -0.000036 0.000000 0.000000
    86 0.000000 0.000000 0.000000 0.000000 0.000000 0.000000
    87 0.000000 0.000000 0.000000 0.000000 0.000000 0.000000
    88 0.000000 0.000000 0.000000 0.000000 0.000000 0.000000
    89 0.000000 0.000000 0.000000 0.000036 0.000000 0.000000
    90 0.000000 0.000000 0.000000 0.000000 0.000000 0.000000
    91 0.000000 0.000000 0.000000 0.000000 0.000036 0.000000
    92 0.000000 0.000000 0.000000 0.000000 0.000000 0.000000
    93 0.000000 0.000000 0.000000 0.000000 0.000000 0.000000
    94 0.000000 0.000000 0.000000 0.000036 0.000000 -0.000029
    95 0.000000 0.000000 0.000000 0.000000 0.000000 0.000000
    96 0.000000 0.000000 0.000000 0.000036 0.000000 0.000000
    97 0.000000 0.000000 0.000000 0.000000 0.000000 0.000000
    98 0.000000 0.000000 0.000000 0.000000 0.000036 0.000000
    99 0.000000 0.000000 0.000000 0.000000 0.000000 0.000000
    100 0.000000 0.000000 0.000000 0.000000 0.000000 0.000000
    101 0.000000 0.000000 0.000000 0.000000 0.000000 0.000000
    102 0.000000 0.000000 0.000000 0.000000 0.000000 0.000000
    103 0.000000 0.000000 0.000000 0.000000 0.000000 0.000000
    104 0.000000 0.000000 0.000000 0.000000 0.000000 0.000000
    105 0.000000 0.000000 0.000000 0.000000 0.000000 0.000000
    106 0.000000 0.000000 0.000000 0.000000 0.000000 0.000000
    107 0.000000 0.000000 0.000000 0.000000 0.000000 0.000000
    108 0.000000 0.000000 0.000000 0.000000 0.000000 0.000000
    109 0.000000 0.000000 0.000000 0.000000 0.000000 0.000000
    110 0.000000 0.000000 0.000000 0.000000 0.000000 0.000000
    111 0.000000 0.000000 0.000000 0.000000 0.000000 -1.570796
    112 2.418043 -0.414075 -0.074221 -0.448684 0.424574 -1.225626
    113 0.000000 0.000000 0.000000 0.000000 0.000000 0.000000
    114 0.000000 0.000000 0.000000 0.000000 0.000000 -1.570796
    115 0.000000 0.000000 0.000000 0.000000 0.000000 0.000000
    116 0.000000 0.000000 0.000000 0.000000 0.000000 0.000000
    117 0.000000 0.000000 0.000000 0.000000 0.000000 0.000000
    118 0.000000 0.000000 0.000000 0.000000 0.000000 0.000000
    119 0.000000 0.000000 0.000000 0.000000 0.000000 0.000000
    120 0.000000 0.000000 0.000000 0.000000 0.000000 0.000000
    121 0.000000 0.000000 0.000000 0.000000 0.000000 0.000000
    122 0.000000 0.000000 0.000000 0.000000 0.000000 0.000000
    123 0.000000 0.000000 0.000000 0.000000 0.000000 0.000000
    124 0.000000 0.000000 0.000000 0.000000 0.000000 0.000000
    125 0.000000 0.000000 0.000000 0.000000 0.000000 0.000000
    126 0.000000 0.000000 0.000000 0.000000 0.000000 0.000000
    127 0.000000 0.000000 0.000000 0.000000 0.000000 0.000000
    128 0.000000 0.000000 0.000000 0.000000 0.000000 0.000000
    129 0.000000 0.000000 0.000000 0.000000 0.000000 0.000000
    130 0.000000 0.000000 0.000000 0.000000 0.000000 0.000000
    131 0.000000 0.000000 0.000000 0.000000 0.000000 0.000000
    132 0.000000 0.000000 0.000000 0.000000 0.000000 0.000000
    133 0.000000 0.000000 0.000000 0.000000 0.000000 0.000000
    134 0.000000 0.000000 0.000000 0.000000 0.000000 0.000000
    135 0.000000 0.000000 0.000000 0.000000 0.000000 0.000000
    136 0.000000 0.000000 0.000000 0.000000 0.000000 0.000000
    137 0.000000 0.000000 0.000000 0.000000 0.000000 0.000000
    138 0.000000 0.000000 0.000000 0.000000 0.000000 0.000000
    139 0.000000 0.000000 0.000000 0.000000 0.000000 0.000000
    140 0.000000 0.000000 0.000000 0.000000 0.000000 0.000000
    141 0.000000 0.000000 0.000000 0.000000 0.000000 0.000000
    142 0.000000 0.000000 0.000000 0.000000 0.000000 0.000000
    143 0.000000 0.000000 0.000000 0.000000 0.000000 0.000000
    144 0.000000 0.000000 0.000000 0.000000 0.000000 0.000000
    145 0.000000 0.000000 0.000000 0.000000 0.000000 0.000000
    146 0.000000 0.000000 0.000000 0.000000 0.000000 0.000000
    147 0.000000 0.000000 0.000000 0.000000 0.000000 0.000000
    148 0.000000 0.000000 0.000000 0.000000 0.000000 0.000000
    149 0.000000 0.000000 0.000000 0.000000 0.000000 0.000000
    150 0.000000 0.000000 0.000000 0.000000 0.000000 0.000000
    151 0.000000 0.000000 0.000000 0.000000 0.000000 0.000000
    152 0.000000 0.000000 0.000000 0.000000 0.000000 0.000000
    153 0.000000 0.000000 0.000000 0.000000 0.000000 0.000000
    154 0.000000 0.000000 0.000000 0.000000 0.000000 0.000000
    155 0.000000 0.000000 0.000000 0.000000 0.000000 0.000000
    156 0.000000 0.000000 0.000000 0.000000 0.000000 0.000000
    157 0.000000 0.000000 0.000000 0.000000 0.000000 0.000000
    158 0.000000 0.000000 0.000000 0.000000 0.000000 0.000000
    159 0.000000 0.000000 0.000000 0.000000 0.000000 0.000000
    160 0.000000 0.000000 0.000000 0.000000 0.000000 0.000000
    161 0.000000 0.000000 0.000000 0.000000 0.000000 0.000000
    162 0.000000 0.000000 0.000000 0.000000 0.000000 0.000000
    163 0.000000 0.000000 0.000000 0.000000 0.000000 0.000000
    164 0.000000 0.000000 0.000000 0.000000 0.000000 0.000000
    165 0.000000 0.000000 0.000000 0.000000 0.000000 0.000000
    166 0.000000 0.000000 0.000000 0.000000 0.000000 0.000000
    167 0.000000 0.000000 0.000000 0.000000 0.000000 0.000000
    168 0.000000 0.000000 0.000000 0.000000 0.000000 0.000000
    169 0.000000 0.000000 0.000000 0.000000 0.000000 0.000000
    170 0.000000 0.000000 0.000000 0.000000 0.000000 0.000000
    171 0.000000 0.000000 0.000000 0.000000 0.000000 0.000000
    172 0.000000 0.000000 0.000000 0.000000 0.000000 0.000000
    173 0.000000 0.000000 0.000000 0.000000 0.000000 0.000000
    174 0.000000 0.000000 0.000000 0.000000 0.000000 0.000000
    175 0.000000 0.000000 0.000000 0.000000 0.000000 0.000000
    176 0.000000 0.000000 0.000000 0.000000 0.000000 0.000000
    177 0.000000 0.000000 0.000000 0.000000 0.000000 0.000000
    178 0.000000 0.000000 0.000000 0.000000 0.000000 0.000000
    179 0.000000 0.000000 0.000000 0.000000 0.000000 0.000000
    180 0.000000 0.000000 0.000000 0.000000 0.000000 0.000000
    181 0.000000 0.000000 0.000000 0.000000 0.000000 0.000000
    182 0.000000 0.000000 0.000000 0.000000 0.000000 0.000000
    183 0.000000 0.000000 0.000000 0.000000 0.000000 0.000000
    184 0.000000 0.000000 0.000000 0.000000 0.000000 0.000000
    185 0.000000 0.000000 0.000000 0.000000 0.000000 0.000000
    186 0.000000 0.000000 0.000000 0.000000 0.000000 0.000000
    187 0.000000 0.000000 0.000000 0.000000 0.000000 0.000000
    188 0.000000 0.000000 0.000000 0.000000 0.000000 0.000000
    189 0.000000 0.000000 0.000000 0.000000 0.000000 0.000000
    190 0.000000 0.000000 0.000000 0.000000 0.000000 0.000000
    191 0.000000 0.000000 0.000000 -0.371384 0.000000 0.000000
    192 0.000000 0.000000 0.000000 0.000000 0.000000 0.000000
    193 0.000000 0.000000 0.000000 0.000000 0.000000 0.000000
    194 0.000000 0.000000 0.000000 -0.000027 -0.000036 0.000032
    195 0.000000 0.000000 0.000000 0.000000 0.000000 0.000000
    196 0.000000 0.000000 0.000000 0.000000 0.000000 0.000000
    197 0.000000 0.000000 0.000000 0.000000 0.000000 0.000000
    198 0.000000 0.000000 0.000000 0.000000 0.000000 0.000000
    199 0.000000 0.000000 0.000000 0.000000 0.000000 0.000000
    200 0.000000 0.000000 0.000000 0.000000 0.000000 0.000000
    201 0.000000 0.000000 0.000000 0.000000 0.000000 0.000000
    202 0.000000 0.000000 0.000000 0.000000 0.000000 0.000000
    203 0.000000 0.000000 0.000000 0.000000 0.000000 0.000000
    204 0.000000 0.000000 0.000000 0.000000 0.000000 0.000000
    205 0.000000 0.000000 0.000000 0.000000 0.000000 0.000000
    206 0.000000 0.000000 0.000000 -0.000044 0.000000 0.000000
    207 0.000000 0.000000 0.000000 0.000000 0.000000 0.000000
    208 0.000000 0.000000 0.000000 0.000000 0.000000 0.000000
    209 0.000000 0.000000 0.000000 0.000000 0.000000 0.000032
    210 0.000000 0.000000 0.000000 0.000000 0.000028 0.000000
    211 0.000000 0.000000 0.000000 0.000000 0.000000 0.000000
    212 0.000000 0.000000 0.000000 0.000000 0.000000 0.000000
    213 0.000000 0.000000 0.000000 0.000000 0.000000 0.000000
    214 0.000000 0.000000 0.000000 0.000000 0.000000 0.000000
    215 0.000000 0.000000 0.000000 0.000000 0.000000 0.000000
    216 0.000000 0.000000 0.000000 0.000000 0.000000 0.000000
    217 0.000000 0.000000 0.000000 0.000000 0.000000 0.000000
    218 0.000000 0.000000 0.000000 0.000000 0.000000 0.000000
    219 0.000000 0.000000 0.000000 0.000000 0.000000 0.000000
    220 0.000000 0.000000 0.000000 0.000000 0.000000 0.000000
    221 0.000000 0.000000 0.000000 0.000000 0.000000 0.000000
    222 0.000000 0.000000 0.000000 0.000000 0.000000 0.000000
    223 0.000000 0.000000 0.000000 0.000000 0.000000 0.000000
    224 0.000000 0.000000 0.000000 0.000000 0.000000 0.000000
    225 0.000000 0.000000 0.000000 0.000000 0.000000 0.000000
    226 0.000000 0.000000 0.000000 0.000000 0.000000 0.000000
    227 -1.144566 5.414228 -4.285287 -0.448684 0.424558 0.345075
    228 0.000000 0.000000 0.000000 0.000000 0.000000 0.000000
    229 0.000000 0.000000 0.000000 0.000000 0.000000 0.000000
    230 0.000000 0.000000 0.000000 -0.001450 0.000000 0.000000
    231 0.000000 0.000000 0.000000 0.000000 0.000000 0.000000
    232 0.000000 0.000000 0.000000 0.000000 0.000000 0.000000
    233 0.000000 0.000000 0.000000 0.000000 0.000000 0.000000
    234 5.394696 2.113346 -5.425947 -0.448709 0.424586 -1.225672
    235 0.000000 0.000000 0.000000 0.000000 0.000000 0.000000
    236 0.000000 0.000000 0.000000 0.000000 0.000000 0.000000
    237 0.000000 0.000000 0.000000 0.000000 0.000000 0.000000
    238 0.000000 0.000000 0.000000 0.000000 0.000000 0.000000
    239 0.000000 0.000000 0.000000 0.000000 0.000000 0.000000
    240 0.000000 0.000000 0.000000 0.000000 0.000000 0.000000
    241 0.000000 0.000000 0.000000 0.000000 0.000000 0.000000
    242 0.000000 0.000000 0.000000 0.000000 0.000000 0.000000
    243 0.000000 0.000000 0.000000 0.000000 0.000000 0.000000
    244 0.000000 0.000000 0.000000 0.000000 0.000000 0.000000
    245 0.000000 0.000000 0.000000 0.000000 0.000000 0.000000
    246 0.000000 0.000000 0.000000 0.000000 0.000000 -1.570796
  time 17
    0 0.000000 0.000000 0.000000 0.000000 0.000000 -1.570796
    1 0.000000 0.000000 0.000000 0.000000 0.000000 0.000000
    2 0.000000 0.000000 0.000000 0.000000 0.000000 0.000000
    3 0.000000 0.000000 0.000000 0.000000 0.000000 0.000000
    4 0.000000 0.000000 0.000000 0.000000 0.000000 0.000000
    5 0.000000 0.000000 0.000000 0.000000 0.000000 0.000000
    6 0.000000 0.000000 0.000000 0.000000 0.000000 0.000000
    7 0.000000 0.000000 0.000000 0.000000 0.000000 0.000000
    8 -4.925932 -1.242225 2.187567 0.073337 0.632861 -0.430029
    9 0.000000 0.000000 0.000000 0.317748 -0.066945 0.235349
    10 0.000000 0.000000 0.000000 0.000000 0.000000 0.000000
    11 0.000000 0.000000 0.000000 0.000000 0.000000 0.000000
    12 0.000000 0.000000 0.000000 0.000000 0.000000 0.000000
    13 0.000000 0.000000 0.000000 -0.318788 0.000024 0.000024
    14 0.000000 0.000000 0.000000 0.000000 0.000000 0.001074
    15 0.000000 0.000000 0.000000 0.000000 0.000000 0.000000
    16 0.000000 0.000000 0.000000 0.000000 0.000000 0.000000
    17 0.000000 0.000000 0.000000 0.000036 0.000036 0.000000
    18 0.000000 0.000000 0.000000 0.000000 0.000000 0.000000
    19 0.000000 0.000000 0.000000 -0.751717 0.000000 0.000000
    20 0.003906 0.000000 0.000000 0.000000 0.000000 -0.000532
    21 0.000000 0.000000 0.000000 -1.025268 -0.600674 0.361195
    22 0.000000 0.000000 0.000000 0.000000 0.000000 0.000000
    23 0.000000 0.000000 0.000000 0.000000 0.000000 -0.000036
    24 0.000000 0.000000 0.000000 0.000000 0.000000 -0.000029
    25 0.000000 0.000000 0.000000 0.000000 -0.000044 0.000000
    26 0.000000 0.000000 0.000000 0.000000 0.000000 0.000000
    27 0.000000 0.000000 0.000000 0.000000 0.000036 -0.000036
    28 0.000000 0.000000 0.000000 0.000000 0.000036 -0.000036
    29 0.000000 0.000000 0.000000 0.000000 0.000036 0.000000
    30 0.000000 0.000000 0.000000 0.000000 0.000036 -0.000036
    31 0.000000 0.000000 0.000000 0.000030 -0.000023 0.000000
    32 0.000000 0.000000 0.000000 0.000000 0.000000 0.000000
    33 0.000000 0.000000 0.000000 0.000000 0.000000 -0.000036
    34 0.000000 0.000000 0.000000 0.000000 0.000000 0.000000
    35 0.000000 0.000000 0.000000 0.000000 0.000000 -0.000036
    36 0.000000 0.000000 0.000000 0.000000 -0.000036 -0.000036
    37 0.000000 0.000000 0.000000 0.000000 0.000000 0.000000
    38 0.000000 0.000000 0.000000 0.000000 0.000000 0.000000
    39 0.000000 0.000000 0.000000 -0.000039 0.000042 0.000000
    40 0.000000 0.000000 0.000000 0.000000 0.000000 0.000042
    41 0.000000 0.000000 0.000000 0.000000 -0.000024 0.000000
    42 0.000000 0.000000 0.000000 0.000000 0.000000 0.000000
    43 0.000000 0.000000 0.000000 0.000044 0.000000 0.000000
    44 0.000000 0.000000 0.000000 0.000000 0.000000 0.000000
    45 0.000000 0.000000 0.000000 0.000000 0.000000 0.000000
    46 0.000000 0.000000 0.000000 0.000000 0.000000 0.000000
    47 0.000000 0.000000 0.000000 0.000036 0.000000 0.000036
    48 0.000000 0.000000 0.000000 0.000033 0.000036 0.000032
    49 0.000000 0.000000 0.000000 0.000000 0.000036 0.000000
    50 0.000000 0.000000 0.000000 0.000000 0.000000 0.000000
    51 0.000000 0.000000 0.000000 0.000042 0.000000 0.000033
    52 0.000000 0.000000 0.000000 0.000000 0.000000 0.000000
    53 0.000000 0.000000 0.000000 0.000000 0.000000 0.000000
    54 0.000000 0.000000 0.000000 0.000000 0.000000 0.000000
    55 0.000000 0.000000 0.000000 0.000000 0.000000 0.000000
    56 0.000000 0.000000 0.000000 0.000000 0.000000 0.000000
    57 0.000000 0.000000 0.000000 0.000000 0.000000 0.000000
    58 0.000000 0.000000 0.000000 0.000000 0.000000 0.000000
    59 0.000000 0.000000 0.000000 0.000000 -0.000036 0.000000
    60 0.000000 0.000000 0.000000 0.000000 0.000000 0.000000
    61 0.000000 0.000000 0.000000 0.000000 0.000000 0.000000
    62 0.000000 0.000000 0.000000 -0.000036 0.000000 -0.000033
    63 0.000000 0.000000 0.000000 0.000000 0.000000 0.000000
    64 0.000000 0.000000 0.000000 0.000000 0.000000 0.000000
    65 0.000000 0.000000 0.000000 0.000000 0.000000 0.000000
    66 0.000000 0.000000 0.000000 0.000000 0.000000 0.000000
    67 0.000000 0.000000 0.000000 0.000000 0.000000 0.000000
    68 0.000000 0.000000 0.000000 0.000000 0.000000 0.000040
    69 0.000000 0.000000 0.000000 0.000000 0.000000 0.000000
    70 0.000000 0.000000 0.000000 0.000000 0.000000 0.000000
    71 0.000000 0.000000 0.000000 0.000000 0.000000 0.000000
    72 0.000000 0.000000 0.000000 0.000000 0.000000 0.000000
    73 0.000000 0.000000 0.000000 0.000000 0.000000 0.000000
    74 0.000000 0.000000 0.000000 0.000000 0.000000 0.000000
    75 0.000000 0.000000 0.000000 0.000000 0.000000 0.000000
    76 0.000000 0.000000 0.000000 0.000000 0.000000 0.000000
    77 0.000000 0.000000 0.000000 0.000000 -0.000036 0.000000
    78 0.000000 0.000000 0.000000 0.000000 0.000000 0.000000
    79 0.000000 0.000000 0.000000 0.000000 0.000000 0.000000
    80 0.000000 0.000000 0.000000 0.000036 0.000000 0.000000
    81 0.000000 0.000000 0.000000 0.000000 0.000000 0.000000
    82 0.000000 0.000000 0.000000 0.000000 0.000000 0.000000
    83 0.000000 0.000000 0.000000 0.000000 0.000000 0.000000
    84 0.000000 0.000000 0.000000 0.000000 0.000000 0.000000
    85 0.000000 0.000000 0.000000 -0.000036 0.000000 0.000000
    86 0.000000 0.000000 0.000000 0.000000 0.000000 0.000000
    87 0.000000 0.000000 0.000000 0.000000 0.000000 0.000000
    88 0.000000 0.000000 0.000000 0.000000 0.000000 0.000000
    89 0.000000 0.000000 0.000000 0.000036 0.000000 0.000000
    90 0.000000 0.000000 0.000000 0.000000 0.000000 0.000000
    91 0.000000 0.000000 0.000000 0.000000 0.000036 0.000000
    92 0.000000 0.000000 0.000000 0.000000 0.000000 0.000000
    93 0.000000 0.000000 0.000000 0.000000 0.000000 0.000000
    94 0.000000 0.000000 0.000000 0.000036 0.000000 -0.000029
    95 0.000000 0.000000 0.000000 0.000000 0.000000 0.000000
    96 0.000000 0.000000 0.000000 0.000036 0.000000 0.000000
    97 0.000000 0.000000 0.000000 0.000000 0.000000 0.000000
    98 0.000000 0.000000 0.000000 0.000000 0.000036 0.000000
    99 0.000000 0.000000 0.000000 0.000000 0.000000 0.000000
    100 0.000000 0.000000 0.000000 0.000000 0.000000 0.000000
    101 0.000000 0.000000 0.000000 0.000000 0.000000 0.000000
    102 0.000000 0.000000 0.000000 0.000000 0.000000 0.000000
    103 0.000000 0.000000 0.000000 0.000000 0.000000 0.000000
    104 0.000000 0.000000 0.000000 0.000000 0.000000 0.000000
    105 0.000000 0.000000 0.000000 0.000000 0.000000 0.000000
    106 0.000000 0.000000 0.000000 0.000000 0.000000 0.000000
    107 0.000000 0.000000 0.000000 0.000000 0.000000 0.000000
    108 0.000000 0.000000 0.000000 0.000000 0.000000 0.000000
    109 0.000000 0.000000 0.000000 0.000000 0.000000 0.000000
    110 0.000000 0.000000 0.000000 0.000000 0.000000 0.000000
    111 0.000000 0.000000 0.000000 0.000000 0.000000 -1.570796
    112 2.199286 -0.429701 -0.117191 -0.493334 0.426618 -1.231407
    113 0.000000 0.000000 0.000000 0.000000 0.000000 0.000000
    114 0.000000 0.000000 0.000000 0.000000 0.000000 -1.570796
    115 0.000000 0.000000 0.000000 0.000000 0.000000 0.000000
    116 0.000000 0.000000 0.000000 0.000000 0.000000 0.000000
    117 0.000000 0.000000 0.000000 0.000000 0.000000 0.000000
    118 0.000000 0.000000 0.000000 0.000000 0.000000 0.000000
    119 0.000000 0.000000 0.000000 0.000000 0.000000 0.000000
    120 0.000000 0.000000 0.000000 0.000000 0.000000 0.000000
    121 0.000000 0.000000 0.000000 0.000000 0.000000 0.000000
    122 0.000000 0.000000 0.000000 0.000000 0.000000 0.000000
    123 0.000000 0.000000 0.000000 0.000000 0.000000 0.000000
    124 0.000000 0.000000 0.000000 0.000000 0.000000 0.000000
    125 0.000000 0.000000 0.000000 0.000000 0.000000 0.000000
    126 0.000000 0.000000 0.000000 0.000000 0.000000 0.000000
    127 0.000000 0.000000 0.000000 0.000000 0.000000 0.000000
    128 0.000000 0.000000 0.000000 0.000000 0.000000 0.000000
    129 0.000000 0.000000 0.000000 0.000000 0.000000 0.000000
    130 0.000000 0.000000 0.000000 0.000000 0.000000 0.000000
    131 0.000000 0.000000 0.000000 0.000000 0.000000 0.000000
    132 0.000000 0.000000 0.000000 0.000000 0.000000 0.000000
    133 0.000000 0.000000 0.000000 0.000000 0.000000 0.000000
    134 0.000000 0.000000 0.000000 0.000000 0.000000 0.000000
    135 0.000000 0.000000 0.000000 0.000000 0.000000 0.000000
    136 0.000000 0.000000 0.000000 0.000000 0.000000 0.000000
    137 0.000000 0.000000 0.000000 0.000000 0.000000 0.000000
    138 0.000000 0.000000 0.000000 0.000000 0.000000 0.000000
    139 0.000000 0.000000 0.000000 0.000000 0.000000 0.000000
    140 0.000000 0.000000 0.000000 0.000000 0.000000 0.000000
    141 0.000000 0.000000 0.000000 0.000000 0.000000 0.000000
    142 0.000000 0.000000 0.000000 0.000000 0.000000 0.000000
    143 0.000000 0.000000 0.000000 0.000000 0.000000 0.000000
    144 0.000000 0.000000 0.000000 0.000000 0.000000 0.000000
    145 0.000000 0.000000 0.000000 0.000000 0.000000 0.000000
    146 0.000000 0.000000 0.000000 0.000000 0.000000 0.000000
    147 0.000000 0.000000 0.000000 0.000000 0.000000 0.000000
    148 0.000000 0.000000 0.000000 0.000000 0.000000 0.000000
    149 0.000000 0.000000 0.000000 0.000000 0.000000 0.000000
    150 0.000000 0.000000 0.000000 0.000000 0.000000 0.000000
    151 0.000000 0.000000 0.000000 0.000000 0.000000 0.000000
    152 0.000000 0.000000 0.000000 0.000000 0.000000 0.000000
    153 0.000000 0.000000 0.000000 0.000000 0.000000 0.000000
    154 0.000000 0.000000 0.000000 0.000000 0.000000 0.000000
    155 0.000000 0.000000 0.000000 0.000000 0.000000 0.000000
    156 0.000000 0.000000 0.000000 0.000000 0.000000 0.000000
    157 0.000000 0.000000 0.000000 0.000000 0.000000 0.000000
    158 0.000000 0.000000 0.000000 0.000000 0.000000 0.000000
    159 0.000000 0.000000 0.000000 0.000000 0.000000 0.000000
    160 0.000000 0.000000 0.000000 0.000000 0.000000 0.000000
    161 0.000000 0.000000 0.000000 0.000000 0.000000 0.000000
    162 0.000000 0.000000 0.000000 0.000000 0.000000 0.000000
    163 0.000000 0.000000 0.000000 0.000000 0.000000 0.000000
    164 0.000000 0.000000 0.000000 0.000000 0.000000 0.000000
    165 0.000000 0.000000 0.000000 0.000000 0.000000 0.000000
    166 0.000000 0.000000 0.000000 0.000000 0.000000 0.000000
    167 0.000000 0.000000 0.000000 0.000000 0.000000 0.000000
    168 0.000000 0.000000 0.000000 0.000000 0.000000 0.000000
    169 0.000000 0.000000 0.000000 0.000000 0.000000 0.000000
    170 0.000000 0.000000 0.000000 0.000000 0.000000 0.000000
    171 0.000000 0.000000 0.000000 0.000000 0.000000 0.000000
    172 0.000000 0.000000 0.000000 0.000000 0.000000 0.000000
    173 0.000000 0.000000 0.000000 0.000000 0.000000 0.000000
    174 0.000000 0.000000 0.000000 0.000000 0.000000 0.000000
    175 0.000000 0.000000 0.000000 0.000000 0.000000 0.000000
    176 0.000000 0.000000 0.000000 0.000000 0.000000 0.000000
    177 0.000000 0.000000 0.000000 0.000000 0.000000 0.000000
    178 0.000000 0.000000 0.000000 0.000000 0.000000 0.000000
    179 0.000000 0.000000 0.000000 0.000000 0.000000 0.000000
    180 0.000000 0.000000 0.000000 0.000000 0.000000 0.000000
    181 0.000000 0.000000 0.000000 0.000000 0.000000 0.000000
    182 0.000000 0.000000 0.000000 0.000000 0.000000 0.000000
    183 0.000000 0.000000 0.000000 0.000000 0.000000 0.000000
    184 0.000000 0.000000 0.000000 0.000000 0.000000 0.000000
    185 0.000000 0.000000 0.000000 0.000000 0.000000 0.000000
    186 0.000000 0.000000 0.000000 0.000000 0.000000 0.000000
    187 0.000000 0.000000 0.000000 0.000000 0.000000 0.000000
    188 0.000000 0.000000 0.000000 0.000000 0.000000 0.000000
    189 0.000000 0.000000 0.000000 0.000000 0.000000 0.000000
    190 0.000000 0.000000 0.000000 0.000000 0.000000 0.000000
    191 0.000000 0.000000 0.000000 -0.375867 0.000000 0.000060
    192 0.000000 0.000000 0.000000 0.000000 0.000000 0.000000
    193 0.000000 0.000000 0.000000 0.000000 0.000000 0.000000
    194 0.000000 0.000000 0.000000 -0.000027 -0.000036 0.000032
    195 0.000000 0.000000 0.000000 0.000000 0.000000 0.000000
    196 0.000000 0.000000 0.000000 0.000000 0.000000 0.000000
    197 0.000000 0.000000 0.000000 0.000000 0.000000 0.000000
    198 0.000000 0.000000 0.000000 0.000000 0.000000 0.000000
    199 0.000000 0.000000 0.000000 0.000000 0.000000 0.000000
    200 0.000000 0.000000 0.000000 0.000000 0.000000 0.000000
    201 0.000000 0.000000 0.000000 0.000000 0.000000 0.000000
    202 0.000000 0.000000 0.000000 0.000000 0.000000 0.000000
    203 0.000000 0.000000 0.000000 0.000000 0.000000 0.000000
    204 0.000000 0.000000 0.000000 0.000000 0.000000 0.000000
    205 0.000000 0.000000 0.000000 0.000000 0.000000 0.000000
    206 0.000000 0.000000 0.000000 -0.000087 0.000000 0.000000
    207 0.000000 0.000000 0.000000 0.000000 0.000000 0.000000
    208 0.000000 0.000000 0.000000 0.000000 0.000000 0.000000
    209 0.000000 0.000000 0.000000 0.000000 0.000000 0.000032
    210 0.000000 0.000000 0.000000 0.000000 0.000028 0.000000
    211 0.000000 0.000000 0.000000 0.000000 0.000000 0.000000
    212 0.000000 0.000000 0.000000 0.000000 0.000000 0.000000
    213 0.000000 0.000000 0.000000 0.000000 0.000000 0.000000
    214 0.000000 0.000000 0.000000 0.000000 0.000000 0.000000
    215 0.000000 0.000000 0.000000 0.000000 0.000000 0.000000
    216 0.000000 0.000000 0.000000 0.000000 0.000000 0.000000
    217 0.000000 0.000000 0.000000 0.000000 0.000000 0.000000
    218 0.000000 0.000000 0.000000 0.000000 0.000000 0.000000
    219 0.000000 0.000000 0.000000 0.000000 0.000000 0.000000
    220 0.000000 0.000000 0.000000 0.000000 0.000000 0.000000
    221 0.000000 0.000000 0.000000 0.000000 0.000000 0.000000
    222 0.000000 0.000000 0.000000 0.000000 0.000000 0.000000
    223 0.000000 0.000000 0.000000 0.000000 0.000000 0.000000
    224 0.000000 0.000000 0.000000 0.000000 0.000000 0.000000
    225 0.000000 0.000000 0.000000 0.000000 0.000000 0.000000
    226 0.000000 0.000000 0.000000 0.000000 0.000000 0.000000
    227 -1.113315 5.129063 -4.339976 -0.493421 0.426602 0.339387
    228 0.000000 0.000000 0.000000 0.000000 0.000000 0.000000
    229 0.000000 0.000000 0.000000 0.000000 0.000000 0.000000
    230 0.000000 0.000000 0.000000 -0.001462 0.000000 0.000000
    231 0.000000 0.000000 0.000000 0.000000 0.000000 0.000000
    232 0.000000 0.000000 0.000000 0.000000 0.000000 0.000000
    233 0.000000 0.000000 0.000000 0.000000 0.000000 0.000000
    234 5.015778 2.043031 -5.445479 -0.493353 0.426648 -1.231419
    235 0.000000 0.000000 0.000000 0.000000 0.000000 0.000000
    236 0.000000 0.000000 0.000000 0.000000 0.000000 0.000000
    237 0.000000 0.000000 0.000000 0.000000 0.000000 0.000000
    238 0.000000 0.000000 0.000000 0.000000 0.000000 0.000000
    239 0.000000 0.000000 0.000000 0.000000 0.000000 0.000000
    240 0.000000 0.000000 0.000000 0.000000 0.000000 0.000000
    241 0.000000 0.000000 0.000000 0.000000 0.000000 0.000000
    242 0.000000 0.000000 0.000000 0.000000 0.000000 0.000000
    243 0.000000 0.000000 0.000000 0.000000 0.000000 0.000000
    244 0.000000 0.000000 0.000000 0.000000 0.000000 0.000000
    245 0.000000 0.000000 0.000000 0.000000 0.000000 0.000000
    246 0.000000 0.000000 0.000000 0.000000 0.000000 -1.570796
  time 18
    0 0.000000 0.000000 0.000000 0.000000 0.000000 -1.570796
    1 0.000000 0.000000 0.000000 0.000000 0.000000 0.000000
    2 0.000000 0.000000 0.000000 0.000000 0.000000 0.000000
    3 0.000000 0.000000 0.000000 0.000000 0.000000 0.000000
    4 0.000000 0.000000 0.000000 0.000000 0.000000 0.000000
    5 0.000000 0.000000 0.000000 0.000000 0.000000 0.000000
    6 0.000000 0.000000 0.000000 0.000000 0.000000 0.000000
    7 0.000000 0.000000 0.000000 0.000000 0.000000 0.000000
    8 -5.125156 -1.257851 2.125065 0.083733 0.646231 -0.428306
    9 0.000000 0.000000 0.000000 0.334190 -0.064411 0.217813
    10 0.000000 0.000000 0.000000 0.000000 0.000000 0.000000
    11 0.000000 0.000000 0.000000 0.000000 0.000047 0.000000
    12 0.000000 0.000000 0.000000 0.000000 0.000000 0.000000
    13 0.000000 0.000000 0.000000 -0.326568 0.000060 0.000000
    14 0.000000 0.000000 0.000000 -0.000060 0.000000 0.021250
    15 0.000000 0.000000 0.000000 0.000000 0.000000 0.000000
    16 0.000000 0.000000 0.000000 0.000000 0.000000 0.000000
    17 0.000000 0.000000 0.000000 0.000048 0.000048 0.000000
    18 0.000000 0.000000 0.000000 0.000000 0.000000 0.000000
    19 0.000000 0.000000 0.000000 -0.752926 0.000000 0.000000
    20 -0.023438 -0.003906 0.000000 0.000000 0.000000 -0.010609
    21 0.000000 0.000000 0.000000 -1.057796 -0.614410 0.373725
    22 0.000000 0.000000 0.000000 0.000000 0.000000 0.000000
    23 0.000000 0.000000 0.000000 0.000000 0.000000 -0.000048
    24 0.000000 0.000000 0.000000 0.000000 0.000000 -0.000029
    25 0.000000 0.000000 0.000000 0.000000 -0.000044 0.000000
    26 0.000000 0.000000 0.000000 0.000000 0.000000 0.000000
    27 0.000000 0.000000 0.000000 0.000000 0.000048 -0.000048
    28 0.000000 0.000000 0.000000 0.000000 0.000048 -0.000048
    29 0.000000 0.000000 0.000000 0.000000 0.000036 0.000000
    30 0.000000 0.000000 0.000000 0.000000 0.000048 -0.000048
    31 0.000000 0.000000 0.000000 0.000030 -0.000047 0.000000
    32 0.000000 0.000000 0.000000 0.000000 0.000000 0.000000
    33 0.000000 0.000000 0.000000 0.000000 0.000000 -0.000036
    34 0.000000 0.000000 0.000000 0.000000 0.000000 0.000000
    35 0.000000 0.000000 0.000000 0.000000 0.000000 -0.000036
    36 0.000000 0.000000 0.000000 0.000000 -0.000048 -0.000036
    37 0.000000 0.000000 0.000000 0.000000 0.000000 0.000000
    38 0.000000 0.000000 0.000000 0.000000 0.000000 0.000000
    39 0.000000 0.000000 0.000000 -0.000039 0.000042 0.000000
    40 0.000000 0.000000 0.000000 0.000000 0.000000 0.000042
    41 0.000000 0.000000 0.000000 0.000000 -0.000048 0.000000
    42 0.000000 0.000000 0.000000 0.000000 0.000000 0.000000
    43 0.000000 0.000000 0.000000 0.000044 0.000000 0.000000
    44 0.000000 0.000000 0.000000 0.000000 0.000000 0.000000
    45 0.000000 0.000000 0.000000 0.000000 0.000000 0.000000
    46 0.000000 0.000000 0.000000 0.000000 0.000000 0.000000
    47 0.000000 0.000000 0.000000 0.000036 0.000000 0.000036
    48 0.000000 0.000000 0.000000 0.000033 0.000036 0.000032
    49 0.000000 0.000000 0.000000 0.000000 0.000048 0.000000
    50 0.000000 0.000000 0.000000 0.000000 0.000000 0.000000
    51 0.000000 0.000000 0.000000 0.000042 0.000000 0.000033
    52 0.000000 0.000000 0.000000 0.000000 0.000000 0.000000
    53 0.000000 0.000000 0.000000 0.000000 0.000000 0.000000
    54 0.000000 0.000000 0.000000 0.000000 0.000000 0.000000
    55 0.000000 0.000000 0.000000 0.000000 0.000000 0.000000
    56 0.000000 0.000000 0.000000 0.000000 0.000000 0.000000
    57 0.000000 0.000000 0.000000 0.000000 0.000000 0.000000
    58 0.000000 0.000000 0.000000 0.000000 0.000000 0.000000
    59 0.000000 0.000000 0.000000 0.000000 -0.000048 -0.000047
    60 0.000000 0.000000 0.000000 0.000000 0.000000 0.000000
    61 0.000000 0.000000 0.000000 0.000000 0.000000 0.000000
    62 0.000000 0.000000 0.000000 -0.000048 0.000000 -0.000033
    63 0.000000 0.000000 0.000000 0.000000 0.000000 0.000000
    64 0.000000 0.000000 0.000000 0.000000 0.000000 0.000000
    65 0.000000 0.000000 0.000000 0.000000 0.000000 0.000000
    66 0.000000 0.000000 0.000000 0.000000 0.000000 0.000000
    67 0.000000 0.000000 0.000000 0.000000 0.000000 0.000000
    68 0.000000 0.000000 0.000000 0.000000 0.000000 0.000040
    69 0.000000 0.000000 0.000000 0.000000 0.000000 0.000000
    70 0.000000 0.000000 0.000000 0.000000 0.000000 0.000000
    71 0.000000 0.000000 0.000000 0.000000 0.000000 0.000000
    72 0.000000 0.000000 0.000000 0.000000 0.000000 0.000000
    73 0.000000 0.000000 0.000000 0.000000 0.000000 0.000000
    74 0.000000 0.000000 0.000000 0.000000 0.000000 0.000000
    75 0.000000 0.000000 0.000000 0.000000 0.000000 0.000000
    76 0.000000 0.000000 0.000000 0.000000 0.000000 0.000000
    77 0.000000 0.000000 0.000000 0.000000 -0.000048 0.000000
    78 0.000000 0.000000 0.000000 0.000000 0.000000 0.000000
    79 0.000000 0.000000 0.000000 0.000000 0.000000 0.000000
    80 0.000000 0.000000 0.000000 0.000048 0.000000 0.000000
    81 0.000000 0.000000 0.000000 0.000000 0.000000 0.000000
    82 0.000000 0.000000 0.000000 0.000000 0.000000 0.000000
    83 0.000000 0.000000 0.000000 0.000000 0.000000 0.000000
    84 0.000000 0.000000 0.000000 0.000000 0.000000 0.000000
    85 0.000000 0.000000 0.000000 -0.000048 0.000000 0.000000
    86 0.000000 0.000000 0.000000 0.000000 0.000000 0.000000
    87 0.000000 0.000000 0.000000 0.000000 0.000000 0.000000
    88 0.000000 0.000000 0.000000 0.000000 0.000000 0.000000
    89 0.000000 0.000000 0.000000 0.000048 0.000000 0.000000
    90 0.000000 0.000000 0.000000 0.000000 0.000000 0.000000
    91 0.000000 0.000000 0.000000 0.000000 0.000048 0.000000
    92 0.000000 0.000000 0.000000 0.000000 0.000000 0.000000
    93 0.000000 0.000000 0.000000 0.000000 0.000000 0.000000
    94 0.000000 0.000000 0.000000 0.000048 0.000000 -0.000029
    95 0.000000 0.000000 0.000000 0.000000 0.000000 0.000000
    96 0.000000 0.000000 0.000000 0.000048 0.000000 0.000000
    97 0.000000 0.000000 0.000000 0.000000 0.000000 0.000000
    98 0.000000 0.000000 0.000000 0.000000 0.000048 0.000000
    99 0.000000 0.000000 0.000000 0.000000 0.000000 0.000000
    100 0.000000 0.000000 0.000000 0.000000 0.000000 0.000000
    101 0.000000 0.000000 0.000000 0.000000 0.000000 0.000000
    102 0.000000 0.000000 0.000000 0.000000 0.000000 0.000000
    103 0.000000 0.000000 0.000000 0.000000 0.000000 0.000000
    104 0.000000 0.000000 0.000000 0.000000 0.000000 0.000000
    105 0.000000 0.000000 0.000000 0.000000 0.000000 0.000000
    106 0.000000 0.000000 0.000000 0.000000 0.000000 0.000000
    107 0.000000 0.000000 0.000000 0.000000 0.000000 0.000000
    108 0.000000 0.000000 0.000000 0.000000 0.000000 0.000000
    109 0.000000 0.000000 0.000000 0.000000 0.000000 0.000000
    110 0.000000 0.000000 0.000000 0.000000 0.000000 0.000000
    111 0.000000 0.000000 0.000000 0.000000 0.000000 -1.570796
    112 2.043031 -0.445326 -0.164068 -0.508625 0.427684 -1.229169
    113 0.000000 0.000000 0.000000 0.000000 0.000000 0.000000
    114 0.000000 0.000000 0.000000 0.000000 0.000000 -1.570796
    115 0.000000 0.000000 0.000000 0.000000 0.000000 0.000000
    116 0.000000 0.000000 0.000000 0.000000 0.000000 0.000000
    117 0.000000 0.000000 0.000000 0.000000 0.000000 0.000000
    118 0.000000 0.000000 0.000000 0.000000 0.000000 0.000000
    119 0.000000 0.000000 0.000000 0.000000 0.000000 0.000000
    120 0.000000 0.000000 0.000000 0.000000 0.000000 0.000000
    121 0.000000 0.000000 0.000000 0.000000 0.000000 0.000000
    122 0.000000 0.000000 0.000000 0.000000 0.000000 0.000000
    123 0.000000 0.000000 0.000000 0.000000 0.000000 0.000000
    124 0.000000 0.000000 0.000000 0.000000 0.000000 0.000000
    125 0.000000 0.000000 0.000000 0.000000 0.000000 0.000000
    126 0.000000 0.000000 0.000000 0.000000 0.000000 0.000000
    127 0.000000 0.000000 0.000000 0.000000 0.000000 0.000000
    128 0.000000 0.000000 0.000000 0.000000 0.000000 0.000000
    129 0.000000 0.000000 0.000000 0.000000 0.000000 0.000000
    130 0.000000 0.000000 0.000000 0.000000 0.000000 0.000000
    131 0.000000 0.000000 0.000000 0.000000 0.000000 0.000000
    132 0.000000 0.000000 0.000000 0.000000 0.000000 0.000000
    133 0.000000 0.000000 0.000000 0.000000 0.000000 0.000000
    134 0.000000 0.000000 0.000000 0.000000 0.000000 0.000000
    135 0.000000 0.000000 0.000000 0.000000 0.000000 0.000000
    136 0.000000 0.000000 0.000000 0.000000 0.000000 0.000000
    137 0.000000 0.000000 0.000000 0.000000 0.000000 0.000000
    138 0.000000 0.000000 0.000000 0.000000 0.000000 0.000000
    139 0.000000 0.000000 0.000000 0.000000 0.000000 0.000000
    140 0.000000 0.000000 0.000000 0.000000 0.000000 0.000000
    141 0.000000 0.000000 0.000000 0.000000 0.000000 0.000000
    142 0.000000 0.000000 0.000000 0.000000 0.000000 0.000000
    143 0.000000 0.000000 0.000000 0.000000 0.000000 0.000000
    144 0.000000 0.000000 0.000000 0.000000 0.000000 0.000000
    145 0.000000 0.000000 0.000000 0.000000 0.000000 0.000000
    146 0.000000 0.000000 0.000000 0.000000 0.000000 0.000000
    147 0.000000 0.000000 0.000000 0.000000 0.000000 0.000000
    148 0.000000 0.000000 0.000000 0.000000 0.000000 0.000000
    149 0.000000 0.000000 0.000000 0.000000 0.000000 0.000000
    150 0.000000 0.000000 0.000000 0.000000 0.000000 0.000000
    151 0.000000 0.000000 0.000000 0.000000 0.000000 0.000000
    152 0.000000 0.000000 0.000000 0.000000 0.000000 0.000000
    153 0.000000 0.000000 0.000000 0.000000 0.000000 0.000000
    154 0.000000 0.000000 0.000000 0.000000 0.000000 0.000000
    155 0.000000 0.000000 0.000000 0.000000 0.000000 0.000000
    156 0.000000 0.000000 0.000000 0.000000 0.000000 0.000000
    157 0.000000 0.000000 0.000000 0.000000 0.000000 0.000000
    158 0.000000 0.000000 0.000000 0.000000 0.000000 0.000000
    159 0.000000 0.000000 0.000000 0.000000 0.000000 0.000000
    160 0.000000 0.000000 0.000000 0.000000 0.000000 0.000000
    161 0.000000 0.000000 0.000000 0.000000 0.000000 0.000000
    162 0.000000 0.000000 0.000000 0.000000 0.000000 0.000000
    163 0.000000 0.000000 0.000000 0.000000 0.000000 0.000000
    164 0.000000 0.000000 0.000000 0.000000 0.000000 0.000000
    165 0.000000 0.000000 0.000000 0.000000 0.000000 0.000000
    166 0.000000 0.000000 0.000000 0.000000 0.000000 0.000000
    167 0.000000 0.000000 0.000000 0.000000 0.000000 0.000000
    168 0.000000 0.000000 0.000000 0.000000 0.000000 0.000000
    169 0.000000 0.000000 0.000000 0.000000 0.000000 0.000000
    170 0.000000 0.000000 0.000000 0.000000 0.000000 0.000000
    171 0.000000 0.000000 0.000000 0.000000 0.000000 0.000000
    172 0.000000 0.000000 0.000000 0.000000 0.000000 0.000000
    173 0.000000 0.000000 0.000000 0.000000 0.000000 0.000000
    174 0.000000 0.000000 0.000000 0.000000 0.000000 0.000000
    175 0.000000 0.000000 0.000000 0.000000 0.000000 0.000000
    176 0.000000 0.000000 0.000000 0.000000 0.000000 0.000000
    177 0.000000 0.000000 0.000000 0.000000 0.000000 0.000000
    178 0.000000 0.000000 0.000000 0.000000 0.000000 0.000000
    179 0.000000 0.000000 0.000000 0.000000 0.000000 0.000000
    180 0.000000 0.000000 0.000000 0.000000 0.000000 0.000000
    181 0.000000 0.000000 0.000000 0.000000 0.000000 0.000000
    182 0.000000 0.000000 0.000000 0.000000 0.000000 0.000000
    183 0.000000 0.000000 0.000000 0.000000 0.000000 0.000000
    184 0.000000 0.000000 0.000000 0.000000 0.000000 0.000000
    185 0.000000 0.000000 0.000000 0.000000 0.000000 0.000000
    186 0.000000 0.000000 0.000000 0.000000 0.000000 0.000000
    187 0.000000 0.000000 0.000000 0.000000 0.000000 0.000000
    188 0.000000 0.000000 0.000000 0.000000 0.000000 0.000000
    189 0.000000 0.000000 0.000000 0.000000 0.000000 0.000000
    190 0.000000 0.000000 0.000000 0.000000 0.000000 0.000000
    191 0.000000 0.000000 0.000000 -0.375198 0.000000 0.000024
    192 0.000000 0.000000 0.000000 0.000000 0.000000 0.000000
    193 0.000000 0.000000 0.000000 0.000000 0.000000 0.000000
    194 0.000000 0.000000 0.000000 -0.000027 -0.000036 0.000032
    195 0.000000 0.000000 0.000000 0.000000 0.000000 0.000000
    196 0.000000 0.000000 0.000000 0.000000 0.000000 0.000000
    197 0.000000 0.000000 0.000000 0.000000 0.000000 0.000000
    198 0.000000 0.000000 0.000000 0.000000 0.000000 0.000000
    199 0.000000 0.000000 0.000000 0.000000 0.000000 0.000000
    200 0.000000 0.000000 0.000000 0.000000 0.000000 0.000000
    201 0.000000 0.000000 0.000000 0.000000 0.000000 0.000000
    202 0.000000 0.000000 0.000000 0.000000 0.000000 0.000000
    203 0.000000 0.000000 0.000000 0.000000 0.000000 0.000000
    204 0.000000 0.000000 0.000000 0.000000 0.000000 0.000000
    205 0.000000 0.000000 0.000000 0.000000 0.000000 0.000000
    206 0.000000 0.000000 0.000000 -0.000087 0.000000 0.000000
    207 0.000000 0.000000 0.000000 0.000000 0.000000 0.000000
    208 0.000000 0.000000 0.000000 0.000000 0.000000 0.000000
    209 0.000000 0.000000 0.000000 0.000000 0.000000 0.000032
    210 0.000000 0.000000 0.000000 0.000000 0.000028 0.000000
    211 0.000000 0.000000 0.000000 0.000000 0.000000 0.000000
    212 0.000000 0.000000 0.000000 0.000000 0.000000 0.000000
    213 0.000000 0.000000 0.000000 0.000000 0.000000 0.000000
    214 0.000000 0.000000 0.000000 0.000000 0.000000 0.000000
    215 0.000000 0.000000 0.000000 0.000000 0.000000 0.000000
    216 0.000000 0.000000 0.000000 0.000000 0.000000 0.000000
    217 0.000000 0.000000 0.000000 0.000000 0.000000 0.000000
    218 0.000000 0.000000 0.000000 0.000000 0.000000 0.000000
    219 0.000000 0.000000 0.000000 0.000000 0.000000 0.000000
    220 0.000000 0.000000 0.000000 0.000000 0.000000 0.000000
    221 0.000000 0.000000 0.000000 0.000000 0.000000 0.000000
    222 0.000000 0.000000 0.000000 0.000000 0.000000 0.000000
    223 0.000000 0.000000 0.000000 0.000000 0.000000 0.000000
    224 0.000000 0.000000 0.000000 0.000000 0.000000 0.000000
    225 0.000000 0.000000 0.000000 0.000000 0.000000 0.000000
    226 0.000000 0.000000 0.000000 0.000000 0.000000 0.000000
    227 -1.105502 4.988433 -4.394665 -0.508712 0.427668 0.341625
    228 0.000000 0.000000 0.000000 0.000000 0.000000 0.000000
    229 0.000000 0.000000 0.000000 0.000000 0.000000 0.000000
    230 0.000000 0.000000 0.000000 -0.001474 0.000000 0.000000
    231 0.000000 0.000000 0.000000 0.000000 0.000000 0.000000
    232 0.000000 0.000000 0.000000 0.000000 0.000000 0.000000
    233 0.000000 0.000000 0.000000 0.000000 0.000000 0.000000
    234 4.855617 2.019593 -5.484542 -0.508642 0.427699 -1.229120
    235 0.000000 0.000000 0.000000 0.000000 0.000000 0.000000
    236 0.000000 0.000000 0.000000 0.000000 0.000000 0.000000
    237 0.000000 0.000000 0.000000 0.000000 0.000000 0.000000
    238 0.000000 0.000000 0.000000 0.000000 0.000000 0.000000
    239 0.000000 0.000000 0.000000 0.000000 0.000000 0.000000
    240 0.000000 0.000000 0.000000 0.000000 0.000000 0.000000
    241 0.000000 0.000000 0.000000 0.000000 0.000000 0.000000
    242 0.000000 0.000000 0.000000 0.000000 0.000000 0.000000
    243 0.000000 0.000000 0.000000 0.000000 0.000000 0.000000
    244 0.000000 0.000000 0.000000 0.000000 0.000000 0.000000
    245 0.000000 0.000000 0.000000 0.000000 0.000000 0.000000
    246 0.000000 0.000000 0.000000 0.000000 0.000000 -1.570796
  time 19
    0 0.000000 0.000000 0.000000 0.000000 0.000000 -1.570796
    1 0.000000 0.000000 0.000000 0.000000 0.000000 0.000000
    2 0.000000 0.000000 0.000000 0.000000 0.000000 0.000000
    3 0.000000 0.000000 0.000000 0.000000 0.000000 0.000000
    4 0.000000 0.000000 0.000000 0.000000 0.000000 0.000000
    5 0.000000 0.000000 0.000000 0.000000 0.000000 0.000000
    6 0.000000 0.000000 0.000000 0.000000 0.000000 0.000000
    7 0.000000 0.000000 0.000000 0.000000 0.000000 0.000000
    8 -5.195471 -1.281289 2.027406 0.080709 0.638166 -0.433669
    9 0.000000 0.000000 0.000000 0.333425 -0.066548 0.224273
    10 0.000000 0.000000 0.000000 0.000000 0.000000 0.000000
    11 0.000000 0.000000 0.000000 0.000000 0.000047 0.000000
    12 0.000000 0.000000 0.000000 0.000000 0.000000 0.000000
    13 0.000000 0.000000 0.000000 -0.328297 0.000000 0.000000
    14 0.000000 0.000000 0.000000 -0.000060 0.000000 0.019485
    15 0.000000 0.000000 0.000000 0.000000 0.000000 0.000000
    16 0.000000 0.000000 0.000000 0.000000 0.000000 0.000000
    17 0.000000 0.000000 0.000000 0.000048 0.000048 0.000000
    18 0.000000 0.000000 0.000000 0.000000 0.000000 0.000000
    19 0.000000 0.000000 0.000000 -0.749147 0.000000 0.000000
    20 -0.007813 0.000000 0.000000 0.000000 0.000000 -0.009705
    21 0.000000 0.000000 0.000000 -1.052889 -0.617078 0.373076
    22 0.000000 0.000000 0.000000 0.000000 0.000000 0.000000
    23 0.000000 0.000000 0.000000 0.000000 0.000000 -0.000048
    24 0.000000 0.000000 0.000000 0.000000 0.000000 -0.000029
    25 0.000000 0.000000 0.000000 0.000000 -0.000044 0.000000
    26 0.000000 0.000000 0.000000 0.000000 0.000000 0.000000
    27 0.000000 0.000000 0.000000 0.000000 0.000048 -0.000048
    28 0.000000 0.000000 0.000000 0.000000 0.000048 -0.000048
    29 0.000000 0.000000 0.000000 0.000000 0.000036 0.000000
    30 0.000000 0.000000 0.000000 0.000000 0.000048 -0.000048
    31 0.000000 0.000000 0.000000 0.000030 -0.000047 0.000000
    32 0.000000 0.000000 0.000000 0.000000 0.000000 0.000000
    33 0.000000 0.000000 0.000000 0.000000 0.000000 -0.000048
    34 0.000000 0.000000 0.000000 0.000000 0.000000 0.000000
    35 0.000000 0.000000 0.000000 0.000000 0.000000 -0.000048
    36 0.000000 0.000000 0.000000 0.000000 -0.000048 -0.000048
    37 0.000000 0.000000 0.000000 0.000000 0.000000 0.000000
    38 0.000000 0.000000 0.000000 0.000000 0.000000 0.000000
    39 0.000000 0.000000 0.000000 -0.000039 0.000042 0.000000
    40 0.000000 0.000000 0.000000 0.000000 0.000000 0.000042
    41 0.000000 0.000000 0.000000 0.000000 -0.000048 0.000000
    42 0.000000 0.000000 0.000000 0.000000 0.000000 0.000000
    43 0.000000 0.000000 0.000000 0.000044 0.000000 0.000000
    44 0.000000 0.000000 0.000000 0.000000 0.000000 0.000000
    45 0.000000 0.000000 0.000000 0.000000 0.000000 0.000000
    46 0.000000 0.000000 0.000000 0.000000 0.000000 0.000000
    47 0.000000 0.000000 0.000000 0.000036 0.000000 0.000036
    48 0.000000 0.000000 0.000000 0.000049 0.000048 0.000032
    49 0.000000 0.000000 0.000000 0.000000 0.000048 0.000000
    50 0.000000 0.000000 0.000000 0.000000 0.000000 0.000000
    51 0.000000 0.000000 0.000000 0.000042 0.000000 0.000033
    52 0.000000 0.000000 0.000000 0.000000 0.000000 0.000000
    53 0.000000 0.000000 0.000000 0.000000 0.000000 0.000000
    54 0.000000 0.000000 0.000000 0.000000 0.000000 0.000000
    55 0.000000 0.000000 0.000000 0.000000 0.000000 0.000000
    56 0.000000 0.000000 0.000000 0.000000 0.000000 0.000000
    57 0.000000 0.000000 0.000000 0.000000 0.000000 0.000000
    58 0.000000 0.000000 0.000000 0.000000 0.000000 0.000000
    59 0.000000 0.000000 0.000000 0.000000 -0.000048 -0.000047
    60 0.000000 0.000000 0.000000 0.000000 0.000000 0.000000
    61 0.000000 0.000000 0.000000 0.000000 0.000000 0.000000
    62 0.000000 0.000000 0.000000 -0.000048 0.000000 -0.000033
    63 0.000000 0.000000 0.000000 0.000000 0.000000 0.000000
    64 0.000000 0.000000 0.000000 0.000000 0.000000 0.000000
    65 0.000000 0.000000 0.000000 0.000000 0.000000 0.000000
    66 0.000000 0.000000 0.000000 0.000000 0.000000 0.000000
    67 0.000000 0.000000 0.000000 0.000000 0.000000 0.000000
    68 0.000000 0.000000 0.000000 0.000000 0.000000 0.000040
    69 0.000000 0.000000 0.000000 0.000000 0.000000 0.000000
    70 0.000000 0.000000 0.000000 0.000000 0.000000 0.000000
    71 0.000000 0.000000 0.000000 0.000000 0.000000 0.000000
    72 0.000000 0.000000 0.000000 0.000000 0.000000 0.000000
    73 0.000000 0.000000 0.000000 0.000000 0.000000 0.000000
    74 0.000000 0.000000 0.000000 0.000000 0.000000 0.000000
    75 0.000000 0.000000 0.000000 0.000000 0.000000 0.000000
    76 0.000000 0.000000 0.000000 0.000000 0.000000 0.000000
    77 0.000000 0.000000 0.000000 0.000000 -0.000048 0.000000
    78 0.000000 0.000000 0.000000 0.000000 0.000000 0.000000
    79 0.000000 0.000000 0.000000 0.000000 0.000000 0.000000
    80 0.000000 0.000000 0.000000 0.000048 0.000000 0.000000
    81 0.000000 0.000000 0.000000 0.000000 0.000000 0.000000
    82 0.000000 0.000000 0.000000 0.000000 0.000000 0.000000
    83 0.000000 0.000000 0.000000 0.000000 0.000000 0.000000
    84 0.000000 0.000000 0.000000 0.000000 0.000000 0.000000
    85 0.000000 0.000000 0.000000 -0.000048 0.000000 0.000000
    86 0.000000 0.000000 0.000000 0.000000 0.000000 0.000000
    87 0.000000 0.000000 0.000000 0.000000 0.000000 0.000000
    88 0.000000 0.000000 0.000000 0.000000 0.000000 0.000000
    89 0.000000 0.000000 0.000000 0.000048 0.000000 0.000000
    90 0.000000 0.000000 0.000000 0.000000 0.000000 0.000000
    91 0.000000 0.000000 0.000000 0.000000 0.000048 0.000000
    92 0.000000 0.000000 0.000000 0.000000 0.000000 0.000000
    93 0.000000 0.000000 0.000000 0.000000 0.000000 0.000000
    94 0.000000 0.000000 0.000000 0.000048 0.000000 -0.000029
    95 0.000000 0.000000 0.000000 0.000000 0.000000 0.000000
    96 0.000000 0.000000 0.000000 0.000048 0.000000 0.000000
    97 0.000000 0.000000 0.000000 0.000000 0.000000 0.000000
    98 0.000000 0.000000 0.000000 0.000000 0.000048 0.000000
    99 0.000000 0.000000 0.000000 0.000000 0.000000 0.000000
    100 0.000000 0.000000 0.000000 0.000000 0.000000 0.000000
    101 0.000000 0.000000 0.000000 0.000000 0.000000 0.000000
    102 0.000000 0.000000 0.000000 0.000000 0.000000 0.000000
    103 0.000000 0.000000 0.000000 0.000000 0.000000 0.000000
    104 0.000000 0.000000 0.000000 0.000000 0.000000 0.000000
    105 0.000000 0.000000 0.000000 0.000000 0.000000 0.000000
    106 0.000000 0.000000 0.000000 0.000000 0.000000 0.000000
    107 0.000000 0.000000 0.000000 0.000000 0.000000 0.000000
    108 0.000000 0.000000 0.000000 0.000000 0.000000 0.000000
    109 0.000000 0.000000 0.000000 0.000000 0.000000 0.000000
    110 0.000000 0.000000 0.000000 0.000000 0.000000 0.000000
    111 0.000000 0.000000 0.000000 0.000000 0.000000 -1.570796
    112 2.039125 -0.441420 -0.207038 -0.498839 0.426707 -1.223482
    113 0.000000 0.000000 0.000000 0.000000 0.000000 0.000000
    114 0.000000 0.000000 0.000000 0.000000 0.000000 -1.570796
    115 0.000000 0.000000 0.000000 0.000000 0.000000 0.000000
    116 0.000000 0.000000 0.000000 0.000000 0.000000 0.000000
    117 0.000000 0.000000 0.000000 0.000000 0.000000 0.000000
    118 0.000000 0.000000 0.000000 0.000000 0.000000 0.000000
    119 0.000000 0.000000 0.000000 0.000000 0.000000 0.000000
    120 0.000000 0.000000 0.000000 0.000000 0.000000 0.000000
    121 0.000000 0.000000 0.000000 0.000000 0.000000 0.000000
    122 0.000000 0.000000 0.000000 0.000000 0.000000 0.000000
    123 0.000000 0.000000 0.000000 0.000000 0.000000 0.000000
    124 0.000000 0.000000 0.000000 0.000000 0.000000 0.000000
    125 0.000000 0.000000 0.000000 0.000000 0.000000 0.000000
    126 0.000000 0.000000 0.000000 0.000000 0.000000 0.000000
    127 0.000000 0.000000 0.000000 0.000000 0.000000 0.000000
    128 0.000000 0.000000 0.000000 0.000000 0.000000 0.000000
    129 0.000000 0.000000 0.000000 0.000000 0.000000 0.000000
    130 0.000000 0.000000 0.000000 0.000000 0.000000 0.000000
    131 0.000000 0.000000 0.000000 0.000000 0.000000 0.000000
    132 0.000000 0.000000 0.000000 0.000000 0.000000 0.000000
    133 0.000000 0.000000 0.000000 0.000000 0.000000 0.000000
    134 0.000000 0.000000 0.000000 0.000000 0.000000 0.000000
    135 0.000000 0.000000 0.000000 0.000000 0.000000 0.000000
    136 0.000000 0.000000 0.000000 0.000000 0.000000 0.000000
    137 0.000000 0.000000 0.000000 0.000000 0.000000 0.000000
    138 0.000000 0.000000 0.000000 0.000000 0.000000 0.000000
    139 0.000000 0.000000 0.000000 0.000000 0.000000 0.000000
    140 0.000000 0.000000 0.000000 0.000000 0.000000 0.000000
    141 0.000000 0.000000 0.000000 0.000000 0.000000 0.000000
    142 0.000000 0.000000 0.000000 0.000000 0.000000 0.000000
    143 0.000000 0.000000 0.000000 0.000000 0.000000 0.000000
    144 0.000000 0.000000 0.000000 0.000000 0.000000 0.000000
    145 0.000000 0.000000 0.000000 0.000000 0.000000 0.000000
    146 0.000000 0.000000 0.000000 0.000000 0.000000 0.000000
    147 0.000000 0.000000 0.000000 0.000000 0.000000 0.000000
    148 0.000000 0.000000 0.000000 0.000000 0.000000 0.000000
    149 0.000000 0.000000 0.000000 0.000000 0.000000 0.000000
    150 0.000000 0.000000 0.000000 0.000000 0.000000 0.000000
    151 0.000000 0.000000 0.000000 0.000000 0.000000 0.000000
    152 0.000000 0.000000 0.000000 0.000000 0.000000 0.000000
    153 0.000000 0.000000 0.000000 0.000000 0.000000 0.000000
    154 0.000000 0.000000 0.000000 0.000000 0.000000 0.000000
    155 0.000000 0.000000 0.000000 0.000000 0.000000 0.000000
    156 0.000000 0.000000 0.000000 0.000000 0.000000 0.000000
    157 0.000000 0.000000 0.000000 0.000000 0.000000 0.000000
    158 0.000000 0.000000 0.000000 0.000000 0.000000 0.000000
    159 0.000000 0.000000 0.000000 0.000000 0.000000 0.000000
    160 0.000000 0.000000 0.000000 0.000000 0.000000 0.000000
    161 0.000000 0.000000 0.000000 0.000000 0.000000 0.000000
    162 0.000000 0.000000 0.000000 0.000000 0.000000 0.000000
    163 0.000000 0.000000 0.000000 0.000000 0.000000 0.000000
    164 0.000000 0.000000 0.000000 0.000000 0.000000 0.000000
    165 0.000000 0.000000 0.000000 0.000000 0.000000 0.000000
    166 0.000000 0.000000 0.000000 0.000000 0.000000 0.000000
    167 0.000000 0.000000 0.000000 0.000000 0.000000 0.000000
    168 0.000000 0.000000 0.000000 0.000000 0.000000 0.000000
    169 0.000000 0.000000 0.000000 0.000000 0.000000 0.000000
    170 0.000000 0.000000 0.000000 0.000000 0.000000 0.000000
    171 0.000000 0.000000 0.000000 0.000000 0.000000 0.000000
    172 0.000000 0.000000 0.000000 0.000000 0.000000 0.000000
    173 0.000000 0.000000 0.000000 0.000000 0.000000 0.000000
    174 0.000000 0.000000 0.000000 0.000000 0.000000 0.000000
    175 0.000000 0.000000 0.000000 0.000000 0.000000 0.000000
    176 0.000000 0.000000 0.000000 0.000000 0.000000 0.000000
    177 0.000000 0.000000 0.000000 0.000000 0.000000 0.000000
    178 0.000000 0.000000 0.000000 0.000000 0.000000 0.000000
    179 0.000000 0.000000 0.000000 0.000000 0.000000 0.000000
    180 0.000000 0.000000 0.000000 0.000000 0.000000 0.000000
    181 0.000000 0.000000 0.000000 0.000000 0.000000 0.000000
    182 0.000000 0.000000 0.000000 0.000000 0.000000 0.000000
    183 0.000000 0.000000 0.000000 0.000000 0.000000 0.000000
    184 0.000000 0.000000 0.000000 0.000000 0.000000 0.000000
    185 0.000000 0.000000 0.000000 0.000000 0.000000 0.000000
    186 0.000000 0.000000 0.000000 0.000000 0.000000 0.000000
    187 0.000000 0.000000 0.000000 0.000000 0.000000 0.000000
    188 0.000000 0.000000 0.000000 0.000000 0.000000 0.000000
    189 0.000000 0.000000 0.000000 0.000000 0.000000 0.000000
    190 0.000000 0.000000 0.000000 0.000000 0.000000 0.000000
    191 0.000000 0.000000 0.000000 -0.374562 0.000000 0.000000
    192 0.000000 0.000000 0.000000 0.000000 0.000000 0.000000
    193 0.000000 0.000000 0.000000 0.000000 0.000000 0.000000
    194 0.000000 0.000000 0.000000 -0.000027 -0.000048 0.000048
    195 0.000000 0.000000 0.000000 -0.000096 0.000000 0.000000
    196 0.000000 0.000000 0.000000 0.000000 0.000000 0.000000
    197 0.000000 0.000000 0.000000 0.000000 0.000000 0.000000
    198 0.000000 0.000000 0.000000 0.000000 0.000000 0.000000
    199 0.000000 0.000000 0.000000 0.000000 0.000000 0.000000
    200 0.000000 0.000000 0.000000 0.000000 0.000000 0.000000
    201 0.000000 0.000000 0.000000 0.000000 0.000000 0.000000
    202 0.000000 0.000000 0.000000 0.000000 0.000000 0.000000
    203 0.000000 0.000000 0.000000 0.000000 0.000000 0.000000
    204 0.000000 0.000000 0.000000 0.000000 0.000000 0.000000
    205 0.000000 0.000000 0.000000 0.000000 0.000000 0.000000
    206 0.000000 0.000000 0.000000 -0.000087 0.000000 0.000000
    207 0.000000 0.000000 0.000000 0.000000 0.000000 0.000000
    208 0.000000 0.000000 0.000000 0.000000 0.000000 0.000000
    209 0.000000 0.000000 0.000000 0.000000 0.000000 0.000048
    210 0.000000 0.000000 0.000000 0.000000 0.000028 0.000000
    211 0.000000 0.000000 0.000000 0.000000 0.000000 0.000000
    212 0.000000 0.000000 0.000000 0.000000 0.000000 0.000000
    213 0.000000 0.000000 0.000000 0.000000 0.000000 0.000000
    214 0.000000 0.000000 0.000000 0.000000 0.000000 0.000000
    215 0.000000 0.000000 0.000000 0.000000 0.000000 0.000000
    216 0.000000 0.000000 0.000000 0.000000 0.000000 0.000000
    217 0.000000 0.000000 0.000000 0.000000 0.000000 0.000000
    218 0.000000 0.000000 0.000000 0.000000 0.000000 0.000000
    219 0.000000 0.000000 0.000000 0.000000 0.000000 0.000000
    220 0.000000 0.000000 0.000000 0.000000 0.000000 0.000000
    221 0.000000 0.000000 0.000000 0.000000 0.000000 0.000000
    222 0.000000 0.000000 0.000000 0.000000 0.000000 0.000000
    223 0.000000 0.000000 0.000000 0.000000 0.000000 0.000000
    224 0.000000 0.000000 0.000000 0.000000 0.000000 0.000000
    225 0.000000 0.000000 0.000000 0.000000 0.000000 0.000000
    226 0.000000 0.000000 0.000000 0.000000 0.000000 0.000000
    227 -1.121128 5.035310 -4.429823 -0.498926 0.426691 0.347219
    228 0.000000 0.000000 0.000000 0.000000 0.000000 0.000000
    229 0.000000 0.000000 0.000000 0.000000 0.000000 0.000000
    230 0.000000 0.000000 0.000000 -0.001486 0.000000 0.000000
    231 0.000000 0.000000 0.000000 0.000000 0.000000 0.000000
    232 0.000000 0.000000 0.000000 0.000000 0.000000 0.000000
    233 0.000000 0.000000 0.000000 0.000000 0.000000 0.000000
    234 4.937651 2.043031 -5.527512 -0.498857 0.426723 -1.223469
    235 0.000000 0.000000 0.000000 0.000000 0.000000 0.000000
    236 0.000000 0.000000 0.000000 0.000000 0.000000 0.000000
    237 0.000000 0.000000 0.000000 0.000000 0.000000 0.000000
    238 0.000000 0.000000 0.000000 0.000000 0.000000 0.000000
    239 0.000000 0.000000 0.000000 0.000000 0.000000 0.000000
    240 0.000000 0.000000 0.000000 0.000000 0.000000 0.000000
    241 0.000000 0.000000 0.000000 0.000000 0.000000 0.000000
    242 0.000000 0.000000 0.000000 0.000000 0.000000 0.000000
    243 0.000000 0.000000 0.000000 0.000000 0.000000 0.000000
    244 0.000000 0.000000 0.000000 0.000000 0.000000 0.000000
    245 0.000000 0.000000 0.000000 0.000000 0.000000 0.000000
    246 0.000000 0.000000 0.000000 0.000000 0.000000 -1.570796
  time 20
    0 0.000000 0.000000 0.000000 0.000000 0.000000 -1.570796
    1 0.000000 0.000000 0.000000 0.000000 0.000000 0.000000
    2 0.000000 0.000000 0.000000 0.000000 0.000000 0.000000
    3 0.000000 0.000000 0.000000 0.000000 0.000000 0.000000
    4 0.000000 0.000000 0.000000 0.000000 0.000000 0.000000
    5 0.000000 0.000000 0.000000 0.000000 0.000000 0.000000
    6 0.000000 0.000000 0.000000 0.000000 0.000000 0.000000
    7 0.000000 0.000000 0.000000 0.000000 0.000000 0.000000
    8 -5.082186 -1.285195 1.937559 0.065682 0.611282 -0.441044
    9 0.000000 0.000000 0.000000 0.317079 -0.071920 0.250300
    10 0.000000 0.000000 0.000000 0.000000 0.000000 0.000000
    11 0.000000 0.000000 0.000000 0.000000 0.000047 0.000000
    12 0.000000 0.000000 0.000000 0.000000 0.000000 0.000000
    13 0.000000 0.000000 0.000000 -0.325203 0.000060 0.000000
    14 0.000000 0.000000 0.000000 -0.000024 0.000000 -0.002915
    15 0.000000 0.000000 0.000000 0.000000 0.000000 0.000000
    16 0.000000 0.000000 0.000000 0.000000 0.000000 0.000000
    17 0.000000 0.000000 0.000000 0.000048 0.000048 0.000000
    18 0.000000 0.000000 0.000000 0.000000 0.000000 0.000000
    19 0.000000 0.000000 0.000000 -0.742344 0.000000 0.000000
    20 0.003906 0.000000 0.000000 0.000000 0.000024 0.001489
    21 0.000000 0.000000 0.000000 -1.011760 -0.606567 0.357700
    22 0.000000 0.000000 0.000000 0.000000 0.000000 0.000000
    23 0.000000 0.000000 0.000000 0.000000 0.000000 -0.000048
    24 0.000000 0.000000 0.000000 0.000000 0.000000 -0.000029
    25 0.000000 0.000000 0.000000 0.000000 -0.000044 0.000000
    26 0.000000 0.000000 0.000000 0.000000 0.000000 0.000000
    27 0.000000 0.000000 0.000000 0.000000 0.000048 -0.000048
    28 0.000000 0.000000 0.000000 0.000000 0.000048 -0.000048
    29 0.000000 0.000000 0.000000 0.000000 0.000036 0.000000
    30 0.000000 0.000000 0.000000 0.000000 0.000048 -0.000048
    31 0.000000 0.000000 0.000000 0.000030 -0.000047 0.000000
    32 0.000000 0.000000 0.000000 0.000000 0.000000 0.000000
    33 0.000000 0.000000 0.000000 0.000000 0.000000 -0.000048
    34 0.000000 0.000000 0.000000 0.000051 0.000000 0.000000
    35 0.000000 0.000000 0.000000 0.000000 0.000000 -0.000048
    36 0.000000 0.000000 0.000000 0.000000 -0.000048 -0.000048
    37 0.000000 0.000000 0.000000 0.000000 0.000000 0.000000
    38 0.000000 0.000000 0.000000 0.000000 0.000000 0.000000
    39 0.000000 0.000000 0.000000 -0.000039 0.000042 0.000000
    40 0.000000 0.000000 0.000000 0.000000 0.000000 0.000042
    41 0.000000 0.000000 0.000000 0.000000 -0.000048 0.000000
    42 0.000000 0.000000 0.000000 0.000000 0.000000 0.000000
    43 0.000000 0.000000 0.000000 0.000044 0.000000 0.000000
    44 0.000000 0.000000 0.000000 0.000000 0.000000 0.000000
    45 0.000000 0.000000 0.000000 0.000000 0.000000 0.000000
    46 0.000000 0.000000 0.000000 0.000000 0.000000 0.000000
    47 0.000000 0.000000 0.000000 0.000036 0.000000 0.000036
    48 0.000000 0.000000 0.000000 0.000049 0.000048 0.000032
    49 0.000000 0.000000 0.000000 0.000000 0.000048 0.000000
    50 0.000000 0.000000 0.000000 0.000000 0.000000 0.000000
    51 0.000000 0.000000 0.000000 0.000042 0.000000 0.000033
    52 0.000000 0.000000 0.000000 0.000000 0.000000 0.000000
    53 0.000000 0.000000 0.000000 0.000000 0.000000 0.000000
    54 0.000000 0.000000 0.000000 0.000000 0.000000 0.000000
    55 0.000000 0.000000 0.000000 0.000000 0.000000 0.000000
    56 0.000000 0.000000 0.000000 0.000000 0.000000 0.000000
    57 0.000000 0.000000 0.000000 0.000000 0.000000 0.000000
    58 0.000000 0.000000 0.000000 0.000000 0.000000 0.000000
    59 0.000000 0.000000 0.000000 0.000000 -0.000048 -0.000047
    60 0.000000 0.000000 0.000000 0.000000 0.000000 0.000000
    61 0.000000 0.000000 0.000000 0.000000 0.000000 0.000000
    62 0.000000 0.000000 0.000000 -0.000048 0.000000 -0.000033
    63 0.000000 0.000000 0.000000 0.000000 0.000000 0.000000
    64 0.000000 0.000000 0.000000 0.000000 0.000000 0.000000
    65 0.000000 0.000000 0.000000 0.000000 0.000000 0.000000
    66 0.000000 0.000000 0.000000 0.000000 0.000000 0.000000
    67 0.000000 0.000000 0.000000 0.000000 0.000000 0.000000
    68 0.000000 0.000000 0.000000 0.000000 0.000000 0.000040
    69 0.000000 0.000000 0.000000 0.000000 0.000000 0.000000
    70 0.000000 0.000000 0.000000 0.000000 0.000000 0.000000
    71 0.000000 0.000000 0.000000 0.000000 0.000000 0.000000
    72 0.000000 0.000000 0.000000 0.000000 0.000000 0.000000
    73 0.000000 0.000000 0.000000 0.000000 0.000000 0.000000
    74 0.000000 0.000000 0.000000 0.000000 0.000000 0.000000
    75 0.000000 0.000000 0.000000 0.000000 0.000000 0.000000
    76 0.000000 0.000000 0.000000 0.000000 0.000000 0.000000
    77 0.000000 0.000000 0.000000 0.000000 -0.000048 0.000000
    78 0.000000 0.000000 0.000000 0.000000 0.000000 0.000000
    79 0.000000 0.000000 0.000000 0.000000 0.000000 0.000000
    80 0.000000 0.000000 0.000000 0.000048 0.000000 0.000000
    81 0.000000 0.000000 0.000000 0.000000 0.000000 0.000000
    82 0.000000 0.000000 0.000000 0.000000 0.000000 0.000000
    83 0.000000 0.000000 0.000000 0.000000 0.000000 0.000000
    84 0.000000 0.000000 0.000000 0.000000 0.000000 0.000000
    85 0.000000 0.000000 0.000000 -0.000048 0.000000 0.000000
    86 0.000000 0.000000 0.000000 0.000000 0.000000 0.000000
    87 0.000000 0.000000 0.000000 0.000000 0.000000 0.000000
    88 0.000000 0.000000 0.000000 0.000000 0.000000 0.000000
    89 0.000000 0.000000 0.000000 0.000048 0.000000 0.000000
    90 0.000000 0.000000 0.000000 0.000000 0.000000 0.000000
    91 0.000000 0.000000 0.000000 0.000000 0.000048 0.000000
    92 0.000000 0.000000 0.000000 0.000000 0.000000 0.000000
    93 0.000000 0.000000 0.000000 0.000000 0.000000 0.000000
    94 0.000000 0.000000 0.000000 0.000048 0.000000 -0.000029
    95 0.000000 0.000000 0.000000 0.000000 0.000000 0.000000
    96 0.000000 0.000000 0.000000 0.000048 0.000000 0.000000
    97 0.000000 0.000000 0.000000 0.000000 0.000000 0.000000
    98 0.000000 0.000000 0.000000 0.000000 0.000048 0.000000
    99 0.000000 0.000000 0.000000 0.000000 0.000000 0.000000
    100 0.000000 0.000000 0.000000 0.000000 0.000000 0.000000
    101 0.000000 0.000000 0.000000 0.000000 0.000000 0.000000
    102 0.000000 0.000000 0.000000 0.000000 0.000000 0.000000
    103 0.000000 0.000000 0.000000 0.000000 0.000000 0.000000
    104 0.000000 0.000000 0.000000 0.000000 0.000000 0.000000
    105 0.000000 0.000000 0.000000 0.000000 0.000000 0.000000
    106 0.000000 0.000000 0.000000 0.000000 0.000000 0.000000
    107 0.000000 0.000000 0.000000 0.000000 0.000000 0.000000
    108 0.000000 0.000000 0.000000 0.000000 0.000000 0.000000
    109 0.000000 0.000000 0.000000 0.000000 0.000000 0.000000
    110 0.000000 0.000000 0.000000 0.000000 0.000000 0.000000
    111 0.000000 0.000000 0.000000 0.000000 0.000000 -1.570796
    112 2.152409 -0.421888 -0.253914 -0.468082 0.423152 -1.219379
    113 0.000000 0.000000 0.000000 0.000000 0.000000 0.000000
    114 0.000000 0.000000 0.000000 0.000000 0.000000 -1.570796
    115 0.000000 0.000000 0.000000 0.000000 0.000000 0.000000
    116 0.000000 0.000000 0.000000 0.000000 0.000000 0.000000
    117 0.000000 0.000000 0.000000 0.000000 0.000000 0.000000
    118 0.000000 0.000000 0.000000 0.000000 0.000000 0.000000
    119 0.000000 0.000000 0.000000 0.000000 0.000000 0.000000
    120 0.000000 0.000000 0.000000 0.000000 0.000000 0.000000
    121 0.000000 0.000000 0.000000 0.000000 0.000000 0.000000
    122 0.000000 0.000000 0.000000 0.000000 0.000000 0.000000
    123 0.000000 0.000000 0.000000 0.000000 0.000000 0.000000
    124 0.000000 0.000000 0.000000 0.000000 0.000000 0.000000
    125 0.000000 0.000000 0.000000 0.000000 0.000000 0.000000
    126 0.000000 0.000000 0.000000 0.000000 0.000000 0.000000
    127 0.000000 0.000000 0.000000 0.000000 0.000000 0.000000
    128 0.000000 0.000000 0.000000 0.000000 0.000000 0.000000
    129 0.000000 0.000000 0.000000 0.000000 0.000000 0.000000
    130 0.000000 0.000000 0.000000 0.000000 0.000000 0.000000
    131 0.000000 0.000000 0.000000 0.000000 0.000000 0.000000
    132 0.000000 0.000000 0.000000 0.000000 0.000000 0.000000
    133 0.000000 0.000000 0.000000 0.000000 0.000000 0.000000
    134 0.000000 0.000000 0.000000 0.000000 0.000000 0.000000
    135 0.000000 0.000000 0.000000 0.000000 0.000000 0.000000
    136 0.000000 0.000000 0.000000 0.000000 0.000000 0.000000
    137 0.000000 0.000000 0.000000 0.000000 0.000000 0.000000
    138 0.000000 0.000000 0.000000 0.000000 0.000000 0.000000
    139 0.000000 0.000000 0.000000 0.000000 0.000000 0.000000
    140 0.000000 0.000000 0.000000 0.000000 0.000000 0.000000
    141 0.000000 0.000000 0.000000 0.000000 0.000000 0.000000
    142 0.000000 0.000000 0.000000 0.000000 0.000000 0.000000
    143 0.000000 0.000000 0.000000 0.000000 0.000000 0.000000
    144 0.000000 0.000000 0.000000 0.000000 0.000000 0.000000
    145 0.000000 0.000000 0.000000 0.000000 0.000000 0.000000
    146 0.000000 0.000000 0.000000 0.000000 0.000000 0.000000
    147 0.000000 0.000000 0.000000 0.000000 0.000000 0.000000
    148 0.000000 0.000000 0.000000 0.000000 0.000000 0.000000
    149 0.000000 0.000000 0.000000 0.000000 0.000000 0.000000
    150 0.000000 0.000000 0.000000 0.000000 0.000000 0.000000
    151 0.000000 0.000000 0.000000 0.000000 0.000000 0.000000
    152 0.000000 0.000000 0.000000 0.000000 0.000000 0.000000
    153 0.000000 0.000000 0.000000 0.000000 0.000000 0.000000
    154 0.000000 0.000000 0.000000 0.000000 0.000000 0.000000
    155 0.000000 0.000000 0.000000 0.000000 0.000000 0.000000
    156 0.000000 0.000000 0.000000 0.000000 0.000000 0.000000
    157 0.000000 0.000000 0.000000 0.000000 0.000000 0.000000
    158 0.000000 0.000000 0.000000 0.000000 0.000000 0.000000
    159 0.000000 0.000000 0.000000 0.000000 0.000000 0.000000
    160 0.000000 0.000000 0.000000 0.000000 0.000000 0.000000
    161 0.000000 0.000000 0.000000 0.000000 0.000000 0.000000
    162 0.000000 0.000000 0.000000 0.000000 0.000000 0.000000
    163 0.000000 0.000000 0.000000 0.000000 0.000000 0.000000
    164 0.000000 0.000000 0.000000 0.000000 0.000000 0.000000
    165 0.000000 0.000000 0.000000 0.000000 0.000000 0.000000
    166 0.000000 0.000000 0.000000 0.000000 0.000000 0.000000
    167 0.000000 0.000000 0.000000 0.000000 0.000000 0.000000
    168 0.000000 0.000000 0.000000 0.000000 0.000000 0.000000
    169 0.000000 0.000000 0.000000 0.000000 0.000000 0.000000
    170 0.000000 0.000000 0.000000 0.000000 0.000000 0.000000
    171 0.000000 0.000000 0.000000 0.000000 0.000000 0.000000
    172 0.000000 0.000000 0.000000 0.000000 0.000000 0.000000
    173 0.000000 0.000000 0.000000 0.000000 0.000000 0.000000
    174 0.000000 0.000000 0.000000 0.000000 0.000000 0.000000
    175 0.000000 0.000000 0.000000 0.000000 0.000000 0.000000
    176 0.000000 0.000000 0.000000 0.000000 0.000000 0.000000
    177 0.000000 0.000000 0.000000 0.000000 0.000000 0.000000
    178 0.000000 0.000000 0.000000 0.000000 0.000000 0.000000
    179 0.000000 0.000000 0.000000 0.000000 0.000000 0.000000
    180 0.000000 0.000000 0.000000 0.000000 0.000000 0.000000
    181 0.000000 0.000000 0.000000 0.000000 0.000000 0.000000
    182 0.000000 0.000000 0.000000 0.000000 0.000000 0.000000
    183 0.000000 0.000000 0.000000 0.000000 0.000000 0.000000
    184 0.000000 0.000000 0.000000 0.000000 0.000000 0.000000
    185 0.000000 0.000000 0.000000 0.000000 0.000000 0.000000
    186 0.000000 0.000000 0.000000 0.000000 0.000000 0.000000
    187 0.000000 0.000000 0.000000 0.000000 0.000000 0.000000
    188 0.000000 0.000000 0.000000 0.000000 0.000000 0.000000
    189 0.000000 0.000000 0.000000 0.000000 0.000000 0.000000
    190 0.000000 0.000000 0.000000 0.000000 0.000000 0.000000
    191 0.000000 0.000000 0.000000 -0.371150 0.000000 0.000000
    192 0.000000 0.000000 0.000000 0.000000 0.000000 0.000000
    193 0.000000 0.000000 0.000000 0.000000 0.000000 0.000000
    194 0.000000 0.000000 0.000000 -0.000027 -0.000048 0.000048
    195 0.000000 0.000000 0.000000 -0.000096 0.000000 0.000000
    196 0.000000 0.000000 0.000000 0.000000 0.000000 0.000000
    197 0.000000 0.000000 0.000000 0.000000 0.000000 0.000000
    198 0.000000 0.000000 0.000000 0.000000 0.000000 0.000000
    199 0.000000 0.000000 0.000000 0.000000 0.000000 0.000000
    200 0.000000 0.000000 0.000000 0.000000 0.000000 0.000000
    201 0.000000 0.000000 0.000000 0.000000 0.000000 0.000000
    202 0.000000 0.000000 0.000000 0.000000 0.000000 0.000000
    203 0.000000 0.000000 0.000000 0.000000 0.000000 0.000000
    204 0.000000 0.000000 0.000000 0.000000 0.000000 0.000000
    205 0.000000 0.000000 0.000000 0.000000 0.000000 0.000000
    206 0.000000 0.000000 0.000000 -0.000087 0.000000 0.000000
    207 0.000000 0.000000 0.000000 0.000000 0.000000 0.000000
    208 0.000000 0.000000 0.000000 0.000000 0.000000 0.000000
    209 0.000000 0.000000 0.000000 0.000000 0.000000 0.000048
    210 0.000000 0.000000 0.000000 0.000000 0.000028 0.000000
    211 0.000000 0.000000 0.000000 0.000000 0.000000 0.000000
    212 0.000000 0.000000 0.000000 0.000000 0.000000 0.000000
    213 0.000000 0.000000 0.000000 0.000000 0.000000 0.000000
    214 0.000000 0.000000 0.000000 0.000000 0.000000 0.000000
    215 0.000000 0.000000 0.000000 0.000000 0.000000 0.000000
    216 0.000000 0.000000 0.000000 0.000000 0.000000 0.000000
    217 0.000000 0.000000 0.000000 0.000000 0.000000 0.000000
    218 0.000000 0.000000 0.000000 0.000000 0.000000 0.000000
    219 0.000000 0.000000 0.000000 0.000000 0.000000 0.000000
    220 0.000000 0.000000 0.000000 0.000000 0.000000 0.000000
    221 0.000000 0.000000 0.000000 0.000000 0.000000 0.000000
    222 0.000000 0.000000 0.000000 0.000000 0.000000 0.000000
    223 0.000000 0.000000 0.000000 0.000000 0.000000 0.000000
    224 0.000000 0.000000 0.000000 0.000000 0.000000 0.000000
    225 0.000000 0.000000 0.000000 0.000000 0.000000 0.000000
    226 0.000000 0.000000 0.000000 0.000000 0.000000 0.000000
    227 -1.144566 5.203284 -4.449355 -0.468169 0.423137 0.351415
    228 0.000000 0.000000 0.000000 0.000000 0.000000 0.000000
    229 0.000000 0.000000 0.000000 0.000000 0.000000 0.000000
    230 0.000000 0.000000 0.000000 -0.001498 0.000000 0.000000
    231 0.000000 0.000000 0.000000 0.000000 0.000000 0.000000
    232 0.000000 0.000000 0.000000 0.000000 0.000000 0.000000
    233 0.000000 0.000000 0.000000 0.000000 0.000000 0.000000
    234 5.168126 2.089908 -5.566576 -0.468104 0.423160 -1.219446
    235 0.000000 0.000000 0.000000 0.000000 0.000000 0.000000
    236 0.000000 0.000000 0.000000 0.000000 0.000000 0.000000
    237 0.000000 0.000000 0.000000 0.000000 0.000000 0.000000
    238 0.000000 0.000000 0.000000 0.000000 0.000000 0.000000
    239 0.000000 0.000000 0.000000 0.000000 0.000000 0.000000
    240 0.000000 0.000000 0.000000 0.000000 0.000000 0.000000
    241 0.000000 0.000000 0.000000 0.000000 0.000000 0.000000
    242 0.000000 0.000000 0.000000 0.000000 0.000000 0.000000
    243 0.000000 0.000000 0.000000 0.000000 0.000000 0.000000
    244 0.000000 0.000000 0.000000 0.000000 0.000000 0.000000
    245 0.000000 0.000000 0.000000 0.000000 0.000000 0.000000
    246 0.000000 0.000000 0.000000 0.000000 0.000000 -1.570796
  time 21
    0 0.000000 0.000000 0.000000 0.000000 0.000000 -1.570796
    1 0.000000 0.000000 0.000000 0.000000 0.000000 0.000000
    2 0.000000 0.000000 0.000000 0.000000 0.000000 0.000000
    3 0.000000 0.000000 0.000000 0.000000 0.000000 0.000000
    4 0.000000 0.000000 0.000000 0.000000 0.000000 0.000000
    5 0.000000 0.000000 0.000000 0.000000 0.000000 0.000000
    6 0.000000 0.000000 0.000000 0.000000 0.000000 0.000000
    7 0.000000 0.000000 0.000000 0.000000 0.000000 0.000000
    8 -4.925932 -1.265664 1.906308 0.050656 0.584398 -0.444396
    9 0.000000 0.000000 0.000000 0.295858 -0.074942 0.275404
    10 0.000000 0.000000 0.000000 0.000000 0.000000 0.000000
    11 0.000000 0.000000 0.000000 0.000000 0.000047 0.000000
    12 0.000000 0.000000 0.000000 0.000000 0.000000 0.000000
    13 0.000000 0.000000 0.000000 -0.318242 0.000024 0.000000
    14 0.000000 0.000000 0.000000 0.000000 0.000000 -0.025315
    15 0.000000 0.000000 0.000000 0.000000 0.000000 0.000000
    16 0.000000 0.000000 0.000000 0.000000 0.000000 0.000000
    17 0.000000 0.000000 0.000000 0.000048 0.000048 0.000000
    18 0.000000 0.000000 0.000000 0.000000 0.000000 0.000000
    19 0.000000 0.000000 0.000000 -0.735542 0.000000 0.000000
    20 0.015625 0.003906 0.000000 0.000000 0.000060 0.012683
    21 0.000000 0.000000 0.000000 -0.962453 -0.590562 0.338629
    22 0.000000 0.000000 0.000000 0.000000 0.000000 0.000000
    23 0.000000 0.000000 0.000000 0.000000 0.000000 -0.000048
    24 0.000000 0.000000 0.000000 0.000000 0.000000 -0.000029
    25 0.000000 0.000000 0.000000 0.000000 -0.000044 0.000000
    26 0.000000 0.000000 0.000000 0.000000 0.000000 0.000000
    27 0.000000 0.000000 0.000000 0.000000 0.000048 -0.000048
    28 0.000000 0.000000 0.000000 0.000000 0.000048 -0.000048
    29 0.000000 0.000000 0.000000 0.000000 0.000054 0.000000
    30 0.000000 0.000000 0.000000 -0.000054 0.000048 -0.000048
    31 0.000000 0.000000 0.000000 0.000030 -0.000047 0.000000
    32 0.000000 0.000000 0.000000 0.000000 0.000000 0.000000
    33 0.000000 0.000000 0.000000 0.000000 0.000000 -0.000048
    34 0.000000 0.000000 0.000000 0.000051 0.000000 0.000000
    35 0.000000 0.000000 0.000000 0.000053 0.000000 -0.000048
    36 0.000000 0.000000 0.000000 0.000000 -0.000048 -0.000048
    37 0.000000 0.000000 0.000000 0.000000 0.000000 0.000000
    38 0.000000 0.000000 0.000000 0.000000 0.000000 0.000000
    39 0.000000 0.000000 0.000000 -0.000039 0.000042 0.000000
    40 0.000000 0.000000 0.000000 0.000000 0.000000 0.000042
    41 0.000000 0.000000 0.000000 0.000000 -0.000048 0.000000
    42 0.000000 0.000000 0.000000 0.000000 0.000000 0.000000
    43 0.000000 0.000000 0.000000 0.000044 0.000000 0.000000
    44 0.000000 0.000000 0.000000 0.000000 0.000000 0.000000
    45 0.000000 0.000000 0.000000 0.000000 0.000000 0.000000
    46 0.000000 0.000000 0.000000 0.000000 0.000000 0.000000
    47 0.000000 0.000000 0.000000 0.000054 0.000000 0.000036
    48 0.000000 0.000000 0.000000 0.000049 0.000048 0.000032
    49 0.000000 0.000000 0.000000 0.000000 0.000048 0.000000
    50 0.000000 0.000000 0.000000 0.000000 0.000000 0.000000
    51 0.000000 0.000000 0.000000 0.000042 0.000000 0.000033
    52 0.000000 0.000000 0.000000 0.000000 0.000000 0.000000
    53 0.000000 0.000000 0.000000 0.000000 0.000000 0.000000
    54 0.000000 0.000000 0.000000 0.000000 0.000000 0.000000
    55 0.000000 0.000000 0.000000 0.000000 0.000000 0.000000
    56 0.000000 0.000000 0.000000 0.000000 0.000000 0.000000
    57 0.000000 0.000000 0.000000 0.000000 0.000000 0.000000
    58 0.000000 0.000000 0.000000 0.000000 0.000000 0.000000
    59 0.000000 0.000000 0.000000 0.000000 -0.000048 -0.000047
    60 0.000000 0.000000 0.000000 0.000000 0.000000 0.000000
    61 0.000000 0.000000 0.000000 0.000000 0.000000 0.000000
    62 0.000000 0.000000 0.000000 -0.000048 0.000000 -0.000033
    63 0.000000 0.000000 0.000000 0.000000 0.000000 0.000000
    64 0.000000 0.000000 0.000000 0.000000 0.000000 0.000000
    65 0.000000 0.000000 0.000000 0.000000 0.000000 0.000000
    66 0.000000 0.000000 0.000000 0.000000 0.000000 0.000000
    67 0.000000 0.000000 0.000000 0.000000 0.000000 0.000000
    68 0.000000 0.000000 0.000000 0.000000 0.000000 0.000040
    69 0.000000 0.000000 0.000000 0.000000 0.000000 0.000000
    70 0.000000 0.000000 0.000000 0.000000 0.000000 0.000000
    71 0.000000 0.000000 0.000000 0.000000 0.000000 0.000000
    72 0.000000 0.000000 0.000000 0.000000 0.000000 0.000000
    73 0.000000 0.000000 0.000000 0.000000 0.000000 0.000000
    74 0.000000 0.000000 0.000000 0.000000 0.000000 0.000000
    75 0.000000 0.000000 0.000000 0.000000 0.000000 0.000000
    76 0.000000 0.000000 0.000000 0.000000 0.000000 0.000000
    77 0.000000 0.000000 0.000000 0.000000 -0.000048 0.000000
    78 0.000000 0.000000 0.000000 0.000000 0.000000 0.000000
    79 0.000000 0.000000 0.000000 0.000000 0.000000 0.000000
    80 0.000000 0.000000 0.000000 0.000048 0.000000 0.000000
    81 0.000000 0.000000 0.000000 0.000000 0.000000 0.000000
    82 0.000000 0.000000 0.000000 0.000000 0.000000 0.000000
    83 0.000000 0.000000 0.000000 0.000000 0.000000 0.000000
    84 0.000000 0.000000 0.000000 0.000000 0.000000 0.000000
    85 0.000000 0.000000 0.000000 -0.000048 0.000000 0.000000
    86 0.000000 0.000000 0.000000 0.000000 0.000000 0.000000
    87 0.000000 0.000000 0.000000 0.000000 0.000000 0.000000
    88 0.000000 0.000000 0.000000 0.000000 0.000000 0.000000
    89 0.000000 0.000000 0.000000 0.000048 0.000000 0.000000
    90 0.000000 0.000000 0.000000 0.000000 0.000000 0.000000
    91 0.000000 0.000000 0.000000 0.000000 0.000048 0.000000
    92 0.000000 0.000000 0.000000 0.000000 0.000000 0.000000
    93 0.000000 0.000000 0.000000 0.000000 0.000000 0.000000
    94 0.000000 0.000000 0.000000 0.000048 0.000000 -0.000029
    95 0.000000 0.000000 0.000000 0.000000 0.000000 0.000000
    96 0.000000 0.000000 0.000000 0.000048 0.000000 0.000000
    97 0.000000 0.000000 0.000000 0.000000 0.000000 0.000000
    98 0.000000 0.000000 0.000000 0.000000 0.000048 0.000000
    99 0.000000 0.000000 0.000000 0.000000 0.000000 0.000000
    100 0.000000 0.000000 0.000000 0.000000 0.000000 0.000000
    101 0.000000 0.000000 0.000000 0.000000 0.000000 0.000000
    102 0.000000 0.000000 0.000000 0.000000 0.000000 0.000000
    103 0.000000 0.000000 0.000000 0.000000 0.000000 0.000000
    104 0.000000 0.000000 0.000000 0.000000 0.000000 0.000000
    105 0.000000 0.000000 0.000000 0.000000 0.000000 0.000000
    106 0.000000 0.000000 0.000000 0.000000 0.000000 0.000000
    107 0.000000 0.000000 0.000000 0.000000 0.000000 0.000000
    108 0.000000 0.000000 0.000000 0.000000 0.000000 0.000000
    109 0.000000 0.000000 0.000000 0.000000 0.000000 0.000000
    110 0.000000 0.000000 0.000000 0.000000 0.000000 0.000000
    111 0.000000 0.000000 0.000000 0.000000 0.000000 -1.570796
    112 2.300851 -0.410169 -0.253914 -0.438286 0.418620 -1.219100
    113 0.000000 0.000000 0.000000 0.000000 0.000000 0.000000
    114 0.000000 0.000000 0.000000 0.000000 0.000000 -1.570796
    115 0.000000 0.000000 0.000000 0.000000 0.000000 0.000000
    116 0.000000 0.000000 0.000000 0.000000 0.000000 0.000000
    117 0.000000 0.000000 0.000000 0.000000 0.000000 0.000000
    118 0.000000 0.000000 0.000000 0.000000 0.000000 0.000000
    119 0.000000 0.000000 0.000000 0.000000 0.000000 0.000000
    120 0.000000 0.000000 0.000000 0.000000 0.000000 0.000000
    121 0.000000 0.000000 0.000000 0.000000 0.000000 0.000000
    122 0.000000 0.000000 0.000000 0.000000 0.000000 0.000000
    123 0.000000 0.000000 0.000000 0.000000 0.000000 0.000000
    124 0.000000 0.000000 0.000000 0.000000 0.000000 0.000000
    125 0.000000 0.000000 0.000000 0.000000 0.000000 0.000000
    126 0.000000 0.000000 0.000000 0.000000 0.000000 0.000000
    127 0.000000 0.000000 0.000000 0.000000 0.000000 0.000000
    128 0.000000 0.000000 0.000000 0.000000 0.000000 0.000000
    129 0.000000 0.000000 0.000000 0.000000 0.000000 0.000000
    130 0.000000 0.000000 0.000000 0.000000 0.000000 0.000000
    131 0.000000 0.000000 0.000000 0.000000 0.000000 0.000000
    132 0.000000 0.000000 0.000000 0.000000 0.000000 0.000000
    133 0.000000 0.000000 0.000000 0.000000 0.000000 0.000000
    134 0.000000 0.000000 0.000000 0.000000 0.000000 0.000000
    135 0.000000 0.000000 0.000000 0.000000 0.000000 0.000000
    136 0.000000 0.000000 0.000000 0.000000 0.000000 0.000000
    137 0.000000 0.000000 0.000000 0.000000 0.000000 0.000000
    138 0.000000 0.000000 0.000000 0.000000 0.000000 0.000000
    139 0.000000 0.000000 0.000000 0.000000 0.000000 0.000000
    140 0.000000 0.000000 0.000000 0.000000 0.000000 0.000000
    141 0.000000 0.000000 0.000000 0.000000 0.000000 0.000000
    142 0.000000 0.000000 0.000000 0.000000 0.000000 0.000000
    143 0.000000 0.000000 0.000000 0.000000 0.000000 0.000000
    144 0.000000 0.000000 0.000000 0.000000 0.000000 0.000000
    145 0.000000 0.000000 0.000000 0.000000 0.000000 0.000000
    146 0.000000 0.000000 0.000000 0.000000 0.000000 0.000000
    147 0.000000 0.000000 0.000000 0.000000 0.000000 0.000000
    148 0.000000 0.000000 0.000000 0.000000 0.000000 0.000000
    149 0.000000 0.000000 0.000000 0.000000 0.000000 0.000000
    150 0.000000 0.000000 0.000000 0.000000 0.000000 0.000000
    151 0.000000 0.000000 0.000000 0.000000 0.000000 0.000000
    152 0.000000 0.000000 0.000000 0.000000 0.000000 0.000000
    153 0.000000 0.000000 0.000000 0.000000 0.000000 0.000000
    154 0.000000 0.000000 0.000000 0.000000 0.000000 0.000000
    155 0.000000 0.000000 0.000000 0.000000 0.000000 0.000000
    156 0.000000 0.000000 0.000000 0.000000 0.000000 0.000000
    157 0.000000 0.000000 0.000000 0.000000 0.000000 0.000000
    158 0.000000 0.000000 0.000000 0.000000 0.000000 0.000000
    159 0.000000 0.000000 0.000000 0.000000 0.000000 0.000000
    160 0.000000 0.000000 0.000000 0.000000 0.000000 0.000000
    161 0.000000 0.000000 0.000000 0.000000 0.000000 0.000000
    162 0.000000 0.000000 0.000000 0.000000 0.000000 0.000000
    163 0.000000 0.000000 0.000000 0.000000 0.000000 0.000000
    164 0.000000 0.000000 0.000000 0.000000 0.000000 0.000000
    165 0.000000 0.000000 0.000000 0.000000 0.000000 0.000000
    166 0.000000 0.000000 0.000000 0.000000 0.000000 0.000000
    167 0.000000 0.000000 0.000000 0.000000 0.000000 0.000000
    168 0.000000 0.000000 0.000000 0.000000 0.000000 0.000000
    169 0.000000 0.000000 0.000000 0.000000 0.000000 0.000000
    170 0.000000 0.000000 0.000000 0.000000 0.000000 0.000000
    171 0.000000 0.000000 0.000000 0.000000 0.000000 0.000000
    172 0.000000 0.000000 0.000000 0.000000 0.000000 0.000000
    173 0.000000 0.000000 0.000000 0.000000 0.000000 0.000000
    174 0.000000 0.000000 0.000000 0.000000 0.000000 0.000000
    175 0.000000 0.000000 0.000000 0.000000 0.000000 0.000000
    176 0.000000 0.000000 0.000000 0.000000 0.000000 0.000000
    177 0.000000 0.000000 0.000000 0.000000 0.000000 0.000000
    178 0.000000 0.000000 0.000000 0.000000 0.000000 0.000000
    179 0.000000 0.000000 0.000000 0.000000 0.000000 0.000000
    180 0.000000 0.000000 0.000000 0.000000 0.000000 0.000000
    181 0.000000 0.000000 0.000000 0.000000 0.000000 0.000000
    182 0.000000 0.000000 0.000000 0.000000 0.000000 0.000000
    183 0.000000 0.000000 0.000000 0.000000 0.000000 0.000000
    184 0.000000 0.000000 0.000000 0.000000 0.000000 0.000000
    185 0.000000 0.000000 0.000000 0.000000 0.000000 0.000000
    186 0.000000 0.000000 0.000000 0.000000 0.000000 0.000000
    187 0.000000 0.000000 0.000000 0.000000 0.000000 0.000000
    188 0.000000 0.000000 0.000000 0.000000 0.000000 0.000000
    189 0.000000 0.000000 0.000000 0.000000 0.000000 0.000000
    190 0.000000 0.000000 0.000000 0.000000 0.000000 0.000000
    191 0.000000 0.000000 0.000000 -0.367770 0.000000 0.000000
    192 0.000000 0.000000 0.000000 0.000000 0.000000 0.000000
    193 0.000000 0.000000 0.000000 0.000000 0.000000 0.000000
    194 0.000000 0.000000 0.000000 -0.000054 -0.000048 0.000048
    195 0.000000 0.000000 0.000000 -0.000096 0.000000 0.000000
    196 0.000000 0.000000 0.000000 0.000000 0.000000 0.000000
    197 0.000000 0.000000 0.000000 0.000000 0.000000 0.000000
    198 0.000000 0.000000 0.000000 0.000000 0.000000 0.000000
    199 0.000000 0.000000 0.000000 0.000000 0.000000 0.000000
    200 0.000000 0.000000 0.000000 0.000000 0.000000 0.000000
    201 0.000000 0.000000 0.000000 0.000000 0.000000 0.000000
    202 0.000000 0.000000 0.000000 0.000000 0.000000 0.000000
    203 0.000000 0.000000 0.000000 0.000000 0.000000 0.000000
    204 0.000000 0.000000 0.000000 0.000000 0.000000 0.000000
    205 0.000000 0.000000 0.000000 0.000000 0.000000 0.000000
    206 0.000000 0.000000 0.000000 -0.000087 0.000000 0.000000
    207 0.000000 0.000000 0.000000 0.000000 0.000000 0.000000
    208 0.000000 0.000000 0.000000 0.000000 0.000000 0.000000
    209 0.000000 0.000000 0.000000 0.000000 0.000000 0.000048
    210 0.000000 0.000000 0.000000 0.000000 0.000055 0.000000
    211 0.000000 0.000000 0.000000 0.000000 0.000000 0.000000
    212 0.000000 0.000000 0.000000 0.000000 0.000000 0.000000
    213 0.000000 0.000000 0.000000 0.000000 0.000000 0.000000
    214 0.000000 0.000000 0.000000 0.000000 0.000000 0.000000
    215 0.000000 0.000000 0.000000 0.000000 0.000000 0.000000
    216 0.000000 0.000000 0.000000 0.000000 0.000000 0.000000
    217 0.000000 0.000000 0.000000 0.000000 0.000000 0.000000
    218 0.000000 0.000000 0.000000 0.000000 0.000000 0.000000
    219 0.000000 0.000000 0.000000 0.000000 0.000000 0.000000
    220 0.000000 0.000000 0.000000 0.000000 0.000000 0.000000
    221 0.000000 0.000000 0.000000 0.000000 0.000000 0.000000
    222 0.000000 0.000000 0.000000 0.000000 0.000000 0.000000
    223 0.000000 0.000000 0.000000 0.000000 0.000000 0.000000
    224 0.000000 0.000000 0.000000 0.000000 0.000000 0.000000
    225 0.000000 0.000000 0.000000 0.000000 0.000000 0.000000
    226 0.000000 0.000000 0.000000 0.000000 0.000000 0.000000
    227 -1.144566 5.367351 -4.414197 -0.438286 0.418606 0.351695
    228 0.000000 0.000000 0.000000 0.000000 0.000000 0.000000
    229 0.000000 0.000000 0.000000 0.000000 0.000000 0.000000
    230 0.000000 0.000000 0.000000 -0.001510 0.000000 0.000000
    231 0.000000 0.000000 0.000000 0.000000 0.000000 0.000000
    232 0.000000 0.000000 0.000000 0.000000 0.000000 0.000000
    233 0.000000 0.000000 0.000000 0.000000 0.000000 0.000000
    234 5.390790 2.105533 -5.543138 -0.438225 0.418622 -1.219063
    235 0.000000 0.000000 0.000000 0.000000 0.000000 0.000000
    236 0.000000 0.000000 0.000000 0.000000 0.000000 0.000000
    237 0.000000 0.000000 0.000000 0.000000 0.000000 0.000000
    238 0.000000 0.000000 0.000000 0.000000 0.000000 0.000000
    239 0.000000 0.000000 0.000000 0.000000 0.000000 0.000000
    240 0.000000 0.000000 0.000000 0.000000 0.000000 0.000000
    241 0.000000 0.000000 0.000000 0.000000 0.000000 0.000000
    242 0.000000 0.000000 0.000000 0.000000 0.000000 0.000000
    243 0.000000 0.000000 0.000000 0.000000 0.000000 0.000000
    244 0.000000 0.000000 0.000000 0.000000 0.000000 0.000000
    245 0.000000 0.000000 0.000000 0.000000 0.000000 0.000000
    246 0.000000 0.000000 0.000000 0.000000 0.000000 -1.570796
  time 22
    0 0.000000 0.000000 0.000000 0.000000 0.000000 -1.570796
    1 0.000000 0.000000 0.000000 0.000000 0.000000 0.000000
    2 0.000000 0.000000 0.000000 0.000000 0.000000 0.000000
    3 0.000000 0.000000 0.000000 0.000000 0.000000 0.000000
    4 0.000000 0.000000 0.000000 0.000000 0.000000 0.000000
    5 0.000000 0.000000 0.000000 0.000000 0.000000 0.000000
    6 0.000000 0.000000 0.000000 0.000000 0.000000 0.000000
    7 0.000000 0.000000 0.000000 0.000000 0.000000 0.000000
    8 -4.836085 -1.250038 1.937559 0.044418 0.571319 -0.444108
    9 0.000000 0.000000 0.000000 0.281806 -0.074515 0.286295
    10 0.000000 0.000000 0.000000 0.000000 0.000000 0.000000
    11 0.000000 0.000000 0.000000 0.000000 0.000047 0.000000
    12 0.000000 0.000000 0.000000 0.000000 0.000000 0.000000
    13 0.000000 0.000000 0.000000 -0.311281 0.000000 0.000000
    14 0.000000 0.000000 0.000000 0.000000 0.000000 -0.039201
    15 0.000000 0.000000 0.000000 0.000000 0.000000 0.000000
    16 0.000000 0.000000 0.000000 0.000000 0.000000 0.000000
    17 0.000000 0.000000 0.000000 0.000048 0.000048 0.000000
    18 0.000000 0.000000 0.000000 0.000000 0.000000 0.000000
    19 0.000000 0.000000 0.000000 -0.728739 0.000000 0.000000
    20 0.031251 0.007813 0.000000 0.000000 0.000000 0.019649
    21 0.000000 0.000000 0.000000 -0.932772 -0.579971 0.327546
    22 0.000000 0.000000 0.000000 0.000000 0.000000 0.000000
    23 0.000000 0.000000 0.000000 0.000000 0.000000 -0.000048
    24 0.000000 0.000000 0.000000 0.000000 0.000000 -0.000057
    25 0.000000 0.000000 0.000000 0.000000 -0.000044 0.000000
    26 0.000000 0.000000 0.000000 0.000000 0.000000 0.000000
    27 0.000000 0.000000 0.000000 0.000000 0.000048 -0.000048
    28 0.000000 0.000000 0.000000 0.000000 0.000048 -0.000048
    29 0.000000 0.000000 0.000000 0.000000 0.000054 0.000000
    30 0.000000 0.000000 0.000000 -0.000054 0.000048 -0.000048
    31 0.000000 0.000000 0.000000 0.000030 -0.000047 0.000000
    32 0.000000 0.000000 0.000000 0.000000 0.000000 0.000000
    33 0.000000 0.000000 0.000000 0.000000 0.000000 -0.000048
    34 0.000000 0.000000 0.000000 0.000051 0.000000 0.000000
    35 0.000000 0.000000 0.000000 0.000053 0.000000 -0.000048
    36 0.000000 0.000000 0.000000 0.000000 -0.000048 -0.000048
    37 0.000000 0.000000 0.000000 0.000000 0.000000 0.000000
    38 0.000000 0.000000 0.000000 0.000000 0.000000 0.000000
    39 0.000000 0.000000 0.000000 -0.000039 0.000056 0.000000
    40 0.000000 0.000000 0.000000 0.000000 0.000000 0.000042
    41 0.000000 0.000000 0.000000 0.000000 -0.000048 0.000000
    42 0.000000 0.000000 0.000000 0.000000 0.000000 0.000000
    43 0.000000 0.000000 0.000000 0.000044 0.000000 0.000000
    44 0.000000 0.000000 0.000000 0.000000 0.000000 0.000000
    45 0.000000 0.000000 0.000000 0.000000 0.000000 0.000000
    46 0.000000 0.000000 0.000000 0.000000 0.000000 0.000000
    47 0.000000 0.000000 0.000000 0.000054 0.000000 0.000036
    48 0.000000 0.000000 0.000000 0.000049 0.000048 0.000032
    49 0.000000 0.000000 0.000000 0.000000 0.000048 0.000000
    50 0.000000 0.000000 0.000000 0.000000 0.000000 0.000000
    51 0.000000 0.000000 0.000000 0.000056 0.000000 0.000033
    52 0.000000 0.000000 0.000000 0.000000 0.000000 0.000000
    53 0.000000 0.000000 0.000000 0.000000 0.000000 0.000000
    54 0.000000 0.000000 0.000000 0.000000 0.000000 0.000000
    55 0.000000 0.000000 0.000000 0.000000 0.000000 0.000000
    56 0.000000 0.000000 0.000000 0.000000 0.000000 0.000000
    57 0.000000 0.000000 0.000000 0.000000 0.000000 0.000000
    58 0.000000 0.000000 0.000000 0.000000 0.000000 0.000000
    59 0.000000 0.000000 0.000000 0.000000 -0.000048 -0.000047
    60 0.000000 0.000000 0.000000 0.000000 0.000000 0.000000
    61 0.000000 0.000000 0.000000 0.000000 0.000000 0.000000
    62 0.000000 0.000000 0.000000 -0.000048 0.000000 -0.000033
    63 0.000000 0.000000 0.000000 0.000000 0.000000 0.000000
    64 0.000000 0.000000 0.000000 0.000000 0.000000 0.000000
    65 0.000000 0.000000 0.000000 0.000000 0.000000 0.000000
    66 0.000000 0.000000 0.000000 0.000000 0.000000 0.000000
    67 0.000000 0.000000 0.000000 0.000000 0.000000 0.000000
    68 0.000000 0.000000 0.000000 0.000000 0.000000 0.000040
    69 0.000000 0.000000 0.000000 0.000000 0.000000 0.000000
    70 0.000000 0.000000 0.000000 0.000000 0.000000 0.000000
    71 0.000000 0.000000 0.000000 0.000000 0.000000 0.000000
    72 0.000000 0.000000 0.000000 0.000000 0.000000 0.000000
    73 0.000000 0.000000 0.000000 0.000000 0.000000 0.000000
    74 0.000000 0.000000 0.000000 0.000000 0.000000 0.000000
    75 0.000000 0.000000 0.000000 0.000000 0.000000 0.000000
    76 0.000000 0.000000 0.000000 0.000000 0.000000 0.000000
    77 0.000000 0.000000 0.000000 0.000000 -0.000048 0.000000
    78 0.000000 0.000000 0.000000 0.000000 0.000000 0.000000
    79 0.000000 0.000000 0.000000 0.000000 0.000000 0.000000
    80 0.000000 0.000000 0.000000 0.000048 0.000000 0.000000
    81 0.000000 0.000000 0.000000 0.000000 0.000000 0.000000
    82 0.000000 0.000000 0.000000 0.000000 0.000000 0.000000
    83 0.000000 0.000000 0.000000 0.000000 0.000000 0.000000
    84 0.000000 0.000000 0.000000 0.000000 0.000000 0.000000
    85 0.000000 0.000000 0.000000 -0.000048 0.000000 0.000000
    86 0.000000 0.000000 0.000000 0.000000 0.000000 0.000000
    87 0.000000 0.000000 0.000000 0.000000 0.000000 0.000000
    88 0.000000 0.000000 0.000000 0.000000 0.000000 0.000000
    89 0.000000 0.000000 0.000000 0.000048 0.000000 0.000056
    90 0.000000 0.000000 0.000000 0.000000 0.000000 0.000000
    91 0.000000 0.000000 0.000000 0.000000 0.000048 0.000000
    92 0.000000 0.000000 0.000000 0.000000 0.000000 0.000000
    93 0.000000 0.000000 0.000000 0.000000 0.000000 0.000000
    94 0.000000 0.000000 0.000000 0.000048 0.000000 -0.000029
    95 0.000000 0.000000 0.000000 0.000000 0.000000 0.000000
    96 0.000000 0.000000 0.000000 0.000048 0.000000 0.000000
    97 0.000000 0.000000 0.000000 0.000000 0.000000 0.000000
    98 0.000000 0.000000 0.000000 0.000000 0.000048 0.000000
    99 0.000000 0.000000 0.000000 0.000000 0.000000 0.000000
    100 0.000000 0.000000 0.000000 0.000000 0.000000 0.000000
    101 0.000000 0.000000 0.000000 0.000000 0.000000 0.000000
    102 0.000000 0.000000 0.000000 0.000000 0.000000 0.000000
    103 0.000000 0.000000 0.000000 0.000000 0.000000 0.000000
    104 0.000000 0.000000 0.000000 0.000000 0.000000 0.000000
    105 0.000000 0.000000 0.000000 0.000000 0.000000 0.000000
    106 0.000000 0.000000 0.000000 0.000000 0.000000 0.000000
    107 0.000000 0.000000 0.000000 0.000000 0.000000 0.000000
    108 0.000000 0.000000 0.000000 0.000000 0.000000 0.000000
    109 0.000000 0.000000 0.000000 0.000000 0.000000 0.000000
    110 0.000000 0.000000 0.000000 0.000000 0.000000 0.000000
    111 0.000000 0.000000 0.000000 0.000000 0.000000 -1.570796
    112 2.371166 -0.394543 -0.207038 -0.424480 0.415555 -1.220219
    113 0.000000 0.000000 0.000000 0.000000 0.000000 0.000000
    114 0.000000 0.000000 0.000000 0.000000 0.000000 -1.570796
    115 0.000000 0.000000 0.000000 0.000000 0.000000 0.000000
    116 0.000000 0.000000 0.000000 0.000000 0.000000 0.000000
    117 0.000000 0.000000 0.000000 0.000000 0.000000 0.000000
    118 0.000000 0.000000 0.000000 0.000000 0.000000 0.000000
    119 0.000000 0.000000 0.000000 0.000000 0.000000 0.000000
    120 0.000000 0.000000 0.000000 0.000000 0.000000 0.000000
    121 0.000000 0.000000 0.000000 0.000000 0.000000 0.000000
    122 0.000000 0.000000 0.000000 0.000000 0.000000 0.000000
    123 0.000000 0.000000 0.000000 0.000000 0.000000 0.000000
    124 0.000000 0.000000 0.000000 0.000000 0.000000 0.000000
    125 0.000000 0.000000 0.000000 0.000000 0.000000 0.000000
    126 0.000000 0.000000 0.000000 0.000000 0.000000 0.000000
    127 0.000000 0.000000 0.000000 0.000000 0.000000 0.000000
    128 0.000000 0.000000 0.000000 0.000000 0.000000 0.000000
    129 0.000000 0.000000 0.000000 0.000000 0.000000 0.000000
    130 0.000000 0.000000 0.000000 0.000000 0.000000 0.000000
    131 0.000000 0.000000 0.000000 0.000000 0.000000 0.000000
    132 0.000000 0.000000 0.000000 0.000000 0.000000 0.000000
    133 0.000000 0.000000 0.000000 0.000000 0.000000 0.000000
    134 0.000000 0.000000 0.000000 0.000000 0.000000 0.000000
    135 0.000000 0.000000 0.000000 0.000000 0.000000 0.000000
    136 0.000000 0.000000 0.000000 0.000000 0.000000 0.000000
    137 0.000000 0.000000 0.000000 0.000000 0.000000 0.000000
    138 0.000000 0.000000 0.000000 0.000000 0.000000 0.000000
    139 0.000000 0.000000 0.000000 0.000000 0.000000 0.000000
    140 0.000000 0.000000 0.000000 0.000000 0.000000 0.000000
    141 0.000000 0.000000 0.000000 0.000000 0.000000 0.000000
    142 0.000000 0.000000 0.000000 0.000000 0.000000 0.000000
    143 0.000000 0.000000 0.000000 0.000000 0.000000 0.000000
    144 0.000000 0.000000 0.000000 0.000000 0.000000 0.000000
    145 0.000000 0.000000 0.000000 0.000000 0.000000 0.000000
    146 0.000000 0.000000 0.000000 0.000000 0.000000 0.000000
    147 0.000000 0.000000 0.000000 0.000000 0.000000 0.000000
    148 0.000000 0.000000 0.000000 0.000000 0.000000 0.000000
    149 0.000000 0.000000 0.000000 0.000000 0.000000 0.000000
    150 0.000000 0.000000 0.000000 0.000000 0.000000 0.000000
    151 0.000000 0.000000 0.000000 0.000000 0.000000 0.000000
    152 0.000000 0.000000 0.000000 0.000000 0.000000 0.000000
    153 0.000000 0.000000 0.000000 0.000000 0.000000 0.000000
    154 0.000000 0.000000 0.000000 0.000000 0.000000 0.000000
    155 0.000000 0.000000 0.000000 0.000000 0.000000 0.000000
    156 0.000000 0.000000 0.000000 0.000000 0.000000 0.000000
    157 0.000000 0.000000 0.000000 0.000000 0.000000 0.000000
    158 0.000000 0.000000 0.000000 0.000000 0.000000 0.000000
    159 0.000000 0.000000 0.000000 0.000000 0.000000 0.000000
    160 0.000000 0.000000 0.000000 0.000000 0.000000 0.000000
    161 0.000000 0.000000 0.000000 0.000000 0.000000 0.000000
    162 0.000000 0.000000 0.000000 0.000000 0.000000 0.000000
    163 0.000000 0.000000 0.000000 0.000000 0.000000 0.000000
    164 0.000000 0.000000 0.000000 0.000000 0.000000 0.000000
    165 0.000000 0.000000 0.000000 0.000000 0.000000 0.000000
    166 0.000000 0.000000 0.000000 0.000000 0.000000 0.000000
    167 0.000000 0.000000 0.000000 0.000000 0.000000 0.000000
    168 0.000000 0.000000 0.000000 0.000000 0.000000 0.000000
    169 0.000000 0.000000 0.000000 0.000000 0.000000 0.000000
    170 0.000000 0.000000 0.000000 0.000000 0.000000 0.000000
    171 0.000000 0.000000 0.000000 0.000000 0.000000 0.000000
    172 0.000000 0.000000 0.000000 0.000000 0.000000 0.000000
    173 0.000000 0.000000 0.000000 0.000000 0.000000 0.000000
    174 0.000000 0.000000 0.000000 0.000000 0.000000 0.000000
    175 0.000000 0.000000 0.000000 0.000000 0.000000 0.000000
    176 0.000000 0.000000 0.000000 0.000000 0.000000 0.000000
    177 0.000000 0.000000 0.000000 0.000000 0.000000 0.000000
    178 0.000000 0.000000 0.000000 0.000000 0.000000 0.000000
    179 0.000000 0.000000 0.000000 0.000000 0.000000 0.000000
    180 0.000000 0.000000 0.000000 0.000000 0.000000 0.000000
    181 0.000000 0.000000 0.000000 0.000000 0.000000 0.000000
    182 0.000000 0.000000 0.000000 0.000000 0.000000 0.000000
    183 0.000000 0.000000 0.000000 0.000000 0.000000 0.000000
    184 0.000000 0.000000 0.000000 0.000000 0.000000 0.000000
    185 0.000000 0.000000 0.000000 0.000000 0.000000 0.000000
    186 0.000000 0.000000 0.000000 0.000000 0.000000 0.000000
    187 0.000000 0.000000 0.000000 0.000000 0.000000 0.000000
    188 0.000000 0.000000 0.000000 0.000000 0.000000 0.000000
    189 0.000000 0.000000 0.000000 0.000000 0.000000 0.000000
    190 0.000000 0.000000 0.000000 0.000000 0.000000 0.000000
    191 0.000000 0.000000 0.000000 -0.364391 0.000000 0.000000
    192 0.000000 0.000000 0.000000 0.000000 0.000000 0.000000
    193 0.000000 0.000000 0.000000 0.000000 0.000000 0.000000
    194 0.000000 0.000000 0.000000 -0.000054 -0.000048 0.000048
    195 0.000000 0.000000 0.000000 -0.000096 0.000000 0.000000
    196 0.000000 0.000000 0.000000 0.000000 0.000000 0.000000
    197 0.000000 0.000000 0.000000 0.000000 0.000000 0.000000
    198 0.000000 0.000000 0.000000 0.000000 0.000000 0.000000
    199 0.000000 0.000000 0.000000 0.000000 0.000000 0.000000
    200 0.000000 0.000000 0.000000 0.000000 0.000000 0.000000
    201 0.000000 0.000000 0.000000 0.000000 0.000000 0.000000
    202 0.000000 0.000000 0.000000 0.000000 0.000000 0.000000
    203 0.000000 0.000000 0.000000 0.000000 0.000000 0.000000
    204 0.000000 0.000000 0.000000 0.000000 0.000000 0.000000
    205 0.000000 0.000000 0.000000 0.000000 0.000000 0.000000
    206 0.000000 0.000000 0.000000 -0.000087 0.000000 0.000000
    207 0.000000 0.000000 0.000000 0.000000 0.000000 0.000000
    208 0.000000 0.000000 0.000000 0.000000 0.000000 0.000000
    209 0.000000 0.000000 0.000000 0.000000 0.000000 0.000048
    210 0.000000 0.000000 0.000000 0.000000 0.000055 0.000000
    211 0.000000 0.000000 0.000000 0.000000 0.000000 0.000000
    212 0.000000 0.000000 0.000000 0.000000 0.000000 0.000000
    213 0.000000 0.000000 0.000000 0.000000 0.000000 0.000000
    214 0.000000 0.000000 0.000000 0.000000 0.000000 0.000000
    215 0.000000 0.000000 0.000000 0.000000 0.000000 0.000000
    216 0.000000 0.000000 0.000000 0.000000 0.000000 0.000000
    217 0.000000 0.000000 0.000000 0.000000 0.000000 0.000000
    218 0.000000 0.000000 0.000000 0.000000 0.000000 0.000000
    219 0.000000 0.000000 0.000000 0.000000 0.000000 0.000000
    220 0.000000 0.000000 0.000000 0.000000 0.000000 0.000000
    221 0.000000 0.000000 0.000000 0.000000 0.000000 0.000000
    222 0.000000 0.000000 0.000000 0.000000 0.000000 0.000000
    223 0.000000 0.000000 0.000000 0.000000 0.000000 0.000000
    224 0.000000 0.000000 0.000000 0.000000 0.000000 0.000000
    225 0.000000 0.000000 0.000000 0.000000 0.000000 0.000000
    226 0.000000 0.000000 0.000000 0.000000 0.000000 0.000000
    227 -1.144566 5.437666 -4.339976 -0.424480 0.415540 0.350576
    228 0.000000 0.000000 0.000000 0.000000 0.000000 0.000000
    229 0.000000 0.000000 0.000000 0.000000 0.000000 0.000000
    230 0.000000 0.000000 0.000000 -0.001522 0.000000 0.000000
    231 0.000000 0.000000 0.000000 0.000000 0.000000 0.000000
    232 0.000000 0.000000 0.000000 0.000000 0.000000 0.000000
    233 0.000000 0.000000 0.000000 0.000000 0.000000 0.000000
    234 5.484542 2.109439 -5.476730 -0.424421 0.415546 -1.220212
    235 0.000000 0.000000 0.000000 0.000000 0.000000 0.000000
    236 0.000000 0.000000 0.000000 0.000000 0.000000 0.000000
    237 0.000000 0.000000 0.000000 0.000000 0.000000 0.000000
    238 0.000000 0.000000 0.000000 0.000000 0.000000 0.000000
    239 0.000000 0.000000 0.000000 0.000000 0.000000 0.000000
    240 0.000000 0.000000 0.000000 0.000000 0.000000 0.000000
    241 0.000000 0.000000 0.000000 0.000000 0.000000 0.000000
    242 0.000000 0.000000 0.000000 0.000000 0.000000 0.000000
    243 0.000000 0.000000 0.000000 0.000000 0.000000 0.000000
    244 0.000000 0.000000 0.000000 0.000000 0.000000 0.000000
    245 0.000000 0.000000 0.000000 0.000000 0.000000 0.000000
    246 0.000000 0.000000 0.000000 0.000000 0.000000 -1.570796
  time 23
    0 0.000000 0.000000 0.000000 0.000000 0.000000 -1.570796
    1 0.000000 0.000000 0.000000 0.000000 0.000000 0.000000
    2 0.000000 0.000000 0.000000 0.000000 0.000000 0.000000
    3 0.000000 0.000000 0.000000 0.000000 0.000000 0.000000
    4 0.000000 0.000000 0.000000 0.000000 0.000000 0.000000
    5 0.000000 0.000000 0.000000 0.000000 0.000000 0.000000
    6 0.000000 0.000000 0.000000 0.000000 0.000000 0.000000
    7 0.000000 0.000000 0.000000 0.000000 0.000000 0.000000
    8 -4.793115 -1.242225 1.949278 0.043001 0.567831 -0.443438
    9 0.000000 0.000000 0.000000 0.276835 -0.073813 0.288694
    10 0.000000 0.000000 0.000000 0.000000 0.000000 0.000000
    11 0.000000 0.000000 0.000000 0.000000 0.000047 0.000000
    12 0.000000 0.000000 0.000000 0.000000 0.000000 0.000000
    13 0.000000 0.000000 0.000000 -0.308415 0.000000 0.000000
    14 0.000000 0.000000 0.000000 0.000000 0.000000 -0.043650
    15 0.000000 0.000000 0.000000 0.000000 0.000000 0.000000
    16 0.000000 0.000000 0.000000 0.000000 0.000000 0.000000
    17 0.000000 0.000000 0.000000 0.000060 0.000060 0.000000
    18 0.000000 0.000000 0.000000 0.000000 0.000000 0.000000
    19 0.000000 0.000000 0.000000 -0.727076 0.000012 0.000048
    20 0.046876 0.007813 0.000000 0.000000 0.000000 0.021909
    21 0.000000 0.000000 0.000000 -0.922838 -0.576149 0.323952
    22 0.000000 0.000000 0.000000 0.000000 0.000000 0.000000
    23 0.000000 0.000000 0.000000 0.000000 0.000000 -0.000060
    24 0.000000 0.000000 0.000000 0.000000 0.000000 -0.000057
    25 0.000000 0.000000 0.000000 -0.000058 -0.000044 0.000000
    26 0.000000 0.000000 0.000000 0.000000 0.000000 0.000000
    27 0.000000 0.000000 0.000000 0.000000 0.000060 -0.000060
    28 0.000000 0.000000 0.000000 0.000000 0.000060 -0.000060
    29 0.000000 0.000000 0.000000 0.000000 0.000054 0.000000
    30 0.000000 0.000000 0.000000 -0.000054 0.000060 -0.000060
    31 0.000000 0.000000 0.000000 0.000060 -0.000047 0.000000
    32 0.000000 0.000000 0.000000 0.000000 0.000000 0.000000
    33 0.000000 0.000000 0.000000 0.000000 0.000000 -0.000060
    34 0.000000 0.000000 0.000000 0.000051 0.000000 0.000000
    35 0.000000 0.000000 0.000000 0.000053 0.000000 -0.000060
    36 0.000000 0.000000 0.000000 0.000000 -0.000060 -0.000060
    37 0.000000 0.000000 0.000000 0.000000 0.000000 0.000000
    38 0.000000 0.000000 0.000000 0.000000 0.000000 0.000000
    39 0.000000 0.000000 0.000000 -0.000058 0.000056 0.000000
    40 0.000000 0.000000 0.000000 0.000000 0.000000 0.000042
    41 0.000000 0.000000 0.000000 0.000000 -0.000048 0.000000
    42 0.000000 0.000000 0.000000 0.000000 0.000000 0.000000
    43 0.000000 0.000000 0.000000 0.000044 0.000000 0.000000
    44 0.000000 0.000000 0.000000 0.000000 0.000000 0.000000
    45 0.000000 0.000000 0.000000 0.000000 0.000000 0.000000
    46 0.000000 0.000000 0.000000 0.000000 0.000000 0.000000
    47 0.000000 0.000000 0.000000 0.000054 0.000000 0.000036
    48 0.000000 0.000000 0.000000 0.000049 0.000060 0.000032
    49 0.000000 0.000000 0.000000 0.000000 0.000060 0.000000
    50 0.000000 0.000000 0.000000 0.000000 0.000000 0.000000
    51 0.000000 0.000000 0.000000 0.000056 0.000000 0.000033
    52 0.000000 0.000000 0.000000 0.000000 0.000000 0.000000
    53 0.000000 0.000000 0.000000 0.000000 0.000000 0.000000
    54 0.000000 0.000000 0.000000 0.000000 0.000000 0.000000
    55 0.000000 0.000000 0.000000 0.000000 0.000000 0.000000
    56 0.000000 0.000000 0.000000 0.000000 0.000000 0.000000
    57 0.000000 0.000000 0.000000 0.000000 0.000000 0.000000
    58 0.000000 0.000000 0.000000 0.000000 0.000000 0.000000
    59 0.000000 0.000000 0.000000 0.000000 -0.000060 -0.000047
    60 0.000000 0.000000 0.000000 0.000000 0.000000 0.000000
    61 0.000000 0.000000 0.000000 0.000000 0.000000 0.000000
    62 0.000000 0.000000 0.000000 -0.000060 0.000000 -0.000033
    63 0.000000 0.000000 0.000000 0.000000 0.000000 0.000000
    64 0.000000 0.000000 0.000000 0.000000 0.000000 0.000000
    65 0.000000 0.000000 0.000000 0.000000 0.000000 0.000000
    66 0.000000 0.000000 0.000000 0.000000 0.000000 0.000000
    67 0.000000 0.000000 0.000000 0.000000 0.000000 0.000000
    68 0.000000 0.000000 0.000000 0.000000 0.000000 0.000040
    69 0.000000 0.000000 0.000000 0.000000 0.000000 0.000000
    70 0.000000 0.000000 0.000000 0.000000 0.000000 0.000000
    71 0.000000 0.000000 0.000000 0.000000 0.000000 0.000000
    72 0.000000 0.000000 0.000000 0.000000 0.000000 0.000000
    73 0.000000 0.000000 0.000000 0.000000 0.000000 0.000000
    74 0.000000 0.000000 0.000000 0.000000 0.000000 0.000000
    75 0.000000 0.000000 0.000000 0.000000 0.000000 0.000000
    76 0.000000 0.000000 0.000000 0.000000 0.000000 0.000000
    77 0.000000 0.000000 0.000000 0.000000 -0.000060 0.000000
    78 0.000000 0.000000 0.000000 0.000000 0.000000 0.000000
    79 0.000000 0.000000 0.000000 0.000000 0.000000 0.000000
    80 0.000000 0.000000 0.000000 0.000060 0.000000 0.000000
    81 0.000000 0.000000 0.000000 0.000000 0.000000 0.000000
    82 0.000000 0.000000 0.000000 0.000000 0.000000 0.000000
    83 0.000000 0.000000 0.000000 0.000000 0.000000 0.000000
    84 0.000000 0.000000 0.000000 0.000000 0.000000 0.000000
    85 0.000000 0.000000 0.000000 -0.000060 0.000000 0.000000
    86 0.000000 0.000000 0.000000 0.000000 0.000000 0.000000
    87 0.000000 0.000000 0.000000 0.000000 0.000000 0.000059
    88 0.000000 0.000000 0.000000 0.000000 0.000000 0.000000
    89 0.000000 0.000000 0.000000 0.000060 0.000000 0.000056
    90 0.000000 0.000000 0.000000 0.000000 0.000000 0.000000
    91 0.000000 0.000000 0.000000 0.000000 0.000060 0.000000
    92 0.000000 0.000000 0.000000 0.000000 0.000000 0.000000
    93 0.000000 0.000000 0.000000 0.000000 0.000000 0.000000
    94 0.000000 0.000000 0.000000 0.000060 0.000000 -0.000059
    95 0.000000 0.000000 0.000000 0.000000 0.000000 0.000000
    96 0.000000 0.000000 0.000000 0.000060 0.000000 0.000000
    97 0.000000 0.000000 0.000000 0.000000 0.000000 0.000000
    98 0.000000 0.000000 0.000000 0.000000 0.000060 0.000000
    99 0.000000 0.000000 0.000000 0.000000 0.000000 0.000000
    100 0.000000 0.000000 0.000000 0.000000 0.000000 0.000000
    101 0.000000 0.000000 0.000000 0.000000 0.000000 0.000000
    102 0.000000 0.000000 0.000000 0.000000 0.000000 0.000000
    103 0.000000 0.000000 0.000000 0.000000 0.000000 0.000000
    104 0.000000 0.000000 0.000000 0.000000 0.000000 0.000000
    105 0.000000 0.000000 0.000000 0.000000 0.000000 0.000000
    106 0.000000 0.000000 0.000000 0.000000 0.000000 0.000000
    107 0.000000 0.000000 0.000000 0.000000 0.000000 0.000000
    108 0.000000 0.000000 0.000000 0.000000 0.000000 0.000000
    109 0.000000 0.000000 0.000000 0.000000 0.000000 0.000000
    110 0.000000 0.000000 0.000000 0.000000 0.000000 0.000000
    111 0.000000 0.000000 0.000000 0.000000 0.000000 -1.570796
    112 2.398511 -0.398450 -0.183599 -0.421160 0.414399 -1.220871
    113 0.000000 0.000000 0.000000 0.000000 0.000000 0.000000
    114 0.000000 0.000000 0.000000 0.000000 0.000000 -1.570796
    115 0.000000 0.000000 0.000000 0.000000 0.000000 0.000000
    116 0.000000 0.000000 0.000000 0.000000 0.000000 0.000000
    117 0.000000 0.000000 0.000000 0.000000 0.000000 0.000000
    118 0.000000 0.000000 0.000000 0.000000 0.000000 0.000000
    119 0.000000 0.000000 0.000000 0.000000 0.000000 0.000000
    120 0.000000 0.000000 0.000000 0.000000 0.000000 0.000000
    121 0.000000 0.000000 0.000000 0.000000 0.000000 0.000000
    122 0.000000 0.000000 0.000000 0.000000 0.000000 0.000000
    123 0.000000 0.000000 0.000000 0.000000 0.000000 0.000000
    124 0.000000 0.000000 0.000000 0.000000 0.000000 0.000000
    125 0.000000 0.000000 0.000000 0.000000 0.000000 0.000000
    126 0.000000 0.000000 0.000000 0.000000 0.000000 0.000000
    127 0.000000 0.000000 0.000000 0.000000 0.000000 0.000000
    128 0.000000 0.000000 0.000000 0.000000 0.000000 0.000000
    129 0.000000 0.000000 0.000000 0.000000 0.000000 0.000000
    130 0.000000 0.000000 0.000000 0.000000 0.000000 0.000000
    131 0.000000 0.000000 0.000000 0.000000 0.000000 0.000000
    132 0.000000 0.000000 0.000000 0.000000 0.000000 0.000000
    133 0.000000 0.000000 0.000000 0.000000 0.000000 0.000000
    134 0.000000 0.000000 0.000000 0.000000 0.000000 0.000000
    135 0.000000 0.000000 0.000000 0.000000 0.000000 0.000000
    136 0.000000 0.000000 0.000000 0.000000 0.000000 0.000000
    137 0.000000 0.000000 0.000000 0.000000 0.000000 0.000000
    138 0.000000 0.000000 0.000000 0.000000 0.000000 0.000000
    139 0.000000 0.000000 0.000000 0.000000 0.000000 0.000000
    140 0.000000 0.000000 0.000000 0.000000 0.000000 0.000000
    141 0.000000 0.000000 0.000000 0.000000 0.000000 0.000000
    142 0.000000 0.000000 0.000000 0.000000 0.000000 0.000000
    143 0.000000 0.000000 0.000000 0.000000 0.000000 0.000000
    144 0.000000 0.000000 0.000000 0.000000 0.000000 0.000000
    145 0.000000 0.000000 0.000000 0.000000 0.000000 0.000000
    146 0.000000 0.000000 0.000000 0.000000 0.000000 0.000000
    147 0.000000 0.000000 0.000000 0.000000 0.000000 0.000000
    148 0.000000 0.000000 0.000000 0.000000 0.000000 0.000000
    149 0.000000 0.000000 0.000000 0.000000 0.000000 0.000000
    150 0.000000 0.000000 0.000000 0.000000 0.000000 0.000000
    151 0.000000 0.000000 0.000000 0.000000 0.000000 0.000000
    152 0.000000 0.000000 0.000000 0.000000 0.000000 0.000000
    153 0.000000 0.000000 0.000000 0.000000 0.000000 0.000000
    154 0.000000 0.000000 0.000000 0.000000 0.000000 0.000000
    155 0.000000 0.000000 0.000000 0.000000 0.000000 0.000000
    156 0.000000 0.000000 0.000000 0.000000 0.000000 0.000000
    157 0.000000 0.000000 0.000000 0.000000 0.000000 0.000000
    158 0.000000 0.000000 0.000000 0.000000 0.000000 0.000000
    159 0.000000 0.000000 0.000000 0.000000 0.000000 0.000000
    160 0.000000 0.000000 0.000000 0.000000 0.000000 0.000000
    161 0.000000 0.000000 0.000000 0.000000 0.000000 0.000000
    162 0.000000 0.000000 0.000000 0.000000 0.000000 0.000000
    163 0.000000 0.000000 0.000000 0.000000 0.000000 0.000000
    164 0.000000 0.000000 0.000000 0.000000 0.000000 0.000000
    165 0.000000 0.000000 0.000000 0.000000 0.000000 0.000000
    166 0.000000 0.000000 0.000000 0.000000 0.000000 0.000000
    167 0.000000 0.000000 0.000000 0.000000 0.000000 0.000000
    168 0.000000 0.000000 0.000000 0.000000 0.000000 0.000000
    169 0.000000 0.000000 0.000000 0.000000 0.000000 0.000000
    170 0.000000 0.000000 0.000000 0.000000 0.000000 0.000000
    171 0.000000 0.000000 0.000000 0.000000 0.000000 0.000000
    172 0.000000 0.000000 0.000000 0.000000 0.000000 0.000000
    173 0.000000 0.000000 0.000000 0.000000 0.000000 0.000000
    174 0.000000 0.000000 0.000000 0.000000 0.000000 0.000000
    175 0.000000 0.000000 0.000000 0.000000 0.000000 0.000000
    176 0.000000 0.000000 0.000000 0.000000 0.000000 0.000000
    177 0.000000 0.000000 0.000000 0.000000 0.000000 0.000000
    178 0.000000 0.000000 0.000000 0.000000 0.000000 0.000000
    179 0.000000 0.000000 0.000000 0.000000 0.000000 0.000000
    180 0.000000 0.000000 0.000000 0.000000 0.000000 0.000000
    181 0.000000 0.000000 0.000000 0.000000 0.000000 0.000000
    182 0.000000 0.000000 0.000000 0.000000 0.000000 0.000000
    183 0.000000 0.000000 0.000000 0.000000 0.000000 0.000000
    184 0.000000 0.000000 0.000000 0.000000 0.000000 0.000000
    185 0.000000 0.000000 0.000000 0.000000 0.000000 0.000000
    186 0.000000 0.000000 0.000000 0.000000 0.000000 0.000000
    187 0.000000 0.000000 0.000000 0.000000 0.000000 0.000000
    188 0.000000 0.000000 0.000000 0.000000 0.000000 0.000000
    189 0.000000 0.000000 0.000000 0.000000 0.000000 0.000000
    190 0.000000 0.000000 0.000000 0.000000 0.000000 0.000000
    191 0.000000 0.000000 0.000000 -0.363555 0.000000 0.000000
    192 0.000000 0.000000 0.000000 0.000000 0.000000 0.000000
    193 0.000000 0.000000 0.000000 0.000000 0.000000 0.000000
    194 0.000000 0.000000 0.000000 -0.000054 -0.000060 0.000048
    195 0.000000 0.000000 0.000000 -0.000096 0.000000 0.000000
    196 0.000000 0.000000 0.000000 0.000000 0.000000 0.000000
    197 0.000000 0.000000 0.000000 0.000000 0.000000 0.000000
    198 0.000000 0.000000 0.000000 0.000000 0.000000 0.000000
    199 0.000000 0.000000 0.000000 0.000000 0.000000 0.000000
    200 0.000000 0.000000 0.000000 0.000000 0.000000 0.000000
    201 0.000000 0.000000 0.000000 0.000000 0.000000 0.000000
    202 0.000000 0.000000 0.000000 0.000000 0.000000 0.000000
    203 0.000000 0.000000 0.000000 0.000000 0.000000 0.000000
    204 0.000000 0.000000 0.000000 0.000000 0.000000 0.000000
    205 0.000000 0.000000 0.000000 0.000000 0.000000 0.000000
    206 0.000000 0.000000 0.000000 -0.000087 0.000000 0.000000
    207 0.000000 0.000000 0.000000 0.000000 0.000000 0.000000
    208 0.000000 0.000000 0.000000 0.000000 0.000000 0.000000
    209 0.000000 0.000000 0.000000 0.000000 0.000000 0.000048
    210 0.000000 0.000000 0.000000 0.000000 0.000055 0.000000
    211 0.000000 0.000000 0.000000 0.000000 0.000000 0.000000
    212 0.000000 0.000000 0.000000 0.000000 0.000000 0.000000
    213 0.000000 0.000000 0.000000 0.000000 0.000000 0.000000
    214 0.000000 0.000000 0.000000 0.000000 0.000000 0.000000
    215 0.000000 0.000000 0.000000 0.000000 0.000000 0.000000
    216 0.000000 0.000000 0.000000 0.000000 0.000000 0.000000
    217 0.000000 0.000000 0.000000 0.000000 0.000000 0.000000
    218 0.000000 0.000000 0.000000 0.000000 0.000000 0.000000
    219 0.000000 0.000000 0.000000 0.000000 0.000000 0.000000
    220 0.000000 0.000000 0.000000 0.000000 0.000000 0.000000
    221 0.000000 0.000000 0.000000 0.000000 0.000000 0.000000
    222 0.000000 0.000000 0.000000 0.000000 0.000000 0.000000
    223 0.000000 0.000000 0.000000 0.000000 0.000000 0.000000
    224 0.000000 0.000000 0.000000 0.000000 0.000000 0.000000
    225 0.000000 0.000000 0.000000 0.000000 0.000000 0.000000
    226 0.000000 0.000000 0.000000 0.000000 0.000000 0.000000
    227 -1.136753 5.461104 -4.304819 -0.421160 0.414341 0.349830
    228 0.000000 0.000000 0.000000 0.000000 0.000000 0.000000
    229 0.000000 0.000000 0.000000 0.000000 0.000000 0.000000
    230 0.000000 0.000000 0.000000 -0.002373 0.000000 0.000000
    231 0.000000 0.000000 0.000000 0.000000 0.000000 0.000000
    232 0.000000 0.000000 0.000000 0.000000 0.000000 0.000000
    233 0.000000 0.000000 0.000000 0.000000 0.000000 0.000000
    234 5.515793 2.101627 -5.437666 -0.421189 0.414383 -1.220883
    235 0.000000 0.000000 0.000000 0.000000 0.000000 0.000000
    236 0.000000 0.000000 0.000000 0.000000 0.000000 0.000000
    237 0.000000 0.000000 0.000000 0.000000 0.000000 0.000000
    238 0.000000 0.000000 0.000000 0.000000 0.000000 0.000000
    239 0.000000 0.000000 0.000000 0.000000 0.000000 0.000000
    240 0.000000 0.000000 0.000000 0.000000 0.000000 0.000000
    241 0.000000 0.000000 0.000000 0.000000 0.000000 0.000000
    242 0.000000 0.000000 0.000000 0.000000 0.000000 0.000000
    243 0.000000 0.000000 0.000000 0.000000 0.000000 0.000000
    244 0.000000 0.000000 0.000000 0.000000 0.000000 0.000000
    245 0.000000 0.000000 0.000000 0.000000 0.000000 0.000000
    246 0.000000 0.000000 0.000000 0.000000 0.000000 -1.570796
end
