// Created by Crowbar 0.74
version 1
nodes
  0 "tag_origin" -1
  1 "tag_view" 0
  2 "tag_ads" 1
  3 "tag_torso" 2
  4 "j_mainroot" 3
  5 "j_spinelower" 4
  6 "j_spineupper" 5
  7 "j_clavicle_le" 6
  8 "j_clavicle_ri" 6
  9 "j_shoulder_le" 7
  10 "j_teres_le" 7
  11 "j_shoulder_ri" 8
  12 "j_teres_ri" 8
  13 "j_shouldertwist_le" 9
  14 "j_elbow_le" 9
  15 "ValveBiped.Bip01_L_UpperArm" 9
  16 "j_shouldertwist_ri" 11
  17 "j_elbow_ri" 11
  18 "ValveBiped.Bip01_R_UpperArm" 11
  19 "j_wristfronttwist1_le" 14
  20 "j_elbowdq_le" 14
  21 "j_wrist_le" 14
  22 "ValveBiped.Bip01_L_Forearm" 19
  23 "j_wristfronttwist1_ri" 17
  24 "j_elbowdq_ri" 17
  25 "j_wrist_ri" 17
  26 "ValveBiped.Bip01_R_Forearm" 23
  27 "j_metaindex_le_1" 21
  28 "j_metamid_le_1" 21
  29 "j_metapinky_le_1" 21
  30 "j_metaring_le_1" 21
  31 "j_thumb_le_1" 21
  32 "ValveBiped.Bip01_L_Hand" 21
  33 "j_metaindex_ri_1" 25
  34 "j_metamid_ri_1" 25
  35 "j_metapinky_ri_1" 25
  36 "j_metaring_ri_1" 25
  37 "j_thumb_ri_1" 25
  38 "ValveBiped.Bip01_R_Hand" 25
  39 "j_index_le_1" 27
  40 "j_mid_le_1" 28
  41 "j_pinky_le_1" 29
  42 "j_webbing_le_3" 29
  43 "j_ring_le_1" 30
  44 "j_thumb_le_2" 31
  45 "j_webbing_le_2" 31
  46 "ValveBiped.Bip01_L_Finger0" 31
  47 "j_index_ri_1" 33
  48 "j_mid_ri_1" 34
  49 "j_pinky_ri_1" 35
  50 "j_webbing_ri_3" 35
  51 "j_ring_ri_1" 36
  52 "j_thumb_ri_2" 37
  53 "j_webbing_ri_2" 37
  54 "ValveBiped.Bip01_R_Finger0" 37
  55 "j_index_le_2" 39
  56 "j_indexbulge_le_1" 39
  57 "j_proc_index_le_1" 39
  58 "ValveBiped.Bip01_L_Finger1" 39
  59 "j_mid_le_2" 40
  60 "j_proc_mid_le_1" 40
  61 "ValveBiped.Bip01_L_Finger2" 40
  62 "j_pinky_le_2" 41
  63 "j_proc_pinky_le_1" 41
  64 "ValveBiped.Bip01_L_Finger4" 41
  65 "j_ring_le_2" 43
  66 "j_proc_ring_le_1" 43
  67 "ValveBiped.Bip01_L_Finger3" 43
  68 "j_thumb_le_3" 44
  69 "ValveBiped.Bip01_L_Finger01" 44
  70 "j_index_ri_2" 47
  71 "j_indexbulge_ri_1" 47
  72 "j_proc_index_ri_1" 47
  73 "ValveBiped.Bip01_R_Finger1" 47
  74 "j_mid_ri_2" 48
  75 "j_proc_mid_ri_1" 48
  76 "ValveBiped.Bip01_R_Finger2" 48
  77 "j_pinky_ri_2" 49
  78 "j_proc_pinky_ri_1" 49
  79 "ValveBiped.Bip01_R_Finger4" 49
  80 "j_ring_ri_2" 51
  81 "j_proc_ring_ri_1" 51
  82 "ValveBiped.Bip01_R_Finger3" 51
  83 "j_thumb_ri_3" 52
  84 "ValveBiped.Bip01_R_Finger01" 52
  85 "j_index_le_3" 55
  86 "ValveBiped.Bip01_L_Finger11" 55
  87 "j_mid_le_3" 59
  88 "ValveBiped.Bip01_L_Finger21" 59
  89 "j_pinky_le_3" 62
  90 "ValveBiped.Bip01_L_Finger41" 62
  91 "j_ring_le_3" 65
  92 "ValveBiped.Bip01_L_Finger31" 65
  93 "ValveBiped.Bip01_L_Finger02" 68
  94 "j_index_ri_3" 70
  95 "ValveBiped.Bip01_R_Finger11" 70
  96 "j_mid_ri_3" 74
  97 "ValveBiped.Bip01_R_Finger21" 74
  98 "j_pinky_ri_3" 77
  99 "ValveBiped.Bip01_R_Finger41" 77
  100 "j_ring_ri_3" 80
  101 "ValveBiped.Bip01_R_Finger31" 80
  102 "ValveBiped.Bip01_R_Finger02" 83
  103 "ValveBiped.Bip01_L_Finger12" 85
  104 "ValveBiped.Bip01_L_Finger22" 87
  105 "ValveBiped.Bip01_L_Finger42" 89
  106 "ValveBiped.Bip01_L_Finger32" 91
  107 "ValveBiped.Bip01_R_Finger12" 94
  108 "ValveBiped.Bip01_R_Finger22" 96
  109 "ValveBiped.Bip01_R_Finger42" 98
  110 "ValveBiped.Bip01_R_Finger32" 100
  111 "ValveBiped.Anim_Attachment_RH" -1
  112 "tag_sling" -1
  113 "tag_attachments" 112
  114 "j_gun" -1
  115 "j_trigger" 112
  116 "tag_acog_2" 112
  117 "tag_barrel_attach" 112
  118 "tag_flash" 117
  119 "tag_folding_grip" 117
  120 "tag_grenade_launcher" 117
  121 "tag_grip_attach" 117
  122 "tag_ik_loc_le" 117
  123 "tag_laser_attach" 117
  124 "tag_silencer" 117
  125 "tag_grip_hide" 117
  126 "tag_brass" 112
  127 "tag_cosmetic" 112
  128 "tag_holo" 112
  129 "tag_hybrid" 112
  130 "j_hybrid_scope" 129
  131 "j_magnifier_lever" 129
  132 "tag_glass_ads2" 129
  133 "tag_glass_hip2" 129
  134 "tag_reticle_attach2" 129
  135 "tag_ik_loc_ri" 112
  136 "tag_mag_attach" 112
  137 "j_mag1" 136
  138 "j_mag_follower" 137
  139 "j_mag2" 136
  140 "tag_pistolgrip_attach" 112
  141 "tag_reflex" 112
  142 "tag_scope" 112
  143 "tag_sight_on" 112
  144 "tag_stock_attach" 112
  145 "j_charginghandle" 112
  146 "j_charginghandleassist" 112
  147 "j_firesel" 112
  148 "j_magrel" 112
  149 "j_magrel_right" 112
  150 "j_mike4_bolt" 112
  151 "tag_sight_off" 112
  152 "tag_tip" 117
  153 "j_stock" 144
  154 "tag_stock_hide" 112
  155 "j_b_01" 137
  156 "j_b_010" 137
  157 "j_b_011" 137
  158 "j_b_012" 137
  159 "j_b_013" 137
  160 "j_b_014" 137
  161 "j_b_015" 137
  162 "j_b_016" 137
  163 "j_b_02" 137
  164 "j_b_03" 137
  165 "j_b_04" 137
  166 "j_b_05" 137
  167 "j_b_06" 137
  168 "j_b_07" 137
  169 "j_b_08" 137
  170 "j_b_09" 137
  171 "tag_sight_on2" 117
  172 "tag_sight_off2" 117
  173 "tag_sync" 0
  174 "j_hip_le" 4
  175 "j_hiptwist_le" 174
  176 "j_knee_le" 174
  177 "j_ankle_le" 176
  178 "j_ball_le" 177
  179 "j_kneedq_le" 176
  180 "j_hip_proc_le" 174
  181 "j_hip_ri" 4
  182 "j_hiptwist_ri" 181
  183 "tag_stowed_thigh" 182
  184 "j_knee_ri" 181
  185 "j_ankle_ri" 184
  186 "j_ball_ri" 185
  187 "j_kneedq_ri" 184
  188 "j_hip_proc_ri" 181
  189 "j_proc_wristfronttwist1_le" 19
  190 "tag_wrist_attach_le" 189
  191 "j_shield_le" 14
  192 "j_index_le_4" 85
  193 "j_thumb_le_4" 68
  194 "j_webbing_le_1" 21
  195 "tag_weapon_left" 21
  196 "tag_accessory_left" 21
  197 "j_proc_metaindex_le_1" 21
  198 "j_proc_metaindex_le_2" 197
  199 "j_proc_metaknuckle_le_1" 21
  200 "j_proc_knuckle_le_1" 199
  201 "j_proc_idle_knuckle_le_1" 199
  202 "j_proc_orient_knuckle_le_1" 199
  203 "j_proc_metapinky_le_1" 21
  204 "j_proc_metapinky_le_2" 203
  205 "tag_carry_attach" 7
  206 "j_shield_ri" 17
  207 "j_index_ri_4" 94
  208 "j_thumb_ri_4" 83
  209 "j_webbing_ri_1" 25
  210 "tag_weapon_right" 25
  211 "tag_knife_attach2" 25
  212 "tag_accessory_right" 25
  213 "j_proc_metaindex_ri_1" 25
  214 "j_proc_metaindex_ri_2" 213
  215 "j_proc_metaknuckle_ri_1" 25
  216 "j_proc_knuckle_ri_1" 215
  217 "j_proc_idle_knuckle_ri_1" 215
  218 "j_proc_orient_knuckle_ri_1" 215
  219 "j_proc_metapinky_ri_1" 25
  220 "j_proc_metapinky_ri_2" 219
  221 "j_spine4" 6
  222 "j_chest" 221
  223 "j_proc_spineupper" 6
  224 "j_proc_spinelower" 5
  225 "j_groinprotector" 4
  226 "j_crotch" 4
  227 "tag_weapon" 3
  228 "j_bullet2" 137
  229 "tag_cambone" 1
  230 "tag_camera" 229
  231 "tag_player" 230
  232 "tag_playerhelmet" 230
  233 "tag_camera_scripted" 0
  234 "j_grenade" -1
  235 "j_gun.001" 227
  236 "j_barrel" 112
  237 "j_safety" 112
  238 "j_lever" 120
  239 "tag_flash_alt" 120
  240 "tag_ik_loc_le_launcher" 120
  241 "j_chamber" 120
  242 "j_grenade_empty" 120
  243 "j_basespring" 137
  244 "j_bullet" 137
  245 "tag_rail_attach" 112
  246 "Joints" -1
end
skeleton
  time 0
    0 0.000000 0.000000 0.000000 0.000000 0.000000 -1.570796
    1 0.000000 0.000000 0.000000 0.000000 0.000000 0.000000
    2 0.000000 0.000000 0.000000 0.000000 0.000000 0.000000
    3 0.000000 0.000000 0.000000 0.000000 0.000000 0.000000
    4 0.000000 0.000000 0.000000 0.000000 0.000000 0.000000
    5 0.000000 0.000000 0.000000 0.000000 0.000000 0.000000
    6 0.000000 0.000000 0.000000 0.000000 0.000000 0.000000
    7 0.000000 0.000000 0.000000 0.000000 0.000000 0.000000
    8 0.000000 0.000000 0.000000 0.000000 0.000000 0.000000
    9 0.000000 0.000000 0.000000 0.000000 0.000000 0.000000
    10 0.000000 0.000000 0.000000 0.000000 0.000000 0.000000
    11 0.000000 0.000000 0.000000 0.000000 0.000000 0.000000
    12 0.000000 0.000000 0.000000 0.000000 0.000000 0.000000
    13 0.000000 0.000000 0.000000 0.000000 0.000000 0.000000
    14 0.000000 0.000000 0.000000 0.000000 0.000000 0.000000
    15 0.000000 0.000000 0.000000 0.000000 0.000000 0.000000
    16 0.000000 0.000000 0.000000 0.000000 0.000000 0.000000
    17 0.000000 0.000000 0.000000 0.000000 0.000000 0.000000
    18 0.000000 0.000000 0.000000 0.000000 0.000000 0.000000
    19 0.000000 0.000000 0.000000 0.000000 0.000000 0.000000
    20 0.000000 0.000000 0.000000 0.000000 0.000000 0.000000
    21 0.000000 0.000000 0.000000 0.000000 0.000000 0.000000
    22 0.000000 0.000000 0.000000 0.000000 0.000000 0.000000
    23 0.000000 0.000000 0.000000 0.000000 0.000000 0.000000
    24 0.000000 0.000000 0.000000 0.000000 0.000000 0.000000
    25 0.000000 0.000000 0.000000 0.000000 0.000000 0.000000
    26 0.000000 0.000000 0.000000 0.000000 0.000000 0.000000
    27 0.000000 0.000000 0.000000 0.000000 0.000000 0.000000
    28 0.000000 0.000000 0.000000 0.000000 0.000000 0.000000
    29 0.000000 0.000000 0.000000 0.000000 0.000000 0.000000
    30 0.000000 0.000000 0.000000 0.000000 0.000000 0.000000
    31 0.000000 0.000000 0.000000 0.000000 0.000000 0.000000
    32 0.000000 0.000000 0.000000 0.000000 0.000000 0.000000
    33 0.000000 0.000000 0.000000 0.000000 0.000000 0.000000
    34 0.000000 0.000000 0.000000 0.000000 0.000000 0.000000
    35 0.000000 0.000000 0.000000 0.000000 0.000000 0.000000
    36 0.000000 0.000000 0.000000 0.000000 0.000000 0.000000
    37 0.000000 0.000000 0.000000 0.000000 0.000000 0.000000
    38 0.000000 0.000000 0.000000 0.000000 0.000000 0.000000
    39 0.000000 0.000000 0.000000 0.000000 0.000000 0.000000
    40 0.000000 0.000000 0.000000 0.000000 0.000000 0.000000
    41 0.000000 0.000000 0.000000 0.000000 0.000000 0.000000
    42 0.000000 0.000000 0.000000 0.000000 0.000000 0.000000
    43 0.000000 0.000000 0.000000 0.000000 0.000000 0.000000
    44 0.000000 0.000000 0.000000 0.000000 0.000000 0.000000
    45 0.000000 0.000000 0.000000 0.000000 0.000000 0.000000
    46 0.000000 0.000000 0.000000 0.000000 0.000000 0.000000
    47 0.000000 0.000000 0.000000 0.000000 0.000000 0.000000
    48 0.000000 0.000000 0.000000 0.000000 0.000000 0.000000
    49 0.000000 0.000000 0.000000 0.000000 0.000000 0.000000
    50 0.000000 0.000000 0.000000 0.000000 0.000000 0.000000
    51 0.000000 0.000000 0.000000 0.000000 0.000000 0.000000
    52 0.000000 0.000000 0.000000 0.000000 0.000000 0.000000
    53 0.000000 0.000000 0.000000 0.000000 0.000000 0.000000
    54 0.000000 0.000000 0.000000 0.000000 0.000000 0.000000
    55 0.000000 0.000000 0.000000 0.000000 0.000000 0.000000
    56 0.000000 0.000000 0.000000 0.000000 0.000000 0.000000
    57 0.000000 0.000000 0.000000 0.000000 0.000000 0.000000
    58 0.000000 0.000000 0.000000 0.000000 0.000000 0.000000
    59 0.000000 0.000000 0.000000 0.000000 0.000000 0.000000
    60 0.000000 0.000000 0.000000 0.000000 0.000000 0.000000
    61 0.000000 0.000000 0.000000 0.000000 0.000000 0.000000
    62 0.000000 0.000000 0.000000 0.000000 0.000000 0.000000
    63 0.000000 0.000000 0.000000 0.000000 0.000000 0.000000
    64 0.000000 0.000000 0.000000 0.000000 0.000000 0.000000
    65 0.000000 0.000000 0.000000 0.000000 0.000000 0.000000
    66 0.000000 0.000000 0.000000 0.000000 0.000000 0.000000
    67 0.000000 0.000000 0.000000 0.000000 0.000000 0.000000
    68 0.000000 0.000000 0.000000 0.000000 0.000000 0.000000
    69 0.000000 0.000000 0.000000 0.000000 0.000000 0.000000
    70 0.000000 0.000000 0.000000 0.000000 0.000000 0.000000
    71 0.000000 0.000000 0.000000 0.000000 0.000000 0.000000
    72 0.000000 0.000000 0.000000 0.000000 0.000000 0.000000
    73 0.000000 0.000000 0.000000 0.000000 0.000000 0.000000
    74 0.000000 0.000000 0.000000 0.000000 0.000000 0.000000
    75 0.000000 0.000000 0.000000 0.000000 0.000000 0.000000
    76 0.000000 0.000000 0.000000 0.000000 0.000000 0.000000
    77 0.000000 0.000000 0.000000 0.000000 0.000000 0.000000
    78 0.000000 0.000000 0.000000 0.000000 0.000000 0.000000
    79 0.000000 0.000000 0.000000 0.000000 0.000000 0.000000
    80 0.000000 0.000000 0.000000 0.000000 0.000000 0.000000
    81 0.000000 0.000000 0.000000 0.000000 0.000000 0.000000
    82 0.000000 0.000000 0.000000 0.000000 0.000000 0.000000
    83 0.000000 0.000000 0.000000 0.000000 0.000000 0.000000
    84 0.000000 0.000000 0.000000 0.000000 0.000000 0.000000
    85 0.000000 0.000000 0.000000 0.000000 0.000000 0.000000
    86 0.000000 0.000000 0.000000 0.000000 0.000000 0.000000
    87 0.000000 0.000000 0.000000 0.000000 0.000000 0.000000
    88 0.000000 0.000000 0.000000 0.000000 0.000000 0.000000
    89 0.000000 0.000000 0.000000 0.000000 0.000000 0.000000
    90 0.000000 0.000000 0.000000 0.000000 0.000000 0.000000
    91 0.000000 0.000000 0.000000 0.000000 0.000000 0.000000
    92 0.000000 0.000000 0.000000 0.000000 0.000000 0.000000
    93 0.000000 0.000000 0.000000 0.000000 0.000000 0.000000
    94 0.000000 0.000000 0.000000 0.000000 0.000000 0.000000
    95 0.000000 0.000000 0.000000 0.000000 0.000000 0.000000
    96 0.000000 0.000000 0.000000 0.000000 0.000000 0.000000
    97 0.000000 0.000000 0.000000 0.000000 0.000000 0.000000
    98 0.000000 0.000000 0.000000 0.000000 0.000000 0.000000
    99 0.000000 0.000000 0.000000 0.000000 0.000000 0.000000
    100 0.000000 0.000000 0.000000 0.000000 0.000000 0.000000
    101 0.000000 0.000000 0.000000 0.000000 0.000000 0.000000
    102 0.000000 0.000000 0.000000 0.000000 0.000000 0.000000
    103 0.000000 0.000000 0.000000 0.000000 0.000000 0.000000
    104 0.000000 0.000000 0.000000 0.000000 0.000000 0.000000
    105 0.000000 0.000000 0.000000 0.000000 0.000000 0.000000
    106 0.000000 0.000000 0.000000 0.000000 0.000000 0.000000
    107 0.000000 0.000000 0.000000 0.000000 0.000000 0.000000
    108 0.000000 0.000000 0.000000 0.000000 0.000000 0.000000
    109 0.000000 0.000000 0.000000 0.000000 0.000000 0.000000
    110 0.000000 0.000000 0.000000 0.000000 0.000000 0.000000
    111 0.000000 0.000000 0.000000 0.000000 0.000000 -1.570796
    112 0.000000 0.000000 0.000000 0.000000 0.000000 -1.570796
    113 0.000000 0.000000 0.000000 0.000000 0.000000 0.000000
    114 0.000000 0.000000 0.000000 0.000000 0.000000 -1.570796
    115 0.000000 0.000000 0.000000 0.000000 0.000000 0.000000
    116 0.000000 0.000000 0.000000 0.000000 0.000000 0.000000
    117 0.000000 0.000000 0.000000 0.000000 0.000000 0.000000
    118 0.000000 0.000000 0.000000 0.000000 0.000000 0.000000
    119 0.000000 0.000000 0.000000 0.000000 0.000000 0.000000
    120 0.000000 0.000000 0.000000 0.000000 0.000000 0.000000
    121 0.000000 0.000000 0.000000 0.000000 0.000000 0.000000
    122 0.000000 0.000000 0.000000 0.000000 0.000000 0.000000
    123 0.000000 0.000000 0.000000 0.000000 0.000000 0.000000
    124 0.000000 0.000000 0.000000 0.000000 0.000000 0.000000
    125 0.000000 0.000000 0.000000 0.000000 0.000000 0.000000
    126 0.000000 0.000000 0.000000 0.000000 0.000000 0.000000
    127 0.000000 0.000000 0.000000 0.000000 0.000000 0.000000
    128 0.000000 0.000000 0.000000 0.000000 0.000000 0.000000
    129 0.000000 0.000000 0.000000 0.000000 0.000000 0.000000
    130 0.000000 0.000000 0.000000 0.000000 0.000000 0.000000
    131 0.000000 0.000000 0.000000 0.000000 0.000000 0.000000
    132 0.000000 0.000000 0.000000 0.000000 0.000000 0.000000
    133 0.000000 0.000000 0.000000 0.000000 0.000000 0.000000
    134 0.000000 0.000000 0.000000 0.000000 0.000000 0.000000
    135 0.000000 0.000000 0.000000 0.000000 0.000000 0.000000
    136 0.000000 0.000000 0.000000 0.000000 0.000000 0.000000
    137 0.000000 0.000000 0.000000 0.000000 0.000000 0.000000
    138 0.000000 0.000000 0.000000 0.000000 0.000000 0.000000
    139 0.000000 0.000000 0.000000 0.000000 0.000000 0.000000
    140 0.000000 0.000000 0.000000 0.000000 0.000000 0.000000
    141 0.000000 0.000000 0.000000 0.000000 0.000000 0.000000
    142 0.000000 0.000000 0.000000 0.000000 0.000000 0.000000
    143 0.000000 0.000000 0.000000 0.000000 0.000000 0.000000
    144 0.000000 0.000000 0.000000 0.000000 0.000000 0.000000
    145 0.000000 0.000000 0.000000 0.000000 0.000000 0.000000
    146 0.000000 0.000000 0.000000 0.000000 0.000000 0.000000
    147 0.000000 0.000000 0.000000 0.000000 0.000000 0.000000
    148 0.000000 0.000000 0.000000 0.000000 0.000000 0.000000
    149 0.000000 0.000000 0.000000 0.000000 0.000000 0.000000
    150 0.000000 0.000000 0.000000 0.000000 0.000000 0.000000
    151 0.000000 0.000000 0.000000 0.000000 0.000000 0.000000
    152 0.000000 0.000000 0.000000 0.000000 0.000000 0.000000
    153 0.000000 0.000000 0.000000 0.000000 0.000000 0.000000
    154 0.000000 0.000000 0.000000 0.000000 0.000000 0.000000
    155 0.000000 0.000000 0.000000 0.000000 0.000000 0.000000
    156 0.000000 0.000000 0.000000 0.000000 0.000000 0.000000
    157 0.000000 0.000000 0.000000 0.000000 0.000000 0.000000
    158 0.000000 0.000000 0.000000 0.000000 0.000000 0.000000
    159 0.000000 0.000000 0.000000 0.000000 0.000000 0.000000
    160 0.000000 0.000000 0.000000 0.000000 0.000000 0.000000
    161 0.000000 0.000000 0.000000 0.000000 0.000000 0.000000
    162 0.000000 0.000000 0.000000 0.000000 0.000000 0.000000
    163 0.000000 0.000000 0.000000 0.000000 0.000000 0.000000
    164 0.000000 0.000000 0.000000 0.000000 0.000000 0.000000
    165 0.000000 0.000000 0.000000 0.000000 0.000000 0.000000
    166 0.000000 0.000000 0.000000 0.000000 0.000000 0.000000
    167 0.000000 0.000000 0.000000 0.000000 0.000000 0.000000
    168 0.000000 0.000000 0.000000 0.000000 0.000000 0.000000
    169 0.000000 0.000000 0.000000 0.000000 0.000000 0.000000
    170 0.000000 0.000000 0.000000 0.000000 0.000000 0.000000
    171 0.000000 0.000000 0.000000 0.000000 0.000000 0.000000
    172 0.000000 0.000000 0.000000 0.000000 0.000000 0.000000
    173 0.000000 0.000000 0.000000 0.000000 0.000000 0.000000
    174 0.000000 0.000000 0.000000 0.000000 0.000000 0.000000
    175 0.000000 0.000000 0.000000 0.000000 0.000000 0.000000
    176 0.000000 0.000000 0.000000 0.000000 0.000000 0.000000
    177 0.000000 0.000000 0.000000 0.000000 0.000000 0.000000
    178 0.000000 0.000000 0.000000 0.000000 0.000000 0.000000
    179 0.000000 0.000000 0.000000 0.000000 0.000000 0.000000
    180 0.000000 0.000000 0.000000 0.000000 0.000000 0.000000
    181 0.000000 0.000000 0.000000 0.000000 0.000000 0.000000
    182 0.000000 0.000000 0.000000 0.000000 0.000000 0.000000
    183 0.000000 0.000000 0.000000 0.000000 0.000000 0.000000
    184 0.000000 0.000000 0.000000 0.000000 0.000000 0.000000
    185 0.000000 0.000000 0.000000 0.000000 0.000000 0.000000
    186 0.000000 0.000000 0.000000 0.000000 0.000000 0.000000
    187 0.000000 0.000000 0.000000 0.000000 0.000000 0.000000
    188 0.000000 0.000000 0.000000 0.000000 0.000000 0.000000
    189 0.000000 0.000000 0.000000 0.000000 0.000000 0.000000
    190 0.000000 0.000000 0.000000 0.000000 0.000000 0.000000
    191 0.000000 0.000000 0.000000 0.000000 0.000000 0.000000
    192 0.000000 0.000000 0.000000 0.000000 0.000000 0.000000
    193 0.000000 0.000000 0.000000 0.000000 0.000000 0.000000
    194 0.000000 0.000000 0.000000 0.000000 0.000000 0.000000
    195 0.000000 0.000000 0.000000 0.000000 0.000000 0.000000
    196 0.000000 0.000000 0.000000 0.000000 0.000000 0.000000
    197 0.000000 0.000000 0.000000 0.000000 0.000000 0.000000
    198 0.000000 0.000000 0.000000 0.000000 0.000000 0.000000
    199 0.000000 0.000000 0.000000 0.000000 0.000000 0.000000
    200 0.000000 0.000000 0.000000 0.000000 0.000000 0.000000
    201 0.000000 0.000000 0.000000 0.000000 0.000000 0.000000
    202 0.000000 0.000000 0.000000 0.000000 0.000000 0.000000
    203 0.000000 0.000000 0.000000 0.000000 0.000000 0.000000
    204 0.000000 0.000000 0.000000 0.000000 0.000000 0.000000
    205 0.000000 0.000000 0.000000 0.000000 0.000000 0.000000
    206 0.000000 0.000000 0.000000 0.000000 0.000000 0.000000
    207 0.000000 0.000000 0.000000 0.000000 0.000000 0.000000
    208 0.000000 0.000000 0.000000 0.000000 0.000000 0.000000
    209 0.000000 0.000000 0.000000 0.000000 0.000000 0.000000
    210 0.000000 0.000000 0.000000 0.000000 0.000000 0.000000
    211 0.000000 0.000000 0.000000 0.000000 0.000000 0.000000
    212 0.000000 0.000000 0.000000 0.000000 0.000000 0.000000
    213 0.000000 0.000000 0.000000 0.000000 0.000000 0.000000
    214 0.000000 0.000000 0.000000 0.000000 0.000000 0.000000
    215 0.000000 0.000000 0.000000 0.000000 0.000000 0.000000
    216 0.000000 0.000000 0.000000 0.000000 0.000000 0.000000
    217 0.000000 0.000000 0.000000 0.000000 0.000000 0.000000
    218 0.000000 0.000000 0.000000 0.000000 0.000000 0.000000
    219 0.000000 0.000000 0.000000 0.000000 0.000000 0.000000
    220 0.000000 0.000000 0.000000 0.000000 0.000000 0.000000
    221 0.000000 0.000000 0.000000 0.000000 0.000000 0.000000
    222 0.000000 0.000000 0.000000 0.000000 0.000000 0.000000
    223 0.000000 0.000000 0.000000 0.000000 0.000000 0.000000
    224 0.000000 0.000000 0.000000 0.000000 0.000000 0.000000
    225 0.000000 0.000000 0.000000 0.000000 0.000000 0.000000
    226 0.000000 0.000000 0.000000 0.000000 0.000000 0.000000
    227 0.000000 0.000000 0.000000 0.000000 0.000000 0.000000
    228 0.000000 0.000000 0.000000 0.000000 0.000000 0.000000
    229 0.000000 0.000000 0.000000 0.000000 0.000000 0.000000
    230 0.000000 0.000000 0.000000 0.000000 0.000000 0.000000
    231 0.000000 0.000000 0.000000 0.000000 0.000000 0.000000
    232 0.000000 0.000000 0.000000 0.000000 0.000000 0.000000
    233 0.000000 0.000000 0.000000 0.000000 0.000000 0.000000
    234 0.000000 0.000000 0.000000 0.000000 0.000000 -1.570796
    235 0.000000 0.000000 0.000000 0.000000 0.000000 0.000000
    236 0.000000 0.000000 0.000000 0.000000 0.000000 0.000000
    237 0.000000 0.000000 0.000000 0.000000 0.000000 0.000000
    238 0.000000 0.000000 0.000000 0.000000 0.000000 0.000000
    239 0.000000 0.000000 0.000000 0.000000 0.000000 0.000000
    240 0.000000 0.000000 0.000000 0.000000 0.000000 0.000000
    241 0.000000 0.000000 0.000000 0.000000 0.000000 0.000000
    242 0.000000 0.000000 0.000000 0.000000 0.000000 0.000000
    243 0.000000 0.000000 0.000000 0.000000 0.000000 0.000000
    244 0.000000 0.000000 0.000000 0.000000 0.000000 0.000000
    245 0.000000 0.000000 0.000000 0.000000 0.000000 0.000000
    246 0.000000 0.000000 0.000000 0.000000 0.000000 -1.570796
  time 1
    0 0.000000 0.000000 0.000000 0.000000 0.000000 -1.570796
    1 0.000000 0.000000 0.000000 0.000000 0.000000 0.000000
    2 0.000000 0.000000 0.000000 0.000000 0.000000 0.000000
    3 0.000000 0.000000 0.000000 0.000000 0.000000 0.000000
    4 0.000000 0.000000 0.000000 0.000000 0.000000 0.000000
    5 0.000000 0.000000 0.000000 0.000000 0.000000 0.000000
    6 0.000000 0.000000 0.000000 0.000000 0.000000 0.000000
    7 0.000000 0.000000 0.000000 0.000000 0.000000 0.000000
    8 -0.511734 -0.097659 0.484390 0.039315 0.013369 -0.037448
    9 0.000000 0.000000 0.000000 -0.016729 0.004548 0.004246
    10 0.000000 0.000000 0.000000 0.000000 0.000000 0.000000
    11 0.000000 0.000000 0.000000 0.000000 0.000000 0.000000
    12 0.000000 0.000000 0.000000 0.000000 0.000000 0.000000
    13 0.000000 0.000000 0.000000 0.010964 0.000000 0.000000
    14 0.000000 0.000000 0.000000 -0.000060 0.000000 -0.056308
    15 0.000000 0.000000 0.000000 0.000000 0.000000 0.000000
    16 0.000000 0.000000 0.000000 0.000000 0.000000 0.000000
    17 0.000000 0.000000 0.000000 0.000000 0.000000 0.000000
    18 0.000000 0.000000 0.000000 0.000000 0.000000 0.000000
    19 0.000000 0.000000 0.000000 0.002519 0.000000 0.000000
    20 0.035157 0.011719 0.000000 0.000000 0.000000 0.028131
    21 0.000000 0.000000 0.000000 0.031256 -0.059442 0.007089
    22 0.000000 0.000000 0.000000 0.000000 0.000000 0.000000
    23 0.000000 0.000000 0.000000 0.000000 0.000000 0.000000
    24 0.000000 0.000000 0.000000 0.000000 0.000000 0.000000
    25 0.000000 0.000000 0.000000 0.000000 0.000000 0.000000
    26 0.000000 0.000000 0.000000 0.000000 0.000000 0.000000
    27 0.000000 0.000000 0.000000 0.000000 0.000000 0.000000
    28 0.000000 0.000000 0.000000 0.000000 0.000000 0.000000
    29 0.000000 0.000000 0.000000 0.000000 0.000000 0.000000
    30 0.000000 0.000000 0.000000 0.000000 0.000000 0.000000
    31 0.000000 0.000000 0.000000 0.000000 0.000000 0.000000
    32 0.000000 0.000000 0.000000 0.000000 0.000000 0.000000
    33 0.000000 0.000000 0.000000 0.000000 0.000000 0.000000
    34 0.000000 0.000000 0.000000 0.000000 0.000000 0.000000
    35 0.000000 0.000000 0.000000 0.000000 0.000000 0.000000
    36 0.000000 0.000000 0.000000 0.000000 0.000000 0.000000
    37 0.000000 0.000000 0.000000 0.000000 0.000000 0.000000
    38 0.000000 0.000000 0.000000 0.000000 0.000000 0.000000
    39 0.000000 0.000000 0.000000 0.000000 0.000000 0.000000
    40 0.000000 0.000000 0.000000 0.000000 0.000000 0.000000
    41 0.000000 0.000000 0.000000 0.000000 0.000000 0.000000
    42 0.000000 0.000000 0.000000 0.000000 0.000000 0.000000
    43 0.000000 0.000000 0.000000 0.000000 0.000000 0.000000
    44 0.000000 0.000000 0.000000 0.000000 0.000000 0.000000
    45 0.000000 0.000000 0.000000 0.000000 0.000000 0.000000
    46 0.000000 0.000000 0.000000 0.000000 0.000000 0.000000
    47 0.000000 0.000000 0.000000 0.000000 0.000000 0.000000
    48 0.000000 0.000000 0.000000 0.000000 0.000000 0.000000
    49 0.000000 0.000000 0.000000 0.000000 0.000000 0.000000
    50 0.000000 0.000000 0.000000 0.000000 0.000000 0.000000
    51 0.000000 0.000000 0.000000 0.000000 0.000000 0.000000
    52 0.000000 0.000000 0.000000 0.000000 0.000000 0.000000
    53 0.000000 0.000000 0.000000 0.000000 0.000000 0.000000
    54 0.000000 0.000000 0.000000 0.000000 0.000000 0.000000
    55 0.000000 0.000000 0.000000 0.000000 0.000000 0.000000
    56 0.000000 0.000000 0.000000 0.000000 0.000000 0.000000
    57 0.000000 0.000000 0.000000 0.000000 0.000000 0.000000
    58 0.000000 0.000000 0.000000 0.000000 0.000000 0.000000
    59 0.000000 0.000000 0.000000 0.000000 0.000000 0.000000
    60 0.000000 0.000000 0.000000 0.000000 0.000000 0.000000
    61 0.000000 0.000000 0.000000 0.000000 0.000000 0.000000
    62 0.000000 0.000000 0.000000 0.000000 0.000000 0.000000
    63 0.000000 0.000000 0.000000 0.000000 0.000000 0.000000
    64 0.000000 0.000000 0.000000 0.000000 0.000000 0.000000
    65 0.000000 0.000000 0.000000 0.000000 0.000000 0.000000
    66 0.000000 0.000000 0.000000 0.000000 0.000000 0.000000
    67 0.000000 0.000000 0.000000 0.000000 0.000000 0.000000
    68 0.000000 0.000000 0.000000 0.000000 0.000000 0.000000
    69 0.000000 0.000000 0.000000 0.000000 0.000000 0.000000
    70 0.000000 0.000000 0.000000 0.000000 0.000000 0.000000
    71 0.000000 0.000000 0.000000 0.000000 0.000000 0.000000
    72 0.000000 0.000000 0.000000 0.000000 0.000000 0.000000
    73 0.000000 0.000000 0.000000 0.000000 0.000000 0.000000
    74 0.000000 0.000000 0.000000 0.000000 0.000000 0.000000
    75 0.000000 0.000000 0.000000 0.000000 0.000000 0.000000
    76 0.000000 0.000000 0.000000 0.000000 0.000000 0.000000
    77 0.000000 0.000000 0.000000 0.000000 0.000000 0.000000
    78 0.000000 0.000000 0.000000 0.000000 0.000000 0.000000
    79 0.000000 0.000000 0.000000 0.000000 0.000000 0.000000
    80 0.000000 0.000000 0.000000 0.000000 0.000000 0.000000
    81 0.000000 0.000000 0.000000 0.000000 0.000000 0.000000
    82 0.000000 0.000000 0.000000 0.000000 0.000000 0.000000
    83 0.000000 0.000000 0.000000 0.000000 0.000000 0.000000
    84 0.000000 0.000000 0.000000 0.000000 0.000000 0.000000
    85 0.000000 0.000000 0.000000 0.000000 0.000000 0.000000
    86 0.000000 0.000000 0.000000 0.000000 0.000000 0.000000
    87 0.000000 0.000000 0.000000 0.000000 0.000000 0.000000
    88 0.000000 0.000000 0.000000 0.000000 0.000000 0.000000
    89 0.000000 0.000000 0.000000 0.000000 0.000000 0.000000
    90 0.000000 0.000000 0.000000 0.000000 0.000000 0.000000
    91 0.000000 0.000000 0.000000 0.000000 0.000000 0.000000
    92 0.000000 0.000000 0.000000 0.000000 0.000000 0.000000
    93 0.000000 0.000000 0.000000 0.000000 0.000000 0.000000
    94 0.000000 0.000000 0.000000 0.000000 0.000000 0.000000
    95 0.000000 0.000000 0.000000 0.000000 0.000000 0.000000
    96 0.000000 0.000000 0.000000 0.000000 0.000000 0.000000
    97 0.000000 0.000000 0.000000 0.000000 0.000000 0.000000
    98 0.000000 0.000000 0.000000 0.000000 0.000000 0.000000
    99 0.000000 0.000000 0.000000 0.000000 0.000000 0.000000
    100 0.000000 0.000000 0.000000 0.000000 0.000000 0.000000
    101 0.000000 0.000000 0.000000 0.000000 0.000000 0.000000
    102 0.000000 0.000000 0.000000 0.000000 0.000000 0.000000
    103 0.000000 0.000000 0.000000 0.000000 0.000000 0.000000
    104 0.000000 0.000000 0.000000 0.000000 0.000000 0.000000
    105 0.000000 0.000000 0.000000 0.000000 0.000000 0.000000
    106 0.000000 0.000000 0.000000 0.000000 0.000000 0.000000
    107 0.000000 0.000000 0.000000 0.000000 0.000000 0.000000
    108 0.000000 0.000000 0.000000 0.000000 0.000000 0.000000
    109 0.000000 0.000000 0.000000 0.000000 0.000000 0.000000
    110 0.000000 0.000000 0.000000 0.000000 0.000000 0.000000
    111 0.000000 0.000000 0.000000 0.000000 0.000000 -1.570796
    112 0.058596 0.406262 0.480483 -0.025951 -0.008619 -1.521753
    113 0.000000 0.000000 0.000000 0.000000 0.000000 0.000000
    114 0.000000 0.000000 0.000000 0.000000 0.000000 -1.570796
    115 0.000000 0.000000 0.000000 0.000000 0.000000 0.000000
    116 0.000000 0.000000 0.000000 0.000000 0.000000 0.000000
    117 0.000000 0.000000 0.000000 0.000000 0.000000 0.000000
    118 0.000000 0.000000 0.000000 0.000000 0.000000 0.000000
    119 0.000000 0.000000 0.000000 0.000000 0.000000 0.000000
    120 0.000000 0.000000 0.000000 0.000000 0.000000 0.000000
    121 0.000000 0.000000 0.000000 0.000000 0.000000 0.000000
    122 0.000000 0.000000 0.000000 0.000000 0.000000 0.000000
    123 0.000000 0.000000 0.000000 0.000000 0.000000 0.000000
    124 0.000000 0.000000 0.000000 0.000000 0.000000 0.000000
    125 0.000000 0.000000 0.000000 0.000000 0.000000 0.000000
    126 0.000000 0.000000 0.000000 0.000000 0.000000 0.000000
    127 0.000000 0.000000 0.000000 0.000000 0.000000 0.000000
    128 0.000000 0.000000 0.000000 0.000000 0.000000 0.000000
    129 0.000000 0.000000 0.000000 0.000000 0.000000 0.000000
    130 0.000000 0.000000 0.000000 0.000000 0.000000 0.000000
    131 0.000000 0.000000 0.000000 0.000000 0.000000 0.000000
    132 0.000000 0.000000 0.000000 0.000000 0.000000 0.000000
    133 0.000000 0.000000 0.000000 0.000000 0.000000 0.000000
    134 0.000000 0.000000 0.000000 0.000000 0.000000 0.000000
    135 0.000000 0.000000 0.000000 0.000000 0.000000 0.000000
    136 0.000000 0.000000 0.000000 0.000000 0.000000 0.000000
    137 0.000000 0.000000 0.000000 0.000000 0.000000 0.000000
    138 0.000000 0.000000 0.000000 0.000000 0.000000 0.000000
    139 0.000000 0.000000 0.000000 0.000000 0.000000 0.000000
    140 0.000000 0.000000 0.000000 0.000000 0.000000 0.000000
    141 0.000000 0.000000 0.000000 0.000000 0.000000 0.000000
    142 0.000000 0.000000 0.000000 0.000000 0.000000 0.000000
    143 0.000000 0.000000 0.000000 0.000000 0.000000 0.000000
    144 0.000000 0.000000 0.000000 0.000000 0.000000 0.000000
    145 0.000000 0.000000 0.000000 0.000000 0.000000 0.000000
    146 0.000000 0.000000 0.000000 0.000000 0.000000 0.000000
    147 0.000000 0.000000 0.000000 0.000000 0.000000 0.000000
    148 0.000000 0.000000 0.000000 0.000000 0.000000 0.000000
    149 0.000000 0.000000 0.000000 0.000000 0.000000 0.000000
    150 0.000000 0.000000 0.000000 0.000000 0.000000 0.000000
    151 0.000000 0.000000 0.000000 0.000000 0.000000 0.000000
    152 0.000000 0.000000 0.000000 0.000000 0.000000 0.000000
    153 0.000000 0.000000 0.000000 0.000000 0.000000 0.000000
    154 0.000000 0.000000 0.000000 0.000000 0.000000 0.000000
    155 0.000000 0.000000 0.000000 0.000000 0.000000 0.000000
    156 0.000000 0.000000 0.000000 0.000000 0.000000 0.000000
    157 0.000000 0.000000 0.000000 0.000000 0.000000 0.000000
    158 0.000000 0.000000 0.000000 0.000000 0.000000 0.000000
    159 0.000000 0.000000 0.000000 0.000000 0.000000 0.000000
    160 0.000000 0.000000 0.000000 0.000000 0.000000 0.000000
    161 0.000000 0.000000 0.000000 0.000000 0.000000 0.000000
    162 0.000000 0.000000 0.000000 0.000000 0.000000 0.000000
    163 0.000000 0.000000 0.000000 0.000000 0.000000 0.000000
    164 0.000000 0.000000 0.000000 0.000000 0.000000 0.000000
    165 0.000000 0.000000 0.000000 0.000000 0.000000 0.000000
    166 0.000000 0.000000 0.000000 0.000000 0.000000 0.000000
    167 0.000000 0.000000 0.000000 0.000000 0.000000 0.000000
    168 0.000000 0.000000 0.000000 0.000000 0.000000 0.000000
    169 0.000000 0.000000 0.000000 0.000000 0.000000 0.000000
    170 0.000000 0.000000 0.000000 0.000000 0.000000 0.000000
    171 0.000000 0.000000 0.000000 0.000000 0.000000 0.000000
    172 0.000000 0.000000 0.000000 0.000000 0.000000 0.000000
    173 0.000000 0.000000 0.000000 0.000000 0.000000 0.000000
    174 0.000000 0.000000 0.000000 0.000000 0.000000 0.000000
    175 0.000000 0.000000 0.000000 0.000000 0.000000 0.000000
    176 0.000000 0.000000 0.000000 0.000000 0.000000 0.000000
    177 0.000000 0.000000 0.000000 0.000000 0.000000 0.000000
    178 0.000000 0.000000 0.000000 0.000000 0.000000 0.000000
    179 0.000000 0.000000 0.000000 0.000000 0.000000 0.000000
    180 0.000000 0.000000 0.000000 0.000000 0.000000 0.000000
    181 0.000000 0.000000 0.000000 0.000000 0.000000 0.000000
    182 0.000000 0.000000 0.000000 0.000000 0.000000 0.000000
    183 0.000000 0.000000 0.000000 0.000000 0.000000 0.000000
    184 0.000000 0.000000 0.000000 0.000000 0.000000 0.000000
    185 0.000000 0.000000 0.000000 0.000000 0.000000 0.000000
    186 0.000000 0.000000 0.000000 0.000000 0.000000 0.000000
    187 0.000000 0.000000 0.000000 0.000000 0.000000 0.000000
    188 0.000000 0.000000 0.000000 0.000000 0.000000 0.000000
    189 0.000000 0.000000 0.000000 0.000000 0.000000 0.000000
    190 0.000000 0.000000 0.000000 0.000000 0.000000 0.000000
    191 0.000000 0.000000 0.000000 0.001204 0.000000 0.000000
    192 0.000000 0.000000 0.000000 0.000000 0.000000 0.000000
    193 0.000000 0.000000 0.000000 0.000000 0.000000 0.000000
    194 0.000000 0.000000 0.000000 0.000000 0.000000 0.000000
    195 0.000000 0.000000 0.000000 0.000000 0.000000 0.000000
    196 0.000000 0.000000 0.000000 0.000000 0.000000 0.000000
    197 0.000000 0.000000 0.000000 0.000000 0.000000 0.000000
    198 0.000000 0.000000 0.000000 0.000000 0.000000 0.000000
    199 0.000000 0.000000 0.000000 0.000000 0.000000 0.000000
    200 0.000000 0.000000 0.000000 0.000000 0.000000 0.000000
    201 0.000000 0.000000 0.000000 0.000000 0.000000 0.000000
    202 0.000000 0.000000 0.000000 0.000000 0.000000 0.000000
    203 0.000000 0.000000 0.000000 0.000000 0.000000 0.000000
    204 0.000000 0.000000 0.000000 0.000000 0.000000 0.000000
    205 0.000000 0.000000 0.000000 0.000000 0.000000 0.000000
    206 0.000000 0.000000 0.000000 0.000000 0.000000 0.000000
    207 0.000000 0.000000 0.000000 0.000000 0.000000 0.000000
    208 0.000000 0.000000 0.000000 0.000000 0.000000 0.000000
    209 0.000000 0.000000 0.000000 0.000000 0.000000 0.000000
    210 0.000000 0.000000 0.000000 0.000000 0.000000 0.000000
    211 0.000000 0.000000 0.000000 0.000000 0.000000 0.000000
    212 0.000000 0.000000 0.000000 0.000000 0.000000 0.000000
    213 0.000000 0.000000 0.000000 0.000000 0.000000 0.000000
    214 0.000000 0.000000 0.000000 0.000000 0.000000 0.000000
    215 0.000000 0.000000 0.000000 0.000000 0.000000 0.000000
    216 0.000000 0.000000 0.000000 0.000000 0.000000 0.000000
    217 0.000000 0.000000 0.000000 0.000000 0.000000 0.000000
    218 0.000000 0.000000 0.000000 0.000000 0.000000 0.000000
    219 0.000000 0.000000 0.000000 0.000000 0.000000 0.000000
    220 0.000000 0.000000 0.000000 0.000000 0.000000 0.000000
    221 0.000000 0.000000 0.000000 0.000000 0.000000 0.000000
    222 0.000000 0.000000 0.000000 0.000000 0.000000 0.000000
    223 0.000000 0.000000 0.000000 0.000000 0.000000 0.000000
    224 0.000000 0.000000 0.000000 0.000000 0.000000 0.000000
    225 0.000000 0.000000 0.000000 0.000000 0.000000 0.000000
    226 0.000000 0.000000 0.000000 0.000000 0.000000 0.000000
    227 -0.414075 0.558611 0.570330 -0.025951 -0.008618 0.049043
    228 0.000000 0.000000 0.000000 0.000000 0.000000 0.000000
    229 0.000000 0.000000 0.000000 0.000000 0.000000 0.000000
    230 0.000000 0.000000 0.000000 0.000575 0.000000 0.000000
    231 0.000000 0.000000 0.000000 0.000000 0.000000 0.000000
    232 0.000000 0.000000 0.000000 0.000000 0.000000 0.000000
    233 0.000000 0.000000 0.000000 0.000000 0.000000 0.000000
    234 0.683615 0.398450 0.605487 -0.025948 -0.008627 -1.521753
    235 0.000000 0.000000 0.000000 0.000000 0.000000 0.000000
    236 0.000000 0.000000 0.000000 0.000000 0.000000 0.000000
    237 0.000000 0.000000 0.000000 0.000000 0.000000 0.000000
    238 0.000000 0.000000 0.000000 0.000000 0.000000 0.000000
    239 0.000000 0.000000 0.000000 0.000000 0.000000 0.000000
    240 0.000000 0.000000 0.000000 0.000000 0.000000 0.000000
    241 0.000000 0.000000 0.000000 0.000000 0.000000 0.000000
    242 0.000000 0.000000 0.000000 0.000000 0.000000 0.000000
    243 0.000000 0.000000 0.000000 0.000000 0.000000 0.000000
    244 0.000000 0.000000 0.000000 0.000000 0.000000 0.000000
    245 0.000000 0.000000 0.000000 0.000000 0.000000 0.000000
    246 0.000000 0.000000 0.000000 0.000000 0.000000 -1.570796
  time 2
    0 0.000000 0.000000 0.000000 0.000000 0.000000 -1.570796
    1 0.000000 0.000000 0.000000 0.000000 0.000000 0.000000
    2 0.000000 0.000000 0.000000 0.000000 0.000000 0.000000
    3 0.000000 0.000000 0.000000 0.000000 0.000000 0.000000
    4 0.000000 0.000000 0.000000 0.000000 0.000000 0.000000
    5 0.000000 0.000000 0.000000 0.000000 0.000000 0.000000
    6 0.000000 0.000000 0.000000 0.000000 0.000000 0.000000
    7 0.000000 0.000000 0.000000 0.000000 0.000000 0.000000
    8 -0.972686 -0.234382 0.546892 0.077779 0.021725 -0.067713
    9 0.000000 0.000000 0.000000 -0.026479 0.007601 0.016244
    10 0.000000 0.000000 0.000000 0.000000 0.000000 0.000000
    11 0.000000 0.000000 0.000000 0.000000 0.000000 0.000000
    12 0.000000 0.000000 0.000000 0.000000 0.000000 0.000000
    13 0.000000 0.000000 0.000000 0.013057 0.000000 0.000000
    14 0.000000 0.000000 0.000000 0.000000 0.000060 -0.088681
    15 0.000000 0.000000 0.000000 0.000000 0.000000 0.000000
    16 0.000000 0.000000 0.000000 0.000000 0.000000 0.000000
    17 0.000000 0.000000 0.000000 0.000000 0.000000 0.000000
    18 0.000000 0.000000 0.000000 0.000000 0.000000 0.000000
    19 0.000000 0.000000 0.000000 0.014966 0.000000 0.000000
    20 0.074221 0.023438 0.000000 0.000000 0.000000 0.044377
    21 0.000000 0.000000 0.000000 0.040584 -0.103954 -0.004393
    22 0.000000 0.000000 0.000000 0.000000 0.000000 0.000000
    23 0.000000 0.000000 0.000000 0.000000 0.000000 0.000000
    24 0.000000 0.000000 0.000000 0.000000 0.000000 0.000000
    25 0.000000 0.000000 0.000000 0.000000 0.000000 0.000000
    26 0.000000 0.000000 0.000000 0.000000 0.000000 0.000000
    27 0.000000 0.000000 0.000000 0.000000 0.000000 0.000000
    28 0.000000 0.000000 0.000000 0.000000 0.000000 0.000000
    29 0.000000 0.000000 0.000000 0.000000 0.000000 0.000000
    30 0.000000 0.000000 0.000000 0.000000 0.000000 0.000000
    31 0.000000 0.000000 0.000000 0.000000 0.000000 0.000000
    32 0.000000 0.000000 0.000000 0.000000 0.000000 0.000000
    33 0.000000 0.000000 0.000000 0.000000 0.000000 0.000000
    34 0.000000 0.000000 0.000000 0.000000 0.000000 0.000000
    35 0.000000 0.000000 0.000000 0.000000 0.000000 0.000000
    36 0.000000 0.000000 0.000000 0.000000 0.000000 0.000000
    37 0.000000 0.000000 0.000000 0.000000 0.000000 0.000000
    38 0.000000 0.000000 0.000000 0.000000 0.000000 0.000000
    39 0.000000 0.000000 0.000000 0.000000 0.000000 0.000000
    40 0.000000 0.000000 0.000000 0.000000 0.000000 0.000000
    41 0.000000 0.000000 0.000000 0.000000 0.000000 0.000000
    42 0.000000 0.000000 0.000000 0.000000 0.000000 0.000000
    43 0.000000 0.000000 0.000000 0.000000 0.000000 0.000000
    44 0.000000 0.000000 0.000000 0.000000 0.000000 0.000000
    45 0.000000 0.000000 0.000000 0.000000 0.000000 0.000000
    46 0.000000 0.000000 0.000000 0.000000 0.000000 0.000000
    47 0.000000 0.000000 0.000000 0.000000 0.000000 0.000000
    48 0.000000 0.000000 0.000000 0.000000 0.000000 0.000000
    49 0.000000 0.000000 0.000000 0.000000 0.000000 0.000000
    50 0.000000 0.000000 0.000000 0.000000 0.000000 0.000000
    51 0.000000 0.000000 0.000000 0.000000 0.000000 0.000000
    52 0.000000 0.000000 0.000000 0.000000 0.000000 0.000000
    53 0.000000 0.000000 0.000000 0.000000 0.000000 0.000000
    54 0.000000 0.000000 0.000000 0.000000 0.000000 0.000000
    55 0.000000 0.000000 0.000000 0.000000 0.000000 0.000000
    56 0.000000 0.000000 0.000000 0.000000 0.000000 0.000000
    57 0.000000 0.000000 0.000000 0.000000 0.000000 0.000000
    58 0.000000 0.000000 0.000000 0.000000 0.000000 0.000000
    59 0.000000 0.000000 0.000000 0.000000 0.000000 0.000000
    60 0.000000 0.000000 0.000000 0.000000 0.000000 0.000000
    61 0.000000 0.000000 0.000000 0.000000 0.000000 0.000000
    62 0.000000 0.000000 0.000000 0.000000 0.000000 0.000000
    63 0.000000 0.000000 0.000000 0.000000 0.000000 0.000000
    64 0.000000 0.000000 0.000000 0.000000 0.000000 0.000000
    65 0.000000 0.000000 0.000000 0.000000 0.000000 0.000000
    66 0.000000 0.000000 0.000000 0.000000 0.000000 0.000000
    67 0.000000 0.000000 0.000000 0.000000 0.000000 0.000000
    68 0.000000 0.000000 0.000000 0.000000 0.000000 0.000000
    69 0.000000 0.000000 0.000000 0.000000 0.000000 0.000000
    70 0.000000 0.000000 0.000000 0.000000 0.000000 0.000000
    71 0.000000 0.000000 0.000000 0.000000 0.000000 0.000000
    72 0.000000 0.000000 0.000000 0.000000 0.000000 0.000000
    73 0.000000 0.000000 0.000000 0.000000 0.000000 0.000000
    74 0.000000 0.000000 0.000000 0.000000 0.000000 0.000000
    75 0.000000 0.000000 0.000000 0.000000 0.000000 0.000000
    76 0.000000 0.000000 0.000000 0.000000 0.000000 0.000000
    77 0.000000 0.000000 0.000000 0.000000 0.000000 0.000000
    78 0.000000 0.000000 0.000000 0.000000 0.000000 0.000000
    79 0.000000 0.000000 0.000000 0.000000 0.000000 0.000000
    80 0.000000 0.000000 0.000000 0.000000 0.000000 0.000000
    81 0.000000 0.000000 0.000000 0.000000 0.000000 0.000000
    82 0.000000 0.000000 0.000000 0.000000 0.000000 0.000000
    83 0.000000 0.000000 0.000000 0.000000 0.000000 0.000000
    84 0.000000 0.000000 0.000000 0.000000 0.000000 0.000000
    85 0.000000 0.000000 0.000000 0.000000 0.000000 0.000000
    86 0.000000 0.000000 0.000000 0.000000 0.000000 0.000000
    87 0.000000 0.000000 0.000000 0.000000 0.000000 0.000000
    88 0.000000 0.000000 0.000000 0.000000 0.000000 0.000000
    89 0.000000 0.000000 0.000000 0.000000 0.000000 0.000000
    90 0.000000 0.000000 0.000000 0.000000 0.000000 0.000000
    91 0.000000 0.000000 0.000000 0.000000 0.000000 0.000000
    92 0.000000 0.000000 0.000000 0.000000 0.000000 0.000000
    93 0.000000 0.000000 0.000000 0.000000 0.000000 0.000000
    94 0.000000 0.000000 0.000000 0.000000 0.000000 0.000000
    95 0.000000 0.000000 0.000000 0.000000 0.000000 0.000000
    96 0.000000 0.000000 0.000000 0.000000 0.000000 0.000000
    97 0.000000 0.000000 0.000000 0.000000 0.000000 0.000000
    98 0.000000 0.000000 0.000000 0.000000 0.000000 0.000000
    99 0.000000 0.000000 0.000000 0.000000 0.000000 0.000000
    100 0.000000 0.000000 0.000000 0.000000 0.000000 0.000000
    101 0.000000 0.000000 0.000000 0.000000 0.000000 0.000000
    102 0.000000 0.000000 0.000000 0.000000 0.000000 0.000000
    103 0.000000 0.000000 0.000000 0.000000 0.000000 0.000000
    104 0.000000 0.000000 0.000000 0.000000 0.000000 0.000000
    105 0.000000 0.000000 0.000000 0.000000 0.000000 0.000000
    106 0.000000 0.000000 0.000000 0.000000 0.000000 0.000000
    107 0.000000 0.000000 0.000000 0.000000 0.000000 0.000000
    108 0.000000 0.000000 0.000000 0.000000 0.000000 0.000000
    109 0.000000 0.000000 0.000000 0.000000 0.000000 0.000000
    110 0.000000 0.000000 0.000000 0.000000 0.000000 0.000000
    111 0.000000 0.000000 0.000000 0.000000 0.000000 -1.570796
    112 0.132817 0.722678 0.621113 -0.048058 -0.021637 -1.478303
    113 0.000000 0.000000 0.000000 0.000000 0.000000 0.000000
    114 0.000000 0.000000 0.000000 0.000000 0.000000 -1.570796
    115 0.000000 0.000000 0.000000 0.000000 0.000000 0.000000
    116 0.000000 0.000000 0.000000 0.000000 0.000000 0.000000
    117 0.000000 0.000000 0.000000 0.000000 0.000000 0.000000
    118 0.000000 0.000000 0.000000 0.000000 0.000000 0.000000
    119 0.000000 0.000000 0.000000 0.000000 0.000000 0.000000
    120 0.000000 0.000000 0.000000 0.000000 0.000000 0.000000
    121 0.000000 0.000000 0.000000 0.000000 0.000000 0.000000
    122 0.000000 0.000000 0.000000 0.000000 0.000000 0.000000
    123 0.000000 0.000000 0.000000 0.000000 0.000000 0.000000
    124 0.000000 0.000000 0.000000 0.000000 0.000000 0.000000
    125 0.000000 0.000000 0.000000 0.000000 0.000000 0.000000
    126 0.000000 0.000000 0.000000 0.000000 0.000000 0.000000
    127 0.000000 0.000000 0.000000 0.000000 0.000000 0.000000
    128 0.000000 0.000000 0.000000 0.000000 0.000000 0.000000
    129 0.000000 0.000000 0.000000 0.000000 0.000000 0.000000
    130 0.000000 0.000000 0.000000 0.000000 0.000000 0.000000
    131 0.000000 0.000000 0.000000 0.000000 0.000000 0.000000
    132 0.000000 0.000000 0.000000 0.000000 0.000000 0.000000
    133 0.000000 0.000000 0.000000 0.000000 0.000000 0.000000
    134 0.000000 0.000000 0.000000 0.000000 0.000000 0.000000
    135 0.000000 0.000000 0.000000 0.000000 0.000000 0.000000
    136 0.000000 0.000000 0.000000 0.000000 0.000000 0.000000
    137 0.000000 0.000000 0.000000 0.000000 0.000000 0.000000
    138 0.000000 0.000000 0.000000 0.000000 0.000000 0.000000
    139 0.000000 0.000000 0.000000 0.000000 0.000000 0.000000
    140 0.000000 0.000000 0.000000 0.000000 0.000000 0.000000
    141 0.000000 0.000000 0.000000 0.000000 0.000000 0.000000
    142 0.000000 0.000000 0.000000 0.000000 0.000000 0.000000
    143 0.000000 0.000000 0.000000 0.000000 0.000000 0.000000
    144 0.000000 0.000000 0.000000 0.000000 0.000000 0.000000
    145 0.000000 0.000000 0.000000 0.000000 0.000000 0.000000
    146 0.000000 0.000000 0.000000 0.000000 0.000000 0.000000
    147 0.000000 0.000000 0.000000 0.000000 0.000000 0.000000
    148 0.000000 0.000000 0.000000 0.000000 0.000000 0.000000
    149 0.000000 0.000000 0.000000 0.000000 0.000000 0.000000
    150 0.000000 0.000000 0.000000 0.000000 0.000000 0.000000
    151 0.000000 0.000000 0.000000 0.000000 0.000000 0.000000
    152 0.000000 0.000000 0.000000 0.000000 0.000000 0.000000
    153 0.000000 0.000000 0.000000 0.000000 0.000000 0.000000
    154 0.000000 0.000000 0.000000 0.000000 0.000000 0.000000
    155 0.000000 0.000000 0.000000 0.000000 0.000000 0.000000
    156 0.000000 0.000000 0.000000 0.000000 0.000000 0.000000
    157 0.000000 0.000000 0.000000 0.000000 0.000000 0.000000
    158 0.000000 0.000000 0.000000 0.000000 0.000000 0.000000
    159 0.000000 0.000000 0.000000 0.000000 0.000000 0.000000
    160 0.000000 0.000000 0.000000 0.000000 0.000000 0.000000
    161 0.000000 0.000000 0.000000 0.000000 0.000000 0.000000
    162 0.000000 0.000000 0.000000 0.000000 0.000000 0.000000
    163 0.000000 0.000000 0.000000 0.000000 0.000000 0.000000
    164 0.000000 0.000000 0.000000 0.000000 0.000000 0.000000
    165 0.000000 0.000000 0.000000 0.000000 0.000000 0.000000
    166 0.000000 0.000000 0.000000 0.000000 0.000000 0.000000
    167 0.000000 0.000000 0.000000 0.000000 0.000000 0.000000
    168 0.000000 0.000000 0.000000 0.000000 0.000000 0.000000
    169 0.000000 0.000000 0.000000 0.000000 0.000000 0.000000
    170 0.000000 0.000000 0.000000 0.000000 0.000000 0.000000
    171 0.000000 0.000000 0.000000 0.000000 0.000000 0.000000
    172 0.000000 0.000000 0.000000 0.000000 0.000000 0.000000
    173 0.000000 0.000000 0.000000 0.000000 0.000000 0.000000
    174 0.000000 0.000000 0.000000 0.000000 0.000000 0.000000
    175 0.000000 0.000000 0.000000 0.000000 0.000000 0.000000
    176 0.000000 0.000000 0.000000 0.000000 0.000000 0.000000
    177 0.000000 0.000000 0.000000 0.000000 0.000000 0.000000
    178 0.000000 0.000000 0.000000 0.000000 0.000000 0.000000
    179 0.000000 0.000000 0.000000 0.000000 0.000000 0.000000
    180 0.000000 0.000000 0.000000 0.000000 0.000000 0.000000
    181 0.000000 0.000000 0.000000 0.000000 0.000000 0.000000
    182 0.000000 0.000000 0.000000 0.000000 0.000000 0.000000
    183 0.000000 0.000000 0.000000 0.000000 0.000000 0.000000
    184 0.000000 0.000000 0.000000 0.000000 0.000000 0.000000
    185 0.000000 0.000000 0.000000 0.000000 0.000000 0.000000
    186 0.000000 0.000000 0.000000 0.000000 0.000000 0.000000
    187 0.000000 0.000000 0.000000 0.000000 0.000000 0.000000
    188 0.000000 0.000000 0.000000 0.000000 0.000000 0.000000
    189 0.000000 0.000000 0.000000 0.000000 0.000000 0.000000
    190 0.000000 0.000000 0.000000 0.000000 0.000000 0.000000
    191 0.000000 0.000000 0.000000 0.008465 0.000000 0.000000
    192 0.000000 0.000000 0.000000 0.000000 0.000000 0.000000
    193 0.000000 0.000000 0.000000 0.000000 0.000000 0.000000
    194 0.000000 0.000000 0.000000 0.000000 0.000000 0.000000
    195 0.000000 0.000000 0.000000 0.000000 0.000000 0.000000
    196 0.000000 0.000000 0.000000 0.000000 0.000000 0.000000
    197 0.000000 0.000000 0.000000 0.000000 0.000000 0.000000
    198 0.000000 0.000000 0.000000 0.000000 0.000000 0.000000
    199 0.000000 0.000000 0.000000 0.000000 0.000000 0.000000
    200 0.000000 0.000000 0.000000 0.000000 0.000000 0.000000
    201 0.000000 0.000000 0.000000 0.000000 0.000000 0.000000
    202 0.000000 0.000000 0.000000 0.000000 0.000000 0.000000
    203 0.000000 0.000000 0.000000 0.000000 0.000000 0.000000
    204 0.000000 0.000000 0.000000 0.000000 0.000000 0.000000
    205 0.000000 0.000000 0.000000 0.000000 0.000000 0.000000
    206 0.000000 0.000000 0.000000 0.000000 0.000000 0.000000
    207 0.000000 0.000000 0.000000 0.000000 0.000000 0.000000
    208 0.000000 0.000000 0.000000 0.000000 0.000000 0.000000
    209 0.000000 0.000000 0.000000 0.000000 0.000000 0.000000
    210 0.000000 0.000000 0.000000 0.000000 0.000000 0.000000
    211 0.000000 0.000000 0.000000 0.000000 0.000000 0.000000
    212 0.000000 0.000000 0.000000 0.000000 0.000000 0.000000
    213 0.000000 0.000000 0.000000 0.000000 0.000000 0.000000
    214 0.000000 0.000000 0.000000 0.000000 0.000000 0.000000
    215 0.000000 0.000000 0.000000 0.000000 0.000000 0.000000
    216 0.000000 0.000000 0.000000 0.000000 0.000000 0.000000
    217 0.000000 0.000000 0.000000 0.000000 0.000000 0.000000
    218 0.000000 0.000000 0.000000 0.000000 0.000000 0.000000
    219 0.000000 0.000000 0.000000 0.000000 0.000000 0.000000
    220 0.000000 0.000000 0.000000 0.000000 0.000000 0.000000
    221 0.000000 0.000000 0.000000 0.000000 0.000000 0.000000
    222 0.000000 0.000000 0.000000 0.000000 0.000000 0.000000
    223 0.000000 0.000000 0.000000 0.000000 0.000000 0.000000
    224 0.000000 0.000000 0.000000 0.000000 0.000000 0.000000
    225 0.000000 0.000000 0.000000 0.000000 0.000000 0.000000
    226 0.000000 0.000000 0.000000 0.000000 0.000000 0.000000
    227 -0.757836 1.074252 0.847682 -0.048058 -0.021634 0.092492
    228 0.000000 0.000000 0.000000 0.000000 0.000000 0.000000
    229 0.000000 0.000000 0.000000 0.000000 0.000000 0.000000
    230 0.000000 0.000000 0.000000 0.001163 0.000000 0.000000
    231 0.000000 0.000000 0.000000 0.000000 0.000000 0.000000
    232 0.000000 0.000000 0.000000 0.000000 0.000000 0.000000
    233 0.000000 0.000000 0.000000 0.000000 0.000000 0.000000
    234 1.320353 0.718772 0.929716 -0.048051 -0.021642 -1.478265
    235 0.000000 0.000000 0.000000 0.000000 0.000000 0.000000
    236 0.000000 0.000000 0.000000 0.000000 0.000000 0.000000
    237 0.000000 0.000000 0.000000 0.000000 0.000000 0.000000
    238 0.000000 0.000000 0.000000 0.000000 0.000000 0.000000
    239 0.000000 0.000000 0.000000 0.000000 0.000000 0.000000
    240 0.000000 0.000000 0.000000 0.000000 0.000000 0.000000
    241 0.000000 0.000000 0.000000 0.000000 0.000000 0.000000
    242 0.000000 0.000000 0.000000 0.000000 0.000000 0.000000
    243 0.000000 0.000000 0.000000 0.000000 0.000000 0.000000
    244 0.000000 0.000000 0.000000 0.000000 0.000000 0.000000
    245 0.000000 0.000000 0.000000 0.000000 0.000000 0.000000
    246 0.000000 0.000000 0.000000 0.000000 0.000000 -1.570796
  time 3
    0 0.000000 0.000000 0.000000 0.000000 0.000000 -1.570796
    1 0.000000 0.000000 0.000000 0.000000 0.000000 0.000000
    2 0.000000 0.000000 0.000000 0.000000 0.000000 0.000000
    3 0.000000 0.000000 0.000000 0.000000 0.000000 0.000000
    4 0.000000 0.000000 0.000000 0.000000 0.000000 0.000000
    5 0.000000 0.000000 0.000000 0.000000 0.000000 0.000000
    6 0.000000 0.000000 0.000000 0.000000 0.000000 0.000000
    7 0.000000 0.000000 0.000000 0.000000 0.000000 0.000000
    8 -1.296915 -0.359386 0.406262 0.109628 0.027538 -0.087155
    9 0.000000 0.000000 0.000000 -0.033266 0.009982 0.028334
    10 0.000000 0.000000 0.000000 0.000000 0.000000 0.000000
    11 0.000000 0.000000 0.000000 0.000000 0.000000 0.000000
    12 0.000000 0.000000 0.000000 0.000000 0.000000 0.000000
    13 0.000000 0.000000 0.000000 0.015150 0.000000 0.000000
    14 0.000000 0.000000 0.000000 0.000000 0.000000 -0.103487
    15 0.000000 0.000000 0.000000 0.000000 0.000000 0.000000
    16 0.000000 0.000000 0.000000 0.000000 0.000000 0.000000
    17 0.000000 0.000000 0.000000 0.000000 0.000000 0.000000
    18 0.000000 0.000000 0.000000 0.000000 0.000000 0.000000
    19 0.000000 0.000000 0.000000 0.030486 0.000000 -0.000024
    20 0.113285 0.035157 0.000000 0.000000 0.000000 0.051688
    21 0.000000 0.000000 0.000000 0.038282 -0.130232 -0.022465
    22 0.000000 0.000000 0.000000 0.000000 0.000000 0.000000
    23 0.000000 0.000000 0.000000 0.000000 0.000000 0.000000
    24 0.000000 0.000000 0.000000 0.000000 0.000000 0.000000
    25 0.000000 0.000000 0.000000 0.000000 0.000000 0.000000
    26 0.000000 0.000000 0.000000 0.000000 0.000000 0.000000
    27 0.000000 0.000000 0.000000 0.000000 0.000000 0.000000
    28 0.000000 0.000000 0.000000 0.000000 0.000000 0.000000
    29 0.000000 0.000000 0.000000 0.000000 0.000000 0.000000
    30 0.000000 0.000000 0.000000 0.000000 0.000000 0.000000
    31 0.000000 0.000000 0.000000 0.000000 0.000000 0.000000
    32 0.000000 0.000000 0.000000 0.000000 0.000000 0.000000
    33 0.000000 0.000000 0.000000 0.000000 0.000000 0.000000
    34 0.000000 0.000000 0.000000 0.000000 0.000000 0.000000
    35 0.000000 0.000000 0.000000 0.000000 0.000000 0.000000
    36 0.000000 0.000000 0.000000 0.000000 0.000000 0.000000
    37 0.000000 0.000000 0.000000 0.000000 0.000000 0.000000
    38 0.000000 0.000000 0.000000 0.000000 0.000000 0.000000
    39 0.000000 0.000000 0.000000 0.000000 0.000000 0.000000
    40 0.000000 0.000000 0.000000 0.000000 0.000000 0.000000
    41 0.000000 0.000000 0.000000 0.000000 0.000000 0.000000
    42 0.000000 0.000000 0.000000 0.000000 0.000000 0.000000
    43 0.000000 0.000000 0.000000 0.000000 0.000000 0.000000
    44 0.000000 0.000000 0.000000 0.000000 0.000000 0.000000
    45 0.000000 0.000000 0.000000 0.000000 0.000000 0.000000
    46 0.000000 0.000000 0.000000 0.000000 0.000000 0.000000
    47 0.000000 0.000000 0.000000 0.000000 0.000000 0.000000
    48 0.000000 0.000000 0.000000 0.000000 0.000000 0.000000
    49 0.000000 0.000000 0.000000 0.000000 0.000000 0.000000
    50 0.000000 0.000000 0.000000 0.000000 0.000000 0.000000
    51 0.000000 0.000000 0.000000 0.000000 0.000000 0.000000
    52 0.000000 0.000000 0.000000 0.000000 0.000000 0.000000
    53 0.000000 0.000000 0.000000 0.000000 0.000000 0.000000
    54 0.000000 0.000000 0.000000 0.000000 0.000000 0.000000
    55 0.000000 0.000000 0.000000 0.000000 0.000000 0.000000
    56 0.000000 0.000000 0.000000 0.000000 0.000000 0.000000
    57 0.000000 0.000000 0.000000 0.000000 0.000000 0.000000
    58 0.000000 0.000000 0.000000 0.000000 0.000000 0.000000
    59 0.000000 0.000000 0.000000 0.000000 0.000000 0.000000
    60 0.000000 0.000000 0.000000 0.000000 0.000000 0.000000
    61 0.000000 0.000000 0.000000 0.000000 0.000000 0.000000
    62 0.000000 0.000000 0.000000 0.000000 0.000000 0.000000
    63 0.000000 0.000000 0.000000 0.000000 0.000000 0.000000
    64 0.000000 0.000000 0.000000 0.000000 0.000000 0.000000
    65 0.000000 0.000000 0.000000 0.000000 0.000000 0.000000
    66 0.000000 0.000000 0.000000 0.000000 0.000000 0.000000
    67 0.000000 0.000000 0.000000 0.000000 0.000000 0.000000
    68 0.000000 0.000000 0.000000 0.000000 0.000000 0.000000
    69 0.000000 0.000000 0.000000 0.000000 0.000000 0.000000
    70 0.000000 0.000000 0.000000 0.000000 0.000000 0.000000
    71 0.000000 0.000000 0.000000 0.000000 0.000000 0.000000
    72 0.000000 0.000000 0.000000 0.000000 0.000000 0.000000
    73 0.000000 0.000000 0.000000 0.000000 0.000000 0.000000
    74 0.000000 0.000000 0.000000 0.000000 0.000000 0.000000
    75 0.000000 0.000000 0.000000 0.000000 0.000000 0.000000
    76 0.000000 0.000000 0.000000 0.000000 0.000000 0.000000
    77 0.000000 0.000000 0.000000 0.000000 0.000000 0.000000
    78 0.000000 0.000000 0.000000 0.000000 0.000000 0.000000
    79 0.000000 0.000000 0.000000 0.000000 0.000000 0.000000
    80 0.000000 0.000000 0.000000 0.000000 0.000000 0.000000
    81 0.000000 0.000000 0.000000 0.000000 0.000000 0.000000
    82 0.000000 0.000000 0.000000 0.000000 0.000000 0.000000
    83 0.000000 0.000000 0.000000 0.000000 0.000000 0.000000
    84 0.000000 0.000000 0.000000 0.000000 0.000000 0.000000
    85 0.000000 0.000000 0.000000 0.000000 0.000000 0.000000
    86 0.000000 0.000000 0.000000 0.000000 0.000000 0.000000
    87 0.000000 0.000000 0.000000 0.000000 0.000000 0.000000
    88 0.000000 0.000000 0.000000 0.000000 0.000000 0.000000
    89 0.000000 0.000000 0.000000 0.000000 0.000000 0.000000
    90 0.000000 0.000000 0.000000 0.000000 0.000000 0.000000
    91 0.000000 0.000000 0.000000 0.000000 0.000000 0.000000
    92 0.000000 0.000000 0.000000 0.000000 0.000000 0.000000
    93 0.000000 0.000000 0.000000 0.000000 0.000000 0.000000
    94 0.000000 0.000000 0.000000 0.000000 0.000000 0.000000
    95 0.000000 0.000000 0.000000 0.000000 0.000000 0.000000
    96 0.000000 0.000000 0.000000 0.000000 0.000000 0.000000
    97 0.000000 0.000000 0.000000 0.000000 0.000000 0.000000
    98 0.000000 0.000000 0.000000 0.000000 0.000000 0.000000
    99 0.000000 0.000000 0.000000 0.000000 0.000000 0.000000
    100 0.000000 0.000000 0.000000 0.000000 0.000000 0.000000
    101 0.000000 0.000000 0.000000 0.000000 0.000000 0.000000
    102 0.000000 0.000000 0.000000 0.000000 0.000000 0.000000
    103 0.000000 0.000000 0.000000 0.000000 0.000000 0.000000
    104 0.000000 0.000000 0.000000 0.000000 0.000000 0.000000
    105 0.000000 0.000000 0.000000 0.000000 0.000000 0.000000
    106 0.000000 0.000000 0.000000 0.000000 0.000000 0.000000
    107 0.000000 0.000000 0.000000 0.000000 0.000000 0.000000
    108 0.000000 0.000000 0.000000 0.000000 0.000000 0.000000
    109 0.000000 0.000000 0.000000 0.000000 0.000000 0.000000
    110 0.000000 0.000000 0.000000 0.000000 0.000000 0.000000
    111 0.000000 0.000000 0.000000 0.000000 0.000000 -1.570796
    112 0.191412 0.929716 0.601581 -0.066145 -0.034922 -1.447068
    113 0.000000 0.000000 0.000000 0.000000 0.000000 0.000000
    114 0.000000 0.000000 0.000000 0.000000 0.000000 -1.570796
    115 0.000000 0.000000 0.000000 0.000000 0.000000 0.000000
    116 0.000000 0.000000 0.000000 0.000000 0.000000 0.000000
    117 0.000000 0.000000 0.000000 0.000000 0.000000 0.000000
    118 0.000000 0.000000 0.000000 0.000000 0.000000 0.000000
    119 0.000000 0.000000 0.000000 0.000000 0.000000 0.000000
    120 0.000000 0.000000 0.000000 0.000000 0.000000 0.000000
    121 0.000000 0.000000 0.000000 0.000000 0.000000 0.000000
    122 0.000000 0.000000 0.000000 0.000000 0.000000 0.000000
    123 0.000000 0.000000 0.000000 0.000000 0.000000 0.000000
    124 0.000000 0.000000 0.000000 0.000000 0.000000 0.000000
    125 0.000000 0.000000 0.000000 0.000000 0.000000 0.000000
    126 0.000000 0.000000 0.000000 0.000000 0.000000 0.000000
    127 0.000000 0.000000 0.000000 0.000000 0.000000 0.000000
    128 0.000000 0.000000 0.000000 0.000000 0.000000 0.000000
    129 0.000000 0.000000 0.000000 0.000000 0.000000 0.000000
    130 0.000000 0.000000 0.000000 0.000000 0.000000 0.000000
    131 0.000000 0.000000 0.000000 0.000000 0.000000 0.000000
    132 0.000000 0.000000 0.000000 0.000000 0.000000 0.000000
    133 0.000000 0.000000 0.000000 0.000000 0.000000 0.000000
    134 0.000000 0.000000 0.000000 0.000000 0.000000 0.000000
    135 0.000000 0.000000 0.000000 0.000000 0.000000 0.000000
    136 0.000000 0.000000 0.000000 0.000000 0.000000 0.000000
    137 0.000000 0.000000 0.000000 0.000000 0.000000 0.000000
    138 0.000000 0.000000 0.000000 0.000000 0.000000 0.000000
    139 0.000000 0.000000 0.000000 0.000000 0.000000 0.000000
    140 0.000000 0.000000 0.000000 0.000000 0.000000 0.000000
    141 0.000000 0.000000 0.000000 0.000000 0.000000 0.000000
    142 0.000000 0.000000 0.000000 0.000000 0.000000 0.000000
    143 0.000000 0.000000 0.000000 0.000000 0.000000 0.000000
    144 0.000000 0.000000 0.000000 0.000000 0.000000 0.000000
    145 0.000000 0.000000 0.000000 0.000000 0.000000 0.000000
    146 0.000000 0.000000 0.000000 0.000000 0.000000 0.000000
    147 0.000000 0.000000 0.000000 0.000000 0.000000 0.000000
    148 0.000000 0.000000 0.000000 0.000000 0.000000 0.000000
    149 0.000000 0.000000 0.000000 0.000000 0.000000 0.000000
    150 0.000000 0.000000 0.000000 0.000000 0.000000 0.000000
    151 0.000000 0.000000 0.000000 0.000000 0.000000 0.000000
    152 0.000000 0.000000 0.000000 0.000000 0.000000 0.000000
    153 0.000000 0.000000 0.000000 0.000000 0.000000 0.000000
    154 0.000000 0.000000 0.000000 0.000000 0.000000 0.000000
    155 0.000000 0.000000 0.000000 0.000000 0.000000 0.000000
    156 0.000000 0.000000 0.000000 0.000000 0.000000 0.000000
    157 0.000000 0.000000 0.000000 0.000000 0.000000 0.000000
    158 0.000000 0.000000 0.000000 0.000000 0.000000 0.000000
    159 0.000000 0.000000 0.000000 0.000000 0.000000 0.000000
    160 0.000000 0.000000 0.000000 0.000000 0.000000 0.000000
    161 0.000000 0.000000 0.000000 0.000000 0.000000 0.000000
    162 0.000000 0.000000 0.000000 0.000000 0.000000 0.000000
    163 0.000000 0.000000 0.000000 0.000000 0.000000 0.000000
    164 0.000000 0.000000 0.000000 0.000000 0.000000 0.000000
    165 0.000000 0.000000 0.000000 0.000000 0.000000 0.000000
    166 0.000000 0.000000 0.000000 0.000000 0.000000 0.000000
    167 0.000000 0.000000 0.000000 0.000000 0.000000 0.000000
    168 0.000000 0.000000 0.000000 0.000000 0.000000 0.000000
    169 0.000000 0.000000 0.000000 0.000000 0.000000 0.000000
    170 0.000000 0.000000 0.000000 0.000000 0.000000 0.000000
    171 0.000000 0.000000 0.000000 0.000000 0.000000 0.000000
    172 0.000000 0.000000 0.000000 0.000000 0.000000 0.000000
    173 0.000000 0.000000 0.000000 0.000000 0.000000 0.000000
    174 0.000000 0.000000 0.000000 0.000000 0.000000 0.000000
    175 0.000000 0.000000 0.000000 0.000000 0.000000 0.000000
    176 0.000000 0.000000 0.000000 0.000000 0.000000 0.000000
    177 0.000000 0.000000 0.000000 0.000000 0.000000 0.000000
    178 0.000000 0.000000 0.000000 0.000000 0.000000 0.000000
    179 0.000000 0.000000 0.000000 0.000000 0.000000 0.000000
    180 0.000000 0.000000 0.000000 0.000000 0.000000 0.000000
    181 0.000000 0.000000 0.000000 0.000000 0.000000 0.000000
    182 0.000000 0.000000 0.000000 0.000000 0.000000 0.000000
    183 0.000000 0.000000 0.000000 0.000000 0.000000 0.000000
    184 0.000000 0.000000 0.000000 0.000000 0.000000 0.000000
    185 0.000000 0.000000 0.000000 0.000000 0.000000 0.000000
    186 0.000000 0.000000 0.000000 0.000000 0.000000 0.000000
    187 0.000000 0.000000 0.000000 0.000000 0.000000 0.000000
    188 0.000000 0.000000 0.000000 0.000000 0.000000 0.000000
    189 0.000000 0.000000 0.000000 0.000000 0.000000 0.000000
    190 0.000000 0.000000 0.000000 0.000000 0.000000 0.000000
    191 0.000000 0.000000 0.000000 0.015725 0.000000 0.000000
    192 0.000000 0.000000 0.000000 0.000000 0.000000 0.000000
    193 0.000000 0.000000 0.000000 0.000000 0.000000 0.000000
    194 0.000000 0.000000 0.000000 0.000000 0.000000 0.000000
    195 0.000000 0.000000 0.000000 0.000000 0.000000 0.000000
    196 0.000000 0.000000 0.000000 0.000000 0.000000 0.000000
    197 0.000000 0.000000 0.000000 0.000000 0.000000 0.000000
    198 0.000000 0.000000 0.000000 0.000000 0.000000 0.000000
    199 0.000000 0.000000 0.000000 0.000000 0.000000 0.000000
    200 0.000000 0.000000 0.000000 0.000000 0.000000 0.000000
    201 0.000000 0.000000 0.000000 0.000000 0.000000 0.000000
    202 0.000000 0.000000 0.000000 0.000000 0.000000 0.000000
    203 0.000000 0.000000 0.000000 0.000000 0.000000 0.000000
    204 0.000000 0.000000 0.000000 0.000000 0.000000 0.000000
    205 0.000000 0.000000 0.000000 0.000000 0.000000 0.000000
    206 0.000000 0.000000 0.000000 0.000000 0.000000 0.000000
    207 0.000000 0.000000 0.000000 0.000000 0.000000 0.000000
    208 0.000000 0.000000 0.000000 0.000000 0.000000 0.000000
    209 0.000000 0.000000 0.000000 0.000000 0.000000 0.000000
    210 0.000000 0.000000 0.000000 0.000000 0.000000 0.000000
    211 0.000000 0.000000 0.000000 0.000000 0.000000 0.000000
    212 0.000000 0.000000 0.000000 0.000000 0.000000 0.000000
    213 0.000000 0.000000 0.000000 0.000000 0.000000 0.000000
    214 0.000000 0.000000 0.000000 0.000000 0.000000 0.000000
    215 0.000000 0.000000 0.000000 0.000000 0.000000 0.000000
    216 0.000000 0.000000 0.000000 0.000000 0.000000 0.000000
    217 0.000000 0.000000 0.000000 0.000000 0.000000 0.000000
    218 0.000000 0.000000 0.000000 0.000000 0.000000 0.000000
    219 0.000000 0.000000 0.000000 0.000000 0.000000 0.000000
    220 0.000000 0.000000 0.000000 0.000000 0.000000 0.000000
    221 0.000000 0.000000 0.000000 0.000000 0.000000 0.000000
    222 0.000000 0.000000 0.000000 0.000000 0.000000 0.000000
    223 0.000000 0.000000 0.000000 0.000000 0.000000 0.000000
    224 0.000000 0.000000 0.000000 0.000000 0.000000 0.000000
    225 0.000000 0.000000 0.000000 0.000000 0.000000 0.000000
    226 0.000000 0.000000 0.000000 0.000000 0.000000 0.000000
    227 -1.000031 1.449263 0.964873 -0.066145 -0.034917 0.123727
    228 0.000000 0.000000 0.000000 0.000000 0.000000 0.000000
    229 0.000000 0.000000 0.000000 0.000000 0.000000 0.000000
    230 0.000000 0.000000 0.000000 0.001750 0.000000 0.000000
    231 0.000000 0.000000 0.000000 0.000000 0.000000 0.000000
    232 0.000000 0.000000 0.000000 0.000000 0.000000 0.000000
    233 0.000000 0.000000 0.000000 0.000000 0.000000 0.000000
    234 1.773492 0.937529 1.097690 -0.066136 -0.034920 -1.447038
    235 0.000000 0.000000 0.000000 0.000000 0.000000 0.000000
    236 0.000000 0.000000 0.000000 0.000000 0.000000 0.000000
    237 0.000000 0.000000 0.000000 0.000000 0.000000 0.000000
    238 0.000000 0.000000 0.000000 0.000000 0.000000 0.000000
    239 0.000000 0.000000 0.000000 0.000000 0.000000 0.000000
    240 0.000000 0.000000 0.000000 0.000000 0.000000 0.000000
    241 0.000000 0.000000 0.000000 0.000000 0.000000 0.000000
    242 0.000000 0.000000 0.000000 0.000000 0.000000 0.000000
    243 0.000000 0.000000 0.000000 0.000000 0.000000 0.000000
    244 0.000000 0.000000 0.000000 0.000000 0.000000 0.000000
    245 0.000000 0.000000 0.000000 0.000000 0.000000 0.000000
    246 0.000000 0.000000 0.000000 0.000000 0.000000 -1.570796
  time 4
    0 0.000000 0.000000 0.000000 0.000000 0.000000 -1.570796
    1 0.000000 0.000000 0.000000 0.000000 0.000000 0.000000
    2 0.000000 0.000000 0.000000 0.000000 0.000000 0.000000
    3 0.000000 0.000000 0.000000 0.000000 0.000000 0.000000
    4 0.000000 0.000000 0.000000 0.000000 0.000000 0.000000
    5 0.000000 0.000000 0.000000 0.000000 0.000000 0.000000
    6 0.000000 0.000000 0.000000 0.000000 0.000000 0.000000
    7 0.000000 0.000000 0.000000 0.000000 0.000000 0.000000
    8 -1.484420 -0.476577 0.171880 0.132971 0.032551 -0.097403
    9 0.000000 0.000000 0.000000 -0.038810 0.012088 0.038671
    10 0.000000 0.000000 0.000000 0.000000 0.000000 0.000000
    11 0.000000 0.000000 0.000000 0.000000 0.000000 0.000000
    12 0.000000 0.000000 0.000000 0.000000 0.000000 0.000000
    13 0.000000 0.000000 0.000000 0.017243 0.000000 0.000000
    14 0.000000 0.000000 0.000000 0.000000 0.000000 -0.103487
    15 0.000000 0.000000 0.000000 0.000000 0.000000 0.000000
    16 0.000000 0.000000 0.000000 0.000000 0.000000 0.000000
    17 0.000000 0.000000 0.000000 0.000000 0.000000 0.000000
    18 0.000000 0.000000 0.000000 0.000000 0.000000 0.000000
    19 0.000000 0.000000 0.000000 0.046006 0.000000 -0.000060
    20 0.089846 0.027345 0.000000 0.000000 0.000000 0.051688
    21 0.000000 0.000000 0.000000 0.026168 -0.140464 -0.040937
    22 0.000000 0.000000 0.000000 0.000000 0.000000 0.000000
    23 0.000000 0.000000 0.000000 0.000000 0.000000 0.000000
    24 0.000000 0.000000 0.000000 0.000000 0.000000 0.000000
    25 0.000000 0.000000 0.000000 0.000000 0.000000 0.000000
    26 0.000000 0.000000 0.000000 0.000000 0.000000 0.000000
    27 0.000000 0.000000 0.000000 0.000000 0.000000 0.000000
    28 0.000000 0.000000 0.000000 0.000000 0.000000 0.000000
    29 0.000000 0.000000 0.000000 0.000000 0.000000 0.000000
    30 0.000000 0.000000 0.000000 0.000000 0.000000 0.000000
    31 0.000000 0.000000 0.000000 0.000000 0.000000 0.000000
    32 0.000000 0.000000 0.000000 0.000000 0.000000 0.000000
    33 0.000000 0.000000 0.000000 0.000000 0.000000 0.000000
    34 0.000000 0.000000 0.000000 0.000000 0.000000 0.000000
    35 0.000000 0.000000 0.000000 0.000000 0.000000 0.000000
    36 0.000000 0.000000 0.000000 0.000000 0.000000 0.000000
    37 0.000000 0.000000 0.000000 0.000000 0.000000 0.000000
    38 0.000000 0.000000 0.000000 0.000000 0.000000 0.000000
    39 0.000000 0.000000 0.000000 0.000000 0.000000 0.000000
    40 0.000000 0.000000 0.000000 0.000000 0.000000 0.000000
    41 0.000000 0.000000 0.000000 0.000000 0.000000 0.000000
    42 0.000000 0.000000 0.000000 0.000000 0.000000 0.000000
    43 0.000000 0.000000 0.000000 0.000000 0.000000 0.000000
    44 0.000000 0.000000 0.000000 0.000000 0.000000 0.000000
    45 0.000000 0.000000 0.000000 0.000000 0.000000 0.000000
    46 0.000000 0.000000 0.000000 0.000000 0.000000 0.000000
    47 0.000000 0.000000 0.000000 0.000000 0.000000 0.000000
    48 0.000000 0.000000 0.000000 0.000000 0.000000 0.000000
    49 0.000000 0.000000 0.000000 0.000000 0.000000 0.000000
    50 0.000000 0.000000 0.000000 0.000000 0.000000 0.000000
    51 0.000000 0.000000 0.000000 0.000000 0.000000 0.000000
    52 0.000000 0.000000 0.000000 0.000000 0.000000 0.000000
    53 0.000000 0.000000 0.000000 0.000000 0.000000 0.000000
    54 0.000000 0.000000 0.000000 0.000000 0.000000 0.000000
    55 0.000000 0.000000 0.000000 0.000000 0.000000 0.000000
    56 0.000000 0.000000 0.000000 0.000000 0.000000 0.000000
    57 0.000000 0.000000 0.000000 0.000000 0.000000 0.000000
    58 0.000000 0.000000 0.000000 0.000000 0.000000 0.000000
    59 0.000000 0.000000 0.000000 0.000000 0.000000 0.000000
    60 0.000000 0.000000 0.000000 0.000000 0.000000 0.000000
    61 0.000000 0.000000 0.000000 0.000000 0.000000 0.000000
    62 0.000000 0.000000 0.000000 0.000000 0.000000 0.000000
    63 0.000000 0.000000 0.000000 0.000000 0.000000 0.000000
    64 0.000000 0.000000 0.000000 0.000000 0.000000 0.000000
    65 0.000000 0.000000 0.000000 0.000000 0.000000 0.000000
    66 0.000000 0.000000 0.000000 0.000000 0.000000 0.000000
    67 0.000000 0.000000 0.000000 0.000000 0.000000 0.000000
    68 0.000000 0.000000 0.000000 0.000000 0.000000 0.000000
    69 0.000000 0.000000 0.000000 0.000000 0.000000 0.000000
    70 0.000000 0.000000 0.000000 0.000000 0.000000 0.000000
    71 0.000000 0.000000 0.000000 0.000000 0.000000 0.000000
    72 0.000000 0.000000 0.000000 0.000000 0.000000 0.000000
    73 0.000000 0.000000 0.000000 0.000000 0.000000 0.000000
    74 0.000000 0.000000 0.000000 0.000000 0.000000 0.000000
    75 0.000000 0.000000 0.000000 0.000000 0.000000 0.000000
    76 0.000000 0.000000 0.000000 0.000000 0.000000 0.000000
    77 0.000000 0.000000 0.000000 0.000000 0.000000 0.000000
    78 0.000000 0.000000 0.000000 0.000000 0.000000 0.000000
    79 0.000000 0.000000 0.000000 0.000000 0.000000 0.000000
    80 0.000000 0.000000 0.000000 0.000000 0.000000 0.000000
    81 0.000000 0.000000 0.000000 0.000000 0.000000 0.000000
    82 0.000000 0.000000 0.000000 0.000000 0.000000 0.000000
    83 0.000000 0.000000 0.000000 0.000000 0.000000 0.000000
    84 0.000000 0.000000 0.000000 0.000000 0.000000 0.000000
    85 0.000000 0.000000 0.000000 0.000000 0.000000 0.000000
    86 0.000000 0.000000 0.000000 0.000000 0.000000 0.000000
    87 0.000000 0.000000 0.000000 0.000000 0.000000 0.000000
    88 0.000000 0.000000 0.000000 0.000000 0.000000 0.000000
    89 0.000000 0.000000 0.000000 0.000000 0.000000 0.000000
    90 0.000000 0.000000 0.000000 0.000000 0.000000 0.000000
    91 0.000000 0.000000 0.000000 0.000000 0.000000 0.000000
    92 0.000000 0.000000 0.000000 0.000000 0.000000 0.000000
    93 0.000000 0.000000 0.000000 0.000000 0.000000 0.000000
    94 0.000000 0.000000 0.000000 0.000000 0.000000 0.000000
    95 0.000000 0.000000 0.000000 0.000000 0.000000 0.000000
    96 0.000000 0.000000 0.000000 0.000000 0.000000 0.000000
    97 0.000000 0.000000 0.000000 0.000000 0.000000 0.000000
    98 0.000000 0.000000 0.000000 0.000000 0.000000 0.000000
    99 0.000000 0.000000 0.000000 0.000000 0.000000 0.000000
    100 0.000000 0.000000 0.000000 0.000000 0.000000 0.000000
    101 0.000000 0.000000 0.000000 0.000000 0.000000 0.000000
    102 0.000000 0.000000 0.000000 0.000000 0.000000 0.000000
    103 0.000000 0.000000 0.000000 0.000000 0.000000 0.000000
    104 0.000000 0.000000 0.000000 0.000000 0.000000 0.000000
    105 0.000000 0.000000 0.000000 0.000000 0.000000 0.000000
    106 0.000000 0.000000 0.000000 0.000000 0.000000 0.000000
    107 0.000000 0.000000 0.000000 0.000000 0.000000 0.000000
    108 0.000000 0.000000 0.000000 0.000000 0.000000 0.000000
    109 0.000000 0.000000 0.000000 0.000000 0.000000 0.000000
    110 0.000000 0.000000 0.000000 0.000000 0.000000 0.000000
    111 0.000000 0.000000 0.000000 0.000000 0.000000 -1.570796
    112 0.242195 1.027375 0.476577 -0.080737 -0.045541 -1.427302
    113 0.000000 0.000000 0.000000 0.000000 0.000000 0.000000
    114 0.000000 0.000000 0.000000 0.000000 0.000000 -1.570796
    115 0.000000 0.000000 0.000000 0.000000 0.000000 0.000000
    116 0.000000 0.000000 0.000000 0.000000 0.000000 0.000000
    117 0.000000 0.000000 0.000000 0.000000 0.000000 0.000000
    118 0.000000 0.000000 0.000000 0.000000 0.000000 0.000000
    119 0.000000 0.000000 0.000000 0.000000 0.000000 0.000000
    120 0.000000 0.000000 0.000000 0.000000 0.000000 0.000000
    121 0.000000 0.000000 0.000000 0.000000 0.000000 0.000000
    122 0.000000 0.000000 0.000000 0.000000 0.000000 0.000000
    123 0.000000 0.000000 0.000000 0.000000 0.000000 0.000000
    124 0.000000 0.000000 0.000000 0.000000 0.000000 0.000000
    125 0.000000 0.000000 0.000000 0.000000 0.000000 0.000000
    126 0.000000 0.000000 0.000000 0.000000 0.000000 0.000000
    127 0.000000 0.000000 0.000000 0.000000 0.000000 0.000000
    128 0.000000 0.000000 0.000000 0.000000 0.000000 0.000000
    129 0.000000 0.000000 0.000000 0.000000 0.000000 0.000000
    130 0.000000 0.000000 0.000000 0.000000 0.000000 0.000000
    131 0.000000 0.000000 0.000000 0.000000 0.000000 0.000000
    132 0.000000 0.000000 0.000000 0.000000 0.000000 0.000000
    133 0.000000 0.000000 0.000000 0.000000 0.000000 0.000000
    134 0.000000 0.000000 0.000000 0.000000 0.000000 0.000000
    135 0.000000 0.000000 0.000000 0.000000 0.000000 0.000000
    136 0.000000 0.000000 0.000000 0.000000 0.000000 0.000000
    137 0.000000 0.000000 0.000000 0.000000 0.000000 0.000000
    138 0.000000 0.000000 0.000000 0.000000 0.000000 0.000000
    139 0.000000 0.000000 0.000000 0.000000 0.000000 0.000000
    140 0.000000 0.000000 0.000000 0.000000 0.000000 0.000000
    141 0.000000 0.000000 0.000000 0.000000 0.000000 0.000000
    142 0.000000 0.000000 0.000000 0.000000 0.000000 0.000000
    143 0.000000 0.000000 0.000000 0.000000 0.000000 0.000000
    144 0.000000 0.000000 0.000000 0.000000 0.000000 0.000000
    145 0.000000 0.000000 0.000000 0.000000 0.000000 0.000000
    146 0.000000 0.000000 0.000000 0.000000 0.000000 0.000000
    147 0.000000 0.000000 0.000000 0.000000 0.000000 0.000000
    148 0.000000 0.000000 0.000000 0.000000 0.000000 0.000000
    149 0.000000 0.000000 0.000000 0.000000 0.000000 0.000000
    150 0.000000 0.000000 0.000000 0.000000 0.000000 0.000000
    151 0.000000 0.000000 0.000000 0.000000 0.000000 0.000000
    152 0.000000 0.000000 0.000000 0.000000 0.000000 0.000000
    153 0.000000 0.000000 0.000000 0.000000 0.000000 0.000000
    154 0.000000 0.000000 0.000000 0.000000 0.000000 0.000000
    155 0.000000 0.000000 0.000000 0.000000 0.000000 0.000000
    156 0.000000 0.000000 0.000000 0.000000 0.000000 0.000000
    157 0.000000 0.000000 0.000000 0.000000 0.000000 0.000000
    158 0.000000 0.000000 0.000000 0.000000 0.000000 0.000000
    159 0.000000 0.000000 0.000000 0.000000 0.000000 0.000000
    160 0.000000 0.000000 0.000000 0.000000 0.000000 0.000000
    161 0.000000 0.000000 0.000000 0.000000 0.000000 0.000000
    162 0.000000 0.000000 0.000000 0.000000 0.000000 0.000000
    163 0.000000 0.000000 0.000000 0.000000 0.000000 0.000000
    164 0.000000 0.000000 0.000000 0.000000 0.000000 0.000000
    165 0.000000 0.000000 0.000000 0.000000 0.000000 0.000000
    166 0.000000 0.000000 0.000000 0.000000 0.000000 0.000000
    167 0.000000 0.000000 0.000000 0.000000 0.000000 0.000000
    168 0.000000 0.000000 0.000000 0.000000 0.000000 0.000000
    169 0.000000 0.000000 0.000000 0.000000 0.000000 0.000000
    170 0.000000 0.000000 0.000000 0.000000 0.000000 0.000000
    171 0.000000 0.000000 0.000000 0.000000 0.000000 0.000000
    172 0.000000 0.000000 0.000000 0.000000 0.000000 0.000000
    173 0.000000 0.000000 0.000000 0.000000 0.000000 0.000000
    174 0.000000 0.000000 0.000000 0.000000 0.000000 0.000000
    175 0.000000 0.000000 0.000000 0.000000 0.000000 0.000000
    176 0.000000 0.000000 0.000000 0.000000 0.000000 0.000000
    177 0.000000 0.000000 0.000000 0.000000 0.000000 0.000000
    178 0.000000 0.000000 0.000000 0.000000 0.000000 0.000000
    179 0.000000 0.000000 0.000000 0.000000 0.000000 0.000000
    180 0.000000 0.000000 0.000000 0.000000 0.000000 0.000000
    181 0.000000 0.000000 0.000000 0.000000 0.000000 0.000000
    182 0.000000 0.000000 0.000000 0.000000 0.000000 0.000000
    183 0.000000 0.000000 0.000000 0.000000 0.000000 0.000000
    184 0.000000 0.000000 0.000000 0.000000 0.000000 0.000000
    185 0.000000 0.000000 0.000000 0.000000 0.000000 0.000000
    186 0.000000 0.000000 0.000000 0.000000 0.000000 0.000000
    187 0.000000 0.000000 0.000000 0.000000 0.000000 0.000000
    188 0.000000 0.000000 0.000000 0.000000 0.000000 0.000000
    189 0.000000 0.000000 0.000000 0.000000 0.000000 0.000000
    190 0.000000 0.000000 0.000000 0.000000 0.000000 0.000000
    191 0.000000 0.000000 0.000000 0.022986 0.000000 0.000000
    192 0.000000 0.000000 0.000000 0.000000 0.000000 0.000000
    193 0.000000 0.000000 0.000000 0.000000 0.000000 0.000000
    194 0.000000 0.000000 0.000000 0.000000 0.000000 0.000000
    195 0.000000 0.000000 0.000000 0.000000 0.000000 0.000000
    196 0.000000 0.000000 0.000000 0.000000 0.000000 0.000000
    197 0.000000 0.000000 0.000000 0.000000 0.000000 0.000000
    198 0.000000 0.000000 0.000000 0.000000 0.000000 0.000000
    199 0.000000 0.000000 0.000000 0.000000 0.000000 0.000000
    200 0.000000 0.000000 0.000000 0.000000 0.000000 0.000000
    201 0.000000 0.000000 0.000000 0.000000 0.000000 0.000000
    202 0.000000 0.000000 0.000000 0.000000 0.000000 0.000000
    203 0.000000 0.000000 0.000000 0.000000 0.000000 0.000000
    204 0.000000 0.000000 0.000000 0.000000 0.000000 0.000000
    205 0.000000 0.000000 0.000000 0.000000 0.000000 0.000000
    206 0.000000 0.000000 0.000000 0.000000 0.000000 0.000000
    207 0.000000 0.000000 0.000000 0.000000 0.000000 0.000000
    208 0.000000 0.000000 0.000000 0.000000 0.000000 0.000000
    209 0.000000 0.000000 0.000000 0.000000 0.000000 0.000000
    210 0.000000 0.000000 0.000000 0.000000 0.000000 0.000000
    211 0.000000 0.000000 0.000000 0.000000 0.000000 0.000000
    212 0.000000 0.000000 0.000000 0.000000 0.000000 0.000000
    213 0.000000 0.000000 0.000000 0.000000 0.000000 0.000000
    214 0.000000 0.000000 0.000000 0.000000 0.000000 0.000000
    215 0.000000 0.000000 0.000000 0.000000 0.000000 0.000000
    216 0.000000 0.000000 0.000000 0.000000 0.000000 0.000000
    217 0.000000 0.000000 0.000000 0.000000 0.000000 0.000000
    218 0.000000 0.000000 0.000000 0.000000 0.000000 0.000000
    219 0.000000 0.000000 0.000000 0.000000 0.000000 0.000000
    220 0.000000 0.000000 0.000000 0.000000 0.000000 0.000000
    221 0.000000 0.000000 0.000000 0.000000 0.000000 0.000000
    222 0.000000 0.000000 0.000000 0.000000 0.000000 0.000000
    223 0.000000 0.000000 0.000000 0.000000 0.000000 0.000000
    224 0.000000 0.000000 0.000000 0.000000 0.000000 0.000000
    225 0.000000 0.000000 0.000000 0.000000 0.000000 0.000000
    226 0.000000 0.000000 0.000000 0.000000 0.000000 0.000000
    227 -1.125034 1.699271 0.949248 -0.080737 -0.045579 0.143494
    228 0.000000 0.000000 0.000000 0.000000 0.000000 0.000000
    229 0.000000 0.000000 0.000000 0.000000 0.000000 0.000000
    230 0.000000 0.000000 0.000000 0.002337 0.000000 0.000000
    231 0.000000 0.000000 0.000000 0.000000 0.000000 0.000000
    232 0.000000 0.000000 0.000000 0.000000 0.000000 0.000000
    233 0.000000 0.000000 0.000000 0.000000 0.000000 0.000000
    234 2.066469 1.043001 1.128941 -0.080726 -0.045572 -1.427306
    235 0.000000 0.000000 0.000000 0.000000 0.000000 0.000000
    236 0.000000 0.000000 0.000000 0.000000 0.000000 0.000000
    237 0.000000 0.000000 0.000000 0.000000 0.000000 0.000000
    238 0.000000 0.000000 0.000000 0.000000 0.000000 0.000000
    239 0.000000 0.000000 0.000000 0.000000 0.000000 0.000000
    240 0.000000 0.000000 0.000000 0.000000 0.000000 0.000000
    241 0.000000 0.000000 0.000000 0.000000 0.000000 0.000000
    242 0.000000 0.000000 0.000000 0.000000 0.000000 0.000000
    243 0.000000 0.000000 0.000000 0.000000 0.000000 0.000000
    244 0.000000 0.000000 0.000000 0.000000 0.000000 0.000000
    245 0.000000 0.000000 0.000000 0.000000 0.000000 0.000000
    246 0.000000 0.000000 0.000000 0.000000 0.000000 -1.570796
  time 5
    0 0.000000 0.000000 0.000000 0.000000 0.000000 -1.570796
    1 0.000000 0.000000 0.000000 0.000000 0.000000 0.000000
    2 0.000000 0.000000 0.000000 0.000000 0.000000 0.000000
    3 0.000000 0.000000 0.000000 0.000000 0.000000 0.000000
    4 0.000000 0.000000 0.000000 0.000000 0.000000 0.000000
    5 0.000000 0.000000 0.000000 0.000000 0.000000 0.000000
    6 0.000000 0.000000 0.000000 0.000000 0.000000 0.000000
    7 0.000000 0.000000 0.000000 0.000000 0.000000 0.000000
    8 -1.636769 -0.656270 -0.246101 0.162174 0.063431 -0.098074
    9 0.000000 0.000000 0.000000 -0.026861 0.008303 0.036733
    10 0.000000 0.000000 0.000000 0.000000 0.000000 0.000000
    11 0.000000 0.000000 0.000000 0.000000 0.000000 0.000000
    12 0.000000 0.000000 0.000000 0.000000 0.000000 0.000000
    13 0.000000 0.000000 0.000000 0.009054 0.000000 0.000000
    14 0.000000 0.000000 0.000000 0.000000 0.000000 -0.063058
    15 0.000000 0.000000 0.000000 0.000000 0.000000 0.000000
    16 0.000000 0.000000 0.000000 0.000000 0.000000 0.000000
    17 0.000000 0.000000 0.000000 0.000000 0.000000 0.000000
    18 0.000000 0.000000 0.000000 0.000000 0.000000 0.000000
    19 0.000000 0.000000 0.000000 0.055026 0.000000 0.000000
    20 0.066408 0.019532 0.000000 0.000000 -0.000060 0.031534
    21 0.000000 0.000000 0.000000 -0.044461 -0.153722 -0.066847
    22 0.000000 0.000000 0.000000 0.000000 0.000000 0.000000
    23 0.000000 0.000000 0.000000 0.000000 0.000000 0.000000
    24 0.000000 0.000000 0.000000 0.000000 0.000000 0.000000
    25 0.000000 0.000000 0.000000 0.000000 0.000000 0.000000
    26 0.000000 0.000000 0.000000 0.000000 0.000000 0.000000
    27 0.000000 0.000000 0.000000 0.000000 0.000000 0.000000
    28 0.000000 0.000000 0.000000 0.000000 0.000000 0.000000
    29 0.000000 0.000000 0.000000 0.000000 0.000000 0.000000
    30 0.000000 0.000000 0.000000 0.000000 0.000000 0.000000
    31 0.000000 0.000000 0.000000 0.000000 0.000000 0.000000
    32 0.000000 0.000000 0.000000 0.000000 0.000000 0.000000
    33 0.000000 0.000000 0.000000 0.000000 0.000000 0.000000
    34 0.000000 0.000000 0.000000 0.000000 0.000000 0.000000
    35 0.000000 0.000000 0.000000 0.000000 0.000000 0.000000
    36 0.000000 0.000000 0.000000 0.000000 0.000000 0.000000
    37 0.000000 0.000000 0.000000 0.000000 0.000000 0.000000
    38 0.000000 0.000000 0.000000 0.000000 0.000000 0.000000
    39 0.000000 0.000000 0.000000 0.000000 0.000000 0.000000
    40 0.000000 0.000000 0.000000 0.000000 0.000000 0.000000
    41 0.000000 0.000000 0.000000 0.000000 0.000000 0.000000
    42 0.000000 0.000000 0.000000 0.000000 0.000000 0.000000
    43 0.000000 0.000000 0.000000 0.000000 0.000000 0.000000
    44 0.000000 0.000000 0.000000 0.000000 0.000000 0.000000
    45 0.000000 0.000000 0.000000 0.000000 0.000000 0.000000
    46 0.000000 0.000000 0.000000 0.000000 0.000000 0.000000
    47 0.000000 0.000000 0.000000 0.000000 0.000000 0.000000
    48 0.000000 0.000000 0.000000 0.000000 0.000000 0.000000
    49 0.000000 0.000000 0.000000 0.000000 0.000000 0.000000
    50 0.000000 0.000000 0.000000 0.000000 0.000000 0.000000
    51 0.000000 0.000000 0.000000 0.000000 0.000000 0.000000
    52 0.000000 0.000000 0.000000 0.000000 0.000000 0.000000
    53 0.000000 0.000000 0.000000 0.000000 0.000000 0.000000
    54 0.000000 0.000000 0.000000 0.000000 0.000000 0.000000
    55 0.000000 0.000000 0.000000 0.000000 0.000000 0.000000
    56 0.000000 0.000000 0.000000 0.000000 0.000000 0.000000
    57 0.000000 0.000000 0.000000 0.000000 0.000000 0.000000
    58 0.000000 0.000000 0.000000 0.000000 0.000000 0.000000
    59 0.000000 0.000000 0.000000 0.000000 0.000000 0.000000
    60 0.000000 0.000000 0.000000 0.000000 0.000000 0.000000
    61 0.000000 0.000000 0.000000 0.000000 0.000000 0.000000
    62 0.000000 0.000000 0.000000 0.000000 0.000000 0.000000
    63 0.000000 0.000000 0.000000 0.000000 0.000000 0.000000
    64 0.000000 0.000000 0.000000 0.000000 0.000000 0.000000
    65 0.000000 0.000000 0.000000 0.000000 0.000000 0.000000
    66 0.000000 0.000000 0.000000 0.000000 0.000000 0.000000
    67 0.000000 0.000000 0.000000 0.000000 0.000000 0.000000
    68 0.000000 0.000000 0.000000 0.000000 0.000000 0.000000
    69 0.000000 0.000000 0.000000 0.000000 0.000000 0.000000
    70 0.000000 0.000000 0.000000 0.000000 0.000000 0.000000
    71 0.000000 0.000000 0.000000 0.000000 0.000000 0.000000
    72 0.000000 0.000000 0.000000 0.000000 0.000000 0.000000
    73 0.000000 0.000000 0.000000 0.000000 0.000000 0.000000
    74 0.000000 0.000000 0.000000 0.000000 0.000000 0.000000
    75 0.000000 0.000000 0.000000 0.000000 0.000000 0.000000
    76 0.000000 0.000000 0.000000 0.000000 0.000000 0.000000
    77 0.000000 0.000000 0.000000 0.000000 0.000000 0.000000
    78 0.000000 0.000000 0.000000 0.000000 0.000000 0.000000
    79 0.000000 0.000000 0.000000 0.000000 0.000000 0.000000
    80 0.000000 0.000000 0.000000 0.000000 0.000000 0.000000
    81 0.000000 0.000000 0.000000 0.000000 0.000000 0.000000
    82 0.000000 0.000000 0.000000 0.000000 0.000000 0.000000
    83 0.000000 0.000000 0.000000 0.000000 0.000000 0.000000
    84 0.000000 0.000000 0.000000 0.000000 0.000000 0.000000
    85 0.000000 0.000000 0.000000 0.000000 0.000000 0.000000
    86 0.000000 0.000000 0.000000 0.000000 0.000000 0.000000
    87 0.000000 0.000000 0.000000 0.000000 0.000000 0.000000
    88 0.000000 0.000000 0.000000 0.000000 0.000000 0.000000
    89 0.000000 0.000000 0.000000 0.000000 0.000000 0.000000
    90 0.000000 0.000000 0.000000 0.000000 0.000000 0.000000
    91 0.000000 0.000000 0.000000 0.000000 0.000000 0.000000
    92 0.000000 0.000000 0.000000 0.000000 0.000000 0.000000
    93 0.000000 0.000000 0.000000 0.000000 0.000000 0.000000
    94 0.000000 0.000000 0.000000 0.000000 0.000000 0.000000
    95 0.000000 0.000000 0.000000 0.000000 0.000000 0.000000
    96 0.000000 0.000000 0.000000 0.000000 0.000000 0.000000
    97 0.000000 0.000000 0.000000 0.000000 0.000000 0.000000
    98 0.000000 0.000000 0.000000 0.000000 0.000000 0.000000
    99 0.000000 0.000000 0.000000 0.000000 0.000000 0.000000
    100 0.000000 0.000000 0.000000 0.000000 0.000000 0.000000
    101 0.000000 0.000000 0.000000 0.000000 0.000000 0.000000
    102 0.000000 0.000000 0.000000 0.000000 0.000000 0.000000
    103 0.000000 0.000000 0.000000 0.000000 0.000000 0.000000
    104 0.000000 0.000000 0.000000 0.000000 0.000000 0.000000
    105 0.000000 0.000000 0.000000 0.000000 0.000000 0.000000
    106 0.000000 0.000000 0.000000 0.000000 0.000000 0.000000
    107 0.000000 0.000000 0.000000 0.000000 0.000000 0.000000
    108 0.000000 0.000000 0.000000 0.000000 0.000000 0.000000
    109 0.000000 0.000000 0.000000 0.000000 0.000000 0.000000
    110 0.000000 0.000000 0.000000 0.000000 0.000000 0.000000
    111 0.000000 0.000000 0.000000 0.000000 0.000000 -1.570796
    112 0.238289 0.988311 0.101566 -0.121542 -0.047896 -1.413316
    113 0.000000 0.000000 0.000000 0.000000 0.000000 0.000000
    114 0.000000 0.000000 0.000000 0.000000 0.000000 -1.570796
    115 0.000000 0.000000 0.000000 0.000000 0.000000 0.000000
    116 0.000000 0.000000 0.000000 0.000000 0.000000 0.000000
    117 0.000000 0.000000 0.000000 0.000000 0.000000 0.000000
    118 0.000000 0.000000 0.000000 0.000000 0.000000 0.000000
    119 0.000000 0.000000 0.000000 0.000000 0.000000 0.000000
    120 0.000000 0.000000 0.000000 0.000000 0.000000 0.000000
    121 0.000000 0.000000 0.000000 0.000000 0.000000 0.000000
    122 0.000000 0.000000 0.000000 0.000000 0.000000 0.000000
    123 0.000000 0.000000 0.000000 0.000000 0.000000 0.000000
    124 0.000000 0.000000 0.000000 0.000000 0.000000 0.000000
    125 0.000000 0.000000 0.000000 0.000000 0.000000 0.000000
    126 0.000000 0.000000 0.000000 0.000000 0.000000 0.000000
    127 0.000000 0.000000 0.000000 0.000000 0.000000 0.000000
    128 0.000000 0.000000 0.000000 0.000000 0.000000 0.000000
    129 0.000000 0.000000 0.000000 0.000000 0.000000 0.000000
    130 0.000000 0.000000 0.000000 0.000000 0.000000 0.000000
    131 0.000000 0.000000 0.000000 0.000000 0.000000 0.000000
    132 0.000000 0.000000 0.000000 0.000000 0.000000 0.000000
    133 0.000000 0.000000 0.000000 0.000000 0.000000 0.000000
    134 0.000000 0.000000 0.000000 0.000000 0.000000 0.000000
    135 0.000000 0.000000 0.000000 0.000000 0.000000 0.000000
    136 0.000000 0.000000 0.000000 0.000000 0.000000 0.000000
    137 0.000000 0.000000 0.000000 0.000000 0.000000 0.000000
    138 0.000000 0.000000 0.000000 0.000000 0.000000 0.000000
    139 0.000000 0.000000 0.000000 0.000000 0.000000 0.000000
    140 0.000000 0.000000 0.000000 0.000000 0.000000 0.000000
    141 0.000000 0.000000 0.000000 0.000000 0.000000 0.000000
    142 0.000000 0.000000 0.000000 0.000000 0.000000 0.000000
    143 0.000000 0.000000 0.000000 0.000000 0.000000 0.000000
    144 0.000000 0.000000 0.000000 0.000000 0.000000 0.000000
    145 0.000000 0.000000 0.000000 0.000000 0.000000 0.000000
    146 0.000000 0.000000 0.000000 0.000000 0.000000 0.000000
    147 0.000000 0.000000 0.000000 0.000000 0.000000 0.000000
    148 0.000000 0.000000 0.000000 0.000000 0.000000 0.000000
    149 0.000000 0.000000 0.000000 0.000000 0.000000 0.000000
    150 0.000000 0.000000 0.000000 0.000000 0.000000 0.000000
    151 0.000000 0.000000 0.000000 0.000000 0.000000 0.000000
    152 0.000000 0.000000 0.000000 0.000000 0.000000 0.000000
    153 0.000000 0.000000 0.000000 0.000000 0.000000 0.000000
    154 0.000000 0.000000 0.000000 0.000000 0.000000 0.000000
    155 0.000000 0.000000 0.000000 0.000000 0.000000 0.000000
    156 0.000000 0.000000 0.000000 0.000000 0.000000 0.000000
    157 0.000000 0.000000 0.000000 0.000000 0.000000 0.000000
    158 0.000000 0.000000 0.000000 0.000000 0.000000 0.000000
    159 0.000000 0.000000 0.000000 0.000000 0.000000 0.000000
    160 0.000000 0.000000 0.000000 0.000000 0.000000 0.000000
    161 0.000000 0.000000 0.000000 0.000000 0.000000 0.000000
    162 0.000000 0.000000 0.000000 0.000000 0.000000 0.000000
    163 0.000000 0.000000 0.000000 0.000000 0.000000 0.000000
    164 0.000000 0.000000 0.000000 0.000000 0.000000 0.000000
    165 0.000000 0.000000 0.000000 0.000000 0.000000 0.000000
    166 0.000000 0.000000 0.000000 0.000000 0.000000 0.000000
    167 0.000000 0.000000 0.000000 0.000000 0.000000 0.000000
    168 0.000000 0.000000 0.000000 0.000000 0.000000 0.000000
    169 0.000000 0.000000 0.000000 0.000000 0.000000 0.000000
    170 0.000000 0.000000 0.000000 0.000000 0.000000 0.000000
    171 0.000000 0.000000 0.000000 0.000000 0.000000 0.000000
    172 0.000000 0.000000 0.000000 0.000000 0.000000 0.000000
    173 0.000000 0.000000 0.000000 0.000000 0.000000 0.000000
    174 0.000000 0.000000 0.000000 0.000000 0.000000 0.000000
    175 0.000000 0.000000 0.000000 0.000000 0.000000 0.000000
    176 0.000000 0.000000 0.000000 0.000000 0.000000 0.000000
    177 0.000000 0.000000 0.000000 0.000000 0.000000 0.000000
    178 0.000000 0.000000 0.000000 0.000000 0.000000 0.000000
    179 0.000000 0.000000 0.000000 0.000000 0.000000 0.000000
    180 0.000000 0.000000 0.000000 0.000000 0.000000 0.000000
    181 0.000000 0.000000 0.000000 0.000000 0.000000 0.000000
    182 0.000000 0.000000 0.000000 0.000000 0.000000 0.000000
    183 0.000000 0.000000 0.000000 0.000000 0.000000 0.000000
    184 0.000000 0.000000 0.000000 0.000000 0.000000 0.000000
    185 0.000000 0.000000 0.000000 0.000000 0.000000 0.000000
    186 0.000000 0.000000 0.000000 0.000000 0.000000 0.000000
    187 0.000000 0.000000 0.000000 0.000000 0.000000 0.000000
    188 0.000000 0.000000 0.000000 0.000000 0.000000 0.000000
    189 0.000000 0.000000 0.000000 0.000000 0.000000 0.000000
    190 0.000000 0.000000 0.000000 0.000000 0.000000 0.000000
    191 0.000000 0.000000 0.000000 0.027502 0.000000 0.000000
    192 0.000000 0.000000 0.000000 0.000000 0.000000 0.000000
    193 0.000000 0.000000 0.000000 0.000000 0.000000 0.000000
    194 0.000000 0.000000 0.000000 0.000000 0.000000 0.000000
    195 0.000000 0.000000 0.000000 0.000000 0.000000 0.000000
    196 0.000000 0.000000 0.000000 0.000000 0.000000 0.000000
    197 0.000000 0.000000 0.000000 0.000000 0.000000 0.000000
    198 0.000000 0.000000 0.000000 0.000000 0.000000 0.000000
    199 0.000000 0.000000 0.000000 0.000000 0.000000 0.000000
    200 0.000000 0.000000 0.000000 0.000000 0.000000 0.000000
    201 0.000000 0.000000 0.000000 0.000000 0.000000 0.000000
    202 0.000000 0.000000 0.000000 0.000000 0.000000 0.000000
    203 0.000000 0.000000 0.000000 0.000000 0.000000 0.000000
    204 0.000000 0.000000 0.000000 0.000000 0.000000 0.000000
    205 0.000000 0.000000 0.000000 0.000000 0.000000 0.000000
    206 0.000000 0.000000 0.000000 0.000000 0.000000 0.000000
    207 0.000000 0.000000 0.000000 0.000000 0.000000 0.000000
    208 0.000000 0.000000 0.000000 0.000000 0.000000 0.000000
    209 0.000000 0.000000 0.000000 0.000000 0.000000 0.000000
    210 0.000000 0.000000 0.000000 0.000000 0.000000 0.000000
    211 0.000000 0.000000 0.000000 0.000000 0.000000 0.000000
    212 0.000000 0.000000 0.000000 0.000000 0.000000 0.000000
    213 0.000000 0.000000 0.000000 0.000000 0.000000 0.000000
    214 0.000000 0.000000 0.000000 0.000000 0.000000 0.000000
    215 0.000000 0.000000 0.000000 0.000000 0.000000 0.000000
    216 0.000000 0.000000 0.000000 0.000000 0.000000 0.000000
    217 0.000000 0.000000 0.000000 0.000000 0.000000 0.000000
    218 0.000000 0.000000 0.000000 0.000000 0.000000 0.000000
    219 0.000000 0.000000 0.000000 0.000000 0.000000 0.000000
    220 0.000000 0.000000 0.000000 0.000000 0.000000 0.000000
    221 0.000000 0.000000 0.000000 0.000000 0.000000 0.000000
    222 0.000000 0.000000 0.000000 0.000000 0.000000 0.000000
    223 0.000000 0.000000 0.000000 0.000000 0.000000 0.000000
    224 0.000000 0.000000 0.000000 0.000000 0.000000 0.000000
    225 0.000000 0.000000 0.000000 0.000000 0.000000 0.000000
    226 0.000000 0.000000 0.000000 0.000000 0.000000 0.000000
    227 -1.101596 1.820368 0.601581 -0.121542 -0.047933 0.157479
    228 0.000000 0.000000 0.000000 0.000000 0.000000 0.000000
    229 0.000000 0.000000 0.000000 0.000000 0.000000 0.000000
    230 0.000000 0.000000 0.000000 0.002912 0.000000 0.000000
    231 0.000000 0.000000 0.000000 0.000000 0.000000 0.000000
    232 0.000000 0.000000 0.000000 0.000000 0.000000 0.000000
    233 0.000000 0.000000 0.000000 0.000000 0.000000 0.000000
    234 2.160222 1.007843 0.800806 -0.121525 -0.047897 -1.413321
    235 0.000000 0.000000 0.000000 0.000000 0.000000 0.000000
    236 0.000000 0.000000 0.000000 0.000000 0.000000 0.000000
    237 0.000000 0.000000 0.000000 0.000000 0.000000 0.000000
    238 0.000000 0.000000 0.000000 0.000000 0.000000 0.000000
    239 0.000000 0.000000 0.000000 0.000000 0.000000 0.000000
    240 0.000000 0.000000 0.000000 0.000000 0.000000 0.000000
    241 0.000000 0.000000 0.000000 0.000000 0.000000 0.000000
    242 0.000000 0.000000 0.000000 0.000000 0.000000 0.000000
    243 0.000000 0.000000 0.000000 0.000000 0.000000 0.000000
    244 0.000000 0.000000 0.000000 0.000000 0.000000 0.000000
    245 0.000000 0.000000 0.000000 0.000000 0.000000 0.000000
    246 0.000000 0.000000 0.000000 0.000000 0.000000 -1.570796
  time 6
    0 0.000000 0.000000 0.000000 0.000000 0.000000 -1.570796
    1 0.000000 0.000000 0.000000 0.000000 0.000000 0.000000
    2 0.000000 0.000000 0.000000 0.000000 0.000000 0.000000
    3 0.000000 0.000000 0.000000 0.000000 0.000000 0.000000
    4 0.000000 0.000000 0.000000 0.000000 0.000000 0.000000
    5 0.000000 0.000000 0.000000 0.000000 0.000000 0.000000
    6 0.000000 0.000000 0.000000 0.000000 0.000000 0.000000
    7 0.000000 0.000000 0.000000 0.000000 0.000000 0.000000
    8 -1.695364 -0.859401 -0.523453 0.172286 0.103176 -0.100372
    9 0.000000 0.000000 0.000000 0.004397 -0.001343 0.029719
    10 0.000000 0.000000 0.000000 0.000000 0.000000 0.000000
    11 0.000000 0.000000 0.000000 0.000000 0.000000 0.000000
    12 0.000000 0.000000 0.000000 0.000000 0.000000 0.000000
    13 0.000000 0.000000 0.000000 -0.011692 0.000000 -0.000060
    14 0.000000 0.000000 0.000000 -0.000060 0.000000 -0.006214
    15 0.000000 0.000000 0.000000 0.000000 0.000000 0.000000
    16 0.000000 0.000000 0.000000 0.000000 0.000000 0.000000
    17 0.000000 0.000000 0.000000 0.000000 0.000000 0.000000
    18 0.000000 0.000000 0.000000 0.000000 0.000000 0.000000
    19 0.000000 0.000000 0.000000 0.043386 0.000000 0.000000
    20 0.023438 0.007813 0.000000 0.000000 0.000000 0.003111
    21 0.000000 0.000000 0.000000 -0.139925 -0.174943 -0.072588
    22 0.000000 0.000000 0.000000 0.000000 0.000000 0.000000
    23 0.000000 0.000000 0.000000 0.000000 0.000000 0.000000
    24 0.000000 0.000000 0.000000 0.000000 0.000000 0.000000
    25 0.000000 0.000000 0.000000 0.000000 0.000000 0.000000
    26 0.000000 0.000000 0.000000 0.000000 0.000000 0.000000
    27 0.000000 0.000000 0.000000 0.000000 0.000000 0.000000
    28 0.000000 0.000000 0.000000 0.000000 0.000000 0.000000
    29 0.000000 0.000000 0.000000 0.000000 0.000000 0.000000
    30 0.000000 0.000000 0.000000 0.000000 0.000000 0.000000
    31 0.000000 0.000000 0.000000 0.000000 0.000000 0.000000
    32 0.000000 0.000000 0.000000 0.000000 0.000000 0.000000
    33 0.000000 0.000000 0.000000 0.000000 0.000000 0.000000
    34 0.000000 0.000000 0.000000 0.000000 0.000000 0.000000
    35 0.000000 0.000000 0.000000 0.000000 0.000000 0.000000
    36 0.000000 0.000000 0.000000 0.000000 0.000000 0.000000
    37 0.000000 0.000000 0.000000 0.000000 0.000000 0.000000
    38 0.000000 0.000000 0.000000 0.000000 0.000000 0.000000
    39 0.000000 0.000000 0.000000 0.000000 0.000000 0.000000
    40 0.000000 0.000000 0.000000 0.000000 0.000000 0.000000
    41 0.000000 0.000000 0.000000 0.000000 0.000000 0.000000
    42 0.000000 0.000000 0.000000 0.000000 0.000000 0.000000
    43 0.000000 0.000000 0.000000 0.000000 0.000000 0.000000
    44 0.000000 0.000000 0.000000 0.000000 0.000000 0.000000
    45 0.000000 0.000000 0.000000 0.000000 0.000000 0.000000
    46 0.000000 0.000000 0.000000 0.000000 0.000000 0.000000
    47 0.000000 0.000000 0.000000 0.000000 0.000000 0.000000
    48 0.000000 0.000000 0.000000 0.000000 0.000000 0.000000
    49 0.000000 0.000000 0.000000 0.000000 0.000000 0.000000
    50 0.000000 0.000000 0.000000 0.000000 0.000000 0.000000
    51 0.000000 0.000000 0.000000 0.000000 0.000000 0.000000
    52 0.000000 0.000000 0.000000 0.000000 0.000000 0.000000
    53 0.000000 0.000000 0.000000 0.000000 0.000000 0.000000
    54 0.000000 0.000000 0.000000 0.000000 0.000000 0.000000
    55 0.000000 0.000000 0.000000 0.000000 0.000000 0.000000
    56 0.000000 0.000000 0.000000 0.000000 0.000000 0.000000
    57 0.000000 0.000000 0.000000 0.000000 0.000000 0.000000
    58 0.000000 0.000000 0.000000 0.000000 0.000000 0.000000
    59 0.000000 0.000000 0.000000 0.000000 0.000000 0.000000
    60 0.000000 0.000000 0.000000 0.000000 0.000000 0.000000
    61 0.000000 0.000000 0.000000 0.000000 0.000000 0.000000
    62 0.000000 0.000000 0.000000 0.000000 0.000000 0.000000
    63 0.000000 0.000000 0.000000 0.000000 0.000000 0.000000
    64 0.000000 0.000000 0.000000 0.000000 0.000000 0.000000
    65 0.000000 0.000000 0.000000 0.000000 0.000000 0.000000
    66 0.000000 0.000000 0.000000 0.000000 0.000000 0.000000
    67 0.000000 0.000000 0.000000 0.000000 0.000000 0.000000
    68 0.000000 0.000000 0.000000 0.000000 0.000000 0.000000
    69 0.000000 0.000000 0.000000 0.000000 0.000000 0.000000
    70 0.000000 0.000000 0.000000 0.000000 0.000000 0.000000
    71 0.000000 0.000000 0.000000 0.000000 0.000000 0.000000
    72 0.000000 0.000000 0.000000 0.000000 0.000000 0.000000
    73 0.000000 0.000000 0.000000 0.000000 0.000000 0.000000
    74 0.000000 0.000000 0.000000 0.000000 0.000000 0.000000
    75 0.000000 0.000000 0.000000 0.000000 0.000000 0.000000
    76 0.000000 0.000000 0.000000 0.000000 0.000000 0.000000
    77 0.000000 0.000000 0.000000 0.000000 0.000000 0.000000
    78 0.000000 0.000000 0.000000 0.000000 0.000000 0.000000
    79 0.000000 0.000000 0.000000 0.000000 0.000000 0.000000
    80 0.000000 0.000000 0.000000 0.000000 0.000000 0.000000
    81 0.000000 0.000000 0.000000 0.000000 0.000000 0.000000
    82 0.000000 0.000000 0.000000 0.000000 0.000000 0.000000
    83 0.000000 0.000000 0.000000 0.000000 0.000000 0.000000
    84 0.000000 0.000000 0.000000 0.000000 0.000000 0.000000
    85 0.000000 0.000000 0.000000 0.000000 0.000000 0.000000
    86 0.000000 0.000000 0.000000 0.000000 0.000000 0.000000
    87 0.000000 0.000000 0.000000 0.000000 0.000000 0.000000
    88 0.000000 0.000000 0.000000 0.000000 0.000000 0.000000
    89 0.000000 0.000000 0.000000 0.000000 0.000000 0.000000
    90 0.000000 0.000000 0.000000 0.000000 0.000000 0.000000
    91 0.000000 0.000000 0.000000 0.000000 0.000000 0.000000
    92 0.000000 0.000000 0.000000 0.000000 0.000000 0.000000
    93 0.000000 0.000000 0.000000 0.000000 0.000000 0.000000
    94 0.000000 0.000000 0.000000 0.000000 0.000000 0.000000
    95 0.000000 0.000000 0.000000 0.000000 0.000000 0.000000
    96 0.000000 0.000000 0.000000 0.000000 0.000000 0.000000
    97 0.000000 0.000000 0.000000 0.000000 0.000000 0.000000
    98 0.000000 0.000000 0.000000 0.000000 0.000000 0.000000
    99 0.000000 0.000000 0.000000 0.000000 0.000000 0.000000
    100 0.000000 0.000000 0.000000 0.000000 0.000000 0.000000
    101 0.000000 0.000000 0.000000 0.000000 0.000000 0.000000
    102 0.000000 0.000000 0.000000 0.000000 0.000000 0.000000
    103 0.000000 0.000000 0.000000 0.000000 0.000000 0.000000
    104 0.000000 0.000000 0.000000 0.000000 0.000000 0.000000
    105 0.000000 0.000000 0.000000 0.000000 0.000000 0.000000
    106 0.000000 0.000000 0.000000 0.000000 0.000000 0.000000
    107 0.000000 0.000000 0.000000 0.000000 0.000000 0.000000
    108 0.000000 0.000000 0.000000 0.000000 0.000000 0.000000
    109 0.000000 0.000000 0.000000 0.000000 0.000000 0.000000
    110 0.000000 0.000000 0.000000 0.000000 0.000000 0.000000
    111 0.000000 0.000000 0.000000 0.000000 0.000000 -1.570796
    112 0.183599 0.855495 -0.359386 -0.158416 -0.030568 -1.406603
    113 0.000000 0.000000 0.000000 0.000000 0.000000 0.000000
    114 0.000000 0.000000 0.000000 0.000000 0.000000 -1.570796
    115 0.000000 0.000000 0.000000 0.000000 0.000000 0.000000
    116 0.000000 0.000000 0.000000 0.000000 0.000000 0.000000
    117 0.000000 0.000000 0.000000 0.000000 0.000000 0.000000
    118 0.000000 0.000000 0.000000 0.000000 0.000000 0.000000
    119 0.000000 0.000000 0.000000 0.000000 0.000000 0.000000
    120 0.000000 0.000000 0.000000 0.000000 0.000000 0.000000
    121 0.000000 0.000000 0.000000 0.000000 0.000000 0.000000
    122 0.000000 0.000000 0.000000 0.000000 0.000000 0.000000
    123 0.000000 0.000000 0.000000 0.000000 0.000000 0.000000
    124 0.000000 0.000000 0.000000 0.000000 0.000000 0.000000
    125 0.000000 0.000000 0.000000 0.000000 0.000000 0.000000
    126 0.000000 0.000000 0.000000 0.000000 0.000000 0.000000
    127 0.000000 0.000000 0.000000 0.000000 0.000000 0.000000
    128 0.000000 0.000000 0.000000 0.000000 0.000000 0.000000
    129 0.000000 0.000000 0.000000 0.000000 0.000000 0.000000
    130 0.000000 0.000000 0.000000 0.000000 0.000000 0.000000
    131 0.000000 0.000000 0.000000 0.000000 0.000000 0.000000
    132 0.000000 0.000000 0.000000 0.000000 0.000000 0.000000
    133 0.000000 0.000000 0.000000 0.000000 0.000000 0.000000
    134 0.000000 0.000000 0.000000 0.000000 0.000000 0.000000
    135 0.000000 0.000000 0.000000 0.000000 0.000000 0.000000
    136 0.000000 0.000000 0.000000 0.000000 0.000000 0.000000
    137 0.000000 0.000000 0.000000 0.000000 0.000000 0.000000
    138 0.000000 0.000000 0.000000 0.000000 0.000000 0.000000
    139 0.000000 0.000000 0.000000 0.000000 0.000000 0.000000
    140 0.000000 0.000000 0.000000 0.000000 0.000000 0.000000
    141 0.000000 0.000000 0.000000 0.000000 0.000000 0.000000
    142 0.000000 0.000000 0.000000 0.000000 0.000000 0.000000
    143 0.000000 0.000000 0.000000 0.000000 0.000000 0.000000
    144 0.000000 0.000000 0.000000 0.000000 0.000000 0.000000
    145 0.000000 0.000000 0.000000 0.000000 0.000000 0.000000
    146 0.000000 0.000000 0.000000 0.000000 0.000000 0.000000
    147 0.000000 0.000000 0.000000 0.000000 0.000000 0.000000
    148 0.000000 0.000000 0.000000 0.000000 0.000000 0.000000
    149 0.000000 0.000000 0.000000 0.000000 0.000000 0.000000
    150 0.000000 0.000000 0.000000 0.000000 0.000000 0.000000
    151 0.000000 0.000000 0.000000 0.000000 0.000000 0.000000
    152 0.000000 0.000000 0.000000 0.000000 0.000000 0.000000
    153 0.000000 0.000000 0.000000 0.000000 0.000000 0.000000
    154 0.000000 0.000000 0.000000 0.000000 0.000000 0.000000
    155 0.000000 0.000000 0.000000 0.000000 0.000000 0.000000
    156 0.000000 0.000000 0.000000 0.000000 0.000000 0.000000
    157 0.000000 0.000000 0.000000 0.000000 0.000000 0.000000
    158 0.000000 0.000000 0.000000 0.000000 0.000000 0.000000
    159 0.000000 0.000000 0.000000 0.000000 0.000000 0.000000
    160 0.000000 0.000000 0.000000 0.000000 0.000000 0.000000
    161 0.000000 0.000000 0.000000 0.000000 0.000000 0.000000
    162 0.000000 0.000000 0.000000 0.000000 0.000000 0.000000
    163 0.000000 0.000000 0.000000 0.000000 0.000000 0.000000
    164 0.000000 0.000000 0.000000 0.000000 0.000000 0.000000
    165 0.000000 0.000000 0.000000 0.000000 0.000000 0.000000
    166 0.000000 0.000000 0.000000 0.000000 0.000000 0.000000
    167 0.000000 0.000000 0.000000 0.000000 0.000000 0.000000
    168 0.000000 0.000000 0.000000 0.000000 0.000000 0.000000
    169 0.000000 0.000000 0.000000 0.000000 0.000000 0.000000
    170 0.000000 0.000000 0.000000 0.000000 0.000000 0.000000
    171 0.000000 0.000000 0.000000 0.000000 0.000000 0.000000
    172 0.000000 0.000000 0.000000 0.000000 0.000000 0.000000
    173 0.000000 0.000000 0.000000 0.000000 0.000000 0.000000
    174 0.000000 0.000000 0.000000 0.000000 0.000000 0.000000
    175 0.000000 0.000000 0.000000 0.000000 0.000000 0.000000
    176 0.000000 0.000000 0.000000 0.000000 0.000000 0.000000
    177 0.000000 0.000000 0.000000 0.000000 0.000000 0.000000
    178 0.000000 0.000000 0.000000 0.000000 0.000000 0.000000
    179 0.000000 0.000000 0.000000 0.000000 0.000000 0.000000
    180 0.000000 0.000000 0.000000 0.000000 0.000000 0.000000
    181 0.000000 0.000000 0.000000 0.000000 0.000000 0.000000
    182 0.000000 0.000000 0.000000 0.000000 0.000000 0.000000
    183 0.000000 0.000000 0.000000 0.000000 0.000000 0.000000
    184 0.000000 0.000000 0.000000 0.000000 0.000000 0.000000
    185 0.000000 0.000000 0.000000 0.000000 0.000000 0.000000
    186 0.000000 0.000000 0.000000 0.000000 0.000000 0.000000
    187 0.000000 0.000000 0.000000 0.000000 0.000000 0.000000
    188 0.000000 0.000000 0.000000 0.000000 0.000000 0.000000
    189 0.000000 0.000000 0.000000 0.000000 0.000000 0.000000
    190 0.000000 0.000000 0.000000 0.000000 0.000000 0.000000
    191 0.000000 0.000000 0.000000 0.021447 0.000000 0.000000
    192 0.000000 0.000000 0.000000 0.000000 0.000000 0.000000
    193 0.000000 0.000000 0.000000 0.000000 0.000000 0.000000
    194 0.000000 0.000000 0.000000 0.000000 0.000000 0.000000
    195 0.000000 0.000000 0.000000 0.000000 0.000000 0.000000
    196 0.000000 0.000000 0.000000 0.000000 0.000000 0.000000
    197 0.000000 0.000000 0.000000 0.000000 0.000000 0.000000
    198 0.000000 0.000000 0.000000 0.000000 0.000000 0.000000
    199 0.000000 0.000000 0.000000 0.000000 0.000000 0.000000
    200 0.000000 0.000000 0.000000 0.000000 0.000000 0.000000
    201 0.000000 0.000000 0.000000 0.000000 0.000000 0.000000
    202 0.000000 0.000000 0.000000 0.000000 0.000000 0.000000
    203 0.000000 0.000000 0.000000 0.000000 0.000000 0.000000
    204 0.000000 0.000000 0.000000 0.000000 0.000000 0.000000
    205 0.000000 0.000000 0.000000 0.000000 0.000000 0.000000
    206 0.000000 0.000000 0.000000 0.000000 0.000000 0.000000
    207 0.000000 0.000000 0.000000 0.000000 0.000000 0.000000
    208 0.000000 0.000000 0.000000 0.000000 0.000000 0.000000
    209 0.000000 0.000000 0.000000 0.000000 0.000000 0.000000
    210 0.000000 0.000000 0.000000 0.000000 0.000000 0.000000
    211 0.000000 0.000000 0.000000 0.000000 0.000000 0.000000
    212 0.000000 0.000000 0.000000 0.000000 0.000000 0.000000
    213 0.000000 0.000000 0.000000 0.000000 0.000000 0.000000
    214 0.000000 0.000000 0.000000 0.000000 0.000000 0.000000
    215 0.000000 0.000000 0.000000 0.000000 0.000000 0.000000
    216 0.000000 0.000000 0.000000 0.000000 0.000000 0.000000
    217 0.000000 0.000000 0.000000 0.000000 0.000000 0.000000
    218 0.000000 0.000000 0.000000 0.000000 0.000000 0.000000
    219 0.000000 0.000000 0.000000 0.000000 0.000000 0.000000
    220 0.000000 0.000000 0.000000 0.000000 0.000000 0.000000
    221 0.000000 0.000000 0.000000 0.000000 0.000000 0.000000
    222 0.000000 0.000000 0.000000 0.000000 0.000000 0.000000
    223 0.000000 0.000000 0.000000 0.000000 0.000000 0.000000
    224 0.000000 0.000000 0.000000 0.000000 0.000000 0.000000
    225 0.000000 0.000000 0.000000 0.000000 0.000000 0.000000
    226 0.000000 0.000000 0.000000 0.000000 0.000000 0.000000
    227 -0.976592 1.820368 -0.035157 -0.158416 -0.030608 0.164193
    228 0.000000 0.000000 0.000000 0.000000 0.000000 0.000000
    229 0.000000 0.000000 0.000000 0.000000 0.000000 0.000000
    230 0.000000 0.000000 0.000000 0.003500 0.000000 0.000000
    231 0.000000 0.000000 0.000000 0.000000 0.000000 0.000000
    232 0.000000 0.000000 0.000000 0.000000 0.000000 0.000000
    233 0.000000 0.000000 0.000000 0.000000 0.000000 0.000000
    234 2.097720 0.910184 0.101566 -0.158481 -0.030569 -1.406616
    235 0.000000 0.000000 0.000000 0.000000 0.000000 0.000000
    236 0.000000 0.000000 0.000000 0.000000 0.000000 0.000000
    237 0.000000 0.000000 0.000000 0.000000 0.000000 0.000000
    238 0.000000 0.000000 0.000000 0.000000 0.000000 0.000000
    239 0.000000 0.000000 0.000000 0.000000 0.000000 0.000000
    240 0.000000 0.000000 0.000000 0.000000 0.000000 0.000000
    241 0.000000 0.000000 0.000000 0.000000 0.000000 0.000000
    242 0.000000 0.000000 0.000000 0.000000 0.000000 0.000000
    243 0.000000 0.000000 0.000000 0.000000 0.000000 0.000000
    244 0.000000 0.000000 0.000000 0.000000 0.000000 0.000000
    245 0.000000 0.000000 0.000000 0.000000 0.000000 0.000000
    246 0.000000 0.000000 0.000000 0.000000 0.000000 -1.570796
  time 7
    0 0.000000 0.000000 0.000000 0.000000 0.000000 -1.570796
    1 0.000000 0.000000 0.000000 0.000000 0.000000 0.000000
    2 0.000000 0.000000 0.000000 0.000000 0.000000 0.000000
    3 0.000000 0.000000 0.000000 0.000000 0.000000 0.000000
    4 0.000000 0.000000 0.000000 0.000000 0.000000 0.000000
    5 0.000000 0.000000 0.000000 0.000000 0.000000 0.000000
    6 0.000000 0.000000 0.000000 0.000000 0.000000 0.000000
    7 0.000000 0.000000 0.000000 0.000000 0.000000 0.000000
    8 -1.652394 -1.000031 -0.640645 0.169640 0.124029 -0.094626
    9 0.000000 0.000000 0.000000 0.017876 -0.005098 0.012275
    10 0.000000 0.000000 0.000000 0.000000 0.000000 0.000000
    11 0.000000 0.000000 0.000000 0.000000 0.000000 0.000000
    12 0.000000 0.000000 0.000000 0.000000 0.000000 0.000000
    13 0.000000 0.000000 0.000000 -0.016697 0.000000 0.000000
    14 0.000000 0.000000 0.000000 0.000000 0.000060 0.039738
    15 0.000000 0.000000 0.000000 0.000000 0.000000 0.000000
    16 0.000000 0.000000 0.000000 0.000000 0.000000 0.000000
    17 0.000000 0.000000 0.000000 0.000000 0.000000 0.000000
    18 0.000000 0.000000 0.000000 0.000000 0.000000 0.000000
    19 0.000000 0.000000 0.000000 0.031796 0.000000 0.000000
    20 -0.019532 -0.003906 0.000000 0.000000 0.000000 -0.019835
    21 0.000000 0.000000 0.000000 -0.191291 -0.171161 -0.072289
    22 0.000000 0.000000 0.000000 0.000000 0.000000 0.000000
    23 0.000000 0.000000 0.000000 0.000000 0.000000 0.000000
    24 0.000000 0.000000 0.000000 0.000000 0.000000 0.000000
    25 0.000000 0.000000 0.000000 0.000000 0.000000 0.000000
    26 0.000000 0.000000 0.000000 0.000000 0.000000 0.000000
    27 0.000000 0.000000 0.000000 0.000000 0.000000 0.000000
    28 0.000000 0.000000 0.000000 0.000000 0.000000 0.000000
    29 0.000000 0.000000 0.000000 0.000000 0.000000 0.000000
    30 0.000000 0.000000 0.000000 0.000000 0.000000 0.000000
    31 0.000000 0.000000 0.000000 0.000000 0.000000 0.000000
    32 0.000000 0.000000 0.000000 0.000000 0.000000 0.000000
    33 0.000000 0.000000 0.000000 0.000000 0.000000 0.000000
    34 0.000000 0.000000 0.000000 0.000000 0.000000 0.000000
    35 0.000000 0.000000 0.000000 0.000000 0.000000 0.000000
    36 0.000000 0.000000 0.000000 0.000000 0.000000 0.000000
    37 0.000000 0.000000 0.000000 0.000000 0.000000 0.000000
    38 0.000000 0.000000 0.000000 0.000000 0.000000 0.000000
    39 0.000000 0.000000 0.000000 0.000000 0.000000 0.000000
    40 0.000000 0.000000 0.000000 0.000000 0.000000 0.000000
    41 0.000000 0.000000 0.000000 0.000000 0.000000 0.000000
    42 0.000000 0.000000 0.000000 0.000000 0.000000 0.000000
    43 0.000000 0.000000 0.000000 0.000000 0.000000 0.000000
    44 0.000000 0.000000 0.000000 0.000000 0.000000 0.000000
    45 0.000000 0.000000 0.000000 0.000000 0.000000 0.000000
    46 0.000000 0.000000 0.000000 0.000000 0.000000 0.000000
    47 0.000000 0.000000 0.000000 0.000000 0.000000 0.000000
    48 0.000000 0.000000 0.000000 0.000000 0.000000 0.000000
    49 0.000000 0.000000 0.000000 0.000000 0.000000 0.000000
    50 0.000000 0.000000 0.000000 0.000000 0.000000 0.000000
    51 0.000000 0.000000 0.000000 0.000000 0.000000 0.000000
    52 0.000000 0.000000 0.000000 0.000000 0.000000 0.000000
    53 0.000000 0.000000 0.000000 0.000000 0.000000 0.000000
    54 0.000000 0.000000 0.000000 0.000000 0.000000 0.000000
    55 0.000000 0.000000 0.000000 0.000000 0.000000 0.000000
    56 0.000000 0.000000 0.000000 0.000000 0.000000 0.000000
    57 0.000000 0.000000 0.000000 0.000000 0.000000 0.000000
    58 0.000000 0.000000 0.000000 0.000000 0.000000 0.000000
    59 0.000000 0.000000 0.000000 0.000000 0.000000 0.000000
    60 0.000000 0.000000 0.000000 0.000000 0.000000 0.000000
    61 0.000000 0.000000 0.000000 0.000000 0.000000 0.000000
    62 0.000000 0.000000 0.000000 0.000000 0.000000 0.000000
    63 0.000000 0.000000 0.000000 0.000000 0.000000 0.000000
    64 0.000000 0.000000 0.000000 0.000000 0.000000 0.000000
    65 0.000000 0.000000 0.000000 0.000000 0.000000 0.000000
    66 0.000000 0.000000 0.000000 0.000000 0.000000 0.000000
    67 0.000000 0.000000 0.000000 0.000000 0.000000 0.000000
    68 0.000000 0.000000 0.000000 0.000000 0.000000 0.000000
    69 0.000000 0.000000 0.000000 0.000000 0.000000 0.000000
    70 0.000000 0.000000 0.000000 0.000000 0.000000 0.000000
    71 0.000000 0.000000 0.000000 0.000000 0.000000 0.000000
    72 0.000000 0.000000 0.000000 0.000000 0.000000 0.000000
    73 0.000000 0.000000 0.000000 0.000000 0.000000 0.000000
    74 0.000000 0.000000 0.000000 0.000000 0.000000 0.000000
    75 0.000000 0.000000 0.000000 0.000000 0.000000 0.000000
    76 0.000000 0.000000 0.000000 0.000000 0.000000 0.000000
    77 0.000000 0.000000 0.000000 0.000000 0.000000 0.000000
    78 0.000000 0.000000 0.000000 0.000000 0.000000 0.000000
    79 0.000000 0.000000 0.000000 0.000000 0.000000 0.000000
    80 0.000000 0.000000 0.000000 0.000000 0.000000 0.000000
    81 0.000000 0.000000 0.000000 0.000000 0.000000 0.000000
    82 0.000000 0.000000 0.000000 0.000000 0.000000 0.000000
    83 0.000000 0.000000 0.000000 0.000000 0.000000 0.000000
    84 0.000000 0.000000 0.000000 0.000000 0.000000 0.000000
    85 0.000000 0.000000 0.000000 0.000000 0.000000 0.000000
    86 0.000000 0.000000 0.000000 0.000000 0.000000 0.000000
    87 0.000000 0.000000 0.000000 0.000000 0.000000 0.000000
    88 0.000000 0.000000 0.000000 0.000000 0.000000 0.000000
    89 0.000000 0.000000 0.000000 0.000000 0.000000 0.000000
    90 0.000000 0.000000 0.000000 0.000000 0.000000 0.000000
    91 0.000000 0.000000 0.000000 0.000000 0.000000 0.000000
    92 0.000000 0.000000 0.000000 0.000000 0.000000 0.000000
    93 0.000000 0.000000 0.000000 0.000000 0.000000 0.000000
    94 0.000000 0.000000 0.000000 0.000000 0.000000 0.000000
    95 0.000000 0.000000 0.000000 0.000000 0.000000 0.000000
    96 0.000000 0.000000 0.000000 0.000000 0.000000 0.000000
    97 0.000000 0.000000 0.000000 0.000000 0.000000 0.000000
    98 0.000000 0.000000 0.000000 0.000000 0.000000 0.000000
    99 0.000000 0.000000 0.000000 0.000000 0.000000 0.000000
    100 0.000000 0.000000 0.000000 0.000000 0.000000 0.000000
    101 0.000000 0.000000 0.000000 0.000000 0.000000 0.000000
    102 0.000000 0.000000 0.000000 0.000000 0.000000 0.000000
    103 0.000000 0.000000 0.000000 0.000000 0.000000 0.000000
    104 0.000000 0.000000 0.000000 0.000000 0.000000 0.000000
    105 0.000000 0.000000 0.000000 0.000000 0.000000 0.000000
    106 0.000000 0.000000 0.000000 0.000000 0.000000 0.000000
    107 0.000000 0.000000 0.000000 0.000000 0.000000 0.000000
    108 0.000000 0.000000 0.000000 0.000000 0.000000 0.000000
    109 0.000000 0.000000 0.000000 0.000000 0.000000 0.000000
    110 0.000000 0.000000 0.000000 0.000000 0.000000 0.000000
    111 0.000000 0.000000 0.000000 0.000000 0.000000 -1.570796
    112 0.097659 0.636738 -0.613300 -0.175017 -0.018305 -1.413782
    113 0.000000 0.000000 0.000000 0.000000 0.000000 0.000000
    114 0.000000 0.000000 0.000000 0.000000 0.000000 -1.570796
    115 0.000000 0.000000 0.000000 0.000000 0.000000 0.000000
    116 0.000000 0.000000 0.000000 0.000000 0.000000 0.000000
    117 0.000000 0.000000 0.000000 0.000000 0.000000 0.000000
    118 0.000000 0.000000 0.000000 0.000000 0.000000 0.000000
    119 0.000000 0.000000 0.000000 0.000000 0.000000 0.000000
    120 0.000000 0.000000 0.000000 0.000000 0.000000 0.000000
    121 0.000000 0.000000 0.000000 0.000000 0.000000 0.000000
    122 0.000000 0.000000 0.000000 0.000000 0.000000 0.000000
    123 0.000000 0.000000 0.000000 0.000000 0.000000 0.000000
    124 0.000000 0.000000 0.000000 0.000000 0.000000 0.000000
    125 0.000000 0.000000 0.000000 0.000000 0.000000 0.000000
    126 0.000000 0.000000 0.000000 0.000000 0.000000 0.000000
    127 0.000000 0.000000 0.000000 0.000000 0.000000 0.000000
    128 0.000000 0.000000 0.000000 0.000000 0.000000 0.000000
    129 0.000000 0.000000 0.000000 0.000000 0.000000 0.000000
    130 0.000000 0.000000 0.000000 0.000000 0.000000 0.000000
    131 0.000000 0.000000 0.000000 0.000000 0.000000 0.000000
    132 0.000000 0.000000 0.000000 0.000000 0.000000 0.000000
    133 0.000000 0.000000 0.000000 0.000000 0.000000 0.000000
    134 0.000000 0.000000 0.000000 0.000000 0.000000 0.000000
    135 0.000000 0.000000 0.000000 0.000000 0.000000 0.000000
    136 0.000000 0.000000 0.000000 0.000000 0.000000 0.000000
    137 0.000000 0.000000 0.000000 0.000000 0.000000 0.000000
    138 0.000000 0.000000 0.000000 0.000000 0.000000 0.000000
    139 0.000000 0.000000 0.000000 0.000000 0.000000 0.000000
    140 0.000000 0.000000 0.000000 0.000000 0.000000 0.000000
    141 0.000000 0.000000 0.000000 0.000000 0.000000 0.000000
    142 0.000000 0.000000 0.000000 0.000000 0.000000 0.000000
    143 0.000000 0.000000 0.000000 0.000000 0.000000 0.000000
    144 0.000000 0.000000 0.000000 0.000000 0.000000 0.000000
    145 0.000000 0.000000 0.000000 0.000000 0.000000 0.000000
    146 0.000000 0.000000 0.000000 0.000000 0.000000 0.000000
    147 0.000000 0.000000 0.000000 0.000000 0.000000 0.000000
    148 0.000000 0.000000 0.000000 0.000000 0.000000 0.000000
    149 0.000000 0.000000 0.000000 0.000000 0.000000 0.000000
    150 0.000000 0.000000 0.000000 0.000000 0.000000 0.000000
    151 0.000000 0.000000 0.000000 0.000000 0.000000 0.000000
    152 0.000000 0.000000 0.000000 0.000000 0.000000 0.000000
    153 0.000000 0.000000 0.000000 0.000000 0.000000 0.000000
    154 0.000000 0.000000 0.000000 0.000000 0.000000 0.000000
    155 0.000000 0.000000 0.000000 0.000000 0.000000 0.000000
    156 0.000000 0.000000 0.000000 0.000000 0.000000 0.000000
    157 0.000000 0.000000 0.000000 0.000000 0.000000 0.000000
    158 0.000000 0.000000 0.000000 0.000000 0.000000 0.000000
    159 0.000000 0.000000 0.000000 0.000000 0.000000 0.000000
    160 0.000000 0.000000 0.000000 0.000000 0.000000 0.000000
    161 0.000000 0.000000 0.000000 0.000000 0.000000 0.000000
    162 0.000000 0.000000 0.000000 0.000000 0.000000 0.000000
    163 0.000000 0.000000 0.000000 0.000000 0.000000 0.000000
    164 0.000000 0.000000 0.000000 0.000000 0.000000 0.000000
    165 0.000000 0.000000 0.000000 0.000000 0.000000 0.000000
    166 0.000000 0.000000 0.000000 0.000000 0.000000 0.000000
    167 0.000000 0.000000 0.000000 0.000000 0.000000 0.000000
    168 0.000000 0.000000 0.000000 0.000000 0.000000 0.000000
    169 0.000000 0.000000 0.000000 0.000000 0.000000 0.000000
    170 0.000000 0.000000 0.000000 0.000000 0.000000 0.000000
    171 0.000000 0.000000 0.000000 0.000000 0.000000 0.000000
    172 0.000000 0.000000 0.000000 0.000000 0.000000 0.000000
    173 0.000000 0.000000 0.000000 0.000000 0.000000 0.000000
    174 0.000000 0.000000 0.000000 0.000000 0.000000 0.000000
    175 0.000000 0.000000 0.000000 0.000000 0.000000 0.000000
    176 0.000000 0.000000 0.000000 0.000000 0.000000 0.000000
    177 0.000000 0.000000 0.000000 0.000000 0.000000 0.000000
    178 0.000000 0.000000 0.000000 0.000000 0.000000 0.000000
    179 0.000000 0.000000 0.000000 0.000000 0.000000 0.000000
    180 0.000000 0.000000 0.000000 0.000000 0.000000 0.000000
    181 0.000000 0.000000 0.000000 0.000000 0.000000 0.000000
    182 0.000000 0.000000 0.000000 0.000000 0.000000 0.000000
    183 0.000000 0.000000 0.000000 0.000000 0.000000 0.000000
    184 0.000000 0.000000 0.000000 0.000000 0.000000 0.000000
    185 0.000000 0.000000 0.000000 0.000000 0.000000 0.000000
    186 0.000000 0.000000 0.000000 0.000000 0.000000 0.000000
    187 0.000000 0.000000 0.000000 0.000000 0.000000 0.000000
    188 0.000000 0.000000 0.000000 0.000000 0.000000 0.000000
    189 0.000000 0.000000 0.000000 0.000000 0.000000 0.000000
    190 0.000000 0.000000 0.000000 0.000000 0.000000 0.000000
    191 0.000000 0.000000 0.000000 0.015391 0.000000 0.000000
    192 0.000000 0.000000 0.000000 0.000000 0.000000 0.000000
    193 0.000000 0.000000 0.000000 0.000000 0.000000 0.000000
    194 0.000000 0.000000 0.000000 0.000000 0.000000 0.000000
    195 0.000000 0.000000 0.000000 0.000000 0.000000 0.000000
    196 0.000000 0.000000 0.000000 0.000000 0.000000 0.000000
    197 0.000000 0.000000 0.000000 0.000000 0.000000 0.000000
    198 0.000000 0.000000 0.000000 0.000000 0.000000 0.000000
    199 0.000000 0.000000 0.000000 0.000000 0.000000 0.000000
    200 0.000000 0.000000 0.000000 0.000000 0.000000 0.000000
    201 0.000000 0.000000 0.000000 0.000000 0.000000 0.000000
    202 0.000000 0.000000 0.000000 0.000000 0.000000 0.000000
    203 0.000000 0.000000 0.000000 0.000000 0.000000 0.000000
    204 0.000000 0.000000 0.000000 0.000000 0.000000 0.000000
    205 0.000000 0.000000 0.000000 0.000000 0.000000 0.000000
    206 0.000000 0.000000 0.000000 0.000000 0.000000 0.000000
    207 0.000000 0.000000 0.000000 0.000000 0.000000 0.000000
    208 0.000000 0.000000 0.000000 0.000000 0.000000 0.000000
    209 0.000000 0.000000 0.000000 0.000000 0.000000 0.000000
    210 0.000000 0.000000 0.000000 0.000000 0.000000 0.000000
    211 0.000000 0.000000 0.000000 0.000000 0.000000 0.000000
    212 0.000000 0.000000 0.000000 0.000000 0.000000 0.000000
    213 0.000000 0.000000 0.000000 0.000000 0.000000 0.000000
    214 0.000000 0.000000 0.000000 0.000000 0.000000 0.000000
    215 0.000000 0.000000 0.000000 0.000000 0.000000 0.000000
    216 0.000000 0.000000 0.000000 0.000000 0.000000 0.000000
    217 0.000000 0.000000 0.000000 0.000000 0.000000 0.000000
    218 0.000000 0.000000 0.000000 0.000000 0.000000 0.000000
    219 0.000000 0.000000 0.000000 0.000000 0.000000 0.000000
    220 0.000000 0.000000 0.000000 0.000000 0.000000 0.000000
    221 0.000000 0.000000 0.000000 0.000000 0.000000 0.000000
    222 0.000000 0.000000 0.000000 0.000000 0.000000 0.000000
    223 0.000000 0.000000 0.000000 0.000000 0.000000 0.000000
    224 0.000000 0.000000 0.000000 0.000000 0.000000 0.000000
    225 0.000000 0.000000 0.000000 0.000000 0.000000 0.000000
    226 0.000000 0.000000 0.000000 0.000000 0.000000 0.000000
    227 -0.750023 1.656301 -0.417982 -0.175017 -0.018303 0.157013
    228 0.000000 0.000000 0.000000 0.000000 0.000000 0.000000
    229 0.000000 0.000000 0.000000 0.000000 0.000000 0.000000
    230 0.000000 0.000000 0.000000 0.004087 0.000000 0.000000
    231 0.000000 0.000000 0.000000 0.000000 0.000000 0.000000
    232 0.000000 0.000000 0.000000 0.000000 0.000000 0.000000
    233 0.000000 0.000000 0.000000 0.000000 0.000000 0.000000
    234 1.867244 0.695334 -0.316416 -0.174993 -0.018304 -1.413800
    235 0.000000 0.000000 0.000000 0.000000 0.000000 0.000000
    236 0.000000 0.000000 0.000000 0.000000 0.000000 0.000000
    237 0.000000 0.000000 0.000000 0.000000 0.000000 0.000000
    238 0.000000 0.000000 0.000000 0.000000 0.000000 0.000000
    239 0.000000 0.000000 0.000000 0.000000 0.000000 0.000000
    240 0.000000 0.000000 0.000000 0.000000 0.000000 0.000000
    241 0.000000 0.000000 0.000000 0.000000 0.000000 0.000000
    242 0.000000 0.000000 0.000000 0.000000 0.000000 0.000000
    243 0.000000 0.000000 0.000000 0.000000 0.000000 0.000000
    244 0.000000 0.000000 0.000000 0.000000 0.000000 0.000000
    245 0.000000 0.000000 0.000000 0.000000 0.000000 0.000000
    246 0.000000 0.000000 0.000000 0.000000 0.000000 -1.570796
  time 8
    0 0.000000 0.000000 0.000000 0.000000 0.000000 -1.570796
    1 0.000000 0.000000 0.000000 0.000000 0.000000 0.000000
    2 0.000000 0.000000 0.000000 0.000000 0.000000 0.000000
    3 0.000000 0.000000 0.000000 0.000000 0.000000 0.000000
    4 0.000000 0.000000 0.000000 0.000000 0.000000 0.000000
    5 0.000000 0.000000 0.000000 0.000000 0.000000 0.000000
    6 0.000000 0.000000 0.000000 0.000000 0.000000 0.000000
    7 0.000000 0.000000 0.000000 0.000000 0.000000 0.000000
    8 -1.199255 -0.890652 -0.417982 0.143083 0.125991 -0.064648
    9 0.000000 0.000000 0.000000 0.004780 -0.001221 -0.017167
    10 0.000000 0.000000 0.000000 0.000000 0.000000 0.000000
    11 0.000000 0.000000 0.000000 0.000000 0.000000 0.000000
    12 0.000000 0.000000 0.000000 0.000000 0.000000 0.000000
    13 0.000000 0.000000 0.000000 0.001365 0.000060 -0.000060
    14 0.000000 0.000000 0.000000 0.000000 0.000060 0.059683
    15 0.000000 0.000000 0.000000 0.000000 0.000000 0.000000
    16 0.000000 0.000000 0.000000 0.000000 0.000000 0.000000
    17 0.000000 0.000000 0.000000 0.000000 0.000000 0.000000
    18 0.000000 0.000000 0.000000 0.000000 0.000000 0.000000
    19 0.000000 0.000000 0.000000 0.017233 0.000000 0.000000
    20 -0.066408 -0.015625 0.000000 0.000000 0.000000 -0.028583
    21 0.000000 0.000000 0.000000 -0.179843 -0.120875 -0.063552
    22 0.000000 0.000000 0.000000 0.000000 0.000000 0.000000
    23 0.000000 0.000000 0.000000 0.000000 0.000000 0.000000
    24 0.000000 0.000000 0.000000 0.000000 0.000000 0.000000
    25 0.000000 0.000000 0.000000 0.000000 0.000000 0.000000
    26 0.000000 0.000000 0.000000 0.000000 0.000000 0.000000
    27 0.000000 0.000000 0.000000 0.000000 0.000000 0.000000
    28 0.000000 0.000000 0.000000 0.000000 0.000000 0.000000
    29 0.000000 0.000000 0.000000 0.000000 0.000000 0.000000
    30 0.000000 0.000000 0.000000 0.000000 0.000000 0.000000
    31 0.000000 0.000000 0.000000 0.000000 0.000000 0.000000
    32 0.000000 0.000000 0.000000 0.000000 0.000000 0.000000
    33 0.000000 0.000000 0.000000 0.000000 0.000000 0.000000
    34 0.000000 0.000000 0.000000 0.000000 0.000000 0.000000
    35 0.000000 0.000000 0.000000 0.000000 0.000000 0.000000
    36 0.000000 0.000000 0.000000 0.000000 0.000000 0.000000
    37 0.000000 0.000000 0.000000 0.000000 0.000000 0.000000
    38 0.000000 0.000000 0.000000 0.000000 0.000000 0.000000
    39 0.000000 0.000000 0.000000 0.000000 0.000000 0.000000
    40 0.000000 0.000000 0.000000 0.000000 0.000000 0.000000
    41 0.000000 0.000000 0.000000 0.000000 0.000000 0.000000
    42 0.000000 0.000000 0.000000 0.000000 0.000000 0.000000
    43 0.000000 0.000000 0.000000 0.000000 0.000000 0.000000
    44 0.000000 0.000000 0.000000 0.000000 0.000000 0.000000
    45 0.000000 0.000000 0.000000 0.000000 0.000000 0.000000
    46 0.000000 0.000000 0.000000 0.000000 0.000000 0.000000
    47 0.000000 0.000000 0.000000 0.000000 0.000000 0.000000
    48 0.000000 0.000000 0.000000 0.000000 0.000000 0.000000
    49 0.000000 0.000000 0.000000 0.000000 0.000000 0.000000
    50 0.000000 0.000000 0.000000 0.000000 0.000000 0.000000
    51 0.000000 0.000000 0.000000 0.000000 0.000000 0.000000
    52 0.000000 0.000000 0.000000 0.000000 0.000000 0.000000
    53 0.000000 0.000000 0.000000 0.000000 0.000000 0.000000
    54 0.000000 0.000000 0.000000 0.000000 0.000000 0.000000
    55 0.000000 0.000000 0.000000 0.000000 0.000000 0.000000
    56 0.000000 0.000000 0.000000 0.000000 0.000000 0.000000
    57 0.000000 0.000000 0.000000 0.000000 0.000000 0.000000
    58 0.000000 0.000000 0.000000 0.000000 0.000000 0.000000
    59 0.000000 0.000000 0.000000 0.000000 0.000000 0.000000
    60 0.000000 0.000000 0.000000 0.000000 0.000000 0.000000
    61 0.000000 0.000000 0.000000 0.000000 0.000000 0.000000
    62 0.000000 0.000000 0.000000 0.000000 0.000000 0.000000
    63 0.000000 0.000000 0.000000 0.000000 0.000000 0.000000
    64 0.000000 0.000000 0.000000 0.000000 0.000000 0.000000
    65 0.000000 0.000000 0.000000 0.000000 0.000000 0.000000
    66 0.000000 0.000000 0.000000 0.000000 0.000000 0.000000
    67 0.000000 0.000000 0.000000 0.000000 0.000000 0.000000
    68 0.000000 0.000000 0.000000 0.000000 0.000000 0.000000
    69 0.000000 0.000000 0.000000 0.000000 0.000000 0.000000
    70 0.000000 0.000000 0.000000 0.000000 0.000000 0.000000
    71 0.000000 0.000000 0.000000 0.000000 0.000000 0.000000
    72 0.000000 0.000000 0.000000 0.000000 0.000000 0.000000
    73 0.000000 0.000000 0.000000 0.000000 0.000000 0.000000
    74 0.000000 0.000000 0.000000 0.000000 0.000000 0.000000
    75 0.000000 0.000000 0.000000 0.000000 0.000000 0.000000
    76 0.000000 0.000000 0.000000 0.000000 0.000000 0.000000
    77 0.000000 0.000000 0.000000 0.000000 0.000000 0.000000
    78 0.000000 0.000000 0.000000 0.000000 0.000000 0.000000
    79 0.000000 0.000000 0.000000 0.000000 0.000000 0.000000
    80 0.000000 0.000000 0.000000 0.000000 0.000000 0.000000
    81 0.000000 0.000000 0.000000 0.000000 0.000000 0.000000
    82 0.000000 0.000000 0.000000 0.000000 0.000000 0.000000
    83 0.000000 0.000000 0.000000 0.000000 0.000000 0.000000
    84 0.000000 0.000000 0.000000 0.000000 0.000000 0.000000
    85 0.000000 0.000000 0.000000 0.000000 0.000000 0.000000
    86 0.000000 0.000000 0.000000 0.000000 0.000000 0.000000
    87 0.000000 0.000000 0.000000 0.000000 0.000000 0.000000
    88 0.000000 0.000000 0.000000 0.000000 0.000000 0.000000
    89 0.000000 0.000000 0.000000 0.000000 0.000000 0.000000
    90 0.000000 0.000000 0.000000 0.000000 0.000000 0.000000
    91 0.000000 0.000000 0.000000 0.000000 0.000000 0.000000
    92 0.000000 0.000000 0.000000 0.000000 0.000000 0.000000
    93 0.000000 0.000000 0.000000 0.000000 0.000000 0.000000
    94 0.000000 0.000000 0.000000 0.000000 0.000000 0.000000
    95 0.000000 0.000000 0.000000 0.000000 0.000000 0.000000
    96 0.000000 0.000000 0.000000 0.000000 0.000000 0.000000
    97 0.000000 0.000000 0.000000 0.000000 0.000000 0.000000
    98 0.000000 0.000000 0.000000 0.000000 0.000000 0.000000
    99 0.000000 0.000000 0.000000 0.000000 0.000000 0.000000
    100 0.000000 0.000000 0.000000 0.000000 0.000000 0.000000
    101 0.000000 0.000000 0.000000 0.000000 0.000000 0.000000
    102 0.000000 0.000000 0.000000 0.000000 0.000000 0.000000
    103 0.000000 0.000000 0.000000 0.000000 0.000000 0.000000
    104 0.000000 0.000000 0.000000 0.000000 0.000000 0.000000
    105 0.000000 0.000000 0.000000 0.000000 0.000000 0.000000
    106 0.000000 0.000000 0.000000 0.000000 0.000000 0.000000
    107 0.000000 0.000000 0.000000 0.000000 0.000000 0.000000
    108 0.000000 0.000000 0.000000 0.000000 0.000000 0.000000
    109 0.000000 0.000000 0.000000 0.000000 0.000000 0.000000
    110 0.000000 0.000000 0.000000 0.000000 0.000000 0.000000
    111 0.000000 0.000000 0.000000 0.000000 0.000000 -1.570796
    112 0.105472 0.281259 -0.398450 -0.168202 -0.009464 -1.454901
    113 0.000000 0.000000 0.000000 0.000000 0.000000 0.000000
    114 0.000000 0.000000 0.000000 0.000000 0.000000 -1.570796
    115 0.000000 0.000000 0.000000 0.000000 0.000000 0.000000
    116 0.000000 0.000000 0.000000 0.000000 0.000000 0.000000
    117 0.000000 0.000000 0.000000 0.000000 0.000000 0.000000
    118 0.000000 0.000000 0.000000 0.000000 0.000000 0.000000
    119 0.000000 0.000000 0.000000 0.000000 0.000000 0.000000
    120 0.000000 0.000000 0.000000 0.000000 0.000000 0.000000
    121 0.000000 0.000000 0.000000 0.000000 0.000000 0.000000
    122 0.000000 0.000000 0.000000 0.000000 0.000000 0.000000
    123 0.000000 0.000000 0.000000 0.000000 0.000000 0.000000
    124 0.000000 0.000000 0.000000 0.000000 0.000000 0.000000
    125 0.000000 0.000000 0.000000 0.000000 0.000000 0.000000
    126 0.000000 0.000000 0.000000 0.000000 0.000000 0.000000
    127 0.000000 0.000000 0.000000 0.000000 0.000000 0.000000
    128 0.000000 0.000000 0.000000 0.000000 0.000000 0.000000
    129 0.000000 0.000000 0.000000 0.000000 0.000000 0.000000
    130 0.000000 0.000000 0.000000 0.000000 0.000000 0.000000
    131 0.000000 0.000000 0.000000 0.000000 0.000000 0.000000
    132 0.000000 0.000000 0.000000 0.000000 0.000000 0.000000
    133 0.000000 0.000000 0.000000 0.000000 0.000000 0.000000
    134 0.000000 0.000000 0.000000 0.000000 0.000000 0.000000
    135 0.000000 0.000000 0.000000 0.000000 0.000000 0.000000
    136 0.000000 0.000000 0.000000 0.000000 0.000000 0.000000
    137 0.000000 0.000000 0.000000 0.000000 0.000000 0.000000
    138 0.000000 0.000000 0.000000 0.000000 0.000000 0.000000
    139 0.000000 0.000000 0.000000 0.000000 0.000000 0.000000
    140 0.000000 0.000000 0.000000 0.000000 0.000000 0.000000
    141 0.000000 0.000000 0.000000 0.000000 0.000000 0.000000
    142 0.000000 0.000000 0.000000 0.000000 0.000000 0.000000
    143 0.000000 0.000000 0.000000 0.000000 0.000000 0.000000
    144 0.000000 0.000000 0.000000 0.000000 0.000000 0.000000
    145 0.000000 0.000000 0.000000 0.000000 0.000000 0.000000
    146 0.000000 0.000000 0.000000 0.000000 0.000000 0.000000
    147 0.000000 0.000000 0.000000 0.000000 0.000000 0.000000
    148 0.000000 0.000000 0.000000 0.000000 0.000000 0.000000
    149 0.000000 0.000000 0.000000 0.000000 0.000000 0.000000
    150 0.000000 0.000000 0.000000 0.000000 0.000000 0.000000
    151 0.000000 0.000000 0.000000 0.000000 0.000000 0.000000
    152 0.000000 0.000000 0.000000 0.000000 0.000000 0.000000
    153 0.000000 0.000000 0.000000 0.000000 0.000000 0.000000
    154 0.000000 0.000000 0.000000 0.000000 0.000000 0.000000
    155 0.000000 0.000000 0.000000 0.000000 0.000000 0.000000
    156 0.000000 0.000000 0.000000 0.000000 0.000000 0.000000
    157 0.000000 0.000000 0.000000 0.000000 0.000000 0.000000
    158 0.000000 0.000000 0.000000 0.000000 0.000000 0.000000
    159 0.000000 0.000000 0.000000 0.000000 0.000000 0.000000
    160 0.000000 0.000000 0.000000 0.000000 0.000000 0.000000
    161 0.000000 0.000000 0.000000 0.000000 0.000000 0.000000
    162 0.000000 0.000000 0.000000 0.000000 0.000000 0.000000
    163 0.000000 0.000000 0.000000 0.000000 0.000000 0.000000
    164 0.000000 0.000000 0.000000 0.000000 0.000000 0.000000
    165 0.000000 0.000000 0.000000 0.000000 0.000000 0.000000
    166 0.000000 0.000000 0.000000 0.000000 0.000000 0.000000
    167 0.000000 0.000000 0.000000 0.000000 0.000000 0.000000
    168 0.000000 0.000000 0.000000 0.000000 0.000000 0.000000
    169 0.000000 0.000000 0.000000 0.000000 0.000000 0.000000
    170 0.000000 0.000000 0.000000 0.000000 0.000000 0.000000
    171 0.000000 0.000000 0.000000 0.000000 0.000000 0.000000
    172 0.000000 0.000000 0.000000 0.000000 0.000000 0.000000
    173 0.000000 0.000000 0.000000 0.000000 0.000000 0.000000
    174 0.000000 0.000000 0.000000 0.000000 0.000000 0.000000
    175 0.000000 0.000000 0.000000 0.000000 0.000000 0.000000
    176 0.000000 0.000000 0.000000 0.000000 0.000000 0.000000
    177 0.000000 0.000000 0.000000 0.000000 0.000000 0.000000
    178 0.000000 0.000000 0.000000 0.000000 0.000000 0.000000
    179 0.000000 0.000000 0.000000 0.000000 0.000000 0.000000
    180 0.000000 0.000000 0.000000 0.000000 0.000000 0.000000
    181 0.000000 0.000000 0.000000 0.000000 0.000000 0.000000
    182 0.000000 0.000000 0.000000 0.000000 0.000000 0.000000
    183 0.000000 0.000000 0.000000 0.000000 0.000000 0.000000
    184 0.000000 0.000000 0.000000 0.000000 0.000000 0.000000
    185 0.000000 0.000000 0.000000 0.000000 0.000000 0.000000
    186 0.000000 0.000000 0.000000 0.000000 0.000000 0.000000
    187 0.000000 0.000000 0.000000 0.000000 0.000000 0.000000
    188 0.000000 0.000000 0.000000 0.000000 0.000000 0.000000
    189 0.000000 0.000000 0.000000 0.000000 0.000000 0.000000
    190 0.000000 0.000000 0.000000 0.000000 0.000000 0.000000
    191 0.000000 0.000000 0.000000 0.009335 0.000000 0.000000
    192 0.000000 0.000000 0.000000 0.000000 0.000000 0.000000
    193 0.000000 0.000000 0.000000 0.000000 0.000000 0.000000
    194 0.000000 0.000000 0.000000 0.000000 0.000000 0.000000
    195 0.000000 0.000000 0.000000 0.000000 0.000000 0.000000
    196 0.000000 0.000000 0.000000 0.000000 0.000000 0.000000
    197 0.000000 0.000000 0.000000 0.000000 0.000000 0.000000
    198 0.000000 0.000000 0.000000 0.000000 0.000000 0.000000
    199 0.000000 0.000000 0.000000 0.000000 0.000000 0.000000
    200 0.000000 0.000000 0.000000 0.000000 0.000000 0.000000
    201 0.000000 0.000000 0.000000 0.000000 0.000000 0.000000
    202 0.000000 0.000000 0.000000 0.000000 0.000000 0.000000
    203 0.000000 0.000000 0.000000 0.000000 0.000000 0.000000
    204 0.000000 0.000000 0.000000 0.000000 0.000000 0.000000
    205 0.000000 0.000000 0.000000 0.000000 0.000000 0.000000
    206 0.000000 0.000000 0.000000 0.000000 0.000000 0.000000
    207 0.000000 0.000000 0.000000 0.000000 0.000000 0.000000
    208 0.000000 0.000000 0.000000 0.000000 0.000000 0.000000
    209 0.000000 0.000000 0.000000 0.000000 0.000000 0.000000
    210 0.000000 0.000000 0.000000 0.000000 0.000000 0.000000
    211 0.000000 0.000000 0.000000 0.000000 0.000000 0.000000
    212 0.000000 0.000000 0.000000 0.000000 0.000000 0.000000
    213 0.000000 0.000000 0.000000 0.000000 0.000000 0.000000
    214 0.000000 0.000000 0.000000 0.000000 0.000000 0.000000
    215 0.000000 0.000000 0.000000 0.000000 0.000000 0.000000
    216 0.000000 0.000000 0.000000 0.000000 0.000000 0.000000
    217 0.000000 0.000000 0.000000 0.000000 0.000000 0.000000
    218 0.000000 0.000000 0.000000 0.000000 0.000000 0.000000
    219 0.000000 0.000000 0.000000 0.000000 0.000000 0.000000
    220 0.000000 0.000000 0.000000 0.000000 0.000000 0.000000
    221 0.000000 0.000000 0.000000 0.000000 0.000000 0.000000
    222 0.000000 0.000000 0.000000 0.000000 0.000000 0.000000
    223 0.000000 0.000000 0.000000 0.000000 0.000000 0.000000
    224 0.000000 0.000000 0.000000 0.000000 0.000000 0.000000
    225 0.000000 0.000000 0.000000 0.000000 0.000000 0.000000
    226 0.000000 0.000000 0.000000 0.000000 0.000000 0.000000
    227 -0.343760 1.242225 -0.292978 -0.168202 -0.009462 0.115895
    228 0.000000 0.000000 0.000000 0.000000 0.000000 0.000000
    229 0.000000 0.000000 0.000000 0.000000 0.000000 0.000000
    230 0.000000 0.000000 0.000000 0.003547 0.000000 0.000000
    231 0.000000 0.000000 0.000000 0.000000 0.000000 0.000000
    232 0.000000 0.000000 0.000000 0.000000 0.000000 0.000000
    233 0.000000 0.000000 0.000000 0.000000 0.000000 0.000000
    234 1.308634 0.304697 -0.226569 -0.168266 -0.009452 -1.454893
    235 0.000000 0.000000 0.000000 0.000000 0.000000 0.000000
    236 0.000000 0.000000 0.000000 0.000000 0.000000 0.000000
    237 0.000000 0.000000 0.000000 0.000000 0.000000 0.000000
    238 0.000000 0.000000 0.000000 0.000000 0.000000 0.000000
    239 0.000000 0.000000 0.000000 0.000000 0.000000 0.000000
    240 0.000000 0.000000 0.000000 0.000000 0.000000 0.000000
    241 0.000000 0.000000 0.000000 0.000000 0.000000 0.000000
    242 0.000000 0.000000 0.000000 0.000000 0.000000 0.000000
    243 0.000000 0.000000 0.000000 0.000000 0.000000 0.000000
    244 0.000000 0.000000 0.000000 0.000000 0.000000 0.000000
    245 0.000000 0.000000 0.000000 0.000000 0.000000 0.000000
    246 0.000000 0.000000 0.000000 0.000000 0.000000 -1.570796
  time 9
    0 0.000000 0.000000 0.000000 0.000000 0.000000 -1.570796
    1 0.000000 0.000000 0.000000 0.000000 0.000000 0.000000
    2 0.000000 0.000000 0.000000 0.000000 0.000000 0.000000
    3 0.000000 0.000000 0.000000 0.000000 0.000000 0.000000
    4 0.000000 0.000000 0.000000 0.000000 0.000000 0.000000
    5 0.000000 0.000000 0.000000 0.000000 0.000000 0.000000
    6 0.000000 0.000000 0.000000 0.000000 0.000000 0.000000
    7 0.000000 0.000000 0.000000 0.000000 0.000000 0.000000
    8 -0.667989 -0.773461 -0.203131 0.115582 0.122358 -0.031510
    9 0.000000 0.000000 0.000000 -0.015008 0.003297 -0.045316
    10 0.000000 0.000000 0.000000 0.000000 0.000000 0.000000
    11 0.000000 0.000000 0.000000 0.000000 0.000000 0.000000
    12 0.000000 0.000000 0.000000 0.000000 0.000000 0.000000
    13 0.000000 0.000000 0.000000 0.024386 0.000000 0.000000
    14 0.000000 0.000000 0.000000 0.000000 0.000060 0.075946
    15 0.000000 0.000000 0.000000 0.000000 0.000000 0.000000
    16 0.000000 0.000000 0.000000 0.000000 0.000000 0.000000
    17 0.000000 0.000000 0.000000 0.000000 0.000000 0.000000
    18 0.000000 0.000000 0.000000 0.000000 0.000000 0.000000
    19 0.000000 0.000000 0.000000 0.006651 0.000000 -0.000060
    20 -0.082034 -0.019532 0.000000 0.000000 0.000000 -0.037357
    21 0.000000 0.000000 0.000000 -0.156704 -0.062428 -0.055714
    22 0.000000 0.000000 0.000000 0.000000 0.000000 0.000000
    23 0.000000 0.000000 0.000000 0.000000 0.000000 0.000000
    24 0.000000 0.000000 0.000000 0.000000 0.000000 0.000000
    25 0.000000 0.000000 0.000000 0.000000 0.000000 0.000000
    26 0.000000 0.000000 0.000000 0.000000 0.000000 0.000000
    27 0.000000 0.000000 0.000000 0.000000 0.000000 0.000000
    28 0.000000 0.000000 0.000000 0.000000 0.000000 0.000000
    29 0.000000 0.000000 0.000000 0.000000 0.000000 0.000000
    30 0.000000 0.000000 0.000000 0.000000 0.000000 0.000000
    31 0.000000 0.000000 0.000000 0.000000 0.000000 0.000000
    32 0.000000 0.000000 0.000000 0.000000 0.000000 0.000000
    33 0.000000 0.000000 0.000000 0.000000 0.000000 0.000000
    34 0.000000 0.000000 0.000000 0.000000 0.000000 0.000000
    35 0.000000 0.000000 0.000000 0.000000 0.000000 0.000000
    36 0.000000 0.000000 0.000000 0.000000 0.000000 0.000000
    37 0.000000 0.000000 0.000000 0.000000 0.000000 0.000000
    38 0.000000 0.000000 0.000000 0.000000 0.000000 0.000000
    39 0.000000 0.000000 0.000000 0.000000 0.000000 0.000000
    40 0.000000 0.000000 0.000000 0.000000 0.000000 0.000000
    41 0.000000 0.000000 0.000000 0.000000 0.000000 0.000000
    42 0.000000 0.000000 0.000000 0.000000 0.000000 0.000000
    43 0.000000 0.000000 0.000000 0.000000 0.000000 0.000000
    44 0.000000 0.000000 0.000000 0.000000 0.000000 0.000000
    45 0.000000 0.000000 0.000000 0.000000 0.000000 0.000000
    46 0.000000 0.000000 0.000000 0.000000 0.000000 0.000000
    47 0.000000 0.000000 0.000000 0.000000 0.000000 0.000000
    48 0.000000 0.000000 0.000000 0.000000 0.000000 0.000000
    49 0.000000 0.000000 0.000000 0.000000 0.000000 0.000000
    50 0.000000 0.000000 0.000000 0.000000 0.000000 0.000000
    51 0.000000 0.000000 0.000000 0.000000 0.000000 0.000000
    52 0.000000 0.000000 0.000000 0.000000 0.000000 0.000000
    53 0.000000 0.000000 0.000000 0.000000 0.000000 0.000000
    54 0.000000 0.000000 0.000000 0.000000 0.000000 0.000000
    55 0.000000 0.000000 0.000000 0.000000 0.000000 0.000000
    56 0.000000 0.000000 0.000000 0.000000 0.000000 0.000000
    57 0.000000 0.000000 0.000000 0.000000 0.000000 0.000000
    58 0.000000 0.000000 0.000000 0.000000 0.000000 0.000000
    59 0.000000 0.000000 0.000000 0.000000 0.000000 0.000000
    60 0.000000 0.000000 0.000000 0.000000 0.000000 0.000000
    61 0.000000 0.000000 0.000000 0.000000 0.000000 0.000000
    62 0.000000 0.000000 0.000000 0.000000 0.000000 0.000000
    63 0.000000 0.000000 0.000000 0.000000 0.000000 0.000000
    64 0.000000 0.000000 0.000000 0.000000 0.000000 0.000000
    65 0.000000 0.000000 0.000000 0.000000 0.000000 0.000000
    66 0.000000 0.000000 0.000000 0.000000 0.000000 0.000000
    67 0.000000 0.000000 0.000000 0.000000 0.000000 0.000000
    68 0.000000 0.000000 0.000000 0.000000 0.000000 0.000000
    69 0.000000 0.000000 0.000000 0.000000 0.000000 0.000000
    70 0.000000 0.000000 0.000000 0.000000 0.000000 0.000000
    71 0.000000 0.000000 0.000000 0.000000 0.000000 0.000000
    72 0.000000 0.000000 0.000000 0.000000 0.000000 0.000000
    73 0.000000 0.000000 0.000000 0.000000 0.000000 0.000000
    74 0.000000 0.000000 0.000000 0.000000 0.000000 0.000000
    75 0.000000 0.000000 0.000000 0.000000 0.000000 0.000000
    76 0.000000 0.000000 0.000000 0.000000 0.000000 0.000000
    77 0.000000 0.000000 0.000000 0.000000 0.000000 0.000000
    78 0.000000 0.000000 0.000000 0.000000 0.000000 0.000000
    79 0.000000 0.000000 0.000000 0.000000 0.000000 0.000000
    80 0.000000 0.000000 0.000000 0.000000 0.000000 0.000000
    81 0.000000 0.000000 0.000000 0.000000 0.000000 0.000000
    82 0.000000 0.000000 0.000000 0.000000 0.000000 0.000000
    83 0.000000 0.000000 0.000000 0.000000 0.000000 0.000000
    84 0.000000 0.000000 0.000000 0.000000 0.000000 0.000000
    85 0.000000 0.000000 0.000000 0.000000 0.000000 0.000000
    86 0.000000 0.000000 0.000000 0.000000 0.000000 0.000000
    87 0.000000 0.000000 0.000000 0.000000 0.000000 0.000000
    88 0.000000 0.000000 0.000000 0.000000 0.000000 0.000000
    89 0.000000 0.000000 0.000000 0.000000 0.000000 0.000000
    90 0.000000 0.000000 0.000000 0.000000 0.000000 0.000000
    91 0.000000 0.000000 0.000000 0.000000 0.000000 0.000000
    92 0.000000 0.000000 0.000000 0.000000 0.000000 0.000000
    93 0.000000 0.000000 0.000000 0.000000 0.000000 0.000000
    94 0.000000 0.000000 0.000000 0.000000 0.000000 0.000000
    95 0.000000 0.000000 0.000000 0.000000 0.000000 0.000000
    96 0.000000 0.000000 0.000000 0.000000 0.000000 0.000000
    97 0.000000 0.000000 0.000000 0.000000 0.000000 0.000000
    98 0.000000 0.000000 0.000000 0.000000 0.000000 0.000000
    99 0.000000 0.000000 0.000000 0.000000 0.000000 0.000000
    100 0.000000 0.000000 0.000000 0.000000 0.000000 0.000000
    101 0.000000 0.000000 0.000000 0.000000 0.000000 0.000000
    102 0.000000 0.000000 0.000000 0.000000 0.000000 0.000000
    103 0.000000 0.000000 0.000000 0.000000 0.000000 0.000000
    104 0.000000 0.000000 0.000000 0.000000 0.000000 0.000000
    105 0.000000 0.000000 0.000000 0.000000 0.000000 0.000000
    106 0.000000 0.000000 0.000000 0.000000 0.000000 0.000000
    107 0.000000 0.000000 0.000000 0.000000 0.000000 0.000000
    108 0.000000 0.000000 0.000000 0.000000 0.000000 0.000000
    109 0.000000 0.000000 0.000000 0.000000 0.000000 0.000000
    110 0.000000 0.000000 0.000000 0.000000 0.000000 0.000000
    111 0.000000 0.000000 0.000000 0.000000 0.000000 -1.570796
    112 0.140629 -0.082034 -0.132817 -0.157018 -0.004532 -1.499096
    113 0.000000 0.000000 0.000000 0.000000 0.000000 0.000000
    114 0.000000 0.000000 0.000000 0.000000 0.000000 -1.570796
    115 0.000000 0.000000 0.000000 0.000000 0.000000 0.000000
    116 0.000000 0.000000 0.000000 0.000000 0.000000 0.000000
    117 0.000000 0.000000 0.000000 0.000000 0.000000 0.000000
    118 0.000000 0.000000 0.000000 0.000000 0.000000 0.000000
    119 0.000000 0.000000 0.000000 0.000000 0.000000 0.000000
    120 0.000000 0.000000 0.000000 0.000000 0.000000 0.000000
    121 0.000000 0.000000 0.000000 0.000000 0.000000 0.000000
    122 0.000000 0.000000 0.000000 0.000000 0.000000 0.000000
    123 0.000000 0.000000 0.000000 0.000000 0.000000 0.000000
    124 0.000000 0.000000 0.000000 0.000000 0.000000 0.000000
    125 0.000000 0.000000 0.000000 0.000000 0.000000 0.000000
    126 0.000000 0.000000 0.000000 0.000000 0.000000 0.000000
    127 0.000000 0.000000 0.000000 0.000000 0.000000 0.000000
    128 0.000000 0.000000 0.000000 0.000000 0.000000 0.000000
    129 0.000000 0.000000 0.000000 0.000000 0.000000 0.000000
    130 0.000000 0.000000 0.000000 0.000000 0.000000 0.000000
    131 0.000000 0.000000 0.000000 0.000000 0.000000 0.000000
    132 0.000000 0.000000 0.000000 0.000000 0.000000 0.000000
    133 0.000000 0.000000 0.000000 0.000000 0.000000 0.000000
    134 0.000000 0.000000 0.000000 0.000000 0.000000 0.000000
    135 0.000000 0.000000 0.000000 0.000000 0.000000 0.000000
    136 0.000000 0.000000 0.000000 0.000000 0.000000 0.000000
    137 0.000000 0.000000 0.000000 0.000000 0.000000 0.000000
    138 0.000000 0.000000 0.000000 0.000000 0.000000 0.000000
    139 0.000000 0.000000 0.000000 0.000000 0.000000 0.000000
    140 0.000000 0.000000 0.000000 0.000000 0.000000 0.000000
    141 0.000000 0.000000 0.000000 0.000000 0.000000 0.000000
    142 0.000000 0.000000 0.000000 0.000000 0.000000 0.000000
    143 0.000000 0.000000 0.000000 0.000000 0.000000 0.000000
    144 0.000000 0.000000 0.000000 0.000000 0.000000 0.000000
    145 0.000000 0.000000 0.000000 0.000000 0.000000 0.000000
    146 0.000000 0.000000 0.000000 0.000000 0.000000 0.000000
    147 0.000000 0.000000 0.000000 0.000000 0.000000 0.000000
    148 0.000000 0.000000 0.000000 0.000000 0.000000 0.000000
    149 0.000000 0.000000 0.000000 0.000000 0.000000 0.000000
    150 0.000000 0.000000 0.000000 0.000000 0.000000 0.000000
    151 0.000000 0.000000 0.000000 0.000000 0.000000 0.000000
    152 0.000000 0.000000 0.000000 0.000000 0.000000 0.000000
    153 0.000000 0.000000 0.000000 0.000000 0.000000 0.000000
    154 0.000000 0.000000 0.000000 0.000000 0.000000 0.000000
    155 0.000000 0.000000 0.000000 0.000000 0.000000 0.000000
    156 0.000000 0.000000 0.000000 0.000000 0.000000 0.000000
    157 0.000000 0.000000 0.000000 0.000000 0.000000 0.000000
    158 0.000000 0.000000 0.000000 0.000000 0.000000 0.000000
    159 0.000000 0.000000 0.000000 0.000000 0.000000 0.000000
    160 0.000000 0.000000 0.000000 0.000000 0.000000 0.000000
    161 0.000000 0.000000 0.000000 0.000000 0.000000 0.000000
    162 0.000000 0.000000 0.000000 0.000000 0.000000 0.000000
    163 0.000000 0.000000 0.000000 0.000000 0.000000 0.000000
    164 0.000000 0.000000 0.000000 0.000000 0.000000 0.000000
    165 0.000000 0.000000 0.000000 0.000000 0.000000 0.000000
    166 0.000000 0.000000 0.000000 0.000000 0.000000 0.000000
    167 0.000000 0.000000 0.000000 0.000000 0.000000 0.000000
    168 0.000000 0.000000 0.000000 0.000000 0.000000 0.000000
    169 0.000000 0.000000 0.000000 0.000000 0.000000 0.000000
    170 0.000000 0.000000 0.000000 0.000000 0.000000 0.000000
    171 0.000000 0.000000 0.000000 0.000000 0.000000 0.000000
    172 0.000000 0.000000 0.000000 0.000000 0.000000 0.000000
    173 0.000000 0.000000 0.000000 0.000000 0.000000 0.000000
    174 0.000000 0.000000 0.000000 0.000000 0.000000 0.000000
    175 0.000000 0.000000 0.000000 0.000000 0.000000 0.000000
    176 0.000000 0.000000 0.000000 0.000000 0.000000 0.000000
    177 0.000000 0.000000 0.000000 0.000000 0.000000 0.000000
    178 0.000000 0.000000 0.000000 0.000000 0.000000 0.000000
    179 0.000000 0.000000 0.000000 0.000000 0.000000 0.000000
    180 0.000000 0.000000 0.000000 0.000000 0.000000 0.000000
    181 0.000000 0.000000 0.000000 0.000000 0.000000 0.000000
    182 0.000000 0.000000 0.000000 0.000000 0.000000 0.000000
    183 0.000000 0.000000 0.000000 0.000000 0.000000 0.000000
    184 0.000000 0.000000 0.000000 0.000000 0.000000 0.000000
    185 0.000000 0.000000 0.000000 0.000000 0.000000 0.000000
    186 0.000000 0.000000 0.000000 0.000000 0.000000 0.000000
    187 0.000000 0.000000 0.000000 0.000000 0.000000 0.000000
    188 0.000000 0.000000 0.000000 0.000000 0.000000 0.000000
    189 0.000000 0.000000 0.000000 0.000000 0.000000 0.000000
    190 0.000000 0.000000 0.000000 0.000000 0.000000 0.000000
    191 0.000000 0.000000 0.000000 0.003279 0.000000 0.000000
    192 0.000000 0.000000 0.000000 0.000000 0.000000 0.000000
    193 0.000000 0.000000 0.000000 0.000000 0.000000 0.000000
    194 0.000000 0.000000 0.000000 0.000000 0.000000 0.000000
    195 0.000000 0.000000 0.000000 0.000000 0.000000 0.000000
    196 0.000000 0.000000 0.000000 0.000000 0.000000 0.000000
    197 0.000000 0.000000 0.000000 0.000000 0.000000 0.000000
    198 0.000000 0.000000 0.000000 0.000000 0.000000 0.000000
    199 0.000000 0.000000 0.000000 0.000000 0.000000 0.000000
    200 0.000000 0.000000 0.000000 0.000000 0.000000 0.000000
    201 0.000000 0.000000 0.000000 0.000000 0.000000 0.000000
    202 0.000000 0.000000 0.000000 0.000000 0.000000 0.000000
    203 0.000000 0.000000 0.000000 0.000000 0.000000 0.000000
    204 0.000000 0.000000 0.000000 0.000000 0.000000 0.000000
    205 0.000000 0.000000 0.000000 0.000000 0.000000 0.000000
    206 0.000000 0.000000 0.000000 0.000000 0.000000 0.000000
    207 0.000000 0.000000 0.000000 0.000000 0.000000 0.000000
    208 0.000000 0.000000 0.000000 0.000000 0.000000 0.000000
    209 0.000000 0.000000 0.000000 0.000000 0.000000 0.000000
    210 0.000000 0.000000 0.000000 0.000000 0.000000 0.000000
    211 0.000000 0.000000 0.000000 0.000000 0.000000 0.000000
    212 0.000000 0.000000 0.000000 0.000000 0.000000 0.000000
    213 0.000000 0.000000 0.000000 0.000000 0.000000 0.000000
    214 0.000000 0.000000 0.000000 0.000000 0.000000 0.000000
    215 0.000000 0.000000 0.000000 0.000000 0.000000 0.000000
    216 0.000000 0.000000 0.000000 0.000000 0.000000 0.000000
    217 0.000000 0.000000 0.000000 0.000000 0.000000 0.000000
    218 0.000000 0.000000 0.000000 0.000000 0.000000 0.000000
    219 0.000000 0.000000 0.000000 0.000000 0.000000 0.000000
    220 0.000000 0.000000 0.000000 0.000000 0.000000 0.000000
    221 0.000000 0.000000 0.000000 0.000000 0.000000 0.000000
    222 0.000000 0.000000 0.000000 0.000000 0.000000 0.000000
    223 0.000000 0.000000 0.000000 0.000000 0.000000 0.000000
    224 0.000000 0.000000 0.000000 0.000000 0.000000 0.000000
    225 0.000000 0.000000 0.000000 0.000000 0.000000 0.000000
    226 0.000000 0.000000 0.000000 0.000000 0.000000 0.000000
    227 0.062502 0.828150 -0.082034 -0.157018 -0.004576 0.071700
    228 0.000000 0.000000 0.000000 0.000000 0.000000 0.000000
    229 0.000000 0.000000 0.000000 0.000000 0.000000 0.000000
    230 0.000000 0.000000 0.000000 0.003020 0.000000 0.000000
    231 0.000000 0.000000 0.000000 0.000000 0.000000 0.000000
    232 0.000000 0.000000 0.000000 0.000000 0.000000 0.000000
    233 0.000000 0.000000 0.000000 0.000000 0.000000 0.000000
    234 0.753929 -0.085940 -0.039064 -0.156996 -0.004538 -1.499051
    235 0.000000 0.000000 0.000000 0.000000 0.000000 0.000000
    236 0.000000 0.000000 0.000000 0.000000 0.000000 0.000000
    237 0.000000 0.000000 0.000000 0.000000 0.000000 0.000000
    238 0.000000 0.000000 0.000000 0.000000 0.000000 0.000000
    239 0.000000 0.000000 0.000000 0.000000 0.000000 0.000000
    240 0.000000 0.000000 0.000000 0.000000 0.000000 0.000000
    241 0.000000 0.000000 0.000000 0.000000 0.000000 0.000000
    242 0.000000 0.000000 0.000000 0.000000 0.000000 0.000000
    243 0.000000 0.000000 0.000000 0.000000 0.000000 0.000000
    244 0.000000 0.000000 0.000000 0.000000 0.000000 0.000000
    245 0.000000 0.000000 0.000000 0.000000 0.000000 0.000000
    246 0.000000 0.000000 0.000000 0.000000 0.000000 -1.570796
  time 10
    0 0.000000 0.000000 0.000000 0.000000 0.000000 -1.570796
    1 0.000000 0.000000 0.000000 0.000000 0.000000 0.000000
    2 0.000000 0.000000 0.000000 0.000000 0.000000 0.000000
    3 0.000000 0.000000 0.000000 0.000000 0.000000 0.000000
    4 0.000000 0.000000 0.000000 0.000000 0.000000 0.000000
    5 0.000000 0.000000 0.000000 0.000000 0.000000 0.000000
    6 0.000000 0.000000 0.000000 0.000000 0.000000 0.000000
    7 0.000000 0.000000 0.000000 0.000000 0.000000 0.000000
    8 -0.484390 -0.835963 -0.199225 0.104713 0.116400 -0.018006
    9 0.000000 0.000000 0.000000 -0.030303 0.006227 -0.059899
    10 0.000000 0.000000 0.000000 0.000000 0.000000 0.000000
    11 0.000000 0.000000 0.000000 0.000000 0.000000 0.000000
    12 0.000000 0.000000 0.000000 0.000000 0.000000 0.000000
    13 0.000000 0.000000 0.000000 0.039672 0.000000 0.000000
    14 0.000000 0.000000 0.000000 0.000000 0.000060 0.092210
    15 0.000000 0.000000 0.000000 0.000000 0.000000 0.000000
    16 0.000000 0.000000 0.000000 0.000000 0.000000 0.000000
    17 0.000000 0.000000 0.000000 0.000000 0.000000 0.000000
    18 0.000000 0.000000 0.000000 0.000000 0.000000 0.000000
    19 0.000000 0.000000 0.000000 0.006500 0.000000 0.000000
    20 -0.101566 -0.019532 0.000000 0.000000 0.000000 -0.046131
    21 0.000000 0.000000 0.000000 -0.145619 -0.029263 -0.057012
    22 0.000000 0.000000 0.000000 0.000000 0.000000 0.000000
    23 0.000000 0.000000 0.000000 0.000000 0.000000 0.000000
    24 0.000000 0.000000 0.000000 0.000000 0.000000 0.000000
    25 0.000000 0.000000 0.000000 0.000000 0.000000 0.000000
    26 0.000000 0.000000 0.000000 0.000000 0.000000 0.000000
    27 0.000000 0.000000 0.000000 0.000000 0.000000 0.000000
    28 0.000000 0.000000 0.000000 0.000000 0.000000 0.000000
    29 0.000000 0.000000 0.000000 0.000000 0.000000 0.000000
    30 0.000000 0.000000 0.000000 0.000000 0.000000 0.000000
    31 0.000000 0.000000 0.000000 0.000000 0.000000 0.000000
    32 0.000000 0.000000 0.000000 0.000000 0.000000 0.000000
    33 0.000000 0.000000 0.000000 0.000000 0.000000 0.000000
    34 0.000000 0.000000 0.000000 0.000000 0.000000 0.000000
    35 0.000000 0.000000 0.000000 0.000000 0.000000 0.000000
    36 0.000000 0.000000 0.000000 0.000000 0.000000 0.000000
    37 0.000000 0.000000 0.000000 0.000000 0.000000 0.000000
    38 0.000000 0.000000 0.000000 0.000000 0.000000 0.000000
    39 0.000000 0.000000 0.000000 0.000000 0.000000 0.000000
    40 0.000000 0.000000 0.000000 0.000000 0.000000 0.000000
    41 0.000000 0.000000 0.000000 0.000000 0.000000 0.000000
    42 0.000000 0.000000 0.000000 0.000000 0.000000 0.000000
    43 0.000000 0.000000 0.000000 0.000000 0.000000 0.000000
    44 0.000000 0.000000 0.000000 0.000000 0.000000 0.000000
    45 0.000000 0.000000 0.000000 0.000000 0.000000 0.000000
    46 0.000000 0.000000 0.000000 0.000000 0.000000 0.000000
    47 0.000000 0.000000 0.000000 0.000000 0.000000 0.000000
    48 0.000000 0.000000 0.000000 0.000000 0.000000 0.000000
    49 0.000000 0.000000 0.000000 0.000000 0.000000 0.000000
    50 0.000000 0.000000 0.000000 0.000000 0.000000 0.000000
    51 0.000000 0.000000 0.000000 0.000000 0.000000 0.000000
    52 0.000000 0.000000 0.000000 0.000000 0.000000 0.000000
    53 0.000000 0.000000 0.000000 0.000000 0.000000 0.000000
    54 0.000000 0.000000 0.000000 0.000000 0.000000 0.000000
    55 0.000000 0.000000 0.000000 0.000000 0.000000 0.000000
    56 0.000000 0.000000 0.000000 0.000000 0.000000 0.000000
    57 0.000000 0.000000 0.000000 0.000000 0.000000 0.000000
    58 0.000000 0.000000 0.000000 0.000000 0.000000 0.000000
    59 0.000000 0.000000 0.000000 0.000000 0.000000 0.000000
    60 0.000000 0.000000 0.000000 0.000000 0.000000 0.000000
    61 0.000000 0.000000 0.000000 0.000000 0.000000 0.000000
    62 0.000000 0.000000 0.000000 0.000000 0.000000 0.000000
    63 0.000000 0.000000 0.000000 0.000000 0.000000 0.000000
    64 0.000000 0.000000 0.000000 0.000000 0.000000 0.000000
    65 0.000000 0.000000 0.000000 0.000000 0.000000 0.000000
    66 0.000000 0.000000 0.000000 0.000000 0.000000 0.000000
    67 0.000000 0.000000 0.000000 0.000000 0.000000 0.000000
    68 0.000000 0.000000 0.000000 0.000000 0.000000 0.000000
    69 0.000000 0.000000 0.000000 0.000000 0.000000 0.000000
    70 0.000000 0.000000 0.000000 0.000000 0.000000 0.000000
    71 0.000000 0.000000 0.000000 0.000000 0.000000 0.000000
    72 0.000000 0.000000 0.000000 0.000000 0.000000 0.000000
    73 0.000000 0.000000 0.000000 0.000000 0.000000 0.000000
    74 0.000000 0.000000 0.000000 0.000000 0.000000 0.000000
    75 0.000000 0.000000 0.000000 0.000000 0.000000 0.000000
    76 0.000000 0.000000 0.000000 0.000000 0.000000 0.000000
    77 0.000000 0.000000 0.000000 0.000000 0.000000 0.000000
    78 0.000000 0.000000 0.000000 0.000000 0.000000 0.000000
    79 0.000000 0.000000 0.000000 0.000000 0.000000 0.000000
    80 0.000000 0.000000 0.000000 0.000000 0.000000 0.000000
    81 0.000000 0.000000 0.000000 0.000000 0.000000 0.000000
    82 0.000000 0.000000 0.000000 0.000000 0.000000 0.000000
    83 0.000000 0.000000 0.000000 0.000000 0.000000 0.000000
    84 0.000000 0.000000 0.000000 0.000000 0.000000 0.000000
    85 0.000000 0.000000 0.000000 0.000000 0.000000 0.000000
    86 0.000000 0.000000 0.000000 0.000000 0.000000 0.000000
    87 0.000000 0.000000 0.000000 0.000000 0.000000 0.000000
    88 0.000000 0.000000 0.000000 0.000000 0.000000 0.000000
    89 0.000000 0.000000 0.000000 0.000000 0.000000 0.000000
    90 0.000000 0.000000 0.000000 0.000000 0.000000 0.000000
    91 0.000000 0.000000 0.000000 0.000000 0.000000 0.000000
    92 0.000000 0.000000 0.000000 0.000000 0.000000 0.000000
    93 0.000000 0.000000 0.000000 0.000000 0.000000 0.000000
    94 0.000000 0.000000 0.000000 0.000000 0.000000 0.000000
    95 0.000000 0.000000 0.000000 0.000000 0.000000 0.000000
    96 0.000000 0.000000 0.000000 0.000000 0.000000 0.000000
    97 0.000000 0.000000 0.000000 0.000000 0.000000 0.000000
    98 0.000000 0.000000 0.000000 0.000000 0.000000 0.000000
    99 0.000000 0.000000 0.000000 0.000000 0.000000 0.000000
    100 0.000000 0.000000 0.000000 0.000000 0.000000 0.000000
    101 0.000000 0.000000 0.000000 0.000000 0.000000 0.000000
    102 0.000000 0.000000 0.000000 0.000000 0.000000 0.000000
    103 0.000000 0.000000 0.000000 0.000000 0.000000 0.000000
    104 0.000000 0.000000 0.000000 0.000000 0.000000 0.000000
    105 0.000000 0.000000 0.000000 0.000000 0.000000 0.000000
    106 0.000000 0.000000 0.000000 0.000000 0.000000 0.000000
    107 0.000000 0.000000 0.000000 0.000000 0.000000 0.000000
    108 0.000000 0.000000 0.000000 0.000000 0.000000 0.000000
    109 0.000000 0.000000 0.000000 0.000000 0.000000 0.000000
    110 0.000000 0.000000 0.000000 0.000000 0.000000 0.000000
    111 0.000000 0.000000 0.000000 0.000000 0.000000 -1.570796
    112 0.132817 -0.343760 -0.078127 -0.148629 -0.005287 -1.516531
    113 0.000000 0.000000 0.000000 0.000000 0.000000 0.000000
    114 0.000000 0.000000 0.000000 0.000000 0.000000 -1.570796
    115 0.000000 0.000000 0.000000 0.000000 0.000000 0.000000
    116 0.000000 0.000000 0.000000 0.000000 0.000000 0.000000
    117 0.000000 0.000000 0.000000 0.000000 0.000000 0.000000
    118 0.000000 0.000000 0.000000 0.000000 0.000000 0.000000
    119 0.000000 0.000000 0.000000 0.000000 0.000000 0.000000
    120 0.000000 0.000000 0.000000 0.000000 0.000000 0.000000
    121 0.000000 0.000000 0.000000 0.000000 0.000000 0.000000
    122 0.000000 0.000000 0.000000 0.000000 0.000000 0.000000
    123 0.000000 0.000000 0.000000 0.000000 0.000000 0.000000
    124 0.000000 0.000000 0.000000 0.000000 0.000000 0.000000
    125 0.000000 0.000000 0.000000 0.000000 0.000000 0.000000
    126 0.000000 0.000000 0.000000 0.000000 0.000000 0.000000
    127 0.000000 0.000000 0.000000 0.000000 0.000000 0.000000
    128 0.000000 0.000000 0.000000 0.000000 0.000000 0.000000
    129 0.000000 0.000000 0.000000 0.000000 0.000000 0.000000
    130 0.000000 0.000000 0.000000 0.000000 0.000000 0.000000
    131 0.000000 0.000000 0.000000 0.000000 0.000000 0.000000
    132 0.000000 0.000000 0.000000 0.000000 0.000000 0.000000
    133 0.000000 0.000000 0.000000 0.000000 0.000000 0.000000
    134 0.000000 0.000000 0.000000 0.000000 0.000000 0.000000
    135 0.000000 0.000000 0.000000 0.000000 0.000000 0.000000
    136 0.000000 0.000000 0.000000 0.000000 0.000000 0.000000
    137 0.000000 0.000000 0.000000 0.000000 0.000000 0.000000
    138 0.000000 0.000000 0.000000 0.000000 0.000000 0.000000
    139 0.000000 0.000000 0.000000 0.000000 0.000000 0.000000
    140 0.000000 0.000000 0.000000 0.000000 0.000000 0.000000
    141 0.000000 0.000000 0.000000 0.000000 0.000000 0.000000
    142 0.000000 0.000000 0.000000 0.000000 0.000000 0.000000
    143 0.000000 0.000000 0.000000 0.000000 0.000000 0.000000
    144 0.000000 0.000000 0.000000 0.000000 0.000000 0.000000
    145 0.000000 0.000000 0.000000 0.000000 0.000000 0.000000
    146 0.000000 0.000000 0.000000 0.000000 0.000000 0.000000
    147 0.000000 0.000000 0.000000 0.000000 0.000000 0.000000
    148 0.000000 0.000000 0.000000 0.000000 0.000000 0.000000
    149 0.000000 0.000000 0.000000 0.000000 0.000000 0.000000
    150 0.000000 0.000000 0.000000 0.000000 0.000000 0.000000
    151 0.000000 0.000000 0.000000 0.000000 0.000000 0.000000
    152 0.000000 0.000000 0.000000 0.000000 0.000000 0.000000
    153 0.000000 0.000000 0.000000 0.000000 0.000000 0.000000
    154 0.000000 0.000000 0.000000 0.000000 0.000000 0.000000
    155 0.000000 0.000000 0.000000 0.000000 0.000000 0.000000
    156 0.000000 0.000000 0.000000 0.000000 0.000000 0.000000
    157 0.000000 0.000000 0.000000 0.000000 0.000000 0.000000
    158 0.000000 0.000000 0.000000 0.000000 0.000000 0.000000
    159 0.000000 0.000000 0.000000 0.000000 0.000000 0.000000
    160 0.000000 0.000000 0.000000 0.000000 0.000000 0.000000
    161 0.000000 0.000000 0.000000 0.000000 0.000000 0.000000
    162 0.000000 0.000000 0.000000 0.000000 0.000000 0.000000
    163 0.000000 0.000000 0.000000 0.000000 0.000000 0.000000
    164 0.000000 0.000000 0.000000 0.000000 0.000000 0.000000
    165 0.000000 0.000000 0.000000 0.000000 0.000000 0.000000
    166 0.000000 0.000000 0.000000 0.000000 0.000000 0.000000
    167 0.000000 0.000000 0.000000 0.000000 0.000000 0.000000
    168 0.000000 0.000000 0.000000 0.000000 0.000000 0.000000
    169 0.000000 0.000000 0.000000 0.000000 0.000000 0.000000
    170 0.000000 0.000000 0.000000 0.000000 0.000000 0.000000
    171 0.000000 0.000000 0.000000 0.000000 0.000000 0.000000
    172 0.000000 0.000000 0.000000 0.000000 0.000000 0.000000
    173 0.000000 0.000000 0.000000 0.000000 0.000000 0.000000
    174 0.000000 0.000000 0.000000 0.000000 0.000000 0.000000
    175 0.000000 0.000000 0.000000 0.000000 0.000000 0.000000
    176 0.000000 0.000000 0.000000 0.000000 0.000000 0.000000
    177 0.000000 0.000000 0.000000 0.000000 0.000000 0.000000
    178 0.000000 0.000000 0.000000 0.000000 0.000000 0.000000
    179 0.000000 0.000000 0.000000 0.000000 0.000000 0.000000
    180 0.000000 0.000000 0.000000 0.000000 0.000000 0.000000
    181 0.000000 0.000000 0.000000 0.000000 0.000000 0.000000
    182 0.000000 0.000000 0.000000 0.000000 0.000000 0.000000
    183 0.000000 0.000000 0.000000 0.000000 0.000000 0.000000
    184 0.000000 0.000000 0.000000 0.000000 0.000000 0.000000
    185 0.000000 0.000000 0.000000 0.000000 0.000000 0.000000
    186 0.000000 0.000000 0.000000 0.000000 0.000000 0.000000
    187 0.000000 0.000000 0.000000 0.000000 0.000000 0.000000
    188 0.000000 0.000000 0.000000 0.000000 0.000000 0.000000
    189 0.000000 0.000000 0.000000 0.000000 0.000000 0.000000
    190 0.000000 0.000000 0.000000 0.000000 0.000000 0.000000
    191 0.000000 0.000000 0.000000 0.003212 0.000000 0.000000
    192 0.000000 0.000000 0.000000 0.000000 0.000000 0.000000
    193 0.000000 0.000000 0.000000 0.000000 0.000000 0.000000
    194 0.000000 0.000000 0.000000 0.000000 0.000000 0.000000
    195 0.000000 0.000000 0.000000 0.000000 0.000000 0.000000
    196 0.000000 0.000000 0.000000 0.000000 0.000000 0.000000
    197 0.000000 0.000000 0.000000 0.000000 0.000000 0.000000
    198 0.000000 0.000000 0.000000 0.000000 0.000000 0.000000
    199 0.000000 0.000000 0.000000 0.000000 0.000000 0.000000
    200 0.000000 0.000000 0.000000 0.000000 0.000000 0.000000
    201 0.000000 0.000000 0.000000 0.000000 0.000000 0.000000
    202 0.000000 0.000000 0.000000 0.000000 0.000000 0.000000
    203 0.000000 0.000000 0.000000 0.000000 0.000000 0.000000
    204 0.000000 0.000000 0.000000 0.000000 0.000000 0.000000
    205 0.000000 0.000000 0.000000 0.000000 0.000000 0.000000
    206 0.000000 0.000000 0.000000 0.000000 0.000000 0.000000
    207 0.000000 0.000000 0.000000 0.000000 0.000000 0.000000
    208 0.000000 0.000000 0.000000 0.000000 0.000000 0.000000
    209 0.000000 0.000000 0.000000 0.000000 0.000000 0.000000
    210 0.000000 0.000000 0.000000 0.000000 0.000000 0.000000
    211 0.000000 0.000000 0.000000 0.000000 0.000000 0.000000
    212 0.000000 0.000000 0.000000 0.000000 0.000000 0.000000
    213 0.000000 0.000000 0.000000 0.000000 0.000000 0.000000
    214 0.000000 0.000000 0.000000 0.000000 0.000000 0.000000
    215 0.000000 0.000000 0.000000 0.000000 0.000000 0.000000
    216 0.000000 0.000000 0.000000 0.000000 0.000000 0.000000
    217 0.000000 0.000000 0.000000 0.000000 0.000000 0.000000
    218 0.000000 0.000000 0.000000 0.000000 0.000000 0.000000
    219 0.000000 0.000000 0.000000 0.000000 0.000000 0.000000
    220 0.000000 0.000000 0.000000 0.000000 0.000000 0.000000
    221 0.000000 0.000000 0.000000 0.000000 0.000000 0.000000
    222 0.000000 0.000000 0.000000 0.000000 0.000000 0.000000
    223 0.000000 0.000000 0.000000 0.000000 0.000000 0.000000
    224 0.000000 0.000000 0.000000 0.000000 0.000000 0.000000
    225 0.000000 0.000000 0.000000 0.000000 0.000000 0.000000
    226 0.000000 0.000000 0.000000 0.000000 0.000000 0.000000
    227 0.332041 0.640645 -0.015625 -0.148629 -0.005286 0.054265
    228 0.000000 0.000000 0.000000 0.000000 0.000000 0.000000
    229 0.000000 0.000000 0.000000 0.000000 0.000000 0.000000
    230 0.000000 0.000000 0.000000 0.002481 0.000000 0.000000
    231 0.000000 0.000000 0.000000 0.000000 0.000000 0.000000
    232 0.000000 0.000000 0.000000 0.000000 0.000000 0.000000
    233 0.000000 0.000000 0.000000 0.000000 0.000000 0.000000
    234 0.519547 -0.355480 0.023438 -0.148609 -0.005289 -1.516484
    235 0.000000 0.000000 0.000000 0.000000 0.000000 0.000000
    236 0.000000 0.000000 0.000000 0.000000 0.000000 0.000000
    237 0.000000 0.000000 0.000000 0.000000 0.000000 0.000000
    238 0.000000 0.000000 0.000000 0.000000 0.000000 0.000000
    239 0.000000 0.000000 0.000000 0.000000 0.000000 0.000000
    240 0.000000 0.000000 0.000000 0.000000 0.000000 0.000000
    241 0.000000 0.000000 0.000000 0.000000 0.000000 0.000000
    242 0.000000 0.000000 0.000000 0.000000 0.000000 0.000000
    243 0.000000 0.000000 0.000000 0.000000 0.000000 0.000000
    244 0.000000 0.000000 0.000000 0.000000 0.000000 0.000000
    245 0.000000 0.000000 0.000000 0.000000 0.000000 0.000000
    246 0.000000 0.000000 0.000000 0.000000 0.000000 -1.570796
  time 11
    0 0.000000 0.000000 0.000000 0.000000 0.000000 -1.570796
    1 0.000000 0.000000 0.000000 0.000000 0.000000 0.000000
    2 0.000000 0.000000 0.000000 0.000000 0.000000 0.000000
    3 0.000000 0.000000 0.000000 0.000000 0.000000 0.000000
    4 0.000000 0.000000 0.000000 0.000000 0.000000 0.000000
    5 0.000000 0.000000 0.000000 0.000000 0.000000 0.000000
    6 0.000000 0.000000 0.000000 0.000000 0.000000 0.000000
    7 0.000000 0.000000 0.000000 0.000000 0.000000 0.000000
    8 -0.195318 -0.820338 -0.285165 0.059728 0.045339 -0.014654
    9 0.000000 0.000000 0.000000 -0.064811 0.015446 -0.029811
    10 0.000000 0.000000 0.000000 0.000000 0.000000 0.000000
    11 0.000000 0.000000 0.000000 0.000000 0.000000 0.000000
    12 0.000000 0.000000 0.000000 0.000000 0.000000 0.000000
    13 0.000000 0.000000 0.000000 0.054913 0.000000 0.000000
    14 0.000000 0.000000 0.000000 0.000000 0.000000 0.062982
    15 0.000000 0.000000 0.000000 0.000000 0.000000 0.000000
    16 0.000000 0.000000 0.000000 0.000000 0.000000 0.000000
    17 0.000000 0.000000 0.000000 0.000000 0.000000 0.000000
    18 0.000000 0.000000 0.000000 0.000000 0.000000 0.000000
    19 0.000000 0.000000 0.000000 0.023986 0.000000 0.000000
    20 -0.070315 -0.011719 0.000000 0.000000 0.000000 -0.029806
    21 0.000000 0.000000 0.000000 -0.051851 0.031453 -0.045879
    22 0.000000 0.000000 0.000000 0.000000 0.000000 0.000000
    23 0.000000 0.000000 0.000000 0.000000 0.000000 0.000000
    24 0.000000 0.000000 0.000000 0.000000 0.000000 0.000000
    25 0.000000 0.000000 0.000000 0.000000 0.000000 0.000000
    26 0.000000 0.000000 0.000000 0.000000 0.000000 0.000000
    27 0.000000 0.000000 0.000000 0.000000 0.000000 0.000000
    28 0.000000 0.000000 0.000000 0.000000 0.000000 0.000000
    29 0.000000 0.000000 0.000000 0.000000 0.000000 0.000000
    30 0.000000 0.000000 0.000000 0.000000 0.000000 0.000000
    31 0.000000 0.000000 0.000000 0.000000 0.000000 0.000000
    32 0.000000 0.000000 0.000000 0.000000 0.000000 0.000000
    33 0.000000 0.000000 0.000000 0.000000 0.000000 0.000000
    34 0.000000 0.000000 0.000000 0.000000 0.000000 0.000000
    35 0.000000 0.000000 0.000000 0.000000 0.000000 0.000000
    36 0.000000 0.000000 0.000000 0.000000 0.000000 0.000000
    37 0.000000 0.000000 0.000000 0.000000 0.000000 0.000000
    38 0.000000 0.000000 0.000000 0.000000 0.000000 0.000000
    39 0.000000 0.000000 0.000000 0.000000 0.000000 0.000000
    40 0.000000 0.000000 0.000000 0.000000 0.000000 0.000000
    41 0.000000 0.000000 0.000000 0.000000 0.000000 0.000000
    42 0.000000 0.000000 0.000000 0.000000 0.000000 0.000000
    43 0.000000 0.000000 0.000000 0.000000 0.000000 0.000000
    44 0.000000 0.000000 0.000000 0.000000 0.000000 0.000000
    45 0.000000 0.000000 0.000000 0.000000 0.000000 0.000000
    46 0.000000 0.000000 0.000000 0.000000 0.000000 0.000000
    47 0.000000 0.000000 0.000000 0.000000 0.000000 0.000000
    48 0.000000 0.000000 0.000000 0.000000 0.000000 0.000000
    49 0.000000 0.000000 0.000000 0.000000 0.000000 0.000000
    50 0.000000 0.000000 0.000000 0.000000 0.000000 0.000000
    51 0.000000 0.000000 0.000000 0.000000 0.000000 0.000000
    52 0.000000 0.000000 0.000000 0.000000 0.000000 0.000000
    53 0.000000 0.000000 0.000000 0.000000 0.000000 0.000000
    54 0.000000 0.000000 0.000000 0.000000 0.000000 0.000000
    55 0.000000 0.000000 0.000000 0.000000 0.000000 0.000000
    56 0.000000 0.000000 0.000000 0.000000 0.000000 0.000000
    57 0.000000 0.000000 0.000000 0.000000 0.000000 0.000000
    58 0.000000 0.000000 0.000000 0.000000 0.000000 0.000000
    59 0.000000 0.000000 0.000000 0.000000 0.000000 0.000000
    60 0.000000 0.000000 0.000000 0.000000 0.000000 0.000000
    61 0.000000 0.000000 0.000000 0.000000 0.000000 0.000000
    62 0.000000 0.000000 0.000000 0.000000 0.000000 0.000000
    63 0.000000 0.000000 0.000000 0.000000 0.000000 0.000000
    64 0.000000 0.000000 0.000000 0.000000 0.000000 0.000000
    65 0.000000 0.000000 0.000000 0.000000 0.000000 0.000000
    66 0.000000 0.000000 0.000000 0.000000 0.000000 0.000000
    67 0.000000 0.000000 0.000000 0.000000 0.000000 0.000000
    68 0.000000 0.000000 0.000000 0.000000 0.000000 0.000000
    69 0.000000 0.000000 0.000000 0.000000 0.000000 0.000000
    70 0.000000 0.000000 0.000000 0.000000 0.000000 0.000000
    71 0.000000 0.000000 0.000000 0.000000 0.000000 0.000000
    72 0.000000 0.000000 0.000000 0.000000 0.000000 0.000000
    73 0.000000 0.000000 0.000000 0.000000 0.000000 0.000000
    74 0.000000 0.000000 0.000000 0.000000 0.000000 0.000000
    75 0.000000 0.000000 0.000000 0.000000 0.000000 0.000000
    76 0.000000 0.000000 0.000000 0.000000 0.000000 0.000000
    77 0.000000 0.000000 0.000000 0.000000 0.000000 0.000000
    78 0.000000 0.000000 0.000000 0.000000 0.000000 0.000000
    79 0.000000 0.000000 0.000000 0.000000 0.000000 0.000000
    80 0.000000 0.000000 0.000000 0.000000 0.000000 0.000000
    81 0.000000 0.000000 0.000000 0.000000 0.000000 0.000000
    82 0.000000 0.000000 0.000000 0.000000 0.000000 0.000000
    83 0.000000 0.000000 0.000000 0.000000 0.000000 0.000000
    84 0.000000 0.000000 0.000000 0.000000 0.000000 0.000000
    85 0.000000 0.000000 0.000000 0.000000 0.000000 0.000000
    86 0.000000 0.000000 0.000000 0.000000 0.000000 0.000000
    87 0.000000 0.000000 0.000000 0.000000 0.000000 0.000000
    88 0.000000 0.000000 0.000000 0.000000 0.000000 0.000000
    89 0.000000 0.000000 0.000000 0.000000 0.000000 0.000000
    90 0.000000 0.000000 0.000000 0.000000 0.000000 0.000000
    91 0.000000 0.000000 0.000000 0.000000 0.000000 0.000000
    92 0.000000 0.000000 0.000000 0.000000 0.000000 0.000000
    93 0.000000 0.000000 0.000000 0.000000 0.000000 0.000000
    94 0.000000 0.000000 0.000000 0.000000 0.000000 0.000000
    95 0.000000 0.000000 0.000000 0.000000 0.000000 0.000000
    96 0.000000 0.000000 0.000000 0.000000 0.000000 0.000000
    97 0.000000 0.000000 0.000000 0.000000 0.000000 0.000000
    98 0.000000 0.000000 0.000000 0.000000 0.000000 0.000000
    99 0.000000 0.000000 0.000000 0.000000 0.000000 0.000000
    100 0.000000 0.000000 0.000000 0.000000 0.000000 0.000000
    101 0.000000 0.000000 0.000000 0.000000 0.000000 0.000000
    102 0.000000 0.000000 0.000000 0.000000 0.000000 0.000000
    103 0.000000 0.000000 0.000000 0.000000 0.000000 0.000000
    104 0.000000 0.000000 0.000000 0.000000 0.000000 0.000000
    105 0.000000 0.000000 0.000000 0.000000 0.000000 0.000000
    106 0.000000 0.000000 0.000000 0.000000 0.000000 0.000000
    107 0.000000 0.000000 0.000000 0.000000 0.000000 0.000000
    108 0.000000 0.000000 0.000000 0.000000 0.000000 0.000000
    109 0.000000 0.000000 0.000000 0.000000 0.000000 0.000000
    110 0.000000 0.000000 0.000000 0.000000 0.000000 0.000000
    111 0.000000 0.000000 0.000000 0.000000 0.000000 -1.570796
    112 0.242195 -0.507828 -0.089846 -0.066931 -0.014395 -1.535832
    113 0.000000 0.000000 0.000000 0.000000 0.000000 0.000000
    114 0.000000 0.000000 0.000000 0.000000 0.000000 -1.570796
    115 0.000000 0.000000 0.000000 0.000000 0.000000 0.000000
    116 0.000000 0.000000 0.000000 0.000000 0.000000 0.000000
    117 0.000000 0.000000 0.000000 0.000000 0.000000 0.000000
    118 0.000000 0.000000 0.000000 0.000000 0.000000 0.000000
    119 0.000000 0.000000 0.000000 0.000000 0.000000 0.000000
    120 0.000000 0.000000 0.000000 0.000000 0.000000 0.000000
    121 0.000000 0.000000 0.000000 0.000000 0.000000 0.000000
    122 0.000000 0.000000 0.000000 0.000000 0.000000 0.000000
    123 0.000000 0.000000 0.000000 0.000000 0.000000 0.000000
    124 0.000000 0.000000 0.000000 0.000000 0.000000 0.000000
    125 0.000000 0.000000 0.000000 0.000000 0.000000 0.000000
    126 0.000000 0.000000 0.000000 0.000000 0.000000 0.000000
    127 0.000000 0.000000 0.000000 0.000000 0.000000 0.000000
    128 0.000000 0.000000 0.000000 0.000000 0.000000 0.000000
    129 0.000000 0.000000 0.000000 0.000000 0.000000 0.000000
    130 0.000000 0.000000 0.000000 0.000000 0.000000 0.000000
    131 0.000000 0.000000 0.000000 0.000000 0.000000 0.000000
    132 0.000000 0.000000 0.000000 0.000000 0.000000 0.000000
    133 0.000000 0.000000 0.000000 0.000000 0.000000 0.000000
    134 0.000000 0.000000 0.000000 0.000000 0.000000 0.000000
    135 0.000000 0.000000 0.000000 0.000000 0.000000 0.000000
    136 0.000000 0.000000 0.000000 0.000000 0.000000 0.000000
    137 0.000000 0.000000 0.000000 0.000000 0.000000 0.000000
    138 0.000000 0.000000 0.000000 0.000000 0.000000 0.000000
    139 0.000000 0.000000 0.000000 0.000000 0.000000 0.000000
    140 0.000000 0.000000 0.000000 0.000000 0.000000 0.000000
    141 0.000000 0.000000 0.000000 0.000000 0.000000 0.000000
    142 0.000000 0.000000 0.000000 0.000000 0.000000 0.000000
    143 0.000000 0.000000 0.000000 0.000000 0.000000 0.000000
    144 0.000000 0.000000 0.000000 0.000000 0.000000 0.000000
    145 0.000000 0.000000 0.000000 0.000000 0.000000 0.000000
    146 0.000000 0.000000 0.000000 0.000000 0.000000 0.000000
    147 0.000000 0.000000 0.000000 0.000000 0.000000 0.000000
    148 0.000000 0.000000 0.000000 0.000000 0.000000 0.000000
    149 0.000000 0.000000 0.000000 0.000000 0.000000 0.000000
    150 0.000000 0.000000 0.000000 0.000000 0.000000 0.000000
    151 0.000000 0.000000 0.000000 0.000000 0.000000 0.000000
    152 0.000000 0.000000 0.000000 0.000000 0.000000 0.000000
    153 0.000000 0.000000 0.000000 0.000000 0.000000 0.000000
    154 0.000000 0.000000 0.000000 0.000000 0.000000 0.000000
    155 0.000000 0.000000 0.000000 0.000000 0.000000 0.000000
    156 0.000000 0.000000 0.000000 0.000000 0.000000 0.000000
    157 0.000000 0.000000 0.000000 0.000000 0.000000 0.000000
    158 0.000000 0.000000 0.000000 0.000000 0.000000 0.000000
    159 0.000000 0.000000 0.000000 0.000000 0.000000 0.000000
    160 0.000000 0.000000 0.000000 0.000000 0.000000 0.000000
    161 0.000000 0.000000 0.000000 0.000000 0.000000 0.000000
    162 0.000000 0.000000 0.000000 0.000000 0.000000 0.000000
    163 0.000000 0.000000 0.000000 0.000000 0.000000 0.000000
    164 0.000000 0.000000 0.000000 0.000000 0.000000 0.000000
    165 0.000000 0.000000 0.000000 0.000000 0.000000 0.000000
    166 0.000000 0.000000 0.000000 0.000000 0.000000 0.000000
    167 0.000000 0.000000 0.000000 0.000000 0.000000 0.000000
    168 0.000000 0.000000 0.000000 0.000000 0.000000 0.000000
    169 0.000000 0.000000 0.000000 0.000000 0.000000 0.000000
    170 0.000000 0.000000 0.000000 0.000000 0.000000 0.000000
    171 0.000000 0.000000 0.000000 0.000000 0.000000 0.000000
    172 0.000000 0.000000 0.000000 0.000000 0.000000 0.000000
    173 0.000000 0.000000 0.000000 0.000000 0.000000 0.000000
    174 0.000000 0.000000 0.000000 0.000000 0.000000 0.000000
    175 0.000000 0.000000 0.000000 0.000000 0.000000 0.000000
    176 0.000000 0.000000 0.000000 0.000000 0.000000 0.000000
    177 0.000000 0.000000 0.000000 0.000000 0.000000 0.000000
    178 0.000000 0.000000 0.000000 0.000000 0.000000 0.000000
    179 0.000000 0.000000 0.000000 0.000000 0.000000 0.000000
    180 0.000000 0.000000 0.000000 0.000000 0.000000 0.000000
    181 0.000000 0.000000 0.000000 0.000000 0.000000 0.000000
    182 0.000000 0.000000 0.000000 0.000000 0.000000 0.000000
    183 0.000000 0.000000 0.000000 0.000000 0.000000 0.000000
    184 0.000000 0.000000 0.000000 0.000000 0.000000 0.000000
    185 0.000000 0.000000 0.000000 0.000000 0.000000 0.000000
    186 0.000000 0.000000 0.000000 0.000000 0.000000 0.000000
    187 0.000000 0.000000 0.000000 0.000000 0.000000 0.000000
    188 0.000000 0.000000 0.000000 0.000000 0.000000 0.000000
    189 0.000000 0.000000 0.000000 0.000000 0.000000 0.000000
    190 0.000000 0.000000 0.000000 0.000000 0.000000 0.000000
    191 0.000000 0.000000 0.000000 0.013651 0.000000 0.000000
    192 0.000000 0.000000 0.000000 0.000000 0.000000 0.000000
    193 0.000000 0.000000 0.000000 0.000000 0.000000 0.000000
    194 0.000000 0.000000 0.000000 0.000000 0.000000 0.000000
    195 0.000000 0.000000 0.000000 0.000000 0.000000 0.000000
    196 0.000000 0.000000 0.000000 0.000000 0.000000 0.000000
    197 0.000000 0.000000 0.000000 0.000000 0.000000 0.000000
    198 0.000000 0.000000 0.000000 0.000000 0.000000 0.000000
    199 0.000000 0.000000 0.000000 0.000000 0.000000 0.000000
    200 0.000000 0.000000 0.000000 0.000000 0.000000 0.000000
    201 0.000000 0.000000 0.000000 0.000000 0.000000 0.000000
    202 0.000000 0.000000 0.000000 0.000000 0.000000 0.000000
    203 0.000000 0.000000 0.000000 0.000000 0.000000 0.000000
    204 0.000000 0.000000 0.000000 0.000000 0.000000 0.000000
    205 0.000000 0.000000 0.000000 0.000000 0.000000 0.000000
    206 0.000000 0.000000 0.000000 0.000000 0.000000 0.000000
    207 0.000000 0.000000 0.000000 0.000000 0.000000 0.000000
    208 0.000000 0.000000 0.000000 0.000000 0.000000 0.000000
    209 0.000000 0.000000 0.000000 0.000000 0.000000 0.000000
    210 0.000000 0.000000 0.000000 0.000000 0.000000 0.000000
    211 0.000000 0.000000 0.000000 0.000000 0.000000 0.000000
    212 0.000000 0.000000 0.000000 0.000000 0.000000 0.000000
    213 0.000000 0.000000 0.000000 0.000000 0.000000 0.000000
    214 0.000000 0.000000 0.000000 0.000000 0.000000 0.000000
    215 0.000000 0.000000 0.000000 0.000000 0.000000 0.000000
    216 0.000000 0.000000 0.000000 0.000000 0.000000 0.000000
    217 0.000000 0.000000 0.000000 0.000000 0.000000 0.000000
    218 0.000000 0.000000 0.000000 0.000000 0.000000 0.000000
    219 0.000000 0.000000 0.000000 0.000000 0.000000 0.000000
    220 0.000000 0.000000 0.000000 0.000000 0.000000 0.000000
    221 0.000000 0.000000 0.000000 0.000000 0.000000 0.000000
    222 0.000000 0.000000 0.000000 0.000000 0.000000 0.000000
    223 0.000000 0.000000 0.000000 0.000000 0.000000 0.000000
    224 0.000000 0.000000 0.000000 0.000000 0.000000 0.000000
    225 0.000000 0.000000 0.000000 0.000000 0.000000 0.000000
    226 0.000000 0.000000 0.000000 0.000000 0.000000 0.000000
    227 0.507828 0.578143 0.054689 -0.066931 -0.014393 0.034964
    228 0.000000 0.000000 0.000000 0.000000 0.000000 0.000000
    229 0.000000 0.000000 0.000000 0.000000 0.000000 0.000000
    230 0.000000 0.000000 0.000000 0.001942 0.000000 0.000000
    231 0.000000 0.000000 0.000000 0.000000 0.000000 0.000000
    232 0.000000 0.000000 0.000000 0.000000 0.000000 0.000000
    233 0.000000 0.000000 0.000000 0.000000 0.000000 0.000000
    234 0.562517 -0.542985 0.113285 -0.066922 -0.014365 -1.535834
    235 0.000000 0.000000 0.000000 0.000000 0.000000 0.000000
    236 0.000000 0.000000 0.000000 0.000000 0.000000 0.000000
    237 0.000000 0.000000 0.000000 0.000000 0.000000 0.000000
    238 0.000000 0.000000 0.000000 0.000000 0.000000 0.000000
    239 0.000000 0.000000 0.000000 0.000000 0.000000 0.000000
    240 0.000000 0.000000 0.000000 0.000000 0.000000 0.000000
    241 0.000000 0.000000 0.000000 0.000000 0.000000 0.000000
    242 0.000000 0.000000 0.000000 0.000000 0.000000 0.000000
    243 0.000000 0.000000 0.000000 0.000000 0.000000 0.000000
    244 0.000000 0.000000 0.000000 0.000000 0.000000 0.000000
    245 0.000000 0.000000 0.000000 0.000000 0.000000 0.000000
    246 0.000000 0.000000 0.000000 0.000000 0.000000 -1.570796
  time 12
    0 0.000000 0.000000 0.000000 0.000000 0.000000 -1.570796
    1 0.000000 0.000000 0.000000 0.000000 0.000000 0.000000
    2 0.000000 0.000000 0.000000 0.000000 0.000000 0.000000
    3 0.000000 0.000000 0.000000 0.000000 0.000000 0.000000
    4 0.000000 0.000000 0.000000 0.000000 0.000000 0.000000
    5 0.000000 0.000000 0.000000 0.000000 0.000000 0.000000
    6 0.000000 0.000000 0.000000 0.000000 0.000000 0.000000
    7 0.000000 0.000000 0.000000 0.000000 0.000000 0.000000
    8 0.007813 -0.769555 -0.339854 0.019185 -0.022742 -0.014175
    9 0.000000 0.000000 0.000000 -0.097026 0.026650 0.003046
    10 0.000000 0.000000 0.000000 0.000000 0.000000 0.000000
    11 0.000000 0.000000 0.000000 0.000000 0.000000 0.000000
    12 0.000000 0.000000 0.000000 0.000000 0.000000 0.000000
    13 0.000000 0.000000 0.000000 0.070200 0.000000 0.000000
    14 0.000000 0.000000 0.000000 0.000000 0.000000 0.026696
    15 0.000000 0.000000 0.000000 0.000000 0.000000 0.000000
    16 0.000000 0.000000 0.000000 0.000000 0.000000 0.000000
    17 0.000000 0.000000 0.000000 0.000000 0.000000 0.000000
    18 0.000000 0.000000 0.000000 0.000000 0.000000 0.000000
    19 0.000000 0.000000 0.000000 0.046762 0.000000 0.000000
    20 -0.039064 -0.003906 0.000000 0.000000 0.000000 -0.013454
    21 0.000000 0.000000 0.000000 0.042280 0.080146 -0.030054
    22 0.000000 0.000000 0.000000 0.000000 0.000000 0.000000
    23 0.000000 0.000000 0.000000 0.000000 0.000000 0.000000
    24 0.000000 0.000000 0.000000 0.000000 0.000000 0.000000
    25 0.000000 0.000000 0.000000 0.000000 0.000000 0.000000
    26 0.000000 0.000000 0.000000 0.000000 0.000000 0.000000
    27 0.000000 0.000000 0.000000 0.000000 0.000000 0.000000
    28 0.000000 0.000000 0.000000 0.000000 0.000000 0.000000
    29 0.000000 0.000000 0.000000 0.000000 0.000000 0.000000
    30 0.000000 0.000000 0.000000 0.000000 0.000000 0.000000
    31 0.000000 0.000000 0.000000 0.000000 0.000000 0.000000
    32 0.000000 0.000000 0.000000 0.000000 0.000000 0.000000
    33 0.000000 0.000000 0.000000 0.000000 0.000000 0.000000
    34 0.000000 0.000000 0.000000 0.000000 0.000000 0.000000
    35 0.000000 0.000000 0.000000 0.000000 0.000000 0.000000
    36 0.000000 0.000000 0.000000 0.000000 0.000000 0.000000
    37 0.000000 0.000000 0.000000 0.000000 0.000000 0.000000
    38 0.000000 0.000000 0.000000 0.000000 0.000000 0.000000
    39 0.000000 0.000000 0.000000 0.000000 0.000000 0.000000
    40 0.000000 0.000000 0.000000 0.000000 0.000000 0.000000
    41 0.000000 0.000000 0.000000 0.000000 0.000000 0.000000
    42 0.000000 0.000000 0.000000 0.000000 0.000000 0.000000
    43 0.000000 0.000000 0.000000 0.000000 0.000000 0.000000
    44 0.000000 0.000000 0.000000 0.000000 0.000000 0.000000
    45 0.000000 0.000000 0.000000 0.000000 0.000000 0.000000
    46 0.000000 0.000000 0.000000 0.000000 0.000000 0.000000
    47 0.000000 0.000000 0.000000 0.000000 0.000000 0.000000
    48 0.000000 0.000000 0.000000 0.000000 0.000000 0.000000
    49 0.000000 0.000000 0.000000 0.000000 0.000000 0.000000
    50 0.000000 0.000000 0.000000 0.000000 0.000000 0.000000
    51 0.000000 0.000000 0.000000 0.000000 0.000000 0.000000
    52 0.000000 0.000000 0.000000 0.000000 0.000000 0.000000
    53 0.000000 0.000000 0.000000 0.000000 0.000000 0.000000
    54 0.000000 0.000000 0.000000 0.000000 0.000000 0.000000
    55 0.000000 0.000000 0.000000 0.000000 0.000000 0.000000
    56 0.000000 0.000000 0.000000 0.000000 0.000000 0.000000
    57 0.000000 0.000000 0.000000 0.000000 0.000000 0.000000
    58 0.000000 0.000000 0.000000 0.000000 0.000000 0.000000
    59 0.000000 0.000000 0.000000 0.000000 0.000000 0.000000
    60 0.000000 0.000000 0.000000 0.000000 0.000000 0.000000
    61 0.000000 0.000000 0.000000 0.000000 0.000000 0.000000
    62 0.000000 0.000000 0.000000 0.000000 0.000000 0.000000
    63 0.000000 0.000000 0.000000 0.000000 0.000000 0.000000
    64 0.000000 0.000000 0.000000 0.000000 0.000000 0.000000
    65 0.000000 0.000000 0.000000 0.000000 0.000000 0.000000
    66 0.000000 0.000000 0.000000 0.000000 0.000000 0.000000
    67 0.000000 0.000000 0.000000 0.000000 0.000000 0.000000
    68 0.000000 0.000000 0.000000 0.000000 0.000000 0.000000
    69 0.000000 0.000000 0.000000 0.000000 0.000000 0.000000
    70 0.000000 0.000000 0.000000 0.000000 0.000000 0.000000
    71 0.000000 0.000000 0.000000 0.000000 0.000000 0.000000
    72 0.000000 0.000000 0.000000 0.000000 0.000000 0.000000
    73 0.000000 0.000000 0.000000 0.000000 0.000000 0.000000
    74 0.000000 0.000000 0.000000 0.000000 0.000000 0.000000
    75 0.000000 0.000000 0.000000 0.000000 0.000000 0.000000
    76 0.000000 0.000000 0.000000 0.000000 0.000000 0.000000
    77 0.000000 0.000000 0.000000 0.000000 0.000000 0.000000
    78 0.000000 0.000000 0.000000 0.000000 0.000000 0.000000
    79 0.000000 0.000000 0.000000 0.000000 0.000000 0.000000
    80 0.000000 0.000000 0.000000 0.000000 0.000000 0.000000
    81 0.000000 0.000000 0.000000 0.000000 0.000000 0.000000
    82 0.000000 0.000000 0.000000 0.000000 0.000000 0.000000
    83 0.000000 0.000000 0.000000 0.000000 0.000000 0.000000
    84 0.000000 0.000000 0.000000 0.000000 0.000000 0.000000
    85 0.000000 0.000000 0.000000 0.000000 0.000000 0.000000
    86 0.000000 0.000000 0.000000 0.000000 0.000000 0.000000
    87 0.000000 0.000000 0.000000 0.000000 0.000000 0.000000
    88 0.000000 0.000000 0.000000 0.000000 0.000000 0.000000
    89 0.000000 0.000000 0.000000 0.000000 0.000000 0.000000
    90 0.000000 0.000000 0.000000 0.000000 0.000000 0.000000
    91 0.000000 0.000000 0.000000 0.000000 0.000000 0.000000
    92 0.000000 0.000000 0.000000 0.000000 0.000000 0.000000
    93 0.000000 0.000000 0.000000 0.000000 0.000000 0.000000
    94 0.000000 0.000000 0.000000 0.000000 0.000000 0.000000
    95 0.000000 0.000000 0.000000 0.000000 0.000000 0.000000
    96 0.000000 0.000000 0.000000 0.000000 0.000000 0.000000
    97 0.000000 0.000000 0.000000 0.000000 0.000000 0.000000
    98 0.000000 0.000000 0.000000 0.000000 0.000000 0.000000
    99 0.000000 0.000000 0.000000 0.000000 0.000000 0.000000
    100 0.000000 0.000000 0.000000 0.000000 0.000000 0.000000
    101 0.000000 0.000000 0.000000 0.000000 0.000000 0.000000
    102 0.000000 0.000000 0.000000 0.000000 0.000000 0.000000
    103 0.000000 0.000000 0.000000 0.000000 0.000000 0.000000
    104 0.000000 0.000000 0.000000 0.000000 0.000000 0.000000
    105 0.000000 0.000000 0.000000 0.000000 0.000000 0.000000
    106 0.000000 0.000000 0.000000 0.000000 0.000000 0.000000
    107 0.000000 0.000000 0.000000 0.000000 0.000000 0.000000
    108 0.000000 0.000000 0.000000 0.000000 0.000000 0.000000
    109 0.000000 0.000000 0.000000 0.000000 0.000000 0.000000
    110 0.000000 0.000000 0.000000 0.000000 0.000000 0.000000
    111 0.000000 0.000000 0.000000 0.000000 0.000000 -1.570796
    112 0.367199 -0.578143 -0.113285 0.011097 -0.021726 -1.548885
    113 0.000000 0.000000 0.000000 0.000000 0.000000 0.000000
    114 0.000000 0.000000 0.000000 0.000000 0.000000 -1.570796
    115 0.000000 0.000000 0.000000 0.000000 0.000000 0.000000
    116 0.000000 0.000000 0.000000 0.000000 0.000000 0.000000
    117 0.000000 0.000000 0.000000 0.000000 0.000000 0.000000
    118 0.000000 0.000000 0.000000 0.000000 0.000000 0.000000
    119 0.000000 0.000000 0.000000 0.000000 0.000000 0.000000
    120 0.000000 0.000000 0.000000 0.000000 0.000000 0.000000
    121 0.000000 0.000000 0.000000 0.000000 0.000000 0.000000
    122 0.000000 0.000000 0.000000 0.000000 0.000000 0.000000
    123 0.000000 0.000000 0.000000 0.000000 0.000000 0.000000
    124 0.000000 0.000000 0.000000 0.000000 0.000000 0.000000
    125 0.000000 0.000000 0.000000 0.000000 0.000000 0.000000
    126 0.000000 0.000000 0.000000 0.000000 0.000000 0.000000
    127 0.000000 0.000000 0.000000 0.000000 0.000000 0.000000
    128 0.000000 0.000000 0.000000 0.000000 0.000000 0.000000
    129 0.000000 0.000000 0.000000 0.000000 0.000000 0.000000
    130 0.000000 0.000000 0.000000 0.000000 0.000000 0.000000
    131 0.000000 0.000000 0.000000 0.000000 0.000000 0.000000
    132 0.000000 0.000000 0.000000 0.000000 0.000000 0.000000
    133 0.000000 0.000000 0.000000 0.000000 0.000000 0.000000
    134 0.000000 0.000000 0.000000 0.000000 0.000000 0.000000
    135 0.000000 0.000000 0.000000 0.000000 0.000000 0.000000
    136 0.000000 0.000000 0.000000 0.000000 0.000000 0.000000
    137 0.000000 0.000000 0.000000 0.000000 0.000000 0.000000
    138 0.000000 0.000000 0.000000 0.000000 0.000000 0.000000
    139 0.000000 0.000000 0.000000 0.000000 0.000000 0.000000
    140 0.000000 0.000000 0.000000 0.000000 0.000000 0.000000
    141 0.000000 0.000000 0.000000 0.000000 0.000000 0.000000
    142 0.000000 0.000000 0.000000 0.000000 0.000000 0.000000
    143 0.000000 0.000000 0.000000 0.000000 0.000000 0.000000
    144 0.000000 0.000000 0.000000 0.000000 0.000000 0.000000
    145 0.000000 0.000000 0.000000 0.000000 0.000000 0.000000
    146 0.000000 0.000000 0.000000 0.000000 0.000000 0.000000
    147 0.000000 0.000000 0.000000 0.000000 0.000000 0.000000
    148 0.000000 0.000000 0.000000 0.000000 0.000000 0.000000
    149 0.000000 0.000000 0.000000 0.000000 0.000000 0.000000
    150 0.000000 0.000000 0.000000 0.000000 0.000000 0.000000
    151 0.000000 0.000000 0.000000 0.000000 0.000000 0.000000
    152 0.000000 0.000000 0.000000 0.000000 0.000000 0.000000
    153 0.000000 0.000000 0.000000 0.000000 0.000000 0.000000
    154 0.000000 0.000000 0.000000 0.000000 0.000000 0.000000
    155 0.000000 0.000000 0.000000 0.000000 0.000000 0.000000
    156 0.000000 0.000000 0.000000 0.000000 0.000000 0.000000
    157 0.000000 0.000000 0.000000 0.000000 0.000000 0.000000
    158 0.000000 0.000000 0.000000 0.000000 0.000000 0.000000
    159 0.000000 0.000000 0.000000 0.000000 0.000000 0.000000
    160 0.000000 0.000000 0.000000 0.000000 0.000000 0.000000
    161 0.000000 0.000000 0.000000 0.000000 0.000000 0.000000
    162 0.000000 0.000000 0.000000 0.000000 0.000000 0.000000
    163 0.000000 0.000000 0.000000 0.000000 0.000000 0.000000
    164 0.000000 0.000000 0.000000 0.000000 0.000000 0.000000
    165 0.000000 0.000000 0.000000 0.000000 0.000000 0.000000
    166 0.000000 0.000000 0.000000 0.000000 0.000000 0.000000
    167 0.000000 0.000000 0.000000 0.000000 0.000000 0.000000
    168 0.000000 0.000000 0.000000 0.000000 0.000000 0.000000
    169 0.000000 0.000000 0.000000 0.000000 0.000000 0.000000
    170 0.000000 0.000000 0.000000 0.000000 0.000000 0.000000
    171 0.000000 0.000000 0.000000 0.000000 0.000000 0.000000
    172 0.000000 0.000000 0.000000 0.000000 0.000000 0.000000
    173 0.000000 0.000000 0.000000 0.000000 0.000000 0.000000
    174 0.000000 0.000000 0.000000 0.000000 0.000000 0.000000
    175 0.000000 0.000000 0.000000 0.000000 0.000000 0.000000
    176 0.000000 0.000000 0.000000 0.000000 0.000000 0.000000
    177 0.000000 0.000000 0.000000 0.000000 0.000000 0.000000
    178 0.000000 0.000000 0.000000 0.000000 0.000000 0.000000
    179 0.000000 0.000000 0.000000 0.000000 0.000000 0.000000
    180 0.000000 0.000000 0.000000 0.000000 0.000000 0.000000
    181 0.000000 0.000000 0.000000 0.000000 0.000000 0.000000
    182 0.000000 0.000000 0.000000 0.000000 0.000000 0.000000
    183 0.000000 0.000000 0.000000 0.000000 0.000000 0.000000
    184 0.000000 0.000000 0.000000 0.000000 0.000000 0.000000
    185 0.000000 0.000000 0.000000 0.000000 0.000000 0.000000
    186 0.000000 0.000000 0.000000 0.000000 0.000000 0.000000
    187 0.000000 0.000000 0.000000 0.000000 0.000000 0.000000
    188 0.000000 0.000000 0.000000 0.000000 0.000000 0.000000
    189 0.000000 0.000000 0.000000 0.000000 0.000000 0.000000
    190 0.000000 0.000000 0.000000 0.000000 0.000000 0.000000
    191 0.000000 0.000000 0.000000 0.024090 0.000000 0.000000
    192 0.000000 0.000000 0.000000 0.000000 0.000000 0.000000
    193 0.000000 0.000000 0.000000 0.000000 0.000000 0.000000
    194 0.000000 0.000000 0.000000 0.000000 0.000000 0.000000
    195 0.000000 0.000000 0.000000 0.000000 0.000000 0.000000
    196 0.000000 0.000000 0.000000 0.000000 0.000000 0.000000
    197 0.000000 0.000000 0.000000 0.000000 0.000000 0.000000
    198 0.000000 0.000000 0.000000 0.000000 0.000000 0.000000
    199 0.000000 0.000000 0.000000 0.000000 0.000000 0.000000
    200 0.000000 0.000000 0.000000 0.000000 0.000000 0.000000
    201 0.000000 0.000000 0.000000 0.000000 0.000000 0.000000
    202 0.000000 0.000000 0.000000 0.000000 0.000000 0.000000
    203 0.000000 0.000000 0.000000 0.000000 0.000000 0.000000
    204 0.000000 0.000000 0.000000 0.000000 0.000000 0.000000
    205 0.000000 0.000000 0.000000 0.000000 0.000000 0.000000
    206 0.000000 0.000000 0.000000 0.000000 0.000000 0.000000
    207 0.000000 0.000000 0.000000 0.000000 0.000000 0.000000
    208 0.000000 0.000000 0.000000 0.000000 0.000000 0.000000
    209 0.000000 0.000000 0.000000 0.000000 0.000000 0.000000
    210 0.000000 0.000000 0.000000 0.000000 0.000000 0.000000
    211 0.000000 0.000000 0.000000 0.000000 0.000000 0.000000
    212 0.000000 0.000000 0.000000 0.000000 0.000000 0.000000
    213 0.000000 0.000000 0.000000 0.000000 0.000000 0.000000
    214 0.000000 0.000000 0.000000 0.000000 0.000000 0.000000
    215 0.000000 0.000000 0.000000 0.000000 0.000000 0.000000
    216 0.000000 0.000000 0.000000 0.000000 0.000000 0.000000
    217 0.000000 0.000000 0.000000 0.000000 0.000000 0.000000
    218 0.000000 0.000000 0.000000 0.000000 0.000000 0.000000
    219 0.000000 0.000000 0.000000 0.000000 0.000000 0.000000
    220 0.000000 0.000000 0.000000 0.000000 0.000000 0.000000
    221 0.000000 0.000000 0.000000 0.000000 0.000000 0.000000
    222 0.000000 0.000000 0.000000 0.000000 0.000000 0.000000
    223 0.000000 0.000000 0.000000 0.000000 0.000000 0.000000
    224 0.000000 0.000000 0.000000 0.000000 0.000000 0.000000
    225 0.000000 0.000000 0.000000 0.000000 0.000000 0.000000
    226 0.000000 0.000000 0.000000 0.000000 0.000000 0.000000
    227 0.582049 0.597674 0.109378 0.011097 -0.021723 0.021911
    228 0.000000 0.000000 0.000000 0.000000 0.000000 0.000000
    229 0.000000 0.000000 0.000000 0.000000 0.000000 0.000000
    230 0.000000 0.000000 0.000000 0.001414 0.000000 0.000000
    231 0.000000 0.000000 0.000000 0.000000 0.000000 0.000000
    232 0.000000 0.000000 0.000000 0.000000 0.000000 0.000000
    233 0.000000 0.000000 0.000000 0.000000 0.000000 0.000000
    234 0.707053 -0.625019 0.187506 0.011095 -0.021717 -1.548861
    235 0.000000 0.000000 0.000000 0.000000 0.000000 0.000000
    236 0.000000 0.000000 0.000000 0.000000 0.000000 0.000000
    237 0.000000 0.000000 0.000000 0.000000 0.000000 0.000000
    238 0.000000 0.000000 0.000000 0.000000 0.000000 0.000000
    239 0.000000 0.000000 0.000000 0.000000 0.000000 0.000000
    240 0.000000 0.000000 0.000000 0.000000 0.000000 0.000000
    241 0.000000 0.000000 0.000000 0.000000 0.000000 0.000000
    242 0.000000 0.000000 0.000000 0.000000 0.000000 0.000000
    243 0.000000 0.000000 0.000000 0.000000 0.000000 0.000000
    244 0.000000 0.000000 0.000000 0.000000 0.000000 0.000000
    245 0.000000 0.000000 0.000000 0.000000 0.000000 0.000000
    246 0.000000 0.000000 0.000000 0.000000 0.000000 -1.570796
  time 13
    0 0.000000 0.000000 0.000000 0.000000 0.000000 -1.570796
    1 0.000000 0.000000 0.000000 0.000000 0.000000 0.000000
    2 0.000000 0.000000 0.000000 0.000000 0.000000 0.000000
    3 0.000000 0.000000 0.000000 0.000000 0.000000 0.000000
    4 0.000000 0.000000 0.000000 0.000000 0.000000 0.000000
    5 0.000000 0.000000 0.000000 0.000000 0.000000 0.000000
    6 0.000000 0.000000 0.000000 0.000000 0.000000 0.000000
    7 0.000000 0.000000 0.000000 0.000000 0.000000 0.000000
    8 0.062502 -0.695334 -0.472671 -0.008411 -0.074984 -0.020879
    9 0.000000 0.000000 0.000000 -0.112703 0.035533 0.040240
    10 0.000000 0.000000 0.000000 0.000000 0.000000 0.000000
    11 0.000000 0.000000 0.000000 0.000000 0.000000 0.000000
    12 0.000000 0.000000 0.000000 0.000000 0.000000 0.000000
    13 0.000000 0.000000 0.000000 0.070655 0.000000 -0.000060
    14 0.000000 0.000000 0.000000 -0.000060 0.000000 -0.005677
    15 0.000000 0.000000 0.000000 0.000000 0.000000 0.000000
    16 0.000000 0.000000 0.000000 0.000000 0.000000 0.000000
    17 0.000000 0.000000 0.000000 0.000000 0.000000 0.000000
    18 0.000000 0.000000 0.000000 0.000000 0.000000 0.000000
    19 0.000000 0.000000 0.000000 0.069588 0.000000 0.000000
    20 -0.007813 0.000000 0.000000 0.000000 0.000000 0.002845
    21 0.000000 0.000000 0.000000 0.105822 0.102601 -0.019370
    22 0.000000 0.000000 0.000000 0.000000 0.000000 0.000000
    23 0.000000 0.000000 0.000000 0.000000 0.000000 0.000000
    24 0.000000 0.000000 0.000000 0.000000 0.000000 0.000000
    25 0.000000 0.000000 0.000000 0.000000 0.000000 0.000000
    26 0.000000 0.000000 0.000000 0.000000 0.000000 0.000000
    27 0.000000 0.000000 0.000000 0.000000 0.000000 0.000000
    28 0.000000 0.000000 0.000000 0.000000 0.000000 0.000000
    29 0.000000 0.000000 0.000000 0.000000 0.000000 0.000000
    30 0.000000 0.000000 0.000000 0.000000 0.000000 0.000000
    31 0.000000 0.000000 0.000000 0.000000 0.000000 0.000000
    32 0.000000 0.000000 0.000000 0.000000 0.000000 0.000000
    33 0.000000 0.000000 0.000000 0.000000 0.000000 0.000000
    34 0.000000 0.000000 0.000000 0.000000 0.000000 0.000000
    35 0.000000 0.000000 0.000000 0.000000 0.000000 0.000000
    36 0.000000 0.000000 0.000000 0.000000 0.000000 0.000000
    37 0.000000 0.000000 0.000000 0.000000 0.000000 0.000000
    38 0.000000 0.000000 0.000000 0.000000 0.000000 0.000000
    39 0.000000 0.000000 0.000000 0.000000 0.000000 0.000000
    40 0.000000 0.000000 0.000000 0.000000 0.000000 0.000000
    41 0.000000 0.000000 0.000000 0.000000 0.000000 0.000000
    42 0.000000 0.000000 0.000000 0.000000 0.000000 0.000000
    43 0.000000 0.000000 0.000000 0.000000 0.000000 0.000000
    44 0.000000 0.000000 0.000000 0.000000 0.000000 0.000000
    45 0.000000 0.000000 0.000000 0.000000 0.000000 0.000000
    46 0.000000 0.000000 0.000000 0.000000 0.000000 0.000000
    47 0.000000 0.000000 0.000000 0.000000 0.000000 0.000000
    48 0.000000 0.000000 0.000000 0.000000 0.000000 0.000000
    49 0.000000 0.000000 0.000000 0.000000 0.000000 0.000000
    50 0.000000 0.000000 0.000000 0.000000 0.000000 0.000000
    51 0.000000 0.000000 0.000000 0.000000 0.000000 0.000000
    52 0.000000 0.000000 0.000000 0.000000 0.000000 0.000000
    53 0.000000 0.000000 0.000000 0.000000 0.000000 0.000000
    54 0.000000 0.000000 0.000000 0.000000 0.000000 0.000000
    55 0.000000 0.000000 0.000000 0.000000 0.000000 0.000000
    56 0.000000 0.000000 0.000000 0.000000 0.000000 0.000000
    57 0.000000 0.000000 0.000000 0.000000 0.000000 0.000000
    58 0.000000 0.000000 0.000000 0.000000 0.000000 0.000000
    59 0.000000 0.000000 0.000000 0.000000 0.000000 0.000000
    60 0.000000 0.000000 0.000000 0.000000 0.000000 0.000000
    61 0.000000 0.000000 0.000000 0.000000 0.000000 0.000000
    62 0.000000 0.000000 0.000000 0.000000 0.000000 0.000000
    63 0.000000 0.000000 0.000000 0.000000 0.000000 0.000000
    64 0.000000 0.000000 0.000000 0.000000 0.000000 0.000000
    65 0.000000 0.000000 0.000000 0.000000 0.000000 0.000000
    66 0.000000 0.000000 0.000000 0.000000 0.000000 0.000000
    67 0.000000 0.000000 0.000000 0.000000 0.000000 0.000000
    68 0.000000 0.000000 0.000000 0.000000 0.000000 0.000000
    69 0.000000 0.000000 0.000000 0.000000 0.000000 0.000000
    70 0.000000 0.000000 0.000000 0.000000 0.000000 0.000000
    71 0.000000 0.000000 0.000000 0.000000 0.000000 0.000000
    72 0.000000 0.000000 0.000000 0.000000 0.000000 0.000000
    73 0.000000 0.000000 0.000000 0.000000 0.000000 0.000000
    74 0.000000 0.000000 0.000000 0.000000 0.000000 0.000000
    75 0.000000 0.000000 0.000000 0.000000 0.000000 0.000000
    76 0.000000 0.000000 0.000000 0.000000 0.000000 0.000000
    77 0.000000 0.000000 0.000000 0.000000 0.000000 0.000000
    78 0.000000 0.000000 0.000000 0.000000 0.000000 0.000000
    79 0.000000 0.000000 0.000000 0.000000 0.000000 0.000000
    80 0.000000 0.000000 0.000000 0.000000 0.000000 0.000000
    81 0.000000 0.000000 0.000000 0.000000 0.000000 0.000000
    82 0.000000 0.000000 0.000000 0.000000 0.000000 0.000000
    83 0.000000 0.000000 0.000000 0.000000 0.000000 0.000000
    84 0.000000 0.000000 0.000000 0.000000 0.000000 0.000000
    85 0.000000 0.000000 0.000000 0.000000 0.000000 0.000000
    86 0.000000 0.000000 0.000000 0.000000 0.000000 0.000000
    87 0.000000 0.000000 0.000000 0.000000 0.000000 0.000000
    88 0.000000 0.000000 0.000000 0.000000 0.000000 0.000000
    89 0.000000 0.000000 0.000000 0.000000 0.000000 0.000000
    90 0.000000 0.000000 0.000000 0.000000 0.000000 0.000000
    91 0.000000 0.000000 0.000000 0.000000 0.000000 0.000000
    92 0.000000 0.000000 0.000000 0.000000 0.000000 0.000000
    93 0.000000 0.000000 0.000000 0.000000 0.000000 0.000000
    94 0.000000 0.000000 0.000000 0.000000 0.000000 0.000000
    95 0.000000 0.000000 0.000000 0.000000 0.000000 0.000000
    96 0.000000 0.000000 0.000000 0.000000 0.000000 0.000000
    97 0.000000 0.000000 0.000000 0.000000 0.000000 0.000000
    98 0.000000 0.000000 0.000000 0.000000 0.000000 0.000000
    99 0.000000 0.000000 0.000000 0.000000 0.000000 0.000000
    100 0.000000 0.000000 0.000000 0.000000 0.000000 0.000000
    101 0.000000 0.000000 0.000000 0.000000 0.000000 0.000000
    102 0.000000 0.000000 0.000000 0.000000 0.000000 0.000000
    103 0.000000 0.000000 0.000000 0.000000 0.000000 0.000000
    104 0.000000 0.000000 0.000000 0.000000 0.000000 0.000000
    105 0.000000 0.000000 0.000000 0.000000 0.000000 0.000000
    106 0.000000 0.000000 0.000000 0.000000 0.000000 0.000000
    107 0.000000 0.000000 0.000000 0.000000 0.000000 0.000000
    108 0.000000 0.000000 0.000000 0.000000 0.000000 0.000000
    109 0.000000 0.000000 0.000000 0.000000 0.000000 0.000000
    110 0.000000 0.000000 0.000000 0.000000 0.000000 0.000000
    111 0.000000 0.000000 0.000000 0.000000 0.000000 -1.570796
    112 0.433607 -0.496109 -0.257820 0.070601 -0.026080 -1.549724
    113 0.000000 0.000000 0.000000 0.000000 0.000000 0.000000
    114 0.000000 0.000000 0.000000 0.000000 0.000000 -1.570796
    115 0.000000 0.000000 0.000000 0.000000 0.000000 0.000000
    116 0.000000 0.000000 0.000000 0.000000 0.000000 0.000000
    117 0.000000 0.000000 0.000000 0.000000 0.000000 0.000000
    118 0.000000 0.000000 0.000000 0.000000 0.000000 0.000000
    119 0.000000 0.000000 0.000000 0.000000 0.000000 0.000000
    120 0.000000 0.000000 0.000000 0.000000 0.000000 0.000000
    121 0.000000 0.000000 0.000000 0.000000 0.000000 0.000000
    122 0.000000 0.000000 0.000000 0.000000 0.000000 0.000000
    123 0.000000 0.000000 0.000000 0.000000 0.000000 0.000000
    124 0.000000 0.000000 0.000000 0.000000 0.000000 0.000000
    125 0.000000 0.000000 0.000000 0.000000 0.000000 0.000000
    126 0.000000 0.000000 0.000000 0.000000 0.000000 0.000000
    127 0.000000 0.000000 0.000000 0.000000 0.000000 0.000000
    128 0.000000 0.000000 0.000000 0.000000 0.000000 0.000000
    129 0.000000 0.000000 0.000000 0.000000 0.000000 0.000000
    130 0.000000 0.000000 0.000000 0.000000 0.000000 0.000000
    131 0.000000 0.000000 0.000000 0.000000 0.000000 0.000000
    132 0.000000 0.000000 0.000000 0.000000 0.000000 0.000000
    133 0.000000 0.000000 0.000000 0.000000 0.000000 0.000000
    134 0.000000 0.000000 0.000000 0.000000 0.000000 0.000000
    135 0.000000 0.000000 0.000000 0.000000 0.000000 0.000000
    136 0.000000 0.000000 0.000000 0.000000 0.000000 0.000000
    137 0.000000 0.000000 0.000000 0.000000 0.000000 0.000000
    138 0.000000 0.000000 0.000000 0.000000 0.000000 0.000000
    139 0.000000 0.000000 0.000000 0.000000 0.000000 0.000000
    140 0.000000 0.000000 0.000000 0.000000 0.000000 0.000000
    141 0.000000 0.000000 0.000000 0.000000 0.000000 0.000000
    142 0.000000 0.000000 0.000000 0.000000 0.000000 0.000000
    143 0.000000 0.000000 0.000000 0.000000 0.000000 0.000000
    144 0.000000 0.000000 0.000000 0.000000 0.000000 0.000000
    145 0.000000 0.000000 0.000000 0.000000 0.000000 0.000000
    146 0.000000 0.000000 0.000000 0.000000 0.000000 0.000000
    147 0.000000 0.000000 0.000000 0.000000 0.000000 0.000000
    148 0.000000 0.000000 0.000000 0.000000 0.000000 0.000000
    149 0.000000 0.000000 0.000000 0.000000 0.000000 0.000000
    150 0.000000 0.000000 0.000000 0.000000 0.000000 0.000000
    151 0.000000 0.000000 0.000000 0.000000 0.000000 0.000000
    152 0.000000 0.000000 0.000000 0.000000 0.000000 0.000000
    153 0.000000 0.000000 0.000000 0.000000 0.000000 0.000000
    154 0.000000 0.000000 0.000000 0.000000 0.000000 0.000000
    155 0.000000 0.000000 0.000000 0.000000 0.000000 0.000000
    156 0.000000 0.000000 0.000000 0.000000 0.000000 0.000000
    157 0.000000 0.000000 0.000000 0.000000 0.000000 0.000000
    158 0.000000 0.000000 0.000000 0.000000 0.000000 0.000000
    159 0.000000 0.000000 0.000000 0.000000 0.000000 0.000000
    160 0.000000 0.000000 0.000000 0.000000 0.000000 0.000000
    161 0.000000 0.000000 0.000000 0.000000 0.000000 0.000000
    162 0.000000 0.000000 0.000000 0.000000 0.000000 0.000000
    163 0.000000 0.000000 0.000000 0.000000 0.000000 0.000000
    164 0.000000 0.000000 0.000000 0.000000 0.000000 0.000000
    165 0.000000 0.000000 0.000000 0.000000 0.000000 0.000000
    166 0.000000 0.000000 0.000000 0.000000 0.000000 0.000000
    167 0.000000 0.000000 0.000000 0.000000 0.000000 0.000000
    168 0.000000 0.000000 0.000000 0.000000 0.000000 0.000000
    169 0.000000 0.000000 0.000000 0.000000 0.000000 0.000000
    170 0.000000 0.000000 0.000000 0.000000 0.000000 0.000000
    171 0.000000 0.000000 0.000000 0.000000 0.000000 0.000000
    172 0.000000 0.000000 0.000000 0.000000 0.000000 0.000000
    173 0.000000 0.000000 0.000000 0.000000 0.000000 0.000000
    174 0.000000 0.000000 0.000000 0.000000 0.000000 0.000000
    175 0.000000 0.000000 0.000000 0.000000 0.000000 0.000000
    176 0.000000 0.000000 0.000000 0.000000 0.000000 0.000000
    177 0.000000 0.000000 0.000000 0.000000 0.000000 0.000000
    178 0.000000 0.000000 0.000000 0.000000 0.000000 0.000000
    179 0.000000 0.000000 0.000000 0.000000 0.000000 0.000000
    180 0.000000 0.000000 0.000000 0.000000 0.000000 0.000000
    181 0.000000 0.000000 0.000000 0.000000 0.000000 0.000000
    182 0.000000 0.000000 0.000000 0.000000 0.000000 0.000000
    183 0.000000 0.000000 0.000000 0.000000 0.000000 0.000000
    184 0.000000 0.000000 0.000000 0.000000 0.000000 0.000000
    185 0.000000 0.000000 0.000000 0.000000 0.000000 0.000000
    186 0.000000 0.000000 0.000000 0.000000 0.000000 0.000000
    187 0.000000 0.000000 0.000000 0.000000 0.000000 0.000000
    188 0.000000 0.000000 0.000000 0.000000 0.000000 0.000000
    189 0.000000 0.000000 0.000000 0.000000 0.000000 0.000000
    190 0.000000 0.000000 0.000000 0.000000 0.000000 0.000000
    191 0.000000 0.000000 0.000000 0.034763 0.000000 0.000000
    192 0.000000 0.000000 0.000000 0.000000 0.000000 0.000000
    193 0.000000 0.000000 0.000000 0.000000 0.000000 0.000000
    194 0.000000 0.000000 0.000000 0.000000 0.000000 0.000000
    195 0.000000 0.000000 0.000000 0.000000 0.000000 0.000000
    196 0.000000 0.000000 0.000000 0.000000 0.000000 0.000000
    197 0.000000 0.000000 0.000000 0.000000 0.000000 0.000000
    198 0.000000 0.000000 0.000000 0.000000 0.000000 0.000000
    199 0.000000 0.000000 0.000000 0.000000 0.000000 0.000000
    200 0.000000 0.000000 0.000000 0.000000 0.000000 0.000000
    201 0.000000 0.000000 0.000000 0.000000 0.000000 0.000000
    202 0.000000 0.000000 0.000000 0.000000 0.000000 0.000000
    203 0.000000 0.000000 0.000000 0.000000 0.000000 0.000000
    204 0.000000 0.000000 0.000000 0.000000 0.000000 0.000000
    205 0.000000 0.000000 0.000000 0.000000 0.000000 0.000000
    206 0.000000 0.000000 0.000000 0.000000 0.000000 0.000000
    207 0.000000 0.000000 0.000000 0.000000 0.000000 0.000000
    208 0.000000 0.000000 0.000000 0.000000 0.000000 0.000000
    209 0.000000 0.000000 0.000000 0.000000 0.000000 0.000000
    210 0.000000 0.000000 0.000000 0.000000 0.000000 0.000000
    211 0.000000 0.000000 0.000000 0.000000 0.000000 0.000000
    212 0.000000 0.000000 0.000000 0.000000 0.000000 0.000000
    213 0.000000 0.000000 0.000000 0.000000 0.000000 0.000000
    214 0.000000 0.000000 0.000000 0.000000 0.000000 0.000000
    215 0.000000 0.000000 0.000000 0.000000 0.000000 0.000000
    216 0.000000 0.000000 0.000000 0.000000 0.000000 0.000000
    217 0.000000 0.000000 0.000000 0.000000 0.000000 0.000000
    218 0.000000 0.000000 0.000000 0.000000 0.000000 0.000000
    219 0.000000 0.000000 0.000000 0.000000 0.000000 0.000000
    220 0.000000 0.000000 0.000000 0.000000 0.000000 0.000000
    221 0.000000 0.000000 0.000000 0.000000 0.000000 0.000000
    222 0.000000 0.000000 0.000000 0.000000 0.000000 0.000000
    223 0.000000 0.000000 0.000000 0.000000 0.000000 0.000000
    224 0.000000 0.000000 0.000000 0.000000 0.000000 0.000000
    225 0.000000 0.000000 0.000000 0.000000 0.000000 0.000000
    226 0.000000 0.000000 0.000000 0.000000 0.000000 0.000000
    227 0.500015 0.683615 0.011719 0.070601 -0.026077 0.021072
    228 0.000000 0.000000 0.000000 0.000000 0.000000 0.000000
    229 0.000000 0.000000 0.000000 0.000000 0.000000 0.000000
    230 0.000000 0.000000 0.000000 0.000875 0.000000 0.000000
    231 0.000000 0.000000 0.000000 0.000000 0.000000 0.000000
    232 0.000000 0.000000 0.000000 0.000000 0.000000 0.000000
    233 0.000000 0.000000 0.000000 0.000000 0.000000 0.000000
    234 0.914090 -0.550798 0.113285 0.070591 -0.026068 -1.549723
    235 0.000000 0.000000 0.000000 0.000000 0.000000 0.000000
    236 0.000000 0.000000 0.000000 0.000000 0.000000 0.000000
    237 0.000000 0.000000 0.000000 0.000000 0.000000 0.000000
    238 0.000000 0.000000 0.000000 0.000000 0.000000 0.000000
    239 0.000000 0.000000 0.000000 0.000000 0.000000 0.000000
    240 0.000000 0.000000 0.000000 0.000000 0.000000 0.000000
    241 0.000000 0.000000 0.000000 0.000000 0.000000 0.000000
    242 0.000000 0.000000 0.000000 0.000000 0.000000 0.000000
    243 0.000000 0.000000 0.000000 0.000000 0.000000 0.000000
    244 0.000000 0.000000 0.000000 0.000000 0.000000 0.000000
    245 0.000000 0.000000 0.000000 0.000000 0.000000 0.000000
    246 0.000000 0.000000 0.000000 0.000000 0.000000 -1.570796
  time 14
    0 0.000000 0.000000 0.000000 0.000000 0.000000 -1.570796
    1 0.000000 0.000000 0.000000 0.000000 0.000000 0.000000
    2 0.000000 0.000000 0.000000 0.000000 0.000000 0.000000
    3 0.000000 0.000000 0.000000 0.000000 0.000000 0.000000
    4 0.000000 0.000000 0.000000 0.000000 0.000000 0.000000
    5 0.000000 0.000000 0.000000 0.000000 0.000000 0.000000
    6 0.000000 0.000000 0.000000 0.000000 0.000000 0.000000
    7 0.000000 0.000000 0.000000 0.000000 0.000000 0.000000
    8 -0.074221 -0.660176 -0.671896 -0.013987 -0.099688 -0.038693
    9 0.000000 0.000000 0.000000 -0.105151 0.037517 0.077342
    10 0.000000 0.000000 0.000000 0.000000 0.000000 0.000000
    11 0.000000 0.000000 0.000000 0.000000 0.000000 0.000000
    12 0.000000 0.000000 0.000000 0.000000 0.000000 0.000000
    13 0.000000 0.000000 0.000000 0.054413 0.000000 0.000000
    14 0.000000 0.000000 0.000000 -0.000024 0.000000 -0.026850
    15 0.000000 0.000000 0.000000 0.000000 0.000000 0.000000
    16 0.000000 0.000000 0.000000 0.000000 0.000000 0.000000
    17 0.000000 0.000000 0.000000 0.000000 0.000000 0.000000
    18 0.000000 0.000000 0.000000 0.000000 0.000000 0.000000
    19 0.000000 0.000000 0.000000 0.076038 0.000000 0.000000
    20 0.019532 0.007813 0.000000 -0.000024 0.000000 0.013427
    21 0.000000 0.000000 0.000000 0.117816 0.089502 -0.021367
    22 0.000000 0.000000 0.000000 0.000000 0.000000 0.000000
    23 0.000000 0.000000 0.000000 0.000000 0.000000 0.000000
    24 0.000000 0.000000 0.000000 0.000000 0.000000 0.000000
    25 0.000000 0.000000 0.000000 0.000000 0.000000 0.000000
    26 0.000000 0.000000 0.000000 0.000000 0.000000 0.000000
    27 0.000000 0.000000 0.000000 0.000000 0.000000 0.000000
    28 0.000000 0.000000 0.000000 0.000000 0.000000 0.000000
    29 0.000000 0.000000 0.000000 0.000000 0.000000 0.000000
    30 0.000000 0.000000 0.000000 0.000000 0.000000 0.000000
    31 0.000000 0.000000 0.000000 0.000000 0.000000 0.000000
    32 0.000000 0.000000 0.000000 0.000000 0.000000 0.000000
    33 0.000000 0.000000 0.000000 0.000000 0.000000 0.000000
    34 0.000000 0.000000 0.000000 0.000000 0.000000 0.000000
    35 0.000000 0.000000 0.000000 0.000000 0.000000 0.000000
    36 0.000000 0.000000 0.000000 0.000000 0.000000 0.000000
    37 0.000000 0.000000 0.000000 0.000000 0.000000 0.000000
    38 0.000000 0.000000 0.000000 0.000000 0.000000 0.000000
    39 0.000000 0.000000 0.000000 0.000000 0.000000 0.000000
    40 0.000000 0.000000 0.000000 0.000000 0.000000 0.000000
    41 0.000000 0.000000 0.000000 0.000000 0.000000 0.000000
    42 0.000000 0.000000 0.000000 0.000000 0.000000 0.000000
    43 0.000000 0.000000 0.000000 0.000000 0.000000 0.000000
    44 0.000000 0.000000 0.000000 0.000000 0.000000 0.000000
    45 0.000000 0.000000 0.000000 0.000000 0.000000 0.000000
    46 0.000000 0.000000 0.000000 0.000000 0.000000 0.000000
    47 0.000000 0.000000 0.000000 0.000000 0.000000 0.000000
    48 0.000000 0.000000 0.000000 0.000000 0.000000 0.000000
    49 0.000000 0.000000 0.000000 0.000000 0.000000 0.000000
    50 0.000000 0.000000 0.000000 0.000000 0.000000 0.000000
    51 0.000000 0.000000 0.000000 0.000000 0.000000 0.000000
    52 0.000000 0.000000 0.000000 0.000000 0.000000 0.000000
    53 0.000000 0.000000 0.000000 0.000000 0.000000 0.000000
    54 0.000000 0.000000 0.000000 0.000000 0.000000 0.000000
    55 0.000000 0.000000 0.000000 0.000000 0.000000 0.000000
    56 0.000000 0.000000 0.000000 0.000000 0.000000 0.000000
    57 0.000000 0.000000 0.000000 0.000000 0.000000 0.000000
    58 0.000000 0.000000 0.000000 0.000000 0.000000 0.000000
    59 0.000000 0.000000 0.000000 0.000000 0.000000 0.000000
    60 0.000000 0.000000 0.000000 0.000000 0.000000 0.000000
    61 0.000000 0.000000 0.000000 0.000000 0.000000 0.000000
    62 0.000000 0.000000 0.000000 0.000000 0.000000 0.000000
    63 0.000000 0.000000 0.000000 0.000000 0.000000 0.000000
    64 0.000000 0.000000 0.000000 0.000000 0.000000 0.000000
    65 0.000000 0.000000 0.000000 0.000000 0.000000 0.000000
    66 0.000000 0.000000 0.000000 0.000000 0.000000 0.000000
    67 0.000000 0.000000 0.000000 0.000000 0.000000 0.000000
    68 0.000000 0.000000 0.000000 0.000000 0.000000 0.000000
    69 0.000000 0.000000 0.000000 0.000000 0.000000 0.000000
    70 0.000000 0.000000 0.000000 0.000000 0.000000 0.000000
    71 0.000000 0.000000 0.000000 0.000000 0.000000 0.000000
    72 0.000000 0.000000 0.000000 0.000000 0.000000 0.000000
    73 0.000000 0.000000 0.000000 0.000000 0.000000 0.000000
    74 0.000000 0.000000 0.000000 0.000000 0.000000 0.000000
    75 0.000000 0.000000 0.000000 0.000000 0.000000 0.000000
    76 0.000000 0.000000 0.000000 0.000000 0.000000 0.000000
    77 0.000000 0.000000 0.000000 0.000000 0.000000 0.000000
    78 0.000000 0.000000 0.000000 0.000000 0.000000 0.000000
    79 0.000000 0.000000 0.000000 0.000000 0.000000 0.000000
    80 0.000000 0.000000 0.000000 0.000000 0.000000 0.000000
    81 0.000000 0.000000 0.000000 0.000000 0.000000 0.000000
    82 0.000000 0.000000 0.000000 0.000000 0.000000 0.000000
    83 0.000000 0.000000 0.000000 0.000000 0.000000 0.000000
    84 0.000000 0.000000 0.000000 0.000000 0.000000 0.000000
    85 0.000000 0.000000 0.000000 0.000000 0.000000 0.000000
    86 0.000000 0.000000 0.000000 0.000000 0.000000 0.000000
    87 0.000000 0.000000 0.000000 0.000000 0.000000 0.000000
    88 0.000000 0.000000 0.000000 0.000000 0.000000 0.000000
    89 0.000000 0.000000 0.000000 0.000000 0.000000 0.000000
    90 0.000000 0.000000 0.000000 0.000000 0.000000 0.000000
    91 0.000000 0.000000 0.000000 0.000000 0.000000 0.000000
    92 0.000000 0.000000 0.000000 0.000000 0.000000 0.000000
    93 0.000000 0.000000 0.000000 0.000000 0.000000 0.000000
    94 0.000000 0.000000 0.000000 0.000000 0.000000 0.000000
    95 0.000000 0.000000 0.000000 0.000000 0.000000 0.000000
    96 0.000000 0.000000 0.000000 0.000000 0.000000 0.000000
    97 0.000000 0.000000 0.000000 0.000000 0.000000 0.000000
    98 0.000000 0.000000 0.000000 0.000000 0.000000 0.000000
    99 0.000000 0.000000 0.000000 0.000000 0.000000 0.000000
    100 0.000000 0.000000 0.000000 0.000000 0.000000 0.000000
    101 0.000000 0.000000 0.000000 0.000000 0.000000 0.000000
    102 0.000000 0.000000 0.000000 0.000000 0.000000 0.000000
    103 0.000000 0.000000 0.000000 0.000000 0.000000 0.000000
    104 0.000000 0.000000 0.000000 0.000000 0.000000 0.000000
    105 0.000000 0.000000 0.000000 0.000000 0.000000 0.000000
    106 0.000000 0.000000 0.000000 0.000000 0.000000 0.000000
    107 0.000000 0.000000 0.000000 0.000000 0.000000 0.000000
    108 0.000000 0.000000 0.000000 0.000000 0.000000 0.000000
    109 0.000000 0.000000 0.000000 0.000000 0.000000 0.000000
    110 0.000000 0.000000 0.000000 0.000000 0.000000 0.000000
    111 0.000000 0.000000 0.000000 0.000000 0.000000 -1.570796
    112 0.488296 -0.281259 -0.515641 0.097076 -0.028435 -1.534060
    113 0.000000 0.000000 0.000000 0.000000 0.000000 0.000000
    114 0.000000 0.000000 0.000000 0.000000 0.000000 -1.570796
    115 0.000000 0.000000 0.000000 0.000000 0.000000 0.000000
    116 0.000000 0.000000 0.000000 0.000000 0.000000 0.000000
    117 0.000000 0.000000 0.000000 0.000000 0.000000 0.000000
    118 0.000000 0.000000 0.000000 0.000000 0.000000 0.000000
    119 0.000000 0.000000 0.000000 0.000000 0.000000 0.000000
    120 0.000000 0.000000 0.000000 0.000000 0.000000 0.000000
    121 0.000000 0.000000 0.000000 0.000000 0.000000 0.000000
    122 0.000000 0.000000 0.000000 0.000000 0.000000 0.000000
    123 0.000000 0.000000 0.000000 0.000000 0.000000 0.000000
    124 0.000000 0.000000 0.000000 0.000000 0.000000 0.000000
    125 0.000000 0.000000 0.000000 0.000000 0.000000 0.000000
    126 0.000000 0.000000 0.000000 0.000000 0.000000 0.000000
    127 0.000000 0.000000 0.000000 0.000000 0.000000 0.000000
    128 0.000000 0.000000 0.000000 0.000000 0.000000 0.000000
    129 0.000000 0.000000 0.000000 0.000000 0.000000 0.000000
    130 0.000000 0.000000 0.000000 0.000000 0.000000 0.000000
    131 0.000000 0.000000 0.000000 0.000000 0.000000 0.000000
    132 0.000000 0.000000 0.000000 0.000000 0.000000 0.000000
    133 0.000000 0.000000 0.000000 0.000000 0.000000 0.000000
    134 0.000000 0.000000 0.000000 0.000000 0.000000 0.000000
    135 0.000000 0.000000 0.000000 0.000000 0.000000 0.000000
    136 0.000000 0.000000 0.000000 0.000000 0.000000 0.000000
    137 0.000000 0.000000 0.000000 0.000000 0.000000 0.000000
    138 0.000000 0.000000 0.000000 0.000000 0.000000 0.000000
    139 0.000000 0.000000 0.000000 0.000000 0.000000 0.000000
    140 0.000000 0.000000 0.000000 0.000000 0.000000 0.000000
    141 0.000000 0.000000 0.000000 0.000000 0.000000 0.000000
    142 0.000000 0.000000 0.000000 0.000000 0.000000 0.000000
    143 0.000000 0.000000 0.000000 0.000000 0.000000 0.000000
    144 0.000000 0.000000 0.000000 0.000000 0.000000 0.000000
    145 0.000000 0.000000 0.000000 0.000000 0.000000 0.000000
    146 0.000000 0.000000 0.000000 0.000000 0.000000 0.000000
    147 0.000000 0.000000 0.000000 0.000000 0.000000 0.000000
    148 0.000000 0.000000 0.000000 0.000000 0.000000 0.000000
    149 0.000000 0.000000 0.000000 0.000000 0.000000 0.000000
    150 0.000000 0.000000 0.000000 0.000000 0.000000 0.000000
    151 0.000000 0.000000 0.000000 0.000000 0.000000 0.000000
    152 0.000000 0.000000 0.000000 0.000000 0.000000 0.000000
    153 0.000000 0.000000 0.000000 0.000000 0.000000 0.000000
    154 0.000000 0.000000 0.000000 0.000000 0.000000 0.000000
    155 0.000000 0.000000 0.000000 0.000000 0.000000 0.000000
    156 0.000000 0.000000 0.000000 0.000000 0.000000 0.000000
    157 0.000000 0.000000 0.000000 0.000000 0.000000 0.000000
    158 0.000000 0.000000 0.000000 0.000000 0.000000 0.000000
    159 0.000000 0.000000 0.000000 0.000000 0.000000 0.000000
    160 0.000000 0.000000 0.000000 0.000000 0.000000 0.000000
    161 0.000000 0.000000 0.000000 0.000000 0.000000 0.000000
    162 0.000000 0.000000 0.000000 0.000000 0.000000 0.000000
    163 0.000000 0.000000 0.000000 0.000000 0.000000 0.000000
    164 0.000000 0.000000 0.000000 0.000000 0.000000 0.000000
    165 0.000000 0.000000 0.000000 0.000000 0.000000 0.000000
    166 0.000000 0.000000 0.000000 0.000000 0.000000 0.000000
    167 0.000000 0.000000 0.000000 0.000000 0.000000 0.000000
    168 0.000000 0.000000 0.000000 0.000000 0.000000 0.000000
    169 0.000000 0.000000 0.000000 0.000000 0.000000 0.000000
    170 0.000000 0.000000 0.000000 0.000000 0.000000 0.000000
    171 0.000000 0.000000 0.000000 0.000000 0.000000 0.000000
    172 0.000000 0.000000 0.000000 0.000000 0.000000 0.000000
    173 0.000000 0.000000 0.000000 0.000000 0.000000 0.000000
    174 0.000000 0.000000 0.000000 0.000000 0.000000 0.000000
    175 0.000000 0.000000 0.000000 0.000000 0.000000 0.000000
    176 0.000000 0.000000 0.000000 0.000000 0.000000 0.000000
    177 0.000000 0.000000 0.000000 0.000000 0.000000 0.000000
    178 0.000000 0.000000 0.000000 0.000000 0.000000 0.000000
    179 0.000000 0.000000 0.000000 0.000000 0.000000 0.000000
    180 0.000000 0.000000 0.000000 0.000000 0.000000 0.000000
    181 0.000000 0.000000 0.000000 0.000000 0.000000 0.000000
    182 0.000000 0.000000 0.000000 0.000000 0.000000 0.000000
    183 0.000000 0.000000 0.000000 0.000000 0.000000 0.000000
    184 0.000000 0.000000 0.000000 0.000000 0.000000 0.000000
    185 0.000000 0.000000 0.000000 0.000000 0.000000 0.000000
    186 0.000000 0.000000 0.000000 0.000000 0.000000 0.000000
    187 0.000000 0.000000 0.000000 0.000000 0.000000 0.000000
    188 0.000000 0.000000 0.000000 0.000000 0.000000 0.000000
    189 0.000000 0.000000 0.000000 0.000000 0.000000 0.000000
    190 0.000000 0.000000 0.000000 0.000000 0.000000 0.000000
    191 0.000000 0.000000 0.000000 0.037941 0.000000 0.000000
    192 0.000000 0.000000 0.000000 0.000000 0.000000 0.000000
    193 0.000000 0.000000 0.000000 0.000000 0.000000 0.000000
    194 0.000000 0.000000 0.000000 0.000000 0.000000 0.000000
    195 0.000000 0.000000 0.000000 0.000000 0.000000 0.000000
    196 0.000000 0.000000 0.000000 0.000000 0.000000 0.000000
    197 0.000000 0.000000 0.000000 0.000000 0.000000 0.000000
    198 0.000000 0.000000 0.000000 0.000000 0.000000 0.000000
    199 0.000000 0.000000 0.000000 0.000000 0.000000 0.000000
    200 0.000000 0.000000 0.000000 0.000000 0.000000 0.000000
    201 0.000000 0.000000 0.000000 0.000000 0.000000 0.000000
    202 0.000000 0.000000 0.000000 0.000000 0.000000 0.000000
    203 0.000000 0.000000 0.000000 0.000000 0.000000 0.000000
    204 0.000000 0.000000 0.000000 0.000000 0.000000 0.000000
    205 0.000000 0.000000 0.000000 0.000000 0.000000 0.000000
    206 0.000000 0.000000 0.000000 0.000000 0.000000 0.000000
    207 0.000000 0.000000 0.000000 0.000000 0.000000 0.000000
    208 0.000000 0.000000 0.000000 0.000000 0.000000 0.000000
    209 0.000000 0.000000 0.000000 0.000000 0.000000 0.000000
    210 0.000000 0.000000 0.000000 0.000000 0.000000 0.000000
    211 0.000000 0.000000 0.000000 0.000000 0.000000 0.000000
    212 0.000000 0.000000 0.000000 0.000000 0.000000 0.000000
    213 0.000000 0.000000 0.000000 0.000000 0.000000 0.000000
    214 0.000000 0.000000 0.000000 0.000000 0.000000 0.000000
    215 0.000000 0.000000 0.000000 0.000000 0.000000 0.000000
    216 0.000000 0.000000 0.000000 0.000000 0.000000 0.000000
    217 0.000000 0.000000 0.000000 0.000000 0.000000 0.000000
    218 0.000000 0.000000 0.000000 0.000000 0.000000 0.000000
    219 0.000000 0.000000 0.000000 0.000000 0.000000 0.000000
    220 0.000000 0.000000 0.000000 0.000000 0.000000 0.000000
    221 0.000000 0.000000 0.000000 0.000000 0.000000 0.000000
    222 0.000000 0.000000 0.000000 0.000000 0.000000 0.000000
    223 0.000000 0.000000 0.000000 0.000000 0.000000 0.000000
    224 0.000000 0.000000 0.000000 0.000000 0.000000 0.000000
    225 0.000000 0.000000 0.000000 0.000000 0.000000 0.000000
    226 0.000000 0.000000 0.000000 0.000000 0.000000 0.000000
    227 0.281259 0.910184 -0.218757 0.097076 -0.028431 0.036736
    228 0.000000 0.000000 0.000000 0.000000 0.000000 0.000000
    229 0.000000 0.000000 0.000000 0.000000 0.000000 0.000000
    230 0.000000 0.000000 0.000000 0.000348 0.000000 0.000000
    231 0.000000 0.000000 0.000000 0.000000 0.000000 0.000000
    232 0.000000 0.000000 0.000000 0.000000 0.000000 0.000000
    233 0.000000 0.000000 0.000000 0.000000 0.000000 0.000000
    234 1.257851 -0.328135 -0.101566 0.097063 -0.028431 -1.534110
    235 0.000000 0.000000 0.000000 0.000000 0.000000 0.000000
    236 0.000000 0.000000 0.000000 0.000000 0.000000 0.000000
    237 0.000000 0.000000 0.000000 0.000000 0.000000 0.000000
    238 0.000000 0.000000 0.000000 0.000000 0.000000 0.000000
    239 0.000000 0.000000 0.000000 0.000000 0.000000 0.000000
    240 0.000000 0.000000 0.000000 0.000000 0.000000 0.000000
    241 0.000000 0.000000 0.000000 0.000000 0.000000 0.000000
    242 0.000000 0.000000 0.000000 0.000000 0.000000 0.000000
    243 0.000000 0.000000 0.000000 0.000000 0.000000 0.000000
    244 0.000000 0.000000 0.000000 0.000000 0.000000 0.000000
    245 0.000000 0.000000 0.000000 0.000000 0.000000 0.000000
    246 0.000000 0.000000 0.000000 0.000000 0.000000 -1.570796
  time 15
    0 0.000000 0.000000 0.000000 0.000000 0.000000 -1.570796
    1 0.000000 0.000000 0.000000 0.000000 0.000000 0.000000
    2 0.000000 0.000000 0.000000 0.000000 0.000000 0.000000
    3 0.000000 0.000000 0.000000 0.000000 0.000000 0.000000
    4 0.000000 0.000000 0.000000 0.000000 0.000000 0.000000
    5 0.000000 0.000000 0.000000 0.000000 0.000000 0.000000
    6 0.000000 0.000000 0.000000 0.000000 0.000000 0.000000
    7 0.000000 0.000000 0.000000 0.000000 0.000000 0.000000
    8 -0.398450 -0.664083 -0.734397 -0.000756 -0.098816 -0.065702
    9 0.000000 0.000000 0.000000 -0.083739 0.032572 0.105584
    10 0.000000 0.000000 0.000000 0.000000 0.000000 0.000000
    11 0.000000 0.000000 0.000000 0.000000 0.000000 0.000000
    12 0.000000 0.000000 0.000000 0.000000 0.000000 0.000000
    13 0.000000 0.000000 0.000000 0.032393 0.000000 0.000000
    14 0.000000 0.000000 0.000000 0.000000 0.000000 -0.048023
    15 0.000000 0.000000 0.000000 0.000000 0.000000 0.000000
    16 0.000000 0.000000 0.000000 0.000000 0.000000 0.000000
    17 0.000000 0.000000 0.000000 0.000000 0.000000 0.000000
    18 0.000000 0.000000 0.000000 0.000000 0.000000 0.000000
    19 0.000000 0.000000 0.000000 0.066313 0.000000 0.000000
    20 0.050783 0.015625 0.000000 -0.000060 0.000000 0.023983
    21 0.000000 0.000000 0.000000 0.100794 0.044711 -0.024263
    22 0.000000 0.000000 0.000000 0.000000 0.000000 0.000000
    23 0.000000 0.000000 0.000000 0.000000 0.000000 0.000000
    24 0.000000 0.000000 0.000000 0.000000 0.000000 0.000000
    25 0.000000 0.000000 0.000000 0.000000 0.000000 0.000000
    26 0.000000 0.000000 0.000000 0.000000 0.000000 0.000000
    27 0.000000 0.000000 0.000000 0.000000 0.000000 0.000000
    28 0.000000 0.000000 0.000000 0.000000 0.000000 0.000000
    29 0.000000 0.000000 0.000000 0.000000 0.000000 0.000000
    30 0.000000 0.000000 0.000000 0.000000 0.000000 0.000000
    31 0.000000 0.000000 0.000000 0.000000 0.000000 0.000000
    32 0.000000 0.000000 0.000000 0.000000 0.000000 0.000000
    33 0.000000 0.000000 0.000000 0.000000 0.000000 0.000000
    34 0.000000 0.000000 0.000000 0.000000 0.000000 0.000000
    35 0.000000 0.000000 0.000000 0.000000 0.000000 0.000000
    36 0.000000 0.000000 0.000000 0.000000 0.000000 0.000000
    37 0.000000 0.000000 0.000000 0.000000 0.000000 0.000000
    38 0.000000 0.000000 0.000000 0.000000 0.000000 0.000000
    39 0.000000 0.000000 0.000000 0.000000 0.000000 0.000000
    40 0.000000 0.000000 0.000000 0.000000 0.000000 0.000000
    41 0.000000 0.000000 0.000000 0.000000 0.000000 0.000000
    42 0.000000 0.000000 0.000000 0.000000 0.000000 0.000000
    43 0.000000 0.000000 0.000000 0.000000 0.000000 0.000000
    44 0.000000 0.000000 0.000000 0.000000 0.000000 0.000000
    45 0.000000 0.000000 0.000000 0.000000 0.000000 0.000000
    46 0.000000 0.000000 0.000000 0.000000 0.000000 0.000000
    47 0.000000 0.000000 0.000000 0.000000 0.000000 0.000000
    48 0.000000 0.000000 0.000000 0.000000 0.000000 0.000000
    49 0.000000 0.000000 0.000000 0.000000 0.000000 0.000000
    50 0.000000 0.000000 0.000000 0.000000 0.000000 0.000000
    51 0.000000 0.000000 0.000000 0.000000 0.000000 0.000000
    52 0.000000 0.000000 0.000000 0.000000 0.000000 0.000000
    53 0.000000 0.000000 0.000000 0.000000 0.000000 0.000000
    54 0.000000 0.000000 0.000000 0.000000 0.000000 0.000000
    55 0.000000 0.000000 0.000000 0.000000 0.000000 0.000000
    56 0.000000 0.000000 0.000000 0.000000 0.000000 0.000000
    57 0.000000 0.000000 0.000000 0.000000 0.000000 0.000000
    58 0.000000 0.000000 0.000000 0.000000 0.000000 0.000000
    59 0.000000 0.000000 0.000000 0.000000 0.000000 0.000000
    60 0.000000 0.000000 0.000000 0.000000 0.000000 0.000000
    61 0.000000 0.000000 0.000000 0.000000 0.000000 0.000000
    62 0.000000 0.000000 0.000000 0.000000 0.000000 0.000000
    63 0.000000 0.000000 0.000000 0.000000 0.000000 0.000000
    64 0.000000 0.000000 0.000000 0.000000 0.000000 0.000000
    65 0.000000 0.000000 0.000000 0.000000 0.000000 0.000000
    66 0.000000 0.000000 0.000000 0.000000 0.000000 0.000000
    67 0.000000 0.000000 0.000000 0.000000 0.000000 0.000000
    68 0.000000 0.000000 0.000000 0.000000 0.000000 0.000000
    69 0.000000 0.000000 0.000000 0.000000 0.000000 0.000000
    70 0.000000 0.000000 0.000000 0.000000 0.000000 0.000000
    71 0.000000 0.000000 0.000000 0.000000 0.000000 0.000000
    72 0.000000 0.000000 0.000000 0.000000 0.000000 0.000000
    73 0.000000 0.000000 0.000000 0.000000 0.000000 0.000000
    74 0.000000 0.000000 0.000000 0.000000 0.000000 0.000000
    75 0.000000 0.000000 0.000000 0.000000 0.000000 0.000000
    76 0.000000 0.000000 0.000000 0.000000 0.000000 0.000000
    77 0.000000 0.000000 0.000000 0.000000 0.000000 0.000000
    78 0.000000 0.000000 0.000000 0.000000 0.000000 0.000000
    79 0.000000 0.000000 0.000000 0.000000 0.000000 0.000000
    80 0.000000 0.000000 0.000000 0.000000 0.000000 0.000000
    81 0.000000 0.000000 0.000000 0.000000 0.000000 0.000000
    82 0.000000 0.000000 0.000000 0.000000 0.000000 0.000000
    83 0.000000 0.000000 0.000000 0.000000 0.000000 0.000000
    84 0.000000 0.000000 0.000000 0.000000 0.000000 0.000000
    85 0.000000 0.000000 0.000000 0.000000 0.000000 0.000000
    86 0.000000 0.000000 0.000000 0.000000 0.000000 0.000000
    87 0.000000 0.000000 0.000000 0.000000 0.000000 0.000000
    88 0.000000 0.000000 0.000000 0.000000 0.000000 0.000000
    89 0.000000 0.000000 0.000000 0.000000 0.000000 0.000000
    90 0.000000 0.000000 0.000000 0.000000 0.000000 0.000000
    91 0.000000 0.000000 0.000000 0.000000 0.000000 0.000000
    92 0.000000 0.000000 0.000000 0.000000 0.000000 0.000000
    93 0.000000 0.000000 0.000000 0.000000 0.000000 0.000000
    94 0.000000 0.000000 0.000000 0.000000 0.000000 0.000000
    95 0.000000 0.000000 0.000000 0.000000 0.000000 0.000000
    96 0.000000 0.000000 0.000000 0.000000 0.000000 0.000000
    97 0.000000 0.000000 0.000000 0.000000 0.000000 0.000000
    98 0.000000 0.000000 0.000000 0.000000 0.000000 0.000000
    99 0.000000 0.000000 0.000000 0.000000 0.000000 0.000000
    100 0.000000 0.000000 0.000000 0.000000 0.000000 0.000000
    101 0.000000 0.000000 0.000000 0.000000 0.000000 0.000000
    102 0.000000 0.000000 0.000000 0.000000 0.000000 0.000000
    103 0.000000 0.000000 0.000000 0.000000 0.000000 0.000000
    104 0.000000 0.000000 0.000000 0.000000 0.000000 0.000000
    105 0.000000 0.000000 0.000000 0.000000 0.000000 0.000000
    106 0.000000 0.000000 0.000000 0.000000 0.000000 0.000000
    107 0.000000 0.000000 0.000000 0.000000 0.000000 0.000000
    108 0.000000 0.000000 0.000000 0.000000 0.000000 0.000000
    109 0.000000 0.000000 0.000000 0.000000 0.000000 0.000000
    110 0.000000 0.000000 0.000000 0.000000 0.000000 0.000000
    111 0.000000 0.000000 0.000000 0.000000 0.000000 -1.570796
    112 0.484390 0.031251 -0.660176 0.093844 -0.028657 -1.505343
    113 0.000000 0.000000 0.000000 0.000000 0.000000 0.000000
    114 0.000000 0.000000 0.000000 0.000000 0.000000 -1.570796
    115 0.000000 0.000000 0.000000 0.000000 0.000000 0.000000
    116 0.000000 0.000000 0.000000 0.000000 0.000000 0.000000
    117 0.000000 0.000000 0.000000 0.000000 0.000000 0.000000
    118 0.000000 0.000000 0.000000 0.000000 0.000000 0.000000
    119 0.000000 0.000000 0.000000 0.000000 0.000000 0.000000
    120 0.000000 0.000000 0.000000 0.000000 0.000000 0.000000
    121 0.000000 0.000000 0.000000 0.000000 0.000000 0.000000
    122 0.000000 0.000000 0.000000 0.000000 0.000000 0.000000
    123 0.000000 0.000000 0.000000 0.000000 0.000000 0.000000
    124 0.000000 0.000000 0.000000 0.000000 0.000000 0.000000
    125 0.000000 0.000000 0.000000 0.000000 0.000000 0.000000
    126 0.000000 0.000000 0.000000 0.000000 0.000000 0.000000
    127 0.000000 0.000000 0.000000 0.000000 0.000000 0.000000
    128 0.000000 0.000000 0.000000 0.000000 0.000000 0.000000
    129 0.000000 0.000000 0.000000 0.000000 0.000000 0.000000
    130 0.000000 0.000000 0.000000 0.000000 0.000000 0.000000
    131 0.000000 0.000000 0.000000 0.000000 0.000000 0.000000
    132 0.000000 0.000000 0.000000 0.000000 0.000000 0.000000
    133 0.000000 0.000000 0.000000 0.000000 0.000000 0.000000
    134 0.000000 0.000000 0.000000 0.000000 0.000000 0.000000
    135 0.000000 0.000000 0.000000 0.000000 0.000000 0.000000
    136 0.000000 0.000000 0.000000 0.000000 0.000000 0.000000
    137 0.000000 0.000000 0.000000 0.000000 0.000000 0.000000
    138 0.000000 0.000000 0.000000 0.000000 0.000000 0.000000
    139 0.000000 0.000000 0.000000 0.000000 0.000000 0.000000
    140 0.000000 0.000000 0.000000 0.000000 0.000000 0.000000
    141 0.000000 0.000000 0.000000 0.000000 0.000000 0.000000
    142 0.000000 0.000000 0.000000 0.000000 0.000000 0.000000
    143 0.000000 0.000000 0.000000 0.000000 0.000000 0.000000
    144 0.000000 0.000000 0.000000 0.000000 0.000000 0.000000
    145 0.000000 0.000000 0.000000 0.000000 0.000000 0.000000
    146 0.000000 0.000000 0.000000 0.000000 0.000000 0.000000
    147 0.000000 0.000000 0.000000 0.000000 0.000000 0.000000
    148 0.000000 0.000000 0.000000 0.000000 0.000000 0.000000
    149 0.000000 0.000000 0.000000 0.000000 0.000000 0.000000
    150 0.000000 0.000000 0.000000 0.000000 0.000000 0.000000
    151 0.000000 0.000000 0.000000 0.000000 0.000000 0.000000
    152 0.000000 0.000000 0.000000 0.000000 0.000000 0.000000
    153 0.000000 0.000000 0.000000 0.000000 0.000000 0.000000
    154 0.000000 0.000000 0.000000 0.000000 0.000000 0.000000
    155 0.000000 0.000000 0.000000 0.000000 0.000000 0.000000
    156 0.000000 0.000000 0.000000 0.000000 0.000000 0.000000
    157 0.000000 0.000000 0.000000 0.000000 0.000000 0.000000
    158 0.000000 0.000000 0.000000 0.000000 0.000000 0.000000
    159 0.000000 0.000000 0.000000 0.000000 0.000000 0.000000
    160 0.000000 0.000000 0.000000 0.000000 0.000000 0.000000
    161 0.000000 0.000000 0.000000 0.000000 0.000000 0.000000
    162 0.000000 0.000000 0.000000 0.000000 0.000000 0.000000
    163 0.000000 0.000000 0.000000 0.000000 0.000000 0.000000
    164 0.000000 0.000000 0.000000 0.000000 0.000000 0.000000
    165 0.000000 0.000000 0.000000 0.000000 0.000000 0.000000
    166 0.000000 0.000000 0.000000 0.000000 0.000000 0.000000
    167 0.000000 0.000000 0.000000 0.000000 0.000000 0.000000
    168 0.000000 0.000000 0.000000 0.000000 0.000000 0.000000
    169 0.000000 0.000000 0.000000 0.000000 0.000000 0.000000
    170 0.000000 0.000000 0.000000 0.000000 0.000000 0.000000
    171 0.000000 0.000000 0.000000 0.000000 0.000000 0.000000
    172 0.000000 0.000000 0.000000 0.000000 0.000000 0.000000
    173 0.000000 0.000000 0.000000 0.000000 0.000000 0.000000
    174 0.000000 0.000000 0.000000 0.000000 0.000000 0.000000
    175 0.000000 0.000000 0.000000 0.000000 0.000000 0.000000
    176 0.000000 0.000000 0.000000 0.000000 0.000000 0.000000
    177 0.000000 0.000000 0.000000 0.000000 0.000000 0.000000
    178 0.000000 0.000000 0.000000 0.000000 0.000000 0.000000
    179 0.000000 0.000000 0.000000 0.000000 0.000000 0.000000
    180 0.000000 0.000000 0.000000 0.000000 0.000000 0.000000
    181 0.000000 0.000000 0.000000 0.000000 0.000000 0.000000
    182 0.000000 0.000000 0.000000 0.000000 0.000000 0.000000
    183 0.000000 0.000000 0.000000 0.000000 0.000000 0.000000
    184 0.000000 0.000000 0.000000 0.000000 0.000000 0.000000
    185 0.000000 0.000000 0.000000 0.000000 0.000000 0.000000
    186 0.000000 0.000000 0.000000 0.000000 0.000000 0.000000
    187 0.000000 0.000000 0.000000 0.000000 0.000000 0.000000
    188 0.000000 0.000000 0.000000 0.000000 0.000000 0.000000
    189 0.000000 0.000000 0.000000 0.000000 0.000000 0.000000
    190 0.000000 0.000000 0.000000 0.000000 0.000000 0.000000
    191 0.000000 0.000000 0.000000 0.033123 0.000000 0.000000
    192 0.000000 0.000000 0.000000 0.000000 0.000000 0.000000
    193 0.000000 0.000000 0.000000 0.000000 0.000000 0.000000
    194 0.000000 0.000000 0.000000 0.000000 0.000000 0.000000
    195 0.000000 0.000000 0.000000 0.000000 0.000000 0.000000
    196 0.000000 0.000000 0.000000 0.000000 0.000000 0.000000
    197 0.000000 0.000000 0.000000 0.000000 0.000000 0.000000
    198 0.000000 0.000000 0.000000 0.000000 0.000000 0.000000
    199 0.000000 0.000000 0.000000 0.000000 0.000000 0.000000
    200 0.000000 0.000000 0.000000 0.000000 0.000000 0.000000
    201 0.000000 0.000000 0.000000 0.000000 0.000000 0.000000
    202 0.000000 0.000000 0.000000 0.000000 0.000000 0.000000
    203 0.000000 0.000000 0.000000 0.000000 0.000000 0.000000
    204 0.000000 0.000000 0.000000 0.000000 0.000000 0.000000
    205 0.000000 0.000000 0.000000 0.000000 0.000000 0.000000
    206 0.000000 0.000000 0.000000 0.000000 0.000000 0.000000
    207 0.000000 0.000000 0.000000 0.000000 0.000000 0.000000
    208 0.000000 0.000000 0.000000 0.000000 0.000000 0.000000
    209 0.000000 0.000000 0.000000 0.000000 0.000000 0.000000
    210 0.000000 0.000000 0.000000 0.000000 0.000000 0.000000
    211 0.000000 0.000000 0.000000 0.000000 0.000000 0.000000
    212 0.000000 0.000000 0.000000 0.000000 0.000000 0.000000
    213 0.000000 0.000000 0.000000 0.000000 0.000000 0.000000
    214 0.000000 0.000000 0.000000 0.000000 0.000000 0.000000
    215 0.000000 0.000000 0.000000 0.000000 0.000000 0.000000
    216 0.000000 0.000000 0.000000 0.000000 0.000000 0.000000
    217 0.000000 0.000000 0.000000 0.000000 0.000000 0.000000
    218 0.000000 0.000000 0.000000 0.000000 0.000000 0.000000
    219 0.000000 0.000000 0.000000 0.000000 0.000000 0.000000
    220 0.000000 0.000000 0.000000 0.000000 0.000000 0.000000
    221 0.000000 0.000000 0.000000 0.000000 0.000000 0.000000
    222 0.000000 0.000000 0.000000 0.000000 0.000000 0.000000
    223 0.000000 0.000000 0.000000 0.000000 0.000000 0.000000
    224 0.000000 0.000000 0.000000 0.000000 0.000000 0.000000
    225 0.000000 0.000000 0.000000 0.000000 0.000000 0.000000
    226 0.000000 0.000000 0.000000 0.000000 0.000000 0.000000
    227 -0.050783 1.199255 -0.359386 0.093844 -0.028653 0.065453
    228 0.000000 0.000000 0.000000 0.000000 0.000000 0.000000
    229 0.000000 0.000000 0.000000 0.000000 0.000000 0.000000
    230 0.000000 0.000000 0.000000 -0.000180 0.000000 0.000000
    231 0.000000 0.000000 0.000000 0.000000 0.000000 0.000000
    232 0.000000 0.000000 0.000000 0.000000 0.000000 0.000000
    233 0.000000 0.000000 0.000000 0.000000 0.000000 0.000000
    234 1.648488 0.011719 -0.242195 0.093830 -0.028693 -1.505373
    235 0.000000 0.000000 0.000000 0.000000 0.000000 0.000000
    236 0.000000 0.000000 0.000000 0.000000 0.000000 0.000000
    237 0.000000 0.000000 0.000000 0.000000 0.000000 0.000000
    238 0.000000 0.000000 0.000000 0.000000 0.000000 0.000000
    239 0.000000 0.000000 0.000000 0.000000 0.000000 0.000000
    240 0.000000 0.000000 0.000000 0.000000 0.000000 0.000000
    241 0.000000 0.000000 0.000000 0.000000 0.000000 0.000000
    242 0.000000 0.000000 0.000000 0.000000 0.000000 0.000000
    243 0.000000 0.000000 0.000000 0.000000 0.000000 0.000000
    244 0.000000 0.000000 0.000000 0.000000 0.000000 0.000000
    245 0.000000 0.000000 0.000000 0.000000 0.000000 0.000000
    246 0.000000 0.000000 0.000000 0.000000 0.000000 -1.570796
  time 16
    0 0.000000 0.000000 0.000000 0.000000 0.000000 -1.570796
    1 0.000000 0.000000 0.000000 0.000000 0.000000 0.000000
    2 0.000000 0.000000 0.000000 0.000000 0.000000 0.000000
    3 0.000000 0.000000 0.000000 0.000000 0.000000 0.000000
    4 0.000000 0.000000 0.000000 0.000000 0.000000 0.000000
    5 0.000000 0.000000 0.000000 0.000000 0.000000 0.000000
    6 0.000000 0.000000 0.000000 0.000000 0.000000 0.000000
    7 0.000000 0.000000 0.000000 0.000000 0.000000 0.000000
    8 -0.855495 -0.753929 -0.417982 0.031660 -0.066047 -0.101809
    9 0.000000 0.000000 0.000000 -0.058407 0.023261 0.114536
    10 0.000000 0.000000 0.000000 0.000000 0.000000 0.000000
    11 0.000000 0.000000 0.000000 0.000000 0.000000 0.000000
    12 0.000000 0.000000 0.000000 0.000000 0.000000 0.000000
    13 0.000000 0.000000 0.000000 0.010373 0.000000 0.000000
    14 0.000000 0.000000 0.000000 -0.000060 0.000048 -0.075716
    15 0.000000 0.000000 0.000000 0.000000 0.000000 0.000000
    16 0.000000 0.000000 0.000000 0.000000 0.000000 0.000000
    17 0.000000 0.000000 0.000000 0.000000 0.000000 0.000000
    18 0.000000 0.000000 0.000000 0.000000 0.000000 0.000000
    19 0.000000 0.000000 0.000000 0.041622 0.000000 0.000000
    20 0.082034 0.023438 0.000000 0.000000 -0.000060 0.037889
    21 0.000000 0.000000 0.000000 0.068085 -0.032210 -0.018771
    22 0.000000 0.000000 0.000000 0.000000 0.000000 0.000000
    23 0.000000 0.000000 0.000000 0.000000 0.000000 0.000000
    24 0.000000 0.000000 0.000000 0.000000 0.000000 0.000000
    25 0.000000 0.000000 0.000000 0.000000 0.000000 0.000000
    26 0.000000 0.000000 0.000000 0.000000 0.000000 0.000000
    27 0.000000 0.000000 0.000000 0.000000 0.000000 0.000000
    28 0.000000 0.000000 0.000000 0.000000 0.000000 0.000000
    29 0.000000 0.000000 0.000000 0.000000 0.000000 0.000000
    30 0.000000 0.000000 0.000000 0.000000 0.000000 0.000000
    31 0.000000 0.000000 0.000000 0.000000 0.000000 0.000000
    32 0.000000 0.000000 0.000000 0.000000 0.000000 0.000000
    33 0.000000 0.000000 0.000000 0.000000 0.000000 0.000000
    34 0.000000 0.000000 0.000000 0.000000 0.000000 0.000000
    35 0.000000 0.000000 0.000000 0.000000 0.000000 0.000000
    36 0.000000 0.000000 0.000000 0.000000 0.000000 0.000000
    37 0.000000 0.000000 0.000000 0.000000 0.000000 0.000000
    38 0.000000 0.000000 0.000000 0.000000 0.000000 0.000000
    39 0.000000 0.000000 0.000000 0.000000 0.000000 0.000000
    40 0.000000 0.000000 0.000000 0.000000 0.000000 0.000000
    41 0.000000 0.000000 0.000000 0.000000 0.000000 0.000000
    42 0.000000 0.000000 0.000000 0.000000 0.000000 0.000000
    43 0.000000 0.000000 0.000000 0.000000 0.000000 0.000000
    44 0.000000 0.000000 0.000000 0.000000 0.000000 0.000000
    45 0.000000 0.000000 0.000000 0.000000 0.000000 0.000000
    46 0.000000 0.000000 0.000000 0.000000 0.000000 0.000000
    47 0.000000 0.000000 0.000000 0.000000 0.000000 0.000000
    48 0.000000 0.000000 0.000000 0.000000 0.000000 0.000000
    49 0.000000 0.000000 0.000000 0.000000 0.000000 0.000000
    50 0.000000 0.000000 0.000000 0.000000 0.000000 0.000000
    51 0.000000 0.000000 0.000000 0.000000 0.000000 0.000000
    52 0.000000 0.000000 0.000000 0.000000 0.000000 0.000000
    53 0.000000 0.000000 0.000000 0.000000 0.000000 0.000000
    54 0.000000 0.000000 0.000000 0.000000 0.000000 0.000000
    55 0.000000 0.000000 0.000000 0.000000 0.000000 0.000000
    56 0.000000 0.000000 0.000000 0.000000 0.000000 0.000000
    57 0.000000 0.000000 0.000000 0.000000 0.000000 0.000000
    58 0.000000 0.000000 0.000000 0.000000 0.000000 0.000000
    59 0.000000 0.000000 0.000000 0.000000 0.000000 0.000000
    60 0.000000 0.000000 0.000000 0.000000 0.000000 0.000000
    61 0.000000 0.000000 0.000000 0.000000 0.000000 0.000000
    62 0.000000 0.000000 0.000000 0.000000 0.000000 0.000000
    63 0.000000 0.000000 0.000000 0.000000 0.000000 0.000000
    64 0.000000 0.000000 0.000000 0.000000 0.000000 0.000000
    65 0.000000 0.000000 0.000000 0.000000 0.000000 0.000000
    66 0.000000 0.000000 0.000000 0.000000 0.000000 0.000000
    67 0.000000 0.000000 0.000000 0.000000 0.000000 0.000000
    68 0.000000 0.000000 0.000000 0.000000 0.000000 0.000000
    69 0.000000 0.000000 0.000000 0.000000 0.000000 0.000000
    70 0.000000 0.000000 0.000000 0.000000 0.000000 0.000000
    71 0.000000 0.000000 0.000000 0.000000 0.000000 0.000000
    72 0.000000 0.000000 0.000000 0.000000 0.000000 0.000000
    73 0.000000 0.000000 0.000000 0.000000 0.000000 0.000000
    74 0.000000 0.000000 0.000000 0.000000 0.000000 0.000000
    75 0.000000 0.000000 0.000000 0.000000 0.000000 0.000000
    76 0.000000 0.000000 0.000000 0.000000 0.000000 0.000000
    77 0.000000 0.000000 0.000000 0.000000 0.000000 0.000000
    78 0.000000 0.000000 0.000000 0.000000 0.000000 0.000000
    79 0.000000 0.000000 0.000000 0.000000 0.000000 0.000000
    80 0.000000 0.000000 0.000000 0.000000 0.000000 0.000000
    81 0.000000 0.000000 0.000000 0.000000 0.000000 0.000000
    82 0.000000 0.000000 0.000000 0.000000 0.000000 0.000000
    83 0.000000 0.000000 0.000000 0.000000 0.000000 0.000000
    84 0.000000 0.000000 0.000000 0.000000 0.000000 0.000000
    85 0.000000 0.000000 0.000000 0.000000 0.000000 0.000000
    86 0.000000 0.000000 0.000000 0.000000 0.000000 0.000000
    87 0.000000 0.000000 0.000000 0.000000 0.000000 0.000000
    88 0.000000 0.000000 0.000000 0.000000 0.000000 0.000000
    89 0.000000 0.000000 0.000000 0.000000 0.000000 0.000000
    90 0.000000 0.000000 0.000000 0.000000 0.000000 0.000000
    91 0.000000 0.000000 0.000000 0.000000 0.000000 0.000000
    92 0.000000 0.000000 0.000000 0.000000 0.000000 0.000000
    93 0.000000 0.000000 0.000000 0.000000 0.000000 0.000000
    94 0.000000 0.000000 0.000000 0.000000 0.000000 0.000000
    95 0.000000 0.000000 0.000000 0.000000 0.000000 0.000000
    96 0.000000 0.000000 0.000000 0.000000 0.000000 0.000000
    97 0.000000 0.000000 0.000000 0.000000 0.000000 0.000000
    98 0.000000 0.000000 0.000000 0.000000 0.000000 0.000000
    99 0.000000 0.000000 0.000000 0.000000 0.000000 0.000000
    100 0.000000 0.000000 0.000000 0.000000 0.000000 0.000000
    101 0.000000 0.000000 0.000000 0.000000 0.000000 0.000000
    102 0.000000 0.000000 0.000000 0.000000 0.000000 0.000000
    103 0.000000 0.000000 0.000000 0.000000 0.000000 0.000000
    104 0.000000 0.000000 0.000000 0.000000 0.000000 0.000000
    105 0.000000 0.000000 0.000000 0.000000 0.000000 0.000000
    106 0.000000 0.000000 0.000000 0.000000 0.000000 0.000000
    107 0.000000 0.000000 0.000000 0.000000 0.000000 0.000000
    108 0.000000 0.000000 0.000000 0.000000 0.000000 0.000000
    109 0.000000 0.000000 0.000000 0.000000 0.000000 0.000000
    110 0.000000 0.000000 0.000000 0.000000 0.000000 0.000000
    111 0.000000 0.000000 0.000000 0.000000 0.000000 -1.570796
    112 0.445326 0.421888 -0.488296 0.055572 -0.023504 -1.462453
    113 0.000000 0.000000 0.000000 0.000000 0.000000 0.000000
    114 0.000000 0.000000 0.000000 0.000000 0.000000 -1.570796
    115 0.000000 0.000000 0.000000 0.000000 0.000000 0.000000
    116 0.000000 0.000000 0.000000 0.000000 0.000000 0.000000
    117 0.000000 0.000000 0.000000 0.000000 0.000000 0.000000
    118 0.000000 0.000000 0.000000 0.000000 0.000000 0.000000
    119 0.000000 0.000000 0.000000 0.000000 0.000000 0.000000
    120 0.000000 0.000000 0.000000 0.000000 0.000000 0.000000
    121 0.000000 0.000000 0.000000 0.000000 0.000000 0.000000
    122 0.000000 0.000000 0.000000 0.000000 0.000000 0.000000
    123 0.000000 0.000000 0.000000 0.000000 0.000000 0.000000
    124 0.000000 0.000000 0.000000 0.000000 0.000000 0.000000
    125 0.000000 0.000000 0.000000 0.000000 0.000000 0.000000
    126 0.000000 0.000000 0.000000 0.000000 0.000000 0.000000
    127 0.000000 0.000000 0.000000 0.000000 0.000000 0.000000
    128 0.000000 0.000000 0.000000 0.000000 0.000000 0.000000
    129 0.000000 0.000000 0.000000 0.000000 0.000000 0.000000
    130 0.000000 0.000000 0.000000 0.000000 0.000000 0.000000
    131 0.000000 0.000000 0.000000 0.000000 0.000000 0.000000
    132 0.000000 0.000000 0.000000 0.000000 0.000000 0.000000
    133 0.000000 0.000000 0.000000 0.000000 0.000000 0.000000
    134 0.000000 0.000000 0.000000 0.000000 0.000000 0.000000
    135 0.000000 0.000000 0.000000 0.000000 0.000000 0.000000
    136 0.000000 0.000000 0.000000 0.000000 0.000000 0.000000
    137 0.000000 0.000000 0.000000 0.000000 0.000000 0.000000
    138 0.000000 0.000000 0.000000 0.000000 0.000000 0.000000
    139 0.000000 0.000000 0.000000 0.000000 0.000000 0.000000
    140 0.000000 0.000000 0.000000 0.000000 0.000000 0.000000
    141 0.000000 0.000000 0.000000 0.000000 0.000000 0.000000
    142 0.000000 0.000000 0.000000 0.000000 0.000000 0.000000
    143 0.000000 0.000000 0.000000 0.000000 0.000000 0.000000
    144 0.000000 0.000000 0.000000 0.000000 0.000000 0.000000
    145 0.000000 0.000000 0.000000 0.000000 0.000000 0.000000
    146 0.000000 0.000000 0.000000 0.000000 0.000000 0.000000
    147 0.000000 0.000000 0.000000 0.000000 0.000000 0.000000
    148 0.000000 0.000000 0.000000 0.000000 0.000000 0.000000
    149 0.000000 0.000000 0.000000 0.000000 0.000000 0.000000
    150 0.000000 0.000000 0.000000 0.000000 0.000000 0.000000
    151 0.000000 0.000000 0.000000 0.000000 0.000000 0.000000
    152 0.000000 0.000000 0.000000 0.000000 0.000000 0.000000
    153 0.000000 0.000000 0.000000 0.000000 0.000000 0.000000
    154 0.000000 0.000000 0.000000 0.000000 0.000000 0.000000
    155 0.000000 0.000000 0.000000 0.000000 0.000000 0.000000
    156 0.000000 0.000000 0.000000 0.000000 0.000000 0.000000
    157 0.000000 0.000000 0.000000 0.000000 0.000000 0.000000
    158 0.000000 0.000000 0.000000 0.000000 0.000000 0.000000
    159 0.000000 0.000000 0.000000 0.000000 0.000000 0.000000
    160 0.000000 0.000000 0.000000 0.000000 0.000000 0.000000
    161 0.000000 0.000000 0.000000 0.000000 0.000000 0.000000
    162 0.000000 0.000000 0.000000 0.000000 0.000000 0.000000
    163 0.000000 0.000000 0.000000 0.000000 0.000000 0.000000
    164 0.000000 0.000000 0.000000 0.000000 0.000000 0.000000
    165 0.000000 0.000000 0.000000 0.000000 0.000000 0.000000
    166 0.000000 0.000000 0.000000 0.000000 0.000000 0.000000
    167 0.000000 0.000000 0.000000 0.000000 0.000000 0.000000
    168 0.000000 0.000000 0.000000 0.000000 0.000000 0.000000
    169 0.000000 0.000000 0.000000 0.000000 0.000000 0.000000
    170 0.000000 0.000000 0.000000 0.000000 0.000000 0.000000
    171 0.000000 0.000000 0.000000 0.000000 0.000000 0.000000
    172 0.000000 0.000000 0.000000 0.000000 0.000000 0.000000
    173 0.000000 0.000000 0.000000 0.000000 0.000000 0.000000
    174 0.000000 0.000000 0.000000 0.000000 0.000000 0.000000
    175 0.000000 0.000000 0.000000 0.000000 0.000000 0.000000
    176 0.000000 0.000000 0.000000 0.000000 0.000000 0.000000
    177 0.000000 0.000000 0.000000 0.000000 0.000000 0.000000
    178 0.000000 0.000000 0.000000 0.000000 0.000000 0.000000
    179 0.000000 0.000000 0.000000 0.000000 0.000000 0.000000
    180 0.000000 0.000000 0.000000 0.000000 0.000000 0.000000
    181 0.000000 0.000000 0.000000 0.000000 0.000000 0.000000
    182 0.000000 0.000000 0.000000 0.000000 0.000000 0.000000
    183 0.000000 0.000000 0.000000 0.000000 0.000000 0.000000
    184 0.000000 0.000000 0.000000 0.000000 0.000000 0.000000
    185 0.000000 0.000000 0.000000 0.000000 0.000000 0.000000
    186 0.000000 0.000000 0.000000 0.000000 0.000000 0.000000
    187 0.000000 0.000000 0.000000 0.000000 0.000000 0.000000
    188 0.000000 0.000000 0.000000 0.000000 0.000000 0.000000
    189 0.000000 0.000000 0.000000 0.000000 0.000000 0.000000
    190 0.000000 0.000000 0.000000 0.000000 0.000000 0.000000
    191 0.000000 0.000000 0.000000 0.020844 0.000000 0.000000
    192 0.000000 0.000000 0.000000 0.000000 0.000000 0.000000
    193 0.000000 0.000000 0.000000 0.000000 0.000000 0.000000
    194 0.000000 0.000000 0.000000 0.000000 0.000000 0.000000
    195 0.000000 0.000000 0.000000 0.000000 0.000000 0.000000
    196 0.000000 0.000000 0.000000 0.000000 0.000000 0.000000
    197 0.000000 0.000000 0.000000 0.000000 0.000000 0.000000
    198 0.000000 0.000000 0.000000 0.000000 0.000000 0.000000
    199 0.000000 0.000000 0.000000 0.000000 0.000000 0.000000
    200 0.000000 0.000000 0.000000 0.000000 0.000000 0.000000
    201 0.000000 0.000000 0.000000 0.000000 0.000000 0.000000
    202 0.000000 0.000000 0.000000 0.000000 0.000000 0.000000
    203 0.000000 0.000000 0.000000 0.000000 0.000000 0.000000
    204 0.000000 0.000000 0.000000 0.000000 0.000000 0.000000
    205 0.000000 0.000000 0.000000 0.000000 0.000000 0.000000
    206 0.000000 0.000000 0.000000 0.000000 0.000000 0.000000
    207 0.000000 0.000000 0.000000 0.000000 0.000000 0.000000
    208 0.000000 0.000000 0.000000 0.000000 0.000000 0.000000
    209 0.000000 0.000000 0.000000 0.000000 0.000000 0.000000
    210 0.000000 0.000000 0.000000 0.000000 0.000000 0.000000
    211 0.000000 0.000000 0.000000 0.000000 0.000000 0.000000
    212 0.000000 0.000000 0.000000 0.000000 0.000000 0.000000
    213 0.000000 0.000000 0.000000 0.000000 0.000000 0.000000
    214 0.000000 0.000000 0.000000 0.000000 0.000000 0.000000
    215 0.000000 0.000000 0.000000 0.000000 0.000000 0.000000
    216 0.000000 0.000000 0.000000 0.000000 0.000000 0.000000
    217 0.000000 0.000000 0.000000 0.000000 0.000000 0.000000
    218 0.000000 0.000000 0.000000 0.000000 0.000000 0.000000
    219 0.000000 0.000000 0.000000 0.000000 0.000000 0.000000
    220 0.000000 0.000000 0.000000 0.000000 0.000000 0.000000
    221 0.000000 0.000000 0.000000 0.000000 0.000000 0.000000
    222 0.000000 0.000000 0.000000 0.000000 0.000000 0.000000
    223 0.000000 0.000000 0.000000 0.000000 0.000000 0.000000
    224 0.000000 0.000000 0.000000 0.000000 0.000000 0.000000
    225 0.000000 0.000000 0.000000 0.000000 0.000000 0.000000
    226 0.000000 0.000000 0.000000 0.000000 0.000000 0.000000
    227 -0.476577 1.593799 -0.242195 0.055572 -0.023500 0.108343
    228 0.000000 0.000000 0.000000 0.000000 0.000000 0.000000
    229 0.000000 0.000000 0.000000 0.000000 0.000000 0.000000
    230 0.000000 0.000000 0.000000 0.000407 0.000000 0.000000
    231 0.000000 0.000000 0.000000 0.000000 0.000000 0.000000
    232 0.000000 0.000000 0.000000 0.000000 0.000000 0.000000
    233 0.000000 0.000000 0.000000 0.000000 0.000000 0.000000
    234 2.121158 0.460952 -0.152348 0.055564 -0.023480 -1.462460
    235 0.000000 0.000000 0.000000 0.000000 0.000000 0.000000
    236 0.000000 0.000000 0.000000 0.000000 0.000000 0.000000
    237 0.000000 0.000000 0.000000 0.000000 0.000000 0.000000
    238 0.000000 0.000000 0.000000 0.000000 0.000000 0.000000
    239 0.000000 0.000000 0.000000 0.000000 0.000000 0.000000
    240 0.000000 0.000000 0.000000 0.000000 0.000000 0.000000
    241 0.000000 0.000000 0.000000 0.000000 0.000000 0.000000
    242 0.000000 0.000000 0.000000 0.000000 0.000000 0.000000
    243 0.000000 0.000000 0.000000 0.000000 0.000000 0.000000
    244 0.000000 0.000000 0.000000 0.000000 0.000000 0.000000
    245 0.000000 0.000000 0.000000 0.000000 0.000000 0.000000
    246 0.000000 0.000000 0.000000 0.000000 0.000000 -1.570796
  time 17
    0 0.000000 0.000000 0.000000 0.000000 0.000000 -1.570796
    1 0.000000 0.000000 0.000000 0.000000 0.000000 0.000000
    2 0.000000 0.000000 0.000000 0.000000 0.000000 0.000000
    3 0.000000 0.000000 0.000000 0.000000 0.000000 0.000000
    4 0.000000 0.000000 0.000000 0.000000 0.000000 0.000000
    5 0.000000 0.000000 0.000000 0.000000 0.000000 0.000000
    6 0.000000 0.000000 0.000000 0.000000 0.000000 0.000000
    7 0.000000 0.000000 0.000000 0.000000 0.000000 0.000000
    8 -1.312540 -0.906278 0.132817 0.069651 -0.043087 -0.137150
    9 0.000000 0.000000 0.000000 -0.069782 0.027687 0.113244
    10 0.000000 0.000000 0.000000 0.000000 0.000000 0.000000
    11 0.000000 0.000000 0.000000 0.000000 0.000000 0.000000
    12 0.000000 0.000000 0.000000 0.000000 0.000000 0.000000
    13 0.000000 0.000000 0.000000 0.018881 0.000000 0.000000
    14 0.000000 0.000000 0.000000 -0.000048 -0.000060 -0.128725
    15 0.000000 0.000000 0.000000 0.000000 0.000000 0.000000
    16 0.000000 0.000000 0.000000 0.000000 0.000000 0.000000
    17 0.000000 0.000000 0.000000 0.000000 0.000000 0.000000
    18 0.000000 0.000000 0.000000 0.000000 0.000000 0.000000
    19 0.000000 0.000000 0.000000 0.036835 0.000000 -0.000060
    20 0.125004 0.039064 0.000000 0.000060 0.000000 0.064398
    21 0.000000 0.000000 0.000000 0.092132 -0.092369 -0.011233
    22 0.000000 0.000000 0.000000 0.000000 0.000000 0.000000
    23 0.000000 0.000000 0.000000 0.000000 0.000000 0.000000
    24 0.000000 0.000000 0.000000 0.000000 0.000000 0.000000
    25 0.000000 0.000000 0.000000 0.000000 0.000000 0.000000
    26 0.000000 0.000000 0.000000 0.000000 0.000000 0.000000
    27 0.000000 0.000000 0.000000 0.000000 0.000000 0.000000
    28 0.000000 0.000000 0.000000 0.000000 0.000000 0.000000
    29 0.000000 0.000000 0.000000 0.000000 0.000000 0.000000
    30 0.000000 0.000000 0.000000 0.000000 0.000000 0.000000
    31 0.000000 0.000000 0.000000 0.000000 0.000000 0.000000
    32 0.000000 0.000000 0.000000 0.000000 0.000000 0.000000
    33 0.000000 0.000000 0.000000 0.000000 0.000000 0.000000
    34 0.000000 0.000000 0.000000 0.000000 0.000000 0.000000
    35 0.000000 0.000000 0.000000 0.000000 0.000000 0.000000
    36 0.000000 0.000000 0.000000 0.000000 0.000000 0.000000
    37 0.000000 0.000000 0.000000 0.000000 0.000000 0.000000
    38 0.000000 0.000000 0.000000 0.000000 0.000000 0.000000
    39 0.000000 0.000000 0.000000 0.000000 0.000000 0.000000
    40 0.000000 0.000000 0.000000 0.000000 0.000000 0.000000
    41 0.000000 0.000000 0.000000 0.000000 0.000000 0.000000
    42 0.000000 0.000000 0.000000 0.000000 0.000000 0.000000
    43 0.000000 0.000000 0.000000 0.000000 0.000000 0.000000
    44 0.000000 0.000000 0.000000 0.000000 0.000000 0.000000
    45 0.000000 0.000000 0.000000 0.000000 0.000000 0.000000
    46 0.000000 0.000000 0.000000 0.000000 0.000000 0.000000
    47 0.000000 0.000000 0.000000 0.000000 0.000000 0.000000
    48 0.000000 0.000000 0.000000 0.000000 0.000000 0.000000
    49 0.000000 0.000000 0.000000 0.000000 0.000000 0.000000
    50 0.000000 0.000000 0.000000 0.000000 0.000000 0.000000
    51 0.000000 0.000000 0.000000 0.000000 0.000000 0.000000
    52 0.000000 0.000000 0.000000 0.000000 0.000000 0.000000
    53 0.000000 0.000000 0.000000 0.000000 0.000000 0.000000
    54 0.000000 0.000000 0.000000 0.000000 0.000000 0.000000
    55 0.000000 0.000000 0.000000 0.000000 0.000000 0.000000
    56 0.000000 0.000000 0.000000 0.000000 0.000000 0.000000
    57 0.000000 0.000000 0.000000 0.000000 0.000000 0.000000
    58 0.000000 0.000000 0.000000 0.000000 0.000000 0.000000
    59 0.000000 0.000000 0.000000 0.000000 0.000000 0.000000
    60 0.000000 0.000000 0.000000 0.000000 0.000000 0.000000
    61 0.000000 0.000000 0.000000 0.000000 0.000000 0.000000
    62 0.000000 0.000000 0.000000 0.000000 0.000000 0.000000
    63 0.000000 0.000000 0.000000 0.000000 0.000000 0.000000
    64 0.000000 0.000000 0.000000 0.000000 0.000000 0.000000
    65 0.000000 0.000000 0.000000 0.000000 0.000000 0.000000
    66 0.000000 0.000000 0.000000 0.000000 0.000000 0.000000
    67 0.000000 0.000000 0.000000 0.000000 0.000000 0.000000
    68 0.000000 0.000000 0.000000 0.000000 0.000000 0.000000
    69 0.000000 0.000000 0.000000 0.000000 0.000000 0.000000
    70 0.000000 0.000000 0.000000 0.000000 0.000000 0.000000
    71 0.000000 0.000000 0.000000 0.000000 0.000000 0.000000
    72 0.000000 0.000000 0.000000 0.000000 0.000000 0.000000
    73 0.000000 0.000000 0.000000 0.000000 0.000000 0.000000
    74 0.000000 0.000000 0.000000 0.000000 0.000000 0.000000
    75 0.000000 0.000000 0.000000 0.000000 0.000000 0.000000
    76 0.000000 0.000000 0.000000 0.000000 0.000000 0.000000
    77 0.000000 0.000000 0.000000 0.000000 0.000000 0.000000
    78 0.000000 0.000000 0.000000 0.000000 0.000000 0.000000
    79 0.000000 0.000000 0.000000 0.000000 0.000000 0.000000
    80 0.000000 0.000000 0.000000 0.000000 0.000000 0.000000
    81 0.000000 0.000000 0.000000 0.000000 0.000000 0.000000
    82 0.000000 0.000000 0.000000 0.000000 0.000000 0.000000
    83 0.000000 0.000000 0.000000 0.000000 0.000000 0.000000
    84 0.000000 0.000000 0.000000 0.000000 0.000000 0.000000
    85 0.000000 0.000000 0.000000 0.000000 0.000000 0.000000
    86 0.000000 0.000000 0.000000 0.000000 0.000000 0.000000
    87 0.000000 0.000000 0.000000 0.000000 0.000000 0.000000
    88 0.000000 0.000000 0.000000 0.000000 0.000000 0.000000
    89 0.000000 0.000000 0.000000 0.000000 0.000000 0.000000
    90 0.000000 0.000000 0.000000 0.000000 0.000000 0.000000
    91 0.000000 0.000000 0.000000 0.000000 0.000000 0.000000
    92 0.000000 0.000000 0.000000 0.000000 0.000000 0.000000
    93 0.000000 0.000000 0.000000 0.000000 0.000000 0.000000
    94 0.000000 0.000000 0.000000 0.000000 0.000000 0.000000
    95 0.000000 0.000000 0.000000 0.000000 0.000000 0.000000
    96 0.000000 0.000000 0.000000 0.000000 0.000000 0.000000
    97 0.000000 0.000000 0.000000 0.000000 0.000000 0.000000
    98 0.000000 0.000000 0.000000 0.000000 0.000000 0.000000
    99 0.000000 0.000000 0.000000 0.000000 0.000000 0.000000
    100 0.000000 0.000000 0.000000 0.000000 0.000000 0.000000
    101 0.000000 0.000000 0.000000 0.000000 0.000000 0.000000
    102 0.000000 0.000000 0.000000 0.000000 0.000000 0.000000
    103 0.000000 0.000000 0.000000 0.000000 0.000000 0.000000
    104 0.000000 0.000000 0.000000 0.000000 0.000000 0.000000
    105 0.000000 0.000000 0.000000 0.000000 0.000000 0.000000
    106 0.000000 0.000000 0.000000 0.000000 0.000000 0.000000
    107 0.000000 0.000000 0.000000 0.000000 0.000000 0.000000
    108 0.000000 0.000000 0.000000 0.000000 0.000000 0.000000
    109 0.000000 0.000000 0.000000 0.000000 0.000000 0.000000
    110 0.000000 0.000000 0.000000 0.000000 0.000000 0.000000
    111 0.000000 0.000000 0.000000 0.000000 0.000000 -1.570796
    112 0.468764 0.796899 0.035157 0.023242 -0.027858 -1.416952
    113 0.000000 0.000000 0.000000 0.000000 0.000000 0.000000
    114 0.000000 0.000000 0.000000 0.000000 0.000000 -1.570796
    115 0.000000 0.000000 0.000000 0.000000 0.000000 0.000000
    116 0.000000 0.000000 0.000000 0.000000 0.000000 0.000000
    117 0.000000 0.000000 0.000000 0.000000 0.000000 0.000000
    118 0.000000 0.000000 0.000000 0.000000 0.000000 0.000000
    119 0.000000 0.000000 0.000000 0.000000 0.000000 0.000000
    120 0.000000 0.000000 0.000000 0.000000 0.000000 0.000000
    121 0.000000 0.000000 0.000000 0.000000 0.000000 0.000000
    122 0.000000 0.000000 0.000000 0.000000 0.000000 0.000000
    123 0.000000 0.000000 0.000000 0.000000 0.000000 0.000000
    124 0.000000 0.000000 0.000000 0.000000 0.000000 0.000000
    125 0.000000 0.000000 0.000000 0.000000 0.000000 0.000000
    126 0.000000 0.000000 0.000000 0.000000 0.000000 0.000000
    127 0.000000 0.000000 0.000000 0.000000 0.000000 0.000000
    128 0.000000 0.000000 0.000000 0.000000 0.000000 0.000000
    129 0.000000 0.000000 0.000000 0.000000 0.000000 0.000000
    130 0.000000 0.000000 0.000000 0.000000 0.000000 0.000000
    131 0.000000 0.000000 0.000000 0.000000 0.000000 0.000000
    132 0.000000 0.000000 0.000000 0.000000 0.000000 0.000000
    133 0.000000 0.000000 0.000000 0.000000 0.000000 0.000000
    134 0.000000 0.000000 0.000000 0.000000 0.000000 0.000000
    135 0.000000 0.000000 0.000000 0.000000 0.000000 0.000000
    136 0.000000 0.000000 0.000000 0.000000 0.000000 0.000000
    137 0.000000 0.000000 0.000000 0.000000 0.000000 0.000000
    138 0.000000 0.000000 0.000000 0.000000 0.000000 0.000000
    139 0.000000 0.000000 0.000000 0.000000 0.000000 0.000000
    140 0.000000 0.000000 0.000000 0.000000 0.000000 0.000000
    141 0.000000 0.000000 0.000000 0.000000 0.000000 0.000000
    142 0.000000 0.000000 0.000000 0.000000 0.000000 0.000000
    143 0.000000 0.000000 0.000000 0.000000 0.000000 0.000000
    144 0.000000 0.000000 0.000000 0.000000 0.000000 0.000000
    145 0.000000 0.000000 0.000000 0.000000 0.000000 0.000000
    146 0.000000 0.000000 0.000000 0.000000 0.000000 0.000000
    147 0.000000 0.000000 0.000000 0.000000 0.000000 0.000000
    148 0.000000 0.000000 0.000000 0.000000 0.000000 0.000000
    149 0.000000 0.000000 0.000000 0.000000 0.000000 0.000000
    150 0.000000 0.000000 0.000000 0.000000 0.000000 0.000000
    151 0.000000 0.000000 0.000000 0.000000 0.000000 0.000000
    152 0.000000 0.000000 0.000000 0.000000 0.000000 0.000000
    153 0.000000 0.000000 0.000000 0.000000 0.000000 0.000000
    154 0.000000 0.000000 0.000000 0.000000 0.000000 0.000000
    155 0.000000 0.000000 0.000000 0.000000 0.000000 0.000000
    156 0.000000 0.000000 0.000000 0.000000 0.000000 0.000000
    157 0.000000 0.000000 0.000000 0.000000 0.000000 0.000000
    158 0.000000 0.000000 0.000000 0.000000 0.000000 0.000000
    159 0.000000 0.000000 0.000000 0.000000 0.000000 0.000000
    160 0.000000 0.000000 0.000000 0.000000 0.000000 0.000000
    161 0.000000 0.000000 0.000000 0.000000 0.000000 0.000000
    162 0.000000 0.000000 0.000000 0.000000 0.000000 0.000000
    163 0.000000 0.000000 0.000000 0.000000 0.000000 0.000000
    164 0.000000 0.000000 0.000000 0.000000 0.000000 0.000000
    165 0.000000 0.000000 0.000000 0.000000 0.000000 0.000000
    166 0.000000 0.000000 0.000000 0.000000 0.000000 0.000000
    167 0.000000 0.000000 0.000000 0.000000 0.000000 0.000000
    168 0.000000 0.000000 0.000000 0.000000 0.000000 0.000000
    169 0.000000 0.000000 0.000000 0.000000 0.000000 0.000000
    170 0.000000 0.000000 0.000000 0.000000 0.000000 0.000000
    171 0.000000 0.000000 0.000000 0.000000 0.000000 0.000000
    172 0.000000 0.000000 0.000000 0.000000 0.000000 0.000000
    173 0.000000 0.000000 0.000000 0.000000 0.000000 0.000000
    174 0.000000 0.000000 0.000000 0.000000 0.000000 0.000000
    175 0.000000 0.000000 0.000000 0.000000 0.000000 0.000000
    176 0.000000 0.000000 0.000000 0.000000 0.000000 0.000000
    177 0.000000 0.000000 0.000000 0.000000 0.000000 0.000000
    178 0.000000 0.000000 0.000000 0.000000 0.000000 0.000000
    179 0.000000 0.000000 0.000000 0.000000 0.000000 0.000000
    180 0.000000 0.000000 0.000000 0.000000 0.000000 0.000000
    181 0.000000 0.000000 0.000000 0.000000 0.000000 0.000000
    182 0.000000 0.000000 0.000000 0.000000 0.000000 0.000000
    183 0.000000 0.000000 0.000000 0.000000 0.000000 0.000000
    184 0.000000 0.000000 0.000000 0.000000 0.000000 0.000000
    185 0.000000 0.000000 0.000000 0.000000 0.000000 0.000000
    186 0.000000 0.000000 0.000000 0.000000 0.000000 0.000000
    187 0.000000 0.000000 0.000000 0.000000 0.000000 0.000000
    188 0.000000 0.000000 0.000000 0.000000 0.000000 0.000000
    189 0.000000 0.000000 0.000000 0.000000 0.000000 0.000000
    190 0.000000 0.000000 0.000000 0.000000 0.000000 0.000000
    191 0.000000 0.000000 0.000000 0.018368 0.000000 -0.000060
    192 0.000000 0.000000 0.000000 0.000000 0.000000 0.000000
    193 0.000000 0.000000 0.000000 0.000000 0.000000 0.000000
    194 0.000000 0.000000 0.000000 0.000000 0.000000 0.000000
    195 0.000000 0.000000 0.000000 0.000000 0.000000 0.000000
    196 0.000000 0.000000 0.000000 0.000000 0.000000 0.000000
    197 0.000000 0.000000 0.000000 0.000000 0.000000 0.000000
    198 0.000000 0.000000 0.000000 0.000000 0.000000 0.000000
    199 0.000000 0.000000 0.000000 0.000000 0.000000 0.000000
    200 0.000000 0.000000 0.000000 0.000000 0.000000 0.000000
    201 0.000000 0.000000 0.000000 0.000000 0.000000 0.000000
    202 0.000000 0.000000 0.000000 0.000000 0.000000 0.000000
    203 0.000000 0.000000 0.000000 0.000000 0.000000 0.000000
    204 0.000000 0.000000 0.000000 0.000000 0.000000 0.000000
    205 0.000000 0.000000 0.000000 0.000000 0.000000 0.000000
    206 0.000000 0.000000 0.000000 0.000000 0.000000 0.000000
    207 0.000000 0.000000 0.000000 0.000000 0.000000 0.000000
    208 0.000000 0.000000 0.000000 0.000000 0.000000 0.000000
    209 0.000000 0.000000 0.000000 0.000000 0.000000 0.000000
    210 0.000000 0.000000 0.000000 0.000000 0.000000 0.000000
    211 0.000000 0.000000 0.000000 0.000000 0.000000 0.000000
    212 0.000000 0.000000 0.000000 0.000000 0.000000 0.000000
    213 0.000000 0.000000 0.000000 0.000000 0.000000 0.000000
    214 0.000000 0.000000 0.000000 0.000000 0.000000 0.000000
    215 0.000000 0.000000 0.000000 0.000000 0.000000 0.000000
    216 0.000000 0.000000 0.000000 0.000000 0.000000 0.000000
    217 0.000000 0.000000 0.000000 0.000000 0.000000 0.000000
    218 0.000000 0.000000 0.000000 0.000000 0.000000 0.000000
    219 0.000000 0.000000 0.000000 0.000000 0.000000 0.000000
    220 0.000000 0.000000 0.000000 0.000000 0.000000 0.000000
    221 0.000000 0.000000 0.000000 0.000000 0.000000 0.000000
    222 0.000000 0.000000 0.000000 0.000000 0.000000 0.000000
    223 0.000000 0.000000 0.000000 0.000000 0.000000 0.000000
    224 0.000000 0.000000 0.000000 0.000000 0.000000 0.000000
    225 0.000000 0.000000 0.000000 0.000000 0.000000 0.000000
    226 0.000000 0.000000 0.000000 0.000000 0.000000 0.000000
    227 -0.914090 2.070376 0.328135 0.023242 -0.027854 0.153843
    228 0.000000 0.000000 0.000000 0.000000 0.000000 0.000000
    229 0.000000 0.000000 0.000000 0.000000 0.000000 0.000000
    230 0.000000 0.000000 0.000000 0.001007 0.000000 0.000000
    231 0.000000 0.000000 0.000000 0.000000 0.000000 0.000000
    232 0.000000 0.000000 0.000000 0.000000 0.000000 0.000000
    233 0.000000 0.000000 0.000000 0.000000 0.000000 0.000000
    234 2.699301 0.910184 0.429701 0.023239 -0.027868 -1.416961
    235 0.000000 0.000000 0.000000 0.000000 0.000000 0.000000
    236 0.000000 0.000000 0.000000 0.000000 0.000000 0.000000
    237 0.000000 0.000000 0.000000 0.000000 0.000000 0.000000
    238 0.000000 0.000000 0.000000 0.000000 0.000000 0.000000
    239 0.000000 0.000000 0.000000 0.000000 0.000000 0.000000
    240 0.000000 0.000000 0.000000 0.000000 0.000000 0.000000
    241 0.000000 0.000000 0.000000 0.000000 0.000000 0.000000
    242 0.000000 0.000000 0.000000 0.000000 0.000000 0.000000
    243 0.000000 0.000000 0.000000 0.000000 0.000000 0.000000
    244 0.000000 0.000000 0.000000 0.000000 0.000000 0.000000
    245 0.000000 0.000000 0.000000 0.000000 0.000000 0.000000
    246 0.000000 0.000000 0.000000 0.000000 0.000000 -1.570796
  time 18
    0 0.000000 0.000000 0.000000 0.000000 0.000000 -1.570796
    1 0.000000 0.000000 0.000000 0.000000 0.000000 0.000000
    2 0.000000 0.000000 0.000000 0.000000 0.000000 0.000000
    3 0.000000 0.000000 0.000000 0.000000 0.000000 0.000000
    4 0.000000 0.000000 0.000000 0.000000 0.000000 0.000000
    5 0.000000 0.000000 0.000000 0.000000 0.000000 0.000000
    6 0.000000 0.000000 0.000000 0.000000 0.000000 0.000000
    7 0.000000 0.000000 0.000000 0.000000 0.000000 0.000000
    8 -1.503952 -0.921903 0.289071 0.098192 -0.023106 -0.149984
    9 0.000000 0.000000 0.000000 -0.072554 0.028786 0.112690
    10 0.000000 0.000000 0.000000 0.000000 0.000000 0.000000
    11 0.000000 0.000000 0.000000 0.000000 0.000000 0.000000
    12 0.000000 0.000000 0.000000 0.000000 0.000000 0.000000
    13 0.000000 0.000000 0.000000 0.021110 0.000000 0.000000
    14 0.000000 0.000000 0.000000 0.000000 0.000000 -0.151202
    15 0.000000 0.000000 0.000000 0.000000 0.000000 0.000000
    16 0.000000 0.000000 0.000000 0.000000 0.000000 0.000000
    17 0.000000 0.000000 0.000000 0.000000 0.000000 0.000000
    18 0.000000 0.000000 0.000000 0.000000 0.000000 0.000000
    19 0.000000 0.000000 0.000000 0.041521 0.000000 -0.000036
    20 0.167974 0.054689 0.000000 0.000000 0.000000 0.075618
    21 0.000000 0.000000 0.000000 0.089467 -0.123822 -0.018122
    22 0.000000 0.000000 0.000000 0.000000 0.000000 0.000000
    23 0.000000 0.000000 0.000000 0.000000 0.000000 0.000000
    24 0.000000 0.000000 0.000000 0.000000 0.000000 0.000000
    25 0.000000 0.000000 0.000000 0.000000 0.000000 0.000000
    26 0.000000 0.000000 0.000000 0.000000 0.000000 0.000000
    27 0.000000 0.000000 0.000000 0.000000 0.000000 0.000000
    28 0.000000 0.000000 0.000000 0.000000 0.000000 0.000000
    29 0.000000 0.000000 0.000000 0.000000 0.000000 0.000000
    30 0.000000 0.000000 0.000000 0.000000 0.000000 0.000000
    31 0.000000 0.000000 0.000000 0.000000 0.000000 0.000000
    32 0.000000 0.000000 0.000000 0.000000 0.000000 0.000000
    33 0.000000 0.000000 0.000000 0.000000 0.000000 0.000000
    34 0.000000 0.000000 0.000000 0.000000 0.000000 0.000000
    35 0.000000 0.000000 0.000000 0.000000 0.000000 0.000000
    36 0.000000 0.000000 0.000000 0.000000 0.000000 0.000000
    37 0.000000 0.000000 0.000000 0.000000 0.000000 0.000000
    38 0.000000 0.000000 0.000000 0.000000 0.000000 0.000000
    39 0.000000 0.000000 0.000000 0.000000 0.000000 0.000000
    40 0.000000 0.000000 0.000000 0.000000 0.000000 0.000000
    41 0.000000 0.000000 0.000000 0.000000 0.000000 0.000000
    42 0.000000 0.000000 0.000000 0.000000 0.000000 0.000000
    43 0.000000 0.000000 0.000000 0.000000 0.000000 0.000000
    44 0.000000 0.000000 0.000000 0.000000 0.000000 0.000000
    45 0.000000 0.000000 0.000000 0.000000 0.000000 0.000000
    46 0.000000 0.000000 0.000000 0.000000 0.000000 0.000000
    47 0.000000 0.000000 0.000000 0.000000 0.000000 0.000000
    48 0.000000 0.000000 0.000000 0.000000 0.000000 0.000000
    49 0.000000 0.000000 0.000000 0.000000 0.000000 0.000000
    50 0.000000 0.000000 0.000000 0.000000 0.000000 0.000000
    51 0.000000 0.000000 0.000000 0.000000 0.000000 0.000000
    52 0.000000 0.000000 0.000000 0.000000 0.000000 0.000000
    53 0.000000 0.000000 0.000000 0.000000 0.000000 0.000000
    54 0.000000 0.000000 0.000000 0.000000 0.000000 0.000000
    55 0.000000 0.000000 0.000000 0.000000 0.000000 0.000000
    56 0.000000 0.000000 0.000000 0.000000 0.000000 0.000000
    57 0.000000 0.000000 0.000000 0.000000 0.000000 0.000000
    58 0.000000 0.000000 0.000000 0.000000 0.000000 0.000000
    59 0.000000 0.000000 0.000000 0.000000 0.000000 0.000000
    60 0.000000 0.000000 0.000000 0.000000 0.000000 0.000000
    61 0.000000 0.000000 0.000000 0.000000 0.000000 0.000000
    62 0.000000 0.000000 0.000000 0.000000 0.000000 0.000000
    63 0.000000 0.000000 0.000000 0.000000 0.000000 0.000000
    64 0.000000 0.000000 0.000000 0.000000 0.000000 0.000000
    65 0.000000 0.000000 0.000000 0.000000 0.000000 0.000000
    66 0.000000 0.000000 0.000000 0.000000 0.000000 0.000000
    67 0.000000 0.000000 0.000000 0.000000 0.000000 0.000000
    68 0.000000 0.000000 0.000000 0.000000 0.000000 0.000000
    69 0.000000 0.000000 0.000000 0.000000 0.000000 0.000000
    70 0.000000 0.000000 0.000000 0.000000 0.000000 0.000000
    71 0.000000 0.000000 0.000000 0.000000 0.000000 0.000000
    72 0.000000 0.000000 0.000000 0.000000 0.000000 0.000000
    73 0.000000 0.000000 0.000000 0.000000 0.000000 0.000000
    74 0.000000 0.000000 0.000000 0.000000 0.000000 0.000000
    75 0.000000 0.000000 0.000000 0.000000 0.000000 0.000000
    76 0.000000 0.000000 0.000000 0.000000 0.000000 0.000000
    77 0.000000 0.000000 0.000000 0.000000 0.000000 0.000000
    78 0.000000 0.000000 0.000000 0.000000 0.000000 0.000000
    79 0.000000 0.000000 0.000000 0.000000 0.000000 0.000000
    80 0.000000 0.000000 0.000000 0.000000 0.000000 0.000000
    81 0.000000 0.000000 0.000000 0.000000 0.000000 0.000000
    82 0.000000 0.000000 0.000000 0.000000 0.000000 0.000000
    83 0.000000 0.000000 0.000000 0.000000 0.000000 0.000000
    84 0.000000 0.000000 0.000000 0.000000 0.000000 0.000000
    85 0.000000 0.000000 0.000000 0.000000 0.000000 0.000000
    86 0.000000 0.000000 0.000000 0.000000 0.000000 0.000000
    87 0.000000 0.000000 0.000000 0.000000 0.000000 0.000000
    88 0.000000 0.000000 0.000000 0.000000 0.000000 0.000000
    89 0.000000 0.000000 0.000000 0.000000 0.000000 0.000000
    90 0.000000 0.000000 0.000000 0.000000 0.000000 0.000000
    91 0.000000 0.000000 0.000000 0.000000 0.000000 0.000000
    92 0.000000 0.000000 0.000000 0.000000 0.000000 0.000000
    93 0.000000 0.000000 0.000000 0.000000 0.000000 0.000000
    94 0.000000 0.000000 0.000000 0.000000 0.000000 0.000000
    95 0.000000 0.000000 0.000000 0.000000 0.000000 0.000000
    96 0.000000 0.000000 0.000000 0.000000 0.000000 0.000000
    97 0.000000 0.000000 0.000000 0.000000 0.000000 0.000000
    98 0.000000 0.000000 0.000000 0.000000 0.000000 0.000000
    99 0.000000 0.000000 0.000000 0.000000 0.000000 0.000000
    100 0.000000 0.000000 0.000000 0.000000 0.000000 0.000000
    101 0.000000 0.000000 0.000000 0.000000 0.000000 0.000000
    102 0.000000 0.000000 0.000000 0.000000 0.000000 0.000000
    103 0.000000 0.000000 0.000000 0.000000 0.000000 0.000000
    104 0.000000 0.000000 0.000000 0.000000 0.000000 0.000000
    105 0.000000 0.000000 0.000000 0.000000 0.000000 0.000000
    106 0.000000 0.000000 0.000000 0.000000 0.000000 0.000000
    107 0.000000 0.000000 0.000000 0.000000 0.000000 0.000000
    108 0.000000 0.000000 0.000000 0.000000 0.000000 0.000000
    109 0.000000 0.000000 0.000000 0.000000 0.000000 0.000000
    110 0.000000 0.000000 0.000000 0.000000 0.000000 0.000000
    111 0.000000 0.000000 0.000000 0.000000 0.000000 -1.570796
    112 0.515641 1.031281 0.250008 -0.005680 -0.033900 -1.394202
    113 0.000000 0.000000 0.000000 0.000000 0.000000 0.000000
    114 0.000000 0.000000 0.000000 0.000000 0.000000 -1.570796
    115 0.000000 0.000000 0.000000 0.000000 0.000000 0.000000
    116 0.000000 0.000000 0.000000 0.000000 0.000000 0.000000
    117 0.000000 0.000000 0.000000 0.000000 0.000000 0.000000
    118 0.000000 0.000000 0.000000 0.000000 0.000000 0.000000
    119 0.000000 0.000000 0.000000 0.000000 0.000000 0.000000
    120 0.000000 0.000000 0.000000 0.000000 0.000000 0.000000
    121 0.000000 0.000000 0.000000 0.000000 0.000000 0.000000
    122 0.000000 0.000000 0.000000 0.000000 0.000000 0.000000
    123 0.000000 0.000000 0.000000 0.000000 0.000000 0.000000
    124 0.000000 0.000000 0.000000 0.000000 0.000000 0.000000
    125 0.000000 0.000000 0.000000 0.000000 0.000000 0.000000
    126 0.000000 0.000000 0.000000 0.000000 0.000000 0.000000
    127 0.000000 0.000000 0.000000 0.000000 0.000000 0.000000
    128 0.000000 0.000000 0.000000 0.000000 0.000000 0.000000
    129 0.000000 0.000000 0.000000 0.000000 0.000000 0.000000
    130 0.000000 0.000000 0.000000 0.000000 0.000000 0.000000
    131 0.000000 0.000000 0.000000 0.000000 0.000000 0.000000
    132 0.000000 0.000000 0.000000 0.000000 0.000000 0.000000
    133 0.000000 0.000000 0.000000 0.000000 0.000000 0.000000
    134 0.000000 0.000000 0.000000 0.000000 0.000000 0.000000
    135 0.000000 0.000000 0.000000 0.000000 0.000000 0.000000
    136 0.000000 0.000000 0.000000 0.000000 0.000000 0.000000
    137 0.000000 0.000000 0.000000 0.000000 0.000000 0.000000
    138 0.000000 0.000000 0.000000 0.000000 0.000000 0.000000
    139 0.000000 0.000000 0.000000 0.000000 0.000000 0.000000
    140 0.000000 0.000000 0.000000 0.000000 0.000000 0.000000
    141 0.000000 0.000000 0.000000 0.000000 0.000000 0.000000
    142 0.000000 0.000000 0.000000 0.000000 0.000000 0.000000
    143 0.000000 0.000000 0.000000 0.000000 0.000000 0.000000
    144 0.000000 0.000000 0.000000 0.000000 0.000000 0.000000
    145 0.000000 0.000000 0.000000 0.000000 0.000000 0.000000
    146 0.000000 0.000000 0.000000 0.000000 0.000000 0.000000
    147 0.000000 0.000000 0.000000 0.000000 0.000000 0.000000
    148 0.000000 0.000000 0.000000 0.000000 0.000000 0.000000
    149 0.000000 0.000000 0.000000 0.000000 0.000000 0.000000
    150 0.000000 0.000000 0.000000 0.000000 0.000000 0.000000
    151 0.000000 0.000000 0.000000 0.000000 0.000000 0.000000
    152 0.000000 0.000000 0.000000 0.000000 0.000000 0.000000
    153 0.000000 0.000000 0.000000 0.000000 0.000000 0.000000
    154 0.000000 0.000000 0.000000 0.000000 0.000000 0.000000
    155 0.000000 0.000000 0.000000 0.000000 0.000000 0.000000
    156 0.000000 0.000000 0.000000 0.000000 0.000000 0.000000
    157 0.000000 0.000000 0.000000 0.000000 0.000000 0.000000
    158 0.000000 0.000000 0.000000 0.000000 0.000000 0.000000
    159 0.000000 0.000000 0.000000 0.000000 0.000000 0.000000
    160 0.000000 0.000000 0.000000 0.000000 0.000000 0.000000
    161 0.000000 0.000000 0.000000 0.000000 0.000000 0.000000
    162 0.000000 0.000000 0.000000 0.000000 0.000000 0.000000
    163 0.000000 0.000000 0.000000 0.000000 0.000000 0.000000
    164 0.000000 0.000000 0.000000 0.000000 0.000000 0.000000
    165 0.000000 0.000000 0.000000 0.000000 0.000000 0.000000
    166 0.000000 0.000000 0.000000 0.000000 0.000000 0.000000
    167 0.000000 0.000000 0.000000 0.000000 0.000000 0.000000
    168 0.000000 0.000000 0.000000 0.000000 0.000000 0.000000
    169 0.000000 0.000000 0.000000 0.000000 0.000000 0.000000
    170 0.000000 0.000000 0.000000 0.000000 0.000000 0.000000
    171 0.000000 0.000000 0.000000 0.000000 0.000000 0.000000
    172 0.000000 0.000000 0.000000 0.000000 0.000000 0.000000
    173 0.000000 0.000000 0.000000 0.000000 0.000000 0.000000
    174 0.000000 0.000000 0.000000 0.000000 0.000000 0.000000
    175 0.000000 0.000000 0.000000 0.000000 0.000000 0.000000
    176 0.000000 0.000000 0.000000 0.000000 0.000000 0.000000
    177 0.000000 0.000000 0.000000 0.000000 0.000000 0.000000
    178 0.000000 0.000000 0.000000 0.000000 0.000000 0.000000
    179 0.000000 0.000000 0.000000 0.000000 0.000000 0.000000
    180 0.000000 0.000000 0.000000 0.000000 0.000000 0.000000
    181 0.000000 0.000000 0.000000 0.000000 0.000000 0.000000
    182 0.000000 0.000000 0.000000 0.000000 0.000000 0.000000
    183 0.000000 0.000000 0.000000 0.000000 0.000000 0.000000
    184 0.000000 0.000000 0.000000 0.000000 0.000000 0.000000
    185 0.000000 0.000000 0.000000 0.000000 0.000000 0.000000
    186 0.000000 0.000000 0.000000 0.000000 0.000000 0.000000
    187 0.000000 0.000000 0.000000 0.000000 0.000000 0.000000
    188 0.000000 0.000000 0.000000 0.000000 0.000000 0.000000
    189 0.000000 0.000000 0.000000 0.000000 0.000000 0.000000
    190 0.000000 0.000000 0.000000 0.000000 0.000000 0.000000
    191 0.000000 0.000000 0.000000 0.020744 -0.000012 -0.000036
    192 0.000000 0.000000 0.000000 0.000000 0.000000 0.000000
    193 0.000000 0.000000 0.000000 0.000000 0.000000 0.000000
    194 0.000000 0.000000 0.000000 0.000000 0.000000 0.000000
    195 0.000000 0.000000 0.000000 0.000000 0.000000 0.000000
    196 0.000000 0.000000 0.000000 0.000000 0.000000 0.000000
    197 0.000000 0.000000 0.000000 0.000000 0.000000 0.000000
    198 0.000000 0.000000 0.000000 0.000000 0.000000 0.000000
    199 0.000000 0.000000 0.000000 0.000000 0.000000 0.000000
    200 0.000000 0.000000 0.000000 0.000000 0.000000 0.000000
    201 0.000000 0.000000 0.000000 0.000000 0.000000 0.000000
    202 0.000000 0.000000 0.000000 0.000000 0.000000 0.000000
    203 0.000000 0.000000 0.000000 0.000000 0.000000 0.000000
    204 0.000000 0.000000 0.000000 0.000000 0.000000 0.000000
    205 0.000000 0.000000 0.000000 0.000000 0.000000 0.000000
    206 0.000000 0.000000 0.000000 0.000000 0.000000 0.000000
    207 0.000000 0.000000 0.000000 0.000000 0.000000 0.000000
    208 0.000000 0.000000 0.000000 0.000000 0.000000 0.000000
    209 0.000000 0.000000 0.000000 0.000000 0.000000 0.000000
    210 0.000000 0.000000 0.000000 0.000000 0.000000 0.000000
    211 0.000000 0.000000 0.000000 0.000000 0.000000 0.000000
    212 0.000000 0.000000 0.000000 0.000000 0.000000 0.000000
    213 0.000000 0.000000 0.000000 0.000000 0.000000 0.000000
    214 0.000000 0.000000 0.000000 0.000000 0.000000 0.000000
    215 0.000000 0.000000 0.000000 0.000000 0.000000 0.000000
    216 0.000000 0.000000 0.000000 0.000000 0.000000 0.000000
    217 0.000000 0.000000 0.000000 0.000000 0.000000 0.000000
    218 0.000000 0.000000 0.000000 0.000000 0.000000 0.000000
    219 0.000000 0.000000 0.000000 0.000000 0.000000 0.000000
    220 0.000000 0.000000 0.000000 0.000000 0.000000 0.000000
    221 0.000000 0.000000 0.000000 0.000000 0.000000 0.000000
    222 0.000000 0.000000 0.000000 0.000000 0.000000 0.000000
    223 0.000000 0.000000 0.000000 0.000000 0.000000 0.000000
    224 0.000000 0.000000 0.000000 0.000000 0.000000 0.000000
    225 0.000000 0.000000 0.000000 0.000000 0.000000 0.000000
    226 0.000000 0.000000 0.000000 0.000000 0.000000 0.000000
    227 -1.187536 2.339915 0.601581 -0.005680 -0.033895 0.176593
    228 0.000000 0.000000 0.000000 0.000000 0.000000 0.000000
    229 0.000000 0.000000 0.000000 0.000000 0.000000 0.000000
    230 0.000000 0.000000 0.000000 0.001594 0.000000 0.000000
    231 0.000000 0.000000 0.000000 0.000000 0.000000 0.000000
    232 0.000000 0.000000 0.000000 0.000000 0.000000 0.000000
    233 0.000000 0.000000 0.000000 0.000000 0.000000 0.000000
    234 2.992279 1.171911 0.730491 -0.005679 -0.033907 -1.394259
    235 0.000000 0.000000 0.000000 0.000000 0.000000 0.000000
    236 0.000000 0.000000 0.000000 0.000000 0.000000 0.000000
    237 0.000000 0.000000 0.000000 0.000000 0.000000 0.000000
    238 0.000000 0.000000 0.000000 0.000000 0.000000 0.000000
    239 0.000000 0.000000 0.000000 0.000000 0.000000 0.000000
    240 0.000000 0.000000 0.000000 0.000000 0.000000 0.000000
    241 0.000000 0.000000 0.000000 0.000000 0.000000 0.000000
    242 0.000000 0.000000 0.000000 0.000000 0.000000 0.000000
    243 0.000000 0.000000 0.000000 0.000000 0.000000 0.000000
    244 0.000000 0.000000 0.000000 0.000000 0.000000 0.000000
    245 0.000000 0.000000 0.000000 0.000000 0.000000 0.000000
    246 0.000000 0.000000 0.000000 0.000000 0.000000 -1.570796
  time 19
    0 0.000000 0.000000 0.000000 0.000000 0.000000 -1.570796
    1 0.000000 0.000000 0.000000 0.000000 0.000000 0.000000
    2 0.000000 0.000000 0.000000 0.000000 0.000000 0.000000
    3 0.000000 0.000000 0.000000 0.000000 0.000000 0.000000
    4 0.000000 0.000000 0.000000 0.000000 0.000000 0.000000
    5 0.000000 0.000000 0.000000 0.000000 0.000000 0.000000
    6 0.000000 0.000000 0.000000 0.000000 0.000000 0.000000
    7 0.000000 0.000000 0.000000 0.000000 0.000000 0.000000
    8 -1.703177 -0.960967 0.265633 0.125032 -0.003633 -0.156879
    9 0.000000 0.000000 0.000000 -0.068540 0.026833 0.108722
    10 0.000000 0.000000 0.000000 0.000000 0.000000 0.000000
    11 0.000000 0.000000 0.000000 0.000000 0.000000 0.000000
    12 0.000000 0.000000 0.000000 0.000000 0.000000 0.000000
    13 0.000000 0.000000 0.000000 0.019154 0.000000 -0.000024
    14 0.000000 0.000000 0.000000 -0.000060 0.000000 -0.154885
    15 0.000000 0.000000 0.000000 0.000000 0.000000 0.000000
    16 0.000000 0.000000 0.000000 0.000000 0.000000 0.000000
    17 0.000000 0.000000 0.000000 0.000000 0.000000 0.000000
    18 0.000000 0.000000 0.000000 0.000000 0.000000 0.000000
    19 0.000000 0.000000 0.000000 0.046258 0.000000 -0.000012
    20 0.160161 0.050783 0.000000 0.000000 0.000000 0.077400
    21 0.000000 0.000000 0.000000 0.072204 -0.149820 -0.030902
    22 0.000000 0.000000 0.000000 0.000000 0.000000 0.000000
    23 0.000000 0.000000 0.000000 0.000000 0.000000 0.000000
    24 0.000000 0.000000 0.000000 0.000000 0.000000 0.000000
    25 0.000000 0.000000 0.000000 0.000000 0.000000 0.000000
    26 0.000000 0.000000 0.000000 0.000000 0.000000 0.000000
    27 0.000000 0.000000 0.000000 0.000000 0.000000 0.000000
    28 0.000000 0.000000 0.000000 0.000000 0.000000 0.000000
    29 0.000000 0.000000 0.000000 0.000000 0.000000 0.000000
    30 0.000000 0.000000 0.000000 0.000000 0.000000 0.000000
    31 0.000000 0.000000 0.000000 0.000000 0.000000 0.000000
    32 0.000000 0.000000 0.000000 0.000000 0.000000 0.000000
    33 0.000000 0.000000 0.000000 0.000000 0.000000 0.000000
    34 0.000000 0.000000 0.000000 0.000000 0.000000 0.000000
    35 0.000000 0.000000 0.000000 0.000000 0.000000 0.000000
    36 0.000000 0.000000 0.000000 0.000000 0.000000 0.000000
    37 0.000000 0.000000 0.000000 0.000000 0.000000 0.000000
    38 0.000000 0.000000 0.000000 0.000000 0.000000 0.000000
    39 0.000000 0.000000 0.000000 0.000000 0.000000 0.000000
    40 0.000000 0.000000 0.000000 0.000000 0.000000 0.000000
    41 0.000000 0.000000 0.000000 0.000000 0.000000 0.000000
    42 0.000000 0.000000 0.000000 0.000000 0.000000 0.000000
    43 0.000000 0.000000 0.000000 0.000000 0.000000 0.000000
    44 0.000000 0.000000 0.000000 0.000000 0.000000 0.000000
    45 0.000000 0.000000 0.000000 0.000000 0.000000 0.000000
    46 0.000000 0.000000 0.000000 0.000000 0.000000 0.000000
    47 0.000000 0.000000 0.000000 0.000000 0.000000 0.000000
    48 0.000000 0.000000 0.000000 0.000000 0.000000 0.000000
    49 0.000000 0.000000 0.000000 0.000000 0.000000 0.000000
    50 0.000000 0.000000 0.000000 0.000000 0.000000 0.000000
    51 0.000000 0.000000 0.000000 0.000000 0.000000 0.000000
    52 0.000000 0.000000 0.000000 0.000000 0.000000 0.000000
    53 0.000000 0.000000 0.000000 0.000000 0.000000 0.000000
    54 0.000000 0.000000 0.000000 0.000000 0.000000 0.000000
    55 0.000000 0.000000 0.000000 0.000000 0.000000 0.000000
    56 0.000000 0.000000 0.000000 0.000000 0.000000 0.000000
    57 0.000000 0.000000 0.000000 0.000000 0.000000 0.000000
    58 0.000000 0.000000 0.000000 0.000000 0.000000 0.000000
    59 0.000000 0.000000 0.000000 0.000000 0.000000 0.000000
    60 0.000000 0.000000 0.000000 0.000000 0.000000 0.000000
    61 0.000000 0.000000 0.000000 0.000000 0.000000 0.000000
    62 0.000000 0.000000 0.000000 0.000000 0.000000 0.000000
    63 0.000000 0.000000 0.000000 0.000000 0.000000 0.000000
    64 0.000000 0.000000 0.000000 0.000000 0.000000 0.000000
    65 0.000000 0.000000 0.000000 0.000000 0.000000 0.000000
    66 0.000000 0.000000 0.000000 0.000000 0.000000 0.000000
    67 0.000000 0.000000 0.000000 0.000000 0.000000 0.000000
    68 0.000000 0.000000 0.000000 0.000000 0.000000 0.000000
    69 0.000000 0.000000 0.000000 0.000000 0.000000 0.000000
    70 0.000000 0.000000 0.000000 0.000000 0.000000 0.000000
    71 0.000000 0.000000 0.000000 0.000000 0.000000 0.000000
    72 0.000000 0.000000 0.000000 0.000000 0.000000 0.000000
    73 0.000000 0.000000 0.000000 0.000000 0.000000 0.000000
    74 0.000000 0.000000 0.000000 0.000000 0.000000 0.000000
    75 0.000000 0.000000 0.000000 0.000000 0.000000 0.000000
    76 0.000000 0.000000 0.000000 0.000000 0.000000 0.000000
    77 0.000000 0.000000 0.000000 0.000000 0.000000 0.000000
    78 0.000000 0.000000 0.000000 0.000000 0.000000 0.000000
    79 0.000000 0.000000 0.000000 0.000000 0.000000 0.000000
    80 0.000000 0.000000 0.000000 0.000000 0.000000 0.000000
    81 0.000000 0.000000 0.000000 0.000000 0.000000 0.000000
    82 0.000000 0.000000 0.000000 0.000000 0.000000 0.000000
    83 0.000000 0.000000 0.000000 0.000000 0.000000 0.000000
    84 0.000000 0.000000 0.000000 0.000000 0.000000 0.000000
    85 0.000000 0.000000 0.000000 0.000000 0.000000 0.000000
    86 0.000000 0.000000 0.000000 0.000000 0.000000 0.000000
    87 0.000000 0.000000 0.000000 0.000000 0.000000 0.000000
    88 0.000000 0.000000 0.000000 0.000000 0.000000 0.000000
    89 0.000000 0.000000 0.000000 0.000000 0.000000 0.000000
    90 0.000000 0.000000 0.000000 0.000000 0.000000 0.000000
    91 0.000000 0.000000 0.000000 0.000000 0.000000 0.000000
    92 0.000000 0.000000 0.000000 0.000000 0.000000 0.000000
    93 0.000000 0.000000 0.000000 0.000000 0.000000 0.000000
    94 0.000000 0.000000 0.000000 0.000000 0.000000 0.000000
    95 0.000000 0.000000 0.000000 0.000000 0.000000 0.000000
    96 0.000000 0.000000 0.000000 0.000000 0.000000 0.000000
    97 0.000000 0.000000 0.000000 0.000000 0.000000 0.000000
    98 0.000000 0.000000 0.000000 0.000000 0.000000 0.000000
    99 0.000000 0.000000 0.000000 0.000000 0.000000 0.000000
    100 0.000000 0.000000 0.000000 0.000000 0.000000 0.000000
    101 0.000000 0.000000 0.000000 0.000000 0.000000 0.000000
    102 0.000000 0.000000 0.000000 0.000000 0.000000 0.000000
    103 0.000000 0.000000 0.000000 0.000000 0.000000 0.000000
    104 0.000000 0.000000 0.000000 0.000000 0.000000 0.000000
    105 0.000000 0.000000 0.000000 0.000000 0.000000 0.000000
    106 0.000000 0.000000 0.000000 0.000000 0.000000 0.000000
    107 0.000000 0.000000 0.000000 0.000000 0.000000 0.000000
    108 0.000000 0.000000 0.000000 0.000000 0.000000 0.000000
    109 0.000000 0.000000 0.000000 0.000000 0.000000 0.000000
    110 0.000000 0.000000 0.000000 0.000000 0.000000 0.000000
    111 0.000000 0.000000 0.000000 0.000000 0.000000 -1.570796
    112 0.492203 1.187536 0.312510 -0.034602 -0.040476 -1.376860
    113 0.000000 0.000000 0.000000 0.000000 0.000000 0.000000
    114 0.000000 0.000000 0.000000 0.000000 0.000000 -1.570796
    115 0.000000 0.000000 0.000000 0.000000 0.000000 0.000000
    116 0.000000 0.000000 0.000000 0.000000 0.000000 0.000000
    117 0.000000 0.000000 0.000000 0.000000 0.000000 0.000000
    118 0.000000 0.000000 0.000000 0.000000 0.000000 0.000000
    119 0.000000 0.000000 0.000000 0.000000 0.000000 0.000000
    120 0.000000 0.000000 0.000000 0.000000 0.000000 0.000000
    121 0.000000 0.000000 0.000000 0.000000 0.000000 0.000000
    122 0.000000 0.000000 0.000000 0.000000 0.000000 0.000000
    123 0.000000 0.000000 0.000000 0.000000 0.000000 0.000000
    124 0.000000 0.000000 0.000000 0.000000 0.000000 0.000000
    125 0.000000 0.000000 0.000000 0.000000 0.000000 0.000000
    126 0.000000 0.000000 0.000000 0.000000 0.000000 0.000000
    127 0.000000 0.000000 0.000000 0.000000 0.000000 0.000000
    128 0.000000 0.000000 0.000000 0.000000 0.000000 0.000000
    129 0.000000 0.000000 0.000000 0.000000 0.000000 0.000000
    130 0.000000 0.000000 0.000000 0.000000 0.000000 0.000000
    131 0.000000 0.000000 0.000000 0.000000 0.000000 0.000000
    132 0.000000 0.000000 0.000000 0.000000 0.000000 0.000000
    133 0.000000 0.000000 0.000000 0.000000 0.000000 0.000000
    134 0.000000 0.000000 0.000000 0.000000 0.000000 0.000000
    135 0.000000 0.000000 0.000000 0.000000 0.000000 0.000000
    136 0.000000 0.000000 0.000000 0.000000 0.000000 0.000000
    137 0.000000 0.000000 0.000000 0.000000 0.000000 0.000000
    138 0.000000 0.000000 0.000000 0.000000 0.000000 0.000000
    139 0.000000 0.000000 0.000000 0.000000 0.000000 0.000000
    140 0.000000 0.000000 0.000000 0.000000 0.000000 0.000000
    141 0.000000 0.000000 0.000000 0.000000 0.000000 0.000000
    142 0.000000 0.000000 0.000000 0.000000 0.000000 0.000000
    143 0.000000 0.000000 0.000000 0.000000 0.000000 0.000000
    144 0.000000 0.000000 0.000000 0.000000 0.000000 0.000000
    145 0.000000 0.000000 0.000000 0.000000 0.000000 0.000000
    146 0.000000 0.000000 0.000000 0.000000 0.000000 0.000000
    147 0.000000 0.000000 0.000000 0.000000 0.000000 0.000000
    148 0.000000 0.000000 0.000000 0.000000 0.000000 0.000000
    149 0.000000 0.000000 0.000000 0.000000 0.000000 0.000000
    150 0.000000 0.000000 0.000000 0.000000 0.000000 0.000000
    151 0.000000 0.000000 0.000000 0.000000 0.000000 0.000000
    152 0.000000 0.000000 0.000000 0.000000 0.000000 0.000000
    153 0.000000 0.000000 0.000000 0.000000 0.000000 0.000000
    154 0.000000 0.000000 0.000000 0.000000 0.000000 0.000000
    155 0.000000 0.000000 0.000000 0.000000 0.000000 0.000000
    156 0.000000 0.000000 0.000000 0.000000 0.000000 0.000000
    157 0.000000 0.000000 0.000000 0.000000 0.000000 0.000000
    158 0.000000 0.000000 0.000000 0.000000 0.000000 0.000000
    159 0.000000 0.000000 0.000000 0.000000 0.000000 0.000000
    160 0.000000 0.000000 0.000000 0.000000 0.000000 0.000000
    161 0.000000 0.000000 0.000000 0.000000 0.000000 0.000000
    162 0.000000 0.000000 0.000000 0.000000 0.000000 0.000000
    163 0.000000 0.000000 0.000000 0.000000 0.000000 0.000000
    164 0.000000 0.000000 0.000000 0.000000 0.000000 0.000000
    165 0.000000 0.000000 0.000000 0.000000 0.000000 0.000000
    166 0.000000 0.000000 0.000000 0.000000 0.000000 0.000000
    167 0.000000 0.000000 0.000000 0.000000 0.000000 0.000000
    168 0.000000 0.000000 0.000000 0.000000 0.000000 0.000000
    169 0.000000 0.000000 0.000000 0.000000 0.000000 0.000000
    170 0.000000 0.000000 0.000000 0.000000 0.000000 0.000000
    171 0.000000 0.000000 0.000000 0.000000 0.000000 0.000000
    172 0.000000 0.000000 0.000000 0.000000 0.000000 0.000000
    173 0.000000 0.000000 0.000000 0.000000 0.000000 0.000000
    174 0.000000 0.000000 0.000000 0.000000 0.000000 0.000000
    175 0.000000 0.000000 0.000000 0.000000 0.000000 0.000000
    176 0.000000 0.000000 0.000000 0.000000 0.000000 0.000000
    177 0.000000 0.000000 0.000000 0.000000 0.000000 0.000000
    178 0.000000 0.000000 0.000000 0.000000 0.000000 0.000000
    179 0.000000 0.000000 0.000000 0.000000 0.000000 0.000000
    180 0.000000 0.000000 0.000000 0.000000 0.000000 0.000000
    181 0.000000 0.000000 0.000000 0.000000 0.000000 0.000000
    182 0.000000 0.000000 0.000000 0.000000 0.000000 0.000000
    183 0.000000 0.000000 0.000000 0.000000 0.000000 0.000000
    184 0.000000 0.000000 0.000000 0.000000 0.000000 0.000000
    185 0.000000 0.000000 0.000000 0.000000 0.000000 0.000000
    186 0.000000 0.000000 0.000000 0.000000 0.000000 0.000000
    187 0.000000 0.000000 0.000000 0.000000 0.000000 0.000000
    188 0.000000 0.000000 0.000000 0.000000 0.000000 0.000000
    189 0.000000 0.000000 0.000000 0.000000 0.000000 0.000000
    190 0.000000 0.000000 0.000000 0.000000 0.000000 0.000000
    191 0.000000 0.000000 0.000000 0.023119 -0.000036 -0.000012
    192 0.000000 0.000000 0.000000 0.000000 0.000000 0.000000
    193 0.000000 0.000000 0.000000 0.000000 0.000000 0.000000
    194 0.000000 0.000000 0.000000 0.000000 0.000000 0.000000
    195 0.000000 0.000000 0.000000 0.000000 0.000000 0.000000
    196 0.000000 0.000000 0.000000 0.000000 0.000000 0.000000
    197 0.000000 0.000000 0.000000 0.000000 0.000000 0.000000
    198 0.000000 0.000000 0.000000 0.000000 0.000000 0.000000
    199 0.000000 0.000000 0.000000 0.000000 0.000000 0.000000
    200 0.000000 0.000000 0.000000 0.000000 0.000000 0.000000
    201 0.000000 0.000000 0.000000 0.000000 0.000000 0.000000
    202 0.000000 0.000000 0.000000 0.000000 0.000000 0.000000
    203 0.000000 0.000000 0.000000 0.000000 0.000000 0.000000
    204 0.000000 0.000000 0.000000 0.000000 0.000000 0.000000
    205 0.000000 0.000000 0.000000 0.000000 0.000000 0.000000
    206 0.000000 0.000000 0.000000 0.000000 0.000000 0.000000
    207 0.000000 0.000000 0.000000 0.000000 0.000000 0.000000
    208 0.000000 0.000000 0.000000 0.000000 0.000000 0.000000
    209 0.000000 0.000000 0.000000 0.000000 0.000000 0.000000
    210 0.000000 0.000000 0.000000 0.000000 0.000000 0.000000
    211 0.000000 0.000000 0.000000 0.000000 0.000000 0.000000
    212 0.000000 0.000000 0.000000 0.000000 0.000000 0.000000
    213 0.000000 0.000000 0.000000 0.000000 0.000000 0.000000
    214 0.000000 0.000000 0.000000 0.000000 0.000000 0.000000
    215 0.000000 0.000000 0.000000 0.000000 0.000000 0.000000
    216 0.000000 0.000000 0.000000 0.000000 0.000000 0.000000
    217 0.000000 0.000000 0.000000 0.000000 0.000000 0.000000
    218 0.000000 0.000000 0.000000 0.000000 0.000000 0.000000
    219 0.000000 0.000000 0.000000 0.000000 0.000000 0.000000
    220 0.000000 0.000000 0.000000 0.000000 0.000000 0.000000
    221 0.000000 0.000000 0.000000 0.000000 0.000000 0.000000
    222 0.000000 0.000000 0.000000 0.000000 0.000000 0.000000
    223 0.000000 0.000000 0.000000 0.000000 0.000000 0.000000
    224 0.000000 0.000000 0.000000 0.000000 0.000000 0.000000
    225 0.000000 0.000000 0.000000 0.000000 0.000000 0.000000
    226 0.000000 0.000000 0.000000 0.000000 0.000000 0.000000
    227 -1.375042 2.484451 0.730491 -0.034602 -0.040470 0.193935
    228 0.000000 0.000000 0.000000 0.000000 0.000000 0.000000
    229 0.000000 0.000000 0.000000 0.000000 0.000000 0.000000
    230 0.000000 0.000000 0.000000 0.002193 0.000000 0.000000
    231 0.000000 0.000000 0.000000 0.000000 0.000000 0.000000
    232 0.000000 0.000000 0.000000 0.000000 0.000000 0.000000
    233 0.000000 0.000000 0.000000 0.000000 0.000000 0.000000
    234 3.140721 1.343791 0.886746 -0.034597 -0.040471 -1.376826
    235 0.000000 0.000000 0.000000 0.000000 0.000000 0.000000
    236 0.000000 0.000000 0.000000 0.000000 0.000000 0.000000
    237 0.000000 0.000000 0.000000 0.000000 0.000000 0.000000
    238 0.000000 0.000000 0.000000 0.000000 0.000000 0.000000
    239 0.000000 0.000000 0.000000 0.000000 0.000000 0.000000
    240 0.000000 0.000000 0.000000 0.000000 0.000000 0.000000
    241 0.000000 0.000000 0.000000 0.000000 0.000000 0.000000
    242 0.000000 0.000000 0.000000 0.000000 0.000000 0.000000
    243 0.000000 0.000000 0.000000 0.000000 0.000000 0.000000
    244 0.000000 0.000000 0.000000 0.000000 0.000000 0.000000
    245 0.000000 0.000000 0.000000 0.000000 0.000000 0.000000
    246 0.000000 0.000000 0.000000 0.000000 0.000000 -1.570796
  time 20
    0 0.000000 0.000000 0.000000 0.000000 0.000000 -1.570796
    1 0.000000 0.000000 0.000000 0.000000 0.000000 0.000000
    2 0.000000 0.000000 0.000000 0.000000 0.000000 0.000000
    3 0.000000 0.000000 0.000000 0.000000 0.000000 0.000000
    4 0.000000 0.000000 0.000000 0.000000 0.000000 0.000000
    5 0.000000 0.000000 0.000000 0.000000 0.000000 0.000000
    6 0.000000 0.000000 0.000000 0.000000 0.000000 0.000000
    7 0.000000 0.000000 0.000000 0.000000 0.000000 0.000000
    8 -1.804743 -0.980499 0.179693 0.144406 0.016494 -0.154389
    9 0.000000 0.000000 0.000000 -0.061466 0.023353 0.097554
    10 0.000000 0.000000 0.000000 0.000000 0.000000 0.000000
    11 0.000000 0.000000 0.000000 0.000000 0.000000 0.000000
    12 0.000000 0.000000 0.000000 0.000000 0.000000 0.000000
    13 0.000000 0.000000 0.000000 0.017243 0.000000 -0.000060
    14 0.000000 0.000000 0.000000 0.000000 0.000000 -0.142841
    15 0.000000 0.000000 0.000000 0.000000 0.000000 0.000000
    16 0.000000 0.000000 0.000000 0.000000 0.000000 0.000000
    17 0.000000 0.000000 0.000000 0.000000 0.000000 0.000000
    18 0.000000 0.000000 0.000000 0.000000 0.000000 0.000000
    19 0.000000 0.000000 0.000000 0.050944 0.000000 0.000000
    20 0.156255 0.050783 0.000000 0.000000 -0.000060 0.071417
    21 0.000000 0.000000 0.000000 0.045551 -0.164432 -0.042435
    22 0.000000 0.000000 0.000000 0.000000 0.000000 0.000000
    23 0.000000 0.000000 0.000000 0.000000 0.000000 0.000000
    24 0.000000 0.000000 0.000000 0.000000 0.000000 0.000000
    25 0.000000 0.000000 0.000000 0.000000 0.000000 0.000000
    26 0.000000 0.000000 0.000000 0.000000 0.000000 0.000000
    27 0.000000 0.000000 0.000000 0.000000 0.000000 0.000000
    28 0.000000 0.000000 0.000000 0.000000 0.000000 0.000000
    29 0.000000 0.000000 0.000000 0.000000 0.000000 0.000000
    30 0.000000 0.000000 0.000000 0.000000 0.000000 0.000000
    31 0.000000 0.000000 0.000000 0.000000 0.000000 0.000000
    32 0.000000 0.000000 0.000000 0.000000 0.000000 0.000000
    33 0.000000 0.000000 0.000000 0.000000 0.000000 0.000000
    34 0.000000 0.000000 0.000000 0.000000 0.000000 0.000000
    35 0.000000 0.000000 0.000000 0.000000 0.000000 0.000000
    36 0.000000 0.000000 0.000000 0.000000 0.000000 0.000000
    37 0.000000 0.000000 0.000000 0.000000 0.000000 0.000000
    38 0.000000 0.000000 0.000000 0.000000 0.000000 0.000000
    39 0.000000 0.000000 0.000000 0.000000 0.000000 0.000000
    40 0.000000 0.000000 0.000000 0.000000 0.000000 0.000000
    41 0.000000 0.000000 0.000000 0.000000 0.000000 0.000000
    42 0.000000 0.000000 0.000000 0.000000 0.000000 0.000000
    43 0.000000 0.000000 0.000000 0.000000 0.000000 0.000000
    44 0.000000 0.000000 0.000000 0.000000 0.000000 0.000000
    45 0.000000 0.000000 0.000000 0.000000 0.000000 0.000000
    46 0.000000 0.000000 0.000000 0.000000 0.000000 0.000000
    47 0.000000 0.000000 0.000000 0.000000 0.000000 0.000000
    48 0.000000 0.000000 0.000000 0.000000 0.000000 0.000000
    49 0.000000 0.000000 0.000000 0.000000 0.000000 0.000000
    50 0.000000 0.000000 0.000000 0.000000 0.000000 0.000000
    51 0.000000 0.000000 0.000000 0.000000 0.000000 0.000000
    52 0.000000 0.000000 0.000000 0.000000 0.000000 0.000000
    53 0.000000 0.000000 0.000000 0.000000 0.000000 0.000000
    54 0.000000 0.000000 0.000000 0.000000 0.000000 0.000000
    55 0.000000 0.000000 0.000000 0.000000 0.000000 0.000000
    56 0.000000 0.000000 0.000000 0.000000 0.000000 0.000000
    57 0.000000 0.000000 0.000000 0.000000 0.000000 0.000000
    58 0.000000 0.000000 0.000000 0.000000 0.000000 0.000000
    59 0.000000 0.000000 0.000000 0.000000 0.000000 0.000000
    60 0.000000 0.000000 0.000000 0.000000 0.000000 0.000000
    61 0.000000 0.000000 0.000000 0.000000 0.000000 0.000000
    62 0.000000 0.000000 0.000000 0.000000 0.000000 0.000000
    63 0.000000 0.000000 0.000000 0.000000 0.000000 0.000000
    64 0.000000 0.000000 0.000000 0.000000 0.000000 0.000000
    65 0.000000 0.000000 0.000000 0.000000 0.000000 0.000000
    66 0.000000 0.000000 0.000000 0.000000 0.000000 0.000000
    67 0.000000 0.000000 0.000000 0.000000 0.000000 0.000000
    68 0.000000 0.000000 0.000000 0.000000 0.000000 0.000000
    69 0.000000 0.000000 0.000000 0.000000 0.000000 0.000000
    70 0.000000 0.000000 0.000000 0.000000 0.000000 0.000000
    71 0.000000 0.000000 0.000000 0.000000 0.000000 0.000000
    72 0.000000 0.000000 0.000000 0.000000 0.000000 0.000000
    73 0.000000 0.000000 0.000000 0.000000 0.000000 0.000000
    74 0.000000 0.000000 0.000000 0.000000 0.000000 0.000000
    75 0.000000 0.000000 0.000000 0.000000 0.000000 0.000000
    76 0.000000 0.000000 0.000000 0.000000 0.000000 0.000000
    77 0.000000 0.000000 0.000000 0.000000 0.000000 0.000000
    78 0.000000 0.000000 0.000000 0.000000 0.000000 0.000000
    79 0.000000 0.000000 0.000000 0.000000 0.000000 0.000000
    80 0.000000 0.000000 0.000000 0.000000 0.000000 0.000000
    81 0.000000 0.000000 0.000000 0.000000 0.000000 0.000000
    82 0.000000 0.000000 0.000000 0.000000 0.000000 0.000000
    83 0.000000 0.000000 0.000000 0.000000 0.000000 0.000000
    84 0.000000 0.000000 0.000000 0.000000 0.000000 0.000000
    85 0.000000 0.000000 0.000000 0.000000 0.000000 0.000000
    86 0.000000 0.000000 0.000000 0.000000 0.000000 0.000000
    87 0.000000 0.000000 0.000000 0.000000 0.000000 0.000000
    88 0.000000 0.000000 0.000000 0.000000 0.000000 0.000000
    89 0.000000 0.000000 0.000000 0.000000 0.000000 0.000000
    90 0.000000 0.000000 0.000000 0.000000 0.000000 0.000000
    91 0.000000 0.000000 0.000000 0.000000 0.000000 0.000000
    92 0.000000 0.000000 0.000000 0.000000 0.000000 0.000000
    93 0.000000 0.000000 0.000000 0.000000 0.000000 0.000000
    94 0.000000 0.000000 0.000000 0.000000 0.000000 0.000000
    95 0.000000 0.000000 0.000000 0.000000 0.000000 0.000000
    96 0.000000 0.000000 0.000000 0.000000 0.000000 0.000000
    97 0.000000 0.000000 0.000000 0.000000 0.000000 0.000000
    98 0.000000 0.000000 0.000000 0.000000 0.000000 0.000000
    99 0.000000 0.000000 0.000000 0.000000 0.000000 0.000000
    100 0.000000 0.000000 0.000000 0.000000 0.000000 0.000000
    101 0.000000 0.000000 0.000000 0.000000 0.000000 0.000000
    102 0.000000 0.000000 0.000000 0.000000 0.000000 0.000000
    103 0.000000 0.000000 0.000000 0.000000 0.000000 0.000000
    104 0.000000 0.000000 0.000000 0.000000 0.000000 0.000000
    105 0.000000 0.000000 0.000000 0.000000 0.000000 0.000000
    106 0.000000 0.000000 0.000000 0.000000 0.000000 0.000000
    107 0.000000 0.000000 0.000000 0.000000 0.000000 0.000000
    108 0.000000 0.000000 0.000000 0.000000 0.000000 0.000000
    109 0.000000 0.000000 0.000000 0.000000 0.000000 0.000000
    110 0.000000 0.000000 0.000000 0.000000 0.000000 0.000000
    111 0.000000 0.000000 0.000000 0.000000 0.000000 -1.570796
    112 0.460952 1.230506 0.292978 -0.062038 -0.043897 -1.370613
    113 0.000000 0.000000 0.000000 0.000000 0.000000 0.000000
    114 0.000000 0.000000 0.000000 0.000000 0.000000 -1.570796
    115 0.000000 0.000000 0.000000 0.000000 0.000000 0.000000
    116 0.000000 0.000000 0.000000 0.000000 0.000000 0.000000
    117 0.000000 0.000000 0.000000 0.000000 0.000000 0.000000
    118 0.000000 0.000000 0.000000 0.000000 0.000000 0.000000
    119 0.000000 0.000000 0.000000 0.000000 0.000000 0.000000
    120 0.000000 0.000000 0.000000 0.000000 0.000000 0.000000
    121 0.000000 0.000000 0.000000 0.000000 0.000000 0.000000
    122 0.000000 0.000000 0.000000 0.000000 0.000000 0.000000
    123 0.000000 0.000000 0.000000 0.000000 0.000000 0.000000
    124 0.000000 0.000000 0.000000 0.000000 0.000000 0.000000
    125 0.000000 0.000000 0.000000 0.000000 0.000000 0.000000
    126 0.000000 0.000000 0.000000 0.000000 0.000000 0.000000
    127 0.000000 0.000000 0.000000 0.000000 0.000000 0.000000
    128 0.000000 0.000000 0.000000 0.000000 0.000000 0.000000
    129 0.000000 0.000000 0.000000 0.000000 0.000000 0.000000
    130 0.000000 0.000000 0.000000 0.000000 0.000000 0.000000
    131 0.000000 0.000000 0.000000 0.000000 0.000000 0.000000
    132 0.000000 0.000000 0.000000 0.000000 0.000000 0.000000
    133 0.000000 0.000000 0.000000 0.000000 0.000000 0.000000
    134 0.000000 0.000000 0.000000 0.000000 0.000000 0.000000
    135 0.000000 0.000000 0.000000 0.000000 0.000000 0.000000
    136 0.000000 0.000000 0.000000 0.000000 0.000000 0.000000
    137 0.000000 0.000000 0.000000 0.000000 0.000000 0.000000
    138 0.000000 0.000000 0.000000 0.000000 0.000000 0.000000
    139 0.000000 0.000000 0.000000 0.000000 0.000000 0.000000
    140 0.000000 0.000000 0.000000 0.000000 0.000000 0.000000
    141 0.000000 0.000000 0.000000 0.000000 0.000000 0.000000
    142 0.000000 0.000000 0.000000 0.000000 0.000000 0.000000
    143 0.000000 0.000000 0.000000 0.000000 0.000000 0.000000
    144 0.000000 0.000000 0.000000 0.000000 0.000000 0.000000
    145 0.000000 0.000000 0.000000 0.000000 0.000000 0.000000
    146 0.000000 0.000000 0.000000 0.000000 0.000000 0.000000
    147 0.000000 0.000000 0.000000 0.000000 0.000000 0.000000
    148 0.000000 0.000000 0.000000 0.000000 0.000000 0.000000
    149 0.000000 0.000000 0.000000 0.000000 0.000000 0.000000
    150 0.000000 0.000000 0.000000 0.000000 0.000000 0.000000
    151 0.000000 0.000000 0.000000 0.000000 0.000000 0.000000
    152 0.000000 0.000000 0.000000 0.000000 0.000000 0.000000
    153 0.000000 0.000000 0.000000 0.000000 0.000000 0.000000
    154 0.000000 0.000000 0.000000 0.000000 0.000000 0.000000
    155 0.000000 0.000000 0.000000 0.000000 0.000000 0.000000
    156 0.000000 0.000000 0.000000 0.000000 0.000000 0.000000
    157 0.000000 0.000000 0.000000 0.000000 0.000000 0.000000
    158 0.000000 0.000000 0.000000 0.000000 0.000000 0.000000
    159 0.000000 0.000000 0.000000 0.000000 0.000000 0.000000
    160 0.000000 0.000000 0.000000 0.000000 0.000000 0.000000
    161 0.000000 0.000000 0.000000 0.000000 0.000000 0.000000
    162 0.000000 0.000000 0.000000 0.000000 0.000000 0.000000
    163 0.000000 0.000000 0.000000 0.000000 0.000000 0.000000
    164 0.000000 0.000000 0.000000 0.000000 0.000000 0.000000
    165 0.000000 0.000000 0.000000 0.000000 0.000000 0.000000
    166 0.000000 0.000000 0.000000 0.000000 0.000000 0.000000
    167 0.000000 0.000000 0.000000 0.000000 0.000000 0.000000
    168 0.000000 0.000000 0.000000 0.000000 0.000000 0.000000
    169 0.000000 0.000000 0.000000 0.000000 0.000000 0.000000
    170 0.000000 0.000000 0.000000 0.000000 0.000000 0.000000
    171 0.000000 0.000000 0.000000 0.000000 0.000000 0.000000
    172 0.000000 0.000000 0.000000 0.000000 0.000000 0.000000
    173 0.000000 0.000000 0.000000 0.000000 0.000000 0.000000
    174 0.000000 0.000000 0.000000 0.000000 0.000000 0.000000
    175 0.000000 0.000000 0.000000 0.000000 0.000000 0.000000
    176 0.000000 0.000000 0.000000 0.000000 0.000000 0.000000
    177 0.000000 0.000000 0.000000 0.000000 0.000000 0.000000
    178 0.000000 0.000000 0.000000 0.000000 0.000000 0.000000
    179 0.000000 0.000000 0.000000 0.000000 0.000000 0.000000
    180 0.000000 0.000000 0.000000 0.000000 0.000000 0.000000
    181 0.000000 0.000000 0.000000 0.000000 0.000000 0.000000
    182 0.000000 0.000000 0.000000 0.000000 0.000000 0.000000
    183 0.000000 0.000000 0.000000 0.000000 0.000000 0.000000
    184 0.000000 0.000000 0.000000 0.000000 0.000000 0.000000
    185 0.000000 0.000000 0.000000 0.000000 0.000000 0.000000
    186 0.000000 0.000000 0.000000 0.000000 0.000000 0.000000
    187 0.000000 0.000000 0.000000 0.000000 0.000000 0.000000
    188 0.000000 0.000000 0.000000 0.000000 0.000000 0.000000
    189 0.000000 0.000000 0.000000 0.000000 0.000000 0.000000
    190 0.000000 0.000000 0.000000 0.000000 0.000000 0.000000
    191 0.000000 0.000000 0.000000 0.025495 -0.000060 0.000000
    192 0.000000 0.000000 0.000000 0.000000 0.000000 0.000000
    193 0.000000 0.000000 0.000000 0.000000 0.000000 0.000000
    194 0.000000 0.000000 0.000000 0.000000 0.000000 0.000000
    195 0.000000 0.000000 0.000000 0.000000 0.000000 0.000000
    196 0.000000 0.000000 0.000000 0.000000 0.000000 0.000000
    197 0.000000 0.000000 0.000000 0.000000 0.000000 0.000000
    198 0.000000 0.000000 0.000000 0.000000 0.000000 0.000000
    199 0.000000 0.000000 0.000000 0.000000 0.000000 0.000000
    200 0.000000 0.000000 0.000000 0.000000 0.000000 0.000000
    201 0.000000 0.000000 0.000000 0.000000 0.000000 0.000000
    202 0.000000 0.000000 0.000000 0.000000 0.000000 0.000000
    203 0.000000 0.000000 0.000000 0.000000 0.000000 0.000000
    204 0.000000 0.000000 0.000000 0.000000 0.000000 0.000000
    205 0.000000 0.000000 0.000000 0.000000 0.000000 0.000000
    206 0.000000 0.000000 0.000000 0.000000 0.000000 0.000000
    207 0.000000 0.000000 0.000000 0.000000 0.000000 0.000000
    208 0.000000 0.000000 0.000000 0.000000 0.000000 0.000000
    209 0.000000 0.000000 0.000000 0.000000 0.000000 0.000000
    210 0.000000 0.000000 0.000000 0.000000 0.000000 0.000000
    211 0.000000 0.000000 0.000000 0.000000 0.000000 0.000000
    212 0.000000 0.000000 0.000000 0.000000 0.000000 0.000000
    213 0.000000 0.000000 0.000000 0.000000 0.000000 0.000000
    214 0.000000 0.000000 0.000000 0.000000 0.000000 0.000000
    215 0.000000 0.000000 0.000000 0.000000 0.000000 0.000000
    216 0.000000 0.000000 0.000000 0.000000 0.000000 0.000000
    217 0.000000 0.000000 0.000000 0.000000 0.000000 0.000000
    218 0.000000 0.000000 0.000000 0.000000 0.000000 0.000000
    219 0.000000 0.000000 0.000000 0.000000 0.000000 0.000000
    220 0.000000 0.000000 0.000000 0.000000 0.000000 0.000000
    221 0.000000 0.000000 0.000000 0.000000 0.000000 0.000000
    222 0.000000 0.000000 0.000000 0.000000 0.000000 0.000000
    223 0.000000 0.000000 0.000000 0.000000 0.000000 0.000000
    224 0.000000 0.000000 0.000000 0.000000 0.000000 0.000000
    225 0.000000 0.000000 0.000000 0.000000 0.000000 0.000000
    226 0.000000 0.000000 0.000000 0.000000 0.000000 0.000000
    227 -1.425825 2.503983 0.750023 -0.062038 -0.043891 0.200182
    228 0.000000 0.000000 0.000000 0.000000 0.000000 0.000000
    229 0.000000 0.000000 0.000000 0.000000 0.000000 0.000000
    230 0.000000 0.000000 0.000000 0.002780 0.000000 0.000000
    231 0.000000 0.000000 0.000000 0.000000 0.000000 0.000000
    232 0.000000 0.000000 0.000000 0.000000 0.000000 0.000000
    233 0.000000 0.000000 0.000000 0.000000 0.000000 0.000000
    234 3.129002 1.382855 0.921903 -0.062029 -0.043884 -1.370599
    235 0.000000 0.000000 0.000000 0.000000 0.000000 0.000000
    236 0.000000 0.000000 0.000000 0.000000 0.000000 0.000000
    237 0.000000 0.000000 0.000000 0.000000 0.000000 0.000000
    238 0.000000 0.000000 0.000000 0.000000 0.000000 0.000000
    239 0.000000 0.000000 0.000000 0.000000 0.000000 0.000000
    240 0.000000 0.000000 0.000000 0.000000 0.000000 0.000000
    241 0.000000 0.000000 0.000000 0.000000 0.000000 0.000000
    242 0.000000 0.000000 0.000000 0.000000 0.000000 0.000000
    243 0.000000 0.000000 0.000000 0.000000 0.000000 0.000000
    244 0.000000 0.000000 0.000000 0.000000 0.000000 0.000000
    245 0.000000 0.000000 0.000000 0.000000 0.000000 0.000000
    246 0.000000 0.000000 0.000000 0.000000 0.000000 -1.570796
  time 21
    0 0.000000 0.000000 0.000000 0.000000 0.000000 -1.570796
    1 0.000000 0.000000 0.000000 0.000000 0.000000 0.000000
    2 0.000000 0.000000 0.000000 0.000000 0.000000 0.000000
    3 0.000000 0.000000 0.000000 0.000000 0.000000 0.000000
    4 0.000000 0.000000 0.000000 0.000000 0.000000 0.000000
    5 0.000000 0.000000 0.000000 0.000000 0.000000 0.000000
    6 0.000000 0.000000 0.000000 0.000000 0.000000 0.000000
    7 0.000000 0.000000 0.000000 0.000000 0.000000 0.000000
    8 -1.902402 -1.050813 -0.074221 0.170396 0.063722 -0.141651
    9 0.000000 0.000000 0.000000 -0.035178 0.012241 0.071158
    10 0.000000 0.000000 0.000000 0.000000 0.000000 0.000000
    11 0.000000 0.000000 0.000000 0.000000 0.000000 0.000000
    12 0.000000 0.000000 0.000000 0.000000 0.000000 0.000000
    13 0.000000 0.000000 0.000000 0.005550 0.000000 -0.000060
    14 0.000000 0.000000 0.000000 0.000000 0.000000 -0.088911
    15 0.000000 0.000000 0.000000 0.000000 0.000000 0.000000
    16 0.000000 0.000000 0.000000 0.000000 0.000000 0.000000
    17 0.000000 0.000000 0.000000 0.000000 0.000000 0.000000
    18 0.000000 0.000000 0.000000 0.000000 0.000000 0.000000
    19 0.000000 0.000000 0.000000 0.050440 0.000000 -0.000060
    20 0.085940 0.027345 0.000000 0.000000 0.000000 0.044483
    21 0.000000 0.000000 0.000000 -0.040948 -0.184936 -0.059908
    22 0.000000 0.000000 0.000000 0.000000 0.000000 0.000000
    23 0.000000 0.000000 0.000000 0.000000 0.000000 0.000000
    24 0.000000 0.000000 0.000000 0.000000 0.000000 0.000000
    25 0.000000 0.000000 0.000000 0.000000 0.000000 0.000000
    26 0.000000 0.000000 0.000000 0.000000 0.000000 0.000000
    27 0.000000 0.000000 0.000000 0.000000 0.000000 0.000000
    28 0.000000 0.000000 0.000000 0.000000 0.000000 0.000000
    29 0.000000 0.000000 0.000000 0.000000 0.000000 0.000000
    30 0.000000 0.000000 0.000000 0.000000 0.000000 0.000000
    31 0.000000 0.000000 0.000000 0.000000 0.000000 0.000000
    32 0.000000 0.000000 0.000000 0.000000 0.000000 0.000000
    33 0.000000 0.000000 0.000000 0.000000 0.000000 0.000000
    34 0.000000 0.000000 0.000000 0.000000 0.000000 0.000000
    35 0.000000 0.000000 0.000000 0.000000 0.000000 0.000000
    36 0.000000 0.000000 0.000000 0.000000 0.000000 0.000000
    37 0.000000 0.000000 0.000000 0.000000 0.000000 0.000000
    38 0.000000 0.000000 0.000000 0.000000 0.000000 0.000000
    39 0.000000 0.000000 0.000000 0.000000 0.000000 0.000000
    40 0.000000 0.000000 0.000000 0.000000 0.000000 0.000000
    41 0.000000 0.000000 0.000000 0.000000 0.000000 0.000000
    42 0.000000 0.000000 0.000000 0.000000 0.000000 0.000000
    43 0.000000 0.000000 0.000000 0.000000 0.000000 0.000000
    44 0.000000 0.000000 0.000000 0.000000 0.000000 0.000000
    45 0.000000 0.000000 0.000000 0.000000 0.000000 0.000000
    46 0.000000 0.000000 0.000000 0.000000 0.000000 0.000000
    47 0.000000 0.000000 0.000000 0.000000 0.000000 0.000000
    48 0.000000 0.000000 0.000000 0.000000 0.000000 0.000000
    49 0.000000 0.000000 0.000000 0.000000 0.000000 0.000000
    50 0.000000 0.000000 0.000000 0.000000 0.000000 0.000000
    51 0.000000 0.000000 0.000000 0.000000 0.000000 0.000000
    52 0.000000 0.000000 0.000000 0.000000 0.000000 0.000000
    53 0.000000 0.000000 0.000000 0.000000 0.000000 0.000000
    54 0.000000 0.000000 0.000000 0.000000 0.000000 0.000000
    55 0.000000 0.000000 0.000000 0.000000 0.000000 0.000000
    56 0.000000 0.000000 0.000000 0.000000 0.000000 0.000000
    57 0.000000 0.000000 0.000000 0.000000 0.000000 0.000000
    58 0.000000 0.000000 0.000000 0.000000 0.000000 0.000000
    59 0.000000 0.000000 0.000000 0.000000 0.000000 0.000000
    60 0.000000 0.000000 0.000000 0.000000 0.000000 0.000000
    61 0.000000 0.000000 0.000000 0.000000 0.000000 0.000000
    62 0.000000 0.000000 0.000000 0.000000 0.000000 0.000000
    63 0.000000 0.000000 0.000000 0.000000 0.000000 0.000000
    64 0.000000 0.000000 0.000000 0.000000 0.000000 0.000000
    65 0.000000 0.000000 0.000000 0.000000 0.000000 0.000000
    66 0.000000 0.000000 0.000000 0.000000 0.000000 0.000000
    67 0.000000 0.000000 0.000000 0.000000 0.000000 0.000000
    68 0.000000 0.000000 0.000000 0.000000 0.000000 0.000000
    69 0.000000 0.000000 0.000000 0.000000 0.000000 0.000000
    70 0.000000 0.000000 0.000000 0.000000 0.000000 0.000000
    71 0.000000 0.000000 0.000000 0.000000 0.000000 0.000000
    72 0.000000 0.000000 0.000000 0.000000 0.000000 0.000000
    73 0.000000 0.000000 0.000000 0.000000 0.000000 0.000000
    74 0.000000 0.000000 0.000000 0.000000 0.000000 0.000000
    75 0.000000 0.000000 0.000000 0.000000 0.000000 0.000000
    76 0.000000 0.000000 0.000000 0.000000 0.000000 0.000000
    77 0.000000 0.000000 0.000000 0.000000 0.000000 0.000000
    78 0.000000 0.000000 0.000000 0.000000 0.000000 0.000000
    79 0.000000 0.000000 0.000000 0.000000 0.000000 0.000000
    80 0.000000 0.000000 0.000000 0.000000 0.000000 0.000000
    81 0.000000 0.000000 0.000000 0.000000 0.000000 0.000000
    82 0.000000 0.000000 0.000000 0.000000 0.000000 0.000000
    83 0.000000 0.000000 0.000000 0.000000 0.000000 0.000000
    84 0.000000 0.000000 0.000000 0.000000 0.000000 0.000000
    85 0.000000 0.000000 0.000000 0.000000 0.000000 0.000000
    86 0.000000 0.000000 0.000000 0.000000 0.000000 0.000000
    87 0.000000 0.000000 0.000000 0.000000 0.000000 0.000000
    88 0.000000 0.000000 0.000000 0.000000 0.000000 0.000000
    89 0.000000 0.000000 0.000000 0.000000 0.000000 0.000000
    90 0.000000 0.000000 0.000000 0.000000 0.000000 0.000000
    91 0.000000 0.000000 0.000000 0.000000 0.000000 0.000000
    92 0.000000 0.000000 0.000000 0.000000 0.000000 0.000000
    93 0.000000 0.000000 0.000000 0.000000 0.000000 0.000000
    94 0.000000 0.000000 0.000000 0.000000 0.000000 0.000000
    95 0.000000 0.000000 0.000000 0.000000 0.000000 0.000000
    96 0.000000 0.000000 0.000000 0.000000 0.000000 0.000000
    97 0.000000 0.000000 0.000000 0.000000 0.000000 0.000000
    98 0.000000 0.000000 0.000000 0.000000 0.000000 0.000000
    99 0.000000 0.000000 0.000000 0.000000 0.000000 0.000000
    100 0.000000 0.000000 0.000000 0.000000 0.000000 0.000000
    101 0.000000 0.000000 0.000000 0.000000 0.000000 0.000000
    102 0.000000 0.000000 0.000000 0.000000 0.000000 0.000000
    103 0.000000 0.000000 0.000000 0.000000 0.000000 0.000000
    104 0.000000 0.000000 0.000000 0.000000 0.000000 0.000000
    105 0.000000 0.000000 0.000000 0.000000 0.000000 0.000000
    106 0.000000 0.000000 0.000000 0.000000 0.000000 0.000000
    107 0.000000 0.000000 0.000000 0.000000 0.000000 0.000000
    108 0.000000 0.000000 0.000000 0.000000 0.000000 0.000000
    109 0.000000 0.000000 0.000000 0.000000 0.000000 0.000000
    110 0.000000 0.000000 0.000000 0.000000 0.000000 0.000000
    111 0.000000 0.000000 0.000000 0.000000 0.000000 -1.570796
    112 0.347667 1.140660 0.042970 -0.116999 -0.038921 -1.369867
    113 0.000000 0.000000 0.000000 0.000000 0.000000 0.000000
    114 0.000000 0.000000 0.000000 0.000000 0.000000 -1.570796
    115 0.000000 0.000000 0.000000 0.000000 0.000000 0.000000
    116 0.000000 0.000000 0.000000 0.000000 0.000000 0.000000
    117 0.000000 0.000000 0.000000 0.000000 0.000000 0.000000
    118 0.000000 0.000000 0.000000 0.000000 0.000000 0.000000
    119 0.000000 0.000000 0.000000 0.000000 0.000000 0.000000
    120 0.000000 0.000000 0.000000 0.000000 0.000000 0.000000
    121 0.000000 0.000000 0.000000 0.000000 0.000000 0.000000
    122 0.000000 0.000000 0.000000 0.000000 0.000000 0.000000
    123 0.000000 0.000000 0.000000 0.000000 0.000000 0.000000
    124 0.000000 0.000000 0.000000 0.000000 0.000000 0.000000
    125 0.000000 0.000000 0.000000 0.000000 0.000000 0.000000
    126 0.000000 0.000000 0.000000 0.000000 0.000000 0.000000
    127 0.000000 0.000000 0.000000 0.000000 0.000000 0.000000
    128 0.000000 0.000000 0.000000 0.000000 0.000000 0.000000
    129 0.000000 0.000000 0.000000 0.000000 0.000000 0.000000
    130 0.000000 0.000000 0.000000 0.000000 0.000000 0.000000
    131 0.000000 0.000000 0.000000 0.000000 0.000000 0.000000
    132 0.000000 0.000000 0.000000 0.000000 0.000000 0.000000
    133 0.000000 0.000000 0.000000 0.000000 0.000000 0.000000
    134 0.000000 0.000000 0.000000 0.000000 0.000000 0.000000
    135 0.000000 0.000000 0.000000 0.000000 0.000000 0.000000
    136 0.000000 0.000000 0.000000 0.000000 0.000000 0.000000
    137 0.000000 0.000000 0.000000 0.000000 0.000000 0.000000
    138 0.000000 0.000000 0.000000 0.000000 0.000000 0.000000
    139 0.000000 0.000000 0.000000 0.000000 0.000000 0.000000
    140 0.000000 0.000000 0.000000 0.000000 0.000000 0.000000
    141 0.000000 0.000000 0.000000 0.000000 0.000000 0.000000
    142 0.000000 0.000000 0.000000 0.000000 0.000000 0.000000
    143 0.000000 0.000000 0.000000 0.000000 0.000000 0.000000
    144 0.000000 0.000000 0.000000 0.000000 0.000000 0.000000
    145 0.000000 0.000000 0.000000 0.000000 0.000000 0.000000
    146 0.000000 0.000000 0.000000 0.000000 0.000000 0.000000
    147 0.000000 0.000000 0.000000 0.000000 0.000000 0.000000
    148 0.000000 0.000000 0.000000 0.000000 0.000000 0.000000
    149 0.000000 0.000000 0.000000 0.000000 0.000000 0.000000
    150 0.000000 0.000000 0.000000 0.000000 0.000000 0.000000
    151 0.000000 0.000000 0.000000 0.000000 0.000000 0.000000
    152 0.000000 0.000000 0.000000 0.000000 0.000000 0.000000
    153 0.000000 0.000000 0.000000 0.000000 0.000000 0.000000
    154 0.000000 0.000000 0.000000 0.000000 0.000000 0.000000
    155 0.000000 0.000000 0.000000 0.000000 0.000000 0.000000
    156 0.000000 0.000000 0.000000 0.000000 0.000000 0.000000
    157 0.000000 0.000000 0.000000 0.000000 0.000000 0.000000
    158 0.000000 0.000000 0.000000 0.000000 0.000000 0.000000
    159 0.000000 0.000000 0.000000 0.000000 0.000000 0.000000
    160 0.000000 0.000000 0.000000 0.000000 0.000000 0.000000
    161 0.000000 0.000000 0.000000 0.000000 0.000000 0.000000
    162 0.000000 0.000000 0.000000 0.000000 0.000000 0.000000
    163 0.000000 0.000000 0.000000 0.000000 0.000000 0.000000
    164 0.000000 0.000000 0.000000 0.000000 0.000000 0.000000
    165 0.000000 0.000000 0.000000 0.000000 0.000000 0.000000
    166 0.000000 0.000000 0.000000 0.000000 0.000000 0.000000
    167 0.000000 0.000000 0.000000 0.000000 0.000000 0.000000
    168 0.000000 0.000000 0.000000 0.000000 0.000000 0.000000
    169 0.000000 0.000000 0.000000 0.000000 0.000000 0.000000
    170 0.000000 0.000000 0.000000 0.000000 0.000000 0.000000
    171 0.000000 0.000000 0.000000 0.000000 0.000000 0.000000
    172 0.000000 0.000000 0.000000 0.000000 0.000000 0.000000
    173 0.000000 0.000000 0.000000 0.000000 0.000000 0.000000
    174 0.000000 0.000000 0.000000 0.000000 0.000000 0.000000
    175 0.000000 0.000000 0.000000 0.000000 0.000000 0.000000
    176 0.000000 0.000000 0.000000 0.000000 0.000000 0.000000
    177 0.000000 0.000000 0.000000 0.000000 0.000000 0.000000
    178 0.000000 0.000000 0.000000 0.000000 0.000000 0.000000
    179 0.000000 0.000000 0.000000 0.000000 0.000000 0.000000
    180 0.000000 0.000000 0.000000 0.000000 0.000000 0.000000
    181 0.000000 0.000000 0.000000 0.000000 0.000000 0.000000
    182 0.000000 0.000000 0.000000 0.000000 0.000000 0.000000
    183 0.000000 0.000000 0.000000 0.000000 0.000000 0.000000
    184 0.000000 0.000000 0.000000 0.000000 0.000000 0.000000
    185 0.000000 0.000000 0.000000 0.000000 0.000000 0.000000
    186 0.000000 0.000000 0.000000 0.000000 0.000000 0.000000
    187 0.000000 0.000000 0.000000 0.000000 0.000000 0.000000
    188 0.000000 0.000000 0.000000 0.000000 0.000000 0.000000
    189 0.000000 0.000000 0.000000 0.000000 0.000000 0.000000
    190 0.000000 0.000000 0.000000 0.000000 0.000000 0.000000
    191 0.000000 0.000000 0.000000 0.025261 0.000060 0.000000
    192 0.000000 0.000000 0.000000 0.000000 0.000000 0.000000
    193 0.000000 0.000000 0.000000 0.000000 0.000000 0.000000
    194 0.000000 0.000000 0.000000 0.000000 0.000000 0.000000
    195 0.000000 0.000000 0.000000 0.000000 0.000000 0.000000
    196 0.000000 0.000000 0.000000 0.000000 0.000000 0.000000
    197 0.000000 0.000000 0.000000 0.000000 0.000000 0.000000
    198 0.000000 0.000000 0.000000 0.000000 0.000000 0.000000
    199 0.000000 0.000000 0.000000 0.000000 0.000000 0.000000
    200 0.000000 0.000000 0.000000 0.000000 0.000000 0.000000
    201 0.000000 0.000000 0.000000 0.000000 0.000000 0.000000
    202 0.000000 0.000000 0.000000 0.000000 0.000000 0.000000
    203 0.000000 0.000000 0.000000 0.000000 0.000000 0.000000
    204 0.000000 0.000000 0.000000 0.000000 0.000000 0.000000
    205 0.000000 0.000000 0.000000 0.000000 0.000000 0.000000
    206 0.000000 0.000000 0.000000 0.000000 0.000000 0.000000
    207 0.000000 0.000000 0.000000 0.000000 0.000000 0.000000
    208 0.000000 0.000000 0.000000 0.000000 0.000000 0.000000
    209 0.000000 0.000000 0.000000 0.000000 0.000000 0.000000
    210 0.000000 0.000000 0.000000 0.000000 0.000000 0.000000
    211 0.000000 0.000000 0.000000 0.000000 0.000000 0.000000
    212 0.000000 0.000000 0.000000 0.000000 0.000000 0.000000
    213 0.000000 0.000000 0.000000 0.000000 0.000000 0.000000
    214 0.000000 0.000000 0.000000 0.000000 0.000000 0.000000
    215 0.000000 0.000000 0.000000 0.000000 0.000000 0.000000
    216 0.000000 0.000000 0.000000 0.000000 0.000000 0.000000
    217 0.000000 0.000000 0.000000 0.000000 0.000000 0.000000
    218 0.000000 0.000000 0.000000 0.000000 0.000000 0.000000
    219 0.000000 0.000000 0.000000 0.000000 0.000000 0.000000
    220 0.000000 0.000000 0.000000 0.000000 0.000000 0.000000
    221 0.000000 0.000000 0.000000 0.000000 0.000000 0.000000
    222 0.000000 0.000000 0.000000 0.000000 0.000000 0.000000
    223 0.000000 0.000000 0.000000 0.000000 0.000000 0.000000
    224 0.000000 0.000000 0.000000 0.000000 0.000000 0.000000
    225 0.000000 0.000000 0.000000 0.000000 0.000000 0.000000
    226 0.000000 0.000000 0.000000 0.000000 0.000000 0.000000
    227 -1.332072 2.382885 0.449232 -0.116999 -0.038915 0.200928
    228 0.000000 0.000000 0.000000 0.000000 0.000000 0.000000
    229 0.000000 0.000000 0.000000 0.000000 0.000000 0.000000
    230 0.000000 0.000000 0.000000 0.003380 0.000000 0.000000
    231 0.000000 0.000000 0.000000 0.000000 0.000000 0.000000
    232 0.000000 0.000000 0.000000 0.000000 0.000000 0.000000
    233 0.000000 0.000000 0.000000 0.000000 0.000000 0.000000
    234 2.890713 1.277383 0.609394 -0.116982 -0.038933 -1.369833
    235 0.000000 0.000000 0.000000 0.000000 0.000000 0.000000
    236 0.000000 0.000000 0.000000 0.000000 0.000000 0.000000
    237 0.000000 0.000000 0.000000 0.000000 0.000000 0.000000
    238 0.000000 0.000000 0.000000 0.000000 0.000000 0.000000
    239 0.000000 0.000000 0.000000 0.000000 0.000000 0.000000
    240 0.000000 0.000000 0.000000 0.000000 0.000000 0.000000
    241 0.000000 0.000000 0.000000 0.000000 0.000000 0.000000
    242 0.000000 0.000000 0.000000 0.000000 0.000000 0.000000
    243 0.000000 0.000000 0.000000 0.000000 0.000000 0.000000
    244 0.000000 0.000000 0.000000 0.000000 0.000000 0.000000
    245 0.000000 0.000000 0.000000 0.000000 0.000000 0.000000
    246 0.000000 0.000000 0.000000 0.000000 0.000000 -1.570796
  time 22
    0 0.000000 0.000000 0.000000 0.000000 0.000000 -1.570796
    1 0.000000 0.000000 0.000000 0.000000 0.000000 0.000000
    2 0.000000 0.000000 0.000000 0.000000 0.000000 0.000000
    3 0.000000 0.000000 0.000000 0.000000 0.000000 0.000000
    4 0.000000 0.000000 0.000000 0.000000 0.000000 0.000000
    5 0.000000 0.000000 0.000000 0.000000 0.000000 0.000000
    6 0.000000 0.000000 0.000000 0.000000 0.000000 0.000000
    7 0.000000 0.000000 0.000000 0.000000 0.000000 0.000000
    8 -1.949278 -1.164098 -0.191412 0.178996 0.120469 -0.132265
    9 0.000000 0.000000 0.000000 0.010515 -0.003297 0.039594
    10 0.000000 0.000000 0.000000 0.000000 0.000000 0.000000
    11 0.000000 0.000000 0.000000 0.000000 0.000000 0.000000
    12 0.000000 0.000000 0.000000 0.000000 0.000000 0.000000
    13 0.000000 0.000000 0.000000 -0.018972 0.000000 0.000000
    14 0.000000 0.000000 0.000000 -0.000060 0.000060 -0.017491
    15 0.000000 0.000000 0.000000 0.000000 0.000000 0.000000
    16 0.000000 0.000000 0.000000 0.000000 0.000000 0.000000
    17 0.000000 0.000000 0.000000 0.000000 0.000000 0.000000
    18 0.000000 0.000000 0.000000 0.000000 0.000000 0.000000
    19 0.000000 0.000000 0.000000 0.031796 0.000024 -0.000024
    20 0.019532 0.007813 0.000000 0.000000 0.000000 0.008641
    21 0.000000 0.000000 0.000000 -0.154765 -0.214279 -0.056563
    22 0.000000 0.000000 0.000000 0.000000 0.000000 0.000000
    23 0.000000 0.000000 0.000000 0.000000 0.000000 0.000000
    24 0.000000 0.000000 0.000000 0.000000 0.000000 0.000000
    25 0.000000 0.000000 0.000000 0.000000 0.000000 0.000000
    26 0.000000 0.000000 0.000000 0.000000 0.000000 0.000000
    27 0.000000 0.000000 0.000000 0.000000 0.000000 0.000000
    28 0.000000 0.000000 0.000000 0.000000 0.000000 0.000000
    29 0.000000 0.000000 0.000000 0.000000 0.000000 0.000000
    30 0.000000 0.000000 0.000000 0.000000 0.000000 0.000000
    31 0.000000 0.000000 0.000000 0.000000 0.000000 0.000000
    32 0.000000 0.000000 0.000000 0.000000 0.000000 0.000000
    33 0.000000 0.000000 0.000000 0.000000 0.000000 0.000000
    34 0.000000 0.000000 0.000000 0.000000 0.000000 0.000000
    35 0.000000 0.000000 0.000000 0.000000 0.000000 0.000000
    36 0.000000 0.000000 0.000000 0.000000 0.000000 0.000000
    37 0.000000 0.000000 0.000000 0.000000 0.000000 0.000000
    38 0.000000 0.000000 0.000000 0.000000 0.000000 0.000000
    39 0.000000 0.000000 0.000000 0.000000 0.000000 0.000000
    40 0.000000 0.000000 0.000000 0.000000 0.000000 0.000000
    41 0.000000 0.000000 0.000000 0.000000 0.000000 0.000000
    42 0.000000 0.000000 0.000000 0.000000 0.000000 0.000000
    43 0.000000 0.000000 0.000000 0.000000 0.000000 0.000000
    44 0.000000 0.000000 0.000000 0.000000 0.000000 0.000000
    45 0.000000 0.000000 0.000000 0.000000 0.000000 0.000000
    46 0.000000 0.000000 0.000000 0.000000 0.000000 0.000000
    47 0.000000 0.000000 0.000000 0.000000 0.000000 0.000000
    48 0.000000 0.000000 0.000000 0.000000 0.000000 0.000000
    49 0.000000 0.000000 0.000000 0.000000 0.000000 0.000000
    50 0.000000 0.000000 0.000000 0.000000 0.000000 0.000000
    51 0.000000 0.000000 0.000000 0.000000 0.000000 0.000000
    52 0.000000 0.000000 0.000000 0.000000 0.000000 0.000000
    53 0.000000 0.000000 0.000000 0.000000 0.000000 0.000000
    54 0.000000 0.000000 0.000000 0.000000 0.000000 0.000000
    55 0.000000 0.000000 0.000000 0.000000 0.000000 0.000000
    56 0.000000 0.000000 0.000000 0.000000 0.000000 0.000000
    57 0.000000 0.000000 0.000000 0.000000 0.000000 0.000000
    58 0.000000 0.000000 0.000000 0.000000 0.000000 0.000000
    59 0.000000 0.000000 0.000000 0.000000 0.000000 0.000000
    60 0.000000 0.000000 0.000000 0.000000 0.000000 0.000000
    61 0.000000 0.000000 0.000000 0.000000 0.000000 0.000000
    62 0.000000 0.000000 0.000000 0.000000 0.000000 0.000000
    63 0.000000 0.000000 0.000000 0.000000 0.000000 0.000000
    64 0.000000 0.000000 0.000000 0.000000 0.000000 0.000000
    65 0.000000 0.000000 0.000000 0.000000 0.000000 0.000000
    66 0.000000 0.000000 0.000000 0.000000 0.000000 0.000000
    67 0.000000 0.000000 0.000000 0.000000 0.000000 0.000000
    68 0.000000 0.000000 0.000000 0.000000 0.000000 0.000000
    69 0.000000 0.000000 0.000000 0.000000 0.000000 0.000000
    70 0.000000 0.000000 0.000000 0.000000 0.000000 0.000000
    71 0.000000 0.000000 0.000000 0.000000 0.000000 0.000000
    72 0.000000 0.000000 0.000000 0.000000 0.000000 0.000000
    73 0.000000 0.000000 0.000000 0.000000 0.000000 0.000000
    74 0.000000 0.000000 0.000000 0.000000 0.000000 0.000000
    75 0.000000 0.000000 0.000000 0.000000 0.000000 0.000000
    76 0.000000 0.000000 0.000000 0.000000 0.000000 0.000000
    77 0.000000 0.000000 0.000000 0.000000 0.000000 0.000000
    78 0.000000 0.000000 0.000000 0.000000 0.000000 0.000000
    79 0.000000 0.000000 0.000000 0.000000 0.000000 0.000000
    80 0.000000 0.000000 0.000000 0.000000 0.000000 0.000000
    81 0.000000 0.000000 0.000000 0.000000 0.000000 0.000000
    82 0.000000 0.000000 0.000000 0.000000 0.000000 0.000000
    83 0.000000 0.000000 0.000000 0.000000 0.000000 0.000000
    84 0.000000 0.000000 0.000000 0.000000 0.000000 0.000000
    85 0.000000 0.000000 0.000000 0.000000 0.000000 0.000000
    86 0.000000 0.000000 0.000000 0.000000 0.000000 0.000000
    87 0.000000 0.000000 0.000000 0.000000 0.000000 0.000000
    88 0.000000 0.000000 0.000000 0.000000 0.000000 0.000000
    89 0.000000 0.000000 0.000000 0.000000 0.000000 0.000000
    90 0.000000 0.000000 0.000000 0.000000 0.000000 0.000000
    91 0.000000 0.000000 0.000000 0.000000 0.000000 0.000000
    92 0.000000 0.000000 0.000000 0.000000 0.000000 0.000000
    93 0.000000 0.000000 0.000000 0.000000 0.000000 0.000000
    94 0.000000 0.000000 0.000000 0.000000 0.000000 0.000000
    95 0.000000 0.000000 0.000000 0.000000 0.000000 0.000000
    96 0.000000 0.000000 0.000000 0.000000 0.000000 0.000000
    97 0.000000 0.000000 0.000000 0.000000 0.000000 0.000000
    98 0.000000 0.000000 0.000000 0.000000 0.000000 0.000000
    99 0.000000 0.000000 0.000000 0.000000 0.000000 0.000000
    100 0.000000 0.000000 0.000000 0.000000 0.000000 0.000000
    101 0.000000 0.000000 0.000000 0.000000 0.000000 0.000000
    102 0.000000 0.000000 0.000000 0.000000 0.000000 0.000000
    103 0.000000 0.000000 0.000000 0.000000 0.000000 0.000000
    104 0.000000 0.000000 0.000000 0.000000 0.000000 0.000000
    105 0.000000 0.000000 0.000000 0.000000 0.000000 0.000000
    106 0.000000 0.000000 0.000000 0.000000 0.000000 0.000000
    107 0.000000 0.000000 0.000000 0.000000 0.000000 0.000000
    108 0.000000 0.000000 0.000000 0.000000 0.000000 0.000000
    109 0.000000 0.000000 0.000000 0.000000 0.000000 0.000000
    110 0.000000 0.000000 0.000000 0.000000 0.000000 0.000000
    111 0.000000 0.000000 0.000000 0.000000 0.000000 -1.570796
    112 0.167974 0.972686 -0.324229 -0.169163 -0.014084 -1.374435
    113 0.000000 0.000000 0.000000 0.000000 0.000000 0.000000
    114 0.000000 0.000000 0.000000 0.000000 0.000000 -1.570796
    115 0.000000 0.000000 0.000000 0.000000 0.000000 0.000000
    116 0.000000 0.000000 0.000000 0.000000 0.000000 0.000000
    117 0.000000 0.000000 0.000000 0.000000 0.000000 0.000000
    118 0.000000 0.000000 0.000000 0.000000 0.000000 0.000000
    119 0.000000 0.000000 0.000000 0.000000 0.000000 0.000000
    120 0.000000 0.000000 0.000000 0.000000 0.000000 0.000000
    121 0.000000 0.000000 0.000000 0.000000 0.000000 0.000000
    122 0.000000 0.000000 0.000000 0.000000 0.000000 0.000000
    123 0.000000 0.000000 0.000000 0.000000 0.000000 0.000000
    124 0.000000 0.000000 0.000000 0.000000 0.000000 0.000000
    125 0.000000 0.000000 0.000000 0.000000 0.000000 0.000000
    126 0.000000 0.000000 0.000000 0.000000 0.000000 0.000000
    127 0.000000 0.000000 0.000000 0.000000 0.000000 0.000000
    128 0.000000 0.000000 0.000000 0.000000 0.000000 0.000000
    129 0.000000 0.000000 0.000000 0.000000 0.000000 0.000000
    130 0.000000 0.000000 0.000000 0.000000 0.000000 0.000000
    131 0.000000 0.000000 0.000000 0.000000 0.000000 0.000000
    132 0.000000 0.000000 0.000000 0.000000 0.000000 0.000000
    133 0.000000 0.000000 0.000000 0.000000 0.000000 0.000000
    134 0.000000 0.000000 0.000000 0.000000 0.000000 0.000000
    135 0.000000 0.000000 0.000000 0.000000 0.000000 0.000000
    136 0.000000 0.000000 0.000000 0.000000 0.000000 0.000000
    137 0.000000 0.000000 0.000000 0.000000 0.000000 0.000000
    138 0.000000 0.000000 0.000000 0.000000 0.000000 0.000000
    139 0.000000 0.000000 0.000000 0.000000 0.000000 0.000000
    140 0.000000 0.000000 0.000000 0.000000 0.000000 0.000000
    141 0.000000 0.000000 0.000000 0.000000 0.000000 0.000000
    142 0.000000 0.000000 0.000000 0.000000 0.000000 0.000000
    143 0.000000 0.000000 0.000000 0.000000 0.000000 0.000000
    144 0.000000 0.000000 0.000000 0.000000 0.000000 0.000000
    145 0.000000 0.000000 0.000000 0.000000 0.000000 0.000000
    146 0.000000 0.000000 0.000000 0.000000 0.000000 0.000000
    147 0.000000 0.000000 0.000000 0.000000 0.000000 0.000000
    148 0.000000 0.000000 0.000000 0.000000 0.000000 0.000000
    149 0.000000 0.000000 0.000000 0.000000 0.000000 0.000000
    150 0.000000 0.000000 0.000000 0.000000 0.000000 0.000000
    151 0.000000 0.000000 0.000000 0.000000 0.000000 0.000000
    152 0.000000 0.000000 0.000000 0.000000 0.000000 0.000000
    153 0.000000 0.000000 0.000000 0.000000 0.000000 0.000000
    154 0.000000 0.000000 0.000000 0.000000 0.000000 0.000000
    155 0.000000 0.000000 0.000000 0.000000 0.000000 0.000000
    156 0.000000 0.000000 0.000000 0.000000 0.000000 0.000000
    157 0.000000 0.000000 0.000000 0.000000 0.000000 0.000000
    158 0.000000 0.000000 0.000000 0.000000 0.000000 0.000000
    159 0.000000 0.000000 0.000000 0.000000 0.000000 0.000000
    160 0.000000 0.000000 0.000000 0.000000 0.000000 0.000000
    161 0.000000 0.000000 0.000000 0.000000 0.000000 0.000000
    162 0.000000 0.000000 0.000000 0.000000 0.000000 0.000000
    163 0.000000 0.000000 0.000000 0.000000 0.000000 0.000000
    164 0.000000 0.000000 0.000000 0.000000 0.000000 0.000000
    165 0.000000 0.000000 0.000000 0.000000 0.000000 0.000000
    166 0.000000 0.000000 0.000000 0.000000 0.000000 0.000000
    167 0.000000 0.000000 0.000000 0.000000 0.000000 0.000000
    168 0.000000 0.000000 0.000000 0.000000 0.000000 0.000000
    169 0.000000 0.000000 0.000000 0.000000 0.000000 0.000000
    170 0.000000 0.000000 0.000000 0.000000 0.000000 0.000000
    171 0.000000 0.000000 0.000000 0.000000 0.000000 0.000000
    172 0.000000 0.000000 0.000000 0.000000 0.000000 0.000000
    173 0.000000 0.000000 0.000000 0.000000 0.000000 0.000000
    174 0.000000 0.000000 0.000000 0.000000 0.000000 0.000000
    175 0.000000 0.000000 0.000000 0.000000 0.000000 0.000000
    176 0.000000 0.000000 0.000000 0.000000 0.000000 0.000000
    177 0.000000 0.000000 0.000000 0.000000 0.000000 0.000000
    178 0.000000 0.000000 0.000000 0.000000 0.000000 0.000000
    179 0.000000 0.000000 0.000000 0.000000 0.000000 0.000000
    180 0.000000 0.000000 0.000000 0.000000 0.000000 0.000000
    181 0.000000 0.000000 0.000000 0.000000 0.000000 0.000000
    182 0.000000 0.000000 0.000000 0.000000 0.000000 0.000000
    183 0.000000 0.000000 0.000000 0.000000 0.000000 0.000000
    184 0.000000 0.000000 0.000000 0.000000 0.000000 0.000000
    185 0.000000 0.000000 0.000000 0.000000 0.000000 0.000000
    186 0.000000 0.000000 0.000000 0.000000 0.000000 0.000000
    187 0.000000 0.000000 0.000000 0.000000 0.000000 0.000000
    188 0.000000 0.000000 0.000000 0.000000 0.000000 0.000000
    189 0.000000 0.000000 0.000000 0.000000 0.000000 0.000000
    190 0.000000 0.000000 0.000000 0.000000 0.000000 0.000000
    191 0.000000 0.000000 0.000000 0.015926 0.000024 0.000000
    192 0.000000 0.000000 0.000000 0.000000 0.000000 0.000000
    193 0.000000 0.000000 0.000000 0.000000 0.000000 0.000000
    194 0.000000 0.000000 0.000000 0.000000 0.000000 0.000000
    195 0.000000 0.000000 0.000000 0.000000 0.000000 0.000000
    196 0.000000 0.000000 0.000000 0.000000 0.000000 0.000000
    197 0.000000 0.000000 0.000000 0.000000 0.000000 0.000000
    198 0.000000 0.000000 0.000000 0.000000 0.000000 0.000000
    199 0.000000 0.000000 0.000000 0.000000 0.000000 0.000000
    200 0.000000 0.000000 0.000000 0.000000 0.000000 0.000000
    201 0.000000 0.000000 0.000000 0.000000 0.000000 0.000000
    202 0.000000 0.000000 0.000000 0.000000 0.000000 0.000000
    203 0.000000 0.000000 0.000000 0.000000 0.000000 0.000000
    204 0.000000 0.000000 0.000000 0.000000 0.000000 0.000000
    205 0.000000 0.000000 0.000000 0.000000 0.000000 0.000000
    206 0.000000 0.000000 0.000000 0.000000 0.000000 0.000000
    207 0.000000 0.000000 0.000000 0.000000 0.000000 0.000000
    208 0.000000 0.000000 0.000000 0.000000 0.000000 0.000000
    209 0.000000 0.000000 0.000000 0.000000 0.000000 0.000000
    210 0.000000 0.000000 0.000000 0.000000 0.000000 0.000000
    211 0.000000 0.000000 0.000000 0.000000 0.000000 0.000000
    212 0.000000 0.000000 0.000000 0.000000 0.000000 0.000000
    213 0.000000 0.000000 0.000000 0.000000 0.000000 0.000000
    214 0.000000 0.000000 0.000000 0.000000 0.000000 0.000000
    215 0.000000 0.000000 0.000000 0.000000 0.000000 0.000000
    216 0.000000 0.000000 0.000000 0.000000 0.000000 0.000000
    217 0.000000 0.000000 0.000000 0.000000 0.000000 0.000000
    218 0.000000 0.000000 0.000000 0.000000 0.000000 0.000000
    219 0.000000 0.000000 0.000000 0.000000 0.000000 0.000000
    220 0.000000 0.000000 0.000000 0.000000 0.000000 0.000000
    221 0.000000 0.000000 0.000000 0.000000 0.000000 0.000000
    222 0.000000 0.000000 0.000000 0.000000 0.000000 0.000000
    223 0.000000 0.000000 0.000000 0.000000 0.000000 0.000000
    224 0.000000 0.000000 0.000000 0.000000 0.000000 0.000000
    225 0.000000 0.000000 0.000000 0.000000 0.000000 0.000000
    226 0.000000 0.000000 0.000000 0.000000 0.000000 0.000000
    227 -1.156285 2.132878 -0.171880 -0.169163 -0.014127 0.196360
    228 0.000000 0.000000 0.000000 0.000000 0.000000 0.000000
    229 0.000000 0.000000 0.000000 0.000000 0.000000 0.000000
    230 0.000000 0.000000 0.000000 0.003979 0.000000 0.000000
    231 0.000000 0.000000 0.000000 0.000000 0.000000 0.000000
    232 0.000000 0.000000 0.000000 0.000000 0.000000 0.000000
    233 0.000000 0.000000 0.000000 0.000000 0.000000 0.000000
    234 2.503983 1.125034 -0.089846 -0.169140 -0.014103 -1.374431
    235 0.000000 0.000000 0.000000 0.000000 0.000000 0.000000
    236 0.000000 0.000000 0.000000 0.000000 0.000000 0.000000
    237 0.000000 0.000000 0.000000 0.000000 0.000000 0.000000
    238 0.000000 0.000000 0.000000 0.000000 0.000000 0.000000
    239 0.000000 0.000000 0.000000 0.000000 0.000000 0.000000
    240 0.000000 0.000000 0.000000 0.000000 0.000000 0.000000
    241 0.000000 0.000000 0.000000 0.000000 0.000000 0.000000
    242 0.000000 0.000000 0.000000 0.000000 0.000000 0.000000
    243 0.000000 0.000000 0.000000 0.000000 0.000000 0.000000
    244 0.000000 0.000000 0.000000 0.000000 0.000000 0.000000
    245 0.000000 0.000000 0.000000 0.000000 0.000000 0.000000
    246 0.000000 0.000000 0.000000 0.000000 0.000000 -1.570796
  time 23
    0 0.000000 0.000000 0.000000 0.000000 0.000000 -1.570796
    1 0.000000 0.000000 0.000000 0.000000 0.000000 0.000000
    2 0.000000 0.000000 0.000000 0.000000 0.000000 0.000000
    3 0.000000 0.000000 0.000000 0.000000 0.000000 0.000000
    4 0.000000 0.000000 0.000000 0.000000 0.000000 0.000000
    5 0.000000 0.000000 0.000000 0.000000 0.000000 0.000000
    6 0.000000 0.000000 0.000000 0.000000 0.000000 0.000000
    7 0.000000 0.000000 0.000000 0.000000 0.000000 0.000000
    8 -1.843806 -1.203162 -0.164068 0.174081 0.158324 -0.114547
    9 0.000000 0.000000 0.000000 0.035082 -0.009494 -0.000092
    10 0.000000 0.000000 0.000000 0.000000 0.000000 0.000000
    11 0.000000 0.000000 0.000000 0.000000 0.000000 0.000000
    12 0.000000 0.000000 0.000000 0.000000 0.000000 0.000000
    13 0.000000 0.000000 0.000000 -0.025751 0.000000 -0.000060
    14 0.000000 0.000000 0.000000 -0.000060 0.000000 0.041272
    15 0.000000 0.000000 0.000000 0.000000 0.000000 0.000000
    16 0.000000 0.000000 0.000000 0.000000 0.000000 0.000000
    17 0.000000 0.000000 0.000000 0.000000 0.000000 0.000000
    18 0.000000 0.000000 0.000000 0.000000 0.000000 0.000000
    19 0.000000 0.000000 0.000000 0.013152 0.000060 0.000000
    20 -0.042970 -0.007813 0.000000 0.000000 -0.000060 -0.020686
    21 0.000000 0.000000 0.000000 -0.222668 -0.213005 -0.048575
    22 0.000000 0.000000 0.000000 0.000000 0.000000 0.000000
    23 0.000000 0.000000 0.000000 0.000000 0.000000 0.000000
    24 0.000000 0.000000 0.000000 0.000000 0.000000 0.000000
    25 0.000000 0.000000 0.000000 0.000000 0.000000 0.000000
    26 0.000000 0.000000 0.000000 0.000000 0.000000 0.000000
    27 0.000000 0.000000 0.000000 0.000000 0.000000 0.000000
    28 0.000000 0.000000 0.000000 0.000000 0.000000 0.000000
    29 0.000000 0.000000 0.000000 0.000000 0.000000 0.000000
    30 0.000000 0.000000 0.000000 0.000000 0.000000 0.000000
    31 0.000000 0.000000 0.000000 0.000000 0.000000 0.000000
    32 0.000000 0.000000 0.000000 0.000000 0.000000 0.000000
    33 0.000000 0.000000 0.000000 0.000000 0.000000 0.000000
    34 0.000000 0.000000 0.000000 0.000000 0.000000 0.000000
    35 0.000000 0.000000 0.000000 0.000000 0.000000 0.000000
    36 0.000000 0.000000 0.000000 0.000000 0.000000 0.000000
    37 0.000000 0.000000 0.000000 0.000000 0.000000 0.000000
    38 0.000000 0.000000 0.000000 0.000000 0.000000 0.000000
    39 0.000000 0.000000 0.000000 0.000000 0.000000 0.000000
    40 0.000000 0.000000 0.000000 0.000000 0.000000 0.000000
    41 0.000000 0.000000 0.000000 0.000000 0.000000 0.000000
    42 0.000000 0.000000 0.000000 0.000000 0.000000 0.000000
    43 0.000000 0.000000 0.000000 0.000000 0.000000 0.000000
    44 0.000000 0.000000 0.000000 0.000000 0.000000 0.000000
    45 0.000000 0.000000 0.000000 0.000000 0.000000 0.000000
    46 0.000000 0.000000 0.000000 0.000000 0.000000 0.000000
    47 0.000000 0.000000 0.000000 0.000000 0.000000 0.000000
    48 0.000000 0.000000 0.000000 0.000000 0.000000 0.000000
    49 0.000000 0.000000 0.000000 0.000000 0.000000 0.000000
    50 0.000000 0.000000 0.000000 0.000000 0.000000 0.000000
    51 0.000000 0.000000 0.000000 0.000000 0.000000 0.000000
    52 0.000000 0.000000 0.000000 0.000000 0.000000 0.000000
    53 0.000000 0.000000 0.000000 0.000000 0.000000 0.000000
    54 0.000000 0.000000 0.000000 0.000000 0.000000 0.000000
    55 0.000000 0.000000 0.000000 0.000000 0.000000 0.000000
    56 0.000000 0.000000 0.000000 0.000000 0.000000 0.000000
    57 0.000000 0.000000 0.000000 0.000000 0.000000 0.000000
    58 0.000000 0.000000 0.000000 0.000000 0.000000 0.000000
    59 0.000000 0.000000 0.000000 0.000000 0.000000 0.000000
    60 0.000000 0.000000 0.000000 0.000000 0.000000 0.000000
    61 0.000000 0.000000 0.000000 0.000000 0.000000 0.000000
    62 0.000000 0.000000 0.000000 0.000000 0.000000 0.000000
    63 0.000000 0.000000 0.000000 0.000000 0.000000 0.000000
    64 0.000000 0.000000 0.000000 0.000000 0.000000 0.000000
    65 0.000000 0.000000 0.000000 0.000000 0.000000 0.000000
    66 0.000000 0.000000 0.000000 0.000000 0.000000 0.000000
    67 0.000000 0.000000 0.000000 0.000000 0.000000 0.000000
    68 0.000000 0.000000 0.000000 0.000000 0.000000 0.000000
    69 0.000000 0.000000 0.000000 0.000000 0.000000 0.000000
    70 0.000000 0.000000 0.000000 0.000000 0.000000 0.000000
    71 0.000000 0.000000 0.000000 0.000000 0.000000 0.000000
    72 0.000000 0.000000 0.000000 0.000000 0.000000 0.000000
    73 0.000000 0.000000 0.000000 0.000000 0.000000 0.000000
    74 0.000000 0.000000 0.000000 0.000000 0.000000 0.000000
    75 0.000000 0.000000 0.000000 0.000000 0.000000 0.000000
    76 0.000000 0.000000 0.000000 0.000000 0.000000 0.000000
    77 0.000000 0.000000 0.000000 0.000000 0.000000 0.000000
    78 0.000000 0.000000 0.000000 0.000000 0.000000 0.000000
    79 0.000000 0.000000 0.000000 0.000000 0.000000 0.000000
    80 0.000000 0.000000 0.000000 0.000000 0.000000 0.000000
    81 0.000000 0.000000 0.000000 0.000000 0.000000 0.000000
    82 0.000000 0.000000 0.000000 0.000000 0.000000 0.000000
    83 0.000000 0.000000 0.000000 0.000000 0.000000 0.000000
    84 0.000000 0.000000 0.000000 0.000000 0.000000 0.000000
    85 0.000000 0.000000 0.000000 0.000000 0.000000 0.000000
    86 0.000000 0.000000 0.000000 0.000000 0.000000 0.000000
    87 0.000000 0.000000 0.000000 0.000000 0.000000 0.000000
    88 0.000000 0.000000 0.000000 0.000000 0.000000 0.000000
    89 0.000000 0.000000 0.000000 0.000000 0.000000 0.000000
    90 0.000000 0.000000 0.000000 0.000000 0.000000 0.000000
    91 0.000000 0.000000 0.000000 0.000000 0.000000 0.000000
    92 0.000000 0.000000 0.000000 0.000000 0.000000 0.000000
    93 0.000000 0.000000 0.000000 0.000000 0.000000 0.000000
    94 0.000000 0.000000 0.000000 0.000000 0.000000 0.000000
    95 0.000000 0.000000 0.000000 0.000000 0.000000 0.000000
    96 0.000000 0.000000 0.000000 0.000000 0.000000 0.000000
    97 0.000000 0.000000 0.000000 0.000000 0.000000 0.000000
    98 0.000000 0.000000 0.000000 0.000000 0.000000 0.000000
    99 0.000000 0.000000 0.000000 0.000000 0.000000 0.000000
    100 0.000000 0.000000 0.000000 0.000000 0.000000 0.000000
    101 0.000000 0.000000 0.000000 0.000000 0.000000 0.000000
    102 0.000000 0.000000 0.000000 0.000000 0.000000 0.000000
    103 0.000000 0.000000 0.000000 0.000000 0.000000 0.000000
    104 0.000000 0.000000 0.000000 0.000000 0.000000 0.000000
    105 0.000000 0.000000 0.000000 0.000000 0.000000 0.000000
    106 0.000000 0.000000 0.000000 0.000000 0.000000 0.000000
    107 0.000000 0.000000 0.000000 0.000000 0.000000 0.000000
    108 0.000000 0.000000 0.000000 0.000000 0.000000 0.000000
    109 0.000000 0.000000 0.000000 0.000000 0.000000 0.000000
    110 0.000000 0.000000 0.000000 0.000000 0.000000 0.000000
    111 0.000000 0.000000 0.000000 0.000000 0.000000 -1.570796
    112 -0.003906 0.710959 -0.472671 -0.200706 0.005865 -1.394389
    113 0.000000 0.000000 0.000000 0.000000 0.000000 0.000000
    114 0.000000 0.000000 0.000000 0.000000 0.000000 -1.570796
    115 0.000000 0.000000 0.000000 0.000000 0.000000 0.000000
    116 0.000000 0.000000 0.000000 0.000000 0.000000 0.000000
    117 0.000000 0.000000 0.000000 0.000000 0.000000 0.000000
    118 0.000000 0.000000 0.000000 0.000000 0.000000 0.000000
    119 0.000000 0.000000 0.000000 0.000000 0.000000 0.000000
    120 0.000000 0.000000 0.000000 0.000000 0.000000 0.000000
    121 0.000000 0.000000 0.000000 0.000000 0.000000 0.000000
    122 0.000000 0.000000 0.000000 0.000000 0.000000 0.000000
    123 0.000000 0.000000 0.000000 0.000000 0.000000 0.000000
    124 0.000000 0.000000 0.000000 0.000000 0.000000 0.000000
    125 0.000000 0.000000 0.000000 0.000000 0.000000 0.000000
    126 0.000000 0.000000 0.000000 0.000000 0.000000 0.000000
    127 0.000000 0.000000 0.000000 0.000000 0.000000 0.000000
    128 0.000000 0.000000 0.000000 0.000000 0.000000 0.000000
    129 0.000000 0.000000 0.000000 0.000000 0.000000 0.000000
    130 0.000000 0.000000 0.000000 0.000000 0.000000 0.000000
    131 0.000000 0.000000 0.000000 0.000000 0.000000 0.000000
    132 0.000000 0.000000 0.000000 0.000000 0.000000 0.000000
    133 0.000000 0.000000 0.000000 0.000000 0.000000 0.000000
    134 0.000000 0.000000 0.000000 0.000000 0.000000 0.000000
    135 0.000000 0.000000 0.000000 0.000000 0.000000 0.000000
    136 0.000000 0.000000 0.000000 0.000000 0.000000 0.000000
    137 0.000000 0.000000 0.000000 0.000000 0.000000 0.000000
    138 0.000000 0.000000 0.000000 0.000000 0.000000 0.000000
    139 0.000000 0.000000 0.000000 0.000000 0.000000 0.000000
    140 0.000000 0.000000 0.000000 0.000000 0.000000 0.000000
    141 0.000000 0.000000 0.000000 0.000000 0.000000 0.000000
    142 0.000000 0.000000 0.000000 0.000000 0.000000 0.000000
    143 0.000000 0.000000 0.000000 0.000000 0.000000 0.000000
    144 0.000000 0.000000 0.000000 0.000000 0.000000 0.000000
    145 0.000000 0.000000 0.000000 0.000000 0.000000 0.000000
    146 0.000000 0.000000 0.000000 0.000000 0.000000 0.000000
    147 0.000000 0.000000 0.000000 0.000000 0.000000 0.000000
    148 0.000000 0.000000 0.000000 0.000000 0.000000 0.000000
    149 0.000000 0.000000 0.000000 0.000000 0.000000 0.000000
    150 0.000000 0.000000 0.000000 0.000000 0.000000 0.000000
    151 0.000000 0.000000 0.000000 0.000000 0.000000 0.000000
    152 0.000000 0.000000 0.000000 0.000000 0.000000 0.000000
    153 0.000000 0.000000 0.000000 0.000000 0.000000 0.000000
    154 0.000000 0.000000 0.000000 0.000000 0.000000 0.000000
    155 0.000000 0.000000 0.000000 0.000000 0.000000 0.000000
    156 0.000000 0.000000 0.000000 0.000000 0.000000 0.000000
    157 0.000000 0.000000 0.000000 0.000000 0.000000 0.000000
    158 0.000000 0.000000 0.000000 0.000000 0.000000 0.000000
    159 0.000000 0.000000 0.000000 0.000000 0.000000 0.000000
    160 0.000000 0.000000 0.000000 0.000000 0.000000 0.000000
    161 0.000000 0.000000 0.000000 0.000000 0.000000 0.000000
    162 0.000000 0.000000 0.000000 0.000000 0.000000 0.000000
    163 0.000000 0.000000 0.000000 0.000000 0.000000 0.000000
    164 0.000000 0.000000 0.000000 0.000000 0.000000 0.000000
    165 0.000000 0.000000 0.000000 0.000000 0.000000 0.000000
    166 0.000000 0.000000 0.000000 0.000000 0.000000 0.000000
    167 0.000000 0.000000 0.000000 0.000000 0.000000 0.000000
    168 0.000000 0.000000 0.000000 0.000000 0.000000 0.000000
    169 0.000000 0.000000 0.000000 0.000000 0.000000 0.000000
    170 0.000000 0.000000 0.000000 0.000000 0.000000 0.000000
    171 0.000000 0.000000 0.000000 0.000000 0.000000 0.000000
    172 0.000000 0.000000 0.000000 0.000000 0.000000 0.000000
    173 0.000000 0.000000 0.000000 0.000000 0.000000 0.000000
    174 0.000000 0.000000 0.000000 0.000000 0.000000 0.000000
    175 0.000000 0.000000 0.000000 0.000000 0.000000 0.000000
    176 0.000000 0.000000 0.000000 0.000000 0.000000 0.000000
    177 0.000000 0.000000 0.000000 0.000000 0.000000 0.000000
    178 0.000000 0.000000 0.000000 0.000000 0.000000 0.000000
    179 0.000000 0.000000 0.000000 0.000000 0.000000 0.000000
    180 0.000000 0.000000 0.000000 0.000000 0.000000 0.000000
    181 0.000000 0.000000 0.000000 0.000000 0.000000 0.000000
    182 0.000000 0.000000 0.000000 0.000000 0.000000 0.000000
    183 0.000000 0.000000 0.000000 0.000000 0.000000 0.000000
    184 0.000000 0.000000 0.000000 0.000000 0.000000 0.000000
    185 0.000000 0.000000 0.000000 0.000000 0.000000 0.000000
    186 0.000000 0.000000 0.000000 0.000000 0.000000 0.000000
    187 0.000000 0.000000 0.000000 0.000000 0.000000 0.000000
    188 0.000000 0.000000 0.000000 0.000000 0.000000 0.000000
    189 0.000000 0.000000 0.000000 0.000000 0.000000 0.000000
    190 0.000000 0.000000 0.000000 0.000000 0.000000 0.000000
    191 0.000000 0.000000 0.000000 0.006591 0.000000 0.000000
    192 0.000000 0.000000 0.000000 0.000000 0.000000 0.000000
    193 0.000000 0.000000 0.000000 0.000000 0.000000 0.000000
    194 0.000000 0.000000 0.000000 0.000000 0.000000 0.000000
    195 0.000000 0.000000 0.000000 0.000000 0.000000 0.000000
    196 0.000000 0.000000 0.000000 0.000000 0.000000 0.000000
    197 0.000000 0.000000 0.000000 0.000000 0.000000 0.000000
    198 0.000000 0.000000 0.000000 0.000000 0.000000 0.000000
    199 0.000000 0.000000 0.000000 0.000000 0.000000 0.000000
    200 0.000000 0.000000 0.000000 0.000000 0.000000 0.000000
    201 0.000000 0.000000 0.000000 0.000000 0.000000 0.000000
    202 0.000000 0.000000 0.000000 0.000000 0.000000 0.000000
    203 0.000000 0.000000 0.000000 0.000000 0.000000 0.000000
    204 0.000000 0.000000 0.000000 0.000000 0.000000 0.000000
    205 0.000000 0.000000 0.000000 0.000000 0.000000 0.000000
    206 0.000000 0.000000 0.000000 0.000000 0.000000 0.000000
    207 0.000000 0.000000 0.000000 0.000000 0.000000 0.000000
    208 0.000000 0.000000 0.000000 0.000000 0.000000 0.000000
    209 0.000000 0.000000 0.000000 0.000000 0.000000 0.000000
    210 0.000000 0.000000 0.000000 0.000000 0.000000 0.000000
    211 0.000000 0.000000 0.000000 0.000000 0.000000 0.000000
    212 0.000000 0.000000 0.000000 0.000000 0.000000 0.000000
    213 0.000000 0.000000 0.000000 0.000000 0.000000 0.000000
    214 0.000000 0.000000 0.000000 0.000000 0.000000 0.000000
    215 0.000000 0.000000 0.000000 0.000000 0.000000 0.000000
    216 0.000000 0.000000 0.000000 0.000000 0.000000 0.000000
    217 0.000000 0.000000 0.000000 0.000000 0.000000 0.000000
    218 0.000000 0.000000 0.000000 0.000000 0.000000 0.000000
    219 0.000000 0.000000 0.000000 0.000000 0.000000 0.000000
    220 0.000000 0.000000 0.000000 0.000000 0.000000 0.000000
    221 0.000000 0.000000 0.000000 0.000000 0.000000 0.000000
    222 0.000000 0.000000 0.000000 0.000000 0.000000 0.000000
    223 0.000000 0.000000 0.000000 0.000000 0.000000 0.000000
    224 0.000000 0.000000 0.000000 0.000000 0.000000 0.000000
    225 0.000000 0.000000 0.000000 0.000000 0.000000 0.000000
    226 0.000000 0.000000 0.000000 0.000000 0.000000 0.000000
    227 -0.863308 1.738334 -0.527360 -0.200706 0.005864 0.176407
    228 0.000000 0.000000 0.000000 0.000000 0.000000 0.000000
    229 0.000000 0.000000 0.000000 0.000000 0.000000 0.000000
    230 0.000000 0.000000 0.000000 0.004566 0.000000 0.000000
    231 0.000000 0.000000 0.000000 0.000000 0.000000 0.000000
    232 0.000000 0.000000 0.000000 0.000000 0.000000 0.000000
    233 0.000000 0.000000 0.000000 0.000000 0.000000 0.000000
    234 1.960997 0.855495 -0.503922 -0.200678 0.005851 -1.394355
    235 0.000000 0.000000 0.000000 0.000000 0.000000 0.000000
    236 0.000000 0.000000 0.000000 0.000000 0.000000 0.000000
    237 0.000000 0.000000 0.000000 0.000000 0.000000 0.000000
    238 0.000000 0.000000 0.000000 0.000000 0.000000 0.000000
    239 0.000000 0.000000 0.000000 0.000000 0.000000 0.000000
    240 0.000000 0.000000 0.000000 0.000000 0.000000 0.000000
    241 0.000000 0.000000 0.000000 0.000000 0.000000 0.000000
    242 0.000000 0.000000 0.000000 0.000000 0.000000 0.000000
    243 0.000000 0.000000 0.000000 0.000000 0.000000 0.000000
    244 0.000000 0.000000 0.000000 0.000000 0.000000 0.000000
    245 0.000000 0.000000 0.000000 0.000000 0.000000 0.000000
    246 0.000000 0.000000 0.000000 0.000000 0.000000 -1.570796
  time 24
    0 0.000000 0.000000 0.000000 0.000000 0.000000 -1.570796
    1 0.000000 0.000000 0.000000 0.000000 0.000000 0.000000
    2 0.000000 0.000000 0.000000 0.000000 0.000000 0.000000
    3 0.000000 0.000000 0.000000 0.000000 0.000000 0.000000
    4 0.000000 0.000000 0.000000 0.000000 0.000000 0.000000
    5 0.000000 0.000000 0.000000 0.000000 0.000000 0.000000
    6 0.000000 0.000000 0.000000 0.000000 0.000000 0.000000
    7 0.000000 0.000000 0.000000 0.000000 0.000000 0.000000
    8 -1.285195 -0.953154 0.214850 0.142800 0.176489 -0.071544
    9 0.000000 0.000000 0.000000 0.034126 -0.007418 -0.051223
    10 0.000000 0.000000 0.000000 0.000000 0.000000 0.000000
    11 0.000000 0.000000 0.000000 0.000000 0.000000 0.000000
    12 0.000000 0.000000 0.000000 0.000000 0.000000 0.000000
    13 0.000000 0.000000 0.000000 -0.010100 0.000000 0.000000
    14 0.000000 0.000000 0.000000 0.000000 0.000000 0.074259
    15 0.000000 0.000000 0.000000 0.000000 0.000000 0.000000
    16 0.000000 0.000000 0.000000 0.000000 0.000000 0.000000
    17 0.000000 0.000000 0.000000 0.000000 0.000000 0.000000
    18 0.000000 0.000000 0.000000 0.000000 0.000000 0.000000
    19 0.000000 0.000000 0.000000 -0.011035 0.000024 0.000000
    20 -0.078127 -0.015625 0.000000 0.000000 -0.000060 -0.035788
    21 0.000000 0.000000 0.000000 -0.226909 -0.162760 -0.033698
    22 0.000000 0.000000 0.000000 0.000000 0.000000 0.000000
    23 0.000000 0.000000 0.000000 0.000000 0.000000 0.000000
    24 0.000000 0.000000 0.000000 0.000000 0.000000 0.000000
    25 0.000000 0.000000 0.000000 0.000000 0.000000 0.000000
    26 0.000000 0.000000 0.000000 0.000000 0.000000 0.000000
    27 0.000000 0.000000 0.000000 0.000000 0.000000 0.000000
    28 0.000000 0.000000 0.000000 0.000000 0.000000 0.000000
    29 0.000000 0.000000 0.000000 0.000000 0.000000 0.000000
    30 0.000000 0.000000 0.000000 0.000000 0.000000 0.000000
    31 0.000000 0.000000 0.000000 0.000000 0.000000 0.000000
    32 0.000000 0.000000 0.000000 0.000000 0.000000 0.000000
    33 0.000000 0.000000 0.000000 0.000000 0.000000 0.000000
    34 0.000000 0.000000 0.000000 0.000000 0.000000 0.000000
    35 0.000000 0.000000 0.000000 0.000000 0.000000 0.000000
    36 0.000000 0.000000 0.000000 0.000000 0.000000 0.000000
    37 0.000000 0.000000 0.000000 0.000000 0.000000 0.000000
    38 0.000000 0.000000 0.000000 0.000000 0.000000 0.000000
    39 0.000000 0.000000 0.000000 0.000000 0.000000 0.000000
    40 0.000000 0.000000 0.000000 0.000000 0.000000 0.000000
    41 0.000000 0.000000 0.000000 0.000000 0.000000 0.000000
    42 0.000000 0.000000 0.000000 0.000000 0.000000 0.000000
    43 0.000000 0.000000 0.000000 0.000000 0.000000 0.000000
    44 0.000000 0.000000 0.000000 0.000000 0.000000 0.000000
    45 0.000000 0.000000 0.000000 0.000000 0.000000 0.000000
    46 0.000000 0.000000 0.000000 0.000000 0.000000 0.000000
    47 0.000000 0.000000 0.000000 0.000000 0.000000 0.000000
    48 0.000000 0.000000 0.000000 0.000000 0.000000 0.000000
    49 0.000000 0.000000 0.000000 0.000000 0.000000 0.000000
    50 0.000000 0.000000 0.000000 0.000000 0.000000 0.000000
    51 0.000000 0.000000 0.000000 0.000000 0.000000 0.000000
    52 0.000000 0.000000 0.000000 0.000000 0.000000 0.000000
    53 0.000000 0.000000 0.000000 0.000000 0.000000 0.000000
    54 0.000000 0.000000 0.000000 0.000000 0.000000 0.000000
    55 0.000000 0.000000 0.000000 0.000000 0.000000 0.000000
    56 0.000000 0.000000 0.000000 0.000000 0.000000 0.000000
    57 0.000000 0.000000 0.000000 0.000000 0.000000 0.000000
    58 0.000000 0.000000 0.000000 0.000000 0.000000 0.000000
    59 0.000000 0.000000 0.000000 0.000000 0.000000 0.000000
    60 0.000000 0.000000 0.000000 0.000000 0.000000 0.000000
    61 0.000000 0.000000 0.000000 0.000000 0.000000 0.000000
    62 0.000000 0.000000 0.000000 0.000000 0.000000 0.000000
    63 0.000000 0.000000 0.000000 0.000000 0.000000 0.000000
    64 0.000000 0.000000 0.000000 0.000000 0.000000 0.000000
    65 0.000000 0.000000 0.000000 0.000000 0.000000 0.000000
    66 0.000000 0.000000 0.000000 0.000000 0.000000 0.000000
    67 0.000000 0.000000 0.000000 0.000000 0.000000 0.000000
    68 0.000000 0.000000 0.000000 0.000000 0.000000 0.000000
    69 0.000000 0.000000 0.000000 0.000000 0.000000 0.000000
    70 0.000000 0.000000 0.000000 0.000000 0.000000 0.000000
    71 0.000000 0.000000 0.000000 0.000000 0.000000 0.000000
    72 0.000000 0.000000 0.000000 0.000000 0.000000 0.000000
    73 0.000000 0.000000 0.000000 0.000000 0.000000 0.000000
    74 0.000000 0.000000 0.000000 0.000000 0.000000 0.000000
    75 0.000000 0.000000 0.000000 0.000000 0.000000 0.000000
    76 0.000000 0.000000 0.000000 0.000000 0.000000 0.000000
    77 0.000000 0.000000 0.000000 0.000000 0.000000 0.000000
    78 0.000000 0.000000 0.000000 0.000000 0.000000 0.000000
    79 0.000000 0.000000 0.000000 0.000000 0.000000 0.000000
    80 0.000000 0.000000 0.000000 0.000000 0.000000 0.000000
    81 0.000000 0.000000 0.000000 0.000000 0.000000 0.000000
    82 0.000000 0.000000 0.000000 0.000000 0.000000 0.000000
    83 0.000000 0.000000 0.000000 0.000000 0.000000 0.000000
    84 0.000000 0.000000 0.000000 0.000000 0.000000 0.000000
    85 0.000000 0.000000 0.000000 0.000000 0.000000 0.000000
    86 0.000000 0.000000 0.000000 0.000000 0.000000 0.000000
    87 0.000000 0.000000 0.000000 0.000000 0.000000 0.000000
    88 0.000000 0.000000 0.000000 0.000000 0.000000 0.000000
    89 0.000000 0.000000 0.000000 0.000000 0.000000 0.000000
    90 0.000000 0.000000 0.000000 0.000000 0.000000 0.000000
    91 0.000000 0.000000 0.000000 0.000000 0.000000 0.000000
    92 0.000000 0.000000 0.000000 0.000000 0.000000 0.000000
    93 0.000000 0.000000 0.000000 0.000000 0.000000 0.000000
    94 0.000000 0.000000 0.000000 0.000000 0.000000 0.000000
    95 0.000000 0.000000 0.000000 0.000000 0.000000 0.000000
    96 0.000000 0.000000 0.000000 0.000000 0.000000 0.000000
    97 0.000000 0.000000 0.000000 0.000000 0.000000 0.000000
    98 0.000000 0.000000 0.000000 0.000000 0.000000 0.000000
    99 0.000000 0.000000 0.000000 0.000000 0.000000 0.000000
    100 0.000000 0.000000 0.000000 0.000000 0.000000 0.000000
    101 0.000000 0.000000 0.000000 0.000000 0.000000 0.000000
    102 0.000000 0.000000 0.000000 0.000000 0.000000 0.000000
    103 0.000000 0.000000 0.000000 0.000000 0.000000 0.000000
    104 0.000000 0.000000 0.000000 0.000000 0.000000 0.000000
    105 0.000000 0.000000 0.000000 0.000000 0.000000 0.000000
    106 0.000000 0.000000 0.000000 0.000000 0.000000 0.000000
    107 0.000000 0.000000 0.000000 0.000000 0.000000 0.000000
    108 0.000000 0.000000 0.000000 0.000000 0.000000 0.000000
    109 0.000000 0.000000 0.000000 0.000000 0.000000 0.000000
    110 0.000000 0.000000 0.000000 0.000000 0.000000 0.000000
    111 0.000000 0.000000 0.000000 0.000000 0.000000 -1.570796
    112 -0.093753 0.308603 -0.152348 -0.207784 0.022482 -1.451824
    113 0.000000 0.000000 0.000000 0.000000 0.000000 0.000000
    114 0.000000 0.000000 0.000000 0.000000 0.000000 -1.570796
    115 0.000000 0.000000 0.000000 0.000000 0.000000 0.000000
    116 0.000000 0.000000 0.000000 0.000000 0.000000 0.000000
    117 0.000000 0.000000 0.000000 0.000000 0.000000 0.000000
    118 0.000000 0.000000 0.000000 0.000000 0.000000 0.000000
    119 0.000000 0.000000 0.000000 0.000000 0.000000 0.000000
    120 0.000000 0.000000 0.000000 0.000000 0.000000 0.000000
    121 0.000000 0.000000 0.000000 0.000000 0.000000 0.000000
    122 0.000000 0.000000 0.000000 0.000000 0.000000 0.000000
    123 0.000000 0.000000 0.000000 0.000000 0.000000 0.000000
    124 0.000000 0.000000 0.000000 0.000000 0.000000 0.000000
    125 0.000000 0.000000 0.000000 0.000000 0.000000 0.000000
    126 0.000000 0.000000 0.000000 0.000000 0.000000 0.000000
    127 0.000000 0.000000 0.000000 0.000000 0.000000 0.000000
    128 0.000000 0.000000 0.000000 0.000000 0.000000 0.000000
    129 0.000000 0.000000 0.000000 0.000000 0.000000 0.000000
    130 0.000000 0.000000 0.000000 0.000000 0.000000 0.000000
    131 0.000000 0.000000 0.000000 0.000000 0.000000 0.000000
    132 0.000000 0.000000 0.000000 0.000000 0.000000 0.000000
    133 0.000000 0.000000 0.000000 0.000000 0.000000 0.000000
    134 0.000000 0.000000 0.000000 0.000000 0.000000 0.000000
    135 0.000000 0.000000 0.000000 0.000000 0.000000 0.000000
    136 0.000000 0.000000 0.000000 0.000000 0.000000 0.000000
    137 0.000000 0.000000 0.000000 0.000000 0.000000 0.000000
    138 0.000000 0.000000 0.000000 0.000000 0.000000 0.000000
    139 0.000000 0.000000 0.000000 0.000000 0.000000 0.000000
    140 0.000000 0.000000 0.000000 0.000000 0.000000 0.000000
    141 0.000000 0.000000 0.000000 0.000000 0.000000 0.000000
    142 0.000000 0.000000 0.000000 0.000000 0.000000 0.000000
    143 0.000000 0.000000 0.000000 0.000000 0.000000 0.000000
    144 0.000000 0.000000 0.000000 0.000000 0.000000 0.000000
    145 0.000000 0.000000 0.000000 0.000000 0.000000 0.000000
    146 0.000000 0.000000 0.000000 0.000000 0.000000 0.000000
    147 0.000000 0.000000 0.000000 0.000000 0.000000 0.000000
    148 0.000000 0.000000 0.000000 0.000000 0.000000 0.000000
    149 0.000000 0.000000 0.000000 0.000000 0.000000 0.000000
    150 0.000000 0.000000 0.000000 0.000000 0.000000 0.000000
    151 0.000000 0.000000 0.000000 0.000000 0.000000 0.000000
    152 0.000000 0.000000 0.000000 0.000000 0.000000 0.000000
    153 0.000000 0.000000 0.000000 0.000000 0.000000 0.000000
    154 0.000000 0.000000 0.000000 0.000000 0.000000 0.000000
    155 0.000000 0.000000 0.000000 0.000000 0.000000 0.000000
    156 0.000000 0.000000 0.000000 0.000000 0.000000 0.000000
    157 0.000000 0.000000 0.000000 0.000000 0.000000 0.000000
    158 0.000000 0.000000 0.000000 0.000000 0.000000 0.000000
    159 0.000000 0.000000 0.000000 0.000000 0.000000 0.000000
    160 0.000000 0.000000 0.000000 0.000000 0.000000 0.000000
    161 0.000000 0.000000 0.000000 0.000000 0.000000 0.000000
    162 0.000000 0.000000 0.000000 0.000000 0.000000 0.000000
    163 0.000000 0.000000 0.000000 0.000000 0.000000 0.000000
    164 0.000000 0.000000 0.000000 0.000000 0.000000 0.000000
    165 0.000000 0.000000 0.000000 0.000000 0.000000 0.000000
    166 0.000000 0.000000 0.000000 0.000000 0.000000 0.000000
    167 0.000000 0.000000 0.000000 0.000000 0.000000 0.000000
    168 0.000000 0.000000 0.000000 0.000000 0.000000 0.000000
    169 0.000000 0.000000 0.000000 0.000000 0.000000 0.000000
    170 0.000000 0.000000 0.000000 0.000000 0.000000 0.000000
    171 0.000000 0.000000 0.000000 0.000000 0.000000 0.000000
    172 0.000000 0.000000 0.000000 0.000000 0.000000 0.000000
    173 0.000000 0.000000 0.000000 0.000000 0.000000 0.000000
    174 0.000000 0.000000 0.000000 0.000000 0.000000 0.000000
    175 0.000000 0.000000 0.000000 0.000000 0.000000 0.000000
    176 0.000000 0.000000 0.000000 0.000000 0.000000 0.000000
    177 0.000000 0.000000 0.000000 0.000000 0.000000 0.000000
    178 0.000000 0.000000 0.000000 0.000000 0.000000 0.000000
    179 0.000000 0.000000 0.000000 0.000000 0.000000 0.000000
    180 0.000000 0.000000 0.000000 0.000000 0.000000 0.000000
    181 0.000000 0.000000 0.000000 0.000000 0.000000 0.000000
    182 0.000000 0.000000 0.000000 0.000000 0.000000 0.000000
    183 0.000000 0.000000 0.000000 0.000000 0.000000 0.000000
    184 0.000000 0.000000 0.000000 0.000000 0.000000 0.000000
    185 0.000000 0.000000 0.000000 0.000000 0.000000 0.000000
    186 0.000000 0.000000 0.000000 0.000000 0.000000 0.000000
    187 0.000000 0.000000 0.000000 0.000000 0.000000 0.000000
    188 0.000000 0.000000 0.000000 0.000000 0.000000 0.000000
    189 0.000000 0.000000 0.000000 0.000000 0.000000 0.000000
    190 0.000000 0.000000 0.000000 0.000000 0.000000 0.000000
    191 0.000000 0.000000 0.000000 -0.005521 -0.000024 0.000000
    192 0.000000 0.000000 0.000000 0.000000 0.000000 0.000000
    193 0.000000 0.000000 0.000000 0.000000 0.000000 0.000000
    194 0.000000 0.000000 0.000000 0.000000 0.000000 0.000000
    195 0.000000 0.000000 0.000000 0.000000 0.000000 0.000000
    196 0.000000 0.000000 0.000000 0.000000 0.000000 0.000000
    197 0.000000 0.000000 0.000000 0.000000 0.000000 0.000000
    198 0.000000 0.000000 0.000000 0.000000 0.000000 0.000000
    199 0.000000 0.000000 0.000000 0.000000 0.000000 0.000000
    200 0.000000 0.000000 0.000000 0.000000 0.000000 0.000000
    201 0.000000 0.000000 0.000000 0.000000 0.000000 0.000000
    202 0.000000 0.000000 0.000000 0.000000 0.000000 0.000000
    203 0.000000 0.000000 0.000000 0.000000 0.000000 0.000000
    204 0.000000 0.000000 0.000000 0.000000 0.000000 0.000000
    205 0.000000 0.000000 0.000000 0.000000 0.000000 0.000000
    206 0.000000 0.000000 0.000000 0.000000 0.000000 0.000000
    207 0.000000 0.000000 0.000000 0.000000 0.000000 0.000000
    208 0.000000 0.000000 0.000000 0.000000 0.000000 0.000000
    209 0.000000 0.000000 0.000000 0.000000 0.000000 0.000000
    210 0.000000 0.000000 0.000000 0.000000 0.000000 0.000000
    211 0.000000 0.000000 0.000000 0.000000 0.000000 0.000000
    212 0.000000 0.000000 0.000000 0.000000 0.000000 0.000000
    213 0.000000 0.000000 0.000000 0.000000 0.000000 0.000000
    214 0.000000 0.000000 0.000000 0.000000 0.000000 0.000000
    215 0.000000 0.000000 0.000000 0.000000 0.000000 0.000000
    216 0.000000 0.000000 0.000000 0.000000 0.000000 0.000000
    217 0.000000 0.000000 0.000000 0.000000 0.000000 0.000000
    218 0.000000 0.000000 0.000000 0.000000 0.000000 0.000000
    219 0.000000 0.000000 0.000000 0.000000 0.000000 0.000000
    220 0.000000 0.000000 0.000000 0.000000 0.000000 0.000000
    221 0.000000 0.000000 0.000000 0.000000 0.000000 0.000000
    222 0.000000 0.000000 0.000000 0.000000 0.000000 0.000000
    223 0.000000 0.000000 0.000000 0.000000 0.000000 0.000000
    224 0.000000 0.000000 0.000000 0.000000 0.000000 0.000000
    225 0.000000 0.000000 0.000000 0.000000 0.000000 0.000000
    226 0.000000 0.000000 0.000000 0.000000 0.000000 0.000000
    227 -0.382824 1.054720 -0.378918 -0.207784 0.022478 0.118972
    228 0.000000 0.000000 0.000000 0.000000 0.000000 0.000000
    229 0.000000 0.000000 0.000000 0.000000 0.000000 0.000000
    230 0.000000 0.000000 0.000000 0.003979 0.000000 0.000000
    231 0.000000 0.000000 0.000000 0.000000 0.000000 0.000000
    232 0.000000 0.000000 0.000000 0.000000 0.000000 0.000000
    233 0.000000 0.000000 0.000000 0.000000 0.000000 0.000000
    234 1.043001 0.406262 -0.414075 -0.207842 0.022505 -1.451828
    235 0.000000 0.000000 0.000000 0.000000 0.000000 0.000000
    236 0.000000 0.000000 0.000000 0.000000 0.000000 0.000000
    237 0.000000 0.000000 0.000000 0.000000 0.000000 0.000000
    238 0.000000 0.000000 0.000000 0.000000 0.000000 0.000000
    239 0.000000 0.000000 0.000000 0.000000 0.000000 0.000000
    240 0.000000 0.000000 0.000000 0.000000 0.000000 0.000000
    241 0.000000 0.000000 0.000000 0.000000 0.000000 0.000000
    242 0.000000 0.000000 0.000000 0.000000 0.000000 0.000000
    243 0.000000 0.000000 0.000000 0.000000 0.000000 0.000000
    244 0.000000 0.000000 0.000000 0.000000 0.000000 0.000000
    245 0.000000 0.000000 0.000000 0.000000 0.000000 0.000000
    246 0.000000 0.000000 0.000000 0.000000 0.000000 -1.570796
  time 25
    0 0.000000 0.000000 0.000000 0.000000 0.000000 -1.570796
    1 0.000000 0.000000 0.000000 0.000000 0.000000 0.000000
    2 0.000000 0.000000 0.000000 0.000000 0.000000 0.000000
    3 0.000000 0.000000 0.000000 0.000000 0.000000 0.000000
    4 0.000000 0.000000 0.000000 0.000000 0.000000 0.000000
    5 0.000000 0.000000 0.000000 0.000000 0.000000 0.000000
    6 0.000000 0.000000 0.000000 0.000000 0.000000 0.000000
    7 0.000000 0.000000 0.000000 0.000000 0.000000 0.000000
    8 -0.648457 -0.722678 0.566424 0.110195 0.188623 -0.026338
    9 0.000000 0.000000 0.000000 0.028009 -0.004701 -0.099769
    10 0.000000 0.000000 0.000000 0.000000 0.000000 0.000000
    11 0.000000 0.000000 0.000000 0.000000 0.000000 0.000000
    12 0.000000 0.000000 0.000000 0.000000 0.000000 0.000000
    13 0.000000 0.000000 0.000000 0.009008 0.000000 0.000000
    14 0.000000 0.000000 0.000000 -0.000024 0.000024 0.103180
    15 0.000000 0.000000 0.000000 0.000000 0.000000 0.000000
    16 0.000000 0.000000 0.000000 0.000000 0.000000 0.000000
    17 0.000000 0.000000 0.000000 0.000000 0.000000 0.000000
    18 0.000000 0.000000 0.000000 0.000000 0.000000 0.000000
    19 0.000000 0.000000 0.000000 -0.035323 0.000000 0.000000
    20 -0.109378 -0.023438 0.000000 0.000000 -0.000060 -0.050917
    21 0.000000 0.000000 0.000000 -0.220064 -0.105308 -0.020369
    22 0.000000 0.000000 0.000000 0.000000 0.000000 0.000000
    23 0.000000 0.000000 0.000000 0.000000 0.000000 0.000000
    24 0.000000 0.000000 0.000000 0.000000 0.000000 0.000000
    25 0.000000 0.000000 0.000000 0.000000 0.000000 0.000000
    26 0.000000 0.000000 0.000000 0.000000 0.000000 0.000000
    27 0.000000 0.000000 0.000000 0.000000 0.000000 0.000000
    28 0.000000 0.000000 0.000000 0.000000 0.000000 0.000000
    29 0.000000 0.000000 0.000000 0.000000 0.000000 0.000000
    30 0.000000 0.000000 0.000000 0.000000 0.000000 0.000000
    31 0.000000 0.000000 0.000000 0.000000 0.000000 0.000000
    32 0.000000 0.000000 0.000000 0.000000 0.000000 0.000000
    33 0.000000 0.000000 0.000000 0.000000 0.000000 0.000000
    34 0.000000 0.000000 0.000000 0.000000 0.000000 0.000000
    35 0.000000 0.000000 0.000000 0.000000 0.000000 0.000000
    36 0.000000 0.000000 0.000000 0.000000 0.000000 0.000000
    37 0.000000 0.000000 0.000000 0.000000 0.000000 0.000000
    38 0.000000 0.000000 0.000000 0.000000 0.000000 0.000000
    39 0.000000 0.000000 0.000000 0.000000 0.000000 0.000000
    40 0.000000 0.000000 0.000000 0.000000 0.000000 0.000000
    41 0.000000 0.000000 0.000000 0.000000 0.000000 0.000000
    42 0.000000 0.000000 0.000000 0.000000 0.000000 0.000000
    43 0.000000 0.000000 0.000000 0.000000 0.000000 0.000000
    44 0.000000 0.000000 0.000000 0.000000 0.000000 0.000000
    45 0.000000 0.000000 0.000000 0.000000 0.000000 0.000000
    46 0.000000 0.000000 0.000000 0.000000 0.000000 0.000000
    47 0.000000 0.000000 0.000000 0.000000 0.000000 0.000000
    48 0.000000 0.000000 0.000000 0.000000 0.000000 0.000000
    49 0.000000 0.000000 0.000000 0.000000 0.000000 0.000000
    50 0.000000 0.000000 0.000000 0.000000 0.000000 0.000000
    51 0.000000 0.000000 0.000000 0.000000 0.000000 0.000000
    52 0.000000 0.000000 0.000000 0.000000 0.000000 0.000000
    53 0.000000 0.000000 0.000000 0.000000 0.000000 0.000000
    54 0.000000 0.000000 0.000000 0.000000 0.000000 0.000000
    55 0.000000 0.000000 0.000000 0.000000 0.000000 0.000000
    56 0.000000 0.000000 0.000000 0.000000 0.000000 0.000000
    57 0.000000 0.000000 0.000000 0.000000 0.000000 0.000000
    58 0.000000 0.000000 0.000000 0.000000 0.000000 0.000000
    59 0.000000 0.000000 0.000000 0.000000 0.000000 0.000000
    60 0.000000 0.000000 0.000000 0.000000 0.000000 0.000000
    61 0.000000 0.000000 0.000000 0.000000 0.000000 0.000000
    62 0.000000 0.000000 0.000000 0.000000 0.000000 0.000000
    63 0.000000 0.000000 0.000000 0.000000 0.000000 0.000000
    64 0.000000 0.000000 0.000000 0.000000 0.000000 0.000000
    65 0.000000 0.000000 0.000000 0.000000 0.000000 0.000000
    66 0.000000 0.000000 0.000000 0.000000 0.000000 0.000000
    67 0.000000 0.000000 0.000000 0.000000 0.000000 0.000000
    68 0.000000 0.000000 0.000000 0.000000 0.000000 0.000000
    69 0.000000 0.000000 0.000000 0.000000 0.000000 0.000000
    70 0.000000 0.000000 0.000000 0.000000 0.000000 0.000000
    71 0.000000 0.000000 0.000000 0.000000 0.000000 0.000000
    72 0.000000 0.000000 0.000000 0.000000 0.000000 0.000000
    73 0.000000 0.000000 0.000000 0.000000 0.000000 0.000000
    74 0.000000 0.000000 0.000000 0.000000 0.000000 0.000000
    75 0.000000 0.000000 0.000000 0.000000 0.000000 0.000000
    76 0.000000 0.000000 0.000000 0.000000 0.000000 0.000000
    77 0.000000 0.000000 0.000000 0.000000 0.000000 0.000000
    78 0.000000 0.000000 0.000000 0.000000 0.000000 0.000000
    79 0.000000 0.000000 0.000000 0.000000 0.000000 0.000000
    80 0.000000 0.000000 0.000000 0.000000 0.000000 0.000000
    81 0.000000 0.000000 0.000000 0.000000 0.000000 0.000000
    82 0.000000 0.000000 0.000000 0.000000 0.000000 0.000000
    83 0.000000 0.000000 0.000000 0.000000 0.000000 0.000000
    84 0.000000 0.000000 0.000000 0.000000 0.000000 0.000000
    85 0.000000 0.000000 0.000000 0.000000 0.000000 0.000000
    86 0.000000 0.000000 0.000000 0.000000 0.000000 0.000000
    87 0.000000 0.000000 0.000000 0.000000 0.000000 0.000000
    88 0.000000 0.000000 0.000000 0.000000 0.000000 0.000000
    89 0.000000 0.000000 0.000000 0.000000 0.000000 0.000000
    90 0.000000 0.000000 0.000000 0.000000 0.000000 0.000000
    91 0.000000 0.000000 0.000000 0.000000 0.000000 0.000000
    92 0.000000 0.000000 0.000000 0.000000 0.000000 0.000000
    93 0.000000 0.000000 0.000000 0.000000 0.000000 0.000000
    94 0.000000 0.000000 0.000000 0.000000 0.000000 0.000000
    95 0.000000 0.000000 0.000000 0.000000 0.000000 0.000000
    96 0.000000 0.000000 0.000000 0.000000 0.000000 0.000000
    97 0.000000 0.000000 0.000000 0.000000 0.000000 0.000000
    98 0.000000 0.000000 0.000000 0.000000 0.000000 0.000000
    99 0.000000 0.000000 0.000000 0.000000 0.000000 0.000000
    100 0.000000 0.000000 0.000000 0.000000 0.000000 0.000000
    101 0.000000 0.000000 0.000000 0.000000 0.000000 0.000000
    102 0.000000 0.000000 0.000000 0.000000 0.000000 0.000000
    103 0.000000 0.000000 0.000000 0.000000 0.000000 0.000000
    104 0.000000 0.000000 0.000000 0.000000 0.000000 0.000000
    105 0.000000 0.000000 0.000000 0.000000 0.000000 0.000000
    106 0.000000 0.000000 0.000000 0.000000 0.000000 0.000000
    107 0.000000 0.000000 0.000000 0.000000 0.000000 0.000000
    108 0.000000 0.000000 0.000000 0.000000 0.000000 0.000000
    109 0.000000 0.000000 0.000000 0.000000 0.000000 0.000000
    110 0.000000 0.000000 0.000000 0.000000 0.000000 0.000000
    111 0.000000 0.000000 0.000000 0.000000 0.000000 -1.570796
    112 -0.175787 -0.125004 0.210944 -0.209357 0.035011 -1.512056
    113 0.000000 0.000000 0.000000 0.000000 0.000000 0.000000
    114 0.000000 0.000000 0.000000 0.000000 0.000000 -1.570796
    115 0.000000 0.000000 0.000000 0.000000 0.000000 0.000000
    116 0.000000 0.000000 0.000000 0.000000 0.000000 0.000000
    117 0.000000 0.000000 0.000000 0.000000 0.000000 0.000000
    118 0.000000 0.000000 0.000000 0.000000 0.000000 0.000000
    119 0.000000 0.000000 0.000000 0.000000 0.000000 0.000000
    120 0.000000 0.000000 0.000000 0.000000 0.000000 0.000000
    121 0.000000 0.000000 0.000000 0.000000 0.000000 0.000000
    122 0.000000 0.000000 0.000000 0.000000 0.000000 0.000000
    123 0.000000 0.000000 0.000000 0.000000 0.000000 0.000000
    124 0.000000 0.000000 0.000000 0.000000 0.000000 0.000000
    125 0.000000 0.000000 0.000000 0.000000 0.000000 0.000000
    126 0.000000 0.000000 0.000000 0.000000 0.000000 0.000000
    127 0.000000 0.000000 0.000000 0.000000 0.000000 0.000000
    128 0.000000 0.000000 0.000000 0.000000 0.000000 0.000000
    129 0.000000 0.000000 0.000000 0.000000 0.000000 0.000000
    130 0.000000 0.000000 0.000000 0.000000 0.000000 0.000000
    131 0.000000 0.000000 0.000000 0.000000 0.000000 0.000000
    132 0.000000 0.000000 0.000000 0.000000 0.000000 0.000000
    133 0.000000 0.000000 0.000000 0.000000 0.000000 0.000000
    134 0.000000 0.000000 0.000000 0.000000 0.000000 0.000000
    135 0.000000 0.000000 0.000000 0.000000 0.000000 0.000000
    136 0.000000 0.000000 0.000000 0.000000 0.000000 0.000000
    137 0.000000 0.000000 0.000000 0.000000 0.000000 0.000000
    138 0.000000 0.000000 0.000000 0.000000 0.000000 0.000000
    139 0.000000 0.000000 0.000000 0.000000 0.000000 0.000000
    140 0.000000 0.000000 0.000000 0.000000 0.000000 0.000000
    141 0.000000 0.000000 0.000000 0.000000 0.000000 0.000000
    142 0.000000 0.000000 0.000000 0.000000 0.000000 0.000000
    143 0.000000 0.000000 0.000000 0.000000 0.000000 0.000000
    144 0.000000 0.000000 0.000000 0.000000 0.000000 0.000000
    145 0.000000 0.000000 0.000000 0.000000 0.000000 0.000000
    146 0.000000 0.000000 0.000000 0.000000 0.000000 0.000000
    147 0.000000 0.000000 0.000000 0.000000 0.000000 0.000000
    148 0.000000 0.000000 0.000000 0.000000 0.000000 0.000000
    149 0.000000 0.000000 0.000000 0.000000 0.000000 0.000000
    150 0.000000 0.000000 0.000000 0.000000 0.000000 0.000000
    151 0.000000 0.000000 0.000000 0.000000 0.000000 0.000000
    152 0.000000 0.000000 0.000000 0.000000 0.000000 0.000000
    153 0.000000 0.000000 0.000000 0.000000 0.000000 0.000000
    154 0.000000 0.000000 0.000000 0.000000 0.000000 0.000000
    155 0.000000 0.000000 0.000000 0.000000 0.000000 0.000000
    156 0.000000 0.000000 0.000000 0.000000 0.000000 0.000000
    157 0.000000 0.000000 0.000000 0.000000 0.000000 0.000000
    158 0.000000 0.000000 0.000000 0.000000 0.000000 0.000000
    159 0.000000 0.000000 0.000000 0.000000 0.000000 0.000000
    160 0.000000 0.000000 0.000000 0.000000 0.000000 0.000000
    161 0.000000 0.000000 0.000000 0.000000 0.000000 0.000000
    162 0.000000 0.000000 0.000000 0.000000 0.000000 0.000000
    163 0.000000 0.000000 0.000000 0.000000 0.000000 0.000000
    164 0.000000 0.000000 0.000000 0.000000 0.000000 0.000000
    165 0.000000 0.000000 0.000000 0.000000 0.000000 0.000000
    166 0.000000 0.000000 0.000000 0.000000 0.000000 0.000000
    167 0.000000 0.000000 0.000000 0.000000 0.000000 0.000000
    168 0.000000 0.000000 0.000000 0.000000 0.000000 0.000000
    169 0.000000 0.000000 0.000000 0.000000 0.000000 0.000000
    170 0.000000 0.000000 0.000000 0.000000 0.000000 0.000000
    171 0.000000 0.000000 0.000000 0.000000 0.000000 0.000000
    172 0.000000 0.000000 0.000000 0.000000 0.000000 0.000000
    173 0.000000 0.000000 0.000000 0.000000 0.000000 0.000000
    174 0.000000 0.000000 0.000000 0.000000 0.000000 0.000000
    175 0.000000 0.000000 0.000000 0.000000 0.000000 0.000000
    176 0.000000 0.000000 0.000000 0.000000 0.000000 0.000000
    177 0.000000 0.000000 0.000000 0.000000 0.000000 0.000000
    178 0.000000 0.000000 0.000000 0.000000 0.000000 0.000000
    179 0.000000 0.000000 0.000000 0.000000 0.000000 0.000000
    180 0.000000 0.000000 0.000000 0.000000 0.000000 0.000000
    181 0.000000 0.000000 0.000000 0.000000 0.000000 0.000000
    182 0.000000 0.000000 0.000000 0.000000 0.000000 0.000000
    183 0.000000 0.000000 0.000000 0.000000 0.000000 0.000000
    184 0.000000 0.000000 0.000000 0.000000 0.000000 0.000000
    185 0.000000 0.000000 0.000000 0.000000 0.000000 0.000000
    186 0.000000 0.000000 0.000000 0.000000 0.000000 0.000000
    187 0.000000 0.000000 0.000000 0.000000 0.000000 0.000000
    188 0.000000 0.000000 0.000000 0.000000 0.000000 0.000000
    189 0.000000 0.000000 0.000000 0.000000 0.000000 0.000000
    190 0.000000 0.000000 0.000000 0.000000 0.000000 0.000000
    191 0.000000 0.000000 0.000000 -0.017632 -0.000060 0.000000
    192 0.000000 0.000000 0.000000 0.000000 0.000000 0.000000
    193 0.000000 0.000000 0.000000 0.000000 0.000000 0.000000
    194 0.000000 0.000000 0.000000 0.000000 0.000000 0.000000
    195 0.000000 0.000000 0.000000 0.000000 0.000000 0.000000
    196 0.000000 0.000000 0.000000 0.000000 0.000000 0.000000
    197 0.000000 0.000000 0.000000 0.000000 0.000000 0.000000
    198 0.000000 0.000000 0.000000 0.000000 0.000000 0.000000
    199 0.000000 0.000000 0.000000 0.000000 0.000000 0.000000
    200 0.000000 0.000000 0.000000 0.000000 0.000000 0.000000
    201 0.000000 0.000000 0.000000 0.000000 0.000000 0.000000
    202 0.000000 0.000000 0.000000 0.000000 0.000000 0.000000
    203 0.000000 0.000000 0.000000 0.000000 0.000000 0.000000
    204 0.000000 0.000000 0.000000 0.000000 0.000000 0.000000
    205 0.000000 0.000000 0.000000 0.000000 0.000000 0.000000
    206 0.000000 0.000000 0.000000 0.000000 0.000000 0.000000
    207 0.000000 0.000000 0.000000 0.000000 0.000000 0.000000
    208 0.000000 0.000000 0.000000 0.000000 0.000000 0.000000
    209 0.000000 0.000000 0.000000 0.000000 0.000000 0.000000
    210 0.000000 0.000000 0.000000 0.000000 0.000000 0.000000
    211 0.000000 0.000000 0.000000 0.000000 0.000000 0.000000
    212 0.000000 0.000000 0.000000 0.000000 0.000000 0.000000
    213 0.000000 0.000000 0.000000 0.000000 0.000000 0.000000
    214 0.000000 0.000000 0.000000 0.000000 0.000000 0.000000
    215 0.000000 0.000000 0.000000 0.000000 0.000000 0.000000
    216 0.000000 0.000000 0.000000 0.000000 0.000000 0.000000
    217 0.000000 0.000000 0.000000 0.000000 0.000000 0.000000
    218 0.000000 0.000000 0.000000 0.000000 0.000000 0.000000
    219 0.000000 0.000000 0.000000 0.000000 0.000000 0.000000
    220 0.000000 0.000000 0.000000 0.000000 0.000000 0.000000
    221 0.000000 0.000000 0.000000 0.000000 0.000000 0.000000
    222 0.000000 0.000000 0.000000 0.000000 0.000000 0.000000
    223 0.000000 0.000000 0.000000 0.000000 0.000000 0.000000
    224 0.000000 0.000000 0.000000 0.000000 0.000000 0.000000
    225 0.000000 0.000000 0.000000 0.000000 0.000000 0.000000
    226 0.000000 0.000000 0.000000 0.000000 0.000000 0.000000
    227 0.093753 0.351573 -0.140629 -0.209357 0.035006 0.058740
    228 0.000000 0.000000 0.000000 0.000000 0.000000 0.000000
    229 0.000000 0.000000 0.000000 0.000000 0.000000 0.000000
    230 0.000000 0.000000 0.000000 0.003380 0.000000 0.000000
    231 0.000000 0.000000 0.000000 0.000000 0.000000 0.000000
    232 0.000000 0.000000 0.000000 0.000000 0.000000 0.000000
    233 0.000000 0.000000 0.000000 0.000000 0.000000 0.000000
    234 0.113285 -0.035157 -0.222663 -0.209328 0.035032 -1.512078
    235 0.000000 0.000000 0.000000 0.000000 0.000000 0.000000
    236 0.000000 0.000000 0.000000 0.000000 0.000000 0.000000
    237 0.000000 0.000000 0.000000 0.000000 0.000000 0.000000
    238 0.000000 0.000000 0.000000 0.000000 0.000000 0.000000
    239 0.000000 0.000000 0.000000 0.000000 0.000000 0.000000
    240 0.000000 0.000000 0.000000 0.000000 0.000000 0.000000
    241 0.000000 0.000000 0.000000 0.000000 0.000000 0.000000
    242 0.000000 0.000000 0.000000 0.000000 0.000000 0.000000
    243 0.000000 0.000000 0.000000 0.000000 0.000000 0.000000
    244 0.000000 0.000000 0.000000 0.000000 0.000000 0.000000
    245 0.000000 0.000000 0.000000 0.000000 0.000000 0.000000
    246 0.000000 0.000000 0.000000 0.000000 0.000000 -1.570796
  time 26
    0 0.000000 0.000000 0.000000 0.000000 0.000000 -1.570796
    1 0.000000 0.000000 0.000000 0.000000 0.000000 0.000000
    2 0.000000 0.000000 0.000000 0.000000 0.000000 0.000000
    3 0.000000 0.000000 0.000000 0.000000 0.000000 0.000000
    4 0.000000 0.000000 0.000000 0.000000 0.000000 0.000000
    5 0.000000 0.000000 0.000000 0.000000 0.000000 0.000000
    6 0.000000 0.000000 0.000000 0.000000 0.000000 0.000000
    7 0.000000 0.000000 0.000000 0.000000 0.000000 0.000000
    8 -0.371105 -0.714866 0.679708 0.095263 0.196761 -0.002490
    9 0.000000 0.000000 0.000000 0.024376 -0.003327 -0.131241
    10 0.000000 0.000000 0.000000 0.000000 0.000000 0.000000
    11 0.000000 0.000000 0.000000 0.000000 0.000000 0.000000
    12 0.000000 0.000000 0.000000 0.000000 0.000000 0.000000
    13 0.000000 0.000000 0.000000 0.019745 0.000000 -0.000024
    14 0.000000 0.000000 0.000000 -0.000048 0.000060 0.132101
    15 0.000000 0.000000 0.000000 0.000000 0.000000 0.000000
    16 0.000000 0.000000 0.000000 0.000000 0.000000 0.000000
    17 0.000000 0.000000 0.000000 0.000000 0.000000 0.000000
    18 0.000000 0.000000 0.000000 0.000000 0.000000 0.000000
    19 0.000000 0.000000 0.000000 -0.046409 0.000000 -0.000060
    20 -0.144536 -0.027345 0.000000 0.000000 -0.000060 -0.066046
    21 0.000000 0.000000 0.000000 -0.223940 -0.072661 -0.016874
    22 0.000000 0.000000 0.000000 0.000000 0.000000 0.000000
    23 0.000000 0.000000 0.000000 0.000000 0.000000 0.000000
    24 0.000000 0.000000 0.000000 0.000000 0.000000 0.000000
    25 0.000000 0.000000 0.000000 0.000000 0.000000 0.000000
    26 0.000000 0.000000 0.000000 0.000000 0.000000 0.000000
    27 0.000000 0.000000 0.000000 0.000000 0.000000 0.000000
    28 0.000000 0.000000 0.000000 0.000000 0.000000 0.000000
    29 0.000000 0.000000 0.000000 0.000000 0.000000 0.000000
    30 0.000000 0.000000 0.000000 0.000000 0.000000 0.000000
    31 0.000000 0.000000 0.000000 0.000000 0.000000 0.000000
    32 0.000000 0.000000 0.000000 0.000000 0.000000 0.000000
    33 0.000000 0.000000 0.000000 0.000000 0.000000 0.000000
    34 0.000000 0.000000 0.000000 0.000000 0.000000 0.000000
    35 0.000000 0.000000 0.000000 0.000000 0.000000 0.000000
    36 0.000000 0.000000 0.000000 0.000000 0.000000 0.000000
    37 0.000000 0.000000 0.000000 0.000000 0.000000 0.000000
    38 0.000000 0.000000 0.000000 0.000000 0.000000 0.000000
    39 0.000000 0.000000 0.000000 0.000000 0.000000 0.000000
    40 0.000000 0.000000 0.000000 0.000000 0.000000 0.000000
    41 0.000000 0.000000 0.000000 0.000000 0.000000 0.000000
    42 0.000000 0.000000 0.000000 0.000000 0.000000 0.000000
    43 0.000000 0.000000 0.000000 0.000000 0.000000 0.000000
    44 0.000000 0.000000 0.000000 0.000000 0.000000 0.000000
    45 0.000000 0.000000 0.000000 0.000000 0.000000 0.000000
    46 0.000000 0.000000 0.000000 0.000000 0.000000 0.000000
    47 0.000000 0.000000 0.000000 0.000000 0.000000 0.000000
    48 0.000000 0.000000 0.000000 0.000000 0.000000 0.000000
    49 0.000000 0.000000 0.000000 0.000000 0.000000 0.000000
    50 0.000000 0.000000 0.000000 0.000000 0.000000 0.000000
    51 0.000000 0.000000 0.000000 0.000000 0.000000 0.000000
    52 0.000000 0.000000 0.000000 0.000000 0.000000 0.000000
    53 0.000000 0.000000 0.000000 0.000000 0.000000 0.000000
    54 0.000000 0.000000 0.000000 0.000000 0.000000 0.000000
    55 0.000000 0.000000 0.000000 0.000000 0.000000 0.000000
    56 0.000000 0.000000 0.000000 0.000000 0.000000 0.000000
    57 0.000000 0.000000 0.000000 0.000000 0.000000 0.000000
    58 0.000000 0.000000 0.000000 0.000000 0.000000 0.000000
    59 0.000000 0.000000 0.000000 0.000000 0.000000 0.000000
    60 0.000000 0.000000 0.000000 0.000000 0.000000 0.000000
    61 0.000000 0.000000 0.000000 0.000000 0.000000 0.000000
    62 0.000000 0.000000 0.000000 0.000000 0.000000 0.000000
    63 0.000000 0.000000 0.000000 0.000000 0.000000 0.000000
    64 0.000000 0.000000 0.000000 0.000000 0.000000 0.000000
    65 0.000000 0.000000 0.000000 0.000000 0.000000 0.000000
    66 0.000000 0.000000 0.000000 0.000000 0.000000 0.000000
    67 0.000000 0.000000 0.000000 0.000000 0.000000 0.000000
    68 0.000000 0.000000 0.000000 0.000000 0.000000 0.000000
    69 0.000000 0.000000 0.000000 0.000000 0.000000 0.000000
    70 0.000000 0.000000 0.000000 0.000000 0.000000 0.000000
    71 0.000000 0.000000 0.000000 0.000000 0.000000 0.000000
    72 0.000000 0.000000 0.000000 0.000000 0.000000 0.000000
    73 0.000000 0.000000 0.000000 0.000000 0.000000 0.000000
    74 0.000000 0.000000 0.000000 0.000000 0.000000 0.000000
    75 0.000000 0.000000 0.000000 0.000000 0.000000 0.000000
    76 0.000000 0.000000 0.000000 0.000000 0.000000 0.000000
    77 0.000000 0.000000 0.000000 0.000000 0.000000 0.000000
    78 0.000000 0.000000 0.000000 0.000000 0.000000 0.000000
    79 0.000000 0.000000 0.000000 0.000000 0.000000 0.000000
    80 0.000000 0.000000 0.000000 0.000000 0.000000 0.000000
    81 0.000000 0.000000 0.000000 0.000000 0.000000 0.000000
    82 0.000000 0.000000 0.000000 0.000000 0.000000 0.000000
    83 0.000000 0.000000 0.000000 0.000000 0.000000 0.000000
    84 0.000000 0.000000 0.000000 0.000000 0.000000 0.000000
    85 0.000000 0.000000 0.000000 0.000000 0.000000 0.000000
    86 0.000000 0.000000 0.000000 0.000000 0.000000 0.000000
    87 0.000000 0.000000 0.000000 0.000000 0.000000 0.000000
    88 0.000000 0.000000 0.000000 0.000000 0.000000 0.000000
    89 0.000000 0.000000 0.000000 0.000000 0.000000 0.000000
    90 0.000000 0.000000 0.000000 0.000000 0.000000 0.000000
    91 0.000000 0.000000 0.000000 0.000000 0.000000 0.000000
    92 0.000000 0.000000 0.000000 0.000000 0.000000 0.000000
    93 0.000000 0.000000 0.000000 0.000000 0.000000 0.000000
    94 0.000000 0.000000 0.000000 0.000000 0.000000 0.000000
    95 0.000000 0.000000 0.000000 0.000000 0.000000 0.000000
    96 0.000000 0.000000 0.000000 0.000000 0.000000 0.000000
    97 0.000000 0.000000 0.000000 0.000000 0.000000 0.000000
    98 0.000000 0.000000 0.000000 0.000000 0.000000 0.000000
    99 0.000000 0.000000 0.000000 0.000000 0.000000 0.000000
    100 0.000000 0.000000 0.000000 0.000000 0.000000 0.000000
    101 0.000000 0.000000 0.000000 0.000000 0.000000 0.000000
    102 0.000000 0.000000 0.000000 0.000000 0.000000 0.000000
    103 0.000000 0.000000 0.000000 0.000000 0.000000 0.000000
    104 0.000000 0.000000 0.000000 0.000000 0.000000 0.000000
    105 0.000000 0.000000 0.000000 0.000000 0.000000 0.000000
    106 0.000000 0.000000 0.000000 0.000000 0.000000 0.000000
    107 0.000000 0.000000 0.000000 0.000000 0.000000 0.000000
    108 0.000000 0.000000 0.000000 0.000000 0.000000 0.000000
    109 0.000000 0.000000 0.000000 0.000000 0.000000 0.000000
    110 0.000000 0.000000 0.000000 0.000000 0.000000 0.000000
    111 0.000000 0.000000 0.000000 0.000000 0.000000 -1.570796
    112 -0.265633 -0.429701 0.347667 -0.212415 0.040654 -1.542918
    113 0.000000 0.000000 0.000000 0.000000 0.000000 0.000000
    114 0.000000 0.000000 0.000000 0.000000 0.000000 -1.570796
    115 0.000000 0.000000 0.000000 0.000000 0.000000 0.000000
    116 0.000000 0.000000 0.000000 0.000000 0.000000 0.000000
    117 0.000000 0.000000 0.000000 0.000000 0.000000 0.000000
    118 0.000000 0.000000 0.000000 0.000000 0.000000 0.000000
    119 0.000000 0.000000 0.000000 0.000000 0.000000 0.000000
    120 0.000000 0.000000 0.000000 0.000000 0.000000 0.000000
    121 0.000000 0.000000 0.000000 0.000000 0.000000 0.000000
    122 0.000000 0.000000 0.000000 0.000000 0.000000 0.000000
    123 0.000000 0.000000 0.000000 0.000000 0.000000 0.000000
    124 0.000000 0.000000 0.000000 0.000000 0.000000 0.000000
    125 0.000000 0.000000 0.000000 0.000000 0.000000 0.000000
    126 0.000000 0.000000 0.000000 0.000000 0.000000 0.000000
    127 0.000000 0.000000 0.000000 0.000000 0.000000 0.000000
    128 0.000000 0.000000 0.000000 0.000000 0.000000 0.000000
    129 0.000000 0.000000 0.000000 0.000000 0.000000 0.000000
    130 0.000000 0.000000 0.000000 0.000000 0.000000 0.000000
    131 0.000000 0.000000 0.000000 0.000000 0.000000 0.000000
    132 0.000000 0.000000 0.000000 0.000000 0.000000 0.000000
    133 0.000000 0.000000 0.000000 0.000000 0.000000 0.000000
    134 0.000000 0.000000 0.000000 0.000000 0.000000 0.000000
    135 0.000000 0.000000 0.000000 0.000000 0.000000 0.000000
    136 0.000000 0.000000 0.000000 0.000000 0.000000 0.000000
    137 0.000000 0.000000 0.000000 0.000000 0.000000 0.000000
    138 0.000000 0.000000 0.000000 0.000000 0.000000 0.000000
    139 0.000000 0.000000 0.000000 0.000000 0.000000 0.000000
    140 0.000000 0.000000 0.000000 0.000000 0.000000 0.000000
    141 0.000000 0.000000 0.000000 0.000000 0.000000 0.000000
    142 0.000000 0.000000 0.000000 0.000000 0.000000 0.000000
    143 0.000000 0.000000 0.000000 0.000000 0.000000 0.000000
    144 0.000000 0.000000 0.000000 0.000000 0.000000 0.000000
    145 0.000000 0.000000 0.000000 0.000000 0.000000 0.000000
    146 0.000000 0.000000 0.000000 0.000000 0.000000 0.000000
    147 0.000000 0.000000 0.000000 0.000000 0.000000 0.000000
    148 0.000000 0.000000 0.000000 0.000000 0.000000 0.000000
    149 0.000000 0.000000 0.000000 0.000000 0.000000 0.000000
    150 0.000000 0.000000 0.000000 0.000000 0.000000 0.000000
    151 0.000000 0.000000 0.000000 0.000000 0.000000 0.000000
    152 0.000000 0.000000 0.000000 0.000000 0.000000 0.000000
    153 0.000000 0.000000 0.000000 0.000000 0.000000 0.000000
    154 0.000000 0.000000 0.000000 0.000000 0.000000 0.000000
    155 0.000000 0.000000 0.000000 0.000000 0.000000 0.000000
    156 0.000000 0.000000 0.000000 0.000000 0.000000 0.000000
    157 0.000000 0.000000 0.000000 0.000000 0.000000 0.000000
    158 0.000000 0.000000 0.000000 0.000000 0.000000 0.000000
    159 0.000000 0.000000 0.000000 0.000000 0.000000 0.000000
    160 0.000000 0.000000 0.000000 0.000000 0.000000 0.000000
    161 0.000000 0.000000 0.000000 0.000000 0.000000 0.000000
    162 0.000000 0.000000 0.000000 0.000000 0.000000 0.000000
    163 0.000000 0.000000 0.000000 0.000000 0.000000 0.000000
    164 0.000000 0.000000 0.000000 0.000000 0.000000 0.000000
    165 0.000000 0.000000 0.000000 0.000000 0.000000 0.000000
    166 0.000000 0.000000 0.000000 0.000000 0.000000 0.000000
    167 0.000000 0.000000 0.000000 0.000000 0.000000 0.000000
    168 0.000000 0.000000 0.000000 0.000000 0.000000 0.000000
    169 0.000000 0.000000 0.000000 0.000000 0.000000 0.000000
    170 0.000000 0.000000 0.000000 0.000000 0.000000 0.000000
    171 0.000000 0.000000 0.000000 0.000000 0.000000 0.000000
    172 0.000000 0.000000 0.000000 0.000000 0.000000 0.000000
    173 0.000000 0.000000 0.000000 0.000000 0.000000 0.000000
    174 0.000000 0.000000 0.000000 0.000000 0.000000 0.000000
    175 0.000000 0.000000 0.000000 0.000000 0.000000 0.000000
    176 0.000000 0.000000 0.000000 0.000000 0.000000 0.000000
    177 0.000000 0.000000 0.000000 0.000000 0.000000 0.000000
    178 0.000000 0.000000 0.000000 0.000000 0.000000 0.000000
    179 0.000000 0.000000 0.000000 0.000000 0.000000 0.000000
    180 0.000000 0.000000 0.000000 0.000000 0.000000 0.000000
    181 0.000000 0.000000 0.000000 0.000000 0.000000 0.000000
    182 0.000000 0.000000 0.000000 0.000000 0.000000 0.000000
    183 0.000000 0.000000 0.000000 0.000000 0.000000 0.000000
    184 0.000000 0.000000 0.000000 0.000000 0.000000 0.000000
    185 0.000000 0.000000 0.000000 0.000000 0.000000 0.000000
    186 0.000000 0.000000 0.000000 0.000000 0.000000 0.000000
    187 0.000000 0.000000 0.000000 0.000000 0.000000 0.000000
    188 0.000000 0.000000 0.000000 0.000000 0.000000 0.000000
    189 0.000000 0.000000 0.000000 0.000000 0.000000 0.000000
    190 0.000000 0.000000 0.000000 0.000000 0.000000 0.000000
    191 0.000000 0.000000 0.000000 -0.023186 0.000000 0.000000
    192 0.000000 0.000000 0.000000 0.000000 0.000000 0.000000
    193 0.000000 0.000000 0.000000 0.000000 0.000000 0.000000
    194 0.000000 0.000000 0.000000 0.000000 0.000000 0.000000
    195 0.000000 0.000000 0.000000 0.000000 0.000000 0.000000
    196 0.000000 0.000000 0.000000 0.000000 0.000000 0.000000
    197 0.000000 0.000000 0.000000 0.000000 0.000000 0.000000
    198 0.000000 0.000000 0.000000 0.000000 0.000000 0.000000
    199 0.000000 0.000000 0.000000 0.000000 0.000000 0.000000
    200 0.000000 0.000000 0.000000 0.000000 0.000000 0.000000
    201 0.000000 0.000000 0.000000 0.000000 0.000000 0.000000
    202 0.000000 0.000000 0.000000 0.000000 0.000000 0.000000
    203 0.000000 0.000000 0.000000 0.000000 0.000000 0.000000
    204 0.000000 0.000000 0.000000 0.000000 0.000000 0.000000
    205 0.000000 0.000000 0.000000 0.000000 0.000000 0.000000
    206 0.000000 0.000000 0.000000 0.000000 0.000000 0.000000
    207 0.000000 0.000000 0.000000 0.000000 0.000000 0.000000
    208 0.000000 0.000000 0.000000 0.000000 0.000000 0.000000
    209 0.000000 0.000000 0.000000 0.000000 0.000000 0.000000
    210 0.000000 0.000000 0.000000 0.000000 0.000000 0.000000
    211 0.000000 0.000000 0.000000 0.000000 0.000000 0.000000
    212 0.000000 0.000000 0.000000 0.000000 0.000000 0.000000
    213 0.000000 0.000000 0.000000 0.000000 0.000000 0.000000
    214 0.000000 0.000000 0.000000 0.000000 0.000000 0.000000
    215 0.000000 0.000000 0.000000 0.000000 0.000000 0.000000
    216 0.000000 0.000000 0.000000 0.000000 0.000000 0.000000
    217 0.000000 0.000000 0.000000 0.000000 0.000000 0.000000
    218 0.000000 0.000000 0.000000 0.000000 0.000000 0.000000
    219 0.000000 0.000000 0.000000 0.000000 0.000000 0.000000
    220 0.000000 0.000000 0.000000 0.000000 0.000000 0.000000
    221 0.000000 0.000000 0.000000 0.000000 0.000000 0.000000
    222 0.000000 0.000000 0.000000 0.000000 0.000000 0.000000
    223 0.000000 0.000000 0.000000 0.000000 0.000000 0.000000
    224 0.000000 0.000000 0.000000 0.000000 0.000000 0.000000
    225 0.000000 0.000000 0.000000 0.000000 0.000000 0.000000
    226 0.000000 0.000000 0.000000 0.000000 0.000000 0.000000
    227 0.406262 -0.058596 -0.062502 -0.212415 0.040648 0.027878
    228 0.000000 0.000000 0.000000 0.000000 0.000000 0.000000
    229 0.000000 0.000000 0.000000 0.000000 0.000000 0.000000
    230 0.000000 0.000000 0.000000 0.002780 0.000000 0.000000
    231 0.000000 0.000000 0.000000 0.000000 0.000000 0.000000
    232 0.000000 0.000000 0.000000 0.000000 0.000000 0.000000
    233 0.000000 0.000000 0.000000 0.000000 0.000000 0.000000
    234 -0.417982 -0.328135 -0.164068 -0.212473 0.040658 -1.542922
    235 0.000000 0.000000 0.000000 0.000000 0.000000 0.000000
    236 0.000000 0.000000 0.000000 0.000000 0.000000 0.000000
    237 0.000000 0.000000 0.000000 0.000000 0.000000 0.000000
    238 0.000000 0.000000 0.000000 0.000000 0.000000 0.000000
    239 0.000000 0.000000 0.000000 0.000000 0.000000 0.000000
    240 0.000000 0.000000 0.000000 0.000000 0.000000 0.000000
    241 0.000000 0.000000 0.000000 0.000000 0.000000 0.000000
    242 0.000000 0.000000 0.000000 0.000000 0.000000 0.000000
    243 0.000000 0.000000 0.000000 0.000000 0.000000 0.000000
    244 0.000000 0.000000 0.000000 0.000000 0.000000 0.000000
    245 0.000000 0.000000 0.000000 0.000000 0.000000 0.000000
    246 0.000000 0.000000 0.000000 0.000000 0.000000 -1.570796
  time 27
    0 0.000000 0.000000 0.000000 0.000000 0.000000 -1.570796
    1 0.000000 0.000000 0.000000 0.000000 0.000000 0.000000
    2 0.000000 0.000000 0.000000 0.000000 0.000000 0.000000
    3 0.000000 0.000000 0.000000 0.000000 0.000000 0.000000
    4 0.000000 0.000000 0.000000 0.000000 0.000000 0.000000
    5 0.000000 0.000000 0.000000 0.000000 0.000000 0.000000
    6 0.000000 0.000000 0.000000 0.000000 0.000000 0.000000
    7 0.000000 0.000000 0.000000 0.000000 0.000000 0.000000
    8 -0.015625 -0.636738 0.664083 0.046875 0.137253 0.009577
    9 0.000000 0.000000 0.000000 0.004397 -0.000641 -0.112598
    10 0.000000 0.000000 0.000000 0.000000 0.000000 0.000000
    11 0.000000 0.000000 0.000000 0.000000 0.000000 0.000000
    12 0.000000 0.000000 0.000000 0.000000 0.000000 0.000000
    13 0.000000 0.000000 0.000000 0.030482 0.000000 -0.000060
    14 0.000000 0.000000 0.000000 0.000000 0.000000 0.112155
    15 0.000000 0.000000 0.000000 0.000000 0.000000 0.000000
    16 0.000000 0.000000 0.000000 0.000000 0.000000 0.000000
    17 0.000000 0.000000 0.000000 0.000000 0.000000 0.000000
    18 0.000000 0.000000 0.000000 0.000000 0.000000 0.000000
    19 0.000000 0.000000 0.000000 -0.045250 0.000000 0.000000
    20 -0.117191 -0.023438 0.000000 0.000000 0.000000 -0.056076
    21 0.000000 0.000000 0.000000 -0.146406 -0.016602 -0.003844
    22 0.000000 0.000000 0.000000 0.000000 0.000000 0.000000
    23 0.000000 0.000000 0.000000 0.000000 0.000000 0.000000
    24 0.000000 0.000000 0.000000 0.000000 0.000000 0.000000
    25 0.000000 0.000000 0.000000 0.000000 0.000000 0.000000
    26 0.000000 0.000000 0.000000 0.000000 0.000000 0.000000
    27 0.000000 0.000000 0.000000 0.000000 0.000000 0.000000
    28 0.000000 0.000000 0.000000 0.000000 0.000000 0.000000
    29 0.000000 0.000000 0.000000 0.000000 0.000000 0.000000
    30 0.000000 0.000000 0.000000 0.000000 0.000000 0.000000
    31 0.000000 0.000000 0.000000 0.000000 0.000000 0.000000
    32 0.000000 0.000000 0.000000 0.000000 0.000000 0.000000
    33 0.000000 0.000000 0.000000 0.000000 0.000000 0.000000
    34 0.000000 0.000000 0.000000 0.000000 0.000000 0.000000
    35 0.000000 0.000000 0.000000 0.000000 0.000000 0.000000
    36 0.000000 0.000000 0.000000 0.000000 0.000000 0.000000
    37 0.000000 0.000000 0.000000 0.000000 0.000000 0.000000
    38 0.000000 0.000000 0.000000 0.000000 0.000000 0.000000
    39 0.000000 0.000000 0.000000 0.000000 0.000000 0.000000
    40 0.000000 0.000000 0.000000 0.000000 0.000000 0.000000
    41 0.000000 0.000000 0.000000 0.000000 0.000000 0.000000
    42 0.000000 0.000000 0.000000 0.000000 0.000000 0.000000
    43 0.000000 0.000000 0.000000 0.000000 0.000000 0.000000
    44 0.000000 0.000000 0.000000 0.000000 0.000000 0.000000
    45 0.000000 0.000000 0.000000 0.000000 0.000000 0.000000
    46 0.000000 0.000000 0.000000 0.000000 0.000000 0.000000
    47 0.000000 0.000000 0.000000 0.000000 0.000000 0.000000
    48 0.000000 0.000000 0.000000 0.000000 0.000000 0.000000
    49 0.000000 0.000000 0.000000 0.000000 0.000000 0.000000
    50 0.000000 0.000000 0.000000 0.000000 0.000000 0.000000
    51 0.000000 0.000000 0.000000 0.000000 0.000000 0.000000
    52 0.000000 0.000000 0.000000 0.000000 0.000000 0.000000
    53 0.000000 0.000000 0.000000 0.000000 0.000000 0.000000
    54 0.000000 0.000000 0.000000 0.000000 0.000000 0.000000
    55 0.000000 0.000000 0.000000 0.000000 0.000000 0.000000
    56 0.000000 0.000000 0.000000 0.000000 0.000000 0.000000
    57 0.000000 0.000000 0.000000 0.000000 0.000000 0.000000
    58 0.000000 0.000000 0.000000 0.000000 0.000000 0.000000
    59 0.000000 0.000000 0.000000 0.000000 0.000000 0.000000
    60 0.000000 0.000000 0.000000 0.000000 0.000000 0.000000
    61 0.000000 0.000000 0.000000 0.000000 0.000000 0.000000
    62 0.000000 0.000000 0.000000 0.000000 0.000000 0.000000
    63 0.000000 0.000000 0.000000 0.000000 0.000000 0.000000
    64 0.000000 0.000000 0.000000 0.000000 0.000000 0.000000
    65 0.000000 0.000000 0.000000 0.000000 0.000000 0.000000
    66 0.000000 0.000000 0.000000 0.000000 0.000000 0.000000
    67 0.000000 0.000000 0.000000 0.000000 0.000000 0.000000
    68 0.000000 0.000000 0.000000 0.000000 0.000000 0.000000
    69 0.000000 0.000000 0.000000 0.000000 0.000000 0.000000
    70 0.000000 0.000000 0.000000 0.000000 0.000000 0.000000
    71 0.000000 0.000000 0.000000 0.000000 0.000000 0.000000
    72 0.000000 0.000000 0.000000 0.000000 0.000000 0.000000
    73 0.000000 0.000000 0.000000 0.000000 0.000000 0.000000
    74 0.000000 0.000000 0.000000 0.000000 0.000000 0.000000
    75 0.000000 0.000000 0.000000 0.000000 0.000000 0.000000
    76 0.000000 0.000000 0.000000 0.000000 0.000000 0.000000
    77 0.000000 0.000000 0.000000 0.000000 0.000000 0.000000
    78 0.000000 0.000000 0.000000 0.000000 0.000000 0.000000
    79 0.000000 0.000000 0.000000 0.000000 0.000000 0.000000
    80 0.000000 0.000000 0.000000 0.000000 0.000000 0.000000
    81 0.000000 0.000000 0.000000 0.000000 0.000000 0.000000
    82 0.000000 0.000000 0.000000 0.000000 0.000000 0.000000
    83 0.000000 0.000000 0.000000 0.000000 0.000000 0.000000
    84 0.000000 0.000000 0.000000 0.000000 0.000000 0.000000
    85 0.000000 0.000000 0.000000 0.000000 0.000000 0.000000
    86 0.000000 0.000000 0.000000 0.000000 0.000000 0.000000
    87 0.000000 0.000000 0.000000 0.000000 0.000000 0.000000
    88 0.000000 0.000000 0.000000 0.000000 0.000000 0.000000
    89 0.000000 0.000000 0.000000 0.000000 0.000000 0.000000
    90 0.000000 0.000000 0.000000 0.000000 0.000000 0.000000
    91 0.000000 0.000000 0.000000 0.000000 0.000000 0.000000
    92 0.000000 0.000000 0.000000 0.000000 0.000000 0.000000
    93 0.000000 0.000000 0.000000 0.000000 0.000000 0.000000
    94 0.000000 0.000000 0.000000 0.000000 0.000000 0.000000
    95 0.000000 0.000000 0.000000 0.000000 0.000000 0.000000
    96 0.000000 0.000000 0.000000 0.000000 0.000000 0.000000
    97 0.000000 0.000000 0.000000 0.000000 0.000000 0.000000
    98 0.000000 0.000000 0.000000 0.000000 0.000000 0.000000
    99 0.000000 0.000000 0.000000 0.000000 0.000000 0.000000
    100 0.000000 0.000000 0.000000 0.000000 0.000000 0.000000
    101 0.000000 0.000000 0.000000 0.000000 0.000000 0.000000
    102 0.000000 0.000000 0.000000 0.000000 0.000000 0.000000
    103 0.000000 0.000000 0.000000 0.000000 0.000000 0.000000
    104 0.000000 0.000000 0.000000 0.000000 0.000000 0.000000
    105 0.000000 0.000000 0.000000 0.000000 0.000000 0.000000
    106 0.000000 0.000000 0.000000 0.000000 0.000000 0.000000
    107 0.000000 0.000000 0.000000 0.000000 0.000000 0.000000
    108 0.000000 0.000000 0.000000 0.000000 0.000000 0.000000
    109 0.000000 0.000000 0.000000 0.000000 0.000000 0.000000
    110 0.000000 0.000000 0.000000 0.000000 0.000000 0.000000
    111 0.000000 0.000000 0.000000 0.000000 0.000000 -1.570796
    112 -0.238289 -0.632832 0.390637 -0.140503 0.036299 -1.572288
    113 0.000000 0.000000 0.000000 0.000000 0.000000 0.000000
    114 0.000000 0.000000 0.000000 0.000000 0.000000 -1.570796
    115 0.000000 0.000000 0.000000 0.000000 0.000000 0.000000
    116 0.000000 0.000000 0.000000 0.000000 0.000000 0.000000
    117 0.000000 0.000000 0.000000 0.000000 0.000000 0.000000
    118 0.000000 0.000000 0.000000 0.000000 0.000000 0.000000
    119 0.000000 0.000000 0.000000 0.000000 0.000000 0.000000
    120 0.000000 0.000000 0.000000 0.000000 0.000000 0.000000
    121 0.000000 0.000000 0.000000 0.000000 0.000000 0.000000
    122 0.000000 0.000000 0.000000 0.000000 0.000000 0.000000
    123 0.000000 0.000000 0.000000 0.000000 0.000000 0.000000
    124 0.000000 0.000000 0.000000 0.000000 0.000000 0.000000
    125 0.000000 0.000000 0.000000 0.000000 0.000000 0.000000
    126 0.000000 0.000000 0.000000 0.000000 0.000000 0.000000
    127 0.000000 0.000000 0.000000 0.000000 0.000000 0.000000
    128 0.000000 0.000000 0.000000 0.000000 0.000000 0.000000
    129 0.000000 0.000000 0.000000 0.000000 0.000000 0.000000
    130 0.000000 0.000000 0.000000 0.000000 0.000000 0.000000
    131 0.000000 0.000000 0.000000 0.000000 0.000000 0.000000
    132 0.000000 0.000000 0.000000 0.000000 0.000000 0.000000
    133 0.000000 0.000000 0.000000 0.000000 0.000000 0.000000
    134 0.000000 0.000000 0.000000 0.000000 0.000000 0.000000
    135 0.000000 0.000000 0.000000 0.000000 0.000000 0.000000
    136 0.000000 0.000000 0.000000 0.000000 0.000000 0.000000
    137 0.000000 0.000000 0.000000 0.000000 0.000000 0.000000
    138 0.000000 0.000000 0.000000 0.000000 0.000000 0.000000
    139 0.000000 0.000000 0.000000 0.000000 0.000000 0.000000
    140 0.000000 0.000000 0.000000 0.000000 0.000000 0.000000
    141 0.000000 0.000000 0.000000 0.000000 0.000000 0.000000
    142 0.000000 0.000000 0.000000 0.000000 0.000000 0.000000
    143 0.000000 0.000000 0.000000 0.000000 0.000000 0.000000
    144 0.000000 0.000000 0.000000 0.000000 0.000000 0.000000
    145 0.000000 0.000000 0.000000 0.000000 0.000000 0.000000
    146 0.000000 0.000000 0.000000 0.000000 0.000000 0.000000
    147 0.000000 0.000000 0.000000 0.000000 0.000000 0.000000
    148 0.000000 0.000000 0.000000 0.000000 0.000000 0.000000
    149 0.000000 0.000000 0.000000 0.000000 0.000000 0.000000
    150 0.000000 0.000000 0.000000 0.000000 0.000000 0.000000
    151 0.000000 0.000000 0.000000 0.000000 0.000000 0.000000
    152 0.000000 0.000000 0.000000 0.000000 0.000000 0.000000
    153 0.000000 0.000000 0.000000 0.000000 0.000000 0.000000
    154 0.000000 0.000000 0.000000 0.000000 0.000000 0.000000
    155 0.000000 0.000000 0.000000 0.000000 0.000000 0.000000
    156 0.000000 0.000000 0.000000 0.000000 0.000000 0.000000
    157 0.000000 0.000000 0.000000 0.000000 0.000000 0.000000
    158 0.000000 0.000000 0.000000 0.000000 0.000000 0.000000
    159 0.000000 0.000000 0.000000 0.000000 0.000000 0.000000
    160 0.000000 0.000000 0.000000 0.000000 0.000000 0.000000
    161 0.000000 0.000000 0.000000 0.000000 0.000000 0.000000
    162 0.000000 0.000000 0.000000 0.000000 0.000000 0.000000
    163 0.000000 0.000000 0.000000 0.000000 0.000000 0.000000
    164 0.000000 0.000000 0.000000 0.000000 0.000000 0.000000
    165 0.000000 0.000000 0.000000 0.000000 0.000000 0.000000
    166 0.000000 0.000000 0.000000 0.000000 0.000000 0.000000
    167 0.000000 0.000000 0.000000 0.000000 0.000000 0.000000
    168 0.000000 0.000000 0.000000 0.000000 0.000000 0.000000
    169 0.000000 0.000000 0.000000 0.000000 0.000000 0.000000
    170 0.000000 0.000000 0.000000 0.000000 0.000000 0.000000
    171 0.000000 0.000000 0.000000 0.000000 0.000000 0.000000
    172 0.000000 0.000000 0.000000 0.000000 0.000000 0.000000
    173 0.000000 0.000000 0.000000 0.000000 0.000000 0.000000
    174 0.000000 0.000000 0.000000 0.000000 0.000000 0.000000
    175 0.000000 0.000000 0.000000 0.000000 0.000000 0.000000
    176 0.000000 0.000000 0.000000 0.000000 0.000000 0.000000
    177 0.000000 0.000000 0.000000 0.000000 0.000000 0.000000
    178 0.000000 0.000000 0.000000 0.000000 0.000000 0.000000
    179 0.000000 0.000000 0.000000 0.000000 0.000000 0.000000
    180 0.000000 0.000000 0.000000 0.000000 0.000000 0.000000
    181 0.000000 0.000000 0.000000 0.000000 0.000000 0.000000
    182 0.000000 0.000000 0.000000 0.000000 0.000000 0.000000
    183 0.000000 0.000000 0.000000 0.000000 0.000000 0.000000
    184 0.000000 0.000000 0.000000 0.000000 0.000000 0.000000
    185 0.000000 0.000000 0.000000 0.000000 0.000000 0.000000
    186 0.000000 0.000000 0.000000 0.000000 0.000000 0.000000
    187 0.000000 0.000000 0.000000 0.000000 0.000000 0.000000
    188 0.000000 0.000000 0.000000 0.000000 0.000000 0.000000
    189 0.000000 0.000000 0.000000 0.000000 0.000000 0.000000
    190 0.000000 0.000000 0.000000 0.000000 0.000000 0.000000
    191 0.000000 0.000000 0.000000 -0.022618 0.000000 0.000000
    192 0.000000 0.000000 0.000000 0.000000 0.000000 0.000000
    193 0.000000 0.000000 0.000000 0.000000 0.000000 0.000000
    194 0.000000 0.000000 0.000000 0.000000 0.000000 0.000000
    195 0.000000 0.000000 0.000000 0.000000 0.000000 0.000000
    196 0.000000 0.000000 0.000000 0.000000 0.000000 0.000000
    197 0.000000 0.000000 0.000000 0.000000 0.000000 0.000000
    198 0.000000 0.000000 0.000000 0.000000 0.000000 0.000000
    199 0.000000 0.000000 0.000000 0.000000 0.000000 0.000000
    200 0.000000 0.000000 0.000000 0.000000 0.000000 0.000000
    201 0.000000 0.000000 0.000000 0.000000 0.000000 0.000000
    202 0.000000 0.000000 0.000000 0.000000 0.000000 0.000000
    203 0.000000 0.000000 0.000000 0.000000 0.000000 0.000000
    204 0.000000 0.000000 0.000000 0.000000 0.000000 0.000000
    205 0.000000 0.000000 0.000000 0.000000 0.000000 0.000000
    206 0.000000 0.000000 0.000000 0.000000 0.000000 0.000000
    207 0.000000 0.000000 0.000000 0.000000 0.000000 0.000000
    208 0.000000 0.000000 0.000000 0.000000 0.000000 0.000000
    209 0.000000 0.000000 0.000000 0.000000 0.000000 0.000000
    210 0.000000 0.000000 0.000000 0.000000 0.000000 0.000000
    211 0.000000 0.000000 0.000000 0.000000 0.000000 0.000000
    212 0.000000 0.000000 0.000000 0.000000 0.000000 0.000000
    213 0.000000 0.000000 0.000000 0.000000 0.000000 0.000000
    214 0.000000 0.000000 0.000000 0.000000 0.000000 0.000000
    215 0.000000 0.000000 0.000000 0.000000 0.000000 0.000000
    216 0.000000 0.000000 0.000000 0.000000 0.000000 0.000000
    217 0.000000 0.000000 0.000000 0.000000 0.000000 0.000000
    218 0.000000 0.000000 0.000000 0.000000 0.000000 0.000000
    219 0.000000 0.000000 0.000000 0.000000 0.000000 0.000000
    220 0.000000 0.000000 0.000000 0.000000 0.000000 0.000000
    221 0.000000 0.000000 0.000000 0.000000 0.000000 0.000000
    222 0.000000 0.000000 0.000000 0.000000 0.000000 0.000000
    223 0.000000 0.000000 0.000000 0.000000 0.000000 0.000000
    224 0.000000 0.000000 0.000000 0.000000 0.000000 0.000000
    225 0.000000 0.000000 0.000000 0.000000 0.000000 0.000000
    226 0.000000 0.000000 0.000000 0.000000 0.000000 0.000000
    227 0.613300 -0.308603 0.015625 -0.140503 0.036294 -0.001492
    228 0.000000 0.000000 0.000000 0.000000 0.000000 0.000000
    229 0.000000 0.000000 0.000000 0.000000 0.000000 0.000000
    230 0.000000 0.000000 0.000000 0.002193 0.000000 0.000000
    231 0.000000 0.000000 0.000000 0.000000 0.000000 0.000000
    232 0.000000 0.000000 0.000000 0.000000 0.000000 0.000000
    233 0.000000 0.000000 0.000000 0.000000 0.000000 0.000000
    234 -0.621113 -0.531266 -0.089846 -0.140484 0.036307 -1.572329
    235 0.000000 0.000000 0.000000 0.000000 0.000000 0.000000
    236 0.000000 0.000000 0.000000 0.000000 0.000000 0.000000
    237 0.000000 0.000000 0.000000 0.000000 0.000000 0.000000
    238 0.000000 0.000000 0.000000 0.000000 0.000000 0.000000
    239 0.000000 0.000000 0.000000 0.000000 0.000000 0.000000
    240 0.000000 0.000000 0.000000 0.000000 0.000000 0.000000
    241 0.000000 0.000000 0.000000 0.000000 0.000000 0.000000
    242 0.000000 0.000000 0.000000 0.000000 0.000000 0.000000
    243 0.000000 0.000000 0.000000 0.000000 0.000000 0.000000
    244 0.000000 0.000000 0.000000 0.000000 0.000000 0.000000
    245 0.000000 0.000000 0.000000 0.000000 0.000000 0.000000
    246 0.000000 0.000000 0.000000 0.000000 0.000000 -1.570796
  time 28
    0 0.000000 0.000000 0.000000 0.000000 0.000000 -1.570796
    1 0.000000 0.000000 0.000000 0.000000 0.000000 0.000000
    2 0.000000 0.000000 0.000000 0.000000 0.000000 0.000000
    3 0.000000 0.000000 0.000000 0.000000 0.000000 0.000000
    4 0.000000 0.000000 0.000000 0.000000 0.000000 0.000000
    5 0.000000 0.000000 0.000000 0.000000 0.000000 0.000000
    6 0.000000 0.000000 0.000000 0.000000 0.000000 0.000000
    7 0.000000 0.000000 0.000000 0.000000 0.000000 0.000000
    8 0.234382 -0.550798 0.644551 0.004347 0.077091 0.016569
    9 0.000000 0.000000 0.000000 -0.015199 0.002625 -0.086479
    10 0.000000 0.000000 0.000000 0.000000 0.000000 0.000000
    11 0.000000 0.000000 0.000000 0.000000 0.000000 0.000000
    12 0.000000 0.000000 0.000000 0.000000 0.000000 0.000000
    13 0.000000 0.000000 0.000000 0.036988 0.000000 0.000000
    14 0.000000 0.000000 0.000000 -0.000024 0.000000 0.083618
    15 0.000000 0.000000 0.000000 0.000000 0.000000 0.000000
    16 0.000000 0.000000 0.000000 0.000000 0.000000 0.000000
    17 0.000000 0.000000 0.000000 0.000000 0.000000 0.000000
    18 0.000000 0.000000 0.000000 0.000000 0.000000 0.000000
    19 0.000000 0.000000 0.000000 -0.035726 0.000000 0.000000
    20 -0.093753 -0.015625 0.000000 0.000000 -0.000024 -0.041851
    21 0.000000 0.000000 0.000000 -0.066146 0.026675 0.011682
    22 0.000000 0.000000 0.000000 0.000000 0.000000 0.000000
    23 0.000000 0.000000 0.000000 0.000000 0.000000 0.000000
    24 0.000000 0.000000 0.000000 0.000000 0.000000 0.000000
    25 0.000000 0.000000 0.000000 0.000000 0.000000 0.000000
    26 0.000000 0.000000 0.000000 0.000000 0.000000 0.000000
    27 0.000000 0.000000 0.000000 0.000000 0.000000 0.000000
    28 0.000000 0.000000 0.000000 0.000000 0.000000 0.000000
    29 0.000000 0.000000 0.000000 0.000000 0.000000 0.000000
    30 0.000000 0.000000 0.000000 0.000000 0.000000 0.000000
    31 0.000000 0.000000 0.000000 0.000000 0.000000 0.000000
    32 0.000000 0.000000 0.000000 0.000000 0.000000 0.000000
    33 0.000000 0.000000 0.000000 0.000000 0.000000 0.000000
    34 0.000000 0.000000 0.000000 0.000000 0.000000 0.000000
    35 0.000000 0.000000 0.000000 0.000000 0.000000 0.000000
    36 0.000000 0.000000 0.000000 0.000000 0.000000 0.000000
    37 0.000000 0.000000 0.000000 0.000000 0.000000 0.000000
    38 0.000000 0.000000 0.000000 0.000000 0.000000 0.000000
    39 0.000000 0.000000 0.000000 0.000000 0.000000 0.000000
    40 0.000000 0.000000 0.000000 0.000000 0.000000 0.000000
    41 0.000000 0.000000 0.000000 0.000000 0.000000 0.000000
    42 0.000000 0.000000 0.000000 0.000000 0.000000 0.000000
    43 0.000000 0.000000 0.000000 0.000000 0.000000 0.000000
    44 0.000000 0.000000 0.000000 0.000000 0.000000 0.000000
    45 0.000000 0.000000 0.000000 0.000000 0.000000 0.000000
    46 0.000000 0.000000 0.000000 0.000000 0.000000 0.000000
    47 0.000000 0.000000 0.000000 0.000000 0.000000 0.000000
    48 0.000000 0.000000 0.000000 0.000000 0.000000 0.000000
    49 0.000000 0.000000 0.000000 0.000000 0.000000 0.000000
    50 0.000000 0.000000 0.000000 0.000000 0.000000 0.000000
    51 0.000000 0.000000 0.000000 0.000000 0.000000 0.000000
    52 0.000000 0.000000 0.000000 0.000000 0.000000 0.000000
    53 0.000000 0.000000 0.000000 0.000000 0.000000 0.000000
    54 0.000000 0.000000 0.000000 0.000000 0.000000 0.000000
    55 0.000000 0.000000 0.000000 0.000000 0.000000 0.000000
    56 0.000000 0.000000 0.000000 0.000000 0.000000 0.000000
    57 0.000000 0.000000 0.000000 0.000000 0.000000 0.000000
    58 0.000000 0.000000 0.000000 0.000000 0.000000 0.000000
    59 0.000000 0.000000 0.000000 0.000000 0.000000 0.000000
    60 0.000000 0.000000 0.000000 0.000000 0.000000 0.000000
    61 0.000000 0.000000 0.000000 0.000000 0.000000 0.000000
    62 0.000000 0.000000 0.000000 0.000000 0.000000 0.000000
    63 0.000000 0.000000 0.000000 0.000000 0.000000 0.000000
    64 0.000000 0.000000 0.000000 0.000000 0.000000 0.000000
    65 0.000000 0.000000 0.000000 0.000000 0.000000 0.000000
    66 0.000000 0.000000 0.000000 0.000000 0.000000 0.000000
    67 0.000000 0.000000 0.000000 0.000000 0.000000 0.000000
    68 0.000000 0.000000 0.000000 0.000000 0.000000 0.000000
    69 0.000000 0.000000 0.000000 0.000000 0.000000 0.000000
    70 0.000000 0.000000 0.000000 0.000000 0.000000 0.000000
    71 0.000000 0.000000 0.000000 0.000000 0.000000 0.000000
    72 0.000000 0.000000 0.000000 0.000000 0.000000 0.000000
    73 0.000000 0.000000 0.000000 0.000000 0.000000 0.000000
    74 0.000000 0.000000 0.000000 0.000000 0.000000 0.000000
    75 0.000000 0.000000 0.000000 0.000000 0.000000 0.000000
    76 0.000000 0.000000 0.000000 0.000000 0.000000 0.000000
    77 0.000000 0.000000 0.000000 0.000000 0.000000 0.000000
    78 0.000000 0.000000 0.000000 0.000000 0.000000 0.000000
    79 0.000000 0.000000 0.000000 0.000000 0.000000 0.000000
    80 0.000000 0.000000 0.000000 0.000000 0.000000 0.000000
    81 0.000000 0.000000 0.000000 0.000000 0.000000 0.000000
    82 0.000000 0.000000 0.000000 0.000000 0.000000 0.000000
    83 0.000000 0.000000 0.000000 0.000000 0.000000 0.000000
    84 0.000000 0.000000 0.000000 0.000000 0.000000 0.000000
    85 0.000000 0.000000 0.000000 0.000000 0.000000 0.000000
    86 0.000000 0.000000 0.000000 0.000000 0.000000 0.000000
    87 0.000000 0.000000 0.000000 0.000000 0.000000 0.000000
    88 0.000000 0.000000 0.000000 0.000000 0.000000 0.000000
    89 0.000000 0.000000 0.000000 0.000000 0.000000 0.000000
    90 0.000000 0.000000 0.000000 0.000000 0.000000 0.000000
    91 0.000000 0.000000 0.000000 0.000000 0.000000 0.000000
    92 0.000000 0.000000 0.000000 0.000000 0.000000 0.000000
    93 0.000000 0.000000 0.000000 0.000000 0.000000 0.000000
    94 0.000000 0.000000 0.000000 0.000000 0.000000 0.000000
    95 0.000000 0.000000 0.000000 0.000000 0.000000 0.000000
    96 0.000000 0.000000 0.000000 0.000000 0.000000 0.000000
    97 0.000000 0.000000 0.000000 0.000000 0.000000 0.000000
    98 0.000000 0.000000 0.000000 0.000000 0.000000 0.000000
    99 0.000000 0.000000 0.000000 0.000000 0.000000 0.000000
    100 0.000000 0.000000 0.000000 0.000000 0.000000 0.000000
    101 0.000000 0.000000 0.000000 0.000000 0.000000 0.000000
    102 0.000000 0.000000 0.000000 0.000000 0.000000 0.000000
    103 0.000000 0.000000 0.000000 0.000000 0.000000 0.000000
    104 0.000000 0.000000 0.000000 0.000000 0.000000 0.000000
    105 0.000000 0.000000 0.000000 0.000000 0.000000 0.000000
    106 0.000000 0.000000 0.000000 0.000000 0.000000 0.000000
    107 0.000000 0.000000 0.000000 0.000000 0.000000 0.000000
    108 0.000000 0.000000 0.000000 0.000000 0.000000 0.000000
    109 0.000000 0.000000 0.000000 0.000000 0.000000 0.000000
    110 0.000000 0.000000 0.000000 0.000000 0.000000 0.000000
    111 0.000000 0.000000 0.000000 0.000000 0.000000 -1.570796
    112 -0.187506 -0.726585 0.398450 -0.069553 0.031679 -1.591775
    113 0.000000 0.000000 0.000000 0.000000 0.000000 0.000000
    114 0.000000 0.000000 0.000000 0.000000 0.000000 -1.570796
    115 0.000000 0.000000 0.000000 0.000000 0.000000 0.000000
    116 0.000000 0.000000 0.000000 0.000000 0.000000 0.000000
    117 0.000000 0.000000 0.000000 0.000000 0.000000 0.000000
    118 0.000000 0.000000 0.000000 0.000000 0.000000 0.000000
    119 0.000000 0.000000 0.000000 0.000000 0.000000 0.000000
    120 0.000000 0.000000 0.000000 0.000000 0.000000 0.000000
    121 0.000000 0.000000 0.000000 0.000000 0.000000 0.000000
    122 0.000000 0.000000 0.000000 0.000000 0.000000 0.000000
    123 0.000000 0.000000 0.000000 0.000000 0.000000 0.000000
    124 0.000000 0.000000 0.000000 0.000000 0.000000 0.000000
    125 0.000000 0.000000 0.000000 0.000000 0.000000 0.000000
    126 0.000000 0.000000 0.000000 0.000000 0.000000 0.000000
    127 0.000000 0.000000 0.000000 0.000000 0.000000 0.000000
    128 0.000000 0.000000 0.000000 0.000000 0.000000 0.000000
    129 0.000000 0.000000 0.000000 0.000000 0.000000 0.000000
    130 0.000000 0.000000 0.000000 0.000000 0.000000 0.000000
    131 0.000000 0.000000 0.000000 0.000000 0.000000 0.000000
    132 0.000000 0.000000 0.000000 0.000000 0.000000 0.000000
    133 0.000000 0.000000 0.000000 0.000000 0.000000 0.000000
    134 0.000000 0.000000 0.000000 0.000000 0.000000 0.000000
    135 0.000000 0.000000 0.000000 0.000000 0.000000 0.000000
    136 0.000000 0.000000 0.000000 0.000000 0.000000 0.000000
    137 0.000000 0.000000 0.000000 0.000000 0.000000 0.000000
    138 0.000000 0.000000 0.000000 0.000000 0.000000 0.000000
    139 0.000000 0.000000 0.000000 0.000000 0.000000 0.000000
    140 0.000000 0.000000 0.000000 0.000000 0.000000 0.000000
    141 0.000000 0.000000 0.000000 0.000000 0.000000 0.000000
    142 0.000000 0.000000 0.000000 0.000000 0.000000 0.000000
    143 0.000000 0.000000 0.000000 0.000000 0.000000 0.000000
    144 0.000000 0.000000 0.000000 0.000000 0.000000 0.000000
    145 0.000000 0.000000 0.000000 0.000000 0.000000 0.000000
    146 0.000000 0.000000 0.000000 0.000000 0.000000 0.000000
    147 0.000000 0.000000 0.000000 0.000000 0.000000 0.000000
    148 0.000000 0.000000 0.000000 0.000000 0.000000 0.000000
    149 0.000000 0.000000 0.000000 0.000000 0.000000 0.000000
    150 0.000000 0.000000 0.000000 0.000000 0.000000 0.000000
    151 0.000000 0.000000 0.000000 0.000000 0.000000 0.000000
    152 0.000000 0.000000 0.000000 0.000000 0.000000 0.000000
    153 0.000000 0.000000 0.000000 0.000000 0.000000 0.000000
    154 0.000000 0.000000 0.000000 0.000000 0.000000 0.000000
    155 0.000000 0.000000 0.000000 0.000000 0.000000 0.000000
    156 0.000000 0.000000 0.000000 0.000000 0.000000 0.000000
    157 0.000000 0.000000 0.000000 0.000000 0.000000 0.000000
    158 0.000000 0.000000 0.000000 0.000000 0.000000 0.000000
    159 0.000000 0.000000 0.000000 0.000000 0.000000 0.000000
    160 0.000000 0.000000 0.000000 0.000000 0.000000 0.000000
    161 0.000000 0.000000 0.000000 0.000000 0.000000 0.000000
    162 0.000000 0.000000 0.000000 0.000000 0.000000 0.000000
    163 0.000000 0.000000 0.000000 0.000000 0.000000 0.000000
    164 0.000000 0.000000 0.000000 0.000000 0.000000 0.000000
    165 0.000000 0.000000 0.000000 0.000000 0.000000 0.000000
    166 0.000000 0.000000 0.000000 0.000000 0.000000 0.000000
    167 0.000000 0.000000 0.000000 0.000000 0.000000 0.000000
    168 0.000000 0.000000 0.000000 0.000000 0.000000 0.000000
    169 0.000000 0.000000 0.000000 0.000000 0.000000 0.000000
    170 0.000000 0.000000 0.000000 0.000000 0.000000 0.000000
    171 0.000000 0.000000 0.000000 0.000000 0.000000 0.000000
    172 0.000000 0.000000 0.000000 0.000000 0.000000 0.000000
    173 0.000000 0.000000 0.000000 0.000000 0.000000 0.000000
    174 0.000000 0.000000 0.000000 0.000000 0.000000 0.000000
    175 0.000000 0.000000 0.000000 0.000000 0.000000 0.000000
    176 0.000000 0.000000 0.000000 0.000000 0.000000 0.000000
    177 0.000000 0.000000 0.000000 0.000000 0.000000 0.000000
    178 0.000000 0.000000 0.000000 0.000000 0.000000 0.000000
    179 0.000000 0.000000 0.000000 0.000000 0.000000 0.000000
    180 0.000000 0.000000 0.000000 0.000000 0.000000 0.000000
    181 0.000000 0.000000 0.000000 0.000000 0.000000 0.000000
    182 0.000000 0.000000 0.000000 0.000000 0.000000 0.000000
    183 0.000000 0.000000 0.000000 0.000000 0.000000 0.000000
    184 0.000000 0.000000 0.000000 0.000000 0.000000 0.000000
    185 0.000000 0.000000 0.000000 0.000000 0.000000 0.000000
    186 0.000000 0.000000 0.000000 0.000000 0.000000 0.000000
    187 0.000000 0.000000 0.000000 0.000000 0.000000 0.000000
    188 0.000000 0.000000 0.000000 0.000000 0.000000 0.000000
    189 0.000000 0.000000 0.000000 0.000000 0.000000 0.000000
    190 0.000000 0.000000 0.000000 0.000000 0.000000 0.000000
    191 0.000000 0.000000 0.000000 -0.018670 0.000012 0.000000
    192 0.000000 0.000000 0.000000 0.000000 0.000000 0.000000
    193 0.000000 0.000000 0.000000 0.000000 0.000000 0.000000
    194 0.000000 0.000000 0.000000 0.000000 0.000000 0.000000
    195 0.000000 0.000000 0.000000 0.000000 0.000000 0.000000
    196 0.000000 0.000000 0.000000 0.000000 0.000000 0.000000
    197 0.000000 0.000000 0.000000 0.000000 0.000000 0.000000
    198 0.000000 0.000000 0.000000 0.000000 0.000000 0.000000
    199 0.000000 0.000000 0.000000 0.000000 0.000000 0.000000
    200 0.000000 0.000000 0.000000 0.000000 0.000000 0.000000
    201 0.000000 0.000000 0.000000 0.000000 0.000000 0.000000
    202 0.000000 0.000000 0.000000 0.000000 0.000000 0.000000
    203 0.000000 0.000000 0.000000 0.000000 0.000000 0.000000
    204 0.000000 0.000000 0.000000 0.000000 0.000000 0.000000
    205 0.000000 0.000000 0.000000 0.000000 0.000000 0.000000
    206 0.000000 0.000000 0.000000 0.000000 0.000000 0.000000
    207 0.000000 0.000000 0.000000 0.000000 0.000000 0.000000
    208 0.000000 0.000000 0.000000 0.000000 0.000000 0.000000
    209 0.000000 0.000000 0.000000 0.000000 0.000000 0.000000
    210 0.000000 0.000000 0.000000 0.000000 0.000000 0.000000
    211 0.000000 0.000000 0.000000 0.000000 0.000000 0.000000
    212 0.000000 0.000000 0.000000 0.000000 0.000000 0.000000
    213 0.000000 0.000000 0.000000 0.000000 0.000000 0.000000
    214 0.000000 0.000000 0.000000 0.000000 0.000000 0.000000
    215 0.000000 0.000000 0.000000 0.000000 0.000000 0.000000
    216 0.000000 0.000000 0.000000 0.000000 0.000000 0.000000
    217 0.000000 0.000000 0.000000 0.000000 0.000000 0.000000
    218 0.000000 0.000000 0.000000 0.000000 0.000000 0.000000
    219 0.000000 0.000000 0.000000 0.000000 0.000000 0.000000
    220 0.000000 0.000000 0.000000 0.000000 0.000000 0.000000
    221 0.000000 0.000000 0.000000 0.000000 0.000000 0.000000
    222 0.000000 0.000000 0.000000 0.000000 0.000000 0.000000
    223 0.000000 0.000000 0.000000 0.000000 0.000000 0.000000
    224 0.000000 0.000000 0.000000 0.000000 0.000000 0.000000
    225 0.000000 0.000000 0.000000 0.000000 0.000000 0.000000
    226 0.000000 0.000000 0.000000 0.000000 0.000000 0.000000
    227 0.707053 -0.433607 0.070315 -0.069553 0.031674 -0.020979
    228 0.000000 0.000000 0.000000 0.000000 0.000000 0.000000
    229 0.000000 0.000000 0.000000 0.000000 0.000000 0.000000
    230 0.000000 0.000000 0.000000 0.001594 0.000000 0.000000
    231 0.000000 0.000000 0.000000 0.000000 0.000000 0.000000
    232 0.000000 0.000000 0.000000 0.000000 0.000000 0.000000
    233 0.000000 0.000000 0.000000 0.000000 0.000000 0.000000
    234 -0.660176 -0.632832 -0.039064 -0.069543 0.031694 -1.591774
    235 0.000000 0.000000 0.000000 0.000000 0.000000 0.000000
    236 0.000000 0.000000 0.000000 0.000000 0.000000 0.000000
    237 0.000000 0.000000 0.000000 0.000000 0.000000 0.000000
    238 0.000000 0.000000 0.000000 0.000000 0.000000 0.000000
    239 0.000000 0.000000 0.000000 0.000000 0.000000 0.000000
    240 0.000000 0.000000 0.000000 0.000000 0.000000 0.000000
    241 0.000000 0.000000 0.000000 0.000000 0.000000 0.000000
    242 0.000000 0.000000 0.000000 0.000000 0.000000 0.000000
    243 0.000000 0.000000 0.000000 0.000000 0.000000 0.000000
    244 0.000000 0.000000 0.000000 0.000000 0.000000 0.000000
    245 0.000000 0.000000 0.000000 0.000000 0.000000 0.000000
    246 0.000000 0.000000 0.000000 0.000000 0.000000 -1.570796
  time 29
    0 0.000000 0.000000 0.000000 0.000000 0.000000 -1.570796
    1 0.000000 0.000000 0.000000 0.000000 0.000000 0.000000
    2 0.000000 0.000000 0.000000 0.000000 0.000000 0.000000
    3 0.000000 0.000000 0.000000 0.000000 0.000000 0.000000
    4 0.000000 0.000000 0.000000 0.000000 0.000000 0.000000
    5 0.000000 0.000000 0.000000 0.000000 0.000000 0.000000
    6 0.000000 0.000000 0.000000 0.000000 0.000000 0.000000
    7 0.000000 0.000000 0.000000 0.000000 0.000000 0.000000
    8 0.300790 -0.460952 0.531266 -0.024194 0.029354 0.014941
    9 0.000000 0.000000 0.000000 -0.021604 0.004518 -0.054176
    10 0.000000 0.000000 0.000000 0.000000 0.000000 0.000000
    11 0.000000 0.000000 0.000000 0.000000 0.000000 0.000000
    12 0.000000 0.000000 0.000000 0.000000 0.000000 0.000000
    13 0.000000 0.000000 0.000000 0.031892 0.000060 0.000000
    14 0.000000 0.000000 0.000000 -0.000060 0.000000 0.055157
    15 0.000000 0.000000 0.000000 0.000000 0.000000 0.000000
    16 0.000000 0.000000 0.000000 0.000000 0.000000 0.000000
    17 0.000000 0.000000 0.000000 0.000000 0.000000 0.000000
    18 0.000000 0.000000 0.000000 0.000000 0.000000 0.000000
    19 0.000000 0.000000 0.000000 -0.026203 0.000000 0.000000
    20 -0.066408 -0.011719 0.000000 0.000000 -0.000060 -0.027626
    21 0.000000 0.000000 0.000000 -0.012842 0.045229 0.021517
    22 0.000000 0.000000 0.000000 0.000000 0.000000 0.000000
    23 0.000000 0.000000 0.000000 0.000000 0.000000 0.000000
    24 0.000000 0.000000 0.000000 0.000000 0.000000 0.000000
    25 0.000000 0.000000 0.000000 0.000000 0.000000 0.000000
    26 0.000000 0.000000 0.000000 0.000000 0.000000 0.000000
    27 0.000000 0.000000 0.000000 0.000000 0.000000 0.000000
    28 0.000000 0.000000 0.000000 0.000000 0.000000 0.000000
    29 0.000000 0.000000 0.000000 0.000000 0.000000 0.000000
    30 0.000000 0.000000 0.000000 0.000000 0.000000 0.000000
    31 0.000000 0.000000 0.000000 0.000000 0.000000 0.000000
    32 0.000000 0.000000 0.000000 0.000000 0.000000 0.000000
    33 0.000000 0.000000 0.000000 0.000000 0.000000 0.000000
    34 0.000000 0.000000 0.000000 0.000000 0.000000 0.000000
    35 0.000000 0.000000 0.000000 0.000000 0.000000 0.000000
    36 0.000000 0.000000 0.000000 0.000000 0.000000 0.000000
    37 0.000000 0.000000 0.000000 0.000000 0.000000 0.000000
    38 0.000000 0.000000 0.000000 0.000000 0.000000 0.000000
    39 0.000000 0.000000 0.000000 0.000000 0.000000 0.000000
    40 0.000000 0.000000 0.000000 0.000000 0.000000 0.000000
    41 0.000000 0.000000 0.000000 0.000000 0.000000 0.000000
    42 0.000000 0.000000 0.000000 0.000000 0.000000 0.000000
    43 0.000000 0.000000 0.000000 0.000000 0.000000 0.000000
    44 0.000000 0.000000 0.000000 0.000000 0.000000 0.000000
    45 0.000000 0.000000 0.000000 0.000000 0.000000 0.000000
    46 0.000000 0.000000 0.000000 0.000000 0.000000 0.000000
    47 0.000000 0.000000 0.000000 0.000000 0.000000 0.000000
    48 0.000000 0.000000 0.000000 0.000000 0.000000 0.000000
    49 0.000000 0.000000 0.000000 0.000000 0.000000 0.000000
    50 0.000000 0.000000 0.000000 0.000000 0.000000 0.000000
    51 0.000000 0.000000 0.000000 0.000000 0.000000 0.000000
    52 0.000000 0.000000 0.000000 0.000000 0.000000 0.000000
    53 0.000000 0.000000 0.000000 0.000000 0.000000 0.000000
    54 0.000000 0.000000 0.000000 0.000000 0.000000 0.000000
    55 0.000000 0.000000 0.000000 0.000000 0.000000 0.000000
    56 0.000000 0.000000 0.000000 0.000000 0.000000 0.000000
    57 0.000000 0.000000 0.000000 0.000000 0.000000 0.000000
    58 0.000000 0.000000 0.000000 0.000000 0.000000 0.000000
    59 0.000000 0.000000 0.000000 0.000000 0.000000 0.000000
    60 0.000000 0.000000 0.000000 0.000000 0.000000 0.000000
    61 0.000000 0.000000 0.000000 0.000000 0.000000 0.000000
    62 0.000000 0.000000 0.000000 0.000000 0.000000 0.000000
    63 0.000000 0.000000 0.000000 0.000000 0.000000 0.000000
    64 0.000000 0.000000 0.000000 0.000000 0.000000 0.000000
    65 0.000000 0.000000 0.000000 0.000000 0.000000 0.000000
    66 0.000000 0.000000 0.000000 0.000000 0.000000 0.000000
    67 0.000000 0.000000 0.000000 0.000000 0.000000 0.000000
    68 0.000000 0.000000 0.000000 0.000000 0.000000 0.000000
    69 0.000000 0.000000 0.000000 0.000000 0.000000 0.000000
    70 0.000000 0.000000 0.000000 0.000000 0.000000 0.000000
    71 0.000000 0.000000 0.000000 0.000000 0.000000 0.000000
    72 0.000000 0.000000 0.000000 0.000000 0.000000 0.000000
    73 0.000000 0.000000 0.000000 0.000000 0.000000 0.000000
    74 0.000000 0.000000 0.000000 0.000000 0.000000 0.000000
    75 0.000000 0.000000 0.000000 0.000000 0.000000 0.000000
    76 0.000000 0.000000 0.000000 0.000000 0.000000 0.000000
    77 0.000000 0.000000 0.000000 0.000000 0.000000 0.000000
    78 0.000000 0.000000 0.000000 0.000000 0.000000 0.000000
    79 0.000000 0.000000 0.000000 0.000000 0.000000 0.000000
    80 0.000000 0.000000 0.000000 0.000000 0.000000 0.000000
    81 0.000000 0.000000 0.000000 0.000000 0.000000 0.000000
    82 0.000000 0.000000 0.000000 0.000000 0.000000 0.000000
    83 0.000000 0.000000 0.000000 0.000000 0.000000 0.000000
    84 0.000000 0.000000 0.000000 0.000000 0.000000 0.000000
    85 0.000000 0.000000 0.000000 0.000000 0.000000 0.000000
    86 0.000000 0.000000 0.000000 0.000000 0.000000 0.000000
    87 0.000000 0.000000 0.000000 0.000000 0.000000 0.000000
    88 0.000000 0.000000 0.000000 0.000000 0.000000 0.000000
    89 0.000000 0.000000 0.000000 0.000000 0.000000 0.000000
    90 0.000000 0.000000 0.000000 0.000000 0.000000 0.000000
    91 0.000000 0.000000 0.000000 0.000000 0.000000 0.000000
    92 0.000000 0.000000 0.000000 0.000000 0.000000 0.000000
    93 0.000000 0.000000 0.000000 0.000000 0.000000 0.000000
    94 0.000000 0.000000 0.000000 0.000000 0.000000 0.000000
    95 0.000000 0.000000 0.000000 0.000000 0.000000 0.000000
    96 0.000000 0.000000 0.000000 0.000000 0.000000 0.000000
    97 0.000000 0.000000 0.000000 0.000000 0.000000 0.000000
    98 0.000000 0.000000 0.000000 0.000000 0.000000 0.000000
    99 0.000000 0.000000 0.000000 0.000000 0.000000 0.000000
    100 0.000000 0.000000 0.000000 0.000000 0.000000 0.000000
    101 0.000000 0.000000 0.000000 0.000000 0.000000 0.000000
    102 0.000000 0.000000 0.000000 0.000000 0.000000 0.000000
    103 0.000000 0.000000 0.000000 0.000000 0.000000 0.000000
    104 0.000000 0.000000 0.000000 0.000000 0.000000 0.000000
    105 0.000000 0.000000 0.000000 0.000000 0.000000 0.000000
    106 0.000000 0.000000 0.000000 0.000000 0.000000 0.000000
    107 0.000000 0.000000 0.000000 0.000000 0.000000 0.000000
    108 0.000000 0.000000 0.000000 0.000000 0.000000 0.000000
    109 0.000000 0.000000 0.000000 0.000000 0.000000 0.000000
    110 0.000000 0.000000 0.000000 0.000000 0.000000 0.000000
    111 0.000000 0.000000 0.000000 0.000000 0.000000 -1.570796
    112 -0.132817 -0.664083 0.265633 -0.014417 0.028302 -1.596996
    113 0.000000 0.000000 0.000000 0.000000 0.000000 0.000000
    114 0.000000 0.000000 0.000000 0.000000 0.000000 -1.570796
    115 0.000000 0.000000 0.000000 0.000000 0.000000 0.000000
    116 0.000000 0.000000 0.000000 0.000000 0.000000 0.000000
    117 0.000000 0.000000 0.000000 0.000000 0.000000 0.000000
    118 0.000000 0.000000 0.000000 0.000000 0.000000 0.000000
    119 0.000000 0.000000 0.000000 0.000000 0.000000 0.000000
    120 0.000000 0.000000 0.000000 0.000000 0.000000 0.000000
    121 0.000000 0.000000 0.000000 0.000000 0.000000 0.000000
    122 0.000000 0.000000 0.000000 0.000000 0.000000 0.000000
    123 0.000000 0.000000 0.000000 0.000000 0.000000 0.000000
    124 0.000000 0.000000 0.000000 0.000000 0.000000 0.000000
    125 0.000000 0.000000 0.000000 0.000000 0.000000 0.000000
    126 0.000000 0.000000 0.000000 0.000000 0.000000 0.000000
    127 0.000000 0.000000 0.000000 0.000000 0.000000 0.000000
    128 0.000000 0.000000 0.000000 0.000000 0.000000 0.000000
    129 0.000000 0.000000 0.000000 0.000000 0.000000 0.000000
    130 0.000000 0.000000 0.000000 0.000000 0.000000 0.000000
    131 0.000000 0.000000 0.000000 0.000000 0.000000 0.000000
    132 0.000000 0.000000 0.000000 0.000000 0.000000 0.000000
    133 0.000000 0.000000 0.000000 0.000000 0.000000 0.000000
    134 0.000000 0.000000 0.000000 0.000000 0.000000 0.000000
    135 0.000000 0.000000 0.000000 0.000000 0.000000 0.000000
    136 0.000000 0.000000 0.000000 0.000000 0.000000 0.000000
    137 0.000000 0.000000 0.000000 0.000000 0.000000 0.000000
    138 0.000000 0.000000 0.000000 0.000000 0.000000 0.000000
    139 0.000000 0.000000 0.000000 0.000000 0.000000 0.000000
    140 0.000000 0.000000 0.000000 0.000000 0.000000 0.000000
    141 0.000000 0.000000 0.000000 0.000000 0.000000 0.000000
    142 0.000000 0.000000 0.000000 0.000000 0.000000 0.000000
    143 0.000000 0.000000 0.000000 0.000000 0.000000 0.000000
    144 0.000000 0.000000 0.000000 0.000000 0.000000 0.000000
    145 0.000000 0.000000 0.000000 0.000000 0.000000 0.000000
    146 0.000000 0.000000 0.000000 0.000000 0.000000 0.000000
    147 0.000000 0.000000 0.000000 0.000000 0.000000 0.000000
    148 0.000000 0.000000 0.000000 0.000000 0.000000 0.000000
    149 0.000000 0.000000 0.000000 0.000000 0.000000 0.000000
    150 0.000000 0.000000 0.000000 0.000000 0.000000 0.000000
    151 0.000000 0.000000 0.000000 0.000000 0.000000 0.000000
    152 0.000000 0.000000 0.000000 0.000000 0.000000 0.000000
    153 0.000000 0.000000 0.000000 0.000000 0.000000 0.000000
    154 0.000000 0.000000 0.000000 0.000000 0.000000 0.000000
    155 0.000000 0.000000 0.000000 0.000000 0.000000 0.000000
    156 0.000000 0.000000 0.000000 0.000000 0.000000 0.000000
    157 0.000000 0.000000 0.000000 0.000000 0.000000 0.000000
    158 0.000000 0.000000 0.000000 0.000000 0.000000 0.000000
    159 0.000000 0.000000 0.000000 0.000000 0.000000 0.000000
    160 0.000000 0.000000 0.000000 0.000000 0.000000 0.000000
    161 0.000000 0.000000 0.000000 0.000000 0.000000 0.000000
    162 0.000000 0.000000 0.000000 0.000000 0.000000 0.000000
    163 0.000000 0.000000 0.000000 0.000000 0.000000 0.000000
    164 0.000000 0.000000 0.000000 0.000000 0.000000 0.000000
    165 0.000000 0.000000 0.000000 0.000000 0.000000 0.000000
    166 0.000000 0.000000 0.000000 0.000000 0.000000 0.000000
    167 0.000000 0.000000 0.000000 0.000000 0.000000 0.000000
    168 0.000000 0.000000 0.000000 0.000000 0.000000 0.000000
    169 0.000000 0.000000 0.000000 0.000000 0.000000 0.000000
    170 0.000000 0.000000 0.000000 0.000000 0.000000 0.000000
    171 0.000000 0.000000 0.000000 0.000000 0.000000 0.000000
    172 0.000000 0.000000 0.000000 0.000000 0.000000 0.000000
    173 0.000000 0.000000 0.000000 0.000000 0.000000 0.000000
    174 0.000000 0.000000 0.000000 0.000000 0.000000 0.000000
    175 0.000000 0.000000 0.000000 0.000000 0.000000 0.000000
    176 0.000000 0.000000 0.000000 0.000000 0.000000 0.000000
    177 0.000000 0.000000 0.000000 0.000000 0.000000 0.000000
    178 0.000000 0.000000 0.000000 0.000000 0.000000 0.000000
    179 0.000000 0.000000 0.000000 0.000000 0.000000 0.000000
    180 0.000000 0.000000 0.000000 0.000000 0.000000 0.000000
    181 0.000000 0.000000 0.000000 0.000000 0.000000 0.000000
    182 0.000000 0.000000 0.000000 0.000000 0.000000 0.000000
    183 0.000000 0.000000 0.000000 0.000000 0.000000 0.000000
    184 0.000000 0.000000 0.000000 0.000000 0.000000 0.000000
    185 0.000000 0.000000 0.000000 0.000000 0.000000 0.000000
    186 0.000000 0.000000 0.000000 0.000000 0.000000 0.000000
    187 0.000000 0.000000 0.000000 0.000000 0.000000 0.000000
    188 0.000000 0.000000 0.000000 0.000000 0.000000 0.000000
    189 0.000000 0.000000 0.000000 0.000000 0.000000 0.000000
    190 0.000000 0.000000 0.000000 0.000000 0.000000 0.000000
    191 0.000000 0.000000 0.000000 -0.014688 0.000036 0.000000
    192 0.000000 0.000000 0.000000 0.000000 0.000000 0.000000
    193 0.000000 0.000000 0.000000 0.000000 0.000000 0.000000
    194 0.000000 0.000000 0.000000 0.000000 0.000000 0.000000
    195 0.000000 0.000000 0.000000 0.000000 0.000000 0.000000
    196 0.000000 0.000000 0.000000 0.000000 0.000000 0.000000
    197 0.000000 0.000000 0.000000 0.000000 0.000000 0.000000
    198 0.000000 0.000000 0.000000 0.000000 0.000000 0.000000
    199 0.000000 0.000000 0.000000 0.000000 0.000000 0.000000
    200 0.000000 0.000000 0.000000 0.000000 0.000000 0.000000
    201 0.000000 0.000000 0.000000 0.000000 0.000000 0.000000
    202 0.000000 0.000000 0.000000 0.000000 0.000000 0.000000
    203 0.000000 0.000000 0.000000 0.000000 0.000000 0.000000
    204 0.000000 0.000000 0.000000 0.000000 0.000000 0.000000
    205 0.000000 0.000000 0.000000 0.000000 0.000000 0.000000
    206 0.000000 0.000000 0.000000 0.000000 0.000000 0.000000
    207 0.000000 0.000000 0.000000 0.000000 0.000000 0.000000
    208 0.000000 0.000000 0.000000 0.000000 0.000000 0.000000
    209 0.000000 0.000000 0.000000 0.000000 0.000000 0.000000
    210 0.000000 0.000000 0.000000 0.000000 0.000000 0.000000
    211 0.000000 0.000000 0.000000 0.000000 0.000000 0.000000
    212 0.000000 0.000000 0.000000 0.000000 0.000000 0.000000
    213 0.000000 0.000000 0.000000 0.000000 0.000000 0.000000
    214 0.000000 0.000000 0.000000 0.000000 0.000000 0.000000
    215 0.000000 0.000000 0.000000 0.000000 0.000000 0.000000
    216 0.000000 0.000000 0.000000 0.000000 0.000000 0.000000
    217 0.000000 0.000000 0.000000 0.000000 0.000000 0.000000
    218 0.000000 0.000000 0.000000 0.000000 0.000000 0.000000
    219 0.000000 0.000000 0.000000 0.000000 0.000000 0.000000
    220 0.000000 0.000000 0.000000 0.000000 0.000000 0.000000
    221 0.000000 0.000000 0.000000 0.000000 0.000000 0.000000
    222 0.000000 0.000000 0.000000 0.000000 0.000000 0.000000
    223 0.000000 0.000000 0.000000 0.000000 0.000000 0.000000
    224 0.000000 0.000000 0.000000 0.000000 0.000000 0.000000
    225 0.000000 0.000000 0.000000 0.000000 0.000000 0.000000
    226 0.000000 0.000000 0.000000 0.000000 0.000000 0.000000
    227 0.644551 -0.414075 -0.023438 -0.014417 0.028298 -0.026200
    228 0.000000 0.000000 0.000000 0.000000 0.000000 0.000000
    229 0.000000 0.000000 0.000000 0.000000 0.000000 0.000000
    230 0.000000 0.000000 0.000000 0.001007 0.000000 0.000000
    231 0.000000 0.000000 0.000000 0.000000 0.000000 0.000000
    232 0.000000 0.000000 0.000000 0.000000 0.000000 0.000000
    233 0.000000 0.000000 0.000000 0.000000 0.000000 0.000000
    234 -0.539079 -0.578143 -0.128910 -0.014415 0.028318 -1.597042
    235 0.000000 0.000000 0.000000 0.000000 0.000000 0.000000
    236 0.000000 0.000000 0.000000 0.000000 0.000000 0.000000
    237 0.000000 0.000000 0.000000 0.000000 0.000000 0.000000
    238 0.000000 0.000000 0.000000 0.000000 0.000000 0.000000
    239 0.000000 0.000000 0.000000 0.000000 0.000000 0.000000
    240 0.000000 0.000000 0.000000 0.000000 0.000000 0.000000
    241 0.000000 0.000000 0.000000 0.000000 0.000000 0.000000
    242 0.000000 0.000000 0.000000 0.000000 0.000000 0.000000
    243 0.000000 0.000000 0.000000 0.000000 0.000000 0.000000
    244 0.000000 0.000000 0.000000 0.000000 0.000000 0.000000
    245 0.000000 0.000000 0.000000 0.000000 0.000000 0.000000
    246 0.000000 0.000000 0.000000 0.000000 0.000000 -1.570796
  time 30
    0 0.000000 0.000000 0.000000 0.000000 0.000000 -1.570796
    1 0.000000 0.000000 0.000000 0.000000 0.000000 0.000000
    2 0.000000 0.000000 0.000000 0.000000 0.000000 0.000000
    3 0.000000 0.000000 0.000000 0.000000 0.000000 0.000000
    4 0.000000 0.000000 0.000000 0.000000 0.000000 0.000000
    5 0.000000 0.000000 0.000000 0.000000 0.000000 0.000000
    6 0.000000 0.000000 0.000000 0.000000 0.000000 0.000000
    7 0.000000 0.000000 0.000000 0.000000 0.000000 0.000000
    8 0.171880 -0.378918 0.308603 -0.030431 0.006539 0.002682
    9 0.000000 0.000000 0.000000 -0.009177 0.002198 -0.023350
    10 0.000000 0.000000 0.000000 0.000000 0.000000 0.000000
    11 0.000000 0.000000 0.000000 0.000000 0.000000 0.000000
    12 0.000000 0.000000 0.000000 0.000000 0.000000 0.000000
    13 0.000000 0.000000 0.000000 0.013467 0.000000 0.000000
    14 0.000000 0.000000 0.000000 -0.000024 0.000000 0.039277
    15 0.000000 0.000000 0.000000 0.000000 0.000000 0.000000
    16 0.000000 0.000000 0.000000 0.000000 0.000000 0.000000
    17 0.000000 0.000000 0.000000 0.000000 0.000000 0.000000
    18 0.000000 0.000000 0.000000 0.000000 0.000000 0.000000
    19 0.000000 0.000000 0.000000 -0.021567 0.000060 0.000000
    20 -0.039064 -0.003906 0.000000 0.000000 -0.000036 -0.018905
    21 0.000000 0.000000 0.000000 -0.005573 0.031851 0.019720
    22 0.000000 0.000000 0.000000 0.000000 0.000000 0.000000
    23 0.000000 0.000000 0.000000 0.000000 0.000000 0.000000
    24 0.000000 0.000000 0.000000 0.000000 0.000000 0.000000
    25 0.000000 0.000000 0.000000 0.000000 0.000000 0.000000
    26 0.000000 0.000000 0.000000 0.000000 0.000000 0.000000
    27 0.000000 0.000000 0.000000 0.000000 0.000000 0.000000
    28 0.000000 0.000000 0.000000 0.000000 0.000000 0.000000
    29 0.000000 0.000000 0.000000 0.000000 0.000000 0.000000
    30 0.000000 0.000000 0.000000 0.000000 0.000000 0.000000
    31 0.000000 0.000000 0.000000 0.000000 0.000000 0.000000
    32 0.000000 0.000000 0.000000 0.000000 0.000000 0.000000
    33 0.000000 0.000000 0.000000 0.000000 0.000000 0.000000
    34 0.000000 0.000000 0.000000 0.000000 0.000000 0.000000
    35 0.000000 0.000000 0.000000 0.000000 0.000000 0.000000
    36 0.000000 0.000000 0.000000 0.000000 0.000000 0.000000
    37 0.000000 0.000000 0.000000 0.000000 0.000000 0.000000
    38 0.000000 0.000000 0.000000 0.000000 0.000000 0.000000
    39 0.000000 0.000000 0.000000 0.000000 0.000000 0.000000
    40 0.000000 0.000000 0.000000 0.000000 0.000000 0.000000
    41 0.000000 0.000000 0.000000 0.000000 0.000000 0.000000
    42 0.000000 0.000000 0.000000 0.000000 0.000000 0.000000
    43 0.000000 0.000000 0.000000 0.000000 0.000000 0.000000
    44 0.000000 0.000000 0.000000 0.000000 0.000000 0.000000
    45 0.000000 0.000000 0.000000 0.000000 0.000000 0.000000
    46 0.000000 0.000000 0.000000 0.000000 0.000000 0.000000
    47 0.000000 0.000000 0.000000 0.000000 0.000000 0.000000
    48 0.000000 0.000000 0.000000 0.000000 0.000000 0.000000
    49 0.000000 0.000000 0.000000 0.000000 0.000000 0.000000
    50 0.000000 0.000000 0.000000 0.000000 0.000000 0.000000
    51 0.000000 0.000000 0.000000 0.000000 0.000000 0.000000
    52 0.000000 0.000000 0.000000 0.000000 0.000000 0.000000
    53 0.000000 0.000000 0.000000 0.000000 0.000000 0.000000
    54 0.000000 0.000000 0.000000 0.000000 0.000000 0.000000
    55 0.000000 0.000000 0.000000 0.000000 0.000000 0.000000
    56 0.000000 0.000000 0.000000 0.000000 0.000000 0.000000
    57 0.000000 0.000000 0.000000 0.000000 0.000000 0.000000
    58 0.000000 0.000000 0.000000 0.000000 0.000000 0.000000
    59 0.000000 0.000000 0.000000 0.000000 0.000000 0.000000
    60 0.000000 0.000000 0.000000 0.000000 0.000000 0.000000
    61 0.000000 0.000000 0.000000 0.000000 0.000000 0.000000
    62 0.000000 0.000000 0.000000 0.000000 0.000000 0.000000
    63 0.000000 0.000000 0.000000 0.000000 0.000000 0.000000
    64 0.000000 0.000000 0.000000 0.000000 0.000000 0.000000
    65 0.000000 0.000000 0.000000 0.000000 0.000000 0.000000
    66 0.000000 0.000000 0.000000 0.000000 0.000000 0.000000
    67 0.000000 0.000000 0.000000 0.000000 0.000000 0.000000
    68 0.000000 0.000000 0.000000 0.000000 0.000000 0.000000
    69 0.000000 0.000000 0.000000 0.000000 0.000000 0.000000
    70 0.000000 0.000000 0.000000 0.000000 0.000000 0.000000
    71 0.000000 0.000000 0.000000 0.000000 0.000000 0.000000
    72 0.000000 0.000000 0.000000 0.000000 0.000000 0.000000
    73 0.000000 0.000000 0.000000 0.000000 0.000000 0.000000
    74 0.000000 0.000000 0.000000 0.000000 0.000000 0.000000
    75 0.000000 0.000000 0.000000 0.000000 0.000000 0.000000
    76 0.000000 0.000000 0.000000 0.000000 0.000000 0.000000
    77 0.000000 0.000000 0.000000 0.000000 0.000000 0.000000
    78 0.000000 0.000000 0.000000 0.000000 0.000000 0.000000
    79 0.000000 0.000000 0.000000 0.000000 0.000000 0.000000
    80 0.000000 0.000000 0.000000 0.000000 0.000000 0.000000
    81 0.000000 0.000000 0.000000 0.000000 0.000000 0.000000
    82 0.000000 0.000000 0.000000 0.000000 0.000000 0.000000
    83 0.000000 0.000000 0.000000 0.000000 0.000000 0.000000
    84 0.000000 0.000000 0.000000 0.000000 0.000000 0.000000
    85 0.000000 0.000000 0.000000 0.000000 0.000000 0.000000
    86 0.000000 0.000000 0.000000 0.000000 0.000000 0.000000
    87 0.000000 0.000000 0.000000 0.000000 0.000000 0.000000
    88 0.000000 0.000000 0.000000 0.000000 0.000000 0.000000
    89 0.000000 0.000000 0.000000 0.000000 0.000000 0.000000
    90 0.000000 0.000000 0.000000 0.000000 0.000000 0.000000
    91 0.000000 0.000000 0.000000 0.000000 0.000000 0.000000
    92 0.000000 0.000000 0.000000 0.000000 0.000000 0.000000
    93 0.000000 0.000000 0.000000 0.000000 0.000000 0.000000
    94 0.000000 0.000000 0.000000 0.000000 0.000000 0.000000
    95 0.000000 0.000000 0.000000 0.000000 0.000000 0.000000
    96 0.000000 0.000000 0.000000 0.000000 0.000000 0.000000
    97 0.000000 0.000000 0.000000 0.000000 0.000000 0.000000
    98 0.000000 0.000000 0.000000 0.000000 0.000000 0.000000
    99 0.000000 0.000000 0.000000 0.000000 0.000000 0.000000
    100 0.000000 0.000000 0.000000 0.000000 0.000000 0.000000
    101 0.000000 0.000000 0.000000 0.000000 0.000000 0.000000
    102 0.000000 0.000000 0.000000 0.000000 0.000000 0.000000
    103 0.000000 0.000000 0.000000 0.000000 0.000000 0.000000
    104 0.000000 0.000000 0.000000 0.000000 0.000000 0.000000
    105 0.000000 0.000000 0.000000 0.000000 0.000000 0.000000
    106 0.000000 0.000000 0.000000 0.000000 0.000000 0.000000
    107 0.000000 0.000000 0.000000 0.000000 0.000000 0.000000
    108 0.000000 0.000000 0.000000 0.000000 0.000000 0.000000
    109 0.000000 0.000000 0.000000 0.000000 0.000000 0.000000
    110 0.000000 0.000000 0.000000 0.000000 0.000000 0.000000
    111 0.000000 0.000000 0.000000 0.000000 0.000000 -1.570796
    112 -0.136723 -0.472671 0.007813 0.009874 0.025636 -1.585715
    113 0.000000 0.000000 0.000000 0.000000 0.000000 0.000000
    114 0.000000 0.000000 0.000000 0.000000 0.000000 -1.570796
    115 0.000000 0.000000 0.000000 0.000000 0.000000 0.000000
    116 0.000000 0.000000 0.000000 0.000000 0.000000 0.000000
    117 0.000000 0.000000 0.000000 0.000000 0.000000 0.000000
    118 0.000000 0.000000 0.000000 0.000000 0.000000 0.000000
    119 0.000000 0.000000 0.000000 0.000000 0.000000 0.000000
    120 0.000000 0.000000 0.000000 0.000000 0.000000 0.000000
    121 0.000000 0.000000 0.000000 0.000000 0.000000 0.000000
    122 0.000000 0.000000 0.000000 0.000000 0.000000 0.000000
    123 0.000000 0.000000 0.000000 0.000000 0.000000 0.000000
    124 0.000000 0.000000 0.000000 0.000000 0.000000 0.000000
    125 0.000000 0.000000 0.000000 0.000000 0.000000 0.000000
    126 0.000000 0.000000 0.000000 0.000000 0.000000 0.000000
    127 0.000000 0.000000 0.000000 0.000000 0.000000 0.000000
    128 0.000000 0.000000 0.000000 0.000000 0.000000 0.000000
    129 0.000000 0.000000 0.000000 0.000000 0.000000 0.000000
    130 0.000000 0.000000 0.000000 0.000000 0.000000 0.000000
    131 0.000000 0.000000 0.000000 0.000000 0.000000 0.000000
    132 0.000000 0.000000 0.000000 0.000000 0.000000 0.000000
    133 0.000000 0.000000 0.000000 0.000000 0.000000 0.000000
    134 0.000000 0.000000 0.000000 0.000000 0.000000 0.000000
    135 0.000000 0.000000 0.000000 0.000000 0.000000 0.000000
    136 0.000000 0.000000 0.000000 0.000000 0.000000 0.000000
    137 0.000000 0.000000 0.000000 0.000000 0.000000 0.000000
    138 0.000000 0.000000 0.000000 0.000000 0.000000 0.000000
    139 0.000000 0.000000 0.000000 0.000000 0.000000 0.000000
    140 0.000000 0.000000 0.000000 0.000000 0.000000 0.000000
    141 0.000000 0.000000 0.000000 0.000000 0.000000 0.000000
    142 0.000000 0.000000 0.000000 0.000000 0.000000 0.000000
    143 0.000000 0.000000 0.000000 0.000000 0.000000 0.000000
    144 0.000000 0.000000 0.000000 0.000000 0.000000 0.000000
    145 0.000000 0.000000 0.000000 0.000000 0.000000 0.000000
    146 0.000000 0.000000 0.000000 0.000000 0.000000 0.000000
    147 0.000000 0.000000 0.000000 0.000000 0.000000 0.000000
    148 0.000000 0.000000 0.000000 0.000000 0.000000 0.000000
    149 0.000000 0.000000 0.000000 0.000000 0.000000 0.000000
    150 0.000000 0.000000 0.000000 0.000000 0.000000 0.000000
    151 0.000000 0.000000 0.000000 0.000000 0.000000 0.000000
    152 0.000000 0.000000 0.000000 0.000000 0.000000 0.000000
    153 0.000000 0.000000 0.000000 0.000000 0.000000 0.000000
    154 0.000000 0.000000 0.000000 0.000000 0.000000 0.000000
    155 0.000000 0.000000 0.000000 0.000000 0.000000 0.000000
    156 0.000000 0.000000 0.000000 0.000000 0.000000 0.000000
    157 0.000000 0.000000 0.000000 0.000000 0.000000 0.000000
    158 0.000000 0.000000 0.000000 0.000000 0.000000 0.000000
    159 0.000000 0.000000 0.000000 0.000000 0.000000 0.000000
    160 0.000000 0.000000 0.000000 0.000000 0.000000 0.000000
    161 0.000000 0.000000 0.000000 0.000000 0.000000 0.000000
    162 0.000000 0.000000 0.000000 0.000000 0.000000 0.000000
    163 0.000000 0.000000 0.000000 0.000000 0.000000 0.000000
    164 0.000000 0.000000 0.000000 0.000000 0.000000 0.000000
    165 0.000000 0.000000 0.000000 0.000000 0.000000 0.000000
    166 0.000000 0.000000 0.000000 0.000000 0.000000 0.000000
    167 0.000000 0.000000 0.000000 0.000000 0.000000 0.000000
    168 0.000000 0.000000 0.000000 0.000000 0.000000 0.000000
    169 0.000000 0.000000 0.000000 0.000000 0.000000 0.000000
    170 0.000000 0.000000 0.000000 0.000000 0.000000 0.000000
    171 0.000000 0.000000 0.000000 0.000000 0.000000 0.000000
    172 0.000000 0.000000 0.000000 0.000000 0.000000 0.000000
    173 0.000000 0.000000 0.000000 0.000000 0.000000 0.000000
    174 0.000000 0.000000 0.000000 0.000000 0.000000 0.000000
    175 0.000000 0.000000 0.000000 0.000000 0.000000 0.000000
    176 0.000000 0.000000 0.000000 0.000000 0.000000 0.000000
    177 0.000000 0.000000 0.000000 0.000000 0.000000 0.000000
    178 0.000000 0.000000 0.000000 0.000000 0.000000 0.000000
    179 0.000000 0.000000 0.000000 0.000000 0.000000 0.000000
    180 0.000000 0.000000 0.000000 0.000000 0.000000 0.000000
    181 0.000000 0.000000 0.000000 0.000000 0.000000 0.000000
    182 0.000000 0.000000 0.000000 0.000000 0.000000 0.000000
    183 0.000000 0.000000 0.000000 0.000000 0.000000 0.000000
    184 0.000000 0.000000 0.000000 0.000000 0.000000 0.000000
    185 0.000000 0.000000 0.000000 0.000000 0.000000 0.000000
    186 0.000000 0.000000 0.000000 0.000000 0.000000 0.000000
    187 0.000000 0.000000 0.000000 0.000000 0.000000 0.000000
    188 0.000000 0.000000 0.000000 0.000000 0.000000 0.000000
    189 0.000000 0.000000 0.000000 0.000000 0.000000 0.000000
    190 0.000000 0.000000 0.000000 0.000000 0.000000 0.000000
    191 0.000000 0.000000 0.000000 -0.010740 0.000060 0.000000
    192 0.000000 0.000000 0.000000 0.000000 0.000000 0.000000
    193 0.000000 0.000000 0.000000 0.000000 0.000000 0.000000
    194 0.000000 0.000000 0.000000 0.000000 0.000000 0.000000
    195 0.000000 0.000000 0.000000 0.000000 0.000000 0.000000
    196 0.000000 0.000000 0.000000 0.000000 0.000000 0.000000
    197 0.000000 0.000000 0.000000 0.000000 0.000000 0.000000
    198 0.000000 0.000000 0.000000 0.000000 0.000000 0.000000
    199 0.000000 0.000000 0.000000 0.000000 0.000000 0.000000
    200 0.000000 0.000000 0.000000 0.000000 0.000000 0.000000
    201 0.000000 0.000000 0.000000 0.000000 0.000000 0.000000
    202 0.000000 0.000000 0.000000 0.000000 0.000000 0.000000
    203 0.000000 0.000000 0.000000 0.000000 0.000000 0.000000
    204 0.000000 0.000000 0.000000 0.000000 0.000000 0.000000
    205 0.000000 0.000000 0.000000 0.000000 0.000000 0.000000
    206 0.000000 0.000000 0.000000 0.000000 0.000000 0.000000
    207 0.000000 0.000000 0.000000 0.000000 0.000000 0.000000
    208 0.000000 0.000000 0.000000 0.000000 0.000000 0.000000
    209 0.000000 0.000000 0.000000 0.000000 0.000000 0.000000
    210 0.000000 0.000000 0.000000 0.000000 0.000000 0.000000
    211 0.000000 0.000000 0.000000 0.000000 0.000000 0.000000
    212 0.000000 0.000000 0.000000 0.000000 0.000000 0.000000
    213 0.000000 0.000000 0.000000 0.000000 0.000000 0.000000
    214 0.000000 0.000000 0.000000 0.000000 0.000000 0.000000
    215 0.000000 0.000000 0.000000 0.000000 0.000000 0.000000
    216 0.000000 0.000000 0.000000 0.000000 0.000000 0.000000
    217 0.000000 0.000000 0.000000 0.000000 0.000000 0.000000
    218 0.000000 0.000000 0.000000 0.000000 0.000000 0.000000
    219 0.000000 0.000000 0.000000 0.000000 0.000000 0.000000
    220 0.000000 0.000000 0.000000 0.000000 0.000000 0.000000
    221 0.000000 0.000000 0.000000 0.000000 0.000000 0.000000
    222 0.000000 0.000000 0.000000 0.000000 0.000000 0.000000
    223 0.000000 0.000000 0.000000 0.000000 0.000000 0.000000
    224 0.000000 0.000000 0.000000 0.000000 0.000000 0.000000
    225 0.000000 0.000000 0.000000 0.000000 0.000000 0.000000
    226 0.000000 0.000000 0.000000 0.000000 0.000000 0.000000
    227 0.457045 -0.289071 -0.253914 0.009874 0.025633 -0.014918
    228 0.000000 0.000000 0.000000 0.000000 0.000000 0.000000
    229 0.000000 0.000000 0.000000 0.000000 0.000000 0.000000
    230 0.000000 0.000000 0.000000 0.000407 0.000000 0.000000
    231 0.000000 0.000000 0.000000 0.000000 0.000000 0.000000
    232 0.000000 0.000000 0.000000 0.000000 0.000000 0.000000
    233 0.000000 0.000000 0.000000 0.000000 0.000000 0.000000
    234 -0.320322 -0.398450 -0.351573 0.009872 0.025618 -1.585739
    235 0.000000 0.000000 0.000000 0.000000 0.000000 0.000000
    236 0.000000 0.000000 0.000000 0.000000 0.000000 0.000000
    237 0.000000 0.000000 0.000000 0.000000 0.000000 0.000000
    238 0.000000 0.000000 0.000000 0.000000 0.000000 0.000000
    239 0.000000 0.000000 0.000000 0.000000 0.000000 0.000000
    240 0.000000 0.000000 0.000000 0.000000 0.000000 0.000000
    241 0.000000 0.000000 0.000000 0.000000 0.000000 0.000000
    242 0.000000 0.000000 0.000000 0.000000 0.000000 0.000000
    243 0.000000 0.000000 0.000000 0.000000 0.000000 0.000000
    244 0.000000 0.000000 0.000000 0.000000 0.000000 0.000000
    245 0.000000 0.000000 0.000000 0.000000 0.000000 0.000000
    246 0.000000 0.000000 0.000000 0.000000 0.000000 -1.570796
  time 31
    0 0.000000 0.000000 0.000000 0.000000 0.000000 -1.570796
    1 0.000000 0.000000 0.000000 0.000000 0.000000 0.000000
    2 0.000000 0.000000 0.000000 0.000000 0.000000 0.000000
    3 0.000000 0.000000 0.000000 0.000000 0.000000 0.000000
    4 0.000000 0.000000 0.000000 0.000000 0.000000 0.000000
    5 0.000000 0.000000 0.000000 0.000000 0.000000 0.000000
    6 0.000000 0.000000 0.000000 0.000000 0.000000 0.000000
    7 0.000000 0.000000 0.000000 0.000000 0.000000 0.000000
    8 -0.132817 -0.324229 0.187506 -0.017673 0.006612 -0.017623
    9 0.000000 0.000000 0.000000 0.012905 -0.003449 -0.003323
    10 0.000000 0.000000 0.000000 0.000000 0.000000 0.000000
    11 0.000000 0.000000 0.000000 0.000000 0.000000 0.000000
    12 0.000000 0.000000 0.000000 0.000000 0.000000 0.000000
    13 0.000000 0.000000 0.000000 -0.008508 0.000000 0.000000
    14 0.000000 0.000000 0.000000 0.000000 0.000000 0.023474
    15 0.000000 0.000000 0.000000 0.000000 0.000000 0.000000
    16 0.000000 0.000000 0.000000 0.000000 0.000000 0.000000
    17 0.000000 0.000000 0.000000 0.000000 0.000000 0.000000
    18 0.000000 0.000000 0.000000 0.000000 0.000000 0.000000
    19 0.000000 0.000000 0.000000 -0.023885 0.000060 0.000000
    20 -0.015625 0.000000 0.000000 0.000000 -0.000012 -0.010183
    21 0.000000 0.000000 0.000000 -0.022897 -0.009635 0.016325
    22 0.000000 0.000000 0.000000 0.000000 0.000000 0.000000
    23 0.000000 0.000000 0.000000 0.000000 0.000000 0.000000
    24 0.000000 0.000000 0.000000 0.000000 0.000000 0.000000
    25 0.000000 0.000000 0.000000 0.000000 0.000000 0.000000
    26 0.000000 0.000000 0.000000 0.000000 0.000000 0.000000
    27 0.000000 0.000000 0.000000 0.000000 0.000000 0.000000
    28 0.000000 0.000000 0.000000 0.000000 0.000000 0.000000
    29 0.000000 0.000000 0.000000 0.000000 0.000000 0.000000
    30 0.000000 0.000000 0.000000 0.000000 0.000000 0.000000
    31 0.000000 0.000000 0.000000 0.000000 0.000000 0.000000
    32 0.000000 0.000000 0.000000 0.000000 0.000000 0.000000
    33 0.000000 0.000000 0.000000 0.000000 0.000000 0.000000
    34 0.000000 0.000000 0.000000 0.000000 0.000000 0.000000
    35 0.000000 0.000000 0.000000 0.000000 0.000000 0.000000
    36 0.000000 0.000000 0.000000 0.000000 0.000000 0.000000
    37 0.000000 0.000000 0.000000 0.000000 0.000000 0.000000
    38 0.000000 0.000000 0.000000 0.000000 0.000000 0.000000
    39 0.000000 0.000000 0.000000 0.000000 0.000000 0.000000
    40 0.000000 0.000000 0.000000 0.000000 0.000000 0.000000
    41 0.000000 0.000000 0.000000 0.000000 0.000000 0.000000
    42 0.000000 0.000000 0.000000 0.000000 0.000000 0.000000
    43 0.000000 0.000000 0.000000 0.000000 0.000000 0.000000
    44 0.000000 0.000000 0.000000 0.000000 0.000000 0.000000
    45 0.000000 0.000000 0.000000 0.000000 0.000000 0.000000
    46 0.000000 0.000000 0.000000 0.000000 0.000000 0.000000
    47 0.000000 0.000000 0.000000 0.000000 0.000000 0.000000
    48 0.000000 0.000000 0.000000 0.000000 0.000000 0.000000
    49 0.000000 0.000000 0.000000 0.000000 0.000000 0.000000
    50 0.000000 0.000000 0.000000 0.000000 0.000000 0.000000
    51 0.000000 0.000000 0.000000 0.000000 0.000000 0.000000
    52 0.000000 0.000000 0.000000 0.000000 0.000000 0.000000
    53 0.000000 0.000000 0.000000 0.000000 0.000000 0.000000
    54 0.000000 0.000000 0.000000 0.000000 0.000000 0.000000
    55 0.000000 0.000000 0.000000 0.000000 0.000000 0.000000
    56 0.000000 0.000000 0.000000 0.000000 0.000000 0.000000
    57 0.000000 0.000000 0.000000 0.000000 0.000000 0.000000
    58 0.000000 0.000000 0.000000 0.000000 0.000000 0.000000
    59 0.000000 0.000000 0.000000 0.000000 0.000000 0.000000
    60 0.000000 0.000000 0.000000 0.000000 0.000000 0.000000
    61 0.000000 0.000000 0.000000 0.000000 0.000000 0.000000
    62 0.000000 0.000000 0.000000 0.000000 0.000000 0.000000
    63 0.000000 0.000000 0.000000 0.000000 0.000000 0.000000
    64 0.000000 0.000000 0.000000 0.000000 0.000000 0.000000
    65 0.000000 0.000000 0.000000 0.000000 0.000000 0.000000
    66 0.000000 0.000000 0.000000 0.000000 0.000000 0.000000
    67 0.000000 0.000000 0.000000 0.000000 0.000000 0.000000
    68 0.000000 0.000000 0.000000 0.000000 0.000000 0.000000
    69 0.000000 0.000000 0.000000 0.000000 0.000000 0.000000
    70 0.000000 0.000000 0.000000 0.000000 0.000000 0.000000
    71 0.000000 0.000000 0.000000 0.000000 0.000000 0.000000
    72 0.000000 0.000000 0.000000 0.000000 0.000000 0.000000
    73 0.000000 0.000000 0.000000 0.000000 0.000000 0.000000
    74 0.000000 0.000000 0.000000 0.000000 0.000000 0.000000
    75 0.000000 0.000000 0.000000 0.000000 0.000000 0.000000
    76 0.000000 0.000000 0.000000 0.000000 0.000000 0.000000
    77 0.000000 0.000000 0.000000 0.000000 0.000000 0.000000
    78 0.000000 0.000000 0.000000 0.000000 0.000000 0.000000
    79 0.000000 0.000000 0.000000 0.000000 0.000000 0.000000
    80 0.000000 0.000000 0.000000 0.000000 0.000000 0.000000
    81 0.000000 0.000000 0.000000 0.000000 0.000000 0.000000
    82 0.000000 0.000000 0.000000 0.000000 0.000000 0.000000
    83 0.000000 0.000000 0.000000 0.000000 0.000000 0.000000
    84 0.000000 0.000000 0.000000 0.000000 0.000000 0.000000
    85 0.000000 0.000000 0.000000 0.000000 0.000000 0.000000
    86 0.000000 0.000000 0.000000 0.000000 0.000000 0.000000
    87 0.000000 0.000000 0.000000 0.000000 0.000000 0.000000
    88 0.000000 0.000000 0.000000 0.000000 0.000000 0.000000
    89 0.000000 0.000000 0.000000 0.000000 0.000000 0.000000
    90 0.000000 0.000000 0.000000 0.000000 0.000000 0.000000
    91 0.000000 0.000000 0.000000 0.000000 0.000000 0.000000
    92 0.000000 0.000000 0.000000 0.000000 0.000000 0.000000
    93 0.000000 0.000000 0.000000 0.000000 0.000000 0.000000
    94 0.000000 0.000000 0.000000 0.000000 0.000000 0.000000
    95 0.000000 0.000000 0.000000 0.000000 0.000000 0.000000
    96 0.000000 0.000000 0.000000 0.000000 0.000000 0.000000
    97 0.000000 0.000000 0.000000 0.000000 0.000000 0.000000
    98 0.000000 0.000000 0.000000 0.000000 0.000000 0.000000
    99 0.000000 0.000000 0.000000 0.000000 0.000000 0.000000
    100 0.000000 0.000000 0.000000 0.000000 0.000000 0.000000
    101 0.000000 0.000000 0.000000 0.000000 0.000000 0.000000
    102 0.000000 0.000000 0.000000 0.000000 0.000000 0.000000
    103 0.000000 0.000000 0.000000 0.000000 0.000000 0.000000
    104 0.000000 0.000000 0.000000 0.000000 0.000000 0.000000
    105 0.000000 0.000000 0.000000 0.000000 0.000000 0.000000
    106 0.000000 0.000000 0.000000 0.000000 0.000000 0.000000
    107 0.000000 0.000000 0.000000 0.000000 0.000000 0.000000
    108 0.000000 0.000000 0.000000 0.000000 0.000000 0.000000
    109 0.000000 0.000000 0.000000 0.000000 0.000000 0.000000
    110 0.000000 0.000000 0.000000 0.000000 0.000000 0.000000
    111 0.000000 0.000000 0.000000 0.000000 0.000000 -1.570796
    112 -0.152348 -0.175787 -0.152348 0.006204 0.023504 -1.562032
    113 0.000000 0.000000 0.000000 0.000000 0.000000 0.000000
    114 0.000000 0.000000 0.000000 0.000000 0.000000 -1.570796
    115 0.000000 0.000000 0.000000 0.000000 0.000000 0.000000
    116 0.000000 0.000000 0.000000 0.000000 0.000000 0.000000
    117 0.000000 0.000000 0.000000 0.000000 0.000000 0.000000
    118 0.000000 0.000000 0.000000 0.000000 0.000000 0.000000
    119 0.000000 0.000000 0.000000 0.000000 0.000000 0.000000
    120 0.000000 0.000000 0.000000 0.000000 0.000000 0.000000
    121 0.000000 0.000000 0.000000 0.000000 0.000000 0.000000
    122 0.000000 0.000000 0.000000 0.000000 0.000000 0.000000
    123 0.000000 0.000000 0.000000 0.000000 0.000000 0.000000
    124 0.000000 0.000000 0.000000 0.000000 0.000000 0.000000
    125 0.000000 0.000000 0.000000 0.000000 0.000000 0.000000
    126 0.000000 0.000000 0.000000 0.000000 0.000000 0.000000
    127 0.000000 0.000000 0.000000 0.000000 0.000000 0.000000
    128 0.000000 0.000000 0.000000 0.000000 0.000000 0.000000
    129 0.000000 0.000000 0.000000 0.000000 0.000000 0.000000
    130 0.000000 0.000000 0.000000 0.000000 0.000000 0.000000
    131 0.000000 0.000000 0.000000 0.000000 0.000000 0.000000
    132 0.000000 0.000000 0.000000 0.000000 0.000000 0.000000
    133 0.000000 0.000000 0.000000 0.000000 0.000000 0.000000
    134 0.000000 0.000000 0.000000 0.000000 0.000000 0.000000
    135 0.000000 0.000000 0.000000 0.000000 0.000000 0.000000
    136 0.000000 0.000000 0.000000 0.000000 0.000000 0.000000
    137 0.000000 0.000000 0.000000 0.000000 0.000000 0.000000
    138 0.000000 0.000000 0.000000 0.000000 0.000000 0.000000
    139 0.000000 0.000000 0.000000 0.000000 0.000000 0.000000
    140 0.000000 0.000000 0.000000 0.000000 0.000000 0.000000
    141 0.000000 0.000000 0.000000 0.000000 0.000000 0.000000
    142 0.000000 0.000000 0.000000 0.000000 0.000000 0.000000
    143 0.000000 0.000000 0.000000 0.000000 0.000000 0.000000
    144 0.000000 0.000000 0.000000 0.000000 0.000000 0.000000
    145 0.000000 0.000000 0.000000 0.000000 0.000000 0.000000
    146 0.000000 0.000000 0.000000 0.000000 0.000000 0.000000
    147 0.000000 0.000000 0.000000 0.000000 0.000000 0.000000
    148 0.000000 0.000000 0.000000 0.000000 0.000000 0.000000
    149 0.000000 0.000000 0.000000 0.000000 0.000000 0.000000
    150 0.000000 0.000000 0.000000 0.000000 0.000000 0.000000
    151 0.000000 0.000000 0.000000 0.000000 0.000000 0.000000
    152 0.000000 0.000000 0.000000 0.000000 0.000000 0.000000
    153 0.000000 0.000000 0.000000 0.000000 0.000000 0.000000
    154 0.000000 0.000000 0.000000 0.000000 0.000000 0.000000
    155 0.000000 0.000000 0.000000 0.000000 0.000000 0.000000
    156 0.000000 0.000000 0.000000 0.000000 0.000000 0.000000
    157 0.000000 0.000000 0.000000 0.000000 0.000000 0.000000
    158 0.000000 0.000000 0.000000 0.000000 0.000000 0.000000
    159 0.000000 0.000000 0.000000 0.000000 0.000000 0.000000
    160 0.000000 0.000000 0.000000 0.000000 0.000000 0.000000
    161 0.000000 0.000000 0.000000 0.000000 0.000000 0.000000
    162 0.000000 0.000000 0.000000 0.000000 0.000000 0.000000
    163 0.000000 0.000000 0.000000 0.000000 0.000000 0.000000
    164 0.000000 0.000000 0.000000 0.000000 0.000000 0.000000
    165 0.000000 0.000000 0.000000 0.000000 0.000000 0.000000
    166 0.000000 0.000000 0.000000 0.000000 0.000000 0.000000
    167 0.000000 0.000000 0.000000 0.000000 0.000000 0.000000
    168 0.000000 0.000000 0.000000 0.000000 0.000000 0.000000
    169 0.000000 0.000000 0.000000 0.000000 0.000000 0.000000
    170 0.000000 0.000000 0.000000 0.000000 0.000000 0.000000
    171 0.000000 0.000000 0.000000 0.000000 0.000000 0.000000
    172 0.000000 0.000000 0.000000 0.000000 0.000000 0.000000
    173 0.000000 0.000000 0.000000 0.000000 0.000000 0.000000
    174 0.000000 0.000000 0.000000 0.000000 0.000000 0.000000
    175 0.000000 0.000000 0.000000 0.000000 0.000000 0.000000
    176 0.000000 0.000000 0.000000 0.000000 0.000000 0.000000
    177 0.000000 0.000000 0.000000 0.000000 0.000000 0.000000
    178 0.000000 0.000000 0.000000 0.000000 0.000000 0.000000
    179 0.000000 0.000000 0.000000 0.000000 0.000000 0.000000
    180 0.000000 0.000000 0.000000 0.000000 0.000000 0.000000
    181 0.000000 0.000000 0.000000 0.000000 0.000000 0.000000
    182 0.000000 0.000000 0.000000 0.000000 0.000000 0.000000
    183 0.000000 0.000000 0.000000 0.000000 0.000000 0.000000
    184 0.000000 0.000000 0.000000 0.000000 0.000000 0.000000
    185 0.000000 0.000000 0.000000 0.000000 0.000000 0.000000
    186 0.000000 0.000000 0.000000 0.000000 0.000000 0.000000
    187 0.000000 0.000000 0.000000 0.000000 0.000000 0.000000
    188 0.000000 0.000000 0.000000 0.000000 0.000000 0.000000
    189 0.000000 0.000000 0.000000 0.000000 0.000000 0.000000
    190 0.000000 0.000000 0.000000 0.000000 0.000000 0.000000
    191 0.000000 0.000000 0.000000 -0.011945 0.000000 0.000000
    192 0.000000 0.000000 0.000000 0.000000 0.000000 0.000000
    193 0.000000 0.000000 0.000000 0.000000 0.000000 0.000000
    194 0.000000 0.000000 0.000000 0.000000 0.000000 0.000000
    195 0.000000 0.000000 0.000000 0.000000 0.000000 0.000000
    196 0.000000 0.000000 0.000000 0.000000 0.000000 0.000000
    197 0.000000 0.000000 0.000000 0.000000 0.000000 0.000000
    198 0.000000 0.000000 0.000000 0.000000 0.000000 0.000000
    199 0.000000 0.000000 0.000000 0.000000 0.000000 0.000000
    200 0.000000 0.000000 0.000000 0.000000 0.000000 0.000000
    201 0.000000 0.000000 0.000000 0.000000 0.000000 0.000000
    202 0.000000 0.000000 0.000000 0.000000 0.000000 0.000000
    203 0.000000 0.000000 0.000000 0.000000 0.000000 0.000000
    204 0.000000 0.000000 0.000000 0.000000 0.000000 0.000000
    205 0.000000 0.000000 0.000000 0.000000 0.000000 0.000000
    206 0.000000 0.000000 0.000000 0.000000 0.000000 0.000000
    207 0.000000 0.000000 0.000000 0.000000 0.000000 0.000000
    208 0.000000 0.000000 0.000000 0.000000 0.000000 0.000000
    209 0.000000 0.000000 0.000000 0.000000 0.000000 0.000000
    210 0.000000 0.000000 0.000000 0.000000 0.000000 0.000000
    211 0.000000 0.000000 0.000000 0.000000 0.000000 0.000000
    212 0.000000 0.000000 0.000000 0.000000 0.000000 0.000000
    213 0.000000 0.000000 0.000000 0.000000 0.000000 0.000000
    214 0.000000 0.000000 0.000000 0.000000 0.000000 0.000000
    215 0.000000 0.000000 0.000000 0.000000 0.000000 0.000000
    216 0.000000 0.000000 0.000000 0.000000 0.000000 0.000000
    217 0.000000 0.000000 0.000000 0.000000 0.000000 0.000000
    218 0.000000 0.000000 0.000000 0.000000 0.000000 0.000000
    219 0.000000 0.000000 0.000000 0.000000 0.000000 0.000000
    220 0.000000 0.000000 0.000000 0.000000 0.000000 0.000000
    221 0.000000 0.000000 0.000000 0.000000 0.000000 0.000000
    222 0.000000 0.000000 0.000000 0.000000 0.000000 0.000000
    223 0.000000 0.000000 0.000000 0.000000 0.000000 0.000000
    224 0.000000 0.000000 0.000000 0.000000 0.000000 0.000000
    225 0.000000 0.000000 0.000000 0.000000 0.000000 0.000000
    226 0.000000 0.000000 0.000000 0.000000 0.000000 0.000000
    227 0.164068 -0.058596 -0.398450 0.006204 0.023500 0.008764
    228 0.000000 0.000000 0.000000 0.000000 0.000000 0.000000
    229 0.000000 0.000000 0.000000 0.000000 0.000000 0.000000
    230 0.000000 0.000000 0.000000 -0.000180 0.000000 0.000000
    231 0.000000 0.000000 0.000000 0.000000 0.000000 0.000000
    232 0.000000 0.000000 0.000000 0.000000 0.000000 0.000000
    233 0.000000 0.000000 0.000000 0.000000 0.000000 0.000000
    234 -0.015625 -0.113285 -0.484390 0.006203 0.023517 -1.562080
    235 0.000000 0.000000 0.000000 0.000000 0.000000 0.000000
    236 0.000000 0.000000 0.000000 0.000000 0.000000 0.000000
    237 0.000000 0.000000 0.000000 0.000000 0.000000 0.000000
    238 0.000000 0.000000 0.000000 0.000000 0.000000 0.000000
    239 0.000000 0.000000 0.000000 0.000000 0.000000 0.000000
    240 0.000000 0.000000 0.000000 0.000000 0.000000 0.000000
    241 0.000000 0.000000 0.000000 0.000000 0.000000 0.000000
    242 0.000000 0.000000 0.000000 0.000000 0.000000 0.000000
    243 0.000000 0.000000 0.000000 0.000000 0.000000 0.000000
    244 0.000000 0.000000 0.000000 0.000000 0.000000 0.000000
    245 0.000000 0.000000 0.000000 0.000000 0.000000 0.000000
    246 0.000000 0.000000 0.000000 0.000000 0.000000 -1.570796
  time 32
    0 0.000000 0.000000 0.000000 0.000000 0.000000 -1.570796
    1 0.000000 0.000000 0.000000 0.000000 0.000000 0.000000
    2 0.000000 0.000000 0.000000 0.000000 0.000000 0.000000
    3 0.000000 0.000000 0.000000 0.000000 0.000000 0.000000
    4 0.000000 0.000000 0.000000 0.000000 0.000000 0.000000
    5 0.000000 0.000000 0.000000 0.000000 0.000000 0.000000
    6 0.000000 0.000000 0.000000 0.000000 0.000000 0.000000
    7 0.000000 0.000000 0.000000 0.000000 0.000000 0.000000
    8 -0.605487 -0.339854 0.425794 0.014838 0.036402 -0.046259
    9 0.000000 0.000000 0.000000 0.035274 -0.009372 -0.004246
    10 0.000000 0.000000 0.000000 0.000000 0.000000 0.000000
    11 0.000000 0.000000 0.000000 0.000000 0.000000 0.000000
    12 0.000000 0.000000 0.000000 0.000000 0.000000 0.000000
    13 0.000000 0.000000 0.000000 -0.024659 -0.000060 0.000000
    14 0.000000 0.000000 0.000000 0.000000 0.000000 0.002915
    15 0.000000 0.000000 0.000000 0.000000 0.000000 0.000000
    16 0.000000 0.000000 0.000000 0.000000 0.000000 0.000000
    17 0.000000 0.000000 0.000000 0.000000 0.000000 0.000000
    18 0.000000 0.000000 0.000000 0.000000 0.000000 0.000000
    19 0.000000 0.000000 0.000000 -0.033308 0.000000 0.000060
    20 0.007813 0.003906 0.000000 0.000000 0.000000 -0.001462
    21 0.000000 0.000000 0.000000 -0.052033 -0.079429 0.019420
    22 0.000000 0.000000 0.000000 0.000000 0.000000 0.000000
    23 0.000000 0.000000 0.000000 0.000000 0.000000 0.000000
    24 0.000000 0.000000 0.000000 0.000000 0.000000 0.000000
    25 0.000000 0.000000 0.000000 0.000000 0.000000 0.000000
    26 0.000000 0.000000 0.000000 0.000000 0.000000 0.000000
    27 0.000000 0.000000 0.000000 0.000000 0.000000 0.000000
    28 0.000000 0.000000 0.000000 0.000000 0.000000 0.000000
    29 0.000000 0.000000 0.000000 0.000000 0.000000 0.000000
    30 0.000000 0.000000 0.000000 0.000000 0.000000 0.000000
    31 0.000000 0.000000 0.000000 0.000000 0.000000 0.000000
    32 0.000000 0.000000 0.000000 0.000000 0.000000 0.000000
    33 0.000000 0.000000 0.000000 0.000000 0.000000 0.000000
    34 0.000000 0.000000 0.000000 0.000000 0.000000 0.000000
    35 0.000000 0.000000 0.000000 0.000000 0.000000 0.000000
    36 0.000000 0.000000 0.000000 0.000000 0.000000 0.000000
    37 0.000000 0.000000 0.000000 0.000000 0.000000 0.000000
    38 0.000000 0.000000 0.000000 0.000000 0.000000 0.000000
    39 0.000000 0.000000 0.000000 0.000000 0.000000 0.000000
    40 0.000000 0.000000 0.000000 0.000000 0.000000 0.000000
    41 0.000000 0.000000 0.000000 0.000000 0.000000 0.000000
    42 0.000000 0.000000 0.000000 0.000000 0.000000 0.000000
    43 0.000000 0.000000 0.000000 0.000000 0.000000 0.000000
    44 0.000000 0.000000 0.000000 0.000000 0.000000 0.000000
    45 0.000000 0.000000 0.000000 0.000000 0.000000 0.000000
    46 0.000000 0.000000 0.000000 0.000000 0.000000 0.000000
    47 0.000000 0.000000 0.000000 0.000000 0.000000 0.000000
    48 0.000000 0.000000 0.000000 0.000000 0.000000 0.000000
    49 0.000000 0.000000 0.000000 0.000000 0.000000 0.000000
    50 0.000000 0.000000 0.000000 0.000000 0.000000 0.000000
    51 0.000000 0.000000 0.000000 0.000000 0.000000 0.000000
    52 0.000000 0.000000 0.000000 0.000000 0.000000 0.000000
    53 0.000000 0.000000 0.000000 0.000000 0.000000 0.000000
    54 0.000000 0.000000 0.000000 0.000000 0.000000 0.000000
    55 0.000000 0.000000 0.000000 0.000000 0.000000 0.000000
    56 0.000000 0.000000 0.000000 0.000000 0.000000 0.000000
    57 0.000000 0.000000 0.000000 0.000000 0.000000 0.000000
    58 0.000000 0.000000 0.000000 0.000000 0.000000 0.000000
    59 0.000000 0.000000 0.000000 0.000000 0.000000 0.000000
    60 0.000000 0.000000 0.000000 0.000000 0.000000 0.000000
    61 0.000000 0.000000 0.000000 0.000000 0.000000 0.000000
    62 0.000000 0.000000 0.000000 0.000000 0.000000 0.000000
    63 0.000000 0.000000 0.000000 0.000000 0.000000 0.000000
    64 0.000000 0.000000 0.000000 0.000000 0.000000 0.000000
    65 0.000000 0.000000 0.000000 0.000000 0.000000 0.000000
    66 0.000000 0.000000 0.000000 0.000000 0.000000 0.000000
    67 0.000000 0.000000 0.000000 0.000000 0.000000 0.000000
    68 0.000000 0.000000 0.000000 0.000000 0.000000 0.000000
    69 0.000000 0.000000 0.000000 0.000000 0.000000 0.000000
    70 0.000000 0.000000 0.000000 0.000000 0.000000 0.000000
    71 0.000000 0.000000 0.000000 0.000000 0.000000 0.000000
    72 0.000000 0.000000 0.000000 0.000000 0.000000 0.000000
    73 0.000000 0.000000 0.000000 0.000000 0.000000 0.000000
    74 0.000000 0.000000 0.000000 0.000000 0.000000 0.000000
    75 0.000000 0.000000 0.000000 0.000000 0.000000 0.000000
    76 0.000000 0.000000 0.000000 0.000000 0.000000 0.000000
    77 0.000000 0.000000 0.000000 0.000000 0.000000 0.000000
    78 0.000000 0.000000 0.000000 0.000000 0.000000 0.000000
    79 0.000000 0.000000 0.000000 0.000000 0.000000 0.000000
    80 0.000000 0.000000 0.000000 0.000000 0.000000 0.000000
    81 0.000000 0.000000 0.000000 0.000000 0.000000 0.000000
    82 0.000000 0.000000 0.000000 0.000000 0.000000 0.000000
    83 0.000000 0.000000 0.000000 0.000000 0.000000 0.000000
    84 0.000000 0.000000 0.000000 0.000000 0.000000 0.000000
    85 0.000000 0.000000 0.000000 0.000000 0.000000 0.000000
    86 0.000000 0.000000 0.000000 0.000000 0.000000 0.000000
    87 0.000000 0.000000 0.000000 0.000000 0.000000 0.000000
    88 0.000000 0.000000 0.000000 0.000000 0.000000 0.000000
    89 0.000000 0.000000 0.000000 0.000000 0.000000 0.000000
    90 0.000000 0.000000 0.000000 0.000000 0.000000 0.000000
    91 0.000000 0.000000 0.000000 0.000000 0.000000 0.000000
    92 0.000000 0.000000 0.000000 0.000000 0.000000 0.000000
    93 0.000000 0.000000 0.000000 0.000000 0.000000 0.000000
    94 0.000000 0.000000 0.000000 0.000000 0.000000 0.000000
    95 0.000000 0.000000 0.000000 0.000000 0.000000 0.000000
    96 0.000000 0.000000 0.000000 0.000000 0.000000 0.000000
    97 0.000000 0.000000 0.000000 0.000000 0.000000 0.000000
    98 0.000000 0.000000 0.000000 0.000000 0.000000 0.000000
    99 0.000000 0.000000 0.000000 0.000000 0.000000 0.000000
    100 0.000000 0.000000 0.000000 0.000000 0.000000 0.000000
    101 0.000000 0.000000 0.000000 0.000000 0.000000 0.000000
    102 0.000000 0.000000 0.000000 0.000000 0.000000 0.000000
    103 0.000000 0.000000 0.000000 0.000000 0.000000 0.000000
    104 0.000000 0.000000 0.000000 0.000000 0.000000 0.000000
    105 0.000000 0.000000 0.000000 0.000000 0.000000 0.000000
    106 0.000000 0.000000 0.000000 0.000000 0.000000 0.000000
    107 0.000000 0.000000 0.000000 0.000000 0.000000 0.000000
    108 0.000000 0.000000 0.000000 0.000000 0.000000 0.000000
    109 0.000000 0.000000 0.000000 0.000000 0.000000 0.000000
    110 0.000000 0.000000 0.000000 0.000000 0.000000 0.000000
    111 0.000000 0.000000 0.000000 0.000000 0.000000 -1.570796
    112 -0.230476 0.183599 -0.011719 -0.031019 0.025370 -1.525296
    113 0.000000 0.000000 0.000000 0.000000 0.000000 0.000000
    114 0.000000 0.000000 0.000000 0.000000 0.000000 -1.570796
    115 0.000000 0.000000 0.000000 0.000000 0.000000 0.000000
    116 0.000000 0.000000 0.000000 0.000000 0.000000 0.000000
    117 0.000000 0.000000 0.000000 0.000000 0.000000 0.000000
    118 0.000000 0.000000 0.000000 0.000000 0.000000 0.000000
    119 0.000000 0.000000 0.000000 0.000000 0.000000 0.000000
    120 0.000000 0.000000 0.000000 0.000000 0.000000 0.000000
    121 0.000000 0.000000 0.000000 0.000000 0.000000 0.000000
    122 0.000000 0.000000 0.000000 0.000000 0.000000 0.000000
    123 0.000000 0.000000 0.000000 0.000000 0.000000 0.000000
    124 0.000000 0.000000 0.000000 0.000000 0.000000 0.000000
    125 0.000000 0.000000 0.000000 0.000000 0.000000 0.000000
    126 0.000000 0.000000 0.000000 0.000000 0.000000 0.000000
    127 0.000000 0.000000 0.000000 0.000000 0.000000 0.000000
    128 0.000000 0.000000 0.000000 0.000000 0.000000 0.000000
    129 0.000000 0.000000 0.000000 0.000000 0.000000 0.000000
    130 0.000000 0.000000 0.000000 0.000000 0.000000 0.000000
    131 0.000000 0.000000 0.000000 0.000000 0.000000 0.000000
    132 0.000000 0.000000 0.000000 0.000000 0.000000 0.000000
    133 0.000000 0.000000 0.000000 0.000000 0.000000 0.000000
    134 0.000000 0.000000 0.000000 0.000000 0.000000 0.000000
    135 0.000000 0.000000 0.000000 0.000000 0.000000 0.000000
    136 0.000000 0.000000 0.000000 0.000000 0.000000 0.000000
    137 0.000000 0.000000 0.000000 0.000000 0.000000 0.000000
    138 0.000000 0.000000 0.000000 0.000000 0.000000 0.000000
    139 0.000000 0.000000 0.000000 0.000000 0.000000 0.000000
    140 0.000000 0.000000 0.000000 0.000000 0.000000 0.000000
    141 0.000000 0.000000 0.000000 0.000000 0.000000 0.000000
    142 0.000000 0.000000 0.000000 0.000000 0.000000 0.000000
    143 0.000000 0.000000 0.000000 0.000000 0.000000 0.000000
    144 0.000000 0.000000 0.000000 0.000000 0.000000 0.000000
    145 0.000000 0.000000 0.000000 0.000000 0.000000 0.000000
    146 0.000000 0.000000 0.000000 0.000000 0.000000 0.000000
    147 0.000000 0.000000 0.000000 0.000000 0.000000 0.000000
    148 0.000000 0.000000 0.000000 0.000000 0.000000 0.000000
    149 0.000000 0.000000 0.000000 0.000000 0.000000 0.000000
    150 0.000000 0.000000 0.000000 0.000000 0.000000 0.000000
    151 0.000000 0.000000 0.000000 0.000000 0.000000 0.000000
    152 0.000000 0.000000 0.000000 0.000000 0.000000 0.000000
    153 0.000000 0.000000 0.000000 0.000000 0.000000 0.000000
    154 0.000000 0.000000 0.000000 0.000000 0.000000 0.000000
    155 0.000000 0.000000 0.000000 0.000000 0.000000 0.000000
    156 0.000000 0.000000 0.000000 0.000000 0.000000 0.000000
    157 0.000000 0.000000 0.000000 0.000000 0.000000 0.000000
    158 0.000000 0.000000 0.000000 0.000000 0.000000 0.000000
    159 0.000000 0.000000 0.000000 0.000000 0.000000 0.000000
    160 0.000000 0.000000 0.000000 0.000000 0.000000 0.000000
    161 0.000000 0.000000 0.000000 0.000000 0.000000 0.000000
    162 0.000000 0.000000 0.000000 0.000000 0.000000 0.000000
    163 0.000000 0.000000 0.000000 0.000000 0.000000 0.000000
    164 0.000000 0.000000 0.000000 0.000000 0.000000 0.000000
    165 0.000000 0.000000 0.000000 0.000000 0.000000 0.000000
    166 0.000000 0.000000 0.000000 0.000000 0.000000 0.000000
    167 0.000000 0.000000 0.000000 0.000000 0.000000 0.000000
    168 0.000000 0.000000 0.000000 0.000000 0.000000 0.000000
    169 0.000000 0.000000 0.000000 0.000000 0.000000 0.000000
    170 0.000000 0.000000 0.000000 0.000000 0.000000 0.000000
    171 0.000000 0.000000 0.000000 0.000000 0.000000 0.000000
    172 0.000000 0.000000 0.000000 0.000000 0.000000 0.000000
    173 0.000000 0.000000 0.000000 0.000000 0.000000 0.000000
    174 0.000000 0.000000 0.000000 0.000000 0.000000 0.000000
    175 0.000000 0.000000 0.000000 0.000000 0.000000 0.000000
    176 0.000000 0.000000 0.000000 0.000000 0.000000 0.000000
    177 0.000000 0.000000 0.000000 0.000000 0.000000 0.000000
    178 0.000000 0.000000 0.000000 0.000000 0.000000 0.000000
    179 0.000000 0.000000 0.000000 0.000000 0.000000 0.000000
    180 0.000000 0.000000 0.000000 0.000000 0.000000 0.000000
    181 0.000000 0.000000 0.000000 0.000000 0.000000 0.000000
    182 0.000000 0.000000 0.000000 0.000000 0.000000 0.000000
    183 0.000000 0.000000 0.000000 0.000000 0.000000 0.000000
    184 0.000000 0.000000 0.000000 0.000000 0.000000 0.000000
    185 0.000000 0.000000 0.000000 0.000000 0.000000 0.000000
    186 0.000000 0.000000 0.000000 0.000000 0.000000 0.000000
    187 0.000000 0.000000 0.000000 0.000000 0.000000 0.000000
    188 0.000000 0.000000 0.000000 0.000000 0.000000 0.000000
    189 0.000000 0.000000 0.000000 0.000000 0.000000 0.000000
    190 0.000000 0.000000 0.000000 0.000000 0.000000 0.000000
    191 0.000000 0.000000 0.000000 -0.016696 0.000000 0.000000
    192 0.000000 0.000000 0.000000 0.000000 0.000000 0.000000
    193 0.000000 0.000000 0.000000 0.000000 0.000000 0.000000
    194 0.000000 0.000000 0.000000 0.000000 0.000000 0.000000
    195 0.000000 0.000000 0.000000 0.000000 0.000000 0.000000
    196 0.000000 0.000000 0.000000 0.000000 0.000000 0.000000
    197 0.000000 0.000000 0.000000 0.000000 0.000000 0.000000
    198 0.000000 0.000000 0.000000 0.000000 0.000000 0.000000
    199 0.000000 0.000000 0.000000 0.000000 0.000000 0.000000
    200 0.000000 0.000000 0.000000 0.000000 0.000000 0.000000
    201 0.000000 0.000000 0.000000 0.000000 0.000000 0.000000
    202 0.000000 0.000000 0.000000 0.000000 0.000000 0.000000
    203 0.000000 0.000000 0.000000 0.000000 0.000000 0.000000
    204 0.000000 0.000000 0.000000 0.000000 0.000000 0.000000
    205 0.000000 0.000000 0.000000 0.000000 0.000000 0.000000
    206 0.000000 0.000000 0.000000 0.000000 0.000000 0.000000
    207 0.000000 0.000000 0.000000 0.000000 0.000000 0.000000
    208 0.000000 0.000000 0.000000 0.000000 0.000000 0.000000
    209 0.000000 0.000000 0.000000 0.000000 0.000000 0.000000
    210 0.000000 0.000000 0.000000 0.000000 0.000000 0.000000
    211 0.000000 0.000000 0.000000 0.000000 0.000000 0.000000
    212 0.000000 0.000000 0.000000 0.000000 0.000000 0.000000
    213 0.000000 0.000000 0.000000 0.000000 0.000000 0.000000
    214 0.000000 0.000000 0.000000 0.000000 0.000000 0.000000
    215 0.000000 0.000000 0.000000 0.000000 0.000000 0.000000
    216 0.000000 0.000000 0.000000 0.000000 0.000000 0.000000
    217 0.000000 0.000000 0.000000 0.000000 0.000000 0.000000
    218 0.000000 0.000000 0.000000 0.000000 0.000000 0.000000
    219 0.000000 0.000000 0.000000 0.000000 0.000000 0.000000
    220 0.000000 0.000000 0.000000 0.000000 0.000000 0.000000
    221 0.000000 0.000000 0.000000 0.000000 0.000000 0.000000
    222 0.000000 0.000000 0.000000 0.000000 0.000000 0.000000
    223 0.000000 0.000000 0.000000 0.000000 0.000000 0.000000
    224 0.000000 0.000000 0.000000 0.000000 0.000000 0.000000
    225 0.000000 0.000000 0.000000 0.000000 0.000000 0.000000
    226 0.000000 0.000000 0.000000 0.000000 0.000000 0.000000
    227 -0.207038 0.226569 -0.273446 -0.031019 0.025366 0.045500
    228 0.000000 0.000000 0.000000 0.000000 0.000000 0.000000
    229 0.000000 0.000000 0.000000 0.000000 0.000000 0.000000
    230 0.000000 0.000000 0.000000 0.000479 0.000000 0.000000
    231 0.000000 0.000000 0.000000 0.000000 0.000000 0.000000
    232 0.000000 0.000000 0.000000 0.000000 0.000000 0.000000
    233 0.000000 0.000000 0.000000 0.000000 0.000000 0.000000
    234 0.324229 0.261727 -0.367199 -0.031015 0.025355 -1.525297
    235 0.000000 0.000000 0.000000 0.000000 0.000000 0.000000
    236 0.000000 0.000000 0.000000 0.000000 0.000000 0.000000
    237 0.000000 0.000000 0.000000 0.000000 0.000000 0.000000
    238 0.000000 0.000000 0.000000 0.000000 0.000000 0.000000
    239 0.000000 0.000000 0.000000 0.000000 0.000000 0.000000
    240 0.000000 0.000000 0.000000 0.000000 0.000000 0.000000
    241 0.000000 0.000000 0.000000 0.000000 0.000000 0.000000
    242 0.000000 0.000000 0.000000 0.000000 0.000000 0.000000
    243 0.000000 0.000000 0.000000 0.000000 0.000000 0.000000
    244 0.000000 0.000000 0.000000 0.000000 0.000000 0.000000
    245 0.000000 0.000000 0.000000 0.000000 0.000000 0.000000
    246 0.000000 0.000000 0.000000 0.000000 0.000000 -1.570796
  time 33
    0 0.000000 0.000000 0.000000 0.000000 0.000000 -1.570796
    1 0.000000 0.000000 0.000000 0.000000 0.000000 0.000000
    2 0.000000 0.000000 0.000000 0.000000 0.000000 0.000000
    3 0.000000 0.000000 0.000000 0.000000 0.000000 0.000000
    4 0.000000 0.000000 0.000000 0.000000 0.000000 0.000000
    5 0.000000 0.000000 0.000000 0.000000 0.000000 0.000000
    6 0.000000 0.000000 0.000000 0.000000 0.000000 0.000000
    7 0.000000 0.000000 0.000000 0.000000 0.000000 0.000000
    8 -1.062532 -0.390637 0.863308 0.053585 0.054494 -0.071831
    9 0.000000 0.000000 0.000000 0.023611 -0.006136 -0.012460
    10 0.000000 0.000000 0.000000 0.000000 0.000000 0.000000
    11 0.000000 0.000000 0.000000 0.000000 0.000000 0.000000
    12 0.000000 0.000000 0.000000 0.000000 0.000000 0.000000
    13 0.000000 0.000000 0.000000 -0.013694 -0.000060 -0.000060
    14 0.000000 0.000000 0.000000 -0.000060 0.000000 -0.041502
    15 0.000000 0.000000 0.000000 0.000000 0.000000 0.000000
    16 0.000000 0.000000 0.000000 0.000000 0.000000 0.000000
    17 0.000000 0.000000 0.000000 0.000000 0.000000 0.000000
    18 0.000000 0.000000 0.000000 0.000000 0.000000 0.000000
    19 0.000000 0.000000 0.000000 -0.026807 0.000000 -0.000060
    20 0.035157 0.011719 0.000000 0.000000 0.000000 0.020739
    21 0.000000 0.000000 0.000000 -0.026955 -0.135129 0.021317
    22 0.000000 0.000000 0.000000 0.000000 0.000000 0.000000
    23 0.000000 0.000000 0.000000 0.000000 0.000000 0.000000
    24 0.000000 0.000000 0.000000 0.000000 0.000000 0.000000
    25 0.000000 0.000000 0.000000 0.000000 0.000000 0.000000
    26 0.000000 0.000000 0.000000 0.000000 0.000000 0.000000
    27 0.000000 0.000000 0.000000 0.000000 0.000000 0.000000
    28 0.000000 0.000000 0.000000 0.000000 0.000000 0.000000
    29 0.000000 0.000000 0.000000 0.000000 0.000000 0.000000
    30 0.000000 0.000000 0.000000 0.000000 0.000000 0.000000
    31 0.000000 0.000000 0.000000 0.000000 0.000000 0.000000
    32 0.000000 0.000000 0.000000 0.000000 0.000000 0.000000
    33 0.000000 0.000000 0.000000 0.000000 0.000000 0.000000
    34 0.000000 0.000000 0.000000 0.000000 0.000000 0.000000
    35 0.000000 0.000000 0.000000 0.000000 0.000000 0.000000
    36 0.000000 0.000000 0.000000 0.000000 0.000000 0.000000
    37 0.000000 0.000000 0.000000 0.000000 0.000000 0.000000
    38 0.000000 0.000000 0.000000 0.000000 0.000000 0.000000
    39 0.000000 0.000000 0.000000 0.000000 0.000000 0.000000
    40 0.000000 0.000000 0.000000 0.000000 0.000000 0.000000
    41 0.000000 0.000000 0.000000 0.000000 0.000000 0.000000
    42 0.000000 0.000000 0.000000 0.000000 0.000000 0.000000
    43 0.000000 0.000000 0.000000 0.000000 0.000000 0.000000
    44 0.000000 0.000000 0.000000 0.000000 0.000000 0.000000
    45 0.000000 0.000000 0.000000 0.000000 0.000000 0.000000
    46 0.000000 0.000000 0.000000 0.000000 0.000000 0.000000
    47 0.000000 0.000000 0.000000 0.000000 0.000000 0.000000
    48 0.000000 0.000000 0.000000 0.000000 0.000000 0.000000
    49 0.000000 0.000000 0.000000 0.000000 0.000000 0.000000
    50 0.000000 0.000000 0.000000 0.000000 0.000000 0.000000
    51 0.000000 0.000000 0.000000 0.000000 0.000000 0.000000
    52 0.000000 0.000000 0.000000 0.000000 0.000000 0.000000
    53 0.000000 0.000000 0.000000 0.000000 0.000000 0.000000
    54 0.000000 0.000000 0.000000 0.000000 0.000000 0.000000
    55 0.000000 0.000000 0.000000 0.000000 0.000000 0.000000
    56 0.000000 0.000000 0.000000 0.000000 0.000000 0.000000
    57 0.000000 0.000000 0.000000 0.000000 0.000000 0.000000
    58 0.000000 0.000000 0.000000 0.000000 0.000000 0.000000
    59 0.000000 0.000000 0.000000 0.000000 0.000000 0.000000
    60 0.000000 0.000000 0.000000 0.000000 0.000000 0.000000
    61 0.000000 0.000000 0.000000 0.000000 0.000000 0.000000
    62 0.000000 0.000000 0.000000 0.000000 0.000000 0.000000
    63 0.000000 0.000000 0.000000 0.000000 0.000000 0.000000
    64 0.000000 0.000000 0.000000 0.000000 0.000000 0.000000
    65 0.000000 0.000000 0.000000 0.000000 0.000000 0.000000
    66 0.000000 0.000000 0.000000 0.000000 0.000000 0.000000
    67 0.000000 0.000000 0.000000 0.000000 0.000000 0.000000
    68 0.000000 0.000000 0.000000 0.000000 0.000000 0.000000
    69 0.000000 0.000000 0.000000 0.000000 0.000000 0.000000
    70 0.000000 0.000000 0.000000 0.000000 0.000000 0.000000
    71 0.000000 0.000000 0.000000 0.000000 0.000000 0.000000
    72 0.000000 0.000000 0.000000 0.000000 0.000000 0.000000
    73 0.000000 0.000000 0.000000 0.000000 0.000000 0.000000
    74 0.000000 0.000000 0.000000 0.000000 0.000000 0.000000
    75 0.000000 0.000000 0.000000 0.000000 0.000000 0.000000
    76 0.000000 0.000000 0.000000 0.000000 0.000000 0.000000
    77 0.000000 0.000000 0.000000 0.000000 0.000000 0.000000
    78 0.000000 0.000000 0.000000 0.000000 0.000000 0.000000
    79 0.000000 0.000000 0.000000 0.000000 0.000000 0.000000
    80 0.000000 0.000000 0.000000 0.000000 0.000000 0.000000
    81 0.000000 0.000000 0.000000 0.000000 0.000000 0.000000
    82 0.000000 0.000000 0.000000 0.000000 0.000000 0.000000
    83 0.000000 0.000000 0.000000 0.000000 0.000000 0.000000
    84 0.000000 0.000000 0.000000 0.000000 0.000000 0.000000
    85 0.000000 0.000000 0.000000 0.000000 0.000000 0.000000
    86 0.000000 0.000000 0.000000 0.000000 0.000000 0.000000
    87 0.000000 0.000000 0.000000 0.000000 0.000000 0.000000
    88 0.000000 0.000000 0.000000 0.000000 0.000000 0.000000
    89 0.000000 0.000000 0.000000 0.000000 0.000000 0.000000
    90 0.000000 0.000000 0.000000 0.000000 0.000000 0.000000
    91 0.000000 0.000000 0.000000 0.000000 0.000000 0.000000
    92 0.000000 0.000000 0.000000 0.000000 0.000000 0.000000
    93 0.000000 0.000000 0.000000 0.000000 0.000000 0.000000
    94 0.000000 0.000000 0.000000 0.000000 0.000000 0.000000
    95 0.000000 0.000000 0.000000 0.000000 0.000000 0.000000
    96 0.000000 0.000000 0.000000 0.000000 0.000000 0.000000
    97 0.000000 0.000000 0.000000 0.000000 0.000000 0.000000
    98 0.000000 0.000000 0.000000 0.000000 0.000000 0.000000
    99 0.000000 0.000000 0.000000 0.000000 0.000000 0.000000
    100 0.000000 0.000000 0.000000 0.000000 0.000000 0.000000
    101 0.000000 0.000000 0.000000 0.000000 0.000000 0.000000
    102 0.000000 0.000000 0.000000 0.000000 0.000000 0.000000
    103 0.000000 0.000000 0.000000 0.000000 0.000000 0.000000
    104 0.000000 0.000000 0.000000 0.000000 0.000000 0.000000
    105 0.000000 0.000000 0.000000 0.000000 0.000000 0.000000
    106 0.000000 0.000000 0.000000 0.000000 0.000000 0.000000
    107 0.000000 0.000000 0.000000 0.000000 0.000000 0.000000
    108 0.000000 0.000000 0.000000 0.000000 0.000000 0.000000
    109 0.000000 0.000000 0.000000 0.000000 0.000000 0.000000
    110 0.000000 0.000000 0.000000 0.000000 0.000000 0.000000
    111 0.000000 0.000000 0.000000 0.000000 0.000000 -1.570796
    112 -0.226569 0.539079 0.484390 -0.061689 0.015773 -1.486695
    113 0.000000 0.000000 0.000000 0.000000 0.000000 0.000000
    114 0.000000 0.000000 0.000000 0.000000 0.000000 -1.570796
    115 0.000000 0.000000 0.000000 0.000000 0.000000 0.000000
    116 0.000000 0.000000 0.000000 0.000000 0.000000 0.000000
    117 0.000000 0.000000 0.000000 0.000000 0.000000 0.000000
    118 0.000000 0.000000 0.000000 0.000000 0.000000 0.000000
    119 0.000000 0.000000 0.000000 0.000000 0.000000 0.000000
    120 0.000000 0.000000 0.000000 0.000000 0.000000 0.000000
    121 0.000000 0.000000 0.000000 0.000000 0.000000 0.000000
    122 0.000000 0.000000 0.000000 0.000000 0.000000 0.000000
    123 0.000000 0.000000 0.000000 0.000000 0.000000 0.000000
    124 0.000000 0.000000 0.000000 0.000000 0.000000 0.000000
    125 0.000000 0.000000 0.000000 0.000000 0.000000 0.000000
    126 0.000000 0.000000 0.000000 0.000000 0.000000 0.000000
    127 0.000000 0.000000 0.000000 0.000000 0.000000 0.000000
    128 0.000000 0.000000 0.000000 0.000000 0.000000 0.000000
    129 0.000000 0.000000 0.000000 0.000000 0.000000 0.000000
    130 0.000000 0.000000 0.000000 0.000000 0.000000 0.000000
    131 0.000000 0.000000 0.000000 0.000000 0.000000 0.000000
    132 0.000000 0.000000 0.000000 0.000000 0.000000 0.000000
    133 0.000000 0.000000 0.000000 0.000000 0.000000 0.000000
    134 0.000000 0.000000 0.000000 0.000000 0.000000 0.000000
    135 0.000000 0.000000 0.000000 0.000000 0.000000 0.000000
    136 0.000000 0.000000 0.000000 0.000000 0.000000 0.000000
    137 0.000000 0.000000 0.000000 0.000000 0.000000 0.000000
    138 0.000000 0.000000 0.000000 0.000000 0.000000 0.000000
    139 0.000000 0.000000 0.000000 0.000000 0.000000 0.000000
    140 0.000000 0.000000 0.000000 0.000000 0.000000 0.000000
    141 0.000000 0.000000 0.000000 0.000000 0.000000 0.000000
    142 0.000000 0.000000 0.000000 0.000000 0.000000 0.000000
    143 0.000000 0.000000 0.000000 0.000000 0.000000 0.000000
    144 0.000000 0.000000 0.000000 0.000000 0.000000 0.000000
    145 0.000000 0.000000 0.000000 0.000000 0.000000 0.000000
    146 0.000000 0.000000 0.000000 0.000000 0.000000 0.000000
    147 0.000000 0.000000 0.000000 0.000000 0.000000 0.000000
    148 0.000000 0.000000 0.000000 0.000000 0.000000 0.000000
    149 0.000000 0.000000 0.000000 0.000000 0.000000 0.000000
    150 0.000000 0.000000 0.000000 0.000000 0.000000 0.000000
    151 0.000000 0.000000 0.000000 0.000000 0.000000 0.000000
    152 0.000000 0.000000 0.000000 0.000000 0.000000 0.000000
    153 0.000000 0.000000 0.000000 0.000000 0.000000 0.000000
    154 0.000000 0.000000 0.000000 0.000000 0.000000 0.000000
    155 0.000000 0.000000 0.000000 0.000000 0.000000 0.000000
    156 0.000000 0.000000 0.000000 0.000000 0.000000 0.000000
    157 0.000000 0.000000 0.000000 0.000000 0.000000 0.000000
    158 0.000000 0.000000 0.000000 0.000000 0.000000 0.000000
    159 0.000000 0.000000 0.000000 0.000000 0.000000 0.000000
    160 0.000000 0.000000 0.000000 0.000000 0.000000 0.000000
    161 0.000000 0.000000 0.000000 0.000000 0.000000 0.000000
    162 0.000000 0.000000 0.000000 0.000000 0.000000 0.000000
    163 0.000000 0.000000 0.000000 0.000000 0.000000 0.000000
    164 0.000000 0.000000 0.000000 0.000000 0.000000 0.000000
    165 0.000000 0.000000 0.000000 0.000000 0.000000 0.000000
    166 0.000000 0.000000 0.000000 0.000000 0.000000 0.000000
    167 0.000000 0.000000 0.000000 0.000000 0.000000 0.000000
    168 0.000000 0.000000 0.000000 0.000000 0.000000 0.000000
    169 0.000000 0.000000 0.000000 0.000000 0.000000 0.000000
    170 0.000000 0.000000 0.000000 0.000000 0.000000 0.000000
    171 0.000000 0.000000 0.000000 0.000000 0.000000 0.000000
    172 0.000000 0.000000 0.000000 0.000000 0.000000 0.000000
    173 0.000000 0.000000 0.000000 0.000000 0.000000 0.000000
    174 0.000000 0.000000 0.000000 0.000000 0.000000 0.000000
    175 0.000000 0.000000 0.000000 0.000000 0.000000 0.000000
    176 0.000000 0.000000 0.000000 0.000000 0.000000 0.000000
    177 0.000000 0.000000 0.000000 0.000000 0.000000 0.000000
    178 0.000000 0.000000 0.000000 0.000000 0.000000 0.000000
    179 0.000000 0.000000 0.000000 0.000000 0.000000 0.000000
    180 0.000000 0.000000 0.000000 0.000000 0.000000 0.000000
    181 0.000000 0.000000 0.000000 0.000000 0.000000 0.000000
    182 0.000000 0.000000 0.000000 0.000000 0.000000 0.000000
    183 0.000000 0.000000 0.000000 0.000000 0.000000 0.000000
    184 0.000000 0.000000 0.000000 0.000000 0.000000 0.000000
    185 0.000000 0.000000 0.000000 0.000000 0.000000 0.000000
    186 0.000000 0.000000 0.000000 0.000000 0.000000 0.000000
    187 0.000000 0.000000 0.000000 0.000000 0.000000 0.000000
    188 0.000000 0.000000 0.000000 0.000000 0.000000 0.000000
    189 0.000000 0.000000 0.000000 0.000000 0.000000 0.000000
    190 0.000000 0.000000 0.000000 0.000000 0.000000 0.000000
    191 0.000000 0.000000 0.000000 -0.011744 0.000000 0.000000
    192 0.000000 0.000000 0.000000 0.000000 0.000000 0.000000
    193 0.000000 0.000000 0.000000 0.000000 0.000000 0.000000
    194 0.000000 0.000000 0.000000 0.000000 0.000000 0.000000
    195 0.000000 0.000000 0.000000 0.000000 0.000000 0.000000
    196 0.000000 0.000000 0.000000 0.000000 0.000000 0.000000
    197 0.000000 0.000000 0.000000 0.000000 0.000000 0.000000
    198 0.000000 0.000000 0.000000 0.000000 0.000000 0.000000
    199 0.000000 0.000000 0.000000 0.000000 0.000000 0.000000
    200 0.000000 0.000000 0.000000 0.000000 0.000000 0.000000
    201 0.000000 0.000000 0.000000 0.000000 0.000000 0.000000
    202 0.000000 0.000000 0.000000 0.000000 0.000000 0.000000
    203 0.000000 0.000000 0.000000 0.000000 0.000000 0.000000
    204 0.000000 0.000000 0.000000 0.000000 0.000000 0.000000
    205 0.000000 0.000000 0.000000 0.000000 0.000000 0.000000
    206 0.000000 0.000000 0.000000 0.000000 0.000000 0.000000
    207 0.000000 0.000000 0.000000 0.000000 0.000000 0.000000
    208 0.000000 0.000000 0.000000 0.000000 0.000000 0.000000
    209 0.000000 0.000000 0.000000 0.000000 0.000000 0.000000
    210 0.000000 0.000000 0.000000 0.000000 0.000000 0.000000
    211 0.000000 0.000000 0.000000 0.000000 0.000000 0.000000
    212 0.000000 0.000000 0.000000 0.000000 0.000000 0.000000
    213 0.000000 0.000000 0.000000 0.000000 0.000000 0.000000
    214 0.000000 0.000000 0.000000 0.000000 0.000000 0.000000
    215 0.000000 0.000000 0.000000 0.000000 0.000000 0.000000
    216 0.000000 0.000000 0.000000 0.000000 0.000000 0.000000
    217 0.000000 0.000000 0.000000 0.000000 0.000000 0.000000
    218 0.000000 0.000000 0.000000 0.000000 0.000000 0.000000
    219 0.000000 0.000000 0.000000 0.000000 0.000000 0.000000
    220 0.000000 0.000000 0.000000 0.000000 0.000000 0.000000
    221 0.000000 0.000000 0.000000 0.000000 0.000000 0.000000
    222 0.000000 0.000000 0.000000 0.000000 0.000000 0.000000
    223 0.000000 0.000000 0.000000 0.000000 0.000000 0.000000
    224 0.000000 0.000000 0.000000 0.000000 0.000000 0.000000
    225 0.000000 0.000000 0.000000 0.000000 0.000000 0.000000
    226 0.000000 0.000000 0.000000 0.000000 0.000000 0.000000
    227 -0.582049 0.621113 0.320322 -0.061689 0.015770 0.084101
    228 0.000000 0.000000 0.000000 0.000000 0.000000 0.000000
    229 0.000000 0.000000 0.000000 0.000000 0.000000 0.000000
    230 0.000000 0.000000 0.000000 0.001139 0.000000 0.000000
    231 0.000000 0.000000 0.000000 0.000000 0.000000 0.000000
    232 0.000000 0.000000 0.000000 0.000000 0.000000 0.000000
    233 0.000000 0.000000 0.000000 0.000000 0.000000 0.000000
    234 0.792993 0.617206 0.265633 -0.061680 0.015791 -1.486694
    235 0.000000 0.000000 0.000000 0.000000 0.000000 0.000000
    236 0.000000 0.000000 0.000000 0.000000 0.000000 0.000000
    237 0.000000 0.000000 0.000000 0.000000 0.000000 0.000000
    238 0.000000 0.000000 0.000000 0.000000 0.000000 0.000000
    239 0.000000 0.000000 0.000000 0.000000 0.000000 0.000000
    240 0.000000 0.000000 0.000000 0.000000 0.000000 0.000000
    241 0.000000 0.000000 0.000000 0.000000 0.000000 0.000000
    242 0.000000 0.000000 0.000000 0.000000 0.000000 0.000000
    243 0.000000 0.000000 0.000000 0.000000 0.000000 0.000000
    244 0.000000 0.000000 0.000000 0.000000 0.000000 0.000000
    245 0.000000 0.000000 0.000000 0.000000 0.000000 0.000000
    246 0.000000 0.000000 0.000000 0.000000 0.000000 -1.570796
  time 34
    0 0.000000 0.000000 0.000000 0.000000 0.000000 -1.570796
    1 0.000000 0.000000 0.000000 0.000000 0.000000 0.000000
    2 0.000000 0.000000 0.000000 0.000000 0.000000 0.000000
    3 0.000000 0.000000 0.000000 0.000000 0.000000 0.000000
    4 0.000000 0.000000 0.000000 0.000000 0.000000 0.000000
    5 0.000000 0.000000 0.000000 0.000000 0.000000 0.000000
    6 0.000000 0.000000 0.000000 0.000000 0.000000 0.000000
    7 0.000000 0.000000 0.000000 0.000000 0.000000 0.000000
    8 -1.257851 -0.312510 0.882839 0.083355 0.068881 -0.074992
    9 0.000000 0.000000 0.000000 0.020552 -0.005098 -0.018920
    10 0.000000 0.000000 0.000000 0.000000 0.000000 0.000000
    11 0.000000 0.000000 0.000000 0.000000 0.000000 0.000000
    12 0.000000 0.000000 0.000000 0.000000 0.000000 0.000000
    13 0.000000 0.000000 0.000000 -0.011010 -0.000024 -0.000024
    14 0.000000 0.000000 0.000000 0.000000 0.000000 -0.056538
    15 0.000000 0.000000 0.000000 0.000000 0.000000 0.000000
    16 0.000000 0.000000 0.000000 0.000000 0.000000 0.000000
    17 0.000000 0.000000 0.000000 0.000000 0.000000 0.000000
    18 0.000000 0.000000 0.000000 0.000000 0.000000 0.000000
    19 0.000000 0.000000 0.000000 -0.013505 0.000060 0.000000
    20 0.062502 0.015625 0.000000 0.000000 0.000000 0.028237
    21 0.000000 0.000000 0.000000 -0.026349 -0.159774 0.008437
    22 0.000000 0.000000 0.000000 0.000000 0.000000 0.000000
    23 0.000000 0.000000 0.000000 0.000000 0.000000 0.000000
    24 0.000000 0.000000 0.000000 0.000000 0.000000 0.000000
    25 0.000000 0.000000 0.000000 0.000000 0.000000 0.000000
    26 0.000000 0.000000 0.000000 0.000000 0.000000 0.000000
    27 0.000000 0.000000 0.000000 0.000000 0.000000 0.000000
    28 0.000000 0.000000 0.000000 0.000000 0.000000 0.000000
    29 0.000000 0.000000 0.000000 0.000000 0.000000 0.000000
    30 0.000000 0.000000 0.000000 0.000000 0.000000 0.000000
    31 0.000000 0.000000 0.000000 0.000000 0.000000 0.000000
    32 0.000000 0.000000 0.000000 0.000000 0.000000 0.000000
    33 0.000000 0.000000 0.000000 0.000000 0.000000 0.000000
    34 0.000000 0.000000 0.000000 0.000000 0.000000 0.000000
    35 0.000000 0.000000 0.000000 0.000000 0.000000 0.000000
    36 0.000000 0.000000 0.000000 0.000000 0.000000 0.000000
    37 0.000000 0.000000 0.000000 0.000000 0.000000 0.000000
    38 0.000000 0.000000 0.000000 0.000000 0.000000 0.000000
    39 0.000000 0.000000 0.000000 0.000000 0.000000 0.000000
    40 0.000000 0.000000 0.000000 0.000000 0.000000 0.000000
    41 0.000000 0.000000 0.000000 0.000000 0.000000 0.000000
    42 0.000000 0.000000 0.000000 0.000000 0.000000 0.000000
    43 0.000000 0.000000 0.000000 0.000000 0.000000 0.000000
    44 0.000000 0.000000 0.000000 0.000000 0.000000 0.000000
    45 0.000000 0.000000 0.000000 0.000000 0.000000 0.000000
    46 0.000000 0.000000 0.000000 0.000000 0.000000 0.000000
    47 0.000000 0.000000 0.000000 0.000000 0.000000 0.000000
    48 0.000000 0.000000 0.000000 0.000000 0.000000 0.000000
    49 0.000000 0.000000 0.000000 0.000000 0.000000 0.000000
    50 0.000000 0.000000 0.000000 0.000000 0.000000 0.000000
    51 0.000000 0.000000 0.000000 0.000000 0.000000 0.000000
    52 0.000000 0.000000 0.000000 0.000000 0.000000 0.000000
    53 0.000000 0.000000 0.000000 0.000000 0.000000 0.000000
    54 0.000000 0.000000 0.000000 0.000000 0.000000 0.000000
    55 0.000000 0.000000 0.000000 0.000000 0.000000 0.000000
    56 0.000000 0.000000 0.000000 0.000000 0.000000 0.000000
    57 0.000000 0.000000 0.000000 0.000000 0.000000 0.000000
    58 0.000000 0.000000 0.000000 0.000000 0.000000 0.000000
    59 0.000000 0.000000 0.000000 0.000000 0.000000 0.000000
    60 0.000000 0.000000 0.000000 0.000000 0.000000 0.000000
    61 0.000000 0.000000 0.000000 0.000000 0.000000 0.000000
    62 0.000000 0.000000 0.000000 0.000000 0.000000 0.000000
    63 0.000000 0.000000 0.000000 0.000000 0.000000 0.000000
    64 0.000000 0.000000 0.000000 0.000000 0.000000 0.000000
    65 0.000000 0.000000 0.000000 0.000000 0.000000 0.000000
    66 0.000000 0.000000 0.000000 0.000000 0.000000 0.000000
    67 0.000000 0.000000 0.000000 0.000000 0.000000 0.000000
    68 0.000000 0.000000 0.000000 0.000000 0.000000 0.000000
    69 0.000000 0.000000 0.000000 0.000000 0.000000 0.000000
    70 0.000000 0.000000 0.000000 0.000000 0.000000 0.000000
    71 0.000000 0.000000 0.000000 0.000000 0.000000 0.000000
    72 0.000000 0.000000 0.000000 0.000000 0.000000 0.000000
    73 0.000000 0.000000 0.000000 0.000000 0.000000 0.000000
    74 0.000000 0.000000 0.000000 0.000000 0.000000 0.000000
    75 0.000000 0.000000 0.000000 0.000000 0.000000 0.000000
    76 0.000000 0.000000 0.000000 0.000000 0.000000 0.000000
    77 0.000000 0.000000 0.000000 0.000000 0.000000 0.000000
    78 0.000000 0.000000 0.000000 0.000000 0.000000 0.000000
    79 0.000000 0.000000 0.000000 0.000000 0.000000 0.000000
    80 0.000000 0.000000 0.000000 0.000000 0.000000 0.000000
    81 0.000000 0.000000 0.000000 0.000000 0.000000 0.000000
    82 0.000000 0.000000 0.000000 0.000000 0.000000 0.000000
    83 0.000000 0.000000 0.000000 0.000000 0.000000 0.000000
    84 0.000000 0.000000 0.000000 0.000000 0.000000 0.000000
    85 0.000000 0.000000 0.000000 0.000000 0.000000 0.000000
    86 0.000000 0.000000 0.000000 0.000000 0.000000 0.000000
    87 0.000000 0.000000 0.000000 0.000000 0.000000 0.000000
    88 0.000000 0.000000 0.000000 0.000000 0.000000 0.000000
    89 0.000000 0.000000 0.000000 0.000000 0.000000 0.000000
    90 0.000000 0.000000 0.000000 0.000000 0.000000 0.000000
    91 0.000000 0.000000 0.000000 0.000000 0.000000 0.000000
    92 0.000000 0.000000 0.000000 0.000000 0.000000 0.000000
    93 0.000000 0.000000 0.000000 0.000000 0.000000 0.000000
    94 0.000000 0.000000 0.000000 0.000000 0.000000 0.000000
    95 0.000000 0.000000 0.000000 0.000000 0.000000 0.000000
    96 0.000000 0.000000 0.000000 0.000000 0.000000 0.000000
    97 0.000000 0.000000 0.000000 0.000000 0.000000 0.000000
    98 0.000000 0.000000 0.000000 0.000000 0.000000 0.000000
    99 0.000000 0.000000 0.000000 0.000000 0.000000 0.000000
    100 0.000000 0.000000 0.000000 0.000000 0.000000 0.000000
    101 0.000000 0.000000 0.000000 0.000000 0.000000 0.000000
    102 0.000000 0.000000 0.000000 0.000000 0.000000 0.000000
    103 0.000000 0.000000 0.000000 0.000000 0.000000 0.000000
    104 0.000000 0.000000 0.000000 0.000000 0.000000 0.000000
    105 0.000000 0.000000 0.000000 0.000000 0.000000 0.000000
    106 0.000000 0.000000 0.000000 0.000000 0.000000 0.000000
    107 0.000000 0.000000 0.000000 0.000000 0.000000 0.000000
    108 0.000000 0.000000 0.000000 0.000000 0.000000 0.000000
    109 0.000000 0.000000 0.000000 0.000000 0.000000 0.000000
    110 0.000000 0.000000 0.000000 0.000000 0.000000 0.000000
    111 0.000000 0.000000 0.000000 0.000000 0.000000 -1.570796
    112 -0.207038 0.750023 0.656270 -0.088426 0.003243 -1.471404
    113 0.000000 0.000000 0.000000 0.000000 0.000000 0.000000
    114 0.000000 0.000000 0.000000 0.000000 0.000000 -1.570796
    115 0.000000 0.000000 0.000000 0.000000 0.000000 0.000000
    116 0.000000 0.000000 0.000000 0.000000 0.000000 0.000000
    117 0.000000 0.000000 0.000000 0.000000 0.000000 0.000000
    118 0.000000 0.000000 0.000000 0.000000 0.000000 0.000000
    119 0.000000 0.000000 0.000000 0.000000 0.000000 0.000000
    120 0.000000 0.000000 0.000000 0.000000 0.000000 0.000000
    121 0.000000 0.000000 0.000000 0.000000 0.000000 0.000000
    122 0.000000 0.000000 0.000000 0.000000 0.000000 0.000000
    123 0.000000 0.000000 0.000000 0.000000 0.000000 0.000000
    124 0.000000 0.000000 0.000000 0.000000 0.000000 0.000000
    125 0.000000 0.000000 0.000000 0.000000 0.000000 0.000000
    126 0.000000 0.000000 0.000000 0.000000 0.000000 0.000000
    127 0.000000 0.000000 0.000000 0.000000 0.000000 0.000000
    128 0.000000 0.000000 0.000000 0.000000 0.000000 0.000000
    129 0.000000 0.000000 0.000000 0.000000 0.000000 0.000000
    130 0.000000 0.000000 0.000000 0.000000 0.000000 0.000000
    131 0.000000 0.000000 0.000000 0.000000 0.000000 0.000000
    132 0.000000 0.000000 0.000000 0.000000 0.000000 0.000000
    133 0.000000 0.000000 0.000000 0.000000 0.000000 0.000000
    134 0.000000 0.000000 0.000000 0.000000 0.000000 0.000000
    135 0.000000 0.000000 0.000000 0.000000 0.000000 0.000000
    136 0.000000 0.000000 0.000000 0.000000 0.000000 0.000000
    137 0.000000 0.000000 0.000000 0.000000 0.000000 0.000000
    138 0.000000 0.000000 0.000000 0.000000 0.000000 0.000000
    139 0.000000 0.000000 0.000000 0.000000 0.000000 0.000000
    140 0.000000 0.000000 0.000000 0.000000 0.000000 0.000000
    141 0.000000 0.000000 0.000000 0.000000 0.000000 0.000000
    142 0.000000 0.000000 0.000000 0.000000 0.000000 0.000000
    143 0.000000 0.000000 0.000000 0.000000 0.000000 0.000000
    144 0.000000 0.000000 0.000000 0.000000 0.000000 0.000000
    145 0.000000 0.000000 0.000000 0.000000 0.000000 0.000000
    146 0.000000 0.000000 0.000000 0.000000 0.000000 0.000000
    147 0.000000 0.000000 0.000000 0.000000 0.000000 0.000000
    148 0.000000 0.000000 0.000000 0.000000 0.000000 0.000000
    149 0.000000 0.000000 0.000000 0.000000 0.000000 0.000000
    150 0.000000 0.000000 0.000000 0.000000 0.000000 0.000000
    151 0.000000 0.000000 0.000000 0.000000 0.000000 0.000000
    152 0.000000 0.000000 0.000000 0.000000 0.000000 0.000000
    153 0.000000 0.000000 0.000000 0.000000 0.000000 0.000000
    154 0.000000 0.000000 0.000000 0.000000 0.000000 0.000000
    155 0.000000 0.000000 0.000000 0.000000 0.000000 0.000000
    156 0.000000 0.000000 0.000000 0.000000 0.000000 0.000000
    157 0.000000 0.000000 0.000000 0.000000 0.000000 0.000000
    158 0.000000 0.000000 0.000000 0.000000 0.000000 0.000000
    159 0.000000 0.000000 0.000000 0.000000 0.000000 0.000000
    160 0.000000 0.000000 0.000000 0.000000 0.000000 0.000000
    161 0.000000 0.000000 0.000000 0.000000 0.000000 0.000000
    162 0.000000 0.000000 0.000000 0.000000 0.000000 0.000000
    163 0.000000 0.000000 0.000000 0.000000 0.000000 0.000000
    164 0.000000 0.000000 0.000000 0.000000 0.000000 0.000000
    165 0.000000 0.000000 0.000000 0.000000 0.000000 0.000000
    166 0.000000 0.000000 0.000000 0.000000 0.000000 0.000000
    167 0.000000 0.000000 0.000000 0.000000 0.000000 0.000000
    168 0.000000 0.000000 0.000000 0.000000 0.000000 0.000000
    169 0.000000 0.000000 0.000000 0.000000 0.000000 0.000000
    170 0.000000 0.000000 0.000000 0.000000 0.000000 0.000000
    171 0.000000 0.000000 0.000000 0.000000 0.000000 0.000000
    172 0.000000 0.000000 0.000000 0.000000 0.000000 0.000000
    173 0.000000 0.000000 0.000000 0.000000 0.000000 0.000000
    174 0.000000 0.000000 0.000000 0.000000 0.000000 0.000000
    175 0.000000 0.000000 0.000000 0.000000 0.000000 0.000000
    176 0.000000 0.000000 0.000000 0.000000 0.000000 0.000000
    177 0.000000 0.000000 0.000000 0.000000 0.000000 0.000000
    178 0.000000 0.000000 0.000000 0.000000 0.000000 0.000000
    179 0.000000 0.000000 0.000000 0.000000 0.000000 0.000000
    180 0.000000 0.000000 0.000000 0.000000 0.000000 0.000000
    181 0.000000 0.000000 0.000000 0.000000 0.000000 0.000000
    182 0.000000 0.000000 0.000000 0.000000 0.000000 0.000000
    183 0.000000 0.000000 0.000000 0.000000 0.000000 0.000000
    184 0.000000 0.000000 0.000000 0.000000 0.000000 0.000000
    185 0.000000 0.000000 0.000000 0.000000 0.000000 0.000000
    186 0.000000 0.000000 0.000000 0.000000 0.000000 0.000000
    187 0.000000 0.000000 0.000000 0.000000 0.000000 0.000000
    188 0.000000 0.000000 0.000000 0.000000 0.000000 0.000000
    189 0.000000 0.000000 0.000000 0.000000 0.000000 0.000000
    190 0.000000 0.000000 0.000000 0.000000 0.000000 0.000000
    191 0.000000 0.000000 0.000000 -0.006759 0.000000 0.000000
    192 0.000000 0.000000 0.000000 0.000000 0.000000 0.000000
    193 0.000000 0.000000 0.000000 0.000000 0.000000 0.000000
    194 0.000000 0.000000 0.000000 0.000000 0.000000 0.000000
    195 0.000000 0.000000 0.000000 0.000000 0.000000 0.000000
    196 0.000000 0.000000 0.000000 0.000000 0.000000 0.000000
    197 0.000000 0.000000 0.000000 0.000000 0.000000 0.000000
    198 0.000000 0.000000 0.000000 0.000000 0.000000 0.000000
    199 0.000000 0.000000 0.000000 0.000000 0.000000 0.000000
    200 0.000000 0.000000 0.000000 0.000000 0.000000 0.000000
    201 0.000000 0.000000 0.000000 0.000000 0.000000 0.000000
    202 0.000000 0.000000 0.000000 0.000000 0.000000 0.000000
    203 0.000000 0.000000 0.000000 0.000000 0.000000 0.000000
    204 0.000000 0.000000 0.000000 0.000000 0.000000 0.000000
    205 0.000000 0.000000 0.000000 0.000000 0.000000 0.000000
    206 0.000000 0.000000 0.000000 0.000000 0.000000 0.000000
    207 0.000000 0.000000 0.000000 0.000000 0.000000 0.000000
    208 0.000000 0.000000 0.000000 0.000000 0.000000 0.000000
    209 0.000000 0.000000 0.000000 0.000000 0.000000 0.000000
    210 0.000000 0.000000 0.000000 0.000000 0.000000 0.000000
    211 0.000000 0.000000 0.000000 0.000000 0.000000 0.000000
    212 0.000000 0.000000 0.000000 0.000000 0.000000 0.000000
    213 0.000000 0.000000 0.000000 0.000000 0.000000 0.000000
    214 0.000000 0.000000 0.000000 0.000000 0.000000 0.000000
    215 0.000000 0.000000 0.000000 0.000000 0.000000 0.000000
    216 0.000000 0.000000 0.000000 0.000000 0.000000 0.000000
    217 0.000000 0.000000 0.000000 0.000000 0.000000 0.000000
    218 0.000000 0.000000 0.000000 0.000000 0.000000 0.000000
    219 0.000000 0.000000 0.000000 0.000000 0.000000 0.000000
    220 0.000000 0.000000 0.000000 0.000000 0.000000 0.000000
    221 0.000000 0.000000 0.000000 0.000000 0.000000 0.000000
    222 0.000000 0.000000 0.000000 0.000000 0.000000 0.000000
    223 0.000000 0.000000 0.000000 0.000000 0.000000 0.000000
    224 0.000000 0.000000 0.000000 0.000000 0.000000 0.000000
    225 0.000000 0.000000 0.000000 0.000000 0.000000 0.000000
    226 0.000000 0.000000 0.000000 0.000000 0.000000 0.000000
    227 -0.800806 0.785180 0.621113 -0.088426 0.003243 0.099392
    228 0.000000 0.000000 0.000000 0.000000 0.000000 0.000000
    229 0.000000 0.000000 0.000000 0.000000 0.000000 0.000000
    230 0.000000 0.000000 0.000000 0.001798 0.000000 0.000000
    231 0.000000 0.000000 0.000000 0.000000 0.000000 0.000000
    232 0.000000 0.000000 0.000000 0.000000 0.000000 0.000000
    233 0.000000 0.000000 0.000000 0.000000 0.000000 0.000000
    234 0.960967 0.808618 0.617206 -0.088414 0.003226 -1.471464
    235 0.000000 0.000000 0.000000 0.000000 0.000000 0.000000
    236 0.000000 0.000000 0.000000 0.000000 0.000000 0.000000
    237 0.000000 0.000000 0.000000 0.000000 0.000000 0.000000
    238 0.000000 0.000000 0.000000 0.000000 0.000000 0.000000
    239 0.000000 0.000000 0.000000 0.000000 0.000000 0.000000
    240 0.000000 0.000000 0.000000 0.000000 0.000000 0.000000
    241 0.000000 0.000000 0.000000 0.000000 0.000000 0.000000
    242 0.000000 0.000000 0.000000 0.000000 0.000000 0.000000
    243 0.000000 0.000000 0.000000 0.000000 0.000000 0.000000
    244 0.000000 0.000000 0.000000 0.000000 0.000000 0.000000
    245 0.000000 0.000000 0.000000 0.000000 0.000000 0.000000
    246 0.000000 0.000000 0.000000 0.000000 0.000000 -1.570796
  time 35
    0 0.000000 0.000000 0.000000 0.000000 0.000000 -1.570796
    1 0.000000 0.000000 0.000000 0.000000 0.000000 0.000000
    2 0.000000 0.000000 0.000000 0.000000 0.000000 0.000000
    3 0.000000 0.000000 0.000000 0.000000 0.000000 0.000000
    4 0.000000 0.000000 0.000000 0.000000 0.000000 0.000000
    5 0.000000 0.000000 0.000000 0.000000 0.000000 0.000000
    6 0.000000 0.000000 0.000000 0.000000 0.000000 0.000000
    7 0.000000 0.000000 0.000000 0.000000 0.000000 0.000000
    8 -1.453169 -0.261727 0.699240 0.111707 0.081669 -0.072023
    9 0.000000 0.000000 0.000000 0.022655 -0.005464 -0.028242
    10 0.000000 0.000000 0.000000 0.000000 0.000000 0.000000
    11 0.000000 0.000000 0.000000 0.000000 0.000000 0.000000
    12 0.000000 0.000000 0.000000 0.000000 0.000000 0.000000
    13 0.000000 0.000000 0.000000 -0.008326 0.000000 0.000000
    14 0.000000 0.000000 0.000000 -0.000060 0.000000 -0.052702
    15 0.000000 0.000000 0.000000 0.000000 0.000000 0.000000
    16 0.000000 0.000000 0.000000 0.000000 0.000000 0.000000
    17 0.000000 0.000000 0.000000 0.000000 0.000000 0.000000
    18 0.000000 0.000000 0.000000 0.000000 0.000000 0.000000
    19 0.000000 0.000000 0.000000 0.002217 0.000024 -0.000024
    20 0.046876 0.011719 0.000000 0.000000 0.000000 0.026349
    21 0.000000 0.000000 0.000000 -0.039252 -0.175819 -0.010983
    22 0.000000 0.000000 0.000000 0.000000 0.000000 0.000000
    23 0.000000 0.000000 0.000000 0.000000 0.000000 0.000000
    24 0.000000 0.000000 0.000000 0.000000 0.000000 0.000000
    25 0.000000 0.000000 0.000000 0.000000 0.000000 0.000000
    26 0.000000 0.000000 0.000000 0.000000 0.000000 0.000000
    27 0.000000 0.000000 0.000000 0.000000 0.000000 0.000000
    28 0.000000 0.000000 0.000000 0.000000 0.000000 0.000000
    29 0.000000 0.000000 0.000000 0.000000 0.000000 0.000000
    30 0.000000 0.000000 0.000000 0.000000 0.000000 0.000000
    31 0.000000 0.000000 0.000000 0.000000 0.000000 0.000000
    32 0.000000 0.000000 0.000000 0.000000 0.000000 0.000000
    33 0.000000 0.000000 0.000000 0.000000 0.000000 0.000000
    34 0.000000 0.000000 0.000000 0.000000 0.000000 0.000000
    35 0.000000 0.000000 0.000000 0.000000 0.000000 0.000000
    36 0.000000 0.000000 0.000000 0.000000 0.000000 0.000000
    37 0.000000 0.000000 0.000000 0.000000 0.000000 0.000000
    38 0.000000 0.000000 0.000000 0.000000 0.000000 0.000000
    39 0.000000 0.000000 0.000000 0.000000 0.000000 0.000000
    40 0.000000 0.000000 0.000000 0.000000 0.000000 0.000000
    41 0.000000 0.000000 0.000000 0.000000 0.000000 0.000000
    42 0.000000 0.000000 0.000000 0.000000 0.000000 0.000000
    43 0.000000 0.000000 0.000000 0.000000 0.000000 0.000000
    44 0.000000 0.000000 0.000000 0.000000 0.000000 0.000000
    45 0.000000 0.000000 0.000000 0.000000 0.000000 0.000000
    46 0.000000 0.000000 0.000000 0.000000 0.000000 0.000000
    47 0.000000 0.000000 0.000000 0.000000 0.000000 0.000000
    48 0.000000 0.000000 0.000000 0.000000 0.000000 0.000000
    49 0.000000 0.000000 0.000000 0.000000 0.000000 0.000000
    50 0.000000 0.000000 0.000000 0.000000 0.000000 0.000000
    51 0.000000 0.000000 0.000000 0.000000 0.000000 0.000000
    52 0.000000 0.000000 0.000000 0.000000 0.000000 0.000000
    53 0.000000 0.000000 0.000000 0.000000 0.000000 0.000000
    54 0.000000 0.000000 0.000000 0.000000 0.000000 0.000000
    55 0.000000 0.000000 0.000000 0.000000 0.000000 0.000000
    56 0.000000 0.000000 0.000000 0.000000 0.000000 0.000000
    57 0.000000 0.000000 0.000000 0.000000 0.000000 0.000000
    58 0.000000 0.000000 0.000000 0.000000 0.000000 0.000000
    59 0.000000 0.000000 0.000000 0.000000 0.000000 0.000000
    60 0.000000 0.000000 0.000000 0.000000 0.000000 0.000000
    61 0.000000 0.000000 0.000000 0.000000 0.000000 0.000000
    62 0.000000 0.000000 0.000000 0.000000 0.000000 0.000000
    63 0.000000 0.000000 0.000000 0.000000 0.000000 0.000000
    64 0.000000 0.000000 0.000000 0.000000 0.000000 0.000000
    65 0.000000 0.000000 0.000000 0.000000 0.000000 0.000000
    66 0.000000 0.000000 0.000000 0.000000 0.000000 0.000000
    67 0.000000 0.000000 0.000000 0.000000 0.000000 0.000000
    68 0.000000 0.000000 0.000000 0.000000 0.000000 0.000000
    69 0.000000 0.000000 0.000000 0.000000 0.000000 0.000000
    70 0.000000 0.000000 0.000000 0.000000 0.000000 0.000000
    71 0.000000 0.000000 0.000000 0.000000 0.000000 0.000000
    72 0.000000 0.000000 0.000000 0.000000 0.000000 0.000000
    73 0.000000 0.000000 0.000000 0.000000 0.000000 0.000000
    74 0.000000 0.000000 0.000000 0.000000 0.000000 0.000000
    75 0.000000 0.000000 0.000000 0.000000 0.000000 0.000000
    76 0.000000 0.000000 0.000000 0.000000 0.000000 0.000000
    77 0.000000 0.000000 0.000000 0.000000 0.000000 0.000000
    78 0.000000 0.000000 0.000000 0.000000 0.000000 0.000000
    79 0.000000 0.000000 0.000000 0.000000 0.000000 0.000000
    80 0.000000 0.000000 0.000000 0.000000 0.000000 0.000000
    81 0.000000 0.000000 0.000000 0.000000 0.000000 0.000000
    82 0.000000 0.000000 0.000000 0.000000 0.000000 0.000000
    83 0.000000 0.000000 0.000000 0.000000 0.000000 0.000000
    84 0.000000 0.000000 0.000000 0.000000 0.000000 0.000000
    85 0.000000 0.000000 0.000000 0.000000 0.000000 0.000000
    86 0.000000 0.000000 0.000000 0.000000 0.000000 0.000000
    87 0.000000 0.000000 0.000000 0.000000 0.000000 0.000000
    88 0.000000 0.000000 0.000000 0.000000 0.000000 0.000000
    89 0.000000 0.000000 0.000000 0.000000 0.000000 0.000000
    90 0.000000 0.000000 0.000000 0.000000 0.000000 0.000000
    91 0.000000 0.000000 0.000000 0.000000 0.000000 0.000000
    92 0.000000 0.000000 0.000000 0.000000 0.000000 0.000000
    93 0.000000 0.000000 0.000000 0.000000 0.000000 0.000000
    94 0.000000 0.000000 0.000000 0.000000 0.000000 0.000000
    95 0.000000 0.000000 0.000000 0.000000 0.000000 0.000000
    96 0.000000 0.000000 0.000000 0.000000 0.000000 0.000000
    97 0.000000 0.000000 0.000000 0.000000 0.000000 0.000000
    98 0.000000 0.000000 0.000000 0.000000 0.000000 0.000000
    99 0.000000 0.000000 0.000000 0.000000 0.000000 0.000000
    100 0.000000 0.000000 0.000000 0.000000 0.000000 0.000000
    101 0.000000 0.000000 0.000000 0.000000 0.000000 0.000000
    102 0.000000 0.000000 0.000000 0.000000 0.000000 0.000000
    103 0.000000 0.000000 0.000000 0.000000 0.000000 0.000000
    104 0.000000 0.000000 0.000000 0.000000 0.000000 0.000000
    105 0.000000 0.000000 0.000000 0.000000 0.000000 0.000000
    106 0.000000 0.000000 0.000000 0.000000 0.000000 0.000000
    107 0.000000 0.000000 0.000000 0.000000 0.000000 0.000000
    108 0.000000 0.000000 0.000000 0.000000 0.000000 0.000000
    109 0.000000 0.000000 0.000000 0.000000 0.000000 0.000000
    110 0.000000 0.000000 0.000000 0.000000 0.000000 0.000000
    111 0.000000 0.000000 0.000000 0.000000 0.000000 -1.570796
    112 -0.238289 0.882839 0.664083 -0.114377 -0.010752 -1.461614
    113 0.000000 0.000000 0.000000 0.000000 0.000000 0.000000
    114 0.000000 0.000000 0.000000 0.000000 0.000000 -1.570796
    115 0.000000 0.000000 0.000000 0.000000 0.000000 0.000000
    116 0.000000 0.000000 0.000000 0.000000 0.000000 0.000000
    117 0.000000 0.000000 0.000000 0.000000 0.000000 0.000000
    118 0.000000 0.000000 0.000000 0.000000 0.000000 0.000000
    119 0.000000 0.000000 0.000000 0.000000 0.000000 0.000000
    120 0.000000 0.000000 0.000000 0.000000 0.000000 0.000000
    121 0.000000 0.000000 0.000000 0.000000 0.000000 0.000000
    122 0.000000 0.000000 0.000000 0.000000 0.000000 0.000000
    123 0.000000 0.000000 0.000000 0.000000 0.000000 0.000000
    124 0.000000 0.000000 0.000000 0.000000 0.000000 0.000000
    125 0.000000 0.000000 0.000000 0.000000 0.000000 0.000000
    126 0.000000 0.000000 0.000000 0.000000 0.000000 0.000000
    127 0.000000 0.000000 0.000000 0.000000 0.000000 0.000000
    128 0.000000 0.000000 0.000000 0.000000 0.000000 0.000000
    129 0.000000 0.000000 0.000000 0.000000 0.000000 0.000000
    130 0.000000 0.000000 0.000000 0.000000 0.000000 0.000000
    131 0.000000 0.000000 0.000000 0.000000 0.000000 0.000000
    132 0.000000 0.000000 0.000000 0.000000 0.000000 0.000000
    133 0.000000 0.000000 0.000000 0.000000 0.000000 0.000000
    134 0.000000 0.000000 0.000000 0.000000 0.000000 0.000000
    135 0.000000 0.000000 0.000000 0.000000 0.000000 0.000000
    136 0.000000 0.000000 0.000000 0.000000 0.000000 0.000000
    137 0.000000 0.000000 0.000000 0.000000 0.000000 0.000000
    138 0.000000 0.000000 0.000000 0.000000 0.000000 0.000000
    139 0.000000 0.000000 0.000000 0.000000 0.000000 0.000000
    140 0.000000 0.000000 0.000000 0.000000 0.000000 0.000000
    141 0.000000 0.000000 0.000000 0.000000 0.000000 0.000000
    142 0.000000 0.000000 0.000000 0.000000 0.000000 0.000000
    143 0.000000 0.000000 0.000000 0.000000 0.000000 0.000000
    144 0.000000 0.000000 0.000000 0.000000 0.000000 0.000000
    145 0.000000 0.000000 0.000000 0.000000 0.000000 0.000000
    146 0.000000 0.000000 0.000000 0.000000 0.000000 0.000000
    147 0.000000 0.000000 0.000000 0.000000 0.000000 0.000000
    148 0.000000 0.000000 0.000000 0.000000 0.000000 0.000000
    149 0.000000 0.000000 0.000000 0.000000 0.000000 0.000000
    150 0.000000 0.000000 0.000000 0.000000 0.000000 0.000000
    151 0.000000 0.000000 0.000000 0.000000 0.000000 0.000000
    152 0.000000 0.000000 0.000000 0.000000 0.000000 0.000000
    153 0.000000 0.000000 0.000000 0.000000 0.000000 0.000000
    154 0.000000 0.000000 0.000000 0.000000 0.000000 0.000000
    155 0.000000 0.000000 0.000000 0.000000 0.000000 0.000000
    156 0.000000 0.000000 0.000000 0.000000 0.000000 0.000000
    157 0.000000 0.000000 0.000000 0.000000 0.000000 0.000000
    158 0.000000 0.000000 0.000000 0.000000 0.000000 0.000000
    159 0.000000 0.000000 0.000000 0.000000 0.000000 0.000000
    160 0.000000 0.000000 0.000000 0.000000 0.000000 0.000000
    161 0.000000 0.000000 0.000000 0.000000 0.000000 0.000000
    162 0.000000 0.000000 0.000000 0.000000 0.000000 0.000000
    163 0.000000 0.000000 0.000000 0.000000 0.000000 0.000000
    164 0.000000 0.000000 0.000000 0.000000 0.000000 0.000000
    165 0.000000 0.000000 0.000000 0.000000 0.000000 0.000000
    166 0.000000 0.000000 0.000000 0.000000 0.000000 0.000000
    167 0.000000 0.000000 0.000000 0.000000 0.000000 0.000000
    168 0.000000 0.000000 0.000000 0.000000 0.000000 0.000000
    169 0.000000 0.000000 0.000000 0.000000 0.000000 0.000000
    170 0.000000 0.000000 0.000000 0.000000 0.000000 0.000000
    171 0.000000 0.000000 0.000000 0.000000 0.000000 0.000000
    172 0.000000 0.000000 0.000000 0.000000 0.000000 0.000000
    173 0.000000 0.000000 0.000000 0.000000 0.000000 0.000000
    174 0.000000 0.000000 0.000000 0.000000 0.000000 0.000000
    175 0.000000 0.000000 0.000000 0.000000 0.000000 0.000000
    176 0.000000 0.000000 0.000000 0.000000 0.000000 0.000000
    177 0.000000 0.000000 0.000000 0.000000 0.000000 0.000000
    178 0.000000 0.000000 0.000000 0.000000 0.000000 0.000000
    179 0.000000 0.000000 0.000000 0.000000 0.000000 0.000000
    180 0.000000 0.000000 0.000000 0.000000 0.000000 0.000000
    181 0.000000 0.000000 0.000000 0.000000 0.000000 0.000000
    182 0.000000 0.000000 0.000000 0.000000 0.000000 0.000000
    183 0.000000 0.000000 0.000000 0.000000 0.000000 0.000000
    184 0.000000 0.000000 0.000000 0.000000 0.000000 0.000000
    185 0.000000 0.000000 0.000000 0.000000 0.000000 0.000000
    186 0.000000 0.000000 0.000000 0.000000 0.000000 0.000000
    187 0.000000 0.000000 0.000000 0.000000 0.000000 0.000000
    188 0.000000 0.000000 0.000000 0.000000 0.000000 0.000000
    189 0.000000 0.000000 0.000000 0.000000 0.000000 0.000000
    190 0.000000 0.000000 0.000000 0.000000 0.000000 0.000000
    191 0.000000 0.000000 0.000000 0.001104 0.000000 0.000000
    192 0.000000 0.000000 0.000000 0.000000 0.000000 0.000000
    193 0.000000 0.000000 0.000000 0.000000 0.000000 0.000000
    194 0.000000 0.000000 0.000000 0.000000 0.000000 0.000000
    195 0.000000 0.000000 0.000000 0.000000 0.000000 0.000000
    196 0.000000 0.000000 0.000000 0.000000 0.000000 0.000000
    197 0.000000 0.000000 0.000000 0.000000 0.000000 0.000000
    198 0.000000 0.000000 0.000000 0.000000 0.000000 0.000000
    199 0.000000 0.000000 0.000000 0.000000 0.000000 0.000000
    200 0.000000 0.000000 0.000000 0.000000 0.000000 0.000000
    201 0.000000 0.000000 0.000000 0.000000 0.000000 0.000000
    202 0.000000 0.000000 0.000000 0.000000 0.000000 0.000000
    203 0.000000 0.000000 0.000000 0.000000 0.000000 0.000000
    204 0.000000 0.000000 0.000000 0.000000 0.000000 0.000000
    205 0.000000 0.000000 0.000000 0.000000 0.000000 0.000000
    206 0.000000 0.000000 0.000000 0.000000 0.000000 0.000000
    207 0.000000 0.000000 0.000000 0.000000 0.000000 0.000000
    208 0.000000 0.000000 0.000000 0.000000 0.000000 0.000000
    209 0.000000 0.000000 0.000000 0.000000 0.000000 0.000000
    210 0.000000 0.000000 0.000000 0.000000 0.000000 0.000000
    211 0.000000 0.000000 0.000000 0.000000 0.000000 0.000000
    212 0.000000 0.000000 0.000000 0.000000 0.000000 0.000000
    213 0.000000 0.000000 0.000000 0.000000 0.000000 0.000000
    214 0.000000 0.000000 0.000000 0.000000 0.000000 0.000000
    215 0.000000 0.000000 0.000000 0.000000 0.000000 0.000000
    216 0.000000 0.000000 0.000000 0.000000 0.000000 0.000000
    217 0.000000 0.000000 0.000000 0.000000 0.000000 0.000000
    218 0.000000 0.000000 0.000000 0.000000 0.000000 0.000000
    219 0.000000 0.000000 0.000000 0.000000 0.000000 0.000000
    220 0.000000 0.000000 0.000000 0.000000 0.000000 0.000000
    221 0.000000 0.000000 0.000000 0.000000 0.000000 0.000000
    222 0.000000 0.000000 0.000000 0.000000 0.000000 0.000000
    223 0.000000 0.000000 0.000000 0.000000 0.000000 0.000000
    224 0.000000 0.000000 0.000000 0.000000 0.000000 0.000000
    225 0.000000 0.000000 0.000000 0.000000 0.000000 0.000000
    226 0.000000 0.000000 0.000000 0.000000 0.000000 0.000000
    227 -0.937529 0.847682 0.777367 -0.114377 -0.010751 0.109182
    228 0.000000 0.000000 0.000000 0.000000 0.000000 0.000000
    229 0.000000 0.000000 0.000000 0.000000 0.000000 0.000000
    230 0.000000 0.000000 0.000000 0.002469 0.000000 0.000000
    231 0.000000 0.000000 0.000000 0.000000 0.000000 0.000000
    232 0.000000 0.000000 0.000000 0.000000 0.000000 0.000000
    233 0.000000 0.000000 0.000000 0.000000 0.000000 0.000000
    234 1.007843 0.906278 0.832057 -0.114361 -0.010727 -1.461694
    235 0.000000 0.000000 0.000000 0.000000 0.000000 0.000000
    236 0.000000 0.000000 0.000000 0.000000 0.000000 0.000000
    237 0.000000 0.000000 0.000000 0.000000 0.000000 0.000000
    238 0.000000 0.000000 0.000000 0.000000 0.000000 0.000000
    239 0.000000 0.000000 0.000000 0.000000 0.000000 0.000000
    240 0.000000 0.000000 0.000000 0.000000 0.000000 0.000000
    241 0.000000 0.000000 0.000000 0.000000 0.000000 0.000000
    242 0.000000 0.000000 0.000000 0.000000 0.000000 0.000000
    243 0.000000 0.000000 0.000000 0.000000 0.000000 0.000000
    244 0.000000 0.000000 0.000000 0.000000 0.000000 0.000000
    245 0.000000 0.000000 0.000000 0.000000 0.000000 0.000000
    246 0.000000 0.000000 0.000000 0.000000 0.000000 -1.570796
  time 36
    0 0.000000 0.000000 0.000000 0.000000 0.000000 -1.570796
    1 0.000000 0.000000 0.000000 0.000000 0.000000 0.000000
    2 0.000000 0.000000 0.000000 0.000000 0.000000 0.000000
    3 0.000000 0.000000 0.000000 0.000000 0.000000 0.000000
    4 0.000000 0.000000 0.000000 0.000000 0.000000 0.000000
    5 0.000000 0.000000 0.000000 0.000000 0.000000 0.000000
    6 0.000000 0.000000 0.000000 0.000000 0.000000 0.000000
    7 0.000000 0.000000 0.000000 0.000000 0.000000 0.000000
    8 -1.550829 -0.199225 0.437513 0.132876 0.094675 -0.059955
    9 0.000000 0.000000 0.000000 0.027053 -0.006105 -0.043839
    10 0.000000 0.000000 0.000000 0.000000 0.000000 0.000000
    11 0.000000 0.000000 0.000000 0.000000 0.000000 0.000000
    12 0.000000 0.000000 0.000000 0.000000 0.000000 0.000000
    13 0.000000 0.000000 0.000000 -0.007052 0.000000 0.000000
    14 0.000000 0.000000 0.000000 -0.000060 0.000000 -0.033294
    15 0.000000 0.000000 0.000000 0.000000 0.000000 0.000000
    16 0.000000 0.000000 0.000000 0.000000 0.000000 0.000000
    17 0.000000 0.000000 0.000000 0.000000 0.000000 0.000000
    18 0.000000 0.000000 0.000000 0.000000 0.000000 0.000000
    19 0.000000 0.000000 0.000000 0.017989 0.000000 -0.000060
    20 0.035157 0.007813 0.000000 0.000000 0.000000 0.016698
    21 0.000000 0.000000 0.000000 -0.061119 -0.178725 -0.030253
    22 0.000000 0.000000 0.000000 0.000000 0.000000 0.000000
    23 0.000000 0.000000 0.000000 0.000000 0.000000 0.000000
    24 0.000000 0.000000 0.000000 0.000000 0.000000 0.000000
    25 0.000000 0.000000 0.000000 0.000000 0.000000 0.000000
    26 0.000000 0.000000 0.000000 0.000000 0.000000 0.000000
    27 0.000000 0.000000 0.000000 0.000000 0.000000 0.000000
    28 0.000000 0.000000 0.000000 0.000000 0.000000 0.000000
    29 0.000000 0.000000 0.000000 0.000000 0.000000 0.000000
    30 0.000000 0.000000 0.000000 0.000000 0.000000 0.000000
    31 0.000000 0.000000 0.000000 0.000000 0.000000 0.000000
    32 0.000000 0.000000 0.000000 0.000000 0.000000 0.000000
    33 0.000000 0.000000 0.000000 0.000000 0.000000 0.000000
    34 0.000000 0.000000 0.000000 0.000000 0.000000 0.000000
    35 0.000000 0.000000 0.000000 0.000000 0.000000 0.000000
    36 0.000000 0.000000 0.000000 0.000000 0.000000 0.000000
    37 0.000000 0.000000 0.000000 0.000000 0.000000 0.000000
    38 0.000000 0.000000 0.000000 0.000000 0.000000 0.000000
    39 0.000000 0.000000 0.000000 0.000000 0.000000 0.000000
    40 0.000000 0.000000 0.000000 0.000000 0.000000 0.000000
    41 0.000000 0.000000 0.000000 0.000000 0.000000 0.000000
    42 0.000000 0.000000 0.000000 0.000000 0.000000 0.000000
    43 0.000000 0.000000 0.000000 0.000000 0.000000 0.000000
    44 0.000000 0.000000 0.000000 0.000000 0.000000 0.000000
    45 0.000000 0.000000 0.000000 0.000000 0.000000 0.000000
    46 0.000000 0.000000 0.000000 0.000000 0.000000 0.000000
    47 0.000000 0.000000 0.000000 0.000000 0.000000 0.000000
    48 0.000000 0.000000 0.000000 0.000000 0.000000 0.000000
    49 0.000000 0.000000 0.000000 0.000000 0.000000 0.000000
    50 0.000000 0.000000 0.000000 0.000000 0.000000 0.000000
    51 0.000000 0.000000 0.000000 0.000000 0.000000 0.000000
    52 0.000000 0.000000 0.000000 0.000000 0.000000 0.000000
    53 0.000000 0.000000 0.000000 0.000000 0.000000 0.000000
    54 0.000000 0.000000 0.000000 0.000000 0.000000 0.000000
    55 0.000000 0.000000 0.000000 0.000000 0.000000 0.000000
    56 0.000000 0.000000 0.000000 0.000000 0.000000 0.000000
    57 0.000000 0.000000 0.000000 0.000000 0.000000 0.000000
    58 0.000000 0.000000 0.000000 0.000000 0.000000 0.000000
    59 0.000000 0.000000 0.000000 0.000000 0.000000 0.000000
    60 0.000000 0.000000 0.000000 0.000000 0.000000 0.000000
    61 0.000000 0.000000 0.000000 0.000000 0.000000 0.000000
    62 0.000000 0.000000 0.000000 0.000000 0.000000 0.000000
    63 0.000000 0.000000 0.000000 0.000000 0.000000 0.000000
    64 0.000000 0.000000 0.000000 0.000000 0.000000 0.000000
    65 0.000000 0.000000 0.000000 0.000000 0.000000 0.000000
    66 0.000000 0.000000 0.000000 0.000000 0.000000 0.000000
    67 0.000000 0.000000 0.000000 0.000000 0.000000 0.000000
    68 0.000000 0.000000 0.000000 0.000000 0.000000 0.000000
    69 0.000000 0.000000 0.000000 0.000000 0.000000 0.000000
    70 0.000000 0.000000 0.000000 0.000000 0.000000 0.000000
    71 0.000000 0.000000 0.000000 0.000000 0.000000 0.000000
    72 0.000000 0.000000 0.000000 0.000000 0.000000 0.000000
    73 0.000000 0.000000 0.000000 0.000000 0.000000 0.000000
    74 0.000000 0.000000 0.000000 0.000000 0.000000 0.000000
    75 0.000000 0.000000 0.000000 0.000000 0.000000 0.000000
    76 0.000000 0.000000 0.000000 0.000000 0.000000 0.000000
    77 0.000000 0.000000 0.000000 0.000000 0.000000 0.000000
    78 0.000000 0.000000 0.000000 0.000000 0.000000 0.000000
    79 0.000000 0.000000 0.000000 0.000000 0.000000 0.000000
    80 0.000000 0.000000 0.000000 0.000000 0.000000 0.000000
    81 0.000000 0.000000 0.000000 0.000000 0.000000 0.000000
    82 0.000000 0.000000 0.000000 0.000000 0.000000 0.000000
    83 0.000000 0.000000 0.000000 0.000000 0.000000 0.000000
    84 0.000000 0.000000 0.000000 0.000000 0.000000 0.000000
    85 0.000000 0.000000 0.000000 0.000000 0.000000 0.000000
    86 0.000000 0.000000 0.000000 0.000000 0.000000 0.000000
    87 0.000000 0.000000 0.000000 0.000000 0.000000 0.000000
    88 0.000000 0.000000 0.000000 0.000000 0.000000 0.000000
    89 0.000000 0.000000 0.000000 0.000000 0.000000 0.000000
    90 0.000000 0.000000 0.000000 0.000000 0.000000 0.000000
    91 0.000000 0.000000 0.000000 0.000000 0.000000 0.000000
    92 0.000000 0.000000 0.000000 0.000000 0.000000 0.000000
    93 0.000000 0.000000 0.000000 0.000000 0.000000 0.000000
    94 0.000000 0.000000 0.000000 0.000000 0.000000 0.000000
    95 0.000000 0.000000 0.000000 0.000000 0.000000 0.000000
    96 0.000000 0.000000 0.000000 0.000000 0.000000 0.000000
    97 0.000000 0.000000 0.000000 0.000000 0.000000 0.000000
    98 0.000000 0.000000 0.000000 0.000000 0.000000 0.000000
    99 0.000000 0.000000 0.000000 0.000000 0.000000 0.000000
    100 0.000000 0.000000 0.000000 0.000000 0.000000 0.000000
    101 0.000000 0.000000 0.000000 0.000000 0.000000 0.000000
    102 0.000000 0.000000 0.000000 0.000000 0.000000 0.000000
    103 0.000000 0.000000 0.000000 0.000000 0.000000 0.000000
    104 0.000000 0.000000 0.000000 0.000000 0.000000 0.000000
    105 0.000000 0.000000 0.000000 0.000000 0.000000 0.000000
    106 0.000000 0.000000 0.000000 0.000000 0.000000 0.000000
    107 0.000000 0.000000 0.000000 0.000000 0.000000 0.000000
    108 0.000000 0.000000 0.000000 0.000000 0.000000 0.000000
    109 0.000000 0.000000 0.000000 0.000000 0.000000 0.000000
    110 0.000000 0.000000 0.000000 0.000000 0.000000 0.000000
    111 0.000000 0.000000 0.000000 0.000000 0.000000 -1.570796
    112 -0.296884 0.886746 0.597674 -0.138406 -0.022393 -1.463012
    113 0.000000 0.000000 0.000000 0.000000 0.000000 0.000000
    114 0.000000 0.000000 0.000000 0.000000 0.000000 -1.570796
    115 0.000000 0.000000 0.000000 0.000000 0.000000 0.000000
    116 0.000000 0.000000 0.000000 0.000000 0.000000 0.000000
    117 0.000000 0.000000 0.000000 0.000000 0.000000 0.000000
    118 0.000000 0.000000 0.000000 0.000000 0.000000 0.000000
    119 0.000000 0.000000 0.000000 0.000000 0.000000 0.000000
    120 0.000000 0.000000 0.000000 0.000000 0.000000 0.000000
    121 0.000000 0.000000 0.000000 0.000000 0.000000 0.000000
    122 0.000000 0.000000 0.000000 0.000000 0.000000 0.000000
    123 0.000000 0.000000 0.000000 0.000000 0.000000 0.000000
    124 0.000000 0.000000 0.000000 0.000000 0.000000 0.000000
    125 0.000000 0.000000 0.000000 0.000000 0.000000 0.000000
    126 0.000000 0.000000 0.000000 0.000000 0.000000 0.000000
    127 0.000000 0.000000 0.000000 0.000000 0.000000 0.000000
    128 0.000000 0.000000 0.000000 0.000000 0.000000 0.000000
    129 0.000000 0.000000 0.000000 0.000000 0.000000 0.000000
    130 0.000000 0.000000 0.000000 0.000000 0.000000 0.000000
    131 0.000000 0.000000 0.000000 0.000000 0.000000 0.000000
    132 0.000000 0.000000 0.000000 0.000000 0.000000 0.000000
    133 0.000000 0.000000 0.000000 0.000000 0.000000 0.000000
    134 0.000000 0.000000 0.000000 0.000000 0.000000 0.000000
    135 0.000000 0.000000 0.000000 0.000000 0.000000 0.000000
    136 0.000000 0.000000 0.000000 0.000000 0.000000 0.000000
    137 0.000000 0.000000 0.000000 0.000000 0.000000 0.000000
    138 0.000000 0.000000 0.000000 0.000000 0.000000 0.000000
    139 0.000000 0.000000 0.000000 0.000000 0.000000 0.000000
    140 0.000000 0.000000 0.000000 0.000000 0.000000 0.000000
    141 0.000000 0.000000 0.000000 0.000000 0.000000 0.000000
    142 0.000000 0.000000 0.000000 0.000000 0.000000 0.000000
    143 0.000000 0.000000 0.000000 0.000000 0.000000 0.000000
    144 0.000000 0.000000 0.000000 0.000000 0.000000 0.000000
    145 0.000000 0.000000 0.000000 0.000000 0.000000 0.000000
    146 0.000000 0.000000 0.000000 0.000000 0.000000 0.000000
    147 0.000000 0.000000 0.000000 0.000000 0.000000 0.000000
    148 0.000000 0.000000 0.000000 0.000000 0.000000 0.000000
    149 0.000000 0.000000 0.000000 0.000000 0.000000 0.000000
    150 0.000000 0.000000 0.000000 0.000000 0.000000 0.000000
    151 0.000000 0.000000 0.000000 0.000000 0.000000 0.000000
    152 0.000000 0.000000 0.000000 0.000000 0.000000 0.000000
    153 0.000000 0.000000 0.000000 0.000000 0.000000 0.000000
    154 0.000000 0.000000 0.000000 0.000000 0.000000 0.000000
    155 0.000000 0.000000 0.000000 0.000000 0.000000 0.000000
    156 0.000000 0.000000 0.000000 0.000000 0.000000 0.000000
    157 0.000000 0.000000 0.000000 0.000000 0.000000 0.000000
    158 0.000000 0.000000 0.000000 0.000000 0.000000 0.000000
    159 0.000000 0.000000 0.000000 0.000000 0.000000 0.000000
    160 0.000000 0.000000 0.000000 0.000000 0.000000 0.000000
    161 0.000000 0.000000 0.000000 0.000000 0.000000 0.000000
    162 0.000000 0.000000 0.000000 0.000000 0.000000 0.000000
    163 0.000000 0.000000 0.000000 0.000000 0.000000 0.000000
    164 0.000000 0.000000 0.000000 0.000000 0.000000 0.000000
    165 0.000000 0.000000 0.000000 0.000000 0.000000 0.000000
    166 0.000000 0.000000 0.000000 0.000000 0.000000 0.000000
    167 0.000000 0.000000 0.000000 0.000000 0.000000 0.000000
    168 0.000000 0.000000 0.000000 0.000000 0.000000 0.000000
    169 0.000000 0.000000 0.000000 0.000000 0.000000 0.000000
    170 0.000000 0.000000 0.000000 0.000000 0.000000 0.000000
    171 0.000000 0.000000 0.000000 0.000000 0.000000 0.000000
    172 0.000000 0.000000 0.000000 0.000000 0.000000 0.000000
    173 0.000000 0.000000 0.000000 0.000000 0.000000 0.000000
    174 0.000000 0.000000 0.000000 0.000000 0.000000 0.000000
    175 0.000000 0.000000 0.000000 0.000000 0.000000 0.000000
    176 0.000000 0.000000 0.000000 0.000000 0.000000 0.000000
    177 0.000000 0.000000 0.000000 0.000000 0.000000 0.000000
    178 0.000000 0.000000 0.000000 0.000000 0.000000 0.000000
    179 0.000000 0.000000 0.000000 0.000000 0.000000 0.000000
    180 0.000000 0.000000 0.000000 0.000000 0.000000 0.000000
    181 0.000000 0.000000 0.000000 0.000000 0.000000 0.000000
    182 0.000000 0.000000 0.000000 0.000000 0.000000 0.000000
    183 0.000000 0.000000 0.000000 0.000000 0.000000 0.000000
    184 0.000000 0.000000 0.000000 0.000000 0.000000 0.000000
    185 0.000000 0.000000 0.000000 0.000000 0.000000 0.000000
    186 0.000000 0.000000 0.000000 0.000000 0.000000 0.000000
    187 0.000000 0.000000 0.000000 0.000000 0.000000 0.000000
    188 0.000000 0.000000 0.000000 0.000000 0.000000 0.000000
    189 0.000000 0.000000 0.000000 0.000000 0.000000 0.000000
    190 0.000000 0.000000 0.000000 0.000000 0.000000 0.000000
    191 0.000000 0.000000 0.000000 0.009034 0.000000 0.000000
    192 0.000000 0.000000 0.000000 0.000000 0.000000 0.000000
    193 0.000000 0.000000 0.000000 0.000000 0.000000 0.000000
    194 0.000000 0.000000 0.000000 0.000000 0.000000 0.000000
    195 0.000000 0.000000 0.000000 0.000000 0.000000 0.000000
    196 0.000000 0.000000 0.000000 0.000000 0.000000 0.000000
    197 0.000000 0.000000 0.000000 0.000000 0.000000 0.000000
    198 0.000000 0.000000 0.000000 0.000000 0.000000 0.000000
    199 0.000000 0.000000 0.000000 0.000000 0.000000 0.000000
    200 0.000000 0.000000 0.000000 0.000000 0.000000 0.000000
    201 0.000000 0.000000 0.000000 0.000000 0.000000 0.000000
    202 0.000000 0.000000 0.000000 0.000000 0.000000 0.000000
    203 0.000000 0.000000 0.000000 0.000000 0.000000 0.000000
    204 0.000000 0.000000 0.000000 0.000000 0.000000 0.000000
    205 0.000000 0.000000 0.000000 0.000000 0.000000 0.000000
    206 0.000000 0.000000 0.000000 0.000000 0.000000 0.000000
    207 0.000000 0.000000 0.000000 0.000000 0.000000 0.000000
    208 0.000000 0.000000 0.000000 0.000000 0.000000 0.000000
    209 0.000000 0.000000 0.000000 0.000000 0.000000 0.000000
    210 0.000000 0.000000 0.000000 0.000000 0.000000 0.000000
    211 0.000000 0.000000 0.000000 0.000000 0.000000 0.000000
    212 0.000000 0.000000 0.000000 0.000000 0.000000 0.000000
    213 0.000000 0.000000 0.000000 0.000000 0.000000 0.000000
    214 0.000000 0.000000 0.000000 0.000000 0.000000 0.000000
    215 0.000000 0.000000 0.000000 0.000000 0.000000 0.000000
    216 0.000000 0.000000 0.000000 0.000000 0.000000 0.000000
    217 0.000000 0.000000 0.000000 0.000000 0.000000 0.000000
    218 0.000000 0.000000 0.000000 0.000000 0.000000 0.000000
    219 0.000000 0.000000 0.000000 0.000000 0.000000 0.000000
    220 0.000000 0.000000 0.000000 0.000000 0.000000 0.000000
    221 0.000000 0.000000 0.000000 0.000000 0.000000 0.000000
    222 0.000000 0.000000 0.000000 0.000000 0.000000 0.000000
    223 0.000000 0.000000 0.000000 0.000000 0.000000 0.000000
    224 0.000000 0.000000 0.000000 0.000000 0.000000 0.000000
    225 0.000000 0.000000 0.000000 0.000000 0.000000 0.000000
    226 0.000000 0.000000 0.000000 0.000000 0.000000 0.000000
    227 -0.937529 0.765648 0.835963 -0.138406 -0.022390 0.107783
    228 0.000000 0.000000 0.000000 0.000000 0.000000 0.000000
    229 0.000000 0.000000 0.000000 0.000000 0.000000 0.000000
    230 0.000000 0.000000 0.000000 0.003128 0.000000 0.000000
    231 0.000000 0.000000 0.000000 0.000000 0.000000 0.000000
    232 0.000000 0.000000 0.000000 0.000000 0.000000 0.000000
    233 0.000000 0.000000 0.000000 0.000000 0.000000 0.000000
    234 0.871120 0.878933 0.941435 -0.138474 -0.022392 -1.463035
    235 0.000000 0.000000 0.000000 0.000000 0.000000 0.000000
    236 0.000000 0.000000 0.000000 0.000000 0.000000 0.000000
    237 0.000000 0.000000 0.000000 0.000000 0.000000 0.000000
    238 0.000000 0.000000 0.000000 0.000000 0.000000 0.000000
    239 0.000000 0.000000 0.000000 0.000000 0.000000 0.000000
    240 0.000000 0.000000 0.000000 0.000000 0.000000 0.000000
    241 0.000000 0.000000 0.000000 0.000000 0.000000 0.000000
    242 0.000000 0.000000 0.000000 0.000000 0.000000 0.000000
    243 0.000000 0.000000 0.000000 0.000000 0.000000 0.000000
    244 0.000000 0.000000 0.000000 0.000000 0.000000 0.000000
    245 0.000000 0.000000 0.000000 0.000000 0.000000 0.000000
    246 0.000000 0.000000 0.000000 0.000000 0.000000 -1.570796
  time 37
    0 0.000000 0.000000 0.000000 0.000000 0.000000 -1.570796
    1 0.000000 0.000000 0.000000 0.000000 0.000000 0.000000
    2 0.000000 0.000000 0.000000 0.000000 0.000000 0.000000
    3 0.000000 0.000000 0.000000 0.000000 0.000000 0.000000
    4 0.000000 0.000000 0.000000 0.000000 0.000000 0.000000
    5 0.000000 0.000000 0.000000 0.000000 0.000000 0.000000
    6 0.000000 0.000000 0.000000 0.000000 0.000000 0.000000
    7 0.000000 0.000000 0.000000 0.000000 0.000000 0.000000
    8 -1.632862 -0.203131 0.000000 0.161039 0.134419 -0.038502
    9 0.000000 0.000000 0.000000 0.047796 -0.009188 -0.074481
    10 0.000000 0.000000 0.000000 0.000000 0.000000 0.000000
    11 0.000000 0.000000 0.000000 0.000000 0.000000 0.000000
    12 0.000000 0.000000 0.000000 0.000000 0.000000 0.000000
    13 0.000000 0.000000 0.000000 -0.013148 0.000000 0.000000
    14 0.000000 0.000000 0.000000 0.000000 0.000000 0.027770
    15 0.000000 0.000000 0.000000 0.000000 0.000000 0.000000
    16 0.000000 0.000000 0.000000 0.000000 0.000000 0.000000
    17 0.000000 0.000000 0.000000 0.000000 0.000000 0.000000
    18 0.000000 0.000000 0.000000 0.000000 0.000000 0.000000
    19 0.000000 0.000000 0.000000 0.028370 0.000000 -0.000060
    20 -0.027345 0.000000 0.000000 0.000000 0.000000 -0.013906
    21 0.000000 0.000000 0.000000 -0.141015 -0.183782 -0.056114
    22 0.000000 0.000000 0.000000 0.000000 0.000000 0.000000
    23 0.000000 0.000000 0.000000 0.000000 0.000000 0.000000
    24 0.000000 0.000000 0.000000 0.000000 0.000000 0.000000
    25 0.000000 0.000000 0.000000 0.000000 0.000000 0.000000
    26 0.000000 0.000000 0.000000 0.000000 0.000000 0.000000
    27 0.000000 0.000000 0.000000 0.000000 0.000000 0.000000
    28 0.000000 0.000000 0.000000 0.000000 0.000000 0.000000
    29 0.000000 0.000000 0.000000 0.000000 0.000000 0.000000
    30 0.000000 0.000000 0.000000 0.000000 0.000000 0.000000
    31 0.000000 0.000000 0.000000 0.000000 0.000000 0.000000
    32 0.000000 0.000000 0.000000 0.000000 0.000000 0.000000
    33 0.000000 0.000000 0.000000 0.000000 0.000000 0.000000
    34 0.000000 0.000000 0.000000 0.000000 0.000000 0.000000
    35 0.000000 0.000000 0.000000 0.000000 0.000000 0.000000
    36 0.000000 0.000000 0.000000 0.000000 0.000000 0.000000
    37 0.000000 0.000000 0.000000 0.000000 0.000000 0.000000
    38 0.000000 0.000000 0.000000 0.000000 0.000000 0.000000
    39 0.000000 0.000000 0.000000 0.000000 0.000000 0.000000
    40 0.000000 0.000000 0.000000 0.000000 0.000000 0.000000
    41 0.000000 0.000000 0.000000 0.000000 0.000000 0.000000
    42 0.000000 0.000000 0.000000 0.000000 0.000000 0.000000
    43 0.000000 0.000000 0.000000 0.000000 0.000000 0.000000
    44 0.000000 0.000000 0.000000 0.000000 0.000000 0.000000
    45 0.000000 0.000000 0.000000 0.000000 0.000000 0.000000
    46 0.000000 0.000000 0.000000 0.000000 0.000000 0.000000
    47 0.000000 0.000000 0.000000 0.000000 0.000000 0.000000
    48 0.000000 0.000000 0.000000 0.000000 0.000000 0.000000
    49 0.000000 0.000000 0.000000 0.000000 0.000000 0.000000
    50 0.000000 0.000000 0.000000 0.000000 0.000000 0.000000
    51 0.000000 0.000000 0.000000 0.000000 0.000000 0.000000
    52 0.000000 0.000000 0.000000 0.000000 0.000000 0.000000
    53 0.000000 0.000000 0.000000 0.000000 0.000000 0.000000
    54 0.000000 0.000000 0.000000 0.000000 0.000000 0.000000
    55 0.000000 0.000000 0.000000 0.000000 0.000000 0.000000
    56 0.000000 0.000000 0.000000 0.000000 0.000000 0.000000
    57 0.000000 0.000000 0.000000 0.000000 0.000000 0.000000
    58 0.000000 0.000000 0.000000 0.000000 0.000000 0.000000
    59 0.000000 0.000000 0.000000 0.000000 0.000000 0.000000
    60 0.000000 0.000000 0.000000 0.000000 0.000000 0.000000
    61 0.000000 0.000000 0.000000 0.000000 0.000000 0.000000
    62 0.000000 0.000000 0.000000 0.000000 0.000000 0.000000
    63 0.000000 0.000000 0.000000 0.000000 0.000000 0.000000
    64 0.000000 0.000000 0.000000 0.000000 0.000000 0.000000
    65 0.000000 0.000000 0.000000 0.000000 0.000000 0.000000
    66 0.000000 0.000000 0.000000 0.000000 0.000000 0.000000
    67 0.000000 0.000000 0.000000 0.000000 0.000000 0.000000
    68 0.000000 0.000000 0.000000 0.000000 0.000000 0.000000
    69 0.000000 0.000000 0.000000 0.000000 0.000000 0.000000
    70 0.000000 0.000000 0.000000 0.000000 0.000000 0.000000
    71 0.000000 0.000000 0.000000 0.000000 0.000000 0.000000
    72 0.000000 0.000000 0.000000 0.000000 0.000000 0.000000
    73 0.000000 0.000000 0.000000 0.000000 0.000000 0.000000
    74 0.000000 0.000000 0.000000 0.000000 0.000000 0.000000
    75 0.000000 0.000000 0.000000 0.000000 0.000000 0.000000
    76 0.000000 0.000000 0.000000 0.000000 0.000000 0.000000
    77 0.000000 0.000000 0.000000 0.000000 0.000000 0.000000
    78 0.000000 0.000000 0.000000 0.000000 0.000000 0.000000
    79 0.000000 0.000000 0.000000 0.000000 0.000000 0.000000
    80 0.000000 0.000000 0.000000 0.000000 0.000000 0.000000
    81 0.000000 0.000000 0.000000 0.000000 0.000000 0.000000
    82 0.000000 0.000000 0.000000 0.000000 0.000000 0.000000
    83 0.000000 0.000000 0.000000 0.000000 0.000000 0.000000
    84 0.000000 0.000000 0.000000 0.000000 0.000000 0.000000
    85 0.000000 0.000000 0.000000 0.000000 0.000000 0.000000
    86 0.000000 0.000000 0.000000 0.000000 0.000000 0.000000
    87 0.000000 0.000000 0.000000 0.000000 0.000000 0.000000
    88 0.000000 0.000000 0.000000 0.000000 0.000000 0.000000
    89 0.000000 0.000000 0.000000 0.000000 0.000000 0.000000
    90 0.000000 0.000000 0.000000 0.000000 0.000000 0.000000
    91 0.000000 0.000000 0.000000 0.000000 0.000000 0.000000
    92 0.000000 0.000000 0.000000 0.000000 0.000000 0.000000
    93 0.000000 0.000000 0.000000 0.000000 0.000000 0.000000
    94 0.000000 0.000000 0.000000 0.000000 0.000000 0.000000
    95 0.000000 0.000000 0.000000 0.000000 0.000000 0.000000
    96 0.000000 0.000000 0.000000 0.000000 0.000000 0.000000
    97 0.000000 0.000000 0.000000 0.000000 0.000000 0.000000
    98 0.000000 0.000000 0.000000 0.000000 0.000000 0.000000
    99 0.000000 0.000000 0.000000 0.000000 0.000000 0.000000
    100 0.000000 0.000000 0.000000 0.000000 0.000000 0.000000
    101 0.000000 0.000000 0.000000 0.000000 0.000000 0.000000
    102 0.000000 0.000000 0.000000 0.000000 0.000000 0.000000
    103 0.000000 0.000000 0.000000 0.000000 0.000000 0.000000
    104 0.000000 0.000000 0.000000 0.000000 0.000000 0.000000
    105 0.000000 0.000000 0.000000 0.000000 0.000000 0.000000
    106 0.000000 0.000000 0.000000 0.000000 0.000000 0.000000
    107 0.000000 0.000000 0.000000 0.000000 0.000000 0.000000
    108 0.000000 0.000000 0.000000 0.000000 0.000000 0.000000
    109 0.000000 0.000000 0.000000 0.000000 0.000000 0.000000
    110 0.000000 0.000000 0.000000 0.000000 0.000000 0.000000
    111 0.000000 0.000000 0.000000 0.000000 0.000000 -1.570796
    112 -0.433607 0.773461 0.296884 -0.189609 -0.025814 -1.469819
    113 0.000000 0.000000 0.000000 0.000000 0.000000 0.000000
    114 0.000000 0.000000 0.000000 0.000000 0.000000 -1.570796
    115 0.000000 0.000000 0.000000 0.000000 0.000000 0.000000
    116 0.000000 0.000000 0.000000 0.000000 0.000000 0.000000
    117 0.000000 0.000000 0.000000 0.000000 0.000000 0.000000
    118 0.000000 0.000000 0.000000 0.000000 0.000000 0.000000
    119 0.000000 0.000000 0.000000 0.000000 0.000000 0.000000
    120 0.000000 0.000000 0.000000 0.000000 0.000000 0.000000
    121 0.000000 0.000000 0.000000 0.000000 0.000000 0.000000
    122 0.000000 0.000000 0.000000 0.000000 0.000000 0.000000
    123 0.000000 0.000000 0.000000 0.000000 0.000000 0.000000
    124 0.000000 0.000000 0.000000 0.000000 0.000000 0.000000
    125 0.000000 0.000000 0.000000 0.000000 0.000000 0.000000
    126 0.000000 0.000000 0.000000 0.000000 0.000000 0.000000
    127 0.000000 0.000000 0.000000 0.000000 0.000000 0.000000
    128 0.000000 0.000000 0.000000 0.000000 0.000000 0.000000
    129 0.000000 0.000000 0.000000 0.000000 0.000000 0.000000
    130 0.000000 0.000000 0.000000 0.000000 0.000000 0.000000
    131 0.000000 0.000000 0.000000 0.000000 0.000000 0.000000
    132 0.000000 0.000000 0.000000 0.000000 0.000000 0.000000
    133 0.000000 0.000000 0.000000 0.000000 0.000000 0.000000
    134 0.000000 0.000000 0.000000 0.000000 0.000000 0.000000
    135 0.000000 0.000000 0.000000 0.000000 0.000000 0.000000
    136 0.000000 0.000000 0.000000 0.000000 0.000000 0.000000
    137 0.000000 0.000000 0.000000 0.000000 0.000000 0.000000
    138 0.000000 0.000000 0.000000 0.000000 0.000000 0.000000
    139 0.000000 0.000000 0.000000 0.000000 0.000000 0.000000
    140 0.000000 0.000000 0.000000 0.000000 0.000000 0.000000
    141 0.000000 0.000000 0.000000 0.000000 0.000000 0.000000
    142 0.000000 0.000000 0.000000 0.000000 0.000000 0.000000
    143 0.000000 0.000000 0.000000 0.000000 0.000000 0.000000
    144 0.000000 0.000000 0.000000 0.000000 0.000000 0.000000
    145 0.000000 0.000000 0.000000 0.000000 0.000000 0.000000
    146 0.000000 0.000000 0.000000 0.000000 0.000000 0.000000
    147 0.000000 0.000000 0.000000 0.000000 0.000000 0.000000
    148 0.000000 0.000000 0.000000 0.000000 0.000000 0.000000
    149 0.000000 0.000000 0.000000 0.000000 0.000000 0.000000
    150 0.000000 0.000000 0.000000 0.000000 0.000000 0.000000
    151 0.000000 0.000000 0.000000 0.000000 0.000000 0.000000
    152 0.000000 0.000000 0.000000 0.000000 0.000000 0.000000
    153 0.000000 0.000000 0.000000 0.000000 0.000000 0.000000
    154 0.000000 0.000000 0.000000 0.000000 0.000000 0.000000
    155 0.000000 0.000000 0.000000 0.000000 0.000000 0.000000
    156 0.000000 0.000000 0.000000 0.000000 0.000000 0.000000
    157 0.000000 0.000000 0.000000 0.000000 0.000000 0.000000
    158 0.000000 0.000000 0.000000 0.000000 0.000000 0.000000
    159 0.000000 0.000000 0.000000 0.000000 0.000000 0.000000
    160 0.000000 0.000000 0.000000 0.000000 0.000000 0.000000
    161 0.000000 0.000000 0.000000 0.000000 0.000000 0.000000
    162 0.000000 0.000000 0.000000 0.000000 0.000000 0.000000
    163 0.000000 0.000000 0.000000 0.000000 0.000000 0.000000
    164 0.000000 0.000000 0.000000 0.000000 0.000000 0.000000
    165 0.000000 0.000000 0.000000 0.000000 0.000000 0.000000
    166 0.000000 0.000000 0.000000 0.000000 0.000000 0.000000
    167 0.000000 0.000000 0.000000 0.000000 0.000000 0.000000
    168 0.000000 0.000000 0.000000 0.000000 0.000000 0.000000
    169 0.000000 0.000000 0.000000 0.000000 0.000000 0.000000
    170 0.000000 0.000000 0.000000 0.000000 0.000000 0.000000
    171 0.000000 0.000000 0.000000 0.000000 0.000000 0.000000
    172 0.000000 0.000000 0.000000 0.000000 0.000000 0.000000
    173 0.000000 0.000000 0.000000 0.000000 0.000000 0.000000
    174 0.000000 0.000000 0.000000 0.000000 0.000000 0.000000
    175 0.000000 0.000000 0.000000 0.000000 0.000000 0.000000
    176 0.000000 0.000000 0.000000 0.000000 0.000000 0.000000
    177 0.000000 0.000000 0.000000 0.000000 0.000000 0.000000
    178 0.000000 0.000000 0.000000 0.000000 0.000000 0.000000
    179 0.000000 0.000000 0.000000 0.000000 0.000000 0.000000
    180 0.000000 0.000000 0.000000 0.000000 0.000000 0.000000
    181 0.000000 0.000000 0.000000 0.000000 0.000000 0.000000
    182 0.000000 0.000000 0.000000 0.000000 0.000000 0.000000
    183 0.000000 0.000000 0.000000 0.000000 0.000000 0.000000
    184 0.000000 0.000000 0.000000 0.000000 0.000000 0.000000
    185 0.000000 0.000000 0.000000 0.000000 0.000000 0.000000
    186 0.000000 0.000000 0.000000 0.000000 0.000000 0.000000
    187 0.000000 0.000000 0.000000 0.000000 0.000000 0.000000
    188 0.000000 0.000000 0.000000 0.000000 0.000000 0.000000
    189 0.000000 0.000000 0.000000 0.000000 0.000000 0.000000
    190 0.000000 0.000000 0.000000 0.000000 0.000000 0.000000
    191 0.000000 0.000000 0.000000 0.014153 0.000000 0.000000
    192 0.000000 0.000000 0.000000 0.000000 0.000000 0.000000
    193 0.000000 0.000000 0.000000 0.000000 0.000000 0.000000
    194 0.000000 0.000000 0.000000 0.000000 0.000000 0.000000
    195 0.000000 0.000000 0.000000 0.000000 0.000000 0.000000
    196 0.000000 0.000000 0.000000 0.000000 0.000000 0.000000
    197 0.000000 0.000000 0.000000 0.000000 0.000000 0.000000
    198 0.000000 0.000000 0.000000 0.000000 0.000000 0.000000
    199 0.000000 0.000000 0.000000 0.000000 0.000000 0.000000
    200 0.000000 0.000000 0.000000 0.000000 0.000000 0.000000
    201 0.000000 0.000000 0.000000 0.000000 0.000000 0.000000
    202 0.000000 0.000000 0.000000 0.000000 0.000000 0.000000
    203 0.000000 0.000000 0.000000 0.000000 0.000000 0.000000
    204 0.000000 0.000000 0.000000 0.000000 0.000000 0.000000
    205 0.000000 0.000000 0.000000 0.000000 0.000000 0.000000
    206 0.000000 0.000000 0.000000 0.000000 0.000000 0.000000
    207 0.000000 0.000000 0.000000 0.000000 0.000000 0.000000
    208 0.000000 0.000000 0.000000 0.000000 0.000000 0.000000
    209 0.000000 0.000000 0.000000 0.000000 0.000000 0.000000
    210 0.000000 0.000000 0.000000 0.000000 0.000000 0.000000
    211 0.000000 0.000000 0.000000 0.000000 0.000000 0.000000
    212 0.000000 0.000000 0.000000 0.000000 0.000000 0.000000
    213 0.000000 0.000000 0.000000 0.000000 0.000000 0.000000
    214 0.000000 0.000000 0.000000 0.000000 0.000000 0.000000
    215 0.000000 0.000000 0.000000 0.000000 0.000000 0.000000
    216 0.000000 0.000000 0.000000 0.000000 0.000000 0.000000
    217 0.000000 0.000000 0.000000 0.000000 0.000000 0.000000
    218 0.000000 0.000000 0.000000 0.000000 0.000000 0.000000
    219 0.000000 0.000000 0.000000 0.000000 0.000000 0.000000
    220 0.000000 0.000000 0.000000 0.000000 0.000000 0.000000
    221 0.000000 0.000000 0.000000 0.000000 0.000000 0.000000
    222 0.000000 0.000000 0.000000 0.000000 0.000000 0.000000
    223 0.000000 0.000000 0.000000 0.000000 0.000000 0.000000
    224 0.000000 0.000000 0.000000 0.000000 0.000000 0.000000
    225 0.000000 0.000000 0.000000 0.000000 0.000000 0.000000
    226 0.000000 0.000000 0.000000 0.000000 0.000000 0.000000
    227 -0.812525 0.535173 0.570330 -0.189609 -0.025855 0.100977
    228 0.000000 0.000000 0.000000 0.000000 0.000000 0.000000
    229 0.000000 0.000000 0.000000 0.000000 0.000000 0.000000
    230 0.000000 0.000000 0.000000 0.003799 0.000000 0.000000
    231 0.000000 0.000000 0.000000 0.000000 0.000000 0.000000
    232 0.000000 0.000000 0.000000 0.000000 0.000000 0.000000
    233 0.000000 0.000000 0.000000 0.000000 0.000000 0.000000
    234 0.507828 0.734397 0.707053 -0.189583 -0.025843 -1.469836
    235 0.000000 0.000000 0.000000 0.000000 0.000000 0.000000
    236 0.000000 0.000000 0.000000 0.000000 0.000000 0.000000
    237 0.000000 0.000000 0.000000 0.000000 0.000000 0.000000
    238 0.000000 0.000000 0.000000 0.000000 0.000000 0.000000
    239 0.000000 0.000000 0.000000 0.000000 0.000000 0.000000
    240 0.000000 0.000000 0.000000 0.000000 0.000000 0.000000
    241 0.000000 0.000000 0.000000 0.000000 0.000000 0.000000
    242 0.000000 0.000000 0.000000 0.000000 0.000000 0.000000
    243 0.000000 0.000000 0.000000 0.000000 0.000000 0.000000
    244 0.000000 0.000000 0.000000 0.000000 0.000000 0.000000
    245 0.000000 0.000000 0.000000 0.000000 0.000000 0.000000
    246 0.000000 0.000000 0.000000 0.000000 0.000000 -1.570796
  time 38
    0 0.000000 0.000000 0.000000 0.000000 0.000000 -1.570796
    1 0.000000 0.000000 0.000000 0.000000 0.000000 0.000000
    2 0.000000 0.000000 0.000000 0.000000 0.000000 0.000000
    3 0.000000 0.000000 0.000000 0.000000 0.000000 0.000000
    4 0.000000 0.000000 0.000000 0.000000 0.000000 0.000000
    5 0.000000 0.000000 0.000000 0.000000 0.000000 0.000000
    6 0.000000 0.000000 0.000000 0.000000 0.000000 0.000000
    7 0.000000 0.000000 0.000000 0.000000 0.000000 0.000000
    8 -1.671926 -0.265633 -0.308603 0.171813 0.183319 -0.022316
    9 0.000000 0.000000 0.000000 0.084981 -0.013401 -0.108906
    10 0.000000 0.000000 0.000000 0.000000 0.000000 0.000000
    11 0.000000 0.000000 0.000000 0.000000 0.000000 0.000000
    12 0.000000 0.000000 0.000000 0.000000 0.000000 0.000000
    13 0.000000 0.000000 0.000000 -0.030437 0.000000 0.000000
    14 0.000000 0.000000 0.000000 0.000000 0.000000 0.106095
    15 0.000000 0.000000 0.000000 0.000000 0.000000 0.000000
    16 0.000000 0.000000 0.000000 0.000000 0.000000 0.000000
    17 0.000000 0.000000 0.000000 0.000000 0.000000 0.000000
    18 0.000000 0.000000 0.000000 0.000000 0.000000 0.000000
    19 0.000000 0.000000 0.000000 0.017838 0.000000 -0.000024
    20 -0.097659 -0.011719 0.000000 0.000000 0.000000 -0.053044
    21 0.000000 0.000000 0.000000 -0.246110 -0.194850 -0.063802
    22 0.000000 0.000000 0.000000 0.000000 0.000000 0.000000
    23 0.000000 0.000000 0.000000 0.000000 0.000000 0.000000
    24 0.000000 0.000000 0.000000 0.000000 0.000000 0.000000
    25 0.000000 0.000000 0.000000 0.000000 0.000000 0.000000
    26 0.000000 0.000000 0.000000 0.000000 0.000000 0.000000
    27 0.000000 0.000000 0.000000 0.000000 0.000000 0.000000
    28 0.000000 0.000000 0.000000 0.000000 0.000000 0.000000
    29 0.000000 0.000000 0.000000 0.000000 0.000000 0.000000
    30 0.000000 0.000000 0.000000 0.000000 0.000000 0.000000
    31 0.000000 0.000000 0.000000 0.000000 0.000000 0.000000
    32 0.000000 0.000000 0.000000 0.000000 0.000000 0.000000
    33 0.000000 0.000000 0.000000 0.000000 0.000000 0.000000
    34 0.000000 0.000000 0.000000 0.000000 0.000000 0.000000
    35 0.000000 0.000000 0.000000 0.000000 0.000000 0.000000
    36 0.000000 0.000000 0.000000 0.000000 0.000000 0.000000
    37 0.000000 0.000000 0.000000 0.000000 0.000000 0.000000
    38 0.000000 0.000000 0.000000 0.000000 0.000000 0.000000
    39 0.000000 0.000000 0.000000 0.000000 0.000000 0.000000
    40 0.000000 0.000000 0.000000 0.000000 0.000000 0.000000
    41 0.000000 0.000000 0.000000 0.000000 0.000000 0.000000
    42 0.000000 0.000000 0.000000 0.000000 0.000000 0.000000
    43 0.000000 0.000000 0.000000 0.000000 0.000000 0.000000
    44 0.000000 0.000000 0.000000 0.000000 0.000000 0.000000
    45 0.000000 0.000000 0.000000 0.000000 0.000000 0.000000
    46 0.000000 0.000000 0.000000 0.000000 0.000000 0.000000
    47 0.000000 0.000000 0.000000 0.000000 0.000000 0.000000
    48 0.000000 0.000000 0.000000 0.000000 0.000000 0.000000
    49 0.000000 0.000000 0.000000 0.000000 0.000000 0.000000
    50 0.000000 0.000000 0.000000 0.000000 0.000000 0.000000
    51 0.000000 0.000000 0.000000 0.000000 0.000000 0.000000
    52 0.000000 0.000000 0.000000 0.000000 0.000000 0.000000
    53 0.000000 0.000000 0.000000 0.000000 0.000000 0.000000
    54 0.000000 0.000000 0.000000 0.000000 0.000000 0.000000
    55 0.000000 0.000000 0.000000 0.000000 0.000000 0.000000
    56 0.000000 0.000000 0.000000 0.000000 0.000000 0.000000
    57 0.000000 0.000000 0.000000 0.000000 0.000000 0.000000
    58 0.000000 0.000000 0.000000 0.000000 0.000000 0.000000
    59 0.000000 0.000000 0.000000 0.000000 0.000000 0.000000
    60 0.000000 0.000000 0.000000 0.000000 0.000000 0.000000
    61 0.000000 0.000000 0.000000 0.000000 0.000000 0.000000
    62 0.000000 0.000000 0.000000 0.000000 0.000000 0.000000
    63 0.000000 0.000000 0.000000 0.000000 0.000000 0.000000
    64 0.000000 0.000000 0.000000 0.000000 0.000000 0.000000
    65 0.000000 0.000000 0.000000 0.000000 0.000000 0.000000
    66 0.000000 0.000000 0.000000 0.000000 0.000000 0.000000
    67 0.000000 0.000000 0.000000 0.000000 0.000000 0.000000
    68 0.000000 0.000000 0.000000 0.000000 0.000000 0.000000
    69 0.000000 0.000000 0.000000 0.000000 0.000000 0.000000
    70 0.000000 0.000000 0.000000 0.000000 0.000000 0.000000
    71 0.000000 0.000000 0.000000 0.000000 0.000000 0.000000
    72 0.000000 0.000000 0.000000 0.000000 0.000000 0.000000
    73 0.000000 0.000000 0.000000 0.000000 0.000000 0.000000
    74 0.000000 0.000000 0.000000 0.000000 0.000000 0.000000
    75 0.000000 0.000000 0.000000 0.000000 0.000000 0.000000
    76 0.000000 0.000000 0.000000 0.000000 0.000000 0.000000
    77 0.000000 0.000000 0.000000 0.000000 0.000000 0.000000
    78 0.000000 0.000000 0.000000 0.000000 0.000000 0.000000
    79 0.000000 0.000000 0.000000 0.000000 0.000000 0.000000
    80 0.000000 0.000000 0.000000 0.000000 0.000000 0.000000
    81 0.000000 0.000000 0.000000 0.000000 0.000000 0.000000
    82 0.000000 0.000000 0.000000 0.000000 0.000000 0.000000
    83 0.000000 0.000000 0.000000 0.000000 0.000000 0.000000
    84 0.000000 0.000000 0.000000 0.000000 0.000000 0.000000
    85 0.000000 0.000000 0.000000 0.000000 0.000000 0.000000
    86 0.000000 0.000000 0.000000 0.000000 0.000000 0.000000
    87 0.000000 0.000000 0.000000 0.000000 0.000000 0.000000
    88 0.000000 0.000000 0.000000 0.000000 0.000000 0.000000
    89 0.000000 0.000000 0.000000 0.000000 0.000000 0.000000
    90 0.000000 0.000000 0.000000 0.000000 0.000000 0.000000
    91 0.000000 0.000000 0.000000 0.000000 0.000000 0.000000
    92 0.000000 0.000000 0.000000 0.000000 0.000000 0.000000
    93 0.000000 0.000000 0.000000 0.000000 0.000000 0.000000
    94 0.000000 0.000000 0.000000 0.000000 0.000000 0.000000
    95 0.000000 0.000000 0.000000 0.000000 0.000000 0.000000
    96 0.000000 0.000000 0.000000 0.000000 0.000000 0.000000
    97 0.000000 0.000000 0.000000 0.000000 0.000000 0.000000
    98 0.000000 0.000000 0.000000 0.000000 0.000000 0.000000
    99 0.000000 0.000000 0.000000 0.000000 0.000000 0.000000
    100 0.000000 0.000000 0.000000 0.000000 0.000000 0.000000
    101 0.000000 0.000000 0.000000 0.000000 0.000000 0.000000
    102 0.000000 0.000000 0.000000 0.000000 0.000000 0.000000
    103 0.000000 0.000000 0.000000 0.000000 0.000000 0.000000
    104 0.000000 0.000000 0.000000 0.000000 0.000000 0.000000
    105 0.000000 0.000000 0.000000 0.000000 0.000000 0.000000
    106 0.000000 0.000000 0.000000 0.000000 0.000000 0.000000
    107 0.000000 0.000000 0.000000 0.000000 0.000000 0.000000
    108 0.000000 0.000000 0.000000 0.000000 0.000000 0.000000
    109 0.000000 0.000000 0.000000 0.000000 0.000000 0.000000
    110 0.000000 0.000000 0.000000 0.000000 0.000000 0.000000
    111 0.000000 0.000000 0.000000 0.000000 0.000000 -1.570796
    112 -0.648457 0.574236 -0.125004 -0.237492 -0.009775 -1.481567
    113 0.000000 0.000000 0.000000 0.000000 0.000000 0.000000
    114 0.000000 0.000000 0.000000 0.000000 0.000000 -1.570796
    115 0.000000 0.000000 0.000000 0.000000 0.000000 0.000000
    116 0.000000 0.000000 0.000000 0.000000 0.000000 0.000000
    117 0.000000 0.000000 0.000000 0.000000 0.000000 0.000000
    118 0.000000 0.000000 0.000000 0.000000 0.000000 0.000000
    119 0.000000 0.000000 0.000000 0.000000 0.000000 0.000000
    120 0.000000 0.000000 0.000000 0.000000 0.000000 0.000000
    121 0.000000 0.000000 0.000000 0.000000 0.000000 0.000000
    122 0.000000 0.000000 0.000000 0.000000 0.000000 0.000000
    123 0.000000 0.000000 0.000000 0.000000 0.000000 0.000000
    124 0.000000 0.000000 0.000000 0.000000 0.000000 0.000000
    125 0.000000 0.000000 0.000000 0.000000 0.000000 0.000000
    126 0.000000 0.000000 0.000000 0.000000 0.000000 0.000000
    127 0.000000 0.000000 0.000000 0.000000 0.000000 0.000000
    128 0.000000 0.000000 0.000000 0.000000 0.000000 0.000000
    129 0.000000 0.000000 0.000000 0.000000 0.000000 0.000000
    130 0.000000 0.000000 0.000000 0.000000 0.000000 0.000000
    131 0.000000 0.000000 0.000000 0.000000 0.000000 0.000000
    132 0.000000 0.000000 0.000000 0.000000 0.000000 0.000000
    133 0.000000 0.000000 0.000000 0.000000 0.000000 0.000000
    134 0.000000 0.000000 0.000000 0.000000 0.000000 0.000000
    135 0.000000 0.000000 0.000000 0.000000 0.000000 0.000000
    136 0.000000 0.000000 0.000000 0.000000 0.000000 0.000000
    137 0.000000 0.000000 0.000000 0.000000 0.000000 0.000000
    138 0.000000 0.000000 0.000000 0.000000 0.000000 0.000000
    139 0.000000 0.000000 0.000000 0.000000 0.000000 0.000000
    140 0.000000 0.000000 0.000000 0.000000 0.000000 0.000000
    141 0.000000 0.000000 0.000000 0.000000 0.000000 0.000000
    142 0.000000 0.000000 0.000000 0.000000 0.000000 0.000000
    143 0.000000 0.000000 0.000000 0.000000 0.000000 0.000000
    144 0.000000 0.000000 0.000000 0.000000 0.000000 0.000000
    145 0.000000 0.000000 0.000000 0.000000 0.000000 0.000000
    146 0.000000 0.000000 0.000000 0.000000 0.000000 0.000000
    147 0.000000 0.000000 0.000000 0.000000 0.000000 0.000000
    148 0.000000 0.000000 0.000000 0.000000 0.000000 0.000000
    149 0.000000 0.000000 0.000000 0.000000 0.000000 0.000000
    150 0.000000 0.000000 0.000000 0.000000 0.000000 0.000000
    151 0.000000 0.000000 0.000000 0.000000 0.000000 0.000000
    152 0.000000 0.000000 0.000000 0.000000 0.000000 0.000000
    153 0.000000 0.000000 0.000000 0.000000 0.000000 0.000000
    154 0.000000 0.000000 0.000000 0.000000 0.000000 0.000000
    155 0.000000 0.000000 0.000000 0.000000 0.000000 0.000000
    156 0.000000 0.000000 0.000000 0.000000 0.000000 0.000000
    157 0.000000 0.000000 0.000000 0.000000 0.000000 0.000000
    158 0.000000 0.000000 0.000000 0.000000 0.000000 0.000000
    159 0.000000 0.000000 0.000000 0.000000 0.000000 0.000000
    160 0.000000 0.000000 0.000000 0.000000 0.000000 0.000000
    161 0.000000 0.000000 0.000000 0.000000 0.000000 0.000000
    162 0.000000 0.000000 0.000000 0.000000 0.000000 0.000000
    163 0.000000 0.000000 0.000000 0.000000 0.000000 0.000000
    164 0.000000 0.000000 0.000000 0.000000 0.000000 0.000000
    165 0.000000 0.000000 0.000000 0.000000 0.000000 0.000000
    166 0.000000 0.000000 0.000000 0.000000 0.000000 0.000000
    167 0.000000 0.000000 0.000000 0.000000 0.000000 0.000000
    168 0.000000 0.000000 0.000000 0.000000 0.000000 0.000000
    169 0.000000 0.000000 0.000000 0.000000 0.000000 0.000000
    170 0.000000 0.000000 0.000000 0.000000 0.000000 0.000000
    171 0.000000 0.000000 0.000000 0.000000 0.000000 0.000000
    172 0.000000 0.000000 0.000000 0.000000 0.000000 0.000000
    173 0.000000 0.000000 0.000000 0.000000 0.000000 0.000000
    174 0.000000 0.000000 0.000000 0.000000 0.000000 0.000000
    175 0.000000 0.000000 0.000000 0.000000 0.000000 0.000000
    176 0.000000 0.000000 0.000000 0.000000 0.000000 0.000000
    177 0.000000 0.000000 0.000000 0.000000 0.000000 0.000000
    178 0.000000 0.000000 0.000000 0.000000 0.000000 0.000000
    179 0.000000 0.000000 0.000000 0.000000 0.000000 0.000000
    180 0.000000 0.000000 0.000000 0.000000 0.000000 0.000000
    181 0.000000 0.000000 0.000000 0.000000 0.000000 0.000000
    182 0.000000 0.000000 0.000000 0.000000 0.000000 0.000000
    183 0.000000 0.000000 0.000000 0.000000 0.000000 0.000000
    184 0.000000 0.000000 0.000000 0.000000 0.000000 0.000000
    185 0.000000 0.000000 0.000000 0.000000 0.000000 0.000000
    186 0.000000 0.000000 0.000000 0.000000 0.000000 0.000000
    187 0.000000 0.000000 0.000000 0.000000 0.000000 0.000000
    188 0.000000 0.000000 0.000000 0.000000 0.000000 0.000000
    189 0.000000 0.000000 0.000000 0.000000 0.000000 0.000000
    190 0.000000 0.000000 0.000000 0.000000 0.000000 0.000000
    191 0.000000 0.000000 0.000000 0.008866 0.000000 0.000000
    192 0.000000 0.000000 0.000000 0.000000 0.000000 0.000000
    193 0.000000 0.000000 0.000000 0.000000 0.000000 0.000000
    194 0.000000 0.000000 0.000000 0.000000 0.000000 0.000000
    195 0.000000 0.000000 0.000000 0.000000 0.000000 0.000000
    196 0.000000 0.000000 0.000000 0.000000 0.000000 0.000000
    197 0.000000 0.000000 0.000000 0.000000 0.000000 0.000000
    198 0.000000 0.000000 0.000000 0.000000 0.000000 0.000000
    199 0.000000 0.000000 0.000000 0.000000 0.000000 0.000000
    200 0.000000 0.000000 0.000000 0.000000 0.000000 0.000000
    201 0.000000 0.000000 0.000000 0.000000 0.000000 0.000000
    202 0.000000 0.000000 0.000000 0.000000 0.000000 0.000000
    203 0.000000 0.000000 0.000000 0.000000 0.000000 0.000000
    204 0.000000 0.000000 0.000000 0.000000 0.000000 0.000000
    205 0.000000 0.000000 0.000000 0.000000 0.000000 0.000000
    206 0.000000 0.000000 0.000000 0.000000 0.000000 0.000000
    207 0.000000 0.000000 0.000000 0.000000 0.000000 0.000000
    208 0.000000 0.000000 0.000000 0.000000 0.000000 0.000000
    209 0.000000 0.000000 0.000000 0.000000 0.000000 0.000000
    210 0.000000 0.000000 0.000000 0.000000 0.000000 0.000000
    211 0.000000 0.000000 0.000000 0.000000 0.000000 0.000000
    212 0.000000 0.000000 0.000000 0.000000 0.000000 0.000000
    213 0.000000 0.000000 0.000000 0.000000 0.000000 0.000000
    214 0.000000 0.000000 0.000000 0.000000 0.000000 0.000000
    215 0.000000 0.000000 0.000000 0.000000 0.000000 0.000000
    216 0.000000 0.000000 0.000000 0.000000 0.000000 0.000000
    217 0.000000 0.000000 0.000000 0.000000 0.000000 0.000000
    218 0.000000 0.000000 0.000000 0.000000 0.000000 0.000000
    219 0.000000 0.000000 0.000000 0.000000 0.000000 0.000000
    220 0.000000 0.000000 0.000000 0.000000 0.000000 0.000000
    221 0.000000 0.000000 0.000000 0.000000 0.000000 0.000000
    222 0.000000 0.000000 0.000000 0.000000 0.000000 0.000000
    223 0.000000 0.000000 0.000000 0.000000 0.000000 0.000000
    224 0.000000 0.000000 0.000000 0.000000 0.000000 0.000000
    225 0.000000 0.000000 0.000000 0.000000 0.000000 0.000000
    226 0.000000 0.000000 0.000000 0.000000 0.000000 0.000000
    227 -0.601581 0.183599 -0.011719 -0.237492 -0.009818 0.089136
    228 0.000000 0.000000 0.000000 0.000000 0.000000 0.000000
    229 0.000000 0.000000 0.000000 0.000000 0.000000 0.000000
    230 0.000000 0.000000 0.000000 0.004458 0.000000 0.000000
    231 0.000000 0.000000 0.000000 0.000000 0.000000 0.000000
    232 0.000000 0.000000 0.000000 0.000000 0.000000 0.000000
    233 0.000000 0.000000 0.000000 0.000000 0.000000 0.000000
    234 0.007813 0.550798 0.082034 -0.237459 -0.009789 -1.481618
    235 0.000000 0.000000 0.000000 0.000000 0.000000 0.000000
    236 0.000000 0.000000 0.000000 0.000000 0.000000 0.000000
    237 0.000000 0.000000 0.000000 0.000000 0.000000 0.000000
    238 0.000000 0.000000 0.000000 0.000000 0.000000 0.000000
    239 0.000000 0.000000 0.000000 0.000000 0.000000 0.000000
    240 0.000000 0.000000 0.000000 0.000000 0.000000 0.000000
    241 0.000000 0.000000 0.000000 0.000000 0.000000 0.000000
    242 0.000000 0.000000 0.000000 0.000000 0.000000 0.000000
    243 0.000000 0.000000 0.000000 0.000000 0.000000 0.000000
    244 0.000000 0.000000 0.000000 0.000000 0.000000 0.000000
    245 0.000000 0.000000 0.000000 0.000000 0.000000 0.000000
    246 0.000000 0.000000 0.000000 0.000000 0.000000 -1.570796
  time 39
    0 0.000000 0.000000 0.000000 0.000000 0.000000 -1.570796
    1 0.000000 0.000000 0.000000 0.000000 0.000000 0.000000
    2 0.000000 0.000000 0.000000 0.000000 0.000000 0.000000
    3 0.000000 0.000000 0.000000 0.000000 0.000000 0.000000
    4 0.000000 0.000000 0.000000 0.000000 0.000000 0.000000
    5 0.000000 0.000000 0.000000 0.000000 0.000000 0.000000
    6 0.000000 0.000000 0.000000 0.000000 0.000000 0.000000
    7 0.000000 0.000000 0.000000 0.000000 0.000000 0.000000
    8 -1.546922 -0.269539 -0.472671 0.168883 0.213981 0.002203
    9 0.000000 0.000000 0.000000 0.104004 -0.012058 -0.149516
    10 0.000000 0.000000 0.000000 0.000000 0.000000 0.000000
    11 0.000000 0.000000 0.000000 0.000000 0.000000 0.000000
    12 0.000000 0.000000 0.000000 0.000000 0.000000 0.000000
    13 0.000000 0.000000 0.000000 -0.032074 0.000000 -0.000060
    14 0.000000 0.000000 0.000000 0.000000 0.000060 0.173066
    15 0.000000 0.000000 0.000000 0.000000 0.000000 0.000000
    16 0.000000 0.000000 0.000000 0.000000 0.000000 0.000000
    17 0.000000 0.000000 0.000000 0.000000 0.000000 0.000000
    18 0.000000 0.000000 0.000000 0.000000 0.000000 0.000000
    19 0.000000 0.000000 0.000000 0.007307 0.000000 0.000000
    20 -0.164068 -0.027345 0.000000 0.000000 0.000000 -0.086573
    21 0.000000 0.000000 0.000000 -0.309591 -0.179084 -0.067946
    22 0.000000 0.000000 0.000000 0.000000 0.000000 0.000000
    23 0.000000 0.000000 0.000000 0.000000 0.000000 0.000000
    24 0.000000 0.000000 0.000000 0.000000 0.000000 0.000000
    25 0.000000 0.000000 0.000000 0.000000 0.000000 0.000000
    26 0.000000 0.000000 0.000000 0.000000 0.000000 0.000000
    27 0.000000 0.000000 0.000000 0.000000 0.000000 0.000000
    28 0.000000 0.000000 0.000000 0.000000 0.000000 0.000000
    29 0.000000 0.000000 0.000000 0.000000 0.000000 0.000000
    30 0.000000 0.000000 0.000000 0.000000 0.000000 0.000000
    31 0.000000 0.000000 0.000000 0.000000 0.000000 0.000000
    32 0.000000 0.000000 0.000000 0.000000 0.000000 0.000000
    33 0.000000 0.000000 0.000000 0.000000 0.000000 0.000000
    34 0.000000 0.000000 0.000000 0.000000 0.000000 0.000000
    35 0.000000 0.000000 0.000000 0.000000 0.000000 0.000000
    36 0.000000 0.000000 0.000000 0.000000 0.000000 0.000000
    37 0.000000 0.000000 0.000000 0.000000 0.000000 0.000000
    38 0.000000 0.000000 0.000000 0.000000 0.000000 0.000000
    39 0.000000 0.000000 0.000000 0.000000 0.000000 0.000000
    40 0.000000 0.000000 0.000000 0.000000 0.000000 0.000000
    41 0.000000 0.000000 0.000000 0.000000 0.000000 0.000000
    42 0.000000 0.000000 0.000000 0.000000 0.000000 0.000000
    43 0.000000 0.000000 0.000000 0.000000 0.000000 0.000000
    44 0.000000 0.000000 0.000000 0.000000 0.000000 0.000000
    45 0.000000 0.000000 0.000000 0.000000 0.000000 0.000000
    46 0.000000 0.000000 0.000000 0.000000 0.000000 0.000000
    47 0.000000 0.000000 0.000000 0.000000 0.000000 0.000000
    48 0.000000 0.000000 0.000000 0.000000 0.000000 0.000000
    49 0.000000 0.000000 0.000000 0.000000 0.000000 0.000000
    50 0.000000 0.000000 0.000000 0.000000 0.000000 0.000000
    51 0.000000 0.000000 0.000000 0.000000 0.000000 0.000000
    52 0.000000 0.000000 0.000000 0.000000 0.000000 0.000000
    53 0.000000 0.000000 0.000000 0.000000 0.000000 0.000000
    54 0.000000 0.000000 0.000000 0.000000 0.000000 0.000000
    55 0.000000 0.000000 0.000000 0.000000 0.000000 0.000000
    56 0.000000 0.000000 0.000000 0.000000 0.000000 0.000000
    57 0.000000 0.000000 0.000000 0.000000 0.000000 0.000000
    58 0.000000 0.000000 0.000000 0.000000 0.000000 0.000000
    59 0.000000 0.000000 0.000000 0.000000 0.000000 0.000000
    60 0.000000 0.000000 0.000000 0.000000 0.000000 0.000000
    61 0.000000 0.000000 0.000000 0.000000 0.000000 0.000000
    62 0.000000 0.000000 0.000000 0.000000 0.000000 0.000000
    63 0.000000 0.000000 0.000000 0.000000 0.000000 0.000000
    64 0.000000 0.000000 0.000000 0.000000 0.000000 0.000000
    65 0.000000 0.000000 0.000000 0.000000 0.000000 0.000000
    66 0.000000 0.000000 0.000000 0.000000 0.000000 0.000000
    67 0.000000 0.000000 0.000000 0.000000 0.000000 0.000000
    68 0.000000 0.000000 0.000000 0.000000 0.000000 0.000000
    69 0.000000 0.000000 0.000000 0.000000 0.000000 0.000000
    70 0.000000 0.000000 0.000000 0.000000 0.000000 0.000000
    71 0.000000 0.000000 0.000000 0.000000 0.000000 0.000000
    72 0.000000 0.000000 0.000000 0.000000 0.000000 0.000000
    73 0.000000 0.000000 0.000000 0.000000 0.000000 0.000000
    74 0.000000 0.000000 0.000000 0.000000 0.000000 0.000000
    75 0.000000 0.000000 0.000000 0.000000 0.000000 0.000000
    76 0.000000 0.000000 0.000000 0.000000 0.000000 0.000000
    77 0.000000 0.000000 0.000000 0.000000 0.000000 0.000000
    78 0.000000 0.000000 0.000000 0.000000 0.000000 0.000000
    79 0.000000 0.000000 0.000000 0.000000 0.000000 0.000000
    80 0.000000 0.000000 0.000000 0.000000 0.000000 0.000000
    81 0.000000 0.000000 0.000000 0.000000 0.000000 0.000000
    82 0.000000 0.000000 0.000000 0.000000 0.000000 0.000000
    83 0.000000 0.000000 0.000000 0.000000 0.000000 0.000000
    84 0.000000 0.000000 0.000000 0.000000 0.000000 0.000000
    85 0.000000 0.000000 0.000000 0.000000 0.000000 0.000000
    86 0.000000 0.000000 0.000000 0.000000 0.000000 0.000000
    87 0.000000 0.000000 0.000000 0.000000 0.000000 0.000000
    88 0.000000 0.000000 0.000000 0.000000 0.000000 0.000000
    89 0.000000 0.000000 0.000000 0.000000 0.000000 0.000000
    90 0.000000 0.000000 0.000000 0.000000 0.000000 0.000000
    91 0.000000 0.000000 0.000000 0.000000 0.000000 0.000000
    92 0.000000 0.000000 0.000000 0.000000 0.000000 0.000000
    93 0.000000 0.000000 0.000000 0.000000 0.000000 0.000000
    94 0.000000 0.000000 0.000000 0.000000 0.000000 0.000000
    95 0.000000 0.000000 0.000000 0.000000 0.000000 0.000000
    96 0.000000 0.000000 0.000000 0.000000 0.000000 0.000000
    97 0.000000 0.000000 0.000000 0.000000 0.000000 0.000000
    98 0.000000 0.000000 0.000000 0.000000 0.000000 0.000000
    99 0.000000 0.000000 0.000000 0.000000 0.000000 0.000000
    100 0.000000 0.000000 0.000000 0.000000 0.000000 0.000000
    101 0.000000 0.000000 0.000000 0.000000 0.000000 0.000000
    102 0.000000 0.000000 0.000000 0.000000 0.000000 0.000000
    103 0.000000 0.000000 0.000000 0.000000 0.000000 0.000000
    104 0.000000 0.000000 0.000000 0.000000 0.000000 0.000000
    105 0.000000 0.000000 0.000000 0.000000 0.000000 0.000000
    106 0.000000 0.000000 0.000000 0.000000 0.000000 0.000000
    107 0.000000 0.000000 0.000000 0.000000 0.000000 0.000000
    108 0.000000 0.000000 0.000000 0.000000 0.000000 0.000000
    109 0.000000 0.000000 0.000000 0.000000 0.000000 0.000000
    110 0.000000 0.000000 0.000000 0.000000 0.000000 0.000000
    111 0.000000 0.000000 0.000000 0.000000 0.000000 -1.570796
    112 -0.859401 0.273446 -0.328135 -0.264929 0.001288 -1.508047
    113 0.000000 0.000000 0.000000 0.000000 0.000000 0.000000
    114 0.000000 0.000000 0.000000 0.000000 0.000000 -1.570796
    115 0.000000 0.000000 0.000000 0.000000 0.000000 0.000000
    116 0.000000 0.000000 0.000000 0.000000 0.000000 0.000000
    117 0.000000 0.000000 0.000000 0.000000 0.000000 0.000000
    118 0.000000 0.000000 0.000000 0.000000 0.000000 0.000000
    119 0.000000 0.000000 0.000000 0.000000 0.000000 0.000000
    120 0.000000 0.000000 0.000000 0.000000 0.000000 0.000000
    121 0.000000 0.000000 0.000000 0.000000 0.000000 0.000000
    122 0.000000 0.000000 0.000000 0.000000 0.000000 0.000000
    123 0.000000 0.000000 0.000000 0.000000 0.000000 0.000000
    124 0.000000 0.000000 0.000000 0.000000 0.000000 0.000000
    125 0.000000 0.000000 0.000000 0.000000 0.000000 0.000000
    126 0.000000 0.000000 0.000000 0.000000 0.000000 0.000000
    127 0.000000 0.000000 0.000000 0.000000 0.000000 0.000000
    128 0.000000 0.000000 0.000000 0.000000 0.000000 0.000000
    129 0.000000 0.000000 0.000000 0.000000 0.000000 0.000000
    130 0.000000 0.000000 0.000000 0.000000 0.000000 0.000000
    131 0.000000 0.000000 0.000000 0.000000 0.000000 0.000000
    132 0.000000 0.000000 0.000000 0.000000 0.000000 0.000000
    133 0.000000 0.000000 0.000000 0.000000 0.000000 0.000000
    134 0.000000 0.000000 0.000000 0.000000 0.000000 0.000000
    135 0.000000 0.000000 0.000000 0.000000 0.000000 0.000000
    136 0.000000 0.000000 0.000000 0.000000 0.000000 0.000000
    137 0.000000 0.000000 0.000000 0.000000 0.000000 0.000000
    138 0.000000 0.000000 0.000000 0.000000 0.000000 0.000000
    139 0.000000 0.000000 0.000000 0.000000 0.000000 0.000000
    140 0.000000 0.000000 0.000000 0.000000 0.000000 0.000000
    141 0.000000 0.000000 0.000000 0.000000 0.000000 0.000000
    142 0.000000 0.000000 0.000000 0.000000 0.000000 0.000000
    143 0.000000 0.000000 0.000000 0.000000 0.000000 0.000000
    144 0.000000 0.000000 0.000000 0.000000 0.000000 0.000000
    145 0.000000 0.000000 0.000000 0.000000 0.000000 0.000000
    146 0.000000 0.000000 0.000000 0.000000 0.000000 0.000000
    147 0.000000 0.000000 0.000000 0.000000 0.000000 0.000000
    148 0.000000 0.000000 0.000000 0.000000 0.000000 0.000000
    149 0.000000 0.000000 0.000000 0.000000 0.000000 0.000000
    150 0.000000 0.000000 0.000000 0.000000 0.000000 0.000000
    151 0.000000 0.000000 0.000000 0.000000 0.000000 0.000000
    152 0.000000 0.000000 0.000000 0.000000 0.000000 0.000000
    153 0.000000 0.000000 0.000000 0.000000 0.000000 0.000000
    154 0.000000 0.000000 0.000000 0.000000 0.000000 0.000000
    155 0.000000 0.000000 0.000000 0.000000 0.000000 0.000000
    156 0.000000 0.000000 0.000000 0.000000 0.000000 0.000000
    157 0.000000 0.000000 0.000000 0.000000 0.000000 0.000000
    158 0.000000 0.000000 0.000000 0.000000 0.000000 0.000000
    159 0.000000 0.000000 0.000000 0.000000 0.000000 0.000000
    160 0.000000 0.000000 0.000000 0.000000 0.000000 0.000000
    161 0.000000 0.000000 0.000000 0.000000 0.000000 0.000000
    162 0.000000 0.000000 0.000000 0.000000 0.000000 0.000000
    163 0.000000 0.000000 0.000000 0.000000 0.000000 0.000000
    164 0.000000 0.000000 0.000000 0.000000 0.000000 0.000000
    165 0.000000 0.000000 0.000000 0.000000 0.000000 0.000000
    166 0.000000 0.000000 0.000000 0.000000 0.000000 0.000000
    167 0.000000 0.000000 0.000000 0.000000 0.000000 0.000000
    168 0.000000 0.000000 0.000000 0.000000 0.000000 0.000000
    169 0.000000 0.000000 0.000000 0.000000 0.000000 0.000000
    170 0.000000 0.000000 0.000000 0.000000 0.000000 0.000000
    171 0.000000 0.000000 0.000000 0.000000 0.000000 0.000000
    172 0.000000 0.000000 0.000000 0.000000 0.000000 0.000000
    173 0.000000 0.000000 0.000000 0.000000 0.000000 0.000000
    174 0.000000 0.000000 0.000000 0.000000 0.000000 0.000000
    175 0.000000 0.000000 0.000000 0.000000 0.000000 0.000000
    176 0.000000 0.000000 0.000000 0.000000 0.000000 0.000000
    177 0.000000 0.000000 0.000000 0.000000 0.000000 0.000000
    178 0.000000 0.000000 0.000000 0.000000 0.000000 0.000000
    179 0.000000 0.000000 0.000000 0.000000 0.000000 0.000000
    180 0.000000 0.000000 0.000000 0.000000 0.000000 0.000000
    181 0.000000 0.000000 0.000000 0.000000 0.000000 0.000000
    182 0.000000 0.000000 0.000000 0.000000 0.000000 0.000000
    183 0.000000 0.000000 0.000000 0.000000 0.000000 0.000000
    184 0.000000 0.000000 0.000000 0.000000 0.000000 0.000000
    185 0.000000 0.000000 0.000000 0.000000 0.000000 0.000000
    186 0.000000 0.000000 0.000000 0.000000 0.000000 0.000000
    187 0.000000 0.000000 0.000000 0.000000 0.000000 0.000000
    188 0.000000 0.000000 0.000000 0.000000 0.000000 0.000000
    189 0.000000 0.000000 0.000000 0.000000 0.000000 0.000000
    190 0.000000 0.000000 0.000000 0.000000 0.000000 0.000000
    191 0.000000 0.000000 0.000000 0.003580 0.000000 0.000000
    192 0.000000 0.000000 0.000000 0.000000 0.000000 0.000000
    193 0.000000 0.000000 0.000000 0.000000 0.000000 0.000000
    194 0.000000 0.000000 0.000000 0.000000 0.000000 0.000000
    195 0.000000 0.000000 0.000000 0.000000 0.000000 0.000000
    196 0.000000 0.000000 0.000000 0.000000 0.000000 0.000000
    197 0.000000 0.000000 0.000000 0.000000 0.000000 0.000000
    198 0.000000 0.000000 0.000000 0.000000 0.000000 0.000000
    199 0.000000 0.000000 0.000000 0.000000 0.000000 0.000000
    200 0.000000 0.000000 0.000000 0.000000 0.000000 0.000000
    201 0.000000 0.000000 0.000000 0.000000 0.000000 0.000000
    202 0.000000 0.000000 0.000000 0.000000 0.000000 0.000000
    203 0.000000 0.000000 0.000000 0.000000 0.000000 0.000000
    204 0.000000 0.000000 0.000000 0.000000 0.000000 0.000000
    205 0.000000 0.000000 0.000000 0.000000 0.000000 0.000000
    206 0.000000 0.000000 0.000000 0.000000 0.000000 0.000000
    207 0.000000 0.000000 0.000000 0.000000 0.000000 0.000000
    208 0.000000 0.000000 0.000000 0.000000 0.000000 0.000000
    209 0.000000 0.000000 0.000000 0.000000 0.000000 0.000000
    210 0.000000 0.000000 0.000000 0.000000 0.000000 0.000000
    211 0.000000 0.000000 0.000000 0.000000 0.000000 0.000000
    212 0.000000 0.000000 0.000000 0.000000 0.000000 0.000000
    213 0.000000 0.000000 0.000000 0.000000 0.000000 0.000000
    214 0.000000 0.000000 0.000000 0.000000 0.000000 0.000000
    215 0.000000 0.000000 0.000000 0.000000 0.000000 0.000000
    216 0.000000 0.000000 0.000000 0.000000 0.000000 0.000000
    217 0.000000 0.000000 0.000000 0.000000 0.000000 0.000000
    218 0.000000 0.000000 0.000000 0.000000 0.000000 0.000000
    219 0.000000 0.000000 0.000000 0.000000 0.000000 0.000000
    220 0.000000 0.000000 0.000000 0.000000 0.000000 0.000000
    221 0.000000 0.000000 0.000000 0.000000 0.000000 0.000000
    222 0.000000 0.000000 0.000000 0.000000 0.000000 0.000000
    223 0.000000 0.000000 0.000000 0.000000 0.000000 0.000000
    224 0.000000 0.000000 0.000000 0.000000 0.000000 0.000000
    225 0.000000 0.000000 0.000000 0.000000 0.000000 0.000000
    226 0.000000 0.000000 0.000000 0.000000 0.000000 0.000000
    227 -0.289071 -0.308603 -0.328135 -0.264929 0.001244 0.062749
    228 0.000000 0.000000 0.000000 0.000000 0.000000 0.000000
    229 0.000000 0.000000 0.000000 0.000000 0.000000 0.000000
    230 0.000000 0.000000 0.000000 0.005117 0.000000 0.000000
    231 0.000000 0.000000 0.000000 0.000000 0.000000 0.000000
    232 0.000000 0.000000 0.000000 0.000000 0.000000 0.000000
    233 0.000000 0.000000 0.000000 0.000000 0.000000 0.000000
    234 -0.644551 0.265633 -0.253914 -0.264892 0.001275 -1.508055
    235 0.000000 0.000000 0.000000 0.000000 0.000000 0.000000
    236 0.000000 0.000000 0.000000 0.000000 0.000000 0.000000
    237 0.000000 0.000000 0.000000 0.000000 0.000000 0.000000
    238 0.000000 0.000000 0.000000 0.000000 0.000000 0.000000
    239 0.000000 0.000000 0.000000 0.000000 0.000000 0.000000
    240 0.000000 0.000000 0.000000 0.000000 0.000000 0.000000
    241 0.000000 0.000000 0.000000 0.000000 0.000000 0.000000
    242 0.000000 0.000000 0.000000 0.000000 0.000000 0.000000
    243 0.000000 0.000000 0.000000 0.000000 0.000000 0.000000
    244 0.000000 0.000000 0.000000 0.000000 0.000000 0.000000
    245 0.000000 0.000000 0.000000 0.000000 0.000000 0.000000
    246 0.000000 0.000000 0.000000 0.000000 0.000000 -1.570796
  time 40
    0 0.000000 0.000000 0.000000 0.000000 0.000000 -1.570796
    1 0.000000 0.000000 0.000000 0.000000 0.000000 0.000000
    2 0.000000 0.000000 0.000000 0.000000 0.000000 0.000000
    3 0.000000 0.000000 0.000000 0.000000 0.000000 0.000000
    4 0.000000 0.000000 0.000000 0.000000 0.000000 0.000000
    5 0.000000 0.000000 0.000000 0.000000 0.000000 0.000000
    6 0.000000 0.000000 0.000000 0.000000 0.000000 0.000000
    7 0.000000 0.000000 0.000000 0.000000 0.000000 0.000000
    8 -0.921903 -0.054689 -0.285165 0.139492 0.227496 0.051431
    9 0.000000 0.000000 0.000000 0.101901 -0.006472 -0.200738
    10 0.000000 0.000000 0.000000 0.000000 0.000000 0.000000
    11 0.000000 0.000000 0.000000 0.000000 0.000000 0.000000
    12 0.000000 0.000000 0.000000 0.000000 0.000000 0.000000
    13 0.000000 0.000000 0.000000 -0.012921 0.000000 -0.000024
    14 0.000000 0.000000 0.000000 0.000000 0.000000 0.216102
    15 0.000000 0.000000 0.000000 0.000000 0.000000 0.000000
    16 0.000000 0.000000 0.000000 0.000000 0.000000 0.000000
    17 0.000000 0.000000 0.000000 0.000000 0.000000 0.000000
    18 0.000000 0.000000 0.000000 0.000000 0.000000 0.000000
    19 0.000000 0.000000 0.000000 -0.014059 0.000000 0.000000
    20 -0.234382 -0.039064 0.000000 0.000000 -0.000024 -0.106993
    21 0.000000 0.000000 0.000000 -0.315952 -0.117770 -0.065050
    22 0.000000 0.000000 0.000000 0.000000 0.000000 0.000000
    23 0.000000 0.000000 0.000000 0.000000 0.000000 0.000000
    24 0.000000 0.000000 0.000000 0.000000 0.000000 0.000000
    25 0.000000 0.000000 0.000000 0.000000 0.000000 0.000000
    26 0.000000 0.000000 0.000000 0.000000 0.000000 0.000000
    27 0.000000 0.000000 0.000000 0.000000 0.000000 0.000000
    28 0.000000 0.000000 0.000000 0.000000 0.000000 0.000000
    29 0.000000 0.000000 0.000000 0.000000 0.000000 0.000000
    30 0.000000 0.000000 0.000000 0.000000 0.000000 0.000000
    31 0.000000 0.000000 0.000000 0.000000 0.000000 0.000000
    32 0.000000 0.000000 0.000000 0.000000 0.000000 0.000000
    33 0.000000 0.000000 0.000000 0.000000 0.000000 0.000000
    34 0.000000 0.000000 0.000000 0.000000 0.000000 0.000000
    35 0.000000 0.000000 0.000000 0.000000 0.000000 0.000000
    36 0.000000 0.000000 0.000000 0.000000 0.000000 0.000000
    37 0.000000 0.000000 0.000000 0.000000 0.000000 0.000000
    38 0.000000 0.000000 0.000000 0.000000 0.000000 0.000000
    39 0.000000 0.000000 0.000000 0.000000 0.000000 0.000000
    40 0.000000 0.000000 0.000000 0.000000 0.000000 0.000000
    41 0.000000 0.000000 0.000000 0.000000 0.000000 0.000000
    42 0.000000 0.000000 0.000000 0.000000 0.000000 0.000000
    43 0.000000 0.000000 0.000000 0.000000 0.000000 0.000000
    44 0.000000 0.000000 0.000000 0.000000 0.000000 0.000000
    45 0.000000 0.000000 0.000000 0.000000 0.000000 0.000000
    46 0.000000 0.000000 0.000000 0.000000 0.000000 0.000000
    47 0.000000 0.000000 0.000000 0.000000 0.000000 0.000000
    48 0.000000 0.000000 0.000000 0.000000 0.000000 0.000000
    49 0.000000 0.000000 0.000000 0.000000 0.000000 0.000000
    50 0.000000 0.000000 0.000000 0.000000 0.000000 0.000000
    51 0.000000 0.000000 0.000000 0.000000 0.000000 0.000000
    52 0.000000 0.000000 0.000000 0.000000 0.000000 0.000000
    53 0.000000 0.000000 0.000000 0.000000 0.000000 0.000000
    54 0.000000 0.000000 0.000000 0.000000 0.000000 0.000000
    55 0.000000 0.000000 0.000000 0.000000 0.000000 0.000000
    56 0.000000 0.000000 0.000000 0.000000 0.000000 0.000000
    57 0.000000 0.000000 0.000000 0.000000 0.000000 0.000000
    58 0.000000 0.000000 0.000000 0.000000 0.000000 0.000000
    59 0.000000 0.000000 0.000000 0.000000 0.000000 0.000000
    60 0.000000 0.000000 0.000000 0.000000 0.000000 0.000000
    61 0.000000 0.000000 0.000000 0.000000 0.000000 0.000000
    62 0.000000 0.000000 0.000000 0.000000 0.000000 0.000000
    63 0.000000 0.000000 0.000000 0.000000 0.000000 0.000000
    64 0.000000 0.000000 0.000000 0.000000 0.000000 0.000000
    65 0.000000 0.000000 0.000000 0.000000 0.000000 0.000000
    66 0.000000 0.000000 0.000000 0.000000 0.000000 0.000000
    67 0.000000 0.000000 0.000000 0.000000 0.000000 0.000000
    68 0.000000 0.000000 0.000000 0.000000 0.000000 0.000000
    69 0.000000 0.000000 0.000000 0.000000 0.000000 0.000000
    70 0.000000 0.000000 0.000000 0.000000 0.000000 0.000000
    71 0.000000 0.000000 0.000000 0.000000 0.000000 0.000000
    72 0.000000 0.000000 0.000000 0.000000 0.000000 0.000000
    73 0.000000 0.000000 0.000000 0.000000 0.000000 0.000000
    74 0.000000 0.000000 0.000000 0.000000 0.000000 0.000000
    75 0.000000 0.000000 0.000000 0.000000 0.000000 0.000000
    76 0.000000 0.000000 0.000000 0.000000 0.000000 0.000000
    77 0.000000 0.000000 0.000000 0.000000 0.000000 0.000000
    78 0.000000 0.000000 0.000000 0.000000 0.000000 0.000000
    79 0.000000 0.000000 0.000000 0.000000 0.000000 0.000000
    80 0.000000 0.000000 0.000000 0.000000 0.000000 0.000000
    81 0.000000 0.000000 0.000000 0.000000 0.000000 0.000000
    82 0.000000 0.000000 0.000000 0.000000 0.000000 0.000000
    83 0.000000 0.000000 0.000000 0.000000 0.000000 0.000000
    84 0.000000 0.000000 0.000000 0.000000 0.000000 0.000000
    85 0.000000 0.000000 0.000000 0.000000 0.000000 0.000000
    86 0.000000 0.000000 0.000000 0.000000 0.000000 0.000000
    87 0.000000 0.000000 0.000000 0.000000 0.000000 0.000000
    88 0.000000 0.000000 0.000000 0.000000 0.000000 0.000000
    89 0.000000 0.000000 0.000000 0.000000 0.000000 0.000000
    90 0.000000 0.000000 0.000000 0.000000 0.000000 0.000000
    91 0.000000 0.000000 0.000000 0.000000 0.000000 0.000000
    92 0.000000 0.000000 0.000000 0.000000 0.000000 0.000000
    93 0.000000 0.000000 0.000000 0.000000 0.000000 0.000000
    94 0.000000 0.000000 0.000000 0.000000 0.000000 0.000000
    95 0.000000 0.000000 0.000000 0.000000 0.000000 0.000000
    96 0.000000 0.000000 0.000000 0.000000 0.000000 0.000000
    97 0.000000 0.000000 0.000000 0.000000 0.000000 0.000000
    98 0.000000 0.000000 0.000000 0.000000 0.000000 0.000000
    99 0.000000 0.000000 0.000000 0.000000 0.000000 0.000000
    100 0.000000 0.000000 0.000000 0.000000 0.000000 0.000000
    101 0.000000 0.000000 0.000000 0.000000 0.000000 0.000000
    102 0.000000 0.000000 0.000000 0.000000 0.000000 0.000000
    103 0.000000 0.000000 0.000000 0.000000 0.000000 0.000000
    104 0.000000 0.000000 0.000000 0.000000 0.000000 0.000000
    105 0.000000 0.000000 0.000000 0.000000 0.000000 0.000000
    106 0.000000 0.000000 0.000000 0.000000 0.000000 0.000000
    107 0.000000 0.000000 0.000000 0.000000 0.000000 0.000000
    108 0.000000 0.000000 0.000000 0.000000 0.000000 0.000000
    109 0.000000 0.000000 0.000000 0.000000 0.000000 0.000000
    110 0.000000 0.000000 0.000000 0.000000 0.000000 0.000000
    111 0.000000 0.000000 0.000000 0.000000 0.000000 -1.570796
    112 -0.988311 -0.179693 -0.046876 -0.268424 0.009686 -1.571356
    113 0.000000 0.000000 0.000000 0.000000 0.000000 0.000000
    114 0.000000 0.000000 0.000000 0.000000 0.000000 -1.570796
    115 0.000000 0.000000 0.000000 0.000000 0.000000 0.000000
    116 0.000000 0.000000 0.000000 0.000000 0.000000 0.000000
    117 0.000000 0.000000 0.000000 0.000000 0.000000 0.000000
    118 0.000000 0.000000 0.000000 0.000000 0.000000 0.000000
    119 0.000000 0.000000 0.000000 0.000000 0.000000 0.000000
    120 0.000000 0.000000 0.000000 0.000000 0.000000 0.000000
    121 0.000000 0.000000 0.000000 0.000000 0.000000 0.000000
    122 0.000000 0.000000 0.000000 0.000000 0.000000 0.000000
    123 0.000000 0.000000 0.000000 0.000000 0.000000 0.000000
    124 0.000000 0.000000 0.000000 0.000000 0.000000 0.000000
    125 0.000000 0.000000 0.000000 0.000000 0.000000 0.000000
    126 0.000000 0.000000 0.000000 0.000000 0.000000 0.000000
    127 0.000000 0.000000 0.000000 0.000000 0.000000 0.000000
    128 0.000000 0.000000 0.000000 0.000000 0.000000 0.000000
    129 0.000000 0.000000 0.000000 0.000000 0.000000 0.000000
    130 0.000000 0.000000 0.000000 0.000000 0.000000 0.000000
    131 0.000000 0.000000 0.000000 0.000000 0.000000 0.000000
    132 0.000000 0.000000 0.000000 0.000000 0.000000 0.000000
    133 0.000000 0.000000 0.000000 0.000000 0.000000 0.000000
    134 0.000000 0.000000 0.000000 0.000000 0.000000 0.000000
    135 0.000000 0.000000 0.000000 0.000000 0.000000 0.000000
    136 0.000000 0.000000 0.000000 0.000000 0.000000 0.000000
    137 0.000000 0.000000 0.000000 0.000000 0.000000 0.000000
    138 0.000000 0.000000 0.000000 0.000000 0.000000 0.000000
    139 0.000000 0.000000 0.000000 0.000000 0.000000 0.000000
    140 0.000000 0.000000 0.000000 0.000000 0.000000 0.000000
    141 0.000000 0.000000 0.000000 0.000000 0.000000 0.000000
    142 0.000000 0.000000 0.000000 0.000000 0.000000 0.000000
    143 0.000000 0.000000 0.000000 0.000000 0.000000 0.000000
    144 0.000000 0.000000 0.000000 0.000000 0.000000 0.000000
    145 0.000000 0.000000 0.000000 0.000000 0.000000 0.000000
    146 0.000000 0.000000 0.000000 0.000000 0.000000 0.000000
    147 0.000000 0.000000 0.000000 0.000000 0.000000 0.000000
    148 0.000000 0.000000 0.000000 0.000000 0.000000 0.000000
    149 0.000000 0.000000 0.000000 0.000000 0.000000 0.000000
    150 0.000000 0.000000 0.000000 0.000000 0.000000 0.000000
    151 0.000000 0.000000 0.000000 0.000000 0.000000 0.000000
    152 0.000000 0.000000 0.000000 0.000000 0.000000 0.000000
    153 0.000000 0.000000 0.000000 0.000000 0.000000 0.000000
    154 0.000000 0.000000 0.000000 0.000000 0.000000 0.000000
    155 0.000000 0.000000 0.000000 0.000000 0.000000 0.000000
    156 0.000000 0.000000 0.000000 0.000000 0.000000 0.000000
    157 0.000000 0.000000 0.000000 0.000000 0.000000 0.000000
    158 0.000000 0.000000 0.000000 0.000000 0.000000 0.000000
    159 0.000000 0.000000 0.000000 0.000000 0.000000 0.000000
    160 0.000000 0.000000 0.000000 0.000000 0.000000 0.000000
    161 0.000000 0.000000 0.000000 0.000000 0.000000 0.000000
    162 0.000000 0.000000 0.000000 0.000000 0.000000 0.000000
    163 0.000000 0.000000 0.000000 0.000000 0.000000 0.000000
    164 0.000000 0.000000 0.000000 0.000000 0.000000 0.000000
    165 0.000000 0.000000 0.000000 0.000000 0.000000 0.000000
    166 0.000000 0.000000 0.000000 0.000000 0.000000 0.000000
    167 0.000000 0.000000 0.000000 0.000000 0.000000 0.000000
    168 0.000000 0.000000 0.000000 0.000000 0.000000 0.000000
    169 0.000000 0.000000 0.000000 0.000000 0.000000 0.000000
    170 0.000000 0.000000 0.000000 0.000000 0.000000 0.000000
    171 0.000000 0.000000 0.000000 0.000000 0.000000 0.000000
    172 0.000000 0.000000 0.000000 0.000000 0.000000 0.000000
    173 0.000000 0.000000 0.000000 0.000000 0.000000 0.000000
    174 0.000000 0.000000 0.000000 0.000000 0.000000 0.000000
    175 0.000000 0.000000 0.000000 0.000000 0.000000 0.000000
    176 0.000000 0.000000 0.000000 0.000000 0.000000 0.000000
    177 0.000000 0.000000 0.000000 0.000000 0.000000 0.000000
    178 0.000000 0.000000 0.000000 0.000000 0.000000 0.000000
    179 0.000000 0.000000 0.000000 0.000000 0.000000 0.000000
    180 0.000000 0.000000 0.000000 0.000000 0.000000 0.000000
    181 0.000000 0.000000 0.000000 0.000000 0.000000 0.000000
    182 0.000000 0.000000 0.000000 0.000000 0.000000 0.000000
    183 0.000000 0.000000 0.000000 0.000000 0.000000 0.000000
    184 0.000000 0.000000 0.000000 0.000000 0.000000 0.000000
    185 0.000000 0.000000 0.000000 0.000000 0.000000 0.000000
    186 0.000000 0.000000 0.000000 0.000000 0.000000 0.000000
    187 0.000000 0.000000 0.000000 0.000000 0.000000 0.000000
    188 0.000000 0.000000 0.000000 0.000000 0.000000 0.000000
    189 0.000000 0.000000 0.000000 0.000000 0.000000 0.000000
    190 0.000000 0.000000 0.000000 0.000000 0.000000 0.000000
    191 0.000000 0.000000 0.000000 -0.007060 0.000000 0.000000
    192 0.000000 0.000000 0.000000 0.000000 0.000000 0.000000
    193 0.000000 0.000000 0.000000 0.000000 0.000000 0.000000
    194 0.000000 0.000000 0.000000 0.000000 0.000000 0.000000
    195 0.000000 0.000000 0.000000 0.000000 0.000000 0.000000
    196 0.000000 0.000000 0.000000 0.000000 0.000000 0.000000
    197 0.000000 0.000000 0.000000 0.000000 0.000000 0.000000
    198 0.000000 0.000000 0.000000 0.000000 0.000000 0.000000
    199 0.000000 0.000000 0.000000 0.000000 0.000000 0.000000
    200 0.000000 0.000000 0.000000 0.000000 0.000000 0.000000
    201 0.000000 0.000000 0.000000 0.000000 0.000000 0.000000
    202 0.000000 0.000000 0.000000 0.000000 0.000000 0.000000
    203 0.000000 0.000000 0.000000 0.000000 0.000000 0.000000
    204 0.000000 0.000000 0.000000 0.000000 0.000000 0.000000
    205 0.000000 0.000000 0.000000 0.000000 0.000000 0.000000
    206 0.000000 0.000000 0.000000 0.000000 0.000000 0.000000
    207 0.000000 0.000000 0.000000 0.000000 0.000000 0.000000
    208 0.000000 0.000000 0.000000 0.000000 0.000000 0.000000
    209 0.000000 0.000000 0.000000 0.000000 0.000000 0.000000
    210 0.000000 0.000000 0.000000 0.000000 0.000000 0.000000
    211 0.000000 0.000000 0.000000 0.000000 0.000000 0.000000
    212 0.000000 0.000000 0.000000 0.000000 0.000000 0.000000
    213 0.000000 0.000000 0.000000 0.000000 0.000000 0.000000
    214 0.000000 0.000000 0.000000 0.000000 0.000000 0.000000
    215 0.000000 0.000000 0.000000 0.000000 0.000000 0.000000
    216 0.000000 0.000000 0.000000 0.000000 0.000000 0.000000
    217 0.000000 0.000000 0.000000 0.000000 0.000000 0.000000
    218 0.000000 0.000000 0.000000 0.000000 0.000000 0.000000
    219 0.000000 0.000000 0.000000 0.000000 0.000000 0.000000
    220 0.000000 0.000000 0.000000 0.000000 0.000000 0.000000
    221 0.000000 0.000000 0.000000 0.000000 0.000000 0.000000
    222 0.000000 0.000000 0.000000 0.000000 0.000000 0.000000
    223 0.000000 0.000000 0.000000 0.000000 0.000000 0.000000
    224 0.000000 0.000000 0.000000 0.000000 0.000000 0.000000
    225 0.000000 0.000000 0.000000 0.000000 0.000000 0.000000
    226 0.000000 0.000000 0.000000 0.000000 0.000000 0.000000
    227 0.175787 -1.097690 -0.132817 -0.268424 0.009684 -0.000559
    228 0.000000 0.000000 0.000000 0.000000 0.000000 0.000000
    229 0.000000 0.000000 0.000000 0.000000 0.000000 0.000000
    230 0.000000 0.000000 0.000000 0.004278 0.000000 0.000000
    231 0.000000 0.000000 0.000000 0.000000 0.000000 0.000000
    232 0.000000 0.000000 0.000000 0.000000 0.000000 0.000000
    233 0.000000 0.000000 0.000000 0.000000 0.000000 0.000000
    234 -1.675832 -0.156255 -0.089846 -0.268387 0.009714 -1.571371
    235 0.000000 0.000000 0.000000 0.000000 0.000000 0.000000
    236 0.000000 0.000000 0.000000 0.000000 0.000000 0.000000
    237 0.000000 0.000000 0.000000 0.000000 0.000000 0.000000
    238 0.000000 0.000000 0.000000 0.000000 0.000000 0.000000
    239 0.000000 0.000000 0.000000 0.000000 0.000000 0.000000
    240 0.000000 0.000000 0.000000 0.000000 0.000000 0.000000
    241 0.000000 0.000000 0.000000 0.000000 0.000000 0.000000
    242 0.000000 0.000000 0.000000 0.000000 0.000000 0.000000
    243 0.000000 0.000000 0.000000 0.000000 0.000000 0.000000
    244 0.000000 0.000000 0.000000 0.000000 0.000000 0.000000
    245 0.000000 0.000000 0.000000 0.000000 0.000000 0.000000
    246 0.000000 0.000000 0.000000 0.000000 0.000000 -1.570796
  time 41
    0 0.000000 0.000000 0.000000 0.000000 0.000000 -1.570796
    1 0.000000 0.000000 0.000000 0.000000 0.000000 0.000000
    2 0.000000 0.000000 0.000000 0.000000 0.000000 0.000000
    3 0.000000 0.000000 0.000000 0.000000 0.000000 0.000000
    4 0.000000 0.000000 0.000000 0.000000 0.000000 0.000000
    5 0.000000 0.000000 0.000000 0.000000 0.000000 0.000000
    6 0.000000 0.000000 0.000000 0.000000 0.000000 0.000000
    7 0.000000 0.000000 0.000000 0.000000 0.000000 0.000000
    8 -0.230476 0.105472 -0.117191 0.109061 0.235924 0.102575
    9 0.000000 0.000000 0.000000 0.095114 -0.001435 -0.249193
    10 0.000000 0.000000 0.000000 0.000000 0.000000 0.000000
    11 0.000000 0.000000 0.000000 0.000000 0.000000 0.000000
    12 0.000000 0.000000 0.000000 0.000000 0.000000 0.000000
    13 0.000000 0.000000 0.000000 0.006187 0.000000 0.000000
    14 0.000000 0.000000 0.000000 -0.000024 0.000000 0.253692
    15 0.000000 0.000000 0.000000 0.000000 0.000000 0.000000
    16 0.000000 0.000000 0.000000 0.000000 0.000000 0.000000
    17 0.000000 0.000000 0.000000 0.000000 0.000000 0.000000
    18 0.000000 0.000000 0.000000 0.000000 0.000000 0.000000
    19 0.000000 0.000000 0.000000 -0.035424 0.000000 0.000000
    20 -0.273446 -0.042970 0.000000 0.000000 -0.000060 -0.127387
    21 0.000000 0.000000 0.000000 -0.312681 -0.050166 -0.063652
    22 0.000000 0.000000 0.000000 0.000000 0.000000 0.000000
    23 0.000000 0.000000 0.000000 0.000000 0.000000 0.000000
    24 0.000000 0.000000 0.000000 0.000000 0.000000 0.000000
    25 0.000000 0.000000 0.000000 0.000000 0.000000 0.000000
    26 0.000000 0.000000 0.000000 0.000000 0.000000 0.000000
    27 0.000000 0.000000 0.000000 0.000000 0.000000 0.000000
    28 0.000000 0.000000 0.000000 0.000000 0.000000 0.000000
    29 0.000000 0.000000 0.000000 0.000000 0.000000 0.000000
    30 0.000000 0.000000 0.000000 0.000000 0.000000 0.000000
    31 0.000000 0.000000 0.000000 0.000000 0.000000 0.000000
    32 0.000000 0.000000 0.000000 0.000000 0.000000 0.000000
    33 0.000000 0.000000 0.000000 0.000000 0.000000 0.000000
    34 0.000000 0.000000 0.000000 0.000000 0.000000 0.000000
    35 0.000000 0.000000 0.000000 0.000000 0.000000 0.000000
    36 0.000000 0.000000 0.000000 0.000000 0.000000 0.000000
    37 0.000000 0.000000 0.000000 0.000000 0.000000 0.000000
    38 0.000000 0.000000 0.000000 0.000000 0.000000 0.000000
    39 0.000000 0.000000 0.000000 0.000000 0.000000 0.000000
    40 0.000000 0.000000 0.000000 0.000000 0.000000 0.000000
    41 0.000000 0.000000 0.000000 0.000000 0.000000 0.000000
    42 0.000000 0.000000 0.000000 0.000000 0.000000 0.000000
    43 0.000000 0.000000 0.000000 0.000000 0.000000 0.000000
    44 0.000000 0.000000 0.000000 0.000000 0.000000 0.000000
    45 0.000000 0.000000 0.000000 0.000000 0.000000 0.000000
    46 0.000000 0.000000 0.000000 0.000000 0.000000 0.000000
    47 0.000000 0.000000 0.000000 0.000000 0.000000 0.000000
    48 0.000000 0.000000 0.000000 0.000000 0.000000 0.000000
    49 0.000000 0.000000 0.000000 0.000000 0.000000 0.000000
    50 0.000000 0.000000 0.000000 0.000000 0.000000 0.000000
    51 0.000000 0.000000 0.000000 0.000000 0.000000 0.000000
    52 0.000000 0.000000 0.000000 0.000000 0.000000 0.000000
    53 0.000000 0.000000 0.000000 0.000000 0.000000 0.000000
    54 0.000000 0.000000 0.000000 0.000000 0.000000 0.000000
    55 0.000000 0.000000 0.000000 0.000000 0.000000 0.000000
    56 0.000000 0.000000 0.000000 0.000000 0.000000 0.000000
    57 0.000000 0.000000 0.000000 0.000000 0.000000 0.000000
    58 0.000000 0.000000 0.000000 0.000000 0.000000 0.000000
    59 0.000000 0.000000 0.000000 0.000000 0.000000 0.000000
    60 0.000000 0.000000 0.000000 0.000000 0.000000 0.000000
    61 0.000000 0.000000 0.000000 0.000000 0.000000 0.000000
    62 0.000000 0.000000 0.000000 0.000000 0.000000 0.000000
    63 0.000000 0.000000 0.000000 0.000000 0.000000 0.000000
    64 0.000000 0.000000 0.000000 0.000000 0.000000 0.000000
    65 0.000000 0.000000 0.000000 0.000000 0.000000 0.000000
    66 0.000000 0.000000 0.000000 0.000000 0.000000 0.000000
    67 0.000000 0.000000 0.000000 0.000000 0.000000 0.000000
    68 0.000000 0.000000 0.000000 0.000000 0.000000 0.000000
    69 0.000000 0.000000 0.000000 0.000000 0.000000 0.000000
    70 0.000000 0.000000 0.000000 0.000000 0.000000 0.000000
    71 0.000000 0.000000 0.000000 0.000000 0.000000 0.000000
    72 0.000000 0.000000 0.000000 0.000000 0.000000 0.000000
    73 0.000000 0.000000 0.000000 0.000000 0.000000 0.000000
    74 0.000000 0.000000 0.000000 0.000000 0.000000 0.000000
    75 0.000000 0.000000 0.000000 0.000000 0.000000 0.000000
    76 0.000000 0.000000 0.000000 0.000000 0.000000 0.000000
    77 0.000000 0.000000 0.000000 0.000000 0.000000 0.000000
    78 0.000000 0.000000 0.000000 0.000000 0.000000 0.000000
    79 0.000000 0.000000 0.000000 0.000000 0.000000 0.000000
    80 0.000000 0.000000 0.000000 0.000000 0.000000 0.000000
    81 0.000000 0.000000 0.000000 0.000000 0.000000 0.000000
    82 0.000000 0.000000 0.000000 0.000000 0.000000 0.000000
    83 0.000000 0.000000 0.000000 0.000000 0.000000 0.000000
    84 0.000000 0.000000 0.000000 0.000000 0.000000 0.000000
    85 0.000000 0.000000 0.000000 0.000000 0.000000 0.000000
    86 0.000000 0.000000 0.000000 0.000000 0.000000 0.000000
    87 0.000000 0.000000 0.000000 0.000000 0.000000 0.000000
    88 0.000000 0.000000 0.000000 0.000000 0.000000 0.000000
    89 0.000000 0.000000 0.000000 0.000000 0.000000 0.000000
    90 0.000000 0.000000 0.000000 0.000000 0.000000 0.000000
    91 0.000000 0.000000 0.000000 0.000000 0.000000 0.000000
    92 0.000000 0.000000 0.000000 0.000000 0.000000 0.000000
    93 0.000000 0.000000 0.000000 0.000000 0.000000 0.000000
    94 0.000000 0.000000 0.000000 0.000000 0.000000 0.000000
    95 0.000000 0.000000 0.000000 0.000000 0.000000 0.000000
    96 0.000000 0.000000 0.000000 0.000000 0.000000 0.000000
    97 0.000000 0.000000 0.000000 0.000000 0.000000 0.000000
    98 0.000000 0.000000 0.000000 0.000000 0.000000 0.000000
    99 0.000000 0.000000 0.000000 0.000000 0.000000 0.000000
    100 0.000000 0.000000 0.000000 0.000000 0.000000 0.000000
    101 0.000000 0.000000 0.000000 0.000000 0.000000 0.000000
    102 0.000000 0.000000 0.000000 0.000000 0.000000 0.000000
    103 0.000000 0.000000 0.000000 0.000000 0.000000 0.000000
    104 0.000000 0.000000 0.000000 0.000000 0.000000 0.000000
    105 0.000000 0.000000 0.000000 0.000000 0.000000 0.000000
    106 0.000000 0.000000 0.000000 0.000000 0.000000 0.000000
    107 0.000000 0.000000 0.000000 0.000000 0.000000 0.000000
    108 0.000000 0.000000 0.000000 0.000000 0.000000 0.000000
    109 0.000000 0.000000 0.000000 0.000000 0.000000 0.000000
    110 0.000000 0.000000 0.000000 0.000000 0.000000 0.000000
    111 0.000000 0.000000 0.000000 0.000000 0.000000 -1.570796
    112 -1.093783 -0.648457 0.269539 -0.266414 0.014395 -1.636996
    113 0.000000 0.000000 0.000000 0.000000 0.000000 0.000000
    114 0.000000 0.000000 0.000000 0.000000 0.000000 -1.570796
    115 0.000000 0.000000 0.000000 0.000000 0.000000 0.000000
    116 0.000000 0.000000 0.000000 0.000000 0.000000 0.000000
    117 0.000000 0.000000 0.000000 0.000000 0.000000 0.000000
    118 0.000000 0.000000 0.000000 0.000000 0.000000 0.000000
    119 0.000000 0.000000 0.000000 0.000000 0.000000 0.000000
    120 0.000000 0.000000 0.000000 0.000000 0.000000 0.000000
    121 0.000000 0.000000 0.000000 0.000000 0.000000 0.000000
    122 0.000000 0.000000 0.000000 0.000000 0.000000 0.000000
    123 0.000000 0.000000 0.000000 0.000000 0.000000 0.000000
    124 0.000000 0.000000 0.000000 0.000000 0.000000 0.000000
    125 0.000000 0.000000 0.000000 0.000000 0.000000 0.000000
    126 0.000000 0.000000 0.000000 0.000000 0.000000 0.000000
    127 0.000000 0.000000 0.000000 0.000000 0.000000 0.000000
    128 0.000000 0.000000 0.000000 0.000000 0.000000 0.000000
    129 0.000000 0.000000 0.000000 0.000000 0.000000 0.000000
    130 0.000000 0.000000 0.000000 0.000000 0.000000 0.000000
    131 0.000000 0.000000 0.000000 0.000000 0.000000 0.000000
    132 0.000000 0.000000 0.000000 0.000000 0.000000 0.000000
    133 0.000000 0.000000 0.000000 0.000000 0.000000 0.000000
    134 0.000000 0.000000 0.000000 0.000000 0.000000 0.000000
    135 0.000000 0.000000 0.000000 0.000000 0.000000 0.000000
    136 0.000000 0.000000 0.000000 0.000000 0.000000 0.000000
    137 0.000000 0.000000 0.000000 0.000000 0.000000 0.000000
    138 0.000000 0.000000 0.000000 0.000000 0.000000 0.000000
    139 0.000000 0.000000 0.000000 0.000000 0.000000 0.000000
    140 0.000000 0.000000 0.000000 0.000000 0.000000 0.000000
    141 0.000000 0.000000 0.000000 0.000000 0.000000 0.000000
    142 0.000000 0.000000 0.000000 0.000000 0.000000 0.000000
    143 0.000000 0.000000 0.000000 0.000000 0.000000 0.000000
    144 0.000000 0.000000 0.000000 0.000000 0.000000 0.000000
    145 0.000000 0.000000 0.000000 0.000000 0.000000 0.000000
    146 0.000000 0.000000 0.000000 0.000000 0.000000 0.000000
    147 0.000000 0.000000 0.000000 0.000000 0.000000 0.000000
    148 0.000000 0.000000 0.000000 0.000000 0.000000 0.000000
    149 0.000000 0.000000 0.000000 0.000000 0.000000 0.000000
    150 0.000000 0.000000 0.000000 0.000000 0.000000 0.000000
    151 0.000000 0.000000 0.000000 0.000000 0.000000 0.000000
    152 0.000000 0.000000 0.000000 0.000000 0.000000 0.000000
    153 0.000000 0.000000 0.000000 0.000000 0.000000 0.000000
    154 0.000000 0.000000 0.000000 0.000000 0.000000 0.000000
    155 0.000000 0.000000 0.000000 0.000000 0.000000 0.000000
    156 0.000000 0.000000 0.000000 0.000000 0.000000 0.000000
    157 0.000000 0.000000 0.000000 0.000000 0.000000 0.000000
    158 0.000000 0.000000 0.000000 0.000000 0.000000 0.000000
    159 0.000000 0.000000 0.000000 0.000000 0.000000 0.000000
    160 0.000000 0.000000 0.000000 0.000000 0.000000 0.000000
    161 0.000000 0.000000 0.000000 0.000000 0.000000 0.000000
    162 0.000000 0.000000 0.000000 0.000000 0.000000 0.000000
    163 0.000000 0.000000 0.000000 0.000000 0.000000 0.000000
    164 0.000000 0.000000 0.000000 0.000000 0.000000 0.000000
    165 0.000000 0.000000 0.000000 0.000000 0.000000 0.000000
    166 0.000000 0.000000 0.000000 0.000000 0.000000 0.000000
    167 0.000000 0.000000 0.000000 0.000000 0.000000 0.000000
    168 0.000000 0.000000 0.000000 0.000000 0.000000 0.000000
    169 0.000000 0.000000 0.000000 0.000000 0.000000 0.000000
    170 0.000000 0.000000 0.000000 0.000000 0.000000 0.000000
    171 0.000000 0.000000 0.000000 0.000000 0.000000 0.000000
    172 0.000000 0.000000 0.000000 0.000000 0.000000 0.000000
    173 0.000000 0.000000 0.000000 0.000000 0.000000 0.000000
    174 0.000000 0.000000 0.000000 0.000000 0.000000 0.000000
    175 0.000000 0.000000 0.000000 0.000000 0.000000 0.000000
    176 0.000000 0.000000 0.000000 0.000000 0.000000 0.000000
    177 0.000000 0.000000 0.000000 0.000000 0.000000 0.000000
    178 0.000000 0.000000 0.000000 0.000000 0.000000 0.000000
    179 0.000000 0.000000 0.000000 0.000000 0.000000 0.000000
    180 0.000000 0.000000 0.000000 0.000000 0.000000 0.000000
    181 0.000000 0.000000 0.000000 0.000000 0.000000 0.000000
    182 0.000000 0.000000 0.000000 0.000000 0.000000 0.000000
    183 0.000000 0.000000 0.000000 0.000000 0.000000 0.000000
    184 0.000000 0.000000 0.000000 0.000000 0.000000 0.000000
    185 0.000000 0.000000 0.000000 0.000000 0.000000 0.000000
    186 0.000000 0.000000 0.000000 0.000000 0.000000 0.000000
    187 0.000000 0.000000 0.000000 0.000000 0.000000 0.000000
    188 0.000000 0.000000 0.000000 0.000000 0.000000 0.000000
    189 0.000000 0.000000 0.000000 0.000000 0.000000 0.000000
    190 0.000000 0.000000 0.000000 0.000000 0.000000 0.000000
    191 0.000000 0.000000 0.000000 -0.017733 0.000000 0.000000
    192 0.000000 0.000000 0.000000 0.000000 0.000000 0.000000
    193 0.000000 0.000000 0.000000 0.000000 0.000000 0.000000
    194 0.000000 0.000000 0.000000 0.000000 0.000000 0.000000
    195 0.000000 0.000000 0.000000 0.000000 0.000000 0.000000
    196 0.000000 0.000000 0.000000 0.000000 0.000000 0.000000
    197 0.000000 0.000000 0.000000 0.000000 0.000000 0.000000
    198 0.000000 0.000000 0.000000 0.000000 0.000000 0.000000
    199 0.000000 0.000000 0.000000 0.000000 0.000000 0.000000
    200 0.000000 0.000000 0.000000 0.000000 0.000000 0.000000
    201 0.000000 0.000000 0.000000 0.000000 0.000000 0.000000
    202 0.000000 0.000000 0.000000 0.000000 0.000000 0.000000
    203 0.000000 0.000000 0.000000 0.000000 0.000000 0.000000
    204 0.000000 0.000000 0.000000 0.000000 0.000000 0.000000
    205 0.000000 0.000000 0.000000 0.000000 0.000000 0.000000
    206 0.000000 0.000000 0.000000 0.000000 0.000000 0.000000
    207 0.000000 0.000000 0.000000 0.000000 0.000000 0.000000
    208 0.000000 0.000000 0.000000 0.000000 0.000000 0.000000
    209 0.000000 0.000000 0.000000 0.000000 0.000000 0.000000
    210 0.000000 0.000000 0.000000 0.000000 0.000000 0.000000
    211 0.000000 0.000000 0.000000 0.000000 0.000000 0.000000
    212 0.000000 0.000000 0.000000 0.000000 0.000000 0.000000
    213 0.000000 0.000000 0.000000 0.000000 0.000000 0.000000
    214 0.000000 0.000000 0.000000 0.000000 0.000000 0.000000
    215 0.000000 0.000000 0.000000 0.000000 0.000000 0.000000
    216 0.000000 0.000000 0.000000 0.000000 0.000000 0.000000
    217 0.000000 0.000000 0.000000 0.000000 0.000000 0.000000
    218 0.000000 0.000000 0.000000 0.000000 0.000000 0.000000
    219 0.000000 0.000000 0.000000 0.000000 0.000000 0.000000
    220 0.000000 0.000000 0.000000 0.000000 0.000000 0.000000
    221 0.000000 0.000000 0.000000 0.000000 0.000000 0.000000
    222 0.000000 0.000000 0.000000 0.000000 0.000000 0.000000
    223 0.000000 0.000000 0.000000 0.000000 0.000000 0.000000
    224 0.000000 0.000000 0.000000 0.000000 0.000000 0.000000
    225 0.000000 0.000000 0.000000 0.000000 0.000000 0.000000
    226 0.000000 0.000000 0.000000 0.000000 0.000000 0.000000
    227 0.613300 -1.882870 0.132817 -0.266414 0.014393 -0.066292
    228 0.000000 0.000000 0.000000 0.000000 0.000000 0.000000
    229 0.000000 0.000000 0.000000 0.000000 0.000000 0.000000
    230 0.000000 0.000000 0.000000 0.003440 0.000000 0.000000
    231 0.000000 0.000000 0.000000 0.000000 0.000000 0.000000
    232 0.000000 0.000000 0.000000 0.000000 0.000000 0.000000
    233 0.000000 0.000000 0.000000 0.000000 0.000000 0.000000
    234 -2.699301 -0.535173 0.156255 -0.266377 0.014403 -1.637082
    235 0.000000 0.000000 0.000000 0.000000 0.000000 0.000000
    236 0.000000 0.000000 0.000000 0.000000 0.000000 0.000000
    237 0.000000 0.000000 0.000000 0.000000 0.000000 0.000000
    238 0.000000 0.000000 0.000000 0.000000 0.000000 0.000000
    239 0.000000 0.000000 0.000000 0.000000 0.000000 0.000000
    240 0.000000 0.000000 0.000000 0.000000 0.000000 0.000000
    241 0.000000 0.000000 0.000000 0.000000 0.000000 0.000000
    242 0.000000 0.000000 0.000000 0.000000 0.000000 0.000000
    243 0.000000 0.000000 0.000000 0.000000 0.000000 0.000000
    244 0.000000 0.000000 0.000000 0.000000 0.000000 0.000000
    245 0.000000 0.000000 0.000000 0.000000 0.000000 0.000000
    246 0.000000 0.000000 0.000000 0.000000 0.000000 -1.570796
  time 42
    0 0.000000 0.000000 0.000000 0.000000 0.000000 -1.570796
    1 0.000000 0.000000 0.000000 0.000000 0.000000 0.000000
    2 0.000000 0.000000 0.000000 0.000000 0.000000 0.000000
    3 0.000000 0.000000 0.000000 0.000000 0.000000 0.000000
    4 0.000000 0.000000 0.000000 0.000000 0.000000 0.000000
    5 0.000000 0.000000 0.000000 0.000000 0.000000 0.000000
    6 0.000000 0.000000 0.000000 0.000000 0.000000 0.000000
    7 0.000000 0.000000 0.000000 0.000000 0.000000 0.000000
    8 0.089846 0.093753 -0.175787 0.096397 0.238685 0.132648
    9 0.000000 0.000000 0.000000 0.089379 0.001404 -0.280665
    10 0.000000 0.000000 0.000000 0.000000 0.000000 0.000000
    11 0.000000 0.000000 0.000000 0.000000 0.000000 0.000000
    12 0.000000 0.000000 0.000000 0.000000 0.000000 0.000000
    13 0.000000 0.000000 0.000000 0.020746 0.000060 0.000000
    14 0.000000 0.000000 0.000000 -0.000060 0.000000 0.291281
    15 0.000000 0.000000 0.000000 0.000000 0.000000 0.000000
    16 0.000000 0.000000 0.000000 0.000000 0.000000 0.000000
    17 0.000000 0.000000 0.000000 0.000000 0.000000 0.000000
    18 0.000000 0.000000 0.000000 0.000000 0.000000 0.000000
    19 0.000000 0.000000 0.000000 -0.042579 0.000000 0.000000
    20 -0.308603 -0.042970 0.000000 0.000000 -0.000060 -0.145626
    21 0.000000 0.000000 0.000000 -0.317769 -0.008520 -0.071340
    22 0.000000 0.000000 0.000000 0.000000 0.000000 0.000000
    23 0.000000 0.000000 0.000000 0.000000 0.000000 0.000000
    24 0.000000 0.000000 0.000000 0.000000 0.000000 0.000000
    25 0.000000 0.000000 0.000000 0.000000 0.000000 0.000000
    26 0.000000 0.000000 0.000000 0.000000 0.000000 0.000000
    27 0.000000 0.000000 0.000000 0.000000 0.000000 0.000000
    28 0.000000 0.000000 0.000000 0.000000 0.000000 0.000000
    29 0.000000 0.000000 0.000000 0.000000 0.000000 0.000000
    30 0.000000 0.000000 0.000000 0.000000 0.000000 0.000000
    31 0.000000 0.000000 0.000000 0.000000 0.000000 0.000000
    32 0.000000 0.000000 0.000000 0.000000 0.000000 0.000000
    33 0.000000 0.000000 0.000000 0.000000 0.000000 0.000000
    34 0.000000 0.000000 0.000000 0.000000 0.000000 0.000000
    35 0.000000 0.000000 0.000000 0.000000 0.000000 0.000000
    36 0.000000 0.000000 0.000000 0.000000 0.000000 0.000000
    37 0.000000 0.000000 0.000000 0.000000 0.000000 0.000000
    38 0.000000 0.000000 0.000000 0.000000 0.000000 0.000000
    39 0.000000 0.000000 0.000000 0.000000 0.000000 0.000000
    40 0.000000 0.000000 0.000000 0.000000 0.000000 0.000000
    41 0.000000 0.000000 0.000000 0.000000 0.000000 0.000000
    42 0.000000 0.000000 0.000000 0.000000 0.000000 0.000000
    43 0.000000 0.000000 0.000000 0.000000 0.000000 0.000000
    44 0.000000 0.000000 0.000000 0.000000 0.000000 0.000000
    45 0.000000 0.000000 0.000000 0.000000 0.000000 0.000000
    46 0.000000 0.000000 0.000000 0.000000 0.000000 0.000000
    47 0.000000 0.000000 0.000000 0.000000 0.000000 0.000000
    48 0.000000 0.000000 0.000000 0.000000 0.000000 0.000000
    49 0.000000 0.000000 0.000000 0.000000 0.000000 0.000000
    50 0.000000 0.000000 0.000000 0.000000 0.000000 0.000000
    51 0.000000 0.000000 0.000000 0.000000 0.000000 0.000000
    52 0.000000 0.000000 0.000000 0.000000 0.000000 0.000000
    53 0.000000 0.000000 0.000000 0.000000 0.000000 0.000000
    54 0.000000 0.000000 0.000000 0.000000 0.000000 0.000000
    55 0.000000 0.000000 0.000000 0.000000 0.000000 0.000000
    56 0.000000 0.000000 0.000000 0.000000 0.000000 0.000000
    57 0.000000 0.000000 0.000000 0.000000 0.000000 0.000000
    58 0.000000 0.000000 0.000000 0.000000 0.000000 0.000000
    59 0.000000 0.000000 0.000000 0.000000 0.000000 0.000000
    60 0.000000 0.000000 0.000000 0.000000 0.000000 0.000000
    61 0.000000 0.000000 0.000000 0.000000 0.000000 0.000000
    62 0.000000 0.000000 0.000000 0.000000 0.000000 0.000000
    63 0.000000 0.000000 0.000000 0.000000 0.000000 0.000000
    64 0.000000 0.000000 0.000000 0.000000 0.000000 0.000000
    65 0.000000 0.000000 0.000000 0.000000 0.000000 0.000000
    66 0.000000 0.000000 0.000000 0.000000 0.000000 0.000000
    67 0.000000 0.000000 0.000000 0.000000 0.000000 0.000000
    68 0.000000 0.000000 0.000000 0.000000 0.000000 0.000000
    69 0.000000 0.000000 0.000000 0.000000 0.000000 0.000000
    70 0.000000 0.000000 0.000000 0.000000 0.000000 0.000000
    71 0.000000 0.000000 0.000000 0.000000 0.000000 0.000000
    72 0.000000 0.000000 0.000000 0.000000 0.000000 0.000000
    73 0.000000 0.000000 0.000000 0.000000 0.000000 0.000000
    74 0.000000 0.000000 0.000000 0.000000 0.000000 0.000000
    75 0.000000 0.000000 0.000000 0.000000 0.000000 0.000000
    76 0.000000 0.000000 0.000000 0.000000 0.000000 0.000000
    77 0.000000 0.000000 0.000000 0.000000 0.000000 0.000000
    78 0.000000 0.000000 0.000000 0.000000 0.000000 0.000000
    79 0.000000 0.000000 0.000000 0.000000 0.000000 0.000000
    80 0.000000 0.000000 0.000000 0.000000 0.000000 0.000000
    81 0.000000 0.000000 0.000000 0.000000 0.000000 0.000000
    82 0.000000 0.000000 0.000000 0.000000 0.000000 0.000000
    83 0.000000 0.000000 0.000000 0.000000 0.000000 0.000000
    84 0.000000 0.000000 0.000000 0.000000 0.000000 0.000000
    85 0.000000 0.000000 0.000000 0.000000 0.000000 0.000000
    86 0.000000 0.000000 0.000000 0.000000 0.000000 0.000000
    87 0.000000 0.000000 0.000000 0.000000 0.000000 0.000000
    88 0.000000 0.000000 0.000000 0.000000 0.000000 0.000000
    89 0.000000 0.000000 0.000000 0.000000 0.000000 0.000000
    90 0.000000 0.000000 0.000000 0.000000 0.000000 0.000000
    91 0.000000 0.000000 0.000000 0.000000 0.000000 0.000000
    92 0.000000 0.000000 0.000000 0.000000 0.000000 0.000000
    93 0.000000 0.000000 0.000000 0.000000 0.000000 0.000000
    94 0.000000 0.000000 0.000000 0.000000 0.000000 0.000000
    95 0.000000 0.000000 0.000000 0.000000 0.000000 0.000000
    96 0.000000 0.000000 0.000000 0.000000 0.000000 0.000000
    97 0.000000 0.000000 0.000000 0.000000 0.000000 0.000000
    98 0.000000 0.000000 0.000000 0.000000 0.000000 0.000000
    99 0.000000 0.000000 0.000000 0.000000 0.000000 0.000000
    100 0.000000 0.000000 0.000000 0.000000 0.000000 0.000000
    101 0.000000 0.000000 0.000000 0.000000 0.000000 0.000000
    102 0.000000 0.000000 0.000000 0.000000 0.000000 0.000000
    103 0.000000 0.000000 0.000000 0.000000 0.000000 0.000000
    104 0.000000 0.000000 0.000000 0.000000 0.000000 0.000000
    105 0.000000 0.000000 0.000000 0.000000 0.000000 0.000000
    106 0.000000 0.000000 0.000000 0.000000 0.000000 0.000000
    107 0.000000 0.000000 0.000000 0.000000 0.000000 0.000000
    108 0.000000 0.000000 0.000000 0.000000 0.000000 0.000000
    109 0.000000 0.000000 0.000000 0.000000 0.000000 0.000000
    110 0.000000 0.000000 0.000000 0.000000 0.000000 0.000000
    111 0.000000 0.000000 0.000000 0.000000 0.000000 -1.570796
    112 -1.207068 -0.996124 0.363292 -0.265628 0.012440 -1.672147
    113 0.000000 0.000000 0.000000 0.000000 0.000000 0.000000
    114 0.000000 0.000000 0.000000 0.000000 0.000000 -1.570796
    115 0.000000 0.000000 0.000000 0.000000 0.000000 0.000000
    116 0.000000 0.000000 0.000000 0.000000 0.000000 0.000000
    117 0.000000 0.000000 0.000000 0.000000 0.000000 0.000000
    118 0.000000 0.000000 0.000000 0.000000 0.000000 0.000000
    119 0.000000 0.000000 0.000000 0.000000 0.000000 0.000000
    120 0.000000 0.000000 0.000000 0.000000 0.000000 0.000000
    121 0.000000 0.000000 0.000000 0.000000 0.000000 0.000000
    122 0.000000 0.000000 0.000000 0.000000 0.000000 0.000000
    123 0.000000 0.000000 0.000000 0.000000 0.000000 0.000000
    124 0.000000 0.000000 0.000000 0.000000 0.000000 0.000000
    125 0.000000 0.000000 0.000000 0.000000 0.000000 0.000000
    126 0.000000 0.000000 0.000000 0.000000 0.000000 0.000000
    127 0.000000 0.000000 0.000000 0.000000 0.000000 0.000000
    128 0.000000 0.000000 0.000000 0.000000 0.000000 0.000000
    129 0.000000 0.000000 0.000000 0.000000 0.000000 0.000000
    130 0.000000 0.000000 0.000000 0.000000 0.000000 0.000000
    131 0.000000 0.000000 0.000000 0.000000 0.000000 0.000000
    132 0.000000 0.000000 0.000000 0.000000 0.000000 0.000000
    133 0.000000 0.000000 0.000000 0.000000 0.000000 0.000000
    134 0.000000 0.000000 0.000000 0.000000 0.000000 0.000000
    135 0.000000 0.000000 0.000000 0.000000 0.000000 0.000000
    136 0.000000 0.000000 0.000000 0.000000 0.000000 0.000000
    137 0.000000 0.000000 0.000000 0.000000 0.000000 0.000000
    138 0.000000 0.000000 0.000000 0.000000 0.000000 0.000000
    139 0.000000 0.000000 0.000000 0.000000 0.000000 0.000000
    140 0.000000 0.000000 0.000000 0.000000 0.000000 0.000000
    141 0.000000 0.000000 0.000000 0.000000 0.000000 0.000000
    142 0.000000 0.000000 0.000000 0.000000 0.000000 0.000000
    143 0.000000 0.000000 0.000000 0.000000 0.000000 0.000000
    144 0.000000 0.000000 0.000000 0.000000 0.000000 0.000000
    145 0.000000 0.000000 0.000000 0.000000 0.000000 0.000000
    146 0.000000 0.000000 0.000000 0.000000 0.000000 0.000000
    147 0.000000 0.000000 0.000000 0.000000 0.000000 0.000000
    148 0.000000 0.000000 0.000000 0.000000 0.000000 0.000000
    149 0.000000 0.000000 0.000000 0.000000 0.000000 0.000000
    150 0.000000 0.000000 0.000000 0.000000 0.000000 0.000000
    151 0.000000 0.000000 0.000000 0.000000 0.000000 0.000000
    152 0.000000 0.000000 0.000000 0.000000 0.000000 0.000000
    153 0.000000 0.000000 0.000000 0.000000 0.000000 0.000000
    154 0.000000 0.000000 0.000000 0.000000 0.000000 0.000000
    155 0.000000 0.000000 0.000000 0.000000 0.000000 0.000000
    156 0.000000 0.000000 0.000000 0.000000 0.000000 0.000000
    157 0.000000 0.000000 0.000000 0.000000 0.000000 0.000000
    158 0.000000 0.000000 0.000000 0.000000 0.000000 0.000000
    159 0.000000 0.000000 0.000000 0.000000 0.000000 0.000000
    160 0.000000 0.000000 0.000000 0.000000 0.000000 0.000000
    161 0.000000 0.000000 0.000000 0.000000 0.000000 0.000000
    162 0.000000 0.000000 0.000000 0.000000 0.000000 0.000000
    163 0.000000 0.000000 0.000000 0.000000 0.000000 0.000000
    164 0.000000 0.000000 0.000000 0.000000 0.000000 0.000000
    165 0.000000 0.000000 0.000000 0.000000 0.000000 0.000000
    166 0.000000 0.000000 0.000000 0.000000 0.000000 0.000000
    167 0.000000 0.000000 0.000000 0.000000 0.000000 0.000000
    168 0.000000 0.000000 0.000000 0.000000 0.000000 0.000000
    169 0.000000 0.000000 0.000000 0.000000 0.000000 0.000000
    170 0.000000 0.000000 0.000000 0.000000 0.000000 0.000000
    171 0.000000 0.000000 0.000000 0.000000 0.000000 0.000000
    172 0.000000 0.000000 0.000000 0.000000 0.000000 0.000000
    173 0.000000 0.000000 0.000000 0.000000 0.000000 0.000000
    174 0.000000 0.000000 0.000000 0.000000 0.000000 0.000000
    175 0.000000 0.000000 0.000000 0.000000 0.000000 0.000000
    176 0.000000 0.000000 0.000000 0.000000 0.000000 0.000000
    177 0.000000 0.000000 0.000000 0.000000 0.000000 0.000000
    178 0.000000 0.000000 0.000000 0.000000 0.000000 0.000000
    179 0.000000 0.000000 0.000000 0.000000 0.000000 0.000000
    180 0.000000 0.000000 0.000000 0.000000 0.000000 0.000000
    181 0.000000 0.000000 0.000000 0.000000 0.000000 0.000000
    182 0.000000 0.000000 0.000000 0.000000 0.000000 0.000000
    183 0.000000 0.000000 0.000000 0.000000 0.000000 0.000000
    184 0.000000 0.000000 0.000000 0.000000 0.000000 0.000000
    185 0.000000 0.000000 0.000000 0.000000 0.000000 0.000000
    186 0.000000 0.000000 0.000000 0.000000 0.000000 0.000000
    187 0.000000 0.000000 0.000000 0.000000 0.000000 0.000000
    188 0.000000 0.000000 0.000000 0.000000 0.000000 0.000000
    189 0.000000 0.000000 0.000000 0.000000 0.000000 0.000000
    190 0.000000 0.000000 0.000000 0.000000 0.000000 0.000000
    191 0.000000 0.000000 0.000000 -0.021279 -0.000060 0.000000
    192 0.000000 0.000000 0.000000 0.000000 0.000000 0.000000
    193 0.000000 0.000000 0.000000 0.000000 0.000000 0.000000
    194 0.000000 0.000000 0.000000 0.000000 0.000000 0.000000
    195 0.000000 0.000000 0.000000 0.000000 0.000000 0.000000
    196 0.000000 0.000000 0.000000 0.000000 0.000000 0.000000
    197 0.000000 0.000000 0.000000 0.000000 0.000000 0.000000
    198 0.000000 0.000000 0.000000 0.000000 0.000000 0.000000
    199 0.000000 0.000000 0.000000 0.000000 0.000000 0.000000
    200 0.000000 0.000000 0.000000 0.000000 0.000000 0.000000
    201 0.000000 0.000000 0.000000 0.000000 0.000000 0.000000
    202 0.000000 0.000000 0.000000 0.000000 0.000000 0.000000
    203 0.000000 0.000000 0.000000 0.000000 0.000000 0.000000
    204 0.000000 0.000000 0.000000 0.000000 0.000000 0.000000
    205 0.000000 0.000000 0.000000 0.000000 0.000000 0.000000
    206 0.000000 0.000000 0.000000 0.000000 0.000000 0.000000
    207 0.000000 0.000000 0.000000 0.000000 0.000000 0.000000
    208 0.000000 0.000000 0.000000 0.000000 0.000000 0.000000
    209 0.000000 0.000000 0.000000 0.000000 0.000000 0.000000
    210 0.000000 0.000000 0.000000 0.000000 0.000000 0.000000
    211 0.000000 0.000000 0.000000 0.000000 0.000000 0.000000
    212 0.000000 0.000000 0.000000 0.000000 0.000000 0.000000
    213 0.000000 0.000000 0.000000 0.000000 0.000000 0.000000
    214 0.000000 0.000000 0.000000 0.000000 0.000000 0.000000
    215 0.000000 0.000000 0.000000 0.000000 0.000000 0.000000
    216 0.000000 0.000000 0.000000 0.000000 0.000000 0.000000
    217 0.000000 0.000000 0.000000 0.000000 0.000000 0.000000
    218 0.000000 0.000000 0.000000 0.000000 0.000000 0.000000
    219 0.000000 0.000000 0.000000 0.000000 0.000000 0.000000
    220 0.000000 0.000000 0.000000 0.000000 0.000000 0.000000
    221 0.000000 0.000000 0.000000 0.000000 0.000000 0.000000
    222 0.000000 0.000000 0.000000 0.000000 0.000000 0.000000
    223 0.000000 0.000000 0.000000 0.000000 0.000000 0.000000
    224 0.000000 0.000000 0.000000 0.000000 0.000000 0.000000
    225 0.000000 0.000000 0.000000 0.000000 0.000000 0.000000
    226 0.000000 0.000000 0.000000 0.000000 0.000000 0.000000
    227 0.925810 -2.359447 0.250008 -0.265628 0.012439 -0.101350
    228 0.000000 0.000000 0.000000 0.000000 0.000000 0.000000
    229 0.000000 0.000000 0.000000 0.000000 0.000000 0.000000
    230 0.000000 0.000000 0.000000 0.002601 0.000000 0.000000
    231 0.000000 0.000000 0.000000 0.000000 0.000000 0.000000
    232 0.000000 0.000000 0.000000 0.000000 0.000000 0.000000
    233 0.000000 0.000000 0.000000 0.000000 0.000000 0.000000
    234 -3.300882 -0.824244 0.281259 -0.265591 0.012453 -1.672140
    235 0.000000 0.000000 0.000000 0.000000 0.000000 0.000000
    236 0.000000 0.000000 0.000000 0.000000 0.000000 0.000000
    237 0.000000 0.000000 0.000000 0.000000 0.000000 0.000000
    238 0.000000 0.000000 0.000000 0.000000 0.000000 0.000000
    239 0.000000 0.000000 0.000000 0.000000 0.000000 0.000000
    240 0.000000 0.000000 0.000000 0.000000 0.000000 0.000000
    241 0.000000 0.000000 0.000000 0.000000 0.000000 0.000000
    242 0.000000 0.000000 0.000000 0.000000 0.000000 0.000000
    243 0.000000 0.000000 0.000000 0.000000 0.000000 0.000000
    244 0.000000 0.000000 0.000000 0.000000 0.000000 0.000000
    245 0.000000 0.000000 0.000000 0.000000 0.000000 0.000000
    246 0.000000 0.000000 0.000000 0.000000 0.000000 -1.570796
  time 43
    0 0.000000 0.000000 0.000000 0.000000 0.000000 -1.570796
    1 0.000000 0.000000 0.000000 0.000000 0.000000 0.000000
    2 0.000000 0.000000 0.000000 0.000000 0.000000 0.000000
    3 0.000000 0.000000 0.000000 0.000000 0.000000 0.000000
    4 0.000000 0.000000 0.000000 0.000000 0.000000 0.000000
    5 0.000000 0.000000 0.000000 0.000000 0.000000 0.000000
    6 0.000000 0.000000 0.000000 0.000000 0.000000 0.000000
    7 0.000000 0.000000 0.000000 0.000000 0.000000 0.000000
    8 0.468764 0.128910 -0.343760 0.050089 0.173655 0.149600
    9 0.000000 0.000000 0.000000 0.068922 -0.000183 -0.261837
    10 0.000000 0.000000 0.000000 0.000000 0.000000 0.000000
    11 0.000000 0.000000 0.000000 0.000000 0.000000 0.000000
    12 0.000000 0.000000 0.000000 0.000000 0.000000 0.000000
    13 0.000000 0.000000 0.000000 0.028662 0.000000 0.000000
    14 0.000000 0.000000 0.000000 -0.000060 0.000000 0.275401
    15 0.000000 0.000000 0.000000 0.000000 0.000000 0.000000
    16 0.000000 0.000000 0.000000 0.000000 0.000000 0.000000
    17 0.000000 0.000000 0.000000 0.000000 0.000000 0.000000
    18 0.000000 0.000000 0.000000 0.000000 0.000000 0.000000
    19 0.000000 0.000000 0.000000 -0.031796 0.000060 0.000000
    20 -0.285165 -0.042970 0.000000 0.000000 -0.000060 -0.137676
    21 0.000000 0.000000 0.000000 -0.239568 0.054107 -0.068595
    22 0.000000 0.000000 0.000000 0.000000 0.000000 0.000000
    23 0.000000 0.000000 0.000000 0.000000 0.000000 0.000000
    24 0.000000 0.000000 0.000000 0.000000 0.000000 0.000000
    25 0.000000 0.000000 0.000000 0.000000 0.000000 0.000000
    26 0.000000 0.000000 0.000000 0.000000 0.000000 0.000000
    27 0.000000 0.000000 0.000000 0.000000 0.000000 0.000000
    28 0.000000 0.000000 0.000000 0.000000 0.000000 0.000000
    29 0.000000 0.000000 0.000000 0.000000 0.000000 0.000000
    30 0.000000 0.000000 0.000000 0.000000 0.000000 0.000000
    31 0.000000 0.000000 0.000000 0.000000 0.000000 0.000000
    32 0.000000 0.000000 0.000000 0.000000 0.000000 0.000000
    33 0.000000 0.000000 0.000000 0.000000 0.000000 0.000000
    34 0.000000 0.000000 0.000000 0.000000 0.000000 0.000000
    35 0.000000 0.000000 0.000000 0.000000 0.000000 0.000000
    36 0.000000 0.000000 0.000000 0.000000 0.000000 0.000000
    37 0.000000 0.000000 0.000000 0.000000 0.000000 0.000000
    38 0.000000 0.000000 0.000000 0.000000 0.000000 0.000000
    39 0.000000 0.000000 0.000000 0.000000 0.000000 0.000000
    40 0.000000 0.000000 0.000000 0.000000 0.000000 0.000000
    41 0.000000 0.000000 0.000000 0.000000 0.000000 0.000000
    42 0.000000 0.000000 0.000000 0.000000 0.000000 0.000000
    43 0.000000 0.000000 0.000000 0.000000 0.000000 0.000000
    44 0.000000 0.000000 0.000000 0.000000 0.000000 0.000000
    45 0.000000 0.000000 0.000000 0.000000 0.000000 0.000000
    46 0.000000 0.000000 0.000000 0.000000 0.000000 0.000000
    47 0.000000 0.000000 0.000000 0.000000 0.000000 0.000000
    48 0.000000 0.000000 0.000000 0.000000 0.000000 0.000000
    49 0.000000 0.000000 0.000000 0.000000 0.000000 0.000000
    50 0.000000 0.000000 0.000000 0.000000 0.000000 0.000000
    51 0.000000 0.000000 0.000000 0.000000 0.000000 0.000000
    52 0.000000 0.000000 0.000000 0.000000 0.000000 0.000000
    53 0.000000 0.000000 0.000000 0.000000 0.000000 0.000000
    54 0.000000 0.000000 0.000000 0.000000 0.000000 0.000000
    55 0.000000 0.000000 0.000000 0.000000 0.000000 0.000000
    56 0.000000 0.000000 0.000000 0.000000 0.000000 0.000000
    57 0.000000 0.000000 0.000000 0.000000 0.000000 0.000000
    58 0.000000 0.000000 0.000000 0.000000 0.000000 0.000000
    59 0.000000 0.000000 0.000000 0.000000 0.000000 0.000000
    60 0.000000 0.000000 0.000000 0.000000 0.000000 0.000000
    61 0.000000 0.000000 0.000000 0.000000 0.000000 0.000000
    62 0.000000 0.000000 0.000000 0.000000 0.000000 0.000000
    63 0.000000 0.000000 0.000000 0.000000 0.000000 0.000000
    64 0.000000 0.000000 0.000000 0.000000 0.000000 0.000000
    65 0.000000 0.000000 0.000000 0.000000 0.000000 0.000000
    66 0.000000 0.000000 0.000000 0.000000 0.000000 0.000000
    67 0.000000 0.000000 0.000000 0.000000 0.000000 0.000000
    68 0.000000 0.000000 0.000000 0.000000 0.000000 0.000000
    69 0.000000 0.000000 0.000000 0.000000 0.000000 0.000000
    70 0.000000 0.000000 0.000000 0.000000 0.000000 0.000000
    71 0.000000 0.000000 0.000000 0.000000 0.000000 0.000000
    72 0.000000 0.000000 0.000000 0.000000 0.000000 0.000000
    73 0.000000 0.000000 0.000000 0.000000 0.000000 0.000000
    74 0.000000 0.000000 0.000000 0.000000 0.000000 0.000000
    75 0.000000 0.000000 0.000000 0.000000 0.000000 0.000000
    76 0.000000 0.000000 0.000000 0.000000 0.000000 0.000000
    77 0.000000 0.000000 0.000000 0.000000 0.000000 0.000000
    78 0.000000 0.000000 0.000000 0.000000 0.000000 0.000000
    79 0.000000 0.000000 0.000000 0.000000 0.000000 0.000000
    80 0.000000 0.000000 0.000000 0.000000 0.000000 0.000000
    81 0.000000 0.000000 0.000000 0.000000 0.000000 0.000000
    82 0.000000 0.000000 0.000000 0.000000 0.000000 0.000000
    83 0.000000 0.000000 0.000000 0.000000 0.000000 0.000000
    84 0.000000 0.000000 0.000000 0.000000 0.000000 0.000000
    85 0.000000 0.000000 0.000000 0.000000 0.000000 0.000000
    86 0.000000 0.000000 0.000000 0.000000 0.000000 0.000000
    87 0.000000 0.000000 0.000000 0.000000 0.000000 0.000000
    88 0.000000 0.000000 0.000000 0.000000 0.000000 0.000000
    89 0.000000 0.000000 0.000000 0.000000 0.000000 0.000000
    90 0.000000 0.000000 0.000000 0.000000 0.000000 0.000000
    91 0.000000 0.000000 0.000000 0.000000 0.000000 0.000000
    92 0.000000 0.000000 0.000000 0.000000 0.000000 0.000000
    93 0.000000 0.000000 0.000000 0.000000 0.000000 0.000000
    94 0.000000 0.000000 0.000000 0.000000 0.000000 0.000000
    95 0.000000 0.000000 0.000000 0.000000 0.000000 0.000000
    96 0.000000 0.000000 0.000000 0.000000 0.000000 0.000000
    97 0.000000 0.000000 0.000000 0.000000 0.000000 0.000000
    98 0.000000 0.000000 0.000000 0.000000 0.000000 0.000000
    99 0.000000 0.000000 0.000000 0.000000 0.000000 0.000000
    100 0.000000 0.000000 0.000000 0.000000 0.000000 0.000000
    101 0.000000 0.000000 0.000000 0.000000 0.000000 0.000000
    102 0.000000 0.000000 0.000000 0.000000 0.000000 0.000000
    103 0.000000 0.000000 0.000000 0.000000 0.000000 0.000000
    104 0.000000 0.000000 0.000000 0.000000 0.000000 0.000000
    105 0.000000 0.000000 0.000000 0.000000 0.000000 0.000000
    106 0.000000 0.000000 0.000000 0.000000 0.000000 0.000000
    107 0.000000 0.000000 0.000000 0.000000 0.000000 0.000000
    108 0.000000 0.000000 0.000000 0.000000 0.000000 0.000000
    109 0.000000 0.000000 0.000000 0.000000 0.000000 0.000000
    110 0.000000 0.000000 0.000000 0.000000 0.000000 0.000000
    111 0.000000 0.000000 0.000000 0.000000 0.000000 -1.570796
    112 -1.195349 -1.238319 0.359386 -0.189522 0.000622 -1.704221
    113 0.000000 0.000000 0.000000 0.000000 0.000000 0.000000
    114 0.000000 0.000000 0.000000 0.000000 0.000000 -1.570796
    115 0.000000 0.000000 0.000000 0.000000 0.000000 0.000000
    116 0.000000 0.000000 0.000000 0.000000 0.000000 0.000000
    117 0.000000 0.000000 0.000000 0.000000 0.000000 0.000000
    118 0.000000 0.000000 0.000000 0.000000 0.000000 0.000000
    119 0.000000 0.000000 0.000000 0.000000 0.000000 0.000000
    120 0.000000 0.000000 0.000000 0.000000 0.000000 0.000000
    121 0.000000 0.000000 0.000000 0.000000 0.000000 0.000000
    122 0.000000 0.000000 0.000000 0.000000 0.000000 0.000000
    123 0.000000 0.000000 0.000000 0.000000 0.000000 0.000000
    124 0.000000 0.000000 0.000000 0.000000 0.000000 0.000000
    125 0.000000 0.000000 0.000000 0.000000 0.000000 0.000000
    126 0.000000 0.000000 0.000000 0.000000 0.000000 0.000000
    127 0.000000 0.000000 0.000000 0.000000 0.000000 0.000000
    128 0.000000 0.000000 0.000000 0.000000 0.000000 0.000000
    129 0.000000 0.000000 0.000000 0.000000 0.000000 0.000000
    130 0.000000 0.000000 0.000000 0.000000 0.000000 0.000000
    131 0.000000 0.000000 0.000000 0.000000 0.000000 0.000000
    132 0.000000 0.000000 0.000000 0.000000 0.000000 0.000000
    133 0.000000 0.000000 0.000000 0.000000 0.000000 0.000000
    134 0.000000 0.000000 0.000000 0.000000 0.000000 0.000000
    135 0.000000 0.000000 0.000000 0.000000 0.000000 0.000000
    136 0.000000 0.000000 0.000000 0.000000 0.000000 0.000000
    137 0.000000 0.000000 0.000000 0.000000 0.000000 0.000000
    138 0.000000 0.000000 0.000000 0.000000 0.000000 0.000000
    139 0.000000 0.000000 0.000000 0.000000 0.000000 0.000000
    140 0.000000 0.000000 0.000000 0.000000 0.000000 0.000000
    141 0.000000 0.000000 0.000000 0.000000 0.000000 0.000000
    142 0.000000 0.000000 0.000000 0.000000 0.000000 0.000000
    143 0.000000 0.000000 0.000000 0.000000 0.000000 0.000000
    144 0.000000 0.000000 0.000000 0.000000 0.000000 0.000000
    145 0.000000 0.000000 0.000000 0.000000 0.000000 0.000000
    146 0.000000 0.000000 0.000000 0.000000 0.000000 0.000000
    147 0.000000 0.000000 0.000000 0.000000 0.000000 0.000000
    148 0.000000 0.000000 0.000000 0.000000 0.000000 0.000000
    149 0.000000 0.000000 0.000000 0.000000 0.000000 0.000000
    150 0.000000 0.000000 0.000000 0.000000 0.000000 0.000000
    151 0.000000 0.000000 0.000000 0.000000 0.000000 0.000000
    152 0.000000 0.000000 0.000000 0.000000 0.000000 0.000000
    153 0.000000 0.000000 0.000000 0.000000 0.000000 0.000000
    154 0.000000 0.000000 0.000000 0.000000 0.000000 0.000000
    155 0.000000 0.000000 0.000000 0.000000 0.000000 0.000000
    156 0.000000 0.000000 0.000000 0.000000 0.000000 0.000000
    157 0.000000 0.000000 0.000000 0.000000 0.000000 0.000000
    158 0.000000 0.000000 0.000000 0.000000 0.000000 0.000000
    159 0.000000 0.000000 0.000000 0.000000 0.000000 0.000000
    160 0.000000 0.000000 0.000000 0.000000 0.000000 0.000000
    161 0.000000 0.000000 0.000000 0.000000 0.000000 0.000000
    162 0.000000 0.000000 0.000000 0.000000 0.000000 0.000000
    163 0.000000 0.000000 0.000000 0.000000 0.000000 0.000000
    164 0.000000 0.000000 0.000000 0.000000 0.000000 0.000000
    165 0.000000 0.000000 0.000000 0.000000 0.000000 0.000000
    166 0.000000 0.000000 0.000000 0.000000 0.000000 0.000000
    167 0.000000 0.000000 0.000000 0.000000 0.000000 0.000000
    168 0.000000 0.000000 0.000000 0.000000 0.000000 0.000000
    169 0.000000 0.000000 0.000000 0.000000 0.000000 0.000000
    170 0.000000 0.000000 0.000000 0.000000 0.000000 0.000000
    171 0.000000 0.000000 0.000000 0.000000 0.000000 0.000000
    172 0.000000 0.000000 0.000000 0.000000 0.000000 0.000000
    173 0.000000 0.000000 0.000000 0.000000 0.000000 0.000000
    174 0.000000 0.000000 0.000000 0.000000 0.000000 0.000000
    175 0.000000 0.000000 0.000000 0.000000 0.000000 0.000000
    176 0.000000 0.000000 0.000000 0.000000 0.000000 0.000000
    177 0.000000 0.000000 0.000000 0.000000 0.000000 0.000000
    178 0.000000 0.000000 0.000000 0.000000 0.000000 0.000000
    179 0.000000 0.000000 0.000000 0.000000 0.000000 0.000000
    180 0.000000 0.000000 0.000000 0.000000 0.000000 0.000000
    181 0.000000 0.000000 0.000000 0.000000 0.000000 0.000000
    182 0.000000 0.000000 0.000000 0.000000 0.000000 0.000000
    183 0.000000 0.000000 0.000000 0.000000 0.000000 0.000000
    184 0.000000 0.000000 0.000000 0.000000 0.000000 0.000000
    185 0.000000 0.000000 0.000000 0.000000 0.000000 0.000000
    186 0.000000 0.000000 0.000000 0.000000 0.000000 0.000000
    187 0.000000 0.000000 0.000000 0.000000 0.000000 0.000000
    188 0.000000 0.000000 0.000000 0.000000 0.000000 0.000000
    189 0.000000 0.000000 0.000000 0.000000 0.000000 0.000000
    190 0.000000 0.000000 0.000000 0.000000 0.000000 0.000000
    191 0.000000 0.000000 0.000000 -0.015859 0.000060 0.000000
    192 0.000000 0.000000 0.000000 0.000000 0.000000 0.000000
    193 0.000000 0.000000 0.000000 0.000000 0.000000 0.000000
    194 0.000000 0.000000 0.000000 0.000000 0.000000 0.000000
    195 0.000000 0.000000 0.000000 0.000000 0.000000 0.000000
    196 0.000000 0.000000 0.000000 0.000000 0.000000 0.000000
    197 0.000000 0.000000 0.000000 0.000000 0.000000 0.000000
    198 0.000000 0.000000 0.000000 0.000000 0.000000 0.000000
    199 0.000000 0.000000 0.000000 0.000000 0.000000 0.000000
    200 0.000000 0.000000 0.000000 0.000000 0.000000 0.000000
    201 0.000000 0.000000 0.000000 0.000000 0.000000 0.000000
    202 0.000000 0.000000 0.000000 0.000000 0.000000 0.000000
    203 0.000000 0.000000 0.000000 0.000000 0.000000 0.000000
    204 0.000000 0.000000 0.000000 0.000000 0.000000 0.000000
    205 0.000000 0.000000 0.000000 0.000000 0.000000 0.000000
    206 0.000000 0.000000 0.000000 0.000000 0.000000 0.000000
    207 0.000000 0.000000 0.000000 0.000000 0.000000 0.000000
    208 0.000000 0.000000 0.000000 0.000000 0.000000 0.000000
    209 0.000000 0.000000 0.000000 0.000000 0.000000 0.000000
    210 0.000000 0.000000 0.000000 0.000000 0.000000 0.000000
    211 0.000000 0.000000 0.000000 0.000000 0.000000 0.000000
    212 0.000000 0.000000 0.000000 0.000000 0.000000 0.000000
    213 0.000000 0.000000 0.000000 0.000000 0.000000 0.000000
    214 0.000000 0.000000 0.000000 0.000000 0.000000 0.000000
    215 0.000000 0.000000 0.000000 0.000000 0.000000 0.000000
    216 0.000000 0.000000 0.000000 0.000000 0.000000 0.000000
    217 0.000000 0.000000 0.000000 0.000000 0.000000 0.000000
    218 0.000000 0.000000 0.000000 0.000000 0.000000 0.000000
    219 0.000000 0.000000 0.000000 0.000000 0.000000 0.000000
    220 0.000000 0.000000 0.000000 0.000000 0.000000 0.000000
    221 0.000000 0.000000 0.000000 0.000000 0.000000 0.000000
    222 0.000000 0.000000 0.000000 0.000000 0.000000 0.000000
    223 0.000000 0.000000 0.000000 0.000000 0.000000 0.000000
    224 0.000000 0.000000 0.000000 0.000000 0.000000 0.000000
    225 0.000000 0.000000 0.000000 0.000000 0.000000 0.000000
    226 0.000000 0.000000 0.000000 0.000000 0.000000 0.000000
    227 1.132847 -2.652425 0.359386 -0.189522 0.000578 -0.133424
    228 0.000000 0.000000 0.000000 0.000000 0.000000 0.000000
    229 0.000000 0.000000 0.000000 0.000000 0.000000 0.000000
    230 0.000000 0.000000 0.000000 0.001762 0.000000 0.000000
    231 0.000000 0.000000 0.000000 0.000000 0.000000 0.000000
    232 0.000000 0.000000 0.000000 0.000000 0.000000 0.000000
    233 0.000000 0.000000 0.000000 0.000000 0.000000 0.000000
    234 -3.550890 -1.046907 0.394543 -0.189583 0.000600 -1.704229
    235 0.000000 0.000000 0.000000 0.000000 0.000000 0.000000
    236 0.000000 0.000000 0.000000 0.000000 0.000000 0.000000
    237 0.000000 0.000000 0.000000 0.000000 0.000000 0.000000
    238 0.000000 0.000000 0.000000 0.000000 0.000000 0.000000
    239 0.000000 0.000000 0.000000 0.000000 0.000000 0.000000
    240 0.000000 0.000000 0.000000 0.000000 0.000000 0.000000
    241 0.000000 0.000000 0.000000 0.000000 0.000000 0.000000
    242 0.000000 0.000000 0.000000 0.000000 0.000000 0.000000
    243 0.000000 0.000000 0.000000 0.000000 0.000000 0.000000
    244 0.000000 0.000000 0.000000 0.000000 0.000000 0.000000
    245 0.000000 0.000000 0.000000 0.000000 0.000000 0.000000
    246 0.000000 0.000000 0.000000 0.000000 0.000000 -1.570796
  time 44
    0 0.000000 0.000000 0.000000 0.000000 0.000000 -1.570796
    1 0.000000 0.000000 0.000000 0.000000 0.000000 0.000000
    2 0.000000 0.000000 0.000000 0.000000 0.000000 0.000000
    3 0.000000 0.000000 0.000000 0.000000 0.000000 0.000000
    4 0.000000 0.000000 0.000000 0.000000 0.000000 0.000000
    5 0.000000 0.000000 0.000000 0.000000 0.000000 0.000000
    6 0.000000 0.000000 0.000000 0.000000 0.000000 0.000000
    7 0.000000 0.000000 0.000000 0.000000 0.000000 0.000000
    8 0.730491 0.183599 -0.492203 0.009356 0.107899 0.159848
    9 0.000000 0.000000 0.000000 0.048178 -0.001435 -0.234702
    10 0.000000 0.000000 0.000000 0.000000 0.000000 0.000000
    11 0.000000 0.000000 0.000000 0.000000 0.000000 0.000000
    12 0.000000 0.000000 0.000000 0.000000 0.000000 0.000000
    13 0.000000 0.000000 0.000000 0.036624 -0.000060 0.000000
    14 0.000000 0.000000 0.000000 -0.000048 0.000036 0.246557
    15 0.000000 0.000000 0.000000 0.000000 0.000000 0.000000
    16 0.000000 0.000000 0.000000 0.000000 0.000000 0.000000
    17 0.000000 0.000000 0.000000 0.000000 0.000000 0.000000
    18 0.000000 0.000000 0.000000 0.000000 0.000000 0.000000
    19 0.000000 0.000000 0.000000 -0.012295 0.000060 0.000000
    20 -0.257820 -0.039064 0.000000 0.000000 -0.000060 -0.123239
    21 0.000000 0.000000 0.000000 -0.156643 0.102641 -0.060657
    22 0.000000 0.000000 0.000000 0.000000 0.000000 0.000000
    23 0.000000 0.000000 0.000000 0.000000 0.000000 0.000000
    24 0.000000 0.000000 0.000000 0.000000 0.000000 0.000000
    25 0.000000 0.000000 0.000000 0.000000 0.000000 0.000000
    26 0.000000 0.000000 0.000000 0.000000 0.000000 0.000000
    27 0.000000 0.000000 0.000000 0.000000 0.000000 0.000000
    28 0.000000 0.000000 0.000000 0.000000 0.000000 0.000000
    29 0.000000 0.000000 0.000000 0.000000 0.000000 0.000000
    30 0.000000 0.000000 0.000000 0.000000 0.000000 0.000000
    31 0.000000 0.000000 0.000000 0.000000 0.000000 0.000000
    32 0.000000 0.000000 0.000000 0.000000 0.000000 0.000000
    33 0.000000 0.000000 0.000000 0.000000 0.000000 0.000000
    34 0.000000 0.000000 0.000000 0.000000 0.000000 0.000000
    35 0.000000 0.000000 0.000000 0.000000 0.000000 0.000000
    36 0.000000 0.000000 0.000000 0.000000 0.000000 0.000000
    37 0.000000 0.000000 0.000000 0.000000 0.000000 0.000000
    38 0.000000 0.000000 0.000000 0.000000 0.000000 0.000000
    39 0.000000 0.000000 0.000000 0.000000 0.000000 0.000000
    40 0.000000 0.000000 0.000000 0.000000 0.000000 0.000000
    41 0.000000 0.000000 0.000000 0.000000 0.000000 0.000000
    42 0.000000 0.000000 0.000000 0.000000 0.000000 0.000000
    43 0.000000 0.000000 0.000000 0.000000 0.000000 0.000000
    44 0.000000 0.000000 0.000000 0.000000 0.000000 0.000000
    45 0.000000 0.000000 0.000000 0.000000 0.000000 0.000000
    46 0.000000 0.000000 0.000000 0.000000 0.000000 0.000000
    47 0.000000 0.000000 0.000000 0.000000 0.000000 0.000000
    48 0.000000 0.000000 0.000000 0.000000 0.000000 0.000000
    49 0.000000 0.000000 0.000000 0.000000 0.000000 0.000000
    50 0.000000 0.000000 0.000000 0.000000 0.000000 0.000000
    51 0.000000 0.000000 0.000000 0.000000 0.000000 0.000000
    52 0.000000 0.000000 0.000000 0.000000 0.000000 0.000000
    53 0.000000 0.000000 0.000000 0.000000 0.000000 0.000000
    54 0.000000 0.000000 0.000000 0.000000 0.000000 0.000000
    55 0.000000 0.000000 0.000000 0.000000 0.000000 0.000000
    56 0.000000 0.000000 0.000000 0.000000 0.000000 0.000000
    57 0.000000 0.000000 0.000000 0.000000 0.000000 0.000000
    58 0.000000 0.000000 0.000000 0.000000 0.000000 0.000000
    59 0.000000 0.000000 0.000000 0.000000 0.000000 0.000000
    60 0.000000 0.000000 0.000000 0.000000 0.000000 0.000000
    61 0.000000 0.000000 0.000000 0.000000 0.000000 0.000000
    62 0.000000 0.000000 0.000000 0.000000 0.000000 0.000000
    63 0.000000 0.000000 0.000000 0.000000 0.000000 0.000000
    64 0.000000 0.000000 0.000000 0.000000 0.000000 0.000000
    65 0.000000 0.000000 0.000000 0.000000 0.000000 0.000000
    66 0.000000 0.000000 0.000000 0.000000 0.000000 0.000000
    67 0.000000 0.000000 0.000000 0.000000 0.000000 0.000000
    68 0.000000 0.000000 0.000000 0.000000 0.000000 0.000000
    69 0.000000 0.000000 0.000000 0.000000 0.000000 0.000000
    70 0.000000 0.000000 0.000000 0.000000 0.000000 0.000000
    71 0.000000 0.000000 0.000000 0.000000 0.000000 0.000000
    72 0.000000 0.000000 0.000000 0.000000 0.000000 0.000000
    73 0.000000 0.000000 0.000000 0.000000 0.000000 0.000000
    74 0.000000 0.000000 0.000000 0.000000 0.000000 0.000000
    75 0.000000 0.000000 0.000000 0.000000 0.000000 0.000000
    76 0.000000 0.000000 0.000000 0.000000 0.000000 0.000000
    77 0.000000 0.000000 0.000000 0.000000 0.000000 0.000000
    78 0.000000 0.000000 0.000000 0.000000 0.000000 0.000000
    79 0.000000 0.000000 0.000000 0.000000 0.000000 0.000000
    80 0.000000 0.000000 0.000000 0.000000 0.000000 0.000000
    81 0.000000 0.000000 0.000000 0.000000 0.000000 0.000000
    82 0.000000 0.000000 0.000000 0.000000 0.000000 0.000000
    83 0.000000 0.000000 0.000000 0.000000 0.000000 0.000000
    84 0.000000 0.000000 0.000000 0.000000 0.000000 0.000000
    85 0.000000 0.000000 0.000000 0.000000 0.000000 0.000000
    86 0.000000 0.000000 0.000000 0.000000 0.000000 0.000000
    87 0.000000 0.000000 0.000000 0.000000 0.000000 0.000000
    88 0.000000 0.000000 0.000000 0.000000 0.000000 0.000000
    89 0.000000 0.000000 0.000000 0.000000 0.000000 0.000000
    90 0.000000 0.000000 0.000000 0.000000 0.000000 0.000000
    91 0.000000 0.000000 0.000000 0.000000 0.000000 0.000000
    92 0.000000 0.000000 0.000000 0.000000 0.000000 0.000000
    93 0.000000 0.000000 0.000000 0.000000 0.000000 0.000000
    94 0.000000 0.000000 0.000000 0.000000 0.000000 0.000000
    95 0.000000 0.000000 0.000000 0.000000 0.000000 0.000000
    96 0.000000 0.000000 0.000000 0.000000 0.000000 0.000000
    97 0.000000 0.000000 0.000000 0.000000 0.000000 0.000000
    98 0.000000 0.000000 0.000000 0.000000 0.000000 0.000000
    99 0.000000 0.000000 0.000000 0.000000 0.000000 0.000000
    100 0.000000 0.000000 0.000000 0.000000 0.000000 0.000000
    101 0.000000 0.000000 0.000000 0.000000 0.000000 0.000000
    102 0.000000 0.000000 0.000000 0.000000 0.000000 0.000000
    103 0.000000 0.000000 0.000000 0.000000 0.000000 0.000000
    104 0.000000 0.000000 0.000000 0.000000 0.000000 0.000000
    105 0.000000 0.000000 0.000000 0.000000 0.000000 0.000000
    106 0.000000 0.000000 0.000000 0.000000 0.000000 0.000000
    107 0.000000 0.000000 0.000000 0.000000 0.000000 0.000000
    108 0.000000 0.000000 0.000000 0.000000 0.000000 0.000000
    109 0.000000 0.000000 0.000000 0.000000 0.000000 0.000000
    110 0.000000 0.000000 0.000000 0.000000 0.000000 0.000000
    111 0.000000 0.000000 0.000000 0.000000 0.000000 -1.570796
    112 -1.132847 -1.355510 0.332041 -0.114290 -0.010263 -1.724920
    113 0.000000 0.000000 0.000000 0.000000 0.000000 0.000000
    114 0.000000 0.000000 0.000000 0.000000 0.000000 -1.570796
    115 0.000000 0.000000 0.000000 0.000000 0.000000 0.000000
    116 0.000000 0.000000 0.000000 0.000000 0.000000 0.000000
    117 0.000000 0.000000 0.000000 0.000000 0.000000 0.000000
    118 0.000000 0.000000 0.000000 0.000000 0.000000 0.000000
    119 0.000000 0.000000 0.000000 0.000000 0.000000 0.000000
    120 0.000000 0.000000 0.000000 0.000000 0.000000 0.000000
    121 0.000000 0.000000 0.000000 0.000000 0.000000 0.000000
    122 0.000000 0.000000 0.000000 0.000000 0.000000 0.000000
    123 0.000000 0.000000 0.000000 0.000000 0.000000 0.000000
    124 0.000000 0.000000 0.000000 0.000000 0.000000 0.000000
    125 0.000000 0.000000 0.000000 0.000000 0.000000 0.000000
    126 0.000000 0.000000 0.000000 0.000000 0.000000 0.000000
    127 0.000000 0.000000 0.000000 0.000000 0.000000 0.000000
    128 0.000000 0.000000 0.000000 0.000000 0.000000 0.000000
    129 0.000000 0.000000 0.000000 0.000000 0.000000 0.000000
    130 0.000000 0.000000 0.000000 0.000000 0.000000 0.000000
    131 0.000000 0.000000 0.000000 0.000000 0.000000 0.000000
    132 0.000000 0.000000 0.000000 0.000000 0.000000 0.000000
    133 0.000000 0.000000 0.000000 0.000000 0.000000 0.000000
    134 0.000000 0.000000 0.000000 0.000000 0.000000 0.000000
    135 0.000000 0.000000 0.000000 0.000000 0.000000 0.000000
    136 0.000000 0.000000 0.000000 0.000000 0.000000 0.000000
    137 0.000000 0.000000 0.000000 0.000000 0.000000 0.000000
    138 0.000000 0.000000 0.000000 0.000000 0.000000 0.000000
    139 0.000000 0.000000 0.000000 0.000000 0.000000 0.000000
    140 0.000000 0.000000 0.000000 0.000000 0.000000 0.000000
    141 0.000000 0.000000 0.000000 0.000000 0.000000 0.000000
    142 0.000000 0.000000 0.000000 0.000000 0.000000 0.000000
    143 0.000000 0.000000 0.000000 0.000000 0.000000 0.000000
    144 0.000000 0.000000 0.000000 0.000000 0.000000 0.000000
    145 0.000000 0.000000 0.000000 0.000000 0.000000 0.000000
    146 0.000000 0.000000 0.000000 0.000000 0.000000 0.000000
    147 0.000000 0.000000 0.000000 0.000000 0.000000 0.000000
    148 0.000000 0.000000 0.000000 0.000000 0.000000 0.000000
    149 0.000000 0.000000 0.000000 0.000000 0.000000 0.000000
    150 0.000000 0.000000 0.000000 0.000000 0.000000 0.000000
    151 0.000000 0.000000 0.000000 0.000000 0.000000 0.000000
    152 0.000000 0.000000 0.000000 0.000000 0.000000 0.000000
    153 0.000000 0.000000 0.000000 0.000000 0.000000 0.000000
    154 0.000000 0.000000 0.000000 0.000000 0.000000 0.000000
    155 0.000000 0.000000 0.000000 0.000000 0.000000 0.000000
    156 0.000000 0.000000 0.000000 0.000000 0.000000 0.000000
    157 0.000000 0.000000 0.000000 0.000000 0.000000 0.000000
    158 0.000000 0.000000 0.000000 0.000000 0.000000 0.000000
    159 0.000000 0.000000 0.000000 0.000000 0.000000 0.000000
    160 0.000000 0.000000 0.000000 0.000000 0.000000 0.000000
    161 0.000000 0.000000 0.000000 0.000000 0.000000 0.000000
    162 0.000000 0.000000 0.000000 0.000000 0.000000 0.000000
    163 0.000000 0.000000 0.000000 0.000000 0.000000 0.000000
    164 0.000000 0.000000 0.000000 0.000000 0.000000 0.000000
    165 0.000000 0.000000 0.000000 0.000000 0.000000 0.000000
    166 0.000000 0.000000 0.000000 0.000000 0.000000 0.000000
    167 0.000000 0.000000 0.000000 0.000000 0.000000 0.000000
    168 0.000000 0.000000 0.000000 0.000000 0.000000 0.000000
    169 0.000000 0.000000 0.000000 0.000000 0.000000 0.000000
    170 0.000000 0.000000 0.000000 0.000000 0.000000 0.000000
    171 0.000000 0.000000 0.000000 0.000000 0.000000 0.000000
    172 0.000000 0.000000 0.000000 0.000000 0.000000 0.000000
    173 0.000000 0.000000 0.000000 0.000000 0.000000 0.000000
    174 0.000000 0.000000 0.000000 0.000000 0.000000 0.000000
    175 0.000000 0.000000 0.000000 0.000000 0.000000 0.000000
    176 0.000000 0.000000 0.000000 0.000000 0.000000 0.000000
    177 0.000000 0.000000 0.000000 0.000000 0.000000 0.000000
    178 0.000000 0.000000 0.000000 0.000000 0.000000 0.000000
    179 0.000000 0.000000 0.000000 0.000000 0.000000 0.000000
    180 0.000000 0.000000 0.000000 0.000000 0.000000 0.000000
    181 0.000000 0.000000 0.000000 0.000000 0.000000 0.000000
    182 0.000000 0.000000 0.000000 0.000000 0.000000 0.000000
    183 0.000000 0.000000 0.000000 0.000000 0.000000 0.000000
    184 0.000000 0.000000 0.000000 0.000000 0.000000 0.000000
    185 0.000000 0.000000 0.000000 0.000000 0.000000 0.000000
    186 0.000000 0.000000 0.000000 0.000000 0.000000 0.000000
    187 0.000000 0.000000 0.000000 0.000000 0.000000 0.000000
    188 0.000000 0.000000 0.000000 0.000000 0.000000 0.000000
    189 0.000000 0.000000 0.000000 0.000000 0.000000 0.000000
    190 0.000000 0.000000 0.000000 0.000000 0.000000 0.000000
    191 0.000000 0.000000 0.000000 -0.006123 0.000060 0.000000
    192 0.000000 0.000000 0.000000 0.000000 0.000000 0.000000
    193 0.000000 0.000000 0.000000 0.000000 0.000000 0.000000
    194 0.000000 0.000000 0.000000 0.000000 0.000000 0.000000
    195 0.000000 0.000000 0.000000 0.000000 0.000000 0.000000
    196 0.000000 0.000000 0.000000 0.000000 0.000000 0.000000
    197 0.000000 0.000000 0.000000 0.000000 0.000000 0.000000
    198 0.000000 0.000000 0.000000 0.000000 0.000000 0.000000
    199 0.000000 0.000000 0.000000 0.000000 0.000000 0.000000
    200 0.000000 0.000000 0.000000 0.000000 0.000000 0.000000
    201 0.000000 0.000000 0.000000 0.000000 0.000000 0.000000
    202 0.000000 0.000000 0.000000 0.000000 0.000000 0.000000
    203 0.000000 0.000000 0.000000 0.000000 0.000000 0.000000
    204 0.000000 0.000000 0.000000 0.000000 0.000000 0.000000
    205 0.000000 0.000000 0.000000 0.000000 0.000000 0.000000
    206 0.000000 0.000000 0.000000 0.000000 0.000000 0.000000
    207 0.000000 0.000000 0.000000 0.000000 0.000000 0.000000
    208 0.000000 0.000000 0.000000 0.000000 0.000000 0.000000
    209 0.000000 0.000000 0.000000 0.000000 0.000000 0.000000
    210 0.000000 0.000000 0.000000 0.000000 0.000000 0.000000
    211 0.000000 0.000000 0.000000 0.000000 0.000000 0.000000
    212 0.000000 0.000000 0.000000 0.000000 0.000000 0.000000
    213 0.000000 0.000000 0.000000 0.000000 0.000000 0.000000
    214 0.000000 0.000000 0.000000 0.000000 0.000000 0.000000
    215 0.000000 0.000000 0.000000 0.000000 0.000000 0.000000
    216 0.000000 0.000000 0.000000 0.000000 0.000000 0.000000
    217 0.000000 0.000000 0.000000 0.000000 0.000000 0.000000
    218 0.000000 0.000000 0.000000 0.000000 0.000000 0.000000
    219 0.000000 0.000000 0.000000 0.000000 0.000000 0.000000
    220 0.000000 0.000000 0.000000 0.000000 0.000000 0.000000
    221 0.000000 0.000000 0.000000 0.000000 0.000000 0.000000
    222 0.000000 0.000000 0.000000 0.000000 0.000000 0.000000
    223 0.000000 0.000000 0.000000 0.000000 0.000000 0.000000
    224 0.000000 0.000000 0.000000 0.000000 0.000000 0.000000
    225 0.000000 0.000000 0.000000 0.000000 0.000000 0.000000
    226 0.000000 0.000000 0.000000 0.000000 0.000000 0.000000
    227 1.226600 -2.773522 0.441420 -0.114290 -0.010306 -0.154123
    228 0.000000 0.000000 0.000000 0.000000 0.000000 0.000000
    229 0.000000 0.000000 0.000000 0.000000 0.000000 0.000000
    230 0.000000 0.000000 0.000000 0.000923 0.000000 0.000000
    231 0.000000 0.000000 0.000000 0.000000 0.000000 0.000000
    232 0.000000 0.000000 0.000000 0.000000 0.000000 0.000000
    233 0.000000 0.000000 0.000000 0.000000 0.000000 0.000000
    234 -3.593860 -1.168004 0.496109 -0.114274 -0.010277 -1.724919
    235 0.000000 0.000000 0.000000 0.000000 0.000000 0.000000
    236 0.000000 0.000000 0.000000 0.000000 0.000000 0.000000
    237 0.000000 0.000000 0.000000 0.000000 0.000000 0.000000
    238 0.000000 0.000000 0.000000 0.000000 0.000000 0.000000
    239 0.000000 0.000000 0.000000 0.000000 0.000000 0.000000
    240 0.000000 0.000000 0.000000 0.000000 0.000000 0.000000
    241 0.000000 0.000000 0.000000 0.000000 0.000000 0.000000
    242 0.000000 0.000000 0.000000 0.000000 0.000000 0.000000
    243 0.000000 0.000000 0.000000 0.000000 0.000000 0.000000
    244 0.000000 0.000000 0.000000 0.000000 0.000000 0.000000
    245 0.000000 0.000000 0.000000 0.000000 0.000000 0.000000
    246 0.000000 0.000000 0.000000 0.000000 0.000000 -1.570796
  time 45
    0 0.000000 0.000000 0.000000 0.000000 0.000000 -1.570796
    1 0.000000 0.000000 0.000000 0.000000 0.000000 0.000000
    2 0.000000 0.000000 0.000000 0.000000 0.000000 0.000000
    3 0.000000 0.000000 0.000000 0.000000 0.000000 0.000000
    4 0.000000 0.000000 0.000000 0.000000 0.000000 0.000000
    5 0.000000 0.000000 0.000000 0.000000 0.000000 0.000000
    6 0.000000 0.000000 0.000000 0.000000 0.000000 0.000000
    7 0.000000 0.000000 0.000000 0.000000 0.000000 0.000000
    8 0.796899 0.265633 -0.707053 -0.017578 0.054204 0.159274
    9 0.000000 0.000000 0.000000 0.038141 -0.002473 -0.200646
    10 0.000000 0.000000 0.000000 0.000000 0.000000 0.000000
    11 0.000000 0.000000 0.000000 0.000000 0.000000 0.000000
    12 0.000000 0.000000 0.000000 0.000000 0.000000 0.000000
    13 0.000000 0.000000 0.000000 0.033121 0.000000 -0.000060
    14 0.000000 0.000000 0.000000 -0.000048 0.000060 0.217713
    15 0.000000 0.000000 0.000000 0.000000 0.000000 0.000000
    16 0.000000 0.000000 0.000000 0.000000 0.000000 0.000000
    17 0.000000 0.000000 0.000000 0.000000 0.000000 0.000000
    18 0.000000 0.000000 0.000000 0.000000 0.000000 0.000000
    19 0.000000 0.000000 0.000000 0.007155 0.000060 0.000000
    20 -0.230476 -0.035157 0.000000 0.000000 -0.000060 -0.108801
    21 0.000000 0.000000 0.000000 -0.096433 0.124737 -0.055115
    22 0.000000 0.000000 0.000000 0.000000 0.000000 0.000000
    23 0.000000 0.000000 0.000000 0.000000 0.000000 0.000000
    24 0.000000 0.000000 0.000000 0.000000 0.000000 0.000000
    25 0.000000 0.000000 0.000000 0.000000 0.000000 0.000000
    26 0.000000 0.000000 0.000000 0.000000 0.000000 0.000000
    27 0.000000 0.000000 0.000000 0.000000 0.000000 0.000000
    28 0.000000 0.000000 0.000000 0.000000 0.000000 0.000000
    29 0.000000 0.000000 0.000000 0.000000 0.000000 0.000000
    30 0.000000 0.000000 0.000000 0.000000 0.000000 0.000000
    31 0.000000 0.000000 0.000000 0.000000 0.000000 0.000000
    32 0.000000 0.000000 0.000000 0.000000 0.000000 0.000000
    33 0.000000 0.000000 0.000000 0.000000 0.000000 0.000000
    34 0.000000 0.000000 0.000000 0.000000 0.000000 0.000000
    35 0.000000 0.000000 0.000000 0.000000 0.000000 0.000000
    36 0.000000 0.000000 0.000000 0.000000 0.000000 0.000000
    37 0.000000 0.000000 0.000000 0.000000 0.000000 0.000000
    38 0.000000 0.000000 0.000000 0.000000 0.000000 0.000000
    39 0.000000 0.000000 0.000000 0.000000 0.000000 0.000000
    40 0.000000 0.000000 0.000000 0.000000 0.000000 0.000000
    41 0.000000 0.000000 0.000000 0.000000 0.000000 0.000000
    42 0.000000 0.000000 0.000000 0.000000 0.000000 0.000000
    43 0.000000 0.000000 0.000000 0.000000 0.000000 0.000000
    44 0.000000 0.000000 0.000000 0.000000 0.000000 0.000000
    45 0.000000 0.000000 0.000000 0.000000 0.000000 0.000000
    46 0.000000 0.000000 0.000000 0.000000 0.000000 0.000000
    47 0.000000 0.000000 0.000000 0.000000 0.000000 0.000000
    48 0.000000 0.000000 0.000000 0.000000 0.000000 0.000000
    49 0.000000 0.000000 0.000000 0.000000 0.000000 0.000000
    50 0.000000 0.000000 0.000000 0.000000 0.000000 0.000000
    51 0.000000 0.000000 0.000000 0.000000 0.000000 0.000000
    52 0.000000 0.000000 0.000000 0.000000 0.000000 0.000000
    53 0.000000 0.000000 0.000000 0.000000 0.000000 0.000000
    54 0.000000 0.000000 0.000000 0.000000 0.000000 0.000000
    55 0.000000 0.000000 0.000000 0.000000 0.000000 0.000000
    56 0.000000 0.000000 0.000000 0.000000 0.000000 0.000000
    57 0.000000 0.000000 0.000000 0.000000 0.000000 0.000000
    58 0.000000 0.000000 0.000000 0.000000 0.000000 0.000000
    59 0.000000 0.000000 0.000000 0.000000 0.000000 0.000000
    60 0.000000 0.000000 0.000000 0.000000 0.000000 0.000000
    61 0.000000 0.000000 0.000000 0.000000 0.000000 0.000000
    62 0.000000 0.000000 0.000000 0.000000 0.000000 0.000000
    63 0.000000 0.000000 0.000000 0.000000 0.000000 0.000000
    64 0.000000 0.000000 0.000000 0.000000 0.000000 0.000000
    65 0.000000 0.000000 0.000000 0.000000 0.000000 0.000000
    66 0.000000 0.000000 0.000000 0.000000 0.000000 0.000000
    67 0.000000 0.000000 0.000000 0.000000 0.000000 0.000000
    68 0.000000 0.000000 0.000000 0.000000 0.000000 0.000000
    69 0.000000 0.000000 0.000000 0.000000 0.000000 0.000000
    70 0.000000 0.000000 0.000000 0.000000 0.000000 0.000000
    71 0.000000 0.000000 0.000000 0.000000 0.000000 0.000000
    72 0.000000 0.000000 0.000000 0.000000 0.000000 0.000000
    73 0.000000 0.000000 0.000000 0.000000 0.000000 0.000000
    74 0.000000 0.000000 0.000000 0.000000 0.000000 0.000000
    75 0.000000 0.000000 0.000000 0.000000 0.000000 0.000000
    76 0.000000 0.000000 0.000000 0.000000 0.000000 0.000000
    77 0.000000 0.000000 0.000000 0.000000 0.000000 0.000000
    78 0.000000 0.000000 0.000000 0.000000 0.000000 0.000000
    79 0.000000 0.000000 0.000000 0.000000 0.000000 0.000000
    80 0.000000 0.000000 0.000000 0.000000 0.000000 0.000000
    81 0.000000 0.000000 0.000000 0.000000 0.000000 0.000000
    82 0.000000 0.000000 0.000000 0.000000 0.000000 0.000000
    83 0.000000 0.000000 0.000000 0.000000 0.000000 0.000000
    84 0.000000 0.000000 0.000000 0.000000 0.000000 0.000000
    85 0.000000 0.000000 0.000000 0.000000 0.000000 0.000000
    86 0.000000 0.000000 0.000000 0.000000 0.000000 0.000000
    87 0.000000 0.000000 0.000000 0.000000 0.000000 0.000000
    88 0.000000 0.000000 0.000000 0.000000 0.000000 0.000000
    89 0.000000 0.000000 0.000000 0.000000 0.000000 0.000000
    90 0.000000 0.000000 0.000000 0.000000 0.000000 0.000000
    91 0.000000 0.000000 0.000000 0.000000 0.000000 0.000000
    92 0.000000 0.000000 0.000000 0.000000 0.000000 0.000000
    93 0.000000 0.000000 0.000000 0.000000 0.000000 0.000000
    94 0.000000 0.000000 0.000000 0.000000 0.000000 0.000000
    95 0.000000 0.000000 0.000000 0.000000 0.000000 0.000000
    96 0.000000 0.000000 0.000000 0.000000 0.000000 0.000000
    97 0.000000 0.000000 0.000000 0.000000 0.000000 0.000000
    98 0.000000 0.000000 0.000000 0.000000 0.000000 0.000000
    99 0.000000 0.000000 0.000000 0.000000 0.000000 0.000000
    100 0.000000 0.000000 0.000000 0.000000 0.000000 0.000000
    101 0.000000 0.000000 0.000000 0.000000 0.000000 0.000000
    102 0.000000 0.000000 0.000000 0.000000 0.000000 0.000000
    103 0.000000 0.000000 0.000000 0.000000 0.000000 0.000000
    104 0.000000 0.000000 0.000000 0.000000 0.000000 0.000000
    105 0.000000 0.000000 0.000000 0.000000 0.000000 0.000000
    106 0.000000 0.000000 0.000000 0.000000 0.000000 0.000000
    107 0.000000 0.000000 0.000000 0.000000 0.000000 0.000000
    108 0.000000 0.000000 0.000000 0.000000 0.000000 0.000000
    109 0.000000 0.000000 0.000000 0.000000 0.000000 0.000000
    110 0.000000 0.000000 0.000000 0.000000 0.000000 0.000000
    111 0.000000 0.000000 0.000000 0.000000 0.000000 -1.570796
    112 -1.066439 -1.304727 0.164068 -0.054873 -0.018661 -1.729675
    113 0.000000 0.000000 0.000000 0.000000 0.000000 0.000000
    114 0.000000 0.000000 0.000000 0.000000 0.000000 -1.570796
    115 0.000000 0.000000 0.000000 0.000000 0.000000 0.000000
    116 0.000000 0.000000 0.000000 0.000000 0.000000 0.000000
    117 0.000000 0.000000 0.000000 0.000000 0.000000 0.000000
    118 0.000000 0.000000 0.000000 0.000000 0.000000 0.000000
    119 0.000000 0.000000 0.000000 0.000000 0.000000 0.000000
    120 0.000000 0.000000 0.000000 0.000000 0.000000 0.000000
    121 0.000000 0.000000 0.000000 0.000000 0.000000 0.000000
    122 0.000000 0.000000 0.000000 0.000000 0.000000 0.000000
    123 0.000000 0.000000 0.000000 0.000000 0.000000 0.000000
    124 0.000000 0.000000 0.000000 0.000000 0.000000 0.000000
    125 0.000000 0.000000 0.000000 0.000000 0.000000 0.000000
    126 0.000000 0.000000 0.000000 0.000000 0.000000 0.000000
    127 0.000000 0.000000 0.000000 0.000000 0.000000 0.000000
    128 0.000000 0.000000 0.000000 0.000000 0.000000 0.000000
    129 0.000000 0.000000 0.000000 0.000000 0.000000 0.000000
    130 0.000000 0.000000 0.000000 0.000000 0.000000 0.000000
    131 0.000000 0.000000 0.000000 0.000000 0.000000 0.000000
    132 0.000000 0.000000 0.000000 0.000000 0.000000 0.000000
    133 0.000000 0.000000 0.000000 0.000000 0.000000 0.000000
    134 0.000000 0.000000 0.000000 0.000000 0.000000 0.000000
    135 0.000000 0.000000 0.000000 0.000000 0.000000 0.000000
    136 0.000000 0.000000 0.000000 0.000000 0.000000 0.000000
    137 0.000000 0.000000 0.000000 0.000000 0.000000 0.000000
    138 0.000000 0.000000 0.000000 0.000000 0.000000 0.000000
    139 0.000000 0.000000 0.000000 0.000000 0.000000 0.000000
    140 0.000000 0.000000 0.000000 0.000000 0.000000 0.000000
    141 0.000000 0.000000 0.000000 0.000000 0.000000 0.000000
    142 0.000000 0.000000 0.000000 0.000000 0.000000 0.000000
    143 0.000000 0.000000 0.000000 0.000000 0.000000 0.000000
    144 0.000000 0.000000 0.000000 0.000000 0.000000 0.000000
    145 0.000000 0.000000 0.000000 0.000000 0.000000 0.000000
    146 0.000000 0.000000 0.000000 0.000000 0.000000 0.000000
    147 0.000000 0.000000 0.000000 0.000000 0.000000 0.000000
    148 0.000000 0.000000 0.000000 0.000000 0.000000 0.000000
    149 0.000000 0.000000 0.000000 0.000000 0.000000 0.000000
    150 0.000000 0.000000 0.000000 0.000000 0.000000 0.000000
    151 0.000000 0.000000 0.000000 0.000000 0.000000 0.000000
    152 0.000000 0.000000 0.000000 0.000000 0.000000 0.000000
    153 0.000000 0.000000 0.000000 0.000000 0.000000 0.000000
    154 0.000000 0.000000 0.000000 0.000000 0.000000 0.000000
    155 0.000000 0.000000 0.000000 0.000000 0.000000 0.000000
    156 0.000000 0.000000 0.000000 0.000000 0.000000 0.000000
    157 0.000000 0.000000 0.000000 0.000000 0.000000 0.000000
    158 0.000000 0.000000 0.000000 0.000000 0.000000 0.000000
    159 0.000000 0.000000 0.000000 0.000000 0.000000 0.000000
    160 0.000000 0.000000 0.000000 0.000000 0.000000 0.000000
    161 0.000000 0.000000 0.000000 0.000000 0.000000 0.000000
    162 0.000000 0.000000 0.000000 0.000000 0.000000 0.000000
    163 0.000000 0.000000 0.000000 0.000000 0.000000 0.000000
    164 0.000000 0.000000 0.000000 0.000000 0.000000 0.000000
    165 0.000000 0.000000 0.000000 0.000000 0.000000 0.000000
    166 0.000000 0.000000 0.000000 0.000000 0.000000 0.000000
    167 0.000000 0.000000 0.000000 0.000000 0.000000 0.000000
    168 0.000000 0.000000 0.000000 0.000000 0.000000 0.000000
    169 0.000000 0.000000 0.000000 0.000000 0.000000 0.000000
    170 0.000000 0.000000 0.000000 0.000000 0.000000 0.000000
    171 0.000000 0.000000 0.000000 0.000000 0.000000 0.000000
    172 0.000000 0.000000 0.000000 0.000000 0.000000 0.000000
    173 0.000000 0.000000 0.000000 0.000000 0.000000 0.000000
    174 0.000000 0.000000 0.000000 0.000000 0.000000 0.000000
    175 0.000000 0.000000 0.000000 0.000000 0.000000 0.000000
    176 0.000000 0.000000 0.000000 0.000000 0.000000 0.000000
    177 0.000000 0.000000 0.000000 0.000000 0.000000 0.000000
    178 0.000000 0.000000 0.000000 0.000000 0.000000 0.000000
    179 0.000000 0.000000 0.000000 0.000000 0.000000 0.000000
    180 0.000000 0.000000 0.000000 0.000000 0.000000 0.000000
    181 0.000000 0.000000 0.000000 0.000000 0.000000 0.000000
    182 0.000000 0.000000 0.000000 0.000000 0.000000 0.000000
    183 0.000000 0.000000 0.000000 0.000000 0.000000 0.000000
    184 0.000000 0.000000 0.000000 0.000000 0.000000 0.000000
    185 0.000000 0.000000 0.000000 0.000000 0.000000 0.000000
    186 0.000000 0.000000 0.000000 0.000000 0.000000 0.000000
    187 0.000000 0.000000 0.000000 0.000000 0.000000 0.000000
    188 0.000000 0.000000 0.000000 0.000000 0.000000 0.000000
    189 0.000000 0.000000 0.000000 0.000000 0.000000 0.000000
    190 0.000000 0.000000 0.000000 0.000000 0.000000 0.000000
    191 0.000000 0.000000 0.000000 0.003580 0.000060 0.000000
    192 0.000000 0.000000 0.000000 0.000000 0.000000 0.000000
    193 0.000000 0.000000 0.000000 0.000000 0.000000 0.000000
    194 0.000000 0.000000 0.000000 0.000000 0.000000 0.000000
    195 0.000000 0.000000 0.000000 0.000000 0.000000 0.000000
    196 0.000000 0.000000 0.000000 0.000000 0.000000 0.000000
    197 0.000000 0.000000 0.000000 0.000000 0.000000 0.000000
    198 0.000000 0.000000 0.000000 0.000000 0.000000 0.000000
    199 0.000000 0.000000 0.000000 0.000000 0.000000 0.000000
    200 0.000000 0.000000 0.000000 0.000000 0.000000 0.000000
    201 0.000000 0.000000 0.000000 0.000000 0.000000 0.000000
    202 0.000000 0.000000 0.000000 0.000000 0.000000 0.000000
    203 0.000000 0.000000 0.000000 0.000000 0.000000 0.000000
    204 0.000000 0.000000 0.000000 0.000000 0.000000 0.000000
    205 0.000000 0.000000 0.000000 0.000000 0.000000 0.000000
    206 0.000000 0.000000 0.000000 0.000000 0.000000 0.000000
    207 0.000000 0.000000 0.000000 0.000000 0.000000 0.000000
    208 0.000000 0.000000 0.000000 0.000000 0.000000 0.000000
    209 0.000000 0.000000 0.000000 0.000000 0.000000 0.000000
    210 0.000000 0.000000 0.000000 0.000000 0.000000 0.000000
    211 0.000000 0.000000 0.000000 0.000000 0.000000 0.000000
    212 0.000000 0.000000 0.000000 0.000000 0.000000 0.000000
    213 0.000000 0.000000 0.000000 0.000000 0.000000 0.000000
    214 0.000000 0.000000 0.000000 0.000000 0.000000 0.000000
    215 0.000000 0.000000 0.000000 0.000000 0.000000 0.000000
    216 0.000000 0.000000 0.000000 0.000000 0.000000 0.000000
    217 0.000000 0.000000 0.000000 0.000000 0.000000 0.000000
    218 0.000000 0.000000 0.000000 0.000000 0.000000 0.000000
    219 0.000000 0.000000 0.000000 0.000000 0.000000 0.000000
    220 0.000000 0.000000 0.000000 0.000000 0.000000 0.000000
    221 0.000000 0.000000 0.000000 0.000000 0.000000 0.000000
    222 0.000000 0.000000 0.000000 0.000000 0.000000 0.000000
    223 0.000000 0.000000 0.000000 0.000000 0.000000 0.000000
    224 0.000000 0.000000 0.000000 0.000000 0.000000 0.000000
    225 0.000000 0.000000 0.000000 0.000000 0.000000 0.000000
    226 0.000000 0.000000 0.000000 0.000000 0.000000 0.000000
    227 1.175817 -2.734458 0.359386 -0.054873 -0.018702 -0.158878
    228 0.000000 0.000000 0.000000 0.000000 0.000000 0.000000
    229 0.000000 0.000000 0.000000 0.000000 0.000000 0.000000
    230 0.000000 0.000000 0.000000 0.000084 0.000000 0.000000
    231 0.000000 0.000000 0.000000 0.000000 0.000000 0.000000
    232 0.000000 0.000000 0.000000 0.000000 0.000000 0.000000
    233 0.000000 0.000000 0.000000 0.000000 0.000000 0.000000
    234 -3.445418 -1.148473 0.429701 -0.054866 -0.018679 -1.729613
    235 0.000000 0.000000 0.000000 0.000000 0.000000 0.000000
    236 0.000000 0.000000 0.000000 0.000000 0.000000 0.000000
    237 0.000000 0.000000 0.000000 0.000000 0.000000 0.000000
    238 0.000000 0.000000 0.000000 0.000000 0.000000 0.000000
    239 0.000000 0.000000 0.000000 0.000000 0.000000 0.000000
    240 0.000000 0.000000 0.000000 0.000000 0.000000 0.000000
    241 0.000000 0.000000 0.000000 0.000000 0.000000 0.000000
    242 0.000000 0.000000 0.000000 0.000000 0.000000 0.000000
    243 0.000000 0.000000 0.000000 0.000000 0.000000 0.000000
    244 0.000000 0.000000 0.000000 0.000000 0.000000 0.000000
    245 0.000000 0.000000 0.000000 0.000000 0.000000 0.000000
    246 0.000000 0.000000 0.000000 0.000000 0.000000 -1.570796
  time 46
    0 0.000000 0.000000 0.000000 0.000000 0.000000 -1.570796
    1 0.000000 0.000000 0.000000 0.000000 0.000000 0.000000
    2 0.000000 0.000000 0.000000 0.000000 0.000000 0.000000
    3 0.000000 0.000000 0.000000 0.000000 0.000000 0.000000
    4 0.000000 0.000000 0.000000 0.000000 0.000000 0.000000
    5 0.000000 0.000000 0.000000 0.000000 0.000000 0.000000
    6 0.000000 0.000000 0.000000 0.000000 0.000000 0.000000
    7 0.000000 0.000000 0.000000 0.000000 0.000000 0.000000
    8 0.644551 0.359386 -0.984405 -0.022776 0.025285 0.145961
    9 0.000000 0.000000 0.000000 0.044450 -0.004335 -0.167144
    10 0.000000 0.000000 0.000000 0.000000 0.000000 0.000000
    11 0.000000 0.000000 0.000000 0.000000 0.000000 0.000000
    12 0.000000 0.000000 0.000000 0.000000 0.000000 0.000000
    13 0.000000 0.000000 0.000000 0.016105 0.000000 -0.000024
    14 0.000000 0.000000 0.000000 -0.000048 0.000036 0.194776
    15 0.000000 0.000000 0.000000 0.000000 0.000000 0.000000
    16 0.000000 0.000000 0.000000 0.000000 0.000000 0.000000
    17 0.000000 0.000000 0.000000 0.000000 0.000000 0.000000
    18 0.000000 0.000000 0.000000 0.000000 0.000000 0.000000
    19 0.000000 0.000000 0.000000 0.019451 0.000000 0.000000
    20 -0.203131 -0.035157 0.000000 0.000000 -0.000060 -0.097341
    21 0.000000 0.000000 0.000000 -0.078322 0.113072 -0.058211
    22 0.000000 0.000000 0.000000 0.000000 0.000000 0.000000
    23 0.000000 0.000000 0.000000 0.000000 0.000000 0.000000
    24 0.000000 0.000000 0.000000 0.000000 0.000000 0.000000
    25 0.000000 0.000000 0.000000 0.000000 0.000000 0.000000
    26 0.000000 0.000000 0.000000 0.000000 0.000000 0.000000
    27 0.000000 0.000000 0.000000 0.000000 0.000000 0.000000
    28 0.000000 0.000000 0.000000 0.000000 0.000000 0.000000
    29 0.000000 0.000000 0.000000 0.000000 0.000000 0.000000
    30 0.000000 0.000000 0.000000 0.000000 0.000000 0.000000
    31 0.000000 0.000000 0.000000 0.000000 0.000000 0.000000
    32 0.000000 0.000000 0.000000 0.000000 0.000000 0.000000
    33 0.000000 0.000000 0.000000 0.000000 0.000000 0.000000
    34 0.000000 0.000000 0.000000 0.000000 0.000000 0.000000
    35 0.000000 0.000000 0.000000 0.000000 0.000000 0.000000
    36 0.000000 0.000000 0.000000 0.000000 0.000000 0.000000
    37 0.000000 0.000000 0.000000 0.000000 0.000000 0.000000
    38 0.000000 0.000000 0.000000 0.000000 0.000000 0.000000
    39 0.000000 0.000000 0.000000 0.000000 0.000000 0.000000
    40 0.000000 0.000000 0.000000 0.000000 0.000000 0.000000
    41 0.000000 0.000000 0.000000 0.000000 0.000000 0.000000
    42 0.000000 0.000000 0.000000 0.000000 0.000000 0.000000
    43 0.000000 0.000000 0.000000 0.000000 0.000000 0.000000
    44 0.000000 0.000000 0.000000 0.000000 0.000000 0.000000
    45 0.000000 0.000000 0.000000 0.000000 0.000000 0.000000
    46 0.000000 0.000000 0.000000 0.000000 0.000000 0.000000
    47 0.000000 0.000000 0.000000 0.000000 0.000000 0.000000
    48 0.000000 0.000000 0.000000 0.000000 0.000000 0.000000
    49 0.000000 0.000000 0.000000 0.000000 0.000000 0.000000
    50 0.000000 0.000000 0.000000 0.000000 0.000000 0.000000
    51 0.000000 0.000000 0.000000 0.000000 0.000000 0.000000
    52 0.000000 0.000000 0.000000 0.000000 0.000000 0.000000
    53 0.000000 0.000000 0.000000 0.000000 0.000000 0.000000
    54 0.000000 0.000000 0.000000 0.000000 0.000000 0.000000
    55 0.000000 0.000000 0.000000 0.000000 0.000000 0.000000
    56 0.000000 0.000000 0.000000 0.000000 0.000000 0.000000
    57 0.000000 0.000000 0.000000 0.000000 0.000000 0.000000
    58 0.000000 0.000000 0.000000 0.000000 0.000000 0.000000
    59 0.000000 0.000000 0.000000 0.000000 0.000000 0.000000
    60 0.000000 0.000000 0.000000 0.000000 0.000000 0.000000
    61 0.000000 0.000000 0.000000 0.000000 0.000000 0.000000
    62 0.000000 0.000000 0.000000 0.000000 0.000000 0.000000
    63 0.000000 0.000000 0.000000 0.000000 0.000000 0.000000
    64 0.000000 0.000000 0.000000 0.000000 0.000000 0.000000
    65 0.000000 0.000000 0.000000 0.000000 0.000000 0.000000
    66 0.000000 0.000000 0.000000 0.000000 0.000000 0.000000
    67 0.000000 0.000000 0.000000 0.000000 0.000000 0.000000
    68 0.000000 0.000000 0.000000 0.000000 0.000000 0.000000
    69 0.000000 0.000000 0.000000 0.000000 0.000000 0.000000
    70 0.000000 0.000000 0.000000 0.000000 0.000000 0.000000
    71 0.000000 0.000000 0.000000 0.000000 0.000000 0.000000
    72 0.000000 0.000000 0.000000 0.000000 0.000000 0.000000
    73 0.000000 0.000000 0.000000 0.000000 0.000000 0.000000
    74 0.000000 0.000000 0.000000 0.000000 0.000000 0.000000
    75 0.000000 0.000000 0.000000 0.000000 0.000000 0.000000
    76 0.000000 0.000000 0.000000 0.000000 0.000000 0.000000
    77 0.000000 0.000000 0.000000 0.000000 0.000000 0.000000
    78 0.000000 0.000000 0.000000 0.000000 0.000000 0.000000
    79 0.000000 0.000000 0.000000 0.000000 0.000000 0.000000
    80 0.000000 0.000000 0.000000 0.000000 0.000000 0.000000
    81 0.000000 0.000000 0.000000 0.000000 0.000000 0.000000
    82 0.000000 0.000000 0.000000 0.000000 0.000000 0.000000
    83 0.000000 0.000000 0.000000 0.000000 0.000000 0.000000
    84 0.000000 0.000000 0.000000 0.000000 0.000000 0.000000
    85 0.000000 0.000000 0.000000 0.000000 0.000000 0.000000
    86 0.000000 0.000000 0.000000 0.000000 0.000000 0.000000
    87 0.000000 0.000000 0.000000 0.000000 0.000000 0.000000
    88 0.000000 0.000000 0.000000 0.000000 0.000000 0.000000
    89 0.000000 0.000000 0.000000 0.000000 0.000000 0.000000
    90 0.000000 0.000000 0.000000 0.000000 0.000000 0.000000
    91 0.000000 0.000000 0.000000 0.000000 0.000000 0.000000
    92 0.000000 0.000000 0.000000 0.000000 0.000000 0.000000
    93 0.000000 0.000000 0.000000 0.000000 0.000000 0.000000
    94 0.000000 0.000000 0.000000 0.000000 0.000000 0.000000
    95 0.000000 0.000000 0.000000 0.000000 0.000000 0.000000
    96 0.000000 0.000000 0.000000 0.000000 0.000000 0.000000
    97 0.000000 0.000000 0.000000 0.000000 0.000000 0.000000
    98 0.000000 0.000000 0.000000 0.000000 0.000000 0.000000
    99 0.000000 0.000000 0.000000 0.000000 0.000000 0.000000
    100 0.000000 0.000000 0.000000 0.000000 0.000000 0.000000
    101 0.000000 0.000000 0.000000 0.000000 0.000000 0.000000
    102 0.000000 0.000000 0.000000 0.000000 0.000000 0.000000
    103 0.000000 0.000000 0.000000 0.000000 0.000000 0.000000
    104 0.000000 0.000000 0.000000 0.000000 0.000000 0.000000
    105 0.000000 0.000000 0.000000 0.000000 0.000000 0.000000
    106 0.000000 0.000000 0.000000 0.000000 0.000000 0.000000
    107 0.000000 0.000000 0.000000 0.000000 0.000000 0.000000
    108 0.000000 0.000000 0.000000 0.000000 0.000000 0.000000
    109 0.000000 0.000000 0.000000 0.000000 0.000000 0.000000
    110 0.000000 0.000000 0.000000 0.000000 0.000000 0.000000
    111 0.000000 0.000000 0.000000 0.000000 0.000000 -1.570796
    112 -1.031281 -1.101596 -0.113285 -0.026650 -0.024792 -1.716156
    113 0.000000 0.000000 0.000000 0.000000 0.000000 0.000000
    114 0.000000 0.000000 0.000000 0.000000 0.000000 -1.570796
    115 0.000000 0.000000 0.000000 0.000000 0.000000 0.000000
    116 0.000000 0.000000 0.000000 0.000000 0.000000 0.000000
    117 0.000000 0.000000 0.000000 0.000000 0.000000 0.000000
    118 0.000000 0.000000 0.000000 0.000000 0.000000 0.000000
    119 0.000000 0.000000 0.000000 0.000000 0.000000 0.000000
    120 0.000000 0.000000 0.000000 0.000000 0.000000 0.000000
    121 0.000000 0.000000 0.000000 0.000000 0.000000 0.000000
    122 0.000000 0.000000 0.000000 0.000000 0.000000 0.000000
    123 0.000000 0.000000 0.000000 0.000000 0.000000 0.000000
    124 0.000000 0.000000 0.000000 0.000000 0.000000 0.000000
    125 0.000000 0.000000 0.000000 0.000000 0.000000 0.000000
    126 0.000000 0.000000 0.000000 0.000000 0.000000 0.000000
    127 0.000000 0.000000 0.000000 0.000000 0.000000 0.000000
    128 0.000000 0.000000 0.000000 0.000000 0.000000 0.000000
    129 0.000000 0.000000 0.000000 0.000000 0.000000 0.000000
    130 0.000000 0.000000 0.000000 0.000000 0.000000 0.000000
    131 0.000000 0.000000 0.000000 0.000000 0.000000 0.000000
    132 0.000000 0.000000 0.000000 0.000000 0.000000 0.000000
    133 0.000000 0.000000 0.000000 0.000000 0.000000 0.000000
    134 0.000000 0.000000 0.000000 0.000000 0.000000 0.000000
    135 0.000000 0.000000 0.000000 0.000000 0.000000 0.000000
    136 0.000000 0.000000 0.000000 0.000000 0.000000 0.000000
    137 0.000000 0.000000 0.000000 0.000000 0.000000 0.000000
    138 0.000000 0.000000 0.000000 0.000000 0.000000 0.000000
    139 0.000000 0.000000 0.000000 0.000000 0.000000 0.000000
    140 0.000000 0.000000 0.000000 0.000000 0.000000 0.000000
    141 0.000000 0.000000 0.000000 0.000000 0.000000 0.000000
    142 0.000000 0.000000 0.000000 0.000000 0.000000 0.000000
    143 0.000000 0.000000 0.000000 0.000000 0.000000 0.000000
    144 0.000000 0.000000 0.000000 0.000000 0.000000 0.000000
    145 0.000000 0.000000 0.000000 0.000000 0.000000 0.000000
    146 0.000000 0.000000 0.000000 0.000000 0.000000 0.000000
    147 0.000000 0.000000 0.000000 0.000000 0.000000 0.000000
    148 0.000000 0.000000 0.000000 0.000000 0.000000 0.000000
    149 0.000000 0.000000 0.000000 0.000000 0.000000 0.000000
    150 0.000000 0.000000 0.000000 0.000000 0.000000 0.000000
    151 0.000000 0.000000 0.000000 0.000000 0.000000 0.000000
    152 0.000000 0.000000 0.000000 0.000000 0.000000 0.000000
    153 0.000000 0.000000 0.000000 0.000000 0.000000 0.000000
    154 0.000000 0.000000 0.000000 0.000000 0.000000 0.000000
    155 0.000000 0.000000 0.000000 0.000000 0.000000 0.000000
    156 0.000000 0.000000 0.000000 0.000000 0.000000 0.000000
    157 0.000000 0.000000 0.000000 0.000000 0.000000 0.000000
    158 0.000000 0.000000 0.000000 0.000000 0.000000 0.000000
    159 0.000000 0.000000 0.000000 0.000000 0.000000 0.000000
    160 0.000000 0.000000 0.000000 0.000000 0.000000 0.000000
    161 0.000000 0.000000 0.000000 0.000000 0.000000 0.000000
    162 0.000000 0.000000 0.000000 0.000000 0.000000 0.000000
    163 0.000000 0.000000 0.000000 0.000000 0.000000 0.000000
    164 0.000000 0.000000 0.000000 0.000000 0.000000 0.000000
    165 0.000000 0.000000 0.000000 0.000000 0.000000 0.000000
    166 0.000000 0.000000 0.000000 0.000000 0.000000 0.000000
    167 0.000000 0.000000 0.000000 0.000000 0.000000 0.000000
    168 0.000000 0.000000 0.000000 0.000000 0.000000 0.000000
    169 0.000000 0.000000 0.000000 0.000000 0.000000 0.000000
    170 0.000000 0.000000 0.000000 0.000000 0.000000 0.000000
    171 0.000000 0.000000 0.000000 0.000000 0.000000 0.000000
    172 0.000000 0.000000 0.000000 0.000000 0.000000 0.000000
    173 0.000000 0.000000 0.000000 0.000000 0.000000 0.000000
    174 0.000000 0.000000 0.000000 0.000000 0.000000 0.000000
    175 0.000000 0.000000 0.000000 0.000000 0.000000 0.000000
    176 0.000000 0.000000 0.000000 0.000000 0.000000 0.000000
    177 0.000000 0.000000 0.000000 0.000000 0.000000 0.000000
    178 0.000000 0.000000 0.000000 0.000000 0.000000 0.000000
    179 0.000000 0.000000 0.000000 0.000000 0.000000 0.000000
    180 0.000000 0.000000 0.000000 0.000000 0.000000 0.000000
    181 0.000000 0.000000 0.000000 0.000000 0.000000 0.000000
    182 0.000000 0.000000 0.000000 0.000000 0.000000 0.000000
    183 0.000000 0.000000 0.000000 0.000000 0.000000 0.000000
    184 0.000000 0.000000 0.000000 0.000000 0.000000 0.000000
    185 0.000000 0.000000 0.000000 0.000000 0.000000 0.000000
    186 0.000000 0.000000 0.000000 0.000000 0.000000 0.000000
    187 0.000000 0.000000 0.000000 0.000000 0.000000 0.000000
    188 0.000000 0.000000 0.000000 0.000000 0.000000 0.000000
    189 0.000000 0.000000 0.000000 0.000000 0.000000 0.000000
    190 0.000000 0.000000 0.000000 0.000000 0.000000 0.000000
    191 0.000000 0.000000 0.000000 0.009703 0.000000 0.000000
    192 0.000000 0.000000 0.000000 0.000000 0.000000 0.000000
    193 0.000000 0.000000 0.000000 0.000000 0.000000 0.000000
    194 0.000000 0.000000 0.000000 0.000000 0.000000 0.000000
    195 0.000000 0.000000 0.000000 0.000000 0.000000 0.000000
    196 0.000000 0.000000 0.000000 0.000000 0.000000 0.000000
    197 0.000000 0.000000 0.000000 0.000000 0.000000 0.000000
    198 0.000000 0.000000 0.000000 0.000000 0.000000 0.000000
    199 0.000000 0.000000 0.000000 0.000000 0.000000 0.000000
    200 0.000000 0.000000 0.000000 0.000000 0.000000 0.000000
    201 0.000000 0.000000 0.000000 0.000000 0.000000 0.000000
    202 0.000000 0.000000 0.000000 0.000000 0.000000 0.000000
    203 0.000000 0.000000 0.000000 0.000000 0.000000 0.000000
    204 0.000000 0.000000 0.000000 0.000000 0.000000 0.000000
    205 0.000000 0.000000 0.000000 0.000000 0.000000 0.000000
    206 0.000000 0.000000 0.000000 0.000000 0.000000 0.000000
    207 0.000000 0.000000 0.000000 0.000000 0.000000 0.000000
    208 0.000000 0.000000 0.000000 0.000000 0.000000 0.000000
    209 0.000000 0.000000 0.000000 0.000000 0.000000 0.000000
    210 0.000000 0.000000 0.000000 0.000000 0.000000 0.000000
    211 0.000000 0.000000 0.000000 0.000000 0.000000 0.000000
    212 0.000000 0.000000 0.000000 0.000000 0.000000 0.000000
    213 0.000000 0.000000 0.000000 0.000000 0.000000 0.000000
    214 0.000000 0.000000 0.000000 0.000000 0.000000 0.000000
    215 0.000000 0.000000 0.000000 0.000000 0.000000 0.000000
    216 0.000000 0.000000 0.000000 0.000000 0.000000 0.000000
    217 0.000000 0.000000 0.000000 0.000000 0.000000 0.000000
    218 0.000000 0.000000 0.000000 0.000000 0.000000 0.000000
    219 0.000000 0.000000 0.000000 0.000000 0.000000 0.000000
    220 0.000000 0.000000 0.000000 0.000000 0.000000 0.000000
    221 0.000000 0.000000 0.000000 0.000000 0.000000 0.000000
    222 0.000000 0.000000 0.000000 0.000000 0.000000 0.000000
    223 0.000000 0.000000 0.000000 0.000000 0.000000 0.000000
    224 0.000000 0.000000 0.000000 0.000000 0.000000 0.000000
    225 0.000000 0.000000 0.000000 0.000000 0.000000 0.000000
    226 0.000000 0.000000 0.000000 0.000000 0.000000 0.000000
    227 1.000031 -2.546953 0.140629 -0.026650 -0.024833 -0.145358
    228 0.000000 0.000000 0.000000 0.000000 0.000000 0.000000
    229 0.000000 0.000000 0.000000 0.000000 0.000000 0.000000
    230 0.000000 0.000000 0.000000 -0.000743 0.000000 0.000000
    231 0.000000 0.000000 0.000000 0.000000 0.000000 0.000000
    232 0.000000 0.000000 0.000000 0.000000 0.000000 0.000000
    233 0.000000 0.000000 0.000000 0.000000 0.000000 0.000000
    234 -3.148534 -1.003937 0.234382 -0.026646 -0.024830 -1.716107
    235 0.000000 0.000000 0.000000 0.000000 0.000000 0.000000
    236 0.000000 0.000000 0.000000 0.000000 0.000000 0.000000
    237 0.000000 0.000000 0.000000 0.000000 0.000000 0.000000
    238 0.000000 0.000000 0.000000 0.000000 0.000000 0.000000
    239 0.000000 0.000000 0.000000 0.000000 0.000000 0.000000
    240 0.000000 0.000000 0.000000 0.000000 0.000000 0.000000
    241 0.000000 0.000000 0.000000 0.000000 0.000000 0.000000
    242 0.000000 0.000000 0.000000 0.000000 0.000000 0.000000
    243 0.000000 0.000000 0.000000 0.000000 0.000000 0.000000
    244 0.000000 0.000000 0.000000 0.000000 0.000000 0.000000
    245 0.000000 0.000000 0.000000 0.000000 0.000000 0.000000
    246 0.000000 0.000000 0.000000 0.000000 0.000000 -1.570796
  time 47
    0 0.000000 0.000000 0.000000 0.000000 0.000000 -1.570796
    1 0.000000 0.000000 0.000000 0.000000 0.000000 0.000000
    2 0.000000 0.000000 0.000000 0.000000 0.000000 0.000000
    3 0.000000 0.000000 0.000000 0.000000 0.000000 0.000000
    4 0.000000 0.000000 0.000000 0.000000 0.000000 0.000000
    5 0.000000 0.000000 0.000000 0.000000 0.000000 0.000000
    6 0.000000 0.000000 0.000000 0.000000 0.000000 0.000000
    7 0.000000 0.000000 0.000000 0.000000 0.000000 0.000000
    8 0.296884 0.441420 -1.097690 -0.009356 0.019400 0.121251
    9 0.000000 0.000000 0.000000 0.058598 -0.007296 -0.141117
    10 0.000000 0.000000 0.000000 0.000000 0.000000 0.000000
    11 0.000000 0.000000 0.000000 0.000000 0.000000 0.000000
    12 0.000000 0.000000 0.000000 0.000000 0.000000 0.000000
    13 0.000000 0.000000 0.000000 -0.000910 0.000000 0.000000
    14 0.000000 0.000000 0.000000 -0.000060 0.000000 0.171838
    15 0.000000 0.000000 0.000000 0.000000 0.000000 0.000000
    16 0.000000 0.000000 0.000000 0.000000 0.000000 0.000000
    17 0.000000 0.000000 0.000000 0.000000 0.000000 0.000000
    18 0.000000 0.000000 0.000000 0.000000 0.000000 0.000000
    19 0.000000 0.000000 0.000000 0.021869 0.000060 0.000000
    20 -0.175787 -0.031251 0.000000 0.000000 -0.000060 -0.085882
    21 0.000000 0.000000 0.000000 -0.082380 0.072422 -0.059509
    22 0.000000 0.000000 0.000000 0.000000 0.000000 0.000000
    23 0.000000 0.000000 0.000000 0.000000 0.000000 0.000000
    24 0.000000 0.000000 0.000000 0.000000 0.000000 0.000000
    25 0.000000 0.000000 0.000000 0.000000 0.000000 0.000000
    26 0.000000 0.000000 0.000000 0.000000 0.000000 0.000000
    27 0.000000 0.000000 0.000000 0.000000 0.000000 0.000000
    28 0.000000 0.000000 0.000000 0.000000 0.000000 0.000000
    29 0.000000 0.000000 0.000000 0.000000 0.000000 0.000000
    30 0.000000 0.000000 0.000000 0.000000 0.000000 0.000000
    31 0.000000 0.000000 0.000000 0.000000 0.000000 0.000000
    32 0.000000 0.000000 0.000000 0.000000 0.000000 0.000000
    33 0.000000 0.000000 0.000000 0.000000 0.000000 0.000000
    34 0.000000 0.000000 0.000000 0.000000 0.000000 0.000000
    35 0.000000 0.000000 0.000000 0.000000 0.000000 0.000000
    36 0.000000 0.000000 0.000000 0.000000 0.000000 0.000000
    37 0.000000 0.000000 0.000000 0.000000 0.000000 0.000000
    38 0.000000 0.000000 0.000000 0.000000 0.000000 0.000000
    39 0.000000 0.000000 0.000000 0.000000 0.000000 0.000000
    40 0.000000 0.000000 0.000000 0.000000 0.000000 0.000000
    41 0.000000 0.000000 0.000000 0.000000 0.000000 0.000000
    42 0.000000 0.000000 0.000000 0.000000 0.000000 0.000000
    43 0.000000 0.000000 0.000000 0.000000 0.000000 0.000000
    44 0.000000 0.000000 0.000000 0.000000 0.000000 0.000000
    45 0.000000 0.000000 0.000000 0.000000 0.000000 0.000000
    46 0.000000 0.000000 0.000000 0.000000 0.000000 0.000000
    47 0.000000 0.000000 0.000000 0.000000 0.000000 0.000000
    48 0.000000 0.000000 0.000000 0.000000 0.000000 0.000000
    49 0.000000 0.000000 0.000000 0.000000 0.000000 0.000000
    50 0.000000 0.000000 0.000000 0.000000 0.000000 0.000000
    51 0.000000 0.000000 0.000000 0.000000 0.000000 0.000000
    52 0.000000 0.000000 0.000000 0.000000 0.000000 0.000000
    53 0.000000 0.000000 0.000000 0.000000 0.000000 0.000000
    54 0.000000 0.000000 0.000000 0.000000 0.000000 0.000000
    55 0.000000 0.000000 0.000000 0.000000 0.000000 0.000000
    56 0.000000 0.000000 0.000000 0.000000 0.000000 0.000000
    57 0.000000 0.000000 0.000000 0.000000 0.000000 0.000000
    58 0.000000 0.000000 0.000000 0.000000 0.000000 0.000000
    59 0.000000 0.000000 0.000000 0.000000 0.000000 0.000000
    60 0.000000 0.000000 0.000000 0.000000 0.000000 0.000000
    61 0.000000 0.000000 0.000000 0.000000 0.000000 0.000000
    62 0.000000 0.000000 0.000000 0.000000 0.000000 0.000000
    63 0.000000 0.000000 0.000000 0.000000 0.000000 0.000000
    64 0.000000 0.000000 0.000000 0.000000 0.000000 0.000000
    65 0.000000 0.000000 0.000000 0.000000 0.000000 0.000000
    66 0.000000 0.000000 0.000000 0.000000 0.000000 0.000000
    67 0.000000 0.000000 0.000000 0.000000 0.000000 0.000000
    68 0.000000 0.000000 0.000000 0.000000 0.000000 0.000000
    69 0.000000 0.000000 0.000000 0.000000 0.000000 0.000000
    70 0.000000 0.000000 0.000000 0.000000 0.000000 0.000000
    71 0.000000 0.000000 0.000000 0.000000 0.000000 0.000000
    72 0.000000 0.000000 0.000000 0.000000 0.000000 0.000000
    73 0.000000 0.000000 0.000000 0.000000 0.000000 0.000000
    74 0.000000 0.000000 0.000000 0.000000 0.000000 0.000000
    75 0.000000 0.000000 0.000000 0.000000 0.000000 0.000000
    76 0.000000 0.000000 0.000000 0.000000 0.000000 0.000000
    77 0.000000 0.000000 0.000000 0.000000 0.000000 0.000000
    78 0.000000 0.000000 0.000000 0.000000 0.000000 0.000000
    79 0.000000 0.000000 0.000000 0.000000 0.000000 0.000000
    80 0.000000 0.000000 0.000000 0.000000 0.000000 0.000000
    81 0.000000 0.000000 0.000000 0.000000 0.000000 0.000000
    82 0.000000 0.000000 0.000000 0.000000 0.000000 0.000000
    83 0.000000 0.000000 0.000000 0.000000 0.000000 0.000000
    84 0.000000 0.000000 0.000000 0.000000 0.000000 0.000000
    85 0.000000 0.000000 0.000000 0.000000 0.000000 0.000000
    86 0.000000 0.000000 0.000000 0.000000 0.000000 0.000000
    87 0.000000 0.000000 0.000000 0.000000 0.000000 0.000000
    88 0.000000 0.000000 0.000000 0.000000 0.000000 0.000000
    89 0.000000 0.000000 0.000000 0.000000 0.000000 0.000000
    90 0.000000 0.000000 0.000000 0.000000 0.000000 0.000000
    91 0.000000 0.000000 0.000000 0.000000 0.000000 0.000000
    92 0.000000 0.000000 0.000000 0.000000 0.000000 0.000000
    93 0.000000 0.000000 0.000000 0.000000 0.000000 0.000000
    94 0.000000 0.000000 0.000000 0.000000 0.000000 0.000000
    95 0.000000 0.000000 0.000000 0.000000 0.000000 0.000000
    96 0.000000 0.000000 0.000000 0.000000 0.000000 0.000000
    97 0.000000 0.000000 0.000000 0.000000 0.000000 0.000000
    98 0.000000 0.000000 0.000000 0.000000 0.000000 0.000000
    99 0.000000 0.000000 0.000000 0.000000 0.000000 0.000000
    100 0.000000 0.000000 0.000000 0.000000 0.000000 0.000000
    101 0.000000 0.000000 0.000000 0.000000 0.000000 0.000000
    102 0.000000 0.000000 0.000000 0.000000 0.000000 0.000000
    103 0.000000 0.000000 0.000000 0.000000 0.000000 0.000000
    104 0.000000 0.000000 0.000000 0.000000 0.000000 0.000000
    105 0.000000 0.000000 0.000000 0.000000 0.000000 0.000000
    106 0.000000 0.000000 0.000000 0.000000 0.000000 0.000000
    107 0.000000 0.000000 0.000000 0.000000 0.000000 0.000000
    108 0.000000 0.000000 0.000000 0.000000 0.000000 0.000000
    109 0.000000 0.000000 0.000000 0.000000 0.000000 0.000000
    110 0.000000 0.000000 0.000000 0.000000 0.000000 0.000000
    111 0.000000 0.000000 0.000000 0.000000 0.000000 -1.570796
    112 -0.996124 -0.781274 -0.289071 -0.026475 -0.028435 -1.687438
    113 0.000000 0.000000 0.000000 0.000000 0.000000 0.000000
    114 0.000000 0.000000 0.000000 0.000000 0.000000 -1.570796
    115 0.000000 0.000000 0.000000 0.000000 0.000000 0.000000
    116 0.000000 0.000000 0.000000 0.000000 0.000000 0.000000
    117 0.000000 0.000000 0.000000 0.000000 0.000000 0.000000
    118 0.000000 0.000000 0.000000 0.000000 0.000000 0.000000
    119 0.000000 0.000000 0.000000 0.000000 0.000000 0.000000
    120 0.000000 0.000000 0.000000 0.000000 0.000000 0.000000
    121 0.000000 0.000000 0.000000 0.000000 0.000000 0.000000
    122 0.000000 0.000000 0.000000 0.000000 0.000000 0.000000
    123 0.000000 0.000000 0.000000 0.000000 0.000000 0.000000
    124 0.000000 0.000000 0.000000 0.000000 0.000000 0.000000
    125 0.000000 0.000000 0.000000 0.000000 0.000000 0.000000
    126 0.000000 0.000000 0.000000 0.000000 0.000000 0.000000
    127 0.000000 0.000000 0.000000 0.000000 0.000000 0.000000
    128 0.000000 0.000000 0.000000 0.000000 0.000000 0.000000
    129 0.000000 0.000000 0.000000 0.000000 0.000000 0.000000
    130 0.000000 0.000000 0.000000 0.000000 0.000000 0.000000
    131 0.000000 0.000000 0.000000 0.000000 0.000000 0.000000
    132 0.000000 0.000000 0.000000 0.000000 0.000000 0.000000
    133 0.000000 0.000000 0.000000 0.000000 0.000000 0.000000
    134 0.000000 0.000000 0.000000 0.000000 0.000000 0.000000
    135 0.000000 0.000000 0.000000 0.000000 0.000000 0.000000
    136 0.000000 0.000000 0.000000 0.000000 0.000000 0.000000
    137 0.000000 0.000000 0.000000 0.000000 0.000000 0.000000
    138 0.000000 0.000000 0.000000 0.000000 0.000000 0.000000
    139 0.000000 0.000000 0.000000 0.000000 0.000000 0.000000
    140 0.000000 0.000000 0.000000 0.000000 0.000000 0.000000
    141 0.000000 0.000000 0.000000 0.000000 0.000000 0.000000
    142 0.000000 0.000000 0.000000 0.000000 0.000000 0.000000
    143 0.000000 0.000000 0.000000 0.000000 0.000000 0.000000
    144 0.000000 0.000000 0.000000 0.000000 0.000000 0.000000
    145 0.000000 0.000000 0.000000 0.000000 0.000000 0.000000
    146 0.000000 0.000000 0.000000 0.000000 0.000000 0.000000
    147 0.000000 0.000000 0.000000 0.000000 0.000000 0.000000
    148 0.000000 0.000000 0.000000 0.000000 0.000000 0.000000
    149 0.000000 0.000000 0.000000 0.000000 0.000000 0.000000
    150 0.000000 0.000000 0.000000 0.000000 0.000000 0.000000
    151 0.000000 0.000000 0.000000 0.000000 0.000000 0.000000
    152 0.000000 0.000000 0.000000 0.000000 0.000000 0.000000
    153 0.000000 0.000000 0.000000 0.000000 0.000000 0.000000
    154 0.000000 0.000000 0.000000 0.000000 0.000000 0.000000
    155 0.000000 0.000000 0.000000 0.000000 0.000000 0.000000
    156 0.000000 0.000000 0.000000 0.000000 0.000000 0.000000
    157 0.000000 0.000000 0.000000 0.000000 0.000000 0.000000
    158 0.000000 0.000000 0.000000 0.000000 0.000000 0.000000
    159 0.000000 0.000000 0.000000 0.000000 0.000000 0.000000
    160 0.000000 0.000000 0.000000 0.000000 0.000000 0.000000
    161 0.000000 0.000000 0.000000 0.000000 0.000000 0.000000
    162 0.000000 0.000000 0.000000 0.000000 0.000000 0.000000
    163 0.000000 0.000000 0.000000 0.000000 0.000000 0.000000
    164 0.000000 0.000000 0.000000 0.000000 0.000000 0.000000
    165 0.000000 0.000000 0.000000 0.000000 0.000000 0.000000
    166 0.000000 0.000000 0.000000 0.000000 0.000000 0.000000
    167 0.000000 0.000000 0.000000 0.000000 0.000000 0.000000
    168 0.000000 0.000000 0.000000 0.000000 0.000000 0.000000
    169 0.000000 0.000000 0.000000 0.000000 0.000000 0.000000
    170 0.000000 0.000000 0.000000 0.000000 0.000000 0.000000
    171 0.000000 0.000000 0.000000 0.000000 0.000000 0.000000
    172 0.000000 0.000000 0.000000 0.000000 0.000000 0.000000
    173 0.000000 0.000000 0.000000 0.000000 0.000000 0.000000
    174 0.000000 0.000000 0.000000 0.000000 0.000000 0.000000
    175 0.000000 0.000000 0.000000 0.000000 0.000000 0.000000
    176 0.000000 0.000000 0.000000 0.000000 0.000000 0.000000
    177 0.000000 0.000000 0.000000 0.000000 0.000000 0.000000
    178 0.000000 0.000000 0.000000 0.000000 0.000000 0.000000
    179 0.000000 0.000000 0.000000 0.000000 0.000000 0.000000
    180 0.000000 0.000000 0.000000 0.000000 0.000000 0.000000
    181 0.000000 0.000000 0.000000 0.000000 0.000000 0.000000
    182 0.000000 0.000000 0.000000 0.000000 0.000000 0.000000
    183 0.000000 0.000000 0.000000 0.000000 0.000000 0.000000
    184 0.000000 0.000000 0.000000 0.000000 0.000000 0.000000
    185 0.000000 0.000000 0.000000 0.000000 0.000000 0.000000
    186 0.000000 0.000000 0.000000 0.000000 0.000000 0.000000
    187 0.000000 0.000000 0.000000 0.000000 0.000000 0.000000
    188 0.000000 0.000000 0.000000 0.000000 0.000000 0.000000
    189 0.000000 0.000000 0.000000 0.000000 0.000000 0.000000
    190 0.000000 0.000000 0.000000 0.000000 0.000000 0.000000
    191 0.000000 0.000000 0.000000 0.010974 0.000000 0.000000
    192 0.000000 0.000000 0.000000 0.000000 0.000000 0.000000
    193 0.000000 0.000000 0.000000 0.000000 0.000000 0.000000
    194 0.000000 0.000000 0.000000 0.000000 0.000000 0.000000
    195 0.000000 0.000000 0.000000 0.000000 0.000000 0.000000
    196 0.000000 0.000000 0.000000 0.000000 0.000000 0.000000
    197 0.000000 0.000000 0.000000 0.000000 0.000000 0.000000
    198 0.000000 0.000000 0.000000 0.000000 0.000000 0.000000
    199 0.000000 0.000000 0.000000 0.000000 0.000000 0.000000
    200 0.000000 0.000000 0.000000 0.000000 0.000000 0.000000
    201 0.000000 0.000000 0.000000 0.000000 0.000000 0.000000
    202 0.000000 0.000000 0.000000 0.000000 0.000000 0.000000
    203 0.000000 0.000000 0.000000 0.000000 0.000000 0.000000
    204 0.000000 0.000000 0.000000 0.000000 0.000000 0.000000
    205 0.000000 0.000000 0.000000 0.000000 0.000000 0.000000
    206 0.000000 0.000000 0.000000 0.000000 0.000000 0.000000
    207 0.000000 0.000000 0.000000 0.000000 0.000000 0.000000
    208 0.000000 0.000000 0.000000 0.000000 0.000000 0.000000
    209 0.000000 0.000000 0.000000 0.000000 0.000000 0.000000
    210 0.000000 0.000000 0.000000 0.000000 0.000000 0.000000
    211 0.000000 0.000000 0.000000 0.000000 0.000000 0.000000
    212 0.000000 0.000000 0.000000 0.000000 0.000000 0.000000
    213 0.000000 0.000000 0.000000 0.000000 0.000000 0.000000
    214 0.000000 0.000000 0.000000 0.000000 0.000000 0.000000
    215 0.000000 0.000000 0.000000 0.000000 0.000000 0.000000
    216 0.000000 0.000000 0.000000 0.000000 0.000000 0.000000
    217 0.000000 0.000000 0.000000 0.000000 0.000000 0.000000
    218 0.000000 0.000000 0.000000 0.000000 0.000000 0.000000
    219 0.000000 0.000000 0.000000 0.000000 0.000000 0.000000
    220 0.000000 0.000000 0.000000 0.000000 0.000000 0.000000
    221 0.000000 0.000000 0.000000 0.000000 0.000000 0.000000
    222 0.000000 0.000000 0.000000 0.000000 0.000000 0.000000
    223 0.000000 0.000000 0.000000 0.000000 0.000000 0.000000
    224 0.000000 0.000000 0.000000 0.000000 0.000000 0.000000
    225 0.000000 0.000000 0.000000 0.000000 0.000000 0.000000
    226 0.000000 0.000000 0.000000 0.000000 0.000000 0.000000
    227 0.718772 -2.214911 0.003906 -0.026475 -0.028431 -0.116641
    228 0.000000 0.000000 0.000000 0.000000 0.000000 0.000000
    229 0.000000 0.000000 0.000000 0.000000 0.000000 0.000000
    230 0.000000 0.000000 0.000000 -0.001582 0.000000 0.000000
    231 0.000000 0.000000 0.000000 0.000000 0.000000 0.000000
    232 0.000000 0.000000 0.000000 0.000000 0.000000 0.000000
    233 0.000000 0.000000 0.000000 0.000000 0.000000 0.000000
    234 -2.711020 -0.746117 0.113285 -0.026472 -0.028431 -1.687370
    235 0.000000 0.000000 0.000000 0.000000 0.000000 0.000000
    236 0.000000 0.000000 0.000000 0.000000 0.000000 0.000000
    237 0.000000 0.000000 0.000000 0.000000 0.000000 0.000000
    238 0.000000 0.000000 0.000000 0.000000 0.000000 0.000000
    239 0.000000 0.000000 0.000000 0.000000 0.000000 0.000000
    240 0.000000 0.000000 0.000000 0.000000 0.000000 0.000000
    241 0.000000 0.000000 0.000000 0.000000 0.000000 0.000000
    242 0.000000 0.000000 0.000000 0.000000 0.000000 0.000000
    243 0.000000 0.000000 0.000000 0.000000 0.000000 0.000000
    244 0.000000 0.000000 0.000000 0.000000 0.000000 0.000000
    245 0.000000 0.000000 0.000000 0.000000 0.000000 0.000000
    246 0.000000 0.000000 0.000000 0.000000 0.000000 -1.570796
  time 48
    0 0.000000 0.000000 0.000000 0.000000 0.000000 -1.570796
    1 0.000000 0.000000 0.000000 0.000000 0.000000 0.000000
    2 0.000000 0.000000 0.000000 0.000000 0.000000 0.000000
    3 0.000000 0.000000 0.000000 0.000000 0.000000 0.000000
    4 0.000000 0.000000 0.000000 0.000000 0.000000 0.000000
    5 0.000000 0.000000 0.000000 0.000000 0.000000 0.000000
    6 0.000000 0.000000 0.000000 0.000000 0.000000 0.000000
    7 0.000000 0.000000 0.000000 0.000000 0.000000 0.000000
    8 -0.226569 0.445326 -0.812525 0.023154 0.042942 0.084761
    9 0.000000 0.000000 0.000000 0.072650 -0.009799 -0.130411
    10 0.000000 0.000000 0.000000 0.000000 0.000000 0.000000
    11 0.000000 0.000000 0.000000 0.000000 0.000000 0.000000
    12 0.000000 0.000000 0.000000 0.000000 0.000000 0.000000
    13 0.000000 0.000000 0.000000 -0.014695 0.000000 0.000000
    14 0.000000 0.000000 0.000000 0.000000 0.000000 0.138468
    15 0.000000 0.000000 0.000000 0.000000 0.000000 0.000000
    16 0.000000 0.000000 0.000000 0.000000 0.000000 0.000000
    17 0.000000 0.000000 0.000000 0.000000 0.000000 0.000000
    18 0.000000 0.000000 0.000000 0.000000 0.000000 0.000000
    19 0.000000 0.000000 0.000000 0.013605 0.000000 0.000000
    20 -0.148442 -0.031251 0.000000 -0.000060 0.000000 -0.069210
    21 0.000000 0.000000 0.000000 -0.097766 0.002747 -0.050972
    22 0.000000 0.000000 0.000000 0.000000 0.000000 0.000000
    23 0.000000 0.000000 0.000000 0.000000 0.000000 0.000000
    24 0.000000 0.000000 0.000000 0.000000 0.000000 0.000000
    25 0.000000 0.000000 0.000000 0.000000 0.000000 0.000000
    26 0.000000 0.000000 0.000000 0.000000 0.000000 0.000000
    27 0.000000 0.000000 0.000000 0.000000 0.000000 0.000000
    28 0.000000 0.000000 0.000000 0.000000 0.000000 0.000000
    29 0.000000 0.000000 0.000000 0.000000 0.000000 0.000000
    30 0.000000 0.000000 0.000000 0.000000 0.000000 0.000000
    31 0.000000 0.000000 0.000000 0.000000 0.000000 0.000000
    32 0.000000 0.000000 0.000000 0.000000 0.000000 0.000000
    33 0.000000 0.000000 0.000000 0.000000 0.000000 0.000000
    34 0.000000 0.000000 0.000000 0.000000 0.000000 0.000000
    35 0.000000 0.000000 0.000000 0.000000 0.000000 0.000000
    36 0.000000 0.000000 0.000000 0.000000 0.000000 0.000000
    37 0.000000 0.000000 0.000000 0.000000 0.000000 0.000000
    38 0.000000 0.000000 0.000000 0.000000 0.000000 0.000000
    39 0.000000 0.000000 0.000000 0.000000 0.000000 0.000000
    40 0.000000 0.000000 0.000000 0.000000 0.000000 0.000000
    41 0.000000 0.000000 0.000000 0.000000 0.000000 0.000000
    42 0.000000 0.000000 0.000000 0.000000 0.000000 0.000000
    43 0.000000 0.000000 0.000000 0.000000 0.000000 0.000000
    44 0.000000 0.000000 0.000000 0.000000 0.000000 0.000000
    45 0.000000 0.000000 0.000000 0.000000 0.000000 0.000000
    46 0.000000 0.000000 0.000000 0.000000 0.000000 0.000000
    47 0.000000 0.000000 0.000000 0.000000 0.000000 0.000000
    48 0.000000 0.000000 0.000000 0.000000 0.000000 0.000000
    49 0.000000 0.000000 0.000000 0.000000 0.000000 0.000000
    50 0.000000 0.000000 0.000000 0.000000 0.000000 0.000000
    51 0.000000 0.000000 0.000000 0.000000 0.000000 0.000000
    52 0.000000 0.000000 0.000000 0.000000 0.000000 0.000000
    53 0.000000 0.000000 0.000000 0.000000 0.000000 0.000000
    54 0.000000 0.000000 0.000000 0.000000 0.000000 0.000000
    55 0.000000 0.000000 0.000000 0.000000 0.000000 0.000000
    56 0.000000 0.000000 0.000000 0.000000 0.000000 0.000000
    57 0.000000 0.000000 0.000000 0.000000 0.000000 0.000000
    58 0.000000 0.000000 0.000000 0.000000 0.000000 0.000000
    59 0.000000 0.000000 0.000000 0.000000 0.000000 0.000000
    60 0.000000 0.000000 0.000000 0.000000 0.000000 0.000000
    61 0.000000 0.000000 0.000000 0.000000 0.000000 0.000000
    62 0.000000 0.000000 0.000000 0.000000 0.000000 0.000000
    63 0.000000 0.000000 0.000000 0.000000 0.000000 0.000000
    64 0.000000 0.000000 0.000000 0.000000 0.000000 0.000000
    65 0.000000 0.000000 0.000000 0.000000 0.000000 0.000000
    66 0.000000 0.000000 0.000000 0.000000 0.000000 0.000000
    67 0.000000 0.000000 0.000000 0.000000 0.000000 0.000000
    68 0.000000 0.000000 0.000000 0.000000 0.000000 0.000000
    69 0.000000 0.000000 0.000000 0.000000 0.000000 0.000000
    70 0.000000 0.000000 0.000000 0.000000 0.000000 0.000000
    71 0.000000 0.000000 0.000000 0.000000 0.000000 0.000000
    72 0.000000 0.000000 0.000000 0.000000 0.000000 0.000000
    73 0.000000 0.000000 0.000000 0.000000 0.000000 0.000000
    74 0.000000 0.000000 0.000000 0.000000 0.000000 0.000000
    75 0.000000 0.000000 0.000000 0.000000 0.000000 0.000000
    76 0.000000 0.000000 0.000000 0.000000 0.000000 0.000000
    77 0.000000 0.000000 0.000000 0.000000 0.000000 0.000000
    78 0.000000 0.000000 0.000000 0.000000 0.000000 0.000000
    79 0.000000 0.000000 0.000000 0.000000 0.000000 0.000000
    80 0.000000 0.000000 0.000000 0.000000 0.000000 0.000000
    81 0.000000 0.000000 0.000000 0.000000 0.000000 0.000000
    82 0.000000 0.000000 0.000000 0.000000 0.000000 0.000000
    83 0.000000 0.000000 0.000000 0.000000 0.000000 0.000000
    84 0.000000 0.000000 0.000000 0.000000 0.000000 0.000000
    85 0.000000 0.000000 0.000000 0.000000 0.000000 0.000000
    86 0.000000 0.000000 0.000000 0.000000 0.000000 0.000000
    87 0.000000 0.000000 0.000000 0.000000 0.000000 0.000000
    88 0.000000 0.000000 0.000000 0.000000 0.000000 0.000000
    89 0.000000 0.000000 0.000000 0.000000 0.000000 0.000000
    90 0.000000 0.000000 0.000000 0.000000 0.000000 0.000000
    91 0.000000 0.000000 0.000000 0.000000 0.000000 0.000000
    92 0.000000 0.000000 0.000000 0.000000 0.000000 0.000000
    93 0.000000 0.000000 0.000000 0.000000 0.000000 0.000000
    94 0.000000 0.000000 0.000000 0.000000 0.000000 0.000000
    95 0.000000 0.000000 0.000000 0.000000 0.000000 0.000000
    96 0.000000 0.000000 0.000000 0.000000 0.000000 0.000000
    97 0.000000 0.000000 0.000000 0.000000 0.000000 0.000000
    98 0.000000 0.000000 0.000000 0.000000 0.000000 0.000000
    99 0.000000 0.000000 0.000000 0.000000 0.000000 0.000000
    100 0.000000 0.000000 0.000000 0.000000 0.000000 0.000000
    101 0.000000 0.000000 0.000000 0.000000 0.000000 0.000000
    102 0.000000 0.000000 0.000000 0.000000 0.000000 0.000000
    103 0.000000 0.000000 0.000000 0.000000 0.000000 0.000000
    104 0.000000 0.000000 0.000000 0.000000 0.000000 0.000000
    105 0.000000 0.000000 0.000000 0.000000 0.000000 0.000000
    106 0.000000 0.000000 0.000000 0.000000 0.000000 0.000000
    107 0.000000 0.000000 0.000000 0.000000 0.000000 0.000000
    108 0.000000 0.000000 0.000000 0.000000 0.000000 0.000000
    109 0.000000 0.000000 0.000000 0.000000 0.000000 0.000000
    110 0.000000 0.000000 0.000000 0.000000 0.000000 0.000000
    111 0.000000 0.000000 0.000000 0.000000 0.000000 -1.570796
    112 -0.968780 -0.351573 -0.148442 -0.059417 -0.026080 -1.642497
    113 0.000000 0.000000 0.000000 0.000000 0.000000 0.000000
    114 0.000000 0.000000 0.000000 0.000000 0.000000 -1.570796
    115 0.000000 0.000000 0.000000 0.000000 0.000000 0.000000
    116 0.000000 0.000000 0.000000 0.000000 0.000000 0.000000
    117 0.000000 0.000000 0.000000 0.000000 0.000000 0.000000
    118 0.000000 0.000000 0.000000 0.000000 0.000000 0.000000
    119 0.000000 0.000000 0.000000 0.000000 0.000000 0.000000
    120 0.000000 0.000000 0.000000 0.000000 0.000000 0.000000
    121 0.000000 0.000000 0.000000 0.000000 0.000000 0.000000
    122 0.000000 0.000000 0.000000 0.000000 0.000000 0.000000
    123 0.000000 0.000000 0.000000 0.000000 0.000000 0.000000
    124 0.000000 0.000000 0.000000 0.000000 0.000000 0.000000
    125 0.000000 0.000000 0.000000 0.000000 0.000000 0.000000
    126 0.000000 0.000000 0.000000 0.000000 0.000000 0.000000
    127 0.000000 0.000000 0.000000 0.000000 0.000000 0.000000
    128 0.000000 0.000000 0.000000 0.000000 0.000000 0.000000
    129 0.000000 0.000000 0.000000 0.000000 0.000000 0.000000
    130 0.000000 0.000000 0.000000 0.000000 0.000000 0.000000
    131 0.000000 0.000000 0.000000 0.000000 0.000000 0.000000
    132 0.000000 0.000000 0.000000 0.000000 0.000000 0.000000
    133 0.000000 0.000000 0.000000 0.000000 0.000000 0.000000
    134 0.000000 0.000000 0.000000 0.000000 0.000000 0.000000
    135 0.000000 0.000000 0.000000 0.000000 0.000000 0.000000
    136 0.000000 0.000000 0.000000 0.000000 0.000000 0.000000
    137 0.000000 0.000000 0.000000 0.000000 0.000000 0.000000
    138 0.000000 0.000000 0.000000 0.000000 0.000000 0.000000
    139 0.000000 0.000000 0.000000 0.000000 0.000000 0.000000
    140 0.000000 0.000000 0.000000 0.000000 0.000000 0.000000
    141 0.000000 0.000000 0.000000 0.000000 0.000000 0.000000
    142 0.000000 0.000000 0.000000 0.000000 0.000000 0.000000
    143 0.000000 0.000000 0.000000 0.000000 0.000000 0.000000
    144 0.000000 0.000000 0.000000 0.000000 0.000000 0.000000
    145 0.000000 0.000000 0.000000 0.000000 0.000000 0.000000
    146 0.000000 0.000000 0.000000 0.000000 0.000000 0.000000
    147 0.000000 0.000000 0.000000 0.000000 0.000000 0.000000
    148 0.000000 0.000000 0.000000 0.000000 0.000000 0.000000
    149 0.000000 0.000000 0.000000 0.000000 0.000000 0.000000
    150 0.000000 0.000000 0.000000 0.000000 0.000000 0.000000
    151 0.000000 0.000000 0.000000 0.000000 0.000000 0.000000
    152 0.000000 0.000000 0.000000 0.000000 0.000000 0.000000
    153 0.000000 0.000000 0.000000 0.000000 0.000000 0.000000
    154 0.000000 0.000000 0.000000 0.000000 0.000000 0.000000
    155 0.000000 0.000000 0.000000 0.000000 0.000000 0.000000
    156 0.000000 0.000000 0.000000 0.000000 0.000000 0.000000
    157 0.000000 0.000000 0.000000 0.000000 0.000000 0.000000
    158 0.000000 0.000000 0.000000 0.000000 0.000000 0.000000
    159 0.000000 0.000000 0.000000 0.000000 0.000000 0.000000
    160 0.000000 0.000000 0.000000 0.000000 0.000000 0.000000
    161 0.000000 0.000000 0.000000 0.000000 0.000000 0.000000
    162 0.000000 0.000000 0.000000 0.000000 0.000000 0.000000
    163 0.000000 0.000000 0.000000 0.000000 0.000000 0.000000
    164 0.000000 0.000000 0.000000 0.000000 0.000000 0.000000
    165 0.000000 0.000000 0.000000 0.000000 0.000000 0.000000
    166 0.000000 0.000000 0.000000 0.000000 0.000000 0.000000
    167 0.000000 0.000000 0.000000 0.000000 0.000000 0.000000
    168 0.000000 0.000000 0.000000 0.000000 0.000000 0.000000
    169 0.000000 0.000000 0.000000 0.000000 0.000000 0.000000
    170 0.000000 0.000000 0.000000 0.000000 0.000000 0.000000
    171 0.000000 0.000000 0.000000 0.000000 0.000000 0.000000
    172 0.000000 0.000000 0.000000 0.000000 0.000000 0.000000
    173 0.000000 0.000000 0.000000 0.000000 0.000000 0.000000
    174 0.000000 0.000000 0.000000 0.000000 0.000000 0.000000
    175 0.000000 0.000000 0.000000 0.000000 0.000000 0.000000
    176 0.000000 0.000000 0.000000 0.000000 0.000000 0.000000
    177 0.000000 0.000000 0.000000 0.000000 0.000000 0.000000
    178 0.000000 0.000000 0.000000 0.000000 0.000000 0.000000
    179 0.000000 0.000000 0.000000 0.000000 0.000000 0.000000
    180 0.000000 0.000000 0.000000 0.000000 0.000000 0.000000
    181 0.000000 0.000000 0.000000 0.000000 0.000000 0.000000
    182 0.000000 0.000000 0.000000 0.000000 0.000000 0.000000
    183 0.000000 0.000000 0.000000 0.000000 0.000000 0.000000
    184 0.000000 0.000000 0.000000 0.000000 0.000000 0.000000
    185 0.000000 0.000000 0.000000 0.000000 0.000000 0.000000
    186 0.000000 0.000000 0.000000 0.000000 0.000000 0.000000
    187 0.000000 0.000000 0.000000 0.000000 0.000000 0.000000
    188 0.000000 0.000000 0.000000 0.000000 0.000000 0.000000
    189 0.000000 0.000000 0.000000 0.000000 0.000000 0.000000
    190 0.000000 0.000000 0.000000 0.000000 0.000000 0.000000
    191 0.000000 0.000000 0.000000 0.006825 -0.000060 0.000060
    192 0.000000 0.000000 0.000000 0.000000 0.000000 0.000000
    193 0.000000 0.000000 0.000000 0.000000 0.000000 0.000000
    194 0.000000 0.000000 0.000000 0.000000 0.000000 0.000000
    195 0.000000 0.000000 0.000000 0.000000 0.000000 0.000000
    196 0.000000 0.000000 0.000000 0.000000 0.000000 0.000000
    197 0.000000 0.000000 0.000000 0.000000 0.000000 0.000000
    198 0.000000 0.000000 0.000000 0.000000 0.000000 0.000000
    199 0.000000 0.000000 0.000000 0.000000 0.000000 0.000000
    200 0.000000 0.000000 0.000000 0.000000 0.000000 0.000000
    201 0.000000 0.000000 0.000000 0.000000 0.000000 0.000000
    202 0.000000 0.000000 0.000000 0.000000 0.000000 0.000000
    203 0.000000 0.000000 0.000000 0.000000 0.000000 0.000000
    204 0.000000 0.000000 0.000000 0.000000 0.000000 0.000000
    205 0.000000 0.000000 0.000000 0.000000 0.000000 0.000000
    206 0.000000 0.000000 0.000000 0.000000 0.000000 0.000000
    207 0.000000 0.000000 0.000000 0.000000 0.000000 0.000000
    208 0.000000 0.000000 0.000000 0.000000 0.000000 0.000000
    209 0.000000 0.000000 0.000000 0.000000 0.000000 0.000000
    210 0.000000 0.000000 0.000000 0.000000 0.000000 0.000000
    211 0.000000 0.000000 0.000000 0.000000 0.000000 0.000000
    212 0.000000 0.000000 0.000000 0.000000 0.000000 0.000000
    213 0.000000 0.000000 0.000000 0.000000 0.000000 0.000000
    214 0.000000 0.000000 0.000000 0.000000 0.000000 0.000000
    215 0.000000 0.000000 0.000000 0.000000 0.000000 0.000000
    216 0.000000 0.000000 0.000000 0.000000 0.000000 0.000000
    217 0.000000 0.000000 0.000000 0.000000 0.000000 0.000000
    218 0.000000 0.000000 0.000000 0.000000 0.000000 0.000000
    219 0.000000 0.000000 0.000000 0.000000 0.000000 0.000000
    220 0.000000 0.000000 0.000000 0.000000 0.000000 0.000000
    221 0.000000 0.000000 0.000000 0.000000 0.000000 0.000000
    222 0.000000 0.000000 0.000000 0.000000 0.000000 0.000000
    223 0.000000 0.000000 0.000000 0.000000 0.000000 0.000000
    224 0.000000 0.000000 0.000000 0.000000 0.000000 0.000000
    225 0.000000 0.000000 0.000000 0.000000 0.000000 0.000000
    226 0.000000 0.000000 0.000000 0.000000 0.000000 0.000000
    227 0.332041 -1.738334 0.121097 -0.059417 -0.026077 -0.071700
    228 0.000000 0.000000 0.000000 0.000000 0.000000 0.000000
    229 0.000000 0.000000 0.000000 0.000000 0.000000 0.000000
    230 0.000000 0.000000 0.000000 -0.000839 0.000000 0.000000
    231 0.000000 0.000000 0.000000 0.000000 0.000000 0.000000
    232 0.000000 0.000000 0.000000 0.000000 0.000000 0.000000
    233 0.000000 0.000000 0.000000 0.000000 0.000000 0.000000
    234 -2.136784 -0.367199 0.222663 -0.059409 -0.026068 -1.642542
    235 0.000000 0.000000 0.000000 0.000000 0.000000 0.000000
    236 0.000000 0.000000 0.000000 0.000000 0.000000 0.000000
    237 0.000000 0.000000 0.000000 0.000000 0.000000 0.000000
    238 0.000000 0.000000 0.000000 0.000000 0.000000 0.000000
    239 0.000000 0.000000 0.000000 0.000000 0.000000 0.000000
    240 0.000000 0.000000 0.000000 0.000000 0.000000 0.000000
    241 0.000000 0.000000 0.000000 0.000000 0.000000 0.000000
    242 0.000000 0.000000 0.000000 0.000000 0.000000 0.000000
    243 0.000000 0.000000 0.000000 0.000000 0.000000 0.000000
    244 0.000000 0.000000 0.000000 0.000000 0.000000 0.000000
    245 0.000000 0.000000 0.000000 0.000000 0.000000 0.000000
    246 0.000000 0.000000 0.000000 0.000000 0.000000 -1.570796
  time 49
    0 0.000000 0.000000 0.000000 0.000000 0.000000 -1.570796
    1 0.000000 0.000000 0.000000 0.000000 0.000000 0.000000
    2 0.000000 0.000000 0.000000 0.000000 0.000000 0.000000
    3 0.000000 0.000000 0.000000 0.000000 0.000000 0.000000
    4 0.000000 0.000000 0.000000 0.000000 0.000000 0.000000
    5 0.000000 0.000000 0.000000 0.000000 0.000000 0.000000
    6 0.000000 0.000000 0.000000 0.000000 0.000000 0.000000
    7 0.000000 0.000000 0.000000 0.000000 0.000000 0.000000
    8 -0.738304 0.390637 -0.285165 0.061146 0.054494 0.048462
    9 0.000000 0.000000 0.000000 0.055730 -0.007937 -0.123027
    10 0.000000 0.000000 0.000000 0.000000 0.000000 0.000000
    11 0.000000 0.000000 0.000000 0.000000 0.000000 0.000000
    12 0.000000 0.000000 0.000000 0.000000 0.000000 0.000000
    13 0.000000 0.000000 0.000000 -0.004322 -0.000060 0.000000
    14 0.000000 0.000000 0.000000 0.000000 0.000000 0.077711
    15 0.000000 0.000000 0.000000 0.000000 0.000000 0.000000
    16 0.000000 0.000000 0.000000 0.000000 0.000000 0.000000
    17 0.000000 0.000000 0.000000 0.000000 0.000000 0.000000
    18 0.000000 0.000000 0.000000 0.000000 0.000000 0.000000
    19 0.000000 0.000000 0.000000 0.018896 0.000000 0.000000
    20 -0.097659 -0.019532 0.000000 0.000000 0.000000 -0.038926
    21 0.000000 0.000000 0.000000 -0.062875 -0.055541 -0.039489
    22 0.000000 0.000000 0.000000 0.000000 0.000000 0.000000
    23 0.000000 0.000000 0.000000 0.000000 0.000000 0.000000
    24 0.000000 0.000000 0.000000 0.000000 0.000000 0.000000
    25 0.000000 0.000000 0.000000 0.000000 0.000000 0.000000
    26 0.000000 0.000000 0.000000 0.000000 0.000000 0.000000
    27 0.000000 0.000000 0.000000 0.000000 0.000000 0.000000
    28 0.000000 0.000000 0.000000 0.000000 0.000000 0.000000
    29 0.000000 0.000000 0.000000 0.000000 0.000000 0.000000
    30 0.000000 0.000000 0.000000 0.000000 0.000000 0.000000
    31 0.000000 0.000000 0.000000 0.000000 0.000000 0.000000
    32 0.000000 0.000000 0.000000 0.000000 0.000000 0.000000
    33 0.000000 0.000000 0.000000 0.000000 0.000000 0.000000
    34 0.000000 0.000000 0.000000 0.000000 0.000000 0.000000
    35 0.000000 0.000000 0.000000 0.000000 0.000000 0.000000
    36 0.000000 0.000000 0.000000 0.000000 0.000000 0.000000
    37 0.000000 0.000000 0.000000 0.000000 0.000000 0.000000
    38 0.000000 0.000000 0.000000 0.000000 0.000000 0.000000
    39 0.000000 0.000000 0.000000 0.000000 0.000000 0.000000
    40 0.000000 0.000000 0.000000 0.000000 0.000000 0.000000
    41 0.000000 0.000000 0.000000 0.000000 0.000000 0.000000
    42 0.000000 0.000000 0.000000 0.000000 0.000000 0.000000
    43 0.000000 0.000000 0.000000 0.000000 0.000000 0.000000
    44 0.000000 0.000000 0.000000 0.000000 0.000000 0.000000
    45 0.000000 0.000000 0.000000 0.000000 0.000000 0.000000
    46 0.000000 0.000000 0.000000 0.000000 0.000000 0.000000
    47 0.000000 0.000000 0.000000 0.000000 0.000000 0.000000
    48 0.000000 0.000000 0.000000 0.000000 0.000000 0.000000
    49 0.000000 0.000000 0.000000 0.000000 0.000000 0.000000
    50 0.000000 0.000000 0.000000 0.000000 0.000000 0.000000
    51 0.000000 0.000000 0.000000 0.000000 0.000000 0.000000
    52 0.000000 0.000000 0.000000 0.000000 0.000000 0.000000
    53 0.000000 0.000000 0.000000 0.000000 0.000000 0.000000
    54 0.000000 0.000000 0.000000 0.000000 0.000000 0.000000
    55 0.000000 0.000000 0.000000 0.000000 0.000000 0.000000
    56 0.000000 0.000000 0.000000 0.000000 0.000000 0.000000
    57 0.000000 0.000000 0.000000 0.000000 0.000000 0.000000
    58 0.000000 0.000000 0.000000 0.000000 0.000000 0.000000
    59 0.000000 0.000000 0.000000 0.000000 0.000000 0.000000
    60 0.000000 0.000000 0.000000 0.000000 0.000000 0.000000
    61 0.000000 0.000000 0.000000 0.000000 0.000000 0.000000
    62 0.000000 0.000000 0.000000 0.000000 0.000000 0.000000
    63 0.000000 0.000000 0.000000 0.000000 0.000000 0.000000
    64 0.000000 0.000000 0.000000 0.000000 0.000000 0.000000
    65 0.000000 0.000000 0.000000 0.000000 0.000000 0.000000
    66 0.000000 0.000000 0.000000 0.000000 0.000000 0.000000
    67 0.000000 0.000000 0.000000 0.000000 0.000000 0.000000
    68 0.000000 0.000000 0.000000 0.000000 0.000000 0.000000
    69 0.000000 0.000000 0.000000 0.000000 0.000000 0.000000
    70 0.000000 0.000000 0.000000 0.000000 0.000000 0.000000
    71 0.000000 0.000000 0.000000 0.000000 0.000000 0.000000
    72 0.000000 0.000000 0.000000 0.000000 0.000000 0.000000
    73 0.000000 0.000000 0.000000 0.000000 0.000000 0.000000
    74 0.000000 0.000000 0.000000 0.000000 0.000000 0.000000
    75 0.000000 0.000000 0.000000 0.000000 0.000000 0.000000
    76 0.000000 0.000000 0.000000 0.000000 0.000000 0.000000
    77 0.000000 0.000000 0.000000 0.000000 0.000000 0.000000
    78 0.000000 0.000000 0.000000 0.000000 0.000000 0.000000
    79 0.000000 0.000000 0.000000 0.000000 0.000000 0.000000
    80 0.000000 0.000000 0.000000 0.000000 0.000000 0.000000
    81 0.000000 0.000000 0.000000 0.000000 0.000000 0.000000
    82 0.000000 0.000000 0.000000 0.000000 0.000000 0.000000
    83 0.000000 0.000000 0.000000 0.000000 0.000000 0.000000
    84 0.000000 0.000000 0.000000 0.000000 0.000000 0.000000
    85 0.000000 0.000000 0.000000 0.000000 0.000000 0.000000
    86 0.000000 0.000000 0.000000 0.000000 0.000000 0.000000
    87 0.000000 0.000000 0.000000 0.000000 0.000000 0.000000
    88 0.000000 0.000000 0.000000 0.000000 0.000000 0.000000
    89 0.000000 0.000000 0.000000 0.000000 0.000000 0.000000
    90 0.000000 0.000000 0.000000 0.000000 0.000000 0.000000
    91 0.000000 0.000000 0.000000 0.000000 0.000000 0.000000
    92 0.000000 0.000000 0.000000 0.000000 0.000000 0.000000
    93 0.000000 0.000000 0.000000 0.000000 0.000000 0.000000
    94 0.000000 0.000000 0.000000 0.000000 0.000000 0.000000
    95 0.000000 0.000000 0.000000 0.000000 0.000000 0.000000
    96 0.000000 0.000000 0.000000 0.000000 0.000000 0.000000
    97 0.000000 0.000000 0.000000 0.000000 0.000000 0.000000
    98 0.000000 0.000000 0.000000 0.000000 0.000000 0.000000
    99 0.000000 0.000000 0.000000 0.000000 0.000000 0.000000
    100 0.000000 0.000000 0.000000 0.000000 0.000000 0.000000
    101 0.000000 0.000000 0.000000 0.000000 0.000000 0.000000
    102 0.000000 0.000000 0.000000 0.000000 0.000000 0.000000
    103 0.000000 0.000000 0.000000 0.000000 0.000000 0.000000
    104 0.000000 0.000000 0.000000 0.000000 0.000000 0.000000
    105 0.000000 0.000000 0.000000 0.000000 0.000000 0.000000
    106 0.000000 0.000000 0.000000 0.000000 0.000000 0.000000
    107 0.000000 0.000000 0.000000 0.000000 0.000000 0.000000
    108 0.000000 0.000000 0.000000 0.000000 0.000000 0.000000
    109 0.000000 0.000000 0.000000 0.000000 0.000000 0.000000
    110 0.000000 0.000000 0.000000 0.000000 0.000000 0.000000
    111 0.000000 0.000000 0.000000 0.000000 0.000000 -1.570796
    112 -0.867214 0.054689 0.343760 -0.084669 -0.033634 -1.593453
    113 0.000000 0.000000 0.000000 0.000000 0.000000 0.000000
    114 0.000000 0.000000 0.000000 0.000000 0.000000 -1.570796
    115 0.000000 0.000000 0.000000 0.000000 0.000000 0.000000
    116 0.000000 0.000000 0.000000 0.000000 0.000000 0.000000
    117 0.000000 0.000000 0.000000 0.000000 0.000000 0.000000
    118 0.000000 0.000000 0.000000 0.000000 0.000000 0.000000
    119 0.000000 0.000000 0.000000 0.000000 0.000000 0.000000
    120 0.000000 0.000000 0.000000 0.000000 0.000000 0.000000
    121 0.000000 0.000000 0.000000 0.000000 0.000000 0.000000
    122 0.000000 0.000000 0.000000 0.000000 0.000000 0.000000
    123 0.000000 0.000000 0.000000 0.000000 0.000000 0.000000
    124 0.000000 0.000000 0.000000 0.000000 0.000000 0.000000
    125 0.000000 0.000000 0.000000 0.000000 0.000000 0.000000
    126 0.000000 0.000000 0.000000 0.000000 0.000000 0.000000
    127 0.000000 0.000000 0.000000 0.000000 0.000000 0.000000
    128 0.000000 0.000000 0.000000 0.000000 0.000000 0.000000
    129 0.000000 0.000000 0.000000 0.000000 0.000000 0.000000
    130 0.000000 0.000000 0.000000 0.000000 0.000000 0.000000
    131 0.000000 0.000000 0.000000 0.000000 0.000000 0.000000
    132 0.000000 0.000000 0.000000 0.000000 0.000000 0.000000
    133 0.000000 0.000000 0.000000 0.000000 0.000000 0.000000
    134 0.000000 0.000000 0.000000 0.000000 0.000000 0.000000
    135 0.000000 0.000000 0.000000 0.000000 0.000000 0.000000
    136 0.000000 0.000000 0.000000 0.000000 0.000000 0.000000
    137 0.000000 0.000000 0.000000 0.000000 0.000000 0.000000
    138 0.000000 0.000000 0.000000 0.000000 0.000000 0.000000
    139 0.000000 0.000000 0.000000 0.000000 0.000000 0.000000
    140 0.000000 0.000000 0.000000 0.000000 0.000000 0.000000
    141 0.000000 0.000000 0.000000 0.000000 0.000000 0.000000
    142 0.000000 0.000000 0.000000 0.000000 0.000000 0.000000
    143 0.000000 0.000000 0.000000 0.000000 0.000000 0.000000
    144 0.000000 0.000000 0.000000 0.000000 0.000000 0.000000
    145 0.000000 0.000000 0.000000 0.000000 0.000000 0.000000
    146 0.000000 0.000000 0.000000 0.000000 0.000000 0.000000
    147 0.000000 0.000000 0.000000 0.000000 0.000000 0.000000
    148 0.000000 0.000000 0.000000 0.000000 0.000000 0.000000
    149 0.000000 0.000000 0.000000 0.000000 0.000000 0.000000
    150 0.000000 0.000000 0.000000 0.000000 0.000000 0.000000
    151 0.000000 0.000000 0.000000 0.000000 0.000000 0.000000
    152 0.000000 0.000000 0.000000 0.000000 0.000000 0.000000
    153 0.000000 0.000000 0.000000 0.000000 0.000000 0.000000
    154 0.000000 0.000000 0.000000 0.000000 0.000000 0.000000
    155 0.000000 0.000000 0.000000 0.000000 0.000000 0.000000
    156 0.000000 0.000000 0.000000 0.000000 0.000000 0.000000
    157 0.000000 0.000000 0.000000 0.000000 0.000000 0.000000
    158 0.000000 0.000000 0.000000 0.000000 0.000000 0.000000
    159 0.000000 0.000000 0.000000 0.000000 0.000000 0.000000
    160 0.000000 0.000000 0.000000 0.000000 0.000000 0.000000
    161 0.000000 0.000000 0.000000 0.000000 0.000000 0.000000
    162 0.000000 0.000000 0.000000 0.000000 0.000000 0.000000
    163 0.000000 0.000000 0.000000 0.000000 0.000000 0.000000
    164 0.000000 0.000000 0.000000 0.000000 0.000000 0.000000
    165 0.000000 0.000000 0.000000 0.000000 0.000000 0.000000
    166 0.000000 0.000000 0.000000 0.000000 0.000000 0.000000
    167 0.000000 0.000000 0.000000 0.000000 0.000000 0.000000
    168 0.000000 0.000000 0.000000 0.000000 0.000000 0.000000
    169 0.000000 0.000000 0.000000 0.000000 0.000000 0.000000
    170 0.000000 0.000000 0.000000 0.000000 0.000000 0.000000
    171 0.000000 0.000000 0.000000 0.000000 0.000000 0.000000
    172 0.000000 0.000000 0.000000 0.000000 0.000000 0.000000
    173 0.000000 0.000000 0.000000 0.000000 0.000000 0.000000
    174 0.000000 0.000000 0.000000 0.000000 0.000000 0.000000
    175 0.000000 0.000000 0.000000 0.000000 0.000000 0.000000
    176 0.000000 0.000000 0.000000 0.000000 0.000000 0.000000
    177 0.000000 0.000000 0.000000 0.000000 0.000000 0.000000
    178 0.000000 0.000000 0.000000 0.000000 0.000000 0.000000
    179 0.000000 0.000000 0.000000 0.000000 0.000000 0.000000
    180 0.000000 0.000000 0.000000 0.000000 0.000000 0.000000
    181 0.000000 0.000000 0.000000 0.000000 0.000000 0.000000
    182 0.000000 0.000000 0.000000 0.000000 0.000000 0.000000
    183 0.000000 0.000000 0.000000 0.000000 0.000000 0.000000
    184 0.000000 0.000000 0.000000 0.000000 0.000000 0.000000
    185 0.000000 0.000000 0.000000 0.000000 0.000000 0.000000
    186 0.000000 0.000000 0.000000 0.000000 0.000000 0.000000
    187 0.000000 0.000000 0.000000 0.000000 0.000000 0.000000
    188 0.000000 0.000000 0.000000 0.000000 0.000000 0.000000
    189 0.000000 0.000000 0.000000 0.000000 0.000000 0.000000
    190 0.000000 0.000000 0.000000 0.000000 0.000000 0.000000
    191 0.000000 0.000000 0.000000 0.011008 -0.000036 0.000036
    192 0.000000 0.000000 0.000000 0.000000 0.000000 0.000000
    193 0.000000 0.000000 0.000000 0.000000 0.000000 0.000000
    194 0.000000 0.000000 0.000000 0.000000 0.000000 0.000000
    195 0.000000 0.000000 0.000000 0.000000 0.000000 0.000000
    196 0.000000 0.000000 0.000000 0.000000 0.000000 0.000000
    197 0.000000 0.000000 0.000000 0.000000 0.000000 0.000000
    198 0.000000 0.000000 0.000000 0.000000 0.000000 0.000000
    199 0.000000 0.000000 0.000000 0.000000 0.000000 0.000000
    200 0.000000 0.000000 0.000000 0.000000 0.000000 0.000000
    201 0.000000 0.000000 0.000000 0.000000 0.000000 0.000000
    202 0.000000 0.000000 0.000000 0.000000 0.000000 0.000000
    203 0.000000 0.000000 0.000000 0.000000 0.000000 0.000000
    204 0.000000 0.000000 0.000000 0.000000 0.000000 0.000000
    205 0.000000 0.000000 0.000000 0.000000 0.000000 0.000000
    206 0.000000 0.000000 0.000000 0.000000 0.000000 0.000000
    207 0.000000 0.000000 0.000000 0.000000 0.000000 0.000000
    208 0.000000 0.000000 0.000000 0.000000 0.000000 0.000000
    209 0.000000 0.000000 0.000000 0.000000 0.000000 0.000000
    210 0.000000 0.000000 0.000000 0.000000 0.000000 0.000000
    211 0.000000 0.000000 0.000000 0.000000 0.000000 0.000000
    212 0.000000 0.000000 0.000000 0.000000 0.000000 0.000000
    213 0.000000 0.000000 0.000000 0.000000 0.000000 0.000000
    214 0.000000 0.000000 0.000000 0.000000 0.000000 0.000000
    215 0.000000 0.000000 0.000000 0.000000 0.000000 0.000000
    216 0.000000 0.000000 0.000000 0.000000 0.000000 0.000000
    217 0.000000 0.000000 0.000000 0.000000 0.000000 0.000000
    218 0.000000 0.000000 0.000000 0.000000 0.000000 0.000000
    219 0.000000 0.000000 0.000000 0.000000 0.000000 0.000000
    220 0.000000 0.000000 0.000000 0.000000 0.000000 0.000000
    221 0.000000 0.000000 0.000000 0.000000 0.000000 0.000000
    222 0.000000 0.000000 0.000000 0.000000 0.000000 0.000000
    223 0.000000 0.000000 0.000000 0.000000 0.000000 0.000000
    224 0.000000 0.000000 0.000000 0.000000 0.000000 0.000000
    225 0.000000 0.000000 0.000000 0.000000 0.000000 0.000000
    226 0.000000 0.000000 0.000000 0.000000 0.000000 0.000000
    227 -0.050783 -1.136753 0.695334 -0.084669 -0.033629 -0.022657
    228 0.000000 0.000000 0.000000 0.000000 0.000000 0.000000
    229 0.000000 0.000000 0.000000 0.000000 0.000000 0.000000
    230 0.000000 0.000000 0.000000 -0.000084 0.000000 0.000000
    231 0.000000 0.000000 0.000000 0.000000 0.000000 0.000000
    232 0.000000 0.000000 0.000000 0.000000 0.000000 0.000000
    233 0.000000 0.000000 0.000000 0.000000 0.000000 0.000000
    234 -1.406293 -0.011719 0.828150 -0.084744 -0.033644 -1.593498
    235 0.000000 0.000000 0.000000 0.000000 0.000000 0.000000
    236 0.000000 0.000000 0.000000 0.000000 0.000000 0.000000
    237 0.000000 0.000000 0.000000 0.000000 0.000000 0.000000
    238 0.000000 0.000000 0.000000 0.000000 0.000000 0.000000
    239 0.000000 0.000000 0.000000 0.000000 0.000000 0.000000
    240 0.000000 0.000000 0.000000 0.000000 0.000000 0.000000
    241 0.000000 0.000000 0.000000 0.000000 0.000000 0.000000
    242 0.000000 0.000000 0.000000 0.000000 0.000000 0.000000
    243 0.000000 0.000000 0.000000 0.000000 0.000000 0.000000
    244 0.000000 0.000000 0.000000 0.000000 0.000000 0.000000
    245 0.000000 0.000000 0.000000 0.000000 0.000000 0.000000
    246 0.000000 0.000000 0.000000 0.000000 0.000000 -1.570796
  time 50
    0 0.000000 0.000000 0.000000 0.000000 0.000000 -1.570796
    1 0.000000 0.000000 0.000000 0.000000 0.000000 0.000000
    2 0.000000 0.000000 0.000000 0.000000 0.000000 0.000000
    3 0.000000 0.000000 0.000000 0.000000 0.000000 0.000000
    4 0.000000 0.000000 0.000000 0.000000 0.000000 0.000000
    5 0.000000 0.000000 0.000000 0.000000 0.000000 0.000000
    6 0.000000 0.000000 0.000000 0.000000 0.000000 0.000000
    7 0.000000 0.000000 0.000000 0.000000 0.000000 0.000000
    8 -0.957060 0.402356 -0.160161 0.089592 0.064231 0.031797
    9 0.000000 0.000000 0.000000 0.046267 -0.007021 -0.113152
    10 0.000000 0.000000 0.000000 0.000000 0.000000 0.000000
    11 0.000000 0.000000 0.000000 0.000000 0.000000 0.000000
    12 0.000000 0.000000 0.000000 0.000000 0.000000 0.000000
    13 0.000000 0.000000 0.000000 -0.002002 -0.000036 -0.000012
    14 0.000000 0.000000 0.000000 -0.000060 0.000000 0.044801
    15 0.000000 0.000000 0.000000 0.000000 0.000000 0.000000
    16 0.000000 0.000000 0.000000 0.000000 0.000000 0.000000
    17 0.000000 0.000000 0.000000 0.000000 0.000000 0.000000
    18 0.000000 0.000000 0.000000 0.000000 0.000000 0.000000
    19 0.000000 0.000000 0.000000 0.028370 0.000000 0.000000
    20 -0.046876 -0.011719 0.000000 0.000000 -0.000060 -0.022388
    21 0.000000 0.000000 0.000000 -0.052881 -0.086118 -0.044032
    22 0.000000 0.000000 0.000000 0.000000 0.000000 0.000000
    23 0.000000 0.000000 0.000000 0.000000 0.000000 0.000000
    24 0.000000 0.000000 0.000000 0.000000 0.000000 0.000000
    25 0.000000 0.000000 0.000000 0.000000 0.000000 0.000000
    26 0.000000 0.000000 0.000000 0.000000 0.000000 0.000000
    27 0.000000 0.000000 0.000000 0.000000 0.000000 0.000000
    28 0.000000 0.000000 0.000000 0.000000 0.000000 0.000000
    29 0.000000 0.000000 0.000000 0.000000 0.000000 0.000000
    30 0.000000 0.000000 0.000000 0.000000 0.000000 0.000000
    31 0.000000 0.000000 0.000000 0.000000 0.000000 0.000000
    32 0.000000 0.000000 0.000000 0.000000 0.000000 0.000000
    33 0.000000 0.000000 0.000000 0.000000 0.000000 0.000000
    34 0.000000 0.000000 0.000000 0.000000 0.000000 0.000000
    35 0.000000 0.000000 0.000000 0.000000 0.000000 0.000000
    36 0.000000 0.000000 0.000000 0.000000 0.000000 0.000000
    37 0.000000 0.000000 0.000000 0.000000 0.000000 0.000000
    38 0.000000 0.000000 0.000000 0.000000 0.000000 0.000000
    39 0.000000 0.000000 0.000000 0.000000 0.000000 0.000000
    40 0.000000 0.000000 0.000000 0.000000 0.000000 0.000000
    41 0.000000 0.000000 0.000000 0.000000 0.000000 0.000000
    42 0.000000 0.000000 0.000000 0.000000 0.000000 0.000000
    43 0.000000 0.000000 0.000000 0.000000 0.000000 0.000000
    44 0.000000 0.000000 0.000000 0.000000 0.000000 0.000000
    45 0.000000 0.000000 0.000000 0.000000 0.000000 0.000000
    46 0.000000 0.000000 0.000000 0.000000 0.000000 0.000000
    47 0.000000 0.000000 0.000000 0.000000 0.000000 0.000000
    48 0.000000 0.000000 0.000000 0.000000 0.000000 0.000000
    49 0.000000 0.000000 0.000000 0.000000 0.000000 0.000000
    50 0.000000 0.000000 0.000000 0.000000 0.000000 0.000000
    51 0.000000 0.000000 0.000000 0.000000 0.000000 0.000000
    52 0.000000 0.000000 0.000000 0.000000 0.000000 0.000000
    53 0.000000 0.000000 0.000000 0.000000 0.000000 0.000000
    54 0.000000 0.000000 0.000000 0.000000 0.000000 0.000000
    55 0.000000 0.000000 0.000000 0.000000 0.000000 0.000000
    56 0.000000 0.000000 0.000000 0.000000 0.000000 0.000000
    57 0.000000 0.000000 0.000000 0.000000 0.000000 0.000000
    58 0.000000 0.000000 0.000000 0.000000 0.000000 0.000000
    59 0.000000 0.000000 0.000000 0.000000 0.000000 0.000000
    60 0.000000 0.000000 0.000000 0.000000 0.000000 0.000000
    61 0.000000 0.000000 0.000000 0.000000 0.000000 0.000000
    62 0.000000 0.000000 0.000000 0.000000 0.000000 0.000000
    63 0.000000 0.000000 0.000000 0.000000 0.000000 0.000000
    64 0.000000 0.000000 0.000000 0.000000 0.000000 0.000000
    65 0.000000 0.000000 0.000000 0.000000 0.000000 0.000000
    66 0.000000 0.000000 0.000000 0.000000 0.000000 0.000000
    67 0.000000 0.000000 0.000000 0.000000 0.000000 0.000000
    68 0.000000 0.000000 0.000000 0.000000 0.000000 0.000000
    69 0.000000 0.000000 0.000000 0.000000 0.000000 0.000000
    70 0.000000 0.000000 0.000000 0.000000 0.000000 0.000000
    71 0.000000 0.000000 0.000000 0.000000 0.000000 0.000000
    72 0.000000 0.000000 0.000000 0.000000 0.000000 0.000000
    73 0.000000 0.000000 0.000000 0.000000 0.000000 0.000000
    74 0.000000 0.000000 0.000000 0.000000 0.000000 0.000000
    75 0.000000 0.000000 0.000000 0.000000 0.000000 0.000000
    76 0.000000 0.000000 0.000000 0.000000 0.000000 0.000000
    77 0.000000 0.000000 0.000000 0.000000 0.000000 0.000000
    78 0.000000 0.000000 0.000000 0.000000 0.000000 0.000000
    79 0.000000 0.000000 0.000000 0.000000 0.000000 0.000000
    80 0.000000 0.000000 0.000000 0.000000 0.000000 0.000000
    81 0.000000 0.000000 0.000000 0.000000 0.000000 0.000000
    82 0.000000 0.000000 0.000000 0.000000 0.000000 0.000000
    83 0.000000 0.000000 0.000000 0.000000 0.000000 0.000000
    84 0.000000 0.000000 0.000000 0.000000 0.000000 0.000000
    85 0.000000 0.000000 0.000000 0.000000 0.000000 0.000000
    86 0.000000 0.000000 0.000000 0.000000 0.000000 0.000000
    87 0.000000 0.000000 0.000000 0.000000 0.000000 0.000000
    88 0.000000 0.000000 0.000000 0.000000 0.000000 0.000000
    89 0.000000 0.000000 0.000000 0.000000 0.000000 0.000000
    90 0.000000 0.000000 0.000000 0.000000 0.000000 0.000000
    91 0.000000 0.000000 0.000000 0.000000 0.000000 0.000000
    92 0.000000 0.000000 0.000000 0.000000 0.000000 0.000000
    93 0.000000 0.000000 0.000000 0.000000 0.000000 0.000000
    94 0.000000 0.000000 0.000000 0.000000 0.000000 0.000000
    95 0.000000 0.000000 0.000000 0.000000 0.000000 0.000000
    96 0.000000 0.000000 0.000000 0.000000 0.000000 0.000000
    97 0.000000 0.000000 0.000000 0.000000 0.000000 0.000000
    98 0.000000 0.000000 0.000000 0.000000 0.000000 0.000000
    99 0.000000 0.000000 0.000000 0.000000 0.000000 0.000000
    100 0.000000 0.000000 0.000000 0.000000 0.000000 0.000000
    101 0.000000 0.000000 0.000000 0.000000 0.000000 0.000000
    102 0.000000 0.000000 0.000000 0.000000 0.000000 0.000000
    103 0.000000 0.000000 0.000000 0.000000 0.000000 0.000000
    104 0.000000 0.000000 0.000000 0.000000 0.000000 0.000000
    105 0.000000 0.000000 0.000000 0.000000 0.000000 0.000000
    106 0.000000 0.000000 0.000000 0.000000 0.000000 0.000000
    107 0.000000 0.000000 0.000000 0.000000 0.000000 0.000000
    108 0.000000 0.000000 0.000000 0.000000 0.000000 0.000000
    109 0.000000 0.000000 0.000000 0.000000 0.000000 0.000000
    110 0.000000 0.000000 0.000000 0.000000 0.000000 0.000000
    111 0.000000 0.000000 0.000000 0.000000 0.000000 -1.570796
    112 -0.734397 0.328135 0.527360 -0.105640 -0.042386 -1.565948
    113 0.000000 0.000000 0.000000 0.000000 0.000000 0.000000
    114 0.000000 0.000000 0.000000 0.000000 0.000000 -1.570796
    115 0.000000 0.000000 0.000000 0.000000 0.000000 0.000000
    116 0.000000 0.000000 0.000000 0.000000 0.000000 0.000000
    117 0.000000 0.000000 0.000000 0.000000 0.000000 0.000000
    118 0.000000 0.000000 0.000000 0.000000 0.000000 0.000000
    119 0.000000 0.000000 0.000000 0.000000 0.000000 0.000000
    120 0.000000 0.000000 0.000000 0.000000 0.000000 0.000000
    121 0.000000 0.000000 0.000000 0.000000 0.000000 0.000000
    122 0.000000 0.000000 0.000000 0.000000 0.000000 0.000000
    123 0.000000 0.000000 0.000000 0.000000 0.000000 0.000000
    124 0.000000 0.000000 0.000000 0.000000 0.000000 0.000000
    125 0.000000 0.000000 0.000000 0.000000 0.000000 0.000000
    126 0.000000 0.000000 0.000000 0.000000 0.000000 0.000000
    127 0.000000 0.000000 0.000000 0.000000 0.000000 0.000000
    128 0.000000 0.000000 0.000000 0.000000 0.000000 0.000000
    129 0.000000 0.000000 0.000000 0.000000 0.000000 0.000000
    130 0.000000 0.000000 0.000000 0.000000 0.000000 0.000000
    131 0.000000 0.000000 0.000000 0.000000 0.000000 0.000000
    132 0.000000 0.000000 0.000000 0.000000 0.000000 0.000000
    133 0.000000 0.000000 0.000000 0.000000 0.000000 0.000000
    134 0.000000 0.000000 0.000000 0.000000 0.000000 0.000000
    135 0.000000 0.000000 0.000000 0.000000 0.000000 0.000000
    136 0.000000 0.000000 0.000000 0.000000 0.000000 0.000000
    137 0.000000 0.000000 0.000000 0.000000 0.000000 0.000000
    138 0.000000 0.000000 0.000000 0.000000 0.000000 0.000000
    139 0.000000 0.000000 0.000000 0.000000 0.000000 0.000000
    140 0.000000 0.000000 0.000000 0.000000 0.000000 0.000000
    141 0.000000 0.000000 0.000000 0.000000 0.000000 0.000000
    142 0.000000 0.000000 0.000000 0.000000 0.000000 0.000000
    143 0.000000 0.000000 0.000000 0.000000 0.000000 0.000000
    144 0.000000 0.000000 0.000000 0.000000 0.000000 0.000000
    145 0.000000 0.000000 0.000000 0.000000 0.000000 0.000000
    146 0.000000 0.000000 0.000000 0.000000 0.000000 0.000000
    147 0.000000 0.000000 0.000000 0.000000 0.000000 0.000000
    148 0.000000 0.000000 0.000000 0.000000 0.000000 0.000000
    149 0.000000 0.000000 0.000000 0.000000 0.000000 0.000000
    150 0.000000 0.000000 0.000000 0.000000 0.000000 0.000000
    151 0.000000 0.000000 0.000000 0.000000 0.000000 0.000000
    152 0.000000 0.000000 0.000000 0.000000 0.000000 0.000000
    153 0.000000 0.000000 0.000000 0.000000 0.000000 0.000000
    154 0.000000 0.000000 0.000000 0.000000 0.000000 0.000000
    155 0.000000 0.000000 0.000000 0.000000 0.000000 0.000000
    156 0.000000 0.000000 0.000000 0.000000 0.000000 0.000000
    157 0.000000 0.000000 0.000000 0.000000 0.000000 0.000000
    158 0.000000 0.000000 0.000000 0.000000 0.000000 0.000000
    159 0.000000 0.000000 0.000000 0.000000 0.000000 0.000000
    160 0.000000 0.000000 0.000000 0.000000 0.000000 0.000000
    161 0.000000 0.000000 0.000000 0.000000 0.000000 0.000000
    162 0.000000 0.000000 0.000000 0.000000 0.000000 0.000000
    163 0.000000 0.000000 0.000000 0.000000 0.000000 0.000000
    164 0.000000 0.000000 0.000000 0.000000 0.000000 0.000000
    165 0.000000 0.000000 0.000000 0.000000 0.000000 0.000000
    166 0.000000 0.000000 0.000000 0.000000 0.000000 0.000000
    167 0.000000 0.000000 0.000000 0.000000 0.000000 0.000000
    168 0.000000 0.000000 0.000000 0.000000 0.000000 0.000000
    169 0.000000 0.000000 0.000000 0.000000 0.000000 0.000000
    170 0.000000 0.000000 0.000000 0.000000 0.000000 0.000000
    171 0.000000 0.000000 0.000000 0.000000 0.000000 0.000000
    172 0.000000 0.000000 0.000000 0.000000 0.000000 0.000000
    173 0.000000 0.000000 0.000000 0.000000 0.000000 0.000000
    174 0.000000 0.000000 0.000000 0.000000 0.000000 0.000000
    175 0.000000 0.000000 0.000000 0.000000 0.000000 0.000000
    176 0.000000 0.000000 0.000000 0.000000 0.000000 0.000000
    177 0.000000 0.000000 0.000000 0.000000 0.000000 0.000000
    178 0.000000 0.000000 0.000000 0.000000 0.000000 0.000000
    179 0.000000 0.000000 0.000000 0.000000 0.000000 0.000000
    180 0.000000 0.000000 0.000000 0.000000 0.000000 0.000000
    181 0.000000 0.000000 0.000000 0.000000 0.000000 0.000000
    182 0.000000 0.000000 0.000000 0.000000 0.000000 0.000000
    183 0.000000 0.000000 0.000000 0.000000 0.000000 0.000000
    184 0.000000 0.000000 0.000000 0.000000 0.000000 0.000000
    185 0.000000 0.000000 0.000000 0.000000 0.000000 0.000000
    186 0.000000 0.000000 0.000000 0.000000 0.000000 0.000000
    187 0.000000 0.000000 0.000000 0.000000 0.000000 0.000000
    188 0.000000 0.000000 0.000000 0.000000 0.000000 0.000000
    189 0.000000 0.000000 0.000000 0.000000 0.000000 0.000000
    190 0.000000 0.000000 0.000000 0.000000 0.000000 0.000000
    191 0.000000 0.000000 0.000000 0.015223 -0.000024 0.000024
    192 0.000000 0.000000 0.000000 0.000000 0.000000 0.000000
    193 0.000000 0.000000 0.000000 0.000000 0.000000 0.000000
    194 0.000000 0.000000 0.000000 0.000000 0.000000 0.000000
    195 0.000000 0.000000 0.000000 0.000000 0.000000 0.000000
    196 0.000000 0.000000 0.000000 0.000000 0.000000 0.000000
    197 0.000000 0.000000 0.000000 0.000000 0.000000 0.000000
    198 0.000000 0.000000 0.000000 0.000000 0.000000 0.000000
    199 0.000000 0.000000 0.000000 0.000000 0.000000 0.000000
    200 0.000000 0.000000 0.000000 0.000000 0.000000 0.000000
    201 0.000000 0.000000 0.000000 0.000000 0.000000 0.000000
    202 0.000000 0.000000 0.000000 0.000000 0.000000 0.000000
    203 0.000000 0.000000 0.000000 0.000000 0.000000 0.000000
    204 0.000000 0.000000 0.000000 0.000000 0.000000 0.000000
    205 0.000000 0.000000 0.000000 0.000000 0.000000 0.000000
    206 0.000000 0.000000 0.000000 0.000000 0.000000 0.000000
    207 0.000000 0.000000 0.000000 0.000000 0.000000 0.000000
    208 0.000000 0.000000 0.000000 0.000000 0.000000 0.000000
    209 0.000000 0.000000 0.000000 0.000000 0.000000 0.000000
    210 0.000000 0.000000 0.000000 0.000000 0.000000 0.000000
    211 0.000000 0.000000 0.000000 0.000000 0.000000 0.000000
    212 0.000000 0.000000 0.000000 0.000000 0.000000 0.000000
    213 0.000000 0.000000 0.000000 0.000000 0.000000 0.000000
    214 0.000000 0.000000 0.000000 0.000000 0.000000 0.000000
    215 0.000000 0.000000 0.000000 0.000000 0.000000 0.000000
    216 0.000000 0.000000 0.000000 0.000000 0.000000 0.000000
    217 0.000000 0.000000 0.000000 0.000000 0.000000 0.000000
    218 0.000000 0.000000 0.000000 0.000000 0.000000 0.000000
    219 0.000000 0.000000 0.000000 0.000000 0.000000 0.000000
    220 0.000000 0.000000 0.000000 0.000000 0.000000 0.000000
    221 0.000000 0.000000 0.000000 0.000000 0.000000 0.000000
    222 0.000000 0.000000 0.000000 0.000000 0.000000 0.000000
    223 0.000000 0.000000 0.000000 0.000000 0.000000 0.000000
    224 0.000000 0.000000 0.000000 0.000000 0.000000 0.000000
    225 0.000000 0.000000 0.000000 0.000000 0.000000 0.000000
    226 0.000000 0.000000 0.000000 0.000000 0.000000 0.000000
    227 -0.320322 -0.722678 0.968780 -0.105640 -0.042380 0.004848
    228 0.000000 0.000000 0.000000 0.000000 0.000000 0.000000
    229 0.000000 0.000000 0.000000 0.000000 0.000000 0.000000
    230 0.000000 0.000000 0.000000 0.000647 0.000000 0.000000
    231 0.000000 0.000000 0.000000 0.000000 0.000000 0.000000
    232 0.000000 0.000000 0.000000 0.000000 0.000000 0.000000
    233 0.000000 0.000000 0.000000 0.000000 0.000000 0.000000
    234 -0.933622 0.230476 1.140660 -0.105625 -0.042384 -1.565911
    235 0.000000 0.000000 0.000000 0.000000 0.000000 0.000000
    236 0.000000 0.000000 0.000000 0.000000 0.000000 0.000000
    237 0.000000 0.000000 0.000000 0.000000 0.000000 0.000000
    238 0.000000 0.000000 0.000000 0.000000 0.000000 0.000000
    239 0.000000 0.000000 0.000000 0.000000 0.000000 0.000000
    240 0.000000 0.000000 0.000000 0.000000 0.000000 0.000000
    241 0.000000 0.000000 0.000000 0.000000 0.000000 0.000000
    242 0.000000 0.000000 0.000000 0.000000 0.000000 0.000000
    243 0.000000 0.000000 0.000000 0.000000 0.000000 0.000000
    244 0.000000 0.000000 0.000000 0.000000 0.000000 0.000000
    245 0.000000 0.000000 0.000000 0.000000 0.000000 0.000000
    246 0.000000 0.000000 0.000000 0.000000 0.000000 -1.570796
  time 51
    0 0.000000 0.000000 0.000000 0.000000 0.000000 -1.570796
    1 0.000000 0.000000 0.000000 0.000000 0.000000 0.000000
    2 0.000000 0.000000 0.000000 0.000000 0.000000 0.000000
    3 0.000000 0.000000 0.000000 0.000000 0.000000 0.000000
    4 0.000000 0.000000 0.000000 0.000000 0.000000 0.000000
    5 0.000000 0.000000 0.000000 0.000000 0.000000 0.000000
    6 0.000000 0.000000 0.000000 0.000000 0.000000 0.000000
    7 0.000000 0.000000 0.000000 0.000000 0.000000 0.000000
    8 -1.175817 0.355480 -0.210944 0.116054 0.072804 0.018963
    9 0.000000 0.000000 0.000000 0.040722 -0.006533 -0.104292
    10 0.000000 0.000000 0.000000 0.000000 0.000000 0.000000
    11 0.000000 0.000000 0.000000 0.000000 0.000000 0.000000
    12 0.000000 0.000000 0.000000 0.000000 0.000000 0.000000
    13 0.000000 0.000000 0.000000 0.000227 -0.000012 -0.000036
    14 0.000000 0.000000 0.000000 0.000000 0.000000 0.028844
    15 0.000000 0.000000 0.000000 0.000000 0.000000 0.000000
    16 0.000000 0.000000 0.000000 0.000000 0.000000 0.000000
    17 0.000000 0.000000 0.000000 0.000000 0.000000 0.000000
    18 0.000000 0.000000 0.000000 0.000000 0.000000 0.000000
    19 0.000000 0.000000 0.000000 0.037843 0.000000 0.000000
    20 -0.039064 -0.007813 0.000000 -0.000060 0.000000 -0.014464
    21 0.000000 0.000000 0.000000 -0.055849 -0.109130 -0.055315
    22 0.000000 0.000000 0.000000 0.000000 0.000000 0.000000
    23 0.000000 0.000000 0.000000 0.000000 0.000000 0.000000
    24 0.000000 0.000000 0.000000 0.000000 0.000000 0.000000
    25 0.000000 0.000000 0.000000 0.000000 0.000000 0.000000
    26 0.000000 0.000000 0.000000 0.000000 0.000000 0.000000
    27 0.000000 0.000000 0.000000 0.000000 0.000000 0.000000
    28 0.000000 0.000000 0.000000 0.000000 0.000000 0.000000
    29 0.000000 0.000000 0.000000 0.000000 0.000000 0.000000
    30 0.000000 0.000000 0.000000 0.000000 0.000000 0.000000
    31 0.000000 0.000000 0.000000 0.000000 0.000000 0.000000
    32 0.000000 0.000000 0.000000 0.000000 0.000000 0.000000
    33 0.000000 0.000000 0.000000 0.000000 0.000000 0.000000
    34 0.000000 0.000000 0.000000 0.000000 0.000000 0.000000
    35 0.000000 0.000000 0.000000 0.000000 0.000000 0.000000
    36 0.000000 0.000000 0.000000 0.000000 0.000000 0.000000
    37 0.000000 0.000000 0.000000 0.000000 0.000000 0.000000
    38 0.000000 0.000000 0.000000 0.000000 0.000000 0.000000
    39 0.000000 0.000000 0.000000 0.000000 0.000000 0.000000
    40 0.000000 0.000000 0.000000 0.000000 0.000000 0.000000
    41 0.000000 0.000000 0.000000 0.000000 0.000000 0.000000
    42 0.000000 0.000000 0.000000 0.000000 0.000000 0.000000
    43 0.000000 0.000000 0.000000 0.000000 0.000000 0.000000
    44 0.000000 0.000000 0.000000 0.000000 0.000000 0.000000
    45 0.000000 0.000000 0.000000 0.000000 0.000000 0.000000
    46 0.000000 0.000000 0.000000 0.000000 0.000000 0.000000
    47 0.000000 0.000000 0.000000 0.000000 0.000000 0.000000
    48 0.000000 0.000000 0.000000 0.000000 0.000000 0.000000
    49 0.000000 0.000000 0.000000 0.000000 0.000000 0.000000
    50 0.000000 0.000000 0.000000 0.000000 0.000000 0.000000
    51 0.000000 0.000000 0.000000 0.000000 0.000000 0.000000
    52 0.000000 0.000000 0.000000 0.000000 0.000000 0.000000
    53 0.000000 0.000000 0.000000 0.000000 0.000000 0.000000
    54 0.000000 0.000000 0.000000 0.000000 0.000000 0.000000
    55 0.000000 0.000000 0.000000 0.000000 0.000000 0.000000
    56 0.000000 0.000000 0.000000 0.000000 0.000000 0.000000
    57 0.000000 0.000000 0.000000 0.000000 0.000000 0.000000
    58 0.000000 0.000000 0.000000 0.000000 0.000000 0.000000
    59 0.000000 0.000000 0.000000 0.000000 0.000000 0.000000
    60 0.000000 0.000000 0.000000 0.000000 0.000000 0.000000
    61 0.000000 0.000000 0.000000 0.000000 0.000000 0.000000
    62 0.000000 0.000000 0.000000 0.000000 0.000000 0.000000
    63 0.000000 0.000000 0.000000 0.000000 0.000000 0.000000
    64 0.000000 0.000000 0.000000 0.000000 0.000000 0.000000
    65 0.000000 0.000000 0.000000 0.000000 0.000000 0.000000
    66 0.000000 0.000000 0.000000 0.000000 0.000000 0.000000
    67 0.000000 0.000000 0.000000 0.000000 0.000000 0.000000
    68 0.000000 0.000000 0.000000 0.000000 0.000000 0.000000
    69 0.000000 0.000000 0.000000 0.000000 0.000000 0.000000
    70 0.000000 0.000000 0.000000 0.000000 0.000000 0.000000
    71 0.000000 0.000000 0.000000 0.000000 0.000000 0.000000
    72 0.000000 0.000000 0.000000 0.000000 0.000000 0.000000
    73 0.000000 0.000000 0.000000 0.000000 0.000000 0.000000
    74 0.000000 0.000000 0.000000 0.000000 0.000000 0.000000
    75 0.000000 0.000000 0.000000 0.000000 0.000000 0.000000
    76 0.000000 0.000000 0.000000 0.000000 0.000000 0.000000
    77 0.000000 0.000000 0.000000 0.000000 0.000000 0.000000
    78 0.000000 0.000000 0.000000 0.000000 0.000000 0.000000
    79 0.000000 0.000000 0.000000 0.000000 0.000000 0.000000
    80 0.000000 0.000000 0.000000 0.000000 0.000000 0.000000
    81 0.000000 0.000000 0.000000 0.000000 0.000000 0.000000
    82 0.000000 0.000000 0.000000 0.000000 0.000000 0.000000
    83 0.000000 0.000000 0.000000 0.000000 0.000000 0.000000
    84 0.000000 0.000000 0.000000 0.000000 0.000000 0.000000
    85 0.000000 0.000000 0.000000 0.000000 0.000000 0.000000
    86 0.000000 0.000000 0.000000 0.000000 0.000000 0.000000
    87 0.000000 0.000000 0.000000 0.000000 0.000000 0.000000
    88 0.000000 0.000000 0.000000 0.000000 0.000000 0.000000
    89 0.000000 0.000000 0.000000 0.000000 0.000000 0.000000
    90 0.000000 0.000000 0.000000 0.000000 0.000000 0.000000
    91 0.000000 0.000000 0.000000 0.000000 0.000000 0.000000
    92 0.000000 0.000000 0.000000 0.000000 0.000000 0.000000
    93 0.000000 0.000000 0.000000 0.000000 0.000000 0.000000
    94 0.000000 0.000000 0.000000 0.000000 0.000000 0.000000
    95 0.000000 0.000000 0.000000 0.000000 0.000000 0.000000
    96 0.000000 0.000000 0.000000 0.000000 0.000000 0.000000
    97 0.000000 0.000000 0.000000 0.000000 0.000000 0.000000
    98 0.000000 0.000000 0.000000 0.000000 0.000000 0.000000
    99 0.000000 0.000000 0.000000 0.000000 0.000000 0.000000
    100 0.000000 0.000000 0.000000 0.000000 0.000000 0.000000
    101 0.000000 0.000000 0.000000 0.000000 0.000000 0.000000
    102 0.000000 0.000000 0.000000 0.000000 0.000000 0.000000
    103 0.000000 0.000000 0.000000 0.000000 0.000000 0.000000
    104 0.000000 0.000000 0.000000 0.000000 0.000000 0.000000
    105 0.000000 0.000000 0.000000 0.000000 0.000000 0.000000
    106 0.000000 0.000000 0.000000 0.000000 0.000000 0.000000
    107 0.000000 0.000000 0.000000 0.000000 0.000000 0.000000
    108 0.000000 0.000000 0.000000 0.000000 0.000000 0.000000
    109 0.000000 0.000000 0.000000 0.000000 0.000000 0.000000
    110 0.000000 0.000000 0.000000 0.000000 0.000000 0.000000
    111 0.000000 0.000000 0.000000 0.000000 0.000000 -1.570796
    112 -0.640645 0.523453 0.554704 -0.125125 -0.051583 -1.542172
    113 0.000000 0.000000 0.000000 0.000000 0.000000 0.000000
    114 0.000000 0.000000 0.000000 0.000000 0.000000 -1.570796
    115 0.000000 0.000000 0.000000 0.000000 0.000000 0.000000
    116 0.000000 0.000000 0.000000 0.000000 0.000000 0.000000
    117 0.000000 0.000000 0.000000 0.000000 0.000000 0.000000
    118 0.000000 0.000000 0.000000 0.000000 0.000000 0.000000
    119 0.000000 0.000000 0.000000 0.000000 0.000000 0.000000
    120 0.000000 0.000000 0.000000 0.000000 0.000000 0.000000
    121 0.000000 0.000000 0.000000 0.000000 0.000000 0.000000
    122 0.000000 0.000000 0.000000 0.000000 0.000000 0.000000
    123 0.000000 0.000000 0.000000 0.000000 0.000000 0.000000
    124 0.000000 0.000000 0.000000 0.000000 0.000000 0.000000
    125 0.000000 0.000000 0.000000 0.000000 0.000000 0.000000
    126 0.000000 0.000000 0.000000 0.000000 0.000000 0.000000
    127 0.000000 0.000000 0.000000 0.000000 0.000000 0.000000
    128 0.000000 0.000000 0.000000 0.000000 0.000000 0.000000
    129 0.000000 0.000000 0.000000 0.000000 0.000000 0.000000
    130 0.000000 0.000000 0.000000 0.000000 0.000000 0.000000
    131 0.000000 0.000000 0.000000 0.000000 0.000000 0.000000
    132 0.000000 0.000000 0.000000 0.000000 0.000000 0.000000
    133 0.000000 0.000000 0.000000 0.000000 0.000000 0.000000
    134 0.000000 0.000000 0.000000 0.000000 0.000000 0.000000
    135 0.000000 0.000000 0.000000 0.000000 0.000000 0.000000
    136 0.000000 0.000000 0.000000 0.000000 0.000000 0.000000
    137 0.000000 0.000000 0.000000 0.000000 0.000000 0.000000
    138 0.000000 0.000000 0.000000 0.000000 0.000000 0.000000
    139 0.000000 0.000000 0.000000 0.000000 0.000000 0.000000
    140 0.000000 0.000000 0.000000 0.000000 0.000000 0.000000
    141 0.000000 0.000000 0.000000 0.000000 0.000000 0.000000
    142 0.000000 0.000000 0.000000 0.000000 0.000000 0.000000
    143 0.000000 0.000000 0.000000 0.000000 0.000000 0.000000
    144 0.000000 0.000000 0.000000 0.000000 0.000000 0.000000
    145 0.000000 0.000000 0.000000 0.000000 0.000000 0.000000
    146 0.000000 0.000000 0.000000 0.000000 0.000000 0.000000
    147 0.000000 0.000000 0.000000 0.000000 0.000000 0.000000
    148 0.000000 0.000000 0.000000 0.000000 0.000000 0.000000
    149 0.000000 0.000000 0.000000 0.000000 0.000000 0.000000
    150 0.000000 0.000000 0.000000 0.000000 0.000000 0.000000
    151 0.000000 0.000000 0.000000 0.000000 0.000000 0.000000
    152 0.000000 0.000000 0.000000 0.000000 0.000000 0.000000
    153 0.000000 0.000000 0.000000 0.000000 0.000000 0.000000
    154 0.000000 0.000000 0.000000 0.000000 0.000000 0.000000
    155 0.000000 0.000000 0.000000 0.000000 0.000000 0.000000
    156 0.000000 0.000000 0.000000 0.000000 0.000000 0.000000
    157 0.000000 0.000000 0.000000 0.000000 0.000000 0.000000
    158 0.000000 0.000000 0.000000 0.000000 0.000000 0.000000
    159 0.000000 0.000000 0.000000 0.000000 0.000000 0.000000
    160 0.000000 0.000000 0.000000 0.000000 0.000000 0.000000
    161 0.000000 0.000000 0.000000 0.000000 0.000000 0.000000
    162 0.000000 0.000000 0.000000 0.000000 0.000000 0.000000
    163 0.000000 0.000000 0.000000 0.000000 0.000000 0.000000
    164 0.000000 0.000000 0.000000 0.000000 0.000000 0.000000
    165 0.000000 0.000000 0.000000 0.000000 0.000000 0.000000
    166 0.000000 0.000000 0.000000 0.000000 0.000000 0.000000
    167 0.000000 0.000000 0.000000 0.000000 0.000000 0.000000
    168 0.000000 0.000000 0.000000 0.000000 0.000000 0.000000
    169 0.000000 0.000000 0.000000 0.000000 0.000000 0.000000
    170 0.000000 0.000000 0.000000 0.000000 0.000000 0.000000
    171 0.000000 0.000000 0.000000 0.000000 0.000000 0.000000
    172 0.000000 0.000000 0.000000 0.000000 0.000000 0.000000
    173 0.000000 0.000000 0.000000 0.000000 0.000000 0.000000
    174 0.000000 0.000000 0.000000 0.000000 0.000000 0.000000
    175 0.000000 0.000000 0.000000 0.000000 0.000000 0.000000
    176 0.000000 0.000000 0.000000 0.000000 0.000000 0.000000
    177 0.000000 0.000000 0.000000 0.000000 0.000000 0.000000
    178 0.000000 0.000000 0.000000 0.000000 0.000000 0.000000
    179 0.000000 0.000000 0.000000 0.000000 0.000000 0.000000
    180 0.000000 0.000000 0.000000 0.000000 0.000000 0.000000
    181 0.000000 0.000000 0.000000 0.000000 0.000000 0.000000
    182 0.000000 0.000000 0.000000 0.000000 0.000000 0.000000
    183 0.000000 0.000000 0.000000 0.000000 0.000000 0.000000
    184 0.000000 0.000000 0.000000 0.000000 0.000000 0.000000
    185 0.000000 0.000000 0.000000 0.000000 0.000000 0.000000
    186 0.000000 0.000000 0.000000 0.000000 0.000000 0.000000
    187 0.000000 0.000000 0.000000 0.000000 0.000000 0.000000
    188 0.000000 0.000000 0.000000 0.000000 0.000000 0.000000
    189 0.000000 0.000000 0.000000 0.000000 0.000000 0.000000
    190 0.000000 0.000000 0.000000 0.000000 0.000000 0.000000
    191 0.000000 0.000000 0.000000 0.019406 -0.000012 0.000012
    192 0.000000 0.000000 0.000000 0.000000 0.000000 0.000000
    193 0.000000 0.000000 0.000000 0.000000 0.000000 0.000000
    194 0.000000 0.000000 0.000000 0.000000 0.000000 0.000000
    195 0.000000 0.000000 0.000000 0.000000 0.000000 0.000000
    196 0.000000 0.000000 0.000000 0.000000 0.000000 0.000000
    197 0.000000 0.000000 0.000000 0.000000 0.000000 0.000000
    198 0.000000 0.000000 0.000000 0.000000 0.000000 0.000000
    199 0.000000 0.000000 0.000000 0.000000 0.000000 0.000000
    200 0.000000 0.000000 0.000000 0.000000 0.000000 0.000000
    201 0.000000 0.000000 0.000000 0.000000 0.000000 0.000000
    202 0.000000 0.000000 0.000000 0.000000 0.000000 0.000000
    203 0.000000 0.000000 0.000000 0.000000 0.000000 0.000000
    204 0.000000 0.000000 0.000000 0.000000 0.000000 0.000000
    205 0.000000 0.000000 0.000000 0.000000 0.000000 0.000000
    206 0.000000 0.000000 0.000000 0.000000 0.000000 0.000000
    207 0.000000 0.000000 0.000000 0.000000 0.000000 0.000000
    208 0.000000 0.000000 0.000000 0.000000 0.000000 0.000000
    209 0.000000 0.000000 0.000000 0.000000 0.000000 0.000000
    210 0.000000 0.000000 0.000000 0.000000 0.000000 0.000000
    211 0.000000 0.000000 0.000000 0.000000 0.000000 0.000000
    212 0.000000 0.000000 0.000000 0.000000 0.000000 0.000000
    213 0.000000 0.000000 0.000000 0.000000 0.000000 0.000000
    214 0.000000 0.000000 0.000000 0.000000 0.000000 0.000000
    215 0.000000 0.000000 0.000000 0.000000 0.000000 0.000000
    216 0.000000 0.000000 0.000000 0.000000 0.000000 0.000000
    217 0.000000 0.000000 0.000000 0.000000 0.000000 0.000000
    218 0.000000 0.000000 0.000000 0.000000 0.000000 0.000000
    219 0.000000 0.000000 0.000000 0.000000 0.000000 0.000000
    220 0.000000 0.000000 0.000000 0.000000 0.000000 0.000000
    221 0.000000 0.000000 0.000000 0.000000 0.000000 0.000000
    222 0.000000 0.000000 0.000000 0.000000 0.000000 0.000000
    223 0.000000 0.000000 0.000000 0.000000 0.000000 0.000000
    224 0.000000 0.000000 0.000000 0.000000 0.000000 0.000000
    225 0.000000 0.000000 0.000000 0.000000 0.000000 0.000000
    226 0.000000 0.000000 0.000000 0.000000 0.000000 0.000000
    227 -0.519547 -0.390637 1.093783 -0.125125 -0.051576 0.028624
    228 0.000000 0.000000 0.000000 0.000000 0.000000 0.000000
    229 0.000000 0.000000 0.000000 0.000000 0.000000 0.000000
    230 0.000000 0.000000 0.000000 0.001402 0.000000 0.000000
    231 0.000000 0.000000 0.000000 0.000000 0.000000 0.000000
    232 0.000000 0.000000 0.000000 0.000000 0.000000 0.000000
    233 0.000000 0.000000 0.000000 0.000000 0.000000 0.000000
    234 -0.554704 0.406262 1.304727 -0.125195 -0.051573 -1.542251
    235 0.000000 0.000000 0.000000 0.000000 0.000000 0.000000
    236 0.000000 0.000000 0.000000 0.000000 0.000000 0.000000
    237 0.000000 0.000000 0.000000 0.000000 0.000000 0.000000
    238 0.000000 0.000000 0.000000 0.000000 0.000000 0.000000
    239 0.000000 0.000000 0.000000 0.000000 0.000000 0.000000
    240 0.000000 0.000000 0.000000 0.000000 0.000000 0.000000
    241 0.000000 0.000000 0.000000 0.000000 0.000000 0.000000
    242 0.000000 0.000000 0.000000 0.000000 0.000000 0.000000
    243 0.000000 0.000000 0.000000 0.000000 0.000000 0.000000
    244 0.000000 0.000000 0.000000 0.000000 0.000000 0.000000
    245 0.000000 0.000000 0.000000 0.000000 0.000000 0.000000
    246 0.000000 0.000000 0.000000 0.000000 0.000000 -1.570796
  time 52
    0 0.000000 0.000000 0.000000 0.000000 0.000000 -1.570796
    1 0.000000 0.000000 0.000000 0.000000 0.000000 0.000000
    2 0.000000 0.000000 0.000000 0.000000 0.000000 0.000000
    3 0.000000 0.000000 0.000000 0.000000 0.000000 0.000000
    4 0.000000 0.000000 0.000000 0.000000 0.000000 0.000000
    5 0.000000 0.000000 0.000000 0.000000 0.000000 0.000000
    6 0.000000 0.000000 0.000000 0.000000 0.000000 0.000000
    7 0.000000 0.000000 0.000000 0.000000 0.000000 0.000000
    8 -1.281289 0.308603 -0.312510 0.135050 0.082250 0.013504
    9 0.000000 0.000000 0.000000 0.036899 -0.006075 -0.099954
    10 0.000000 0.000000 0.000000 0.000000 0.000000 0.000000
    11 0.000000 0.000000 0.000000 0.000000 0.000000 0.000000
    12 0.000000 0.000000 0.000000 0.000000 0.000000 0.000000
    13 0.000000 0.000000 0.000000 0.002548 0.000000 -0.000060
    14 0.000000 0.000000 0.000000 0.000000 0.000060 0.027233
    15 0.000000 0.000000 0.000000 0.000000 0.000000 0.000000
    16 0.000000 0.000000 0.000000 0.000000 0.000000 0.000000
    17 0.000000 0.000000 0.000000 0.000000 0.000000 0.000000
    18 0.000000 0.000000 0.000000 0.000000 0.000000 0.000000
    19 0.000000 0.000000 0.000000 0.047266 0.000000 0.000000
    20 -0.031251 -0.007813 0.000000 -0.000060 -0.000060 -0.013667
    21 0.000000 0.000000 0.000000 -0.067842 -0.119800 -0.066448
    22 0.000000 0.000000 0.000000 0.000000 0.000000 0.000000
    23 0.000000 0.000000 0.000000 0.000000 0.000000 0.000000
    24 0.000000 0.000000 0.000000 0.000000 0.000000 0.000000
    25 0.000000 0.000000 0.000000 0.000000 0.000000 0.000000
    26 0.000000 0.000000 0.000000 0.000000 0.000000 0.000000
    27 0.000000 0.000000 0.000000 0.000000 0.000000 0.000000
    28 0.000000 0.000000 0.000000 0.000000 0.000000 0.000000
    29 0.000000 0.000000 0.000000 0.000000 0.000000 0.000000
    30 0.000000 0.000000 0.000000 0.000000 0.000000 0.000000
    31 0.000000 0.000000 0.000000 0.000000 0.000000 0.000000
    32 0.000000 0.000000 0.000000 0.000000 0.000000 0.000000
    33 0.000000 0.000000 0.000000 0.000000 0.000000 0.000000
    34 0.000000 0.000000 0.000000 0.000000 0.000000 0.000000
    35 0.000000 0.000000 0.000000 0.000000 0.000000 0.000000
    36 0.000000 0.000000 0.000000 0.000000 0.000000 0.000000
    37 0.000000 0.000000 0.000000 0.000000 0.000000 0.000000
    38 0.000000 0.000000 0.000000 0.000000 0.000000 0.000000
    39 0.000000 0.000000 0.000000 0.000000 0.000000 0.000000
    40 0.000000 0.000000 0.000000 0.000000 0.000000 0.000000
    41 0.000000 0.000000 0.000000 0.000000 0.000000 0.000000
    42 0.000000 0.000000 0.000000 0.000000 0.000000 0.000000
    43 0.000000 0.000000 0.000000 0.000000 0.000000 0.000000
    44 0.000000 0.000000 0.000000 0.000000 0.000000 0.000000
    45 0.000000 0.000000 0.000000 0.000000 0.000000 0.000000
    46 0.000000 0.000000 0.000000 0.000000 0.000000 0.000000
    47 0.000000 0.000000 0.000000 0.000000 0.000000 0.000000
    48 0.000000 0.000000 0.000000 0.000000 0.000000 0.000000
    49 0.000000 0.000000 0.000000 0.000000 0.000000 0.000000
    50 0.000000 0.000000 0.000000 0.000000 0.000000 0.000000
    51 0.000000 0.000000 0.000000 0.000000 0.000000 0.000000
    52 0.000000 0.000000 0.000000 0.000000 0.000000 0.000000
    53 0.000000 0.000000 0.000000 0.000000 0.000000 0.000000
    54 0.000000 0.000000 0.000000 0.000000 0.000000 0.000000
    55 0.000000 0.000000 0.000000 0.000000 0.000000 0.000000
    56 0.000000 0.000000 0.000000 0.000000 0.000000 0.000000
    57 0.000000 0.000000 0.000000 0.000000 0.000000 0.000000
    58 0.000000 0.000000 0.000000 0.000000 0.000000 0.000000
    59 0.000000 0.000000 0.000000 0.000000 0.000000 0.000000
    60 0.000000 0.000000 0.000000 0.000000 0.000000 0.000000
    61 0.000000 0.000000 0.000000 0.000000 0.000000 0.000000
    62 0.000000 0.000000 0.000000 0.000000 0.000000 0.000000
    63 0.000000 0.000000 0.000000 0.000000 0.000000 0.000000
    64 0.000000 0.000000 0.000000 0.000000 0.000000 0.000000
    65 0.000000 0.000000 0.000000 0.000000 0.000000 0.000000
    66 0.000000 0.000000 0.000000 0.000000 0.000000 0.000000
    67 0.000000 0.000000 0.000000 0.000000 0.000000 0.000000
    68 0.000000 0.000000 0.000000 0.000000 0.000000 0.000000
    69 0.000000 0.000000 0.000000 0.000000 0.000000 0.000000
    70 0.000000 0.000000 0.000000 0.000000 0.000000 0.000000
    71 0.000000 0.000000 0.000000 0.000000 0.000000 0.000000
    72 0.000000 0.000000 0.000000 0.000000 0.000000 0.000000
    73 0.000000 0.000000 0.000000 0.000000 0.000000 0.000000
    74 0.000000 0.000000 0.000000 0.000000 0.000000 0.000000
    75 0.000000 0.000000 0.000000 0.000000 0.000000 0.000000
    76 0.000000 0.000000 0.000000 0.000000 0.000000 0.000000
    77 0.000000 0.000000 0.000000 0.000000 0.000000 0.000000
    78 0.000000 0.000000 0.000000 0.000000 0.000000 0.000000
    79 0.000000 0.000000 0.000000 0.000000 0.000000 0.000000
    80 0.000000 0.000000 0.000000 0.000000 0.000000 0.000000
    81 0.000000 0.000000 0.000000 0.000000 0.000000 0.000000
    82 0.000000 0.000000 0.000000 0.000000 0.000000 0.000000
    83 0.000000 0.000000 0.000000 0.000000 0.000000 0.000000
    84 0.000000 0.000000 0.000000 0.000000 0.000000 0.000000
    85 0.000000 0.000000 0.000000 0.000000 0.000000 0.000000
    86 0.000000 0.000000 0.000000 0.000000 0.000000 0.000000
    87 0.000000 0.000000 0.000000 0.000000 0.000000 0.000000
    88 0.000000 0.000000 0.000000 0.000000 0.000000 0.000000
    89 0.000000 0.000000 0.000000 0.000000 0.000000 0.000000
    90 0.000000 0.000000 0.000000 0.000000 0.000000 0.000000
    91 0.000000 0.000000 0.000000 0.000000 0.000000 0.000000
    92 0.000000 0.000000 0.000000 0.000000 0.000000 0.000000
    93 0.000000 0.000000 0.000000 0.000000 0.000000 0.000000
    94 0.000000 0.000000 0.000000 0.000000 0.000000 0.000000
    95 0.000000 0.000000 0.000000 0.000000 0.000000 0.000000
    96 0.000000 0.000000 0.000000 0.000000 0.000000 0.000000
    97 0.000000 0.000000 0.000000 0.000000 0.000000 0.000000
    98 0.000000 0.000000 0.000000 0.000000 0.000000 0.000000
    99 0.000000 0.000000 0.000000 0.000000 0.000000 0.000000
    100 0.000000 0.000000 0.000000 0.000000 0.000000 0.000000
    101 0.000000 0.000000 0.000000 0.000000 0.000000 0.000000
    102 0.000000 0.000000 0.000000 0.000000 0.000000 0.000000
    103 0.000000 0.000000 0.000000 0.000000 0.000000 0.000000
    104 0.000000 0.000000 0.000000 0.000000 0.000000 0.000000
    105 0.000000 0.000000 0.000000 0.000000 0.000000 0.000000
    106 0.000000 0.000000 0.000000 0.000000 0.000000 0.000000
    107 0.000000 0.000000 0.000000 0.000000 0.000000 0.000000
    108 0.000000 0.000000 0.000000 0.000000 0.000000 0.000000
    109 0.000000 0.000000 0.000000 0.000000 0.000000 0.000000
    110 0.000000 0.000000 0.000000 0.000000 0.000000 0.000000
    111 0.000000 0.000000 0.000000 0.000000 0.000000 -1.570796
    112 -0.570330 0.601581 0.511734 -0.142338 -0.057359 -1.528373
    113 0.000000 0.000000 0.000000 0.000000 0.000000 0.000000
    114 0.000000 0.000000 0.000000 0.000000 0.000000 -1.570796
    115 0.000000 0.000000 0.000000 0.000000 0.000000 0.000000
    116 0.000000 0.000000 0.000000 0.000000 0.000000 0.000000
    117 0.000000 0.000000 0.000000 0.000000 0.000000 0.000000
    118 0.000000 0.000000 0.000000 0.000000 0.000000 0.000000
    119 0.000000 0.000000 0.000000 0.000000 0.000000 0.000000
    120 0.000000 0.000000 0.000000 0.000000 0.000000 0.000000
    121 0.000000 0.000000 0.000000 0.000000 0.000000 0.000000
    122 0.000000 0.000000 0.000000 0.000000 0.000000 0.000000
    123 0.000000 0.000000 0.000000 0.000000 0.000000 0.000000
    124 0.000000 0.000000 0.000000 0.000000 0.000000 0.000000
    125 0.000000 0.000000 0.000000 0.000000 0.000000 0.000000
    126 0.000000 0.000000 0.000000 0.000000 0.000000 0.000000
    127 0.000000 0.000000 0.000000 0.000000 0.000000 0.000000
    128 0.000000 0.000000 0.000000 0.000000 0.000000 0.000000
    129 0.000000 0.000000 0.000000 0.000000 0.000000 0.000000
    130 0.000000 0.000000 0.000000 0.000000 0.000000 0.000000
    131 0.000000 0.000000 0.000000 0.000000 0.000000 0.000000
    132 0.000000 0.000000 0.000000 0.000000 0.000000 0.000000
    133 0.000000 0.000000 0.000000 0.000000 0.000000 0.000000
    134 0.000000 0.000000 0.000000 0.000000 0.000000 0.000000
    135 0.000000 0.000000 0.000000 0.000000 0.000000 0.000000
    136 0.000000 0.000000 0.000000 0.000000 0.000000 0.000000
    137 0.000000 0.000000 0.000000 0.000000 0.000000 0.000000
    138 0.000000 0.000000 0.000000 0.000000 0.000000 0.000000
    139 0.000000 0.000000 0.000000 0.000000 0.000000 0.000000
    140 0.000000 0.000000 0.000000 0.000000 0.000000 0.000000
    141 0.000000 0.000000 0.000000 0.000000 0.000000 0.000000
    142 0.000000 0.000000 0.000000 0.000000 0.000000 0.000000
    143 0.000000 0.000000 0.000000 0.000000 0.000000 0.000000
    144 0.000000 0.000000 0.000000 0.000000 0.000000 0.000000
    145 0.000000 0.000000 0.000000 0.000000 0.000000 0.000000
    146 0.000000 0.000000 0.000000 0.000000 0.000000 0.000000
    147 0.000000 0.000000 0.000000 0.000000 0.000000 0.000000
    148 0.000000 0.000000 0.000000 0.000000 0.000000 0.000000
    149 0.000000 0.000000 0.000000 0.000000 0.000000 0.000000
    150 0.000000 0.000000 0.000000 0.000000 0.000000 0.000000
    151 0.000000 0.000000 0.000000 0.000000 0.000000 0.000000
    152 0.000000 0.000000 0.000000 0.000000 0.000000 0.000000
    153 0.000000 0.000000 0.000000 0.000000 0.000000 0.000000
    154 0.000000 0.000000 0.000000 0.000000 0.000000 0.000000
    155 0.000000 0.000000 0.000000 0.000000 0.000000 0.000000
    156 0.000000 0.000000 0.000000 0.000000 0.000000 0.000000
    157 0.000000 0.000000 0.000000 0.000000 0.000000 0.000000
    158 0.000000 0.000000 0.000000 0.000000 0.000000 0.000000
    159 0.000000 0.000000 0.000000 0.000000 0.000000 0.000000
    160 0.000000 0.000000 0.000000 0.000000 0.000000 0.000000
    161 0.000000 0.000000 0.000000 0.000000 0.000000 0.000000
    162 0.000000 0.000000 0.000000 0.000000 0.000000 0.000000
    163 0.000000 0.000000 0.000000 0.000000 0.000000 0.000000
    164 0.000000 0.000000 0.000000 0.000000 0.000000 0.000000
    165 0.000000 0.000000 0.000000 0.000000 0.000000 0.000000
    166 0.000000 0.000000 0.000000 0.000000 0.000000 0.000000
    167 0.000000 0.000000 0.000000 0.000000 0.000000 0.000000
    168 0.000000 0.000000 0.000000 0.000000 0.000000 0.000000
    169 0.000000 0.000000 0.000000 0.000000 0.000000 0.000000
    170 0.000000 0.000000 0.000000 0.000000 0.000000 0.000000
    171 0.000000 0.000000 0.000000 0.000000 0.000000 0.000000
    172 0.000000 0.000000 0.000000 0.000000 0.000000 0.000000
    173 0.000000 0.000000 0.000000 0.000000 0.000000 0.000000
    174 0.000000 0.000000 0.000000 0.000000 0.000000 0.000000
    175 0.000000 0.000000 0.000000 0.000000 0.000000 0.000000
    176 0.000000 0.000000 0.000000 0.000000 0.000000 0.000000
    177 0.000000 0.000000 0.000000 0.000000 0.000000 0.000000
    178 0.000000 0.000000 0.000000 0.000000 0.000000 0.000000
    179 0.000000 0.000000 0.000000 0.000000 0.000000 0.000000
    180 0.000000 0.000000 0.000000 0.000000 0.000000 0.000000
    181 0.000000 0.000000 0.000000 0.000000 0.000000 0.000000
    182 0.000000 0.000000 0.000000 0.000000 0.000000 0.000000
    183 0.000000 0.000000 0.000000 0.000000 0.000000 0.000000
    184 0.000000 0.000000 0.000000 0.000000 0.000000 0.000000
    185 0.000000 0.000000 0.000000 0.000000 0.000000 0.000000
    186 0.000000 0.000000 0.000000 0.000000 0.000000 0.000000
    187 0.000000 0.000000 0.000000 0.000000 0.000000 0.000000
    188 0.000000 0.000000 0.000000 0.000000 0.000000 0.000000
    189 0.000000 0.000000 0.000000 0.000000 0.000000 0.000000
    190 0.000000 0.000000 0.000000 0.000000 0.000000 0.000000
    191 0.000000 0.000000 0.000000 0.023621 0.000000 0.000000
    192 0.000000 0.000000 0.000000 0.000000 0.000000 0.000000
    193 0.000000 0.000000 0.000000 0.000000 0.000000 0.000000
    194 0.000000 0.000000 0.000000 0.000000 0.000000 0.000000
    195 0.000000 0.000000 0.000000 0.000000 0.000000 0.000000
    196 0.000000 0.000000 0.000000 0.000000 0.000000 0.000000
    197 0.000000 0.000000 0.000000 0.000000 0.000000 0.000000
    198 0.000000 0.000000 0.000000 0.000000 0.000000 0.000000
    199 0.000000 0.000000 0.000000 0.000000 0.000000 0.000000
    200 0.000000 0.000000 0.000000 0.000000 0.000000 0.000000
    201 0.000000 0.000000 0.000000 0.000000 0.000000 0.000000
    202 0.000000 0.000000 0.000000 0.000000 0.000000 0.000000
    203 0.000000 0.000000 0.000000 0.000000 0.000000 0.000000
    204 0.000000 0.000000 0.000000 0.000000 0.000000 0.000000
    205 0.000000 0.000000 0.000000 0.000000 0.000000 0.000000
    206 0.000000 0.000000 0.000000 0.000000 0.000000 0.000000
    207 0.000000 0.000000 0.000000 0.000000 0.000000 0.000000
    208 0.000000 0.000000 0.000000 0.000000 0.000000 0.000000
    209 0.000000 0.000000 0.000000 0.000000 0.000000 0.000000
    210 0.000000 0.000000 0.000000 0.000000 0.000000 0.000000
    211 0.000000 0.000000 0.000000 0.000000 0.000000 0.000000
    212 0.000000 0.000000 0.000000 0.000000 0.000000 0.000000
    213 0.000000 0.000000 0.000000 0.000000 0.000000 0.000000
    214 0.000000 0.000000 0.000000 0.000000 0.000000 0.000000
    215 0.000000 0.000000 0.000000 0.000000 0.000000 0.000000
    216 0.000000 0.000000 0.000000 0.000000 0.000000 0.000000
    217 0.000000 0.000000 0.000000 0.000000 0.000000 0.000000
    218 0.000000 0.000000 0.000000 0.000000 0.000000 0.000000
    219 0.000000 0.000000 0.000000 0.000000 0.000000 0.000000
    220 0.000000 0.000000 0.000000 0.000000 0.000000 0.000000
    221 0.000000 0.000000 0.000000 0.000000 0.000000 0.000000
    222 0.000000 0.000000 0.000000 0.000000 0.000000 0.000000
    223 0.000000 0.000000 0.000000 0.000000 0.000000 0.000000
    224 0.000000 0.000000 0.000000 0.000000 0.000000 0.000000
    225 0.000000 0.000000 0.000000 0.000000 0.000000 0.000000
    226 0.000000 0.000000 0.000000 0.000000 0.000000 0.000000
    227 -0.601581 -0.183599 1.113315 -0.142338 -0.057351 0.042330
    228 0.000000 0.000000 0.000000 0.000000 0.000000 0.000000
    229 0.000000 0.000000 0.000000 0.000000 0.000000 0.000000
    230 0.000000 0.000000 0.000000 0.002145 0.000000 0.000000
    231 0.000000 0.000000 0.000000 0.000000 0.000000 0.000000
    232 0.000000 0.000000 0.000000 0.000000 0.000000 0.000000
    233 0.000000 0.000000 0.000000 0.000000 0.000000 0.000000
    234 -0.332041 0.476577 1.351604 -0.142406 -0.057349 -1.528458
    235 0.000000 0.000000 0.000000 0.000000 0.000000 0.000000
    236 0.000000 0.000000 0.000000 0.000000 0.000000 0.000000
    237 0.000000 0.000000 0.000000 0.000000 0.000000 0.000000
    238 0.000000 0.000000 0.000000 0.000000 0.000000 0.000000
    239 0.000000 0.000000 0.000000 0.000000 0.000000 0.000000
    240 0.000000 0.000000 0.000000 0.000000 0.000000 0.000000
    241 0.000000 0.000000 0.000000 0.000000 0.000000 0.000000
    242 0.000000 0.000000 0.000000 0.000000 0.000000 0.000000
    243 0.000000 0.000000 0.000000 0.000000 0.000000 0.000000
    244 0.000000 0.000000 0.000000 0.000000 0.000000 0.000000
    245 0.000000 0.000000 0.000000 0.000000 0.000000 0.000000
    246 0.000000 0.000000 0.000000 0.000000 0.000000 -1.570796
  time 53
    0 0.000000 0.000000 0.000000 0.000000 0.000000 -1.570796
    1 0.000000 0.000000 0.000000 0.000000 0.000000 0.000000
    2 0.000000 0.000000 0.000000 0.000000 0.000000 0.000000
    3 0.000000 0.000000 0.000000 0.000000 0.000000 0.000000
    4 0.000000 0.000000 0.000000 0.000000 0.000000 0.000000
    5 0.000000 0.000000 0.000000 0.000000 0.000000 0.000000
    6 0.000000 0.000000 0.000000 0.000000 0.000000 0.000000
    7 0.000000 0.000000 0.000000 0.000000 0.000000 0.000000
    8 -1.375042 0.179693 -0.589862 0.160472 0.118943 0.016090
    9 0.000000 0.000000 0.000000 0.049134 -0.007693 -0.109460
    10 0.000000 0.000000 0.000000 0.000000 0.000000 0.000000
    11 0.000000 0.000000 0.000000 0.000000 0.000000 0.000000
    12 0.000000 0.000000 0.000000 0.000000 0.000000 0.000000
    13 0.000000 0.000000 0.000000 -0.003594 0.000000 0.000000
    14 0.000000 0.000000 0.000000 0.000000 0.000000 0.066280
    15 0.000000 0.000000 0.000000 0.000000 0.000000 0.000000
    16 0.000000 0.000000 0.000000 0.000000 0.000000 0.000000
    17 0.000000 0.000000 0.000000 0.000000 0.000000 0.000000
    18 0.000000 0.000000 0.000000 0.000000 0.000000 0.000000
    19 0.000000 0.000000 0.000000 0.049281 0.000000 0.000000
    20 -0.070315 -0.015625 0.000000 0.000000 0.000000 -0.033130
    21 0.000000 0.000000 0.000000 -0.137441 -0.133815 -0.085169
    22 0.000000 0.000000 0.000000 0.000000 0.000000 0.000000
    23 0.000000 0.000000 0.000000 0.000000 0.000000 0.000000
    24 0.000000 0.000000 0.000000 0.000000 0.000000 0.000000
    25 0.000000 0.000000 0.000000 0.000000 0.000000 0.000000
    26 0.000000 0.000000 0.000000 0.000000 0.000000 0.000000
    27 0.000000 0.000000 0.000000 0.000000 0.000000 0.000000
    28 0.000000 0.000000 0.000000 0.000000 0.000000 0.000000
    29 0.000000 0.000000 0.000000 0.000000 0.000000 0.000000
    30 0.000000 0.000000 0.000000 0.000000 0.000000 0.000000
    31 0.000000 0.000000 0.000000 0.000000 0.000000 0.000000
    32 0.000000 0.000000 0.000000 0.000000 0.000000 0.000000
    33 0.000000 0.000000 0.000000 0.000000 0.000000 0.000000
    34 0.000000 0.000000 0.000000 0.000000 0.000000 0.000000
    35 0.000000 0.000000 0.000000 0.000000 0.000000 0.000000
    36 0.000000 0.000000 0.000000 0.000000 0.000000 0.000000
    37 0.000000 0.000000 0.000000 0.000000 0.000000 0.000000
    38 0.000000 0.000000 0.000000 0.000000 0.000000 0.000000
    39 0.000000 0.000000 0.000000 0.000000 0.000000 0.000000
    40 0.000000 0.000000 0.000000 0.000000 0.000000 0.000000
    41 0.000000 0.000000 0.000000 0.000000 0.000000 0.000000
    42 0.000000 0.000000 0.000000 0.000000 0.000000 0.000000
    43 0.000000 0.000000 0.000000 0.000000 0.000000 0.000000
    44 0.000000 0.000000 0.000000 0.000000 0.000000 0.000000
    45 0.000000 0.000000 0.000000 0.000000 0.000000 0.000000
    46 0.000000 0.000000 0.000000 0.000000 0.000000 0.000000
    47 0.000000 0.000000 0.000000 0.000000 0.000000 0.000000
    48 0.000000 0.000000 0.000000 0.000000 0.000000 0.000000
    49 0.000000 0.000000 0.000000 0.000000 0.000000 0.000000
    50 0.000000 0.000000 0.000000 0.000000 0.000000 0.000000
    51 0.000000 0.000000 0.000000 0.000000 0.000000 0.000000
    52 0.000000 0.000000 0.000000 0.000000 0.000000 0.000000
    53 0.000000 0.000000 0.000000 0.000000 0.000000 0.000000
    54 0.000000 0.000000 0.000000 0.000000 0.000000 0.000000
    55 0.000000 0.000000 0.000000 0.000000 0.000000 0.000000
    56 0.000000 0.000000 0.000000 0.000000 0.000000 0.000000
    57 0.000000 0.000000 0.000000 0.000000 0.000000 0.000000
    58 0.000000 0.000000 0.000000 0.000000 0.000000 0.000000
    59 0.000000 0.000000 0.000000 0.000000 0.000000 0.000000
    60 0.000000 0.000000 0.000000 0.000000 0.000000 0.000000
    61 0.000000 0.000000 0.000000 0.000000 0.000000 0.000000
    62 0.000000 0.000000 0.000000 0.000000 0.000000 0.000000
    63 0.000000 0.000000 0.000000 0.000000 0.000000 0.000000
    64 0.000000 0.000000 0.000000 0.000000 0.000000 0.000000
    65 0.000000 0.000000 0.000000 0.000000 0.000000 0.000000
    66 0.000000 0.000000 0.000000 0.000000 0.000000 0.000000
    67 0.000000 0.000000 0.000000 0.000000 0.000000 0.000000
    68 0.000000 0.000000 0.000000 0.000000 0.000000 0.000000
    69 0.000000 0.000000 0.000000 0.000000 0.000000 0.000000
    70 0.000000 0.000000 0.000000 0.000000 0.000000 0.000000
    71 0.000000 0.000000 0.000000 0.000000 0.000000 0.000000
    72 0.000000 0.000000 0.000000 0.000000 0.000000 0.000000
    73 0.000000 0.000000 0.000000 0.000000 0.000000 0.000000
    74 0.000000 0.000000 0.000000 0.000000 0.000000 0.000000
    75 0.000000 0.000000 0.000000 0.000000 0.000000 0.000000
    76 0.000000 0.000000 0.000000 0.000000 0.000000 0.000000
    77 0.000000 0.000000 0.000000 0.000000 0.000000 0.000000
    78 0.000000 0.000000 0.000000 0.000000 0.000000 0.000000
    79 0.000000 0.000000 0.000000 0.000000 0.000000 0.000000
    80 0.000000 0.000000 0.000000 0.000000 0.000000 0.000000
    81 0.000000 0.000000 0.000000 0.000000 0.000000 0.000000
    82 0.000000 0.000000 0.000000 0.000000 0.000000 0.000000
    83 0.000000 0.000000 0.000000 0.000000 0.000000 0.000000
    84 0.000000 0.000000 0.000000 0.000000 0.000000 0.000000
    85 0.000000 0.000000 0.000000 0.000000 0.000000 0.000000
    86 0.000000 0.000000 0.000000 0.000000 0.000000 0.000000
    87 0.000000 0.000000 0.000000 0.000000 0.000000 0.000000
    88 0.000000 0.000000 0.000000 0.000000 0.000000 0.000000
    89 0.000000 0.000000 0.000000 0.000000 0.000000 0.000000
    90 0.000000 0.000000 0.000000 0.000000 0.000000 0.000000
    91 0.000000 0.000000 0.000000 0.000000 0.000000 0.000000
    92 0.000000 0.000000 0.000000 0.000000 0.000000 0.000000
    93 0.000000 0.000000 0.000000 0.000000 0.000000 0.000000
    94 0.000000 0.000000 0.000000 0.000000 0.000000 0.000000
    95 0.000000 0.000000 0.000000 0.000000 0.000000 0.000000
    96 0.000000 0.000000 0.000000 0.000000 0.000000 0.000000
    97 0.000000 0.000000 0.000000 0.000000 0.000000 0.000000
    98 0.000000 0.000000 0.000000 0.000000 0.000000 0.000000
    99 0.000000 0.000000 0.000000 0.000000 0.000000 0.000000
    100 0.000000 0.000000 0.000000 0.000000 0.000000 0.000000
    101 0.000000 0.000000 0.000000 0.000000 0.000000 0.000000
    102 0.000000 0.000000 0.000000 0.000000 0.000000 0.000000
    103 0.000000 0.000000 0.000000 0.000000 0.000000 0.000000
    104 0.000000 0.000000 0.000000 0.000000 0.000000 0.000000
    105 0.000000 0.000000 0.000000 0.000000 0.000000 0.000000
    106 0.000000 0.000000 0.000000 0.000000 0.000000 0.000000
    107 0.000000 0.000000 0.000000 0.000000 0.000000 0.000000
    108 0.000000 0.000000 0.000000 0.000000 0.000000 0.000000
    109 0.000000 0.000000 0.000000 0.000000 0.000000 0.000000
    110 0.000000 0.000000 0.000000 0.000000 0.000000 0.000000
    111 0.000000 0.000000 0.000000 0.000000 0.000000 -1.570796
    112 -0.585955 0.554704 0.230476 -0.186376 -0.054205 -1.519235
    113 0.000000 0.000000 0.000000 0.000000 0.000000 0.000000
    114 0.000000 0.000000 0.000000 0.000000 0.000000 -1.570796
    115 0.000000 0.000000 0.000000 0.000000 0.000000 0.000000
    116 0.000000 0.000000 0.000000 0.000000 0.000000 0.000000
    117 0.000000 0.000000 0.000000 0.000000 0.000000 0.000000
    118 0.000000 0.000000 0.000000 0.000000 0.000000 0.000000
    119 0.000000 0.000000 0.000000 0.000000 0.000000 0.000000
    120 0.000000 0.000000 0.000000 0.000000 0.000000 0.000000
    121 0.000000 0.000000 0.000000 0.000000 0.000000 0.000000
    122 0.000000 0.000000 0.000000 0.000000 0.000000 0.000000
    123 0.000000 0.000000 0.000000 0.000000 0.000000 0.000000
    124 0.000000 0.000000 0.000000 0.000000 0.000000 0.000000
    125 0.000000 0.000000 0.000000 0.000000 0.000000 0.000000
    126 0.000000 0.000000 0.000000 0.000000 0.000000 0.000000
    127 0.000000 0.000000 0.000000 0.000000 0.000000 0.000000
    128 0.000000 0.000000 0.000000 0.000000 0.000000 0.000000
    129 0.000000 0.000000 0.000000 0.000000 0.000000 0.000000
    130 0.000000 0.000000 0.000000 0.000000 0.000000 0.000000
    131 0.000000 0.000000 0.000000 0.000000 0.000000 0.000000
    132 0.000000 0.000000 0.000000 0.000000 0.000000 0.000000
    133 0.000000 0.000000 0.000000 0.000000 0.000000 0.000000
    134 0.000000 0.000000 0.000000 0.000000 0.000000 0.000000
    135 0.000000 0.000000 0.000000 0.000000 0.000000 0.000000
    136 0.000000 0.000000 0.000000 0.000000 0.000000 0.000000
    137 0.000000 0.000000 0.000000 0.000000 0.000000 0.000000
    138 0.000000 0.000000 0.000000 0.000000 0.000000 0.000000
    139 0.000000 0.000000 0.000000 0.000000 0.000000 0.000000
    140 0.000000 0.000000 0.000000 0.000000 0.000000 0.000000
    141 0.000000 0.000000 0.000000 0.000000 0.000000 0.000000
    142 0.000000 0.000000 0.000000 0.000000 0.000000 0.000000
    143 0.000000 0.000000 0.000000 0.000000 0.000000 0.000000
    144 0.000000 0.000000 0.000000 0.000000 0.000000 0.000000
    145 0.000000 0.000000 0.000000 0.000000 0.000000 0.000000
    146 0.000000 0.000000 0.000000 0.000000 0.000000 0.000000
    147 0.000000 0.000000 0.000000 0.000000 0.000000 0.000000
    148 0.000000 0.000000 0.000000 0.000000 0.000000 0.000000
    149 0.000000 0.000000 0.000000 0.000000 0.000000 0.000000
    150 0.000000 0.000000 0.000000 0.000000 0.000000 0.000000
    151 0.000000 0.000000 0.000000 0.000000 0.000000 0.000000
    152 0.000000 0.000000 0.000000 0.000000 0.000000 0.000000
    153 0.000000 0.000000 0.000000 0.000000 0.000000 0.000000
    154 0.000000 0.000000 0.000000 0.000000 0.000000 0.000000
    155 0.000000 0.000000 0.000000 0.000000 0.000000 0.000000
    156 0.000000 0.000000 0.000000 0.000000 0.000000 0.000000
    157 0.000000 0.000000 0.000000 0.000000 0.000000 0.000000
    158 0.000000 0.000000 0.000000 0.000000 0.000000 0.000000
    159 0.000000 0.000000 0.000000 0.000000 0.000000 0.000000
    160 0.000000 0.000000 0.000000 0.000000 0.000000 0.000000
    161 0.000000 0.000000 0.000000 0.000000 0.000000 0.000000
    162 0.000000 0.000000 0.000000 0.000000 0.000000 0.000000
    163 0.000000 0.000000 0.000000 0.000000 0.000000 0.000000
    164 0.000000 0.000000 0.000000 0.000000 0.000000 0.000000
    165 0.000000 0.000000 0.000000 0.000000 0.000000 0.000000
    166 0.000000 0.000000 0.000000 0.000000 0.000000 0.000000
    167 0.000000 0.000000 0.000000 0.000000 0.000000 0.000000
    168 0.000000 0.000000 0.000000 0.000000 0.000000 0.000000
    169 0.000000 0.000000 0.000000 0.000000 0.000000 0.000000
    170 0.000000 0.000000 0.000000 0.000000 0.000000 0.000000
    171 0.000000 0.000000 0.000000 0.000000 0.000000 0.000000
    172 0.000000 0.000000 0.000000 0.000000 0.000000 0.000000
    173 0.000000 0.000000 0.000000 0.000000 0.000000 0.000000
    174 0.000000 0.000000 0.000000 0.000000 0.000000 0.000000
    175 0.000000 0.000000 0.000000 0.000000 0.000000 0.000000
    176 0.000000 0.000000 0.000000 0.000000 0.000000 0.000000
    177 0.000000 0.000000 0.000000 0.000000 0.000000 0.000000
    178 0.000000 0.000000 0.000000 0.000000 0.000000 0.000000
    179 0.000000 0.000000 0.000000 0.000000 0.000000 0.000000
    180 0.000000 0.000000 0.000000 0.000000 0.000000 0.000000
    181 0.000000 0.000000 0.000000 0.000000 0.000000 0.000000
    182 0.000000 0.000000 0.000000 0.000000 0.000000 0.000000
    183 0.000000 0.000000 0.000000 0.000000 0.000000 0.000000
    184 0.000000 0.000000 0.000000 0.000000 0.000000 0.000000
    185 0.000000 0.000000 0.000000 0.000000 0.000000 0.000000
    186 0.000000 0.000000 0.000000 0.000000 0.000000 0.000000
    187 0.000000 0.000000 0.000000 0.000000 0.000000 0.000000
    188 0.000000 0.000000 0.000000 0.000000 0.000000 0.000000
    189 0.000000 0.000000 0.000000 0.000000 0.000000 0.000000
    190 0.000000 0.000000 0.000000 0.000000 0.000000 0.000000
    191 0.000000 0.000000 0.000000 0.024659 0.000000 0.000000
    192 0.000000 0.000000 0.000000 0.000000 0.000000 0.000000
    193 0.000000 0.000000 0.000000 0.000000 0.000000 0.000000
    194 0.000000 0.000000 0.000000 0.000000 0.000000 0.000000
    195 0.000000 0.000000 0.000000 0.000000 0.000000 0.000000
    196 0.000000 0.000000 0.000000 0.000000 0.000000 0.000000
    197 0.000000 0.000000 0.000000 0.000000 0.000000 0.000000
    198 0.000000 0.000000 0.000000 0.000000 0.000000 0.000000
    199 0.000000 0.000000 0.000000 0.000000 0.000000 0.000000
    200 0.000000 0.000000 0.000000 0.000000 0.000000 0.000000
    201 0.000000 0.000000 0.000000 0.000000 0.000000 0.000000
    202 0.000000 0.000000 0.000000 0.000000 0.000000 0.000000
    203 0.000000 0.000000 0.000000 0.000000 0.000000 0.000000
    204 0.000000 0.000000 0.000000 0.000000 0.000000 0.000000
    205 0.000000 0.000000 0.000000 0.000000 0.000000 0.000000
    206 0.000000 0.000000 0.000000 0.000000 0.000000 0.000000
    207 0.000000 0.000000 0.000000 0.000000 0.000000 0.000000
    208 0.000000 0.000000 0.000000 0.000000 0.000000 0.000000
    209 0.000000 0.000000 0.000000 0.000000 0.000000 0.000000
    210 0.000000 0.000000 0.000000 0.000000 0.000000 0.000000
    211 0.000000 0.000000 0.000000 0.000000 0.000000 0.000000
    212 0.000000 0.000000 0.000000 0.000000 0.000000 0.000000
    213 0.000000 0.000000 0.000000 0.000000 0.000000 0.000000
    214 0.000000 0.000000 0.000000 0.000000 0.000000 0.000000
    215 0.000000 0.000000 0.000000 0.000000 0.000000 0.000000
    216 0.000000 0.000000 0.000000 0.000000 0.000000 0.000000
    217 0.000000 0.000000 0.000000 0.000000 0.000000 0.000000
    218 0.000000 0.000000 0.000000 0.000000 0.000000 0.000000
    219 0.000000 0.000000 0.000000 0.000000 0.000000 0.000000
    220 0.000000 0.000000 0.000000 0.000000 0.000000 0.000000
    221 0.000000 0.000000 0.000000 0.000000 0.000000 0.000000
    222 0.000000 0.000000 0.000000 0.000000 0.000000 0.000000
    223 0.000000 0.000000 0.000000 0.000000 0.000000 0.000000
    224 0.000000 0.000000 0.000000 0.000000 0.000000 0.000000
    225 0.000000 0.000000 0.000000 0.000000 0.000000 0.000000
    226 0.000000 0.000000 0.000000 0.000000 0.000000 0.000000
    227 -0.562517 -0.121097 0.804712 -0.186376 -0.054197 0.051561
    228 0.000000 0.000000 0.000000 0.000000 0.000000 0.000000
    229 0.000000 0.000000 0.000000 0.000000 0.000000 0.000000
    230 0.000000 0.000000 0.000000 0.002888 0.000000 0.000000
    231 0.000000 0.000000 0.000000 0.000000 0.000000 0.000000
    232 0.000000 0.000000 0.000000 0.000000 0.000000 0.000000
    233 0.000000 0.000000 0.000000 0.000000 0.000000 0.000000
    234 -0.328135 0.433607 1.043001 -0.186351 -0.054198 -1.519262
    235 0.000000 0.000000 0.000000 0.000000 0.000000 0.000000
    236 0.000000 0.000000 0.000000 0.000000 0.000000 0.000000
    237 0.000000 0.000000 0.000000 0.000000 0.000000 0.000000
    238 0.000000 0.000000 0.000000 0.000000 0.000000 0.000000
    239 0.000000 0.000000 0.000000 0.000000 0.000000 0.000000
    240 0.000000 0.000000 0.000000 0.000000 0.000000 0.000000
    241 0.000000 0.000000 0.000000 0.000000 0.000000 0.000000
    242 0.000000 0.000000 0.000000 0.000000 0.000000 0.000000
    243 0.000000 0.000000 0.000000 0.000000 0.000000 0.000000
    244 0.000000 0.000000 0.000000 0.000000 0.000000 0.000000
    245 0.000000 0.000000 0.000000 0.000000 0.000000 0.000000
    246 0.000000 0.000000 0.000000 0.000000 0.000000 -1.570796
  time 54
    0 0.000000 0.000000 0.000000 0.000000 0.000000 -1.570796
    1 0.000000 0.000000 0.000000 0.000000 0.000000 0.000000
    2 0.000000 0.000000 0.000000 0.000000 0.000000 0.000000
    3 0.000000 0.000000 0.000000 0.000000 0.000000 0.000000
    4 0.000000 0.000000 0.000000 0.000000 0.000000 0.000000
    5 0.000000 0.000000 0.000000 0.000000 0.000000 0.000000
    6 0.000000 0.000000 0.000000 0.000000 0.000000 0.000000
    7 0.000000 0.000000 0.000000 0.000000 0.000000 0.000000
    8 -1.410199 0.000000 -0.718772 0.168505 0.164864 0.012738
    9 0.000000 0.000000 0.000000 0.078099 -0.011264 -0.121181
    10 0.000000 0.000000 0.000000 0.000000 0.000000 0.000000
    11 0.000000 0.000000 0.000000 0.000000 0.000000 0.000000
    12 0.000000 0.000000 0.000000 0.000000 0.000000 0.000000
    13 0.000000 0.000000 0.000000 -0.021519 0.000000 0.000000
    14 0.000000 0.000000 0.000000 -0.000060 0.000000 0.121207
    15 0.000000 0.000000 0.000000 0.000000 0.000000 0.000000
    16 0.000000 0.000000 0.000000 0.000000 0.000000 0.000000
    17 0.000000 0.000000 0.000000 0.000000 0.000000 0.000000
    18 0.000000 0.000000 0.000000 0.000000 0.000000 0.000000
    19 0.000000 0.000000 0.000000 0.032199 0.000000 -0.000024
    20 -0.113285 -0.019532 0.000000 0.000000 -0.000060 -0.060596
    21 0.000000 0.000000 0.000000 -0.231270 -0.154240 -0.085868
    22 0.000000 0.000000 0.000000 0.000000 0.000000 0.000000
    23 0.000000 0.000000 0.000000 0.000000 0.000000 0.000000
    24 0.000000 0.000000 0.000000 0.000000 0.000000 0.000000
    25 0.000000 0.000000 0.000000 0.000000 0.000000 0.000000
    26 0.000000 0.000000 0.000000 0.000000 0.000000 0.000000
    27 0.000000 0.000000 0.000000 0.000000 0.000000 0.000000
    28 0.000000 0.000000 0.000000 0.000000 0.000000 0.000000
    29 0.000000 0.000000 0.000000 0.000000 0.000000 0.000000
    30 0.000000 0.000000 0.000000 0.000000 0.000000 0.000000
    31 0.000000 0.000000 0.000000 0.000000 0.000000 0.000000
    32 0.000000 0.000000 0.000000 0.000000 0.000000 0.000000
    33 0.000000 0.000000 0.000000 0.000000 0.000000 0.000000
    34 0.000000 0.000000 0.000000 0.000000 0.000000 0.000000
    35 0.000000 0.000000 0.000000 0.000000 0.000000 0.000000
    36 0.000000 0.000000 0.000000 0.000000 0.000000 0.000000
    37 0.000000 0.000000 0.000000 0.000000 0.000000 0.000000
    38 0.000000 0.000000 0.000000 0.000000 0.000000 0.000000
    39 0.000000 0.000000 0.000000 0.000000 0.000000 0.000000
    40 0.000000 0.000000 0.000000 0.000000 0.000000 0.000000
    41 0.000000 0.000000 0.000000 0.000000 0.000000 0.000000
    42 0.000000 0.000000 0.000000 0.000000 0.000000 0.000000
    43 0.000000 0.000000 0.000000 0.000000 0.000000 0.000000
    44 0.000000 0.000000 0.000000 0.000000 0.000000 0.000000
    45 0.000000 0.000000 0.000000 0.000000 0.000000 0.000000
    46 0.000000 0.000000 0.000000 0.000000 0.000000 0.000000
    47 0.000000 0.000000 0.000000 0.000000 0.000000 0.000000
    48 0.000000 0.000000 0.000000 0.000000 0.000000 0.000000
    49 0.000000 0.000000 0.000000 0.000000 0.000000 0.000000
    50 0.000000 0.000000 0.000000 0.000000 0.000000 0.000000
    51 0.000000 0.000000 0.000000 0.000000 0.000000 0.000000
    52 0.000000 0.000000 0.000000 0.000000 0.000000 0.000000
    53 0.000000 0.000000 0.000000 0.000000 0.000000 0.000000
    54 0.000000 0.000000 0.000000 0.000000 0.000000 0.000000
    55 0.000000 0.000000 0.000000 0.000000 0.000000 0.000000
    56 0.000000 0.000000 0.000000 0.000000 0.000000 0.000000
    57 0.000000 0.000000 0.000000 0.000000 0.000000 0.000000
    58 0.000000 0.000000 0.000000 0.000000 0.000000 0.000000
    59 0.000000 0.000000 0.000000 0.000000 0.000000 0.000000
    60 0.000000 0.000000 0.000000 0.000000 0.000000 0.000000
    61 0.000000 0.000000 0.000000 0.000000 0.000000 0.000000
    62 0.000000 0.000000 0.000000 0.000000 0.000000 0.000000
    63 0.000000 0.000000 0.000000 0.000000 0.000000 0.000000
    64 0.000000 0.000000 0.000000 0.000000 0.000000 0.000000
    65 0.000000 0.000000 0.000000 0.000000 0.000000 0.000000
    66 0.000000 0.000000 0.000000 0.000000 0.000000 0.000000
    67 0.000000 0.000000 0.000000 0.000000 0.000000 0.000000
    68 0.000000 0.000000 0.000000 0.000000 0.000000 0.000000
    69 0.000000 0.000000 0.000000 0.000000 0.000000 0.000000
    70 0.000000 0.000000 0.000000 0.000000 0.000000 0.000000
    71 0.000000 0.000000 0.000000 0.000000 0.000000 0.000000
    72 0.000000 0.000000 0.000000 0.000000 0.000000 0.000000
    73 0.000000 0.000000 0.000000 0.000000 0.000000 0.000000
    74 0.000000 0.000000 0.000000 0.000000 0.000000 0.000000
    75 0.000000 0.000000 0.000000 0.000000 0.000000 0.000000
    76 0.000000 0.000000 0.000000 0.000000 0.000000 0.000000
    77 0.000000 0.000000 0.000000 0.000000 0.000000 0.000000
    78 0.000000 0.000000 0.000000 0.000000 0.000000 0.000000
    79 0.000000 0.000000 0.000000 0.000000 0.000000 0.000000
    80 0.000000 0.000000 0.000000 0.000000 0.000000 0.000000
    81 0.000000 0.000000 0.000000 0.000000 0.000000 0.000000
    82 0.000000 0.000000 0.000000 0.000000 0.000000 0.000000
    83 0.000000 0.000000 0.000000 0.000000 0.000000 0.000000
    84 0.000000 0.000000 0.000000 0.000000 0.000000 0.000000
    85 0.000000 0.000000 0.000000 0.000000 0.000000 0.000000
    86 0.000000 0.000000 0.000000 0.000000 0.000000 0.000000
    87 0.000000 0.000000 0.000000 0.000000 0.000000 0.000000
    88 0.000000 0.000000 0.000000 0.000000 0.000000 0.000000
    89 0.000000 0.000000 0.000000 0.000000 0.000000 0.000000
    90 0.000000 0.000000 0.000000 0.000000 0.000000 0.000000
    91 0.000000 0.000000 0.000000 0.000000 0.000000 0.000000
    92 0.000000 0.000000 0.000000 0.000000 0.000000 0.000000
    93 0.000000 0.000000 0.000000 0.000000 0.000000 0.000000
    94 0.000000 0.000000 0.000000 0.000000 0.000000 0.000000
    95 0.000000 0.000000 0.000000 0.000000 0.000000 0.000000
    96 0.000000 0.000000 0.000000 0.000000 0.000000 0.000000
    97 0.000000 0.000000 0.000000 0.000000 0.000000 0.000000
    98 0.000000 0.000000 0.000000 0.000000 0.000000 0.000000
    99 0.000000 0.000000 0.000000 0.000000 0.000000 0.000000
    100 0.000000 0.000000 0.000000 0.000000 0.000000 0.000000
    101 0.000000 0.000000 0.000000 0.000000 0.000000 0.000000
    102 0.000000 0.000000 0.000000 0.000000 0.000000 0.000000
    103 0.000000 0.000000 0.000000 0.000000 0.000000 0.000000
    104 0.000000 0.000000 0.000000 0.000000 0.000000 0.000000
    105 0.000000 0.000000 0.000000 0.000000 0.000000 0.000000
    106 0.000000 0.000000 0.000000 0.000000 0.000000 0.000000
    107 0.000000 0.000000 0.000000 0.000000 0.000000 0.000000
    108 0.000000 0.000000 0.000000 0.000000 0.000000 0.000000
    109 0.000000 0.000000 0.000000 0.000000 0.000000 0.000000
    110 0.000000 0.000000 0.000000 0.000000 0.000000 0.000000
    111 0.000000 0.000000 0.000000 0.000000 0.000000 -1.570796
    112 -0.644551 0.441420 -0.164068 -0.227094 -0.031190 -1.514387
    113 0.000000 0.000000 0.000000 0.000000 0.000000 0.000000
    114 0.000000 0.000000 0.000000 0.000000 0.000000 -1.570796
    115 0.000000 0.000000 0.000000 0.000000 0.000000 0.000000
    116 0.000000 0.000000 0.000000 0.000000 0.000000 0.000000
    117 0.000000 0.000000 0.000000 0.000000 0.000000 0.000000
    118 0.000000 0.000000 0.000000 0.000000 0.000000 0.000000
    119 0.000000 0.000000 0.000000 0.000000 0.000000 0.000000
    120 0.000000 0.000000 0.000000 0.000000 0.000000 0.000000
    121 0.000000 0.000000 0.000000 0.000000 0.000000 0.000000
    122 0.000000 0.000000 0.000000 0.000000 0.000000 0.000000
    123 0.000000 0.000000 0.000000 0.000000 0.000000 0.000000
    124 0.000000 0.000000 0.000000 0.000000 0.000000 0.000000
    125 0.000000 0.000000 0.000000 0.000000 0.000000 0.000000
    126 0.000000 0.000000 0.000000 0.000000 0.000000 0.000000
    127 0.000000 0.000000 0.000000 0.000000 0.000000 0.000000
    128 0.000000 0.000000 0.000000 0.000000 0.000000 0.000000
    129 0.000000 0.000000 0.000000 0.000000 0.000000 0.000000
    130 0.000000 0.000000 0.000000 0.000000 0.000000 0.000000
    131 0.000000 0.000000 0.000000 0.000000 0.000000 0.000000
    132 0.000000 0.000000 0.000000 0.000000 0.000000 0.000000
    133 0.000000 0.000000 0.000000 0.000000 0.000000 0.000000
    134 0.000000 0.000000 0.000000 0.000000 0.000000 0.000000
    135 0.000000 0.000000 0.000000 0.000000 0.000000 0.000000
    136 0.000000 0.000000 0.000000 0.000000 0.000000 0.000000
    137 0.000000 0.000000 0.000000 0.000000 0.000000 0.000000
    138 0.000000 0.000000 0.000000 0.000000 0.000000 0.000000
    139 0.000000 0.000000 0.000000 0.000000 0.000000 0.000000
    140 0.000000 0.000000 0.000000 0.000000 0.000000 0.000000
    141 0.000000 0.000000 0.000000 0.000000 0.000000 0.000000
    142 0.000000 0.000000 0.000000 0.000000 0.000000 0.000000
    143 0.000000 0.000000 0.000000 0.000000 0.000000 0.000000
    144 0.000000 0.000000 0.000000 0.000000 0.000000 0.000000
    145 0.000000 0.000000 0.000000 0.000000 0.000000 0.000000
    146 0.000000 0.000000 0.000000 0.000000 0.000000 0.000000
    147 0.000000 0.000000 0.000000 0.000000 0.000000 0.000000
    148 0.000000 0.000000 0.000000 0.000000 0.000000 0.000000
    149 0.000000 0.000000 0.000000 0.000000 0.000000 0.000000
    150 0.000000 0.000000 0.000000 0.000000 0.000000 0.000000
    151 0.000000 0.000000 0.000000 0.000000 0.000000 0.000000
    152 0.000000 0.000000 0.000000 0.000000 0.000000 0.000000
    153 0.000000 0.000000 0.000000 0.000000 0.000000 0.000000
    154 0.000000 0.000000 0.000000 0.000000 0.000000 0.000000
    155 0.000000 0.000000 0.000000 0.000000 0.000000 0.000000
    156 0.000000 0.000000 0.000000 0.000000 0.000000 0.000000
    157 0.000000 0.000000 0.000000 0.000000 0.000000 0.000000
    158 0.000000 0.000000 0.000000 0.000000 0.000000 0.000000
    159 0.000000 0.000000 0.000000 0.000000 0.000000 0.000000
    160 0.000000 0.000000 0.000000 0.000000 0.000000 0.000000
    161 0.000000 0.000000 0.000000 0.000000 0.000000 0.000000
    162 0.000000 0.000000 0.000000 0.000000 0.000000 0.000000
    163 0.000000 0.000000 0.000000 0.000000 0.000000 0.000000
    164 0.000000 0.000000 0.000000 0.000000 0.000000 0.000000
    165 0.000000 0.000000 0.000000 0.000000 0.000000 0.000000
    166 0.000000 0.000000 0.000000 0.000000 0.000000 0.000000
    167 0.000000 0.000000 0.000000 0.000000 0.000000 0.000000
    168 0.000000 0.000000 0.000000 0.000000 0.000000 0.000000
    169 0.000000 0.000000 0.000000 0.000000 0.000000 0.000000
    170 0.000000 0.000000 0.000000 0.000000 0.000000 0.000000
    171 0.000000 0.000000 0.000000 0.000000 0.000000 0.000000
    172 0.000000 0.000000 0.000000 0.000000 0.000000 0.000000
    173 0.000000 0.000000 0.000000 0.000000 0.000000 0.000000
    174 0.000000 0.000000 0.000000 0.000000 0.000000 0.000000
    175 0.000000 0.000000 0.000000 0.000000 0.000000 0.000000
    176 0.000000 0.000000 0.000000 0.000000 0.000000 0.000000
    177 0.000000 0.000000 0.000000 0.000000 0.000000 0.000000
    178 0.000000 0.000000 0.000000 0.000000 0.000000 0.000000
    179 0.000000 0.000000 0.000000 0.000000 0.000000 0.000000
    180 0.000000 0.000000 0.000000 0.000000 0.000000 0.000000
    181 0.000000 0.000000 0.000000 0.000000 0.000000 0.000000
    182 0.000000 0.000000 0.000000 0.000000 0.000000 0.000000
    183 0.000000 0.000000 0.000000 0.000000 0.000000 0.000000
    184 0.000000 0.000000 0.000000 0.000000 0.000000 0.000000
    185 0.000000 0.000000 0.000000 0.000000 0.000000 0.000000
    186 0.000000 0.000000 0.000000 0.000000 0.000000 0.000000
    187 0.000000 0.000000 0.000000 0.000000 0.000000 0.000000
    188 0.000000 0.000000 0.000000 0.000000 0.000000 0.000000
    189 0.000000 0.000000 0.000000 0.000000 0.000000 0.000000
    190 0.000000 0.000000 0.000000 0.000000 0.000000 0.000000
    191 0.000000 0.000000 0.000000 0.016060 0.000000 0.000000
    192 0.000000 0.000000 0.000000 0.000000 0.000000 0.000000
    193 0.000000 0.000000 0.000000 0.000000 0.000000 0.000000
    194 0.000000 0.000000 0.000000 0.000000 0.000000 0.000000
    195 0.000000 0.000000 0.000000 0.000000 0.000000 0.000000
    196 0.000000 0.000000 0.000000 0.000000 0.000000 0.000000
    197 0.000000 0.000000 0.000000 0.000000 0.000000 0.000000
    198 0.000000 0.000000 0.000000 0.000000 0.000000 0.000000
    199 0.000000 0.000000 0.000000 0.000000 0.000000 0.000000
    200 0.000000 0.000000 0.000000 0.000000 0.000000 0.000000
    201 0.000000 0.000000 0.000000 0.000000 0.000000 0.000000
    202 0.000000 0.000000 0.000000 0.000000 0.000000 0.000000
    203 0.000000 0.000000 0.000000 0.000000 0.000000 0.000000
    204 0.000000 0.000000 0.000000 0.000000 0.000000 0.000000
    205 0.000000 0.000000 0.000000 0.000000 0.000000 0.000000
    206 0.000000 0.000000 0.000000 0.000000 0.000000 0.000000
    207 0.000000 0.000000 0.000000 0.000000 0.000000 0.000000
    208 0.000000 0.000000 0.000000 0.000000 0.000000 0.000000
    209 0.000000 0.000000 0.000000 0.000000 0.000000 0.000000
    210 0.000000 0.000000 0.000000 0.000000 0.000000 0.000000
    211 0.000000 0.000000 0.000000 0.000000 0.000000 0.000000
    212 0.000000 0.000000 0.000000 0.000000 0.000000 0.000000
    213 0.000000 0.000000 0.000000 0.000000 0.000000 0.000000
    214 0.000000 0.000000 0.000000 0.000000 0.000000 0.000000
    215 0.000000 0.000000 0.000000 0.000000 0.000000 0.000000
    216 0.000000 0.000000 0.000000 0.000000 0.000000 0.000000
    217 0.000000 0.000000 0.000000 0.000000 0.000000 0.000000
    218 0.000000 0.000000 0.000000 0.000000 0.000000 0.000000
    219 0.000000 0.000000 0.000000 0.000000 0.000000 0.000000
    220 0.000000 0.000000 0.000000 0.000000 0.000000 0.000000
    221 0.000000 0.000000 0.000000 0.000000 0.000000 0.000000
    222 0.000000 0.000000 0.000000 0.000000 0.000000 0.000000
    223 0.000000 0.000000 0.000000 0.000000 0.000000 0.000000
    224 0.000000 0.000000 0.000000 0.000000 0.000000 0.000000
    225 0.000000 0.000000 0.000000 0.000000 0.000000 0.000000
    226 0.000000 0.000000 0.000000 0.000000 0.000000 0.000000
    227 -0.445326 -0.144536 0.164068 -0.227094 -0.031230 0.056409
    228 0.000000 0.000000 0.000000 0.000000 0.000000 0.000000
    229 0.000000 0.000000 0.000000 0.000000 0.000000 0.000000
    230 0.000000 0.000000 0.000000 0.003643 0.000000 0.000000
    231 0.000000 0.000000 0.000000 0.000000 0.000000 0.000000
    232 0.000000 0.000000 0.000000 0.000000 0.000000 0.000000
    233 0.000000 0.000000 0.000000 0.000000 0.000000 0.000000
    234 -0.417982 0.359386 0.339854 -0.227063 -0.031206 -1.514377
    235 0.000000 0.000000 0.000000 0.000000 0.000000 0.000000
    236 0.000000 0.000000 0.000000 0.000000 0.000000 0.000000
    237 0.000000 0.000000 0.000000 0.000000 0.000000 0.000000
    238 0.000000 0.000000 0.000000 0.000000 0.000000 0.000000
    239 0.000000 0.000000 0.000000 0.000000 0.000000 0.000000
    240 0.000000 0.000000 0.000000 0.000000 0.000000 0.000000
    241 0.000000 0.000000 0.000000 0.000000 0.000000 0.000000
    242 0.000000 0.000000 0.000000 0.000000 0.000000 0.000000
    243 0.000000 0.000000 0.000000 0.000000 0.000000 0.000000
    244 0.000000 0.000000 0.000000 0.000000 0.000000 0.000000
    245 0.000000 0.000000 0.000000 0.000000 0.000000 0.000000
    246 0.000000 0.000000 0.000000 0.000000 0.000000 -1.570796
  time 55
    0 0.000000 0.000000 0.000000 0.000000 0.000000 -1.570796
    1 0.000000 0.000000 0.000000 0.000000 0.000000 0.000000
    2 0.000000 0.000000 0.000000 0.000000 0.000000 0.000000
    3 0.000000 0.000000 0.000000 0.000000 0.000000 0.000000
    4 0.000000 0.000000 0.000000 0.000000 0.000000 0.000000
    5 0.000000 0.000000 0.000000 0.000000 0.000000 0.000000
    6 0.000000 0.000000 0.000000 0.000000 0.000000 0.000000
    7 0.000000 0.000000 0.000000 0.000000 0.000000 0.000000
    8 -1.296915 -0.136723 -0.707053 0.162835 0.192619 0.017910
    9 0.000000 0.000000 0.000000 0.089665 -0.011295 -0.139456
    10 0.000000 0.000000 0.000000 0.000000 0.000000 0.000000
    11 0.000000 0.000000 0.000000 0.000000 0.000000 0.000000
    12 0.000000 0.000000 0.000000 0.000000 0.000000 0.000000
    13 0.000000 0.000000 0.000000 -0.024522 0.000000 0.000000
    14 0.000000 0.000000 0.000000 -0.000060 0.000000 0.164474
    15 0.000000 0.000000 0.000000 0.000000 0.000000 0.000000
    16 0.000000 0.000000 0.000000 0.000000 0.000000 0.000000
    17 0.000000 0.000000 0.000000 0.000000 0.000000 0.000000
    18 0.000000 0.000000 0.000000 0.000000 0.000000 0.000000
    19 0.000000 0.000000 0.000000 0.015067 0.000000 -0.000060
    20 -0.156255 -0.027345 0.000000 0.000000 0.000000 -0.082159
    21 0.000000 0.000000 0.000000 -0.284211 -0.147869 -0.080976
    22 0.000000 0.000000 0.000000 0.000000 0.000000 0.000000
    23 0.000000 0.000000 0.000000 0.000000 0.000000 0.000000
    24 0.000000 0.000000 0.000000 0.000000 0.000000 0.000000
    25 0.000000 0.000000 0.000000 0.000000 0.000000 0.000000
    26 0.000000 0.000000 0.000000 0.000000 0.000000 0.000000
    27 0.000000 0.000000 0.000000 0.000000 0.000000 0.000000
    28 0.000000 0.000000 0.000000 0.000000 0.000000 0.000000
    29 0.000000 0.000000 0.000000 0.000000 0.000000 0.000000
    30 0.000000 0.000000 0.000000 0.000000 0.000000 0.000000
    31 0.000000 0.000000 0.000000 0.000000 0.000000 0.000000
    32 0.000000 0.000000 0.000000 0.000000 0.000000 0.000000
    33 0.000000 0.000000 0.000000 0.000000 0.000000 0.000000
    34 0.000000 0.000000 0.000000 0.000000 0.000000 0.000000
    35 0.000000 0.000000 0.000000 0.000000 0.000000 0.000000
    36 0.000000 0.000000 0.000000 0.000000 0.000000 0.000000
    37 0.000000 0.000000 0.000000 0.000000 0.000000 0.000000
    38 0.000000 0.000000 0.000000 0.000000 0.000000 0.000000
    39 0.000000 0.000000 0.000000 0.000000 0.000000 0.000000
    40 0.000000 0.000000 0.000000 0.000000 0.000000 0.000000
    41 0.000000 0.000000 0.000000 0.000000 0.000000 0.000000
    42 0.000000 0.000000 0.000000 0.000000 0.000000 0.000000
    43 0.000000 0.000000 0.000000 0.000000 0.000000 0.000000
    44 0.000000 0.000000 0.000000 0.000000 0.000000 0.000000
    45 0.000000 0.000000 0.000000 0.000000 0.000000 0.000000
    46 0.000000 0.000000 0.000000 0.000000 0.000000 0.000000
    47 0.000000 0.000000 0.000000 0.000000 0.000000 0.000000
    48 0.000000 0.000000 0.000000 0.000000 0.000000 0.000000
    49 0.000000 0.000000 0.000000 0.000000 0.000000 0.000000
    50 0.000000 0.000000 0.000000 0.000000 0.000000 0.000000
    51 0.000000 0.000000 0.000000 0.000000 0.000000 0.000000
    52 0.000000 0.000000 0.000000 0.000000 0.000000 0.000000
    53 0.000000 0.000000 0.000000 0.000000 0.000000 0.000000
    54 0.000000 0.000000 0.000000 0.000000 0.000000 0.000000
    55 0.000000 0.000000 0.000000 0.000000 0.000000 0.000000
    56 0.000000 0.000000 0.000000 0.000000 0.000000 0.000000
    57 0.000000 0.000000 0.000000 0.000000 0.000000 0.000000
    58 0.000000 0.000000 0.000000 0.000000 0.000000 0.000000
    59 0.000000 0.000000 0.000000 0.000000 0.000000 0.000000
    60 0.000000 0.000000 0.000000 0.000000 0.000000 0.000000
    61 0.000000 0.000000 0.000000 0.000000 0.000000 0.000000
    62 0.000000 0.000000 0.000000 0.000000 0.000000 0.000000
    63 0.000000 0.000000 0.000000 0.000000 0.000000 0.000000
    64 0.000000 0.000000 0.000000 0.000000 0.000000 0.000000
    65 0.000000 0.000000 0.000000 0.000000 0.000000 0.000000
    66 0.000000 0.000000 0.000000 0.000000 0.000000 0.000000
    67 0.000000 0.000000 0.000000 0.000000 0.000000 0.000000
    68 0.000000 0.000000 0.000000 0.000000 0.000000 0.000000
    69 0.000000 0.000000 0.000000 0.000000 0.000000 0.000000
    70 0.000000 0.000000 0.000000 0.000000 0.000000 0.000000
    71 0.000000 0.000000 0.000000 0.000000 0.000000 0.000000
    72 0.000000 0.000000 0.000000 0.000000 0.000000 0.000000
    73 0.000000 0.000000 0.000000 0.000000 0.000000 0.000000
    74 0.000000 0.000000 0.000000 0.000000 0.000000 0.000000
    75 0.000000 0.000000 0.000000 0.000000 0.000000 0.000000
    76 0.000000 0.000000 0.000000 0.000000 0.000000 0.000000
    77 0.000000 0.000000 0.000000 0.000000 0.000000 0.000000
    78 0.000000 0.000000 0.000000 0.000000 0.000000 0.000000
    79 0.000000 0.000000 0.000000 0.000000 0.000000 0.000000
    80 0.000000 0.000000 0.000000 0.000000 0.000000 0.000000
    81 0.000000 0.000000 0.000000 0.000000 0.000000 0.000000
    82 0.000000 0.000000 0.000000 0.000000 0.000000 0.000000
    83 0.000000 0.000000 0.000000 0.000000 0.000000 0.000000
    84 0.000000 0.000000 0.000000 0.000000 0.000000 0.000000
    85 0.000000 0.000000 0.000000 0.000000 0.000000 0.000000
    86 0.000000 0.000000 0.000000 0.000000 0.000000 0.000000
    87 0.000000 0.000000 0.000000 0.000000 0.000000 0.000000
    88 0.000000 0.000000 0.000000 0.000000 0.000000 0.000000
    89 0.000000 0.000000 0.000000 0.000000 0.000000 0.000000
    90 0.000000 0.000000 0.000000 0.000000 0.000000 0.000000
    91 0.000000 0.000000 0.000000 0.000000 0.000000 0.000000
    92 0.000000 0.000000 0.000000 0.000000 0.000000 0.000000
    93 0.000000 0.000000 0.000000 0.000000 0.000000 0.000000
    94 0.000000 0.000000 0.000000 0.000000 0.000000 0.000000
    95 0.000000 0.000000 0.000000 0.000000 0.000000 0.000000
    96 0.000000 0.000000 0.000000 0.000000 0.000000 0.000000
    97 0.000000 0.000000 0.000000 0.000000 0.000000 0.000000
    98 0.000000 0.000000 0.000000 0.000000 0.000000 0.000000
    99 0.000000 0.000000 0.000000 0.000000 0.000000 0.000000
    100 0.000000 0.000000 0.000000 0.000000 0.000000 0.000000
    101 0.000000 0.000000 0.000000 0.000000 0.000000 0.000000
    102 0.000000 0.000000 0.000000 0.000000 0.000000 0.000000
    103 0.000000 0.000000 0.000000 0.000000 0.000000 0.000000
    104 0.000000 0.000000 0.000000 0.000000 0.000000 0.000000
    105 0.000000 0.000000 0.000000 0.000000 0.000000 0.000000
    106 0.000000 0.000000 0.000000 0.000000 0.000000 0.000000
    107 0.000000 0.000000 0.000000 0.000000 0.000000 0.000000
    108 0.000000 0.000000 0.000000 0.000000 0.000000 0.000000
    109 0.000000 0.000000 0.000000 0.000000 0.000000 0.000000
    110 0.000000 0.000000 0.000000 0.000000 0.000000 0.000000
    111 0.000000 0.000000 0.000000 0.000000 0.000000 -1.570796
    112 -0.718772 0.214850 -0.339854 -0.247191 -0.013062 -1.524177
    113 0.000000 0.000000 0.000000 0.000000 0.000000 0.000000
    114 0.000000 0.000000 0.000000 0.000000 0.000000 -1.570796
    115 0.000000 0.000000 0.000000 0.000000 0.000000 0.000000
    116 0.000000 0.000000 0.000000 0.000000 0.000000 0.000000
    117 0.000000 0.000000 0.000000 0.000000 0.000000 0.000000
    118 0.000000 0.000000 0.000000 0.000000 0.000000 0.000000
    119 0.000000 0.000000 0.000000 0.000000 0.000000 0.000000
    120 0.000000 0.000000 0.000000 0.000000 0.000000 0.000000
    121 0.000000 0.000000 0.000000 0.000000 0.000000 0.000000
    122 0.000000 0.000000 0.000000 0.000000 0.000000 0.000000
    123 0.000000 0.000000 0.000000 0.000000 0.000000 0.000000
    124 0.000000 0.000000 0.000000 0.000000 0.000000 0.000000
    125 0.000000 0.000000 0.000000 0.000000 0.000000 0.000000
    126 0.000000 0.000000 0.000000 0.000000 0.000000 0.000000
    127 0.000000 0.000000 0.000000 0.000000 0.000000 0.000000
    128 0.000000 0.000000 0.000000 0.000000 0.000000 0.000000
    129 0.000000 0.000000 0.000000 0.000000 0.000000 0.000000
    130 0.000000 0.000000 0.000000 0.000000 0.000000 0.000000
    131 0.000000 0.000000 0.000000 0.000000 0.000000 0.000000
    132 0.000000 0.000000 0.000000 0.000000 0.000000 0.000000
    133 0.000000 0.000000 0.000000 0.000000 0.000000 0.000000
    134 0.000000 0.000000 0.000000 0.000000 0.000000 0.000000
    135 0.000000 0.000000 0.000000 0.000000 0.000000 0.000000
    136 0.000000 0.000000 0.000000 0.000000 0.000000 0.000000
    137 0.000000 0.000000 0.000000 0.000000 0.000000 0.000000
    138 0.000000 0.000000 0.000000 0.000000 0.000000 0.000000
    139 0.000000 0.000000 0.000000 0.000000 0.000000 0.000000
    140 0.000000 0.000000 0.000000 0.000000 0.000000 0.000000
    141 0.000000 0.000000 0.000000 0.000000 0.000000 0.000000
    142 0.000000 0.000000 0.000000 0.000000 0.000000 0.000000
    143 0.000000 0.000000 0.000000 0.000000 0.000000 0.000000
    144 0.000000 0.000000 0.000000 0.000000 0.000000 0.000000
    145 0.000000 0.000000 0.000000 0.000000 0.000000 0.000000
    146 0.000000 0.000000 0.000000 0.000000 0.000000 0.000000
    147 0.000000 0.000000 0.000000 0.000000 0.000000 0.000000
    148 0.000000 0.000000 0.000000 0.000000 0.000000 0.000000
    149 0.000000 0.000000 0.000000 0.000000 0.000000 0.000000
    150 0.000000 0.000000 0.000000 0.000000 0.000000 0.000000
    151 0.000000 0.000000 0.000000 0.000000 0.000000 0.000000
    152 0.000000 0.000000 0.000000 0.000000 0.000000 0.000000
    153 0.000000 0.000000 0.000000 0.000000 0.000000 0.000000
    154 0.000000 0.000000 0.000000 0.000000 0.000000 0.000000
    155 0.000000 0.000000 0.000000 0.000000 0.000000 0.000000
    156 0.000000 0.000000 0.000000 0.000000 0.000000 0.000000
    157 0.000000 0.000000 0.000000 0.000000 0.000000 0.000000
    158 0.000000 0.000000 0.000000 0.000000 0.000000 0.000000
    159 0.000000 0.000000 0.000000 0.000000 0.000000 0.000000
    160 0.000000 0.000000 0.000000 0.000000 0.000000 0.000000
    161 0.000000 0.000000 0.000000 0.000000 0.000000 0.000000
    162 0.000000 0.000000 0.000000 0.000000 0.000000 0.000000
    163 0.000000 0.000000 0.000000 0.000000 0.000000 0.000000
    164 0.000000 0.000000 0.000000 0.000000 0.000000 0.000000
    165 0.000000 0.000000 0.000000 0.000000 0.000000 0.000000
    166 0.000000 0.000000 0.000000 0.000000 0.000000 0.000000
    167 0.000000 0.000000 0.000000 0.000000 0.000000 0.000000
    168 0.000000 0.000000 0.000000 0.000000 0.000000 0.000000
    169 0.000000 0.000000 0.000000 0.000000 0.000000 0.000000
    170 0.000000 0.000000 0.000000 0.000000 0.000000 0.000000
    171 0.000000 0.000000 0.000000 0.000000 0.000000 0.000000
    172 0.000000 0.000000 0.000000 0.000000 0.000000 0.000000
    173 0.000000 0.000000 0.000000 0.000000 0.000000 0.000000
    174 0.000000 0.000000 0.000000 0.000000 0.000000 0.000000
    175 0.000000 0.000000 0.000000 0.000000 0.000000 0.000000
    176 0.000000 0.000000 0.000000 0.000000 0.000000 0.000000
    177 0.000000 0.000000 0.000000 0.000000 0.000000 0.000000
    178 0.000000 0.000000 0.000000 0.000000 0.000000 0.000000
    179 0.000000 0.000000 0.000000 0.000000 0.000000 0.000000
    180 0.000000 0.000000 0.000000 0.000000 0.000000 0.000000
    181 0.000000 0.000000 0.000000 0.000000 0.000000 0.000000
    182 0.000000 0.000000 0.000000 0.000000 0.000000 0.000000
    183 0.000000 0.000000 0.000000 0.000000 0.000000 0.000000
    184 0.000000 0.000000 0.000000 0.000000 0.000000 0.000000
    185 0.000000 0.000000 0.000000 0.000000 0.000000 0.000000
    186 0.000000 0.000000 0.000000 0.000000 0.000000 0.000000
    187 0.000000 0.000000 0.000000 0.000000 0.000000 0.000000
    188 0.000000 0.000000 0.000000 0.000000 0.000000 0.000000
    189 0.000000 0.000000 0.000000 0.000000 0.000000 0.000000
    190 0.000000 0.000000 0.000000 0.000000 0.000000 0.000000
    191 0.000000 0.000000 0.000000 0.007495 0.000000 0.000000
    192 0.000000 0.000000 0.000000 0.000000 0.000000 0.000000
    193 0.000000 0.000000 0.000000 0.000000 0.000000 0.000000
    194 0.000000 0.000000 0.000000 0.000000 0.000000 0.000000
    195 0.000000 0.000000 0.000000 0.000000 0.000000 0.000000
    196 0.000000 0.000000 0.000000 0.000000 0.000000 0.000000
    197 0.000000 0.000000 0.000000 0.000000 0.000000 0.000000
    198 0.000000 0.000000 0.000000 0.000000 0.000000 0.000000
    199 0.000000 0.000000 0.000000 0.000000 0.000000 0.000000
    200 0.000000 0.000000 0.000000 0.000000 0.000000 0.000000
    201 0.000000 0.000000 0.000000 0.000000 0.000000 0.000000
    202 0.000000 0.000000 0.000000 0.000000 0.000000 0.000000
    203 0.000000 0.000000 0.000000 0.000000 0.000000 0.000000
    204 0.000000 0.000000 0.000000 0.000000 0.000000 0.000000
    205 0.000000 0.000000 0.000000 0.000000 0.000000 0.000000
    206 0.000000 0.000000 0.000000 0.000000 0.000000 0.000000
    207 0.000000 0.000000 0.000000 0.000000 0.000000 0.000000
    208 0.000000 0.000000 0.000000 0.000000 0.000000 0.000000
    209 0.000000 0.000000 0.000000 0.000000 0.000000 0.000000
    210 0.000000 0.000000 0.000000 0.000000 0.000000 0.000000
    211 0.000000 0.000000 0.000000 0.000000 0.000000 0.000000
    212 0.000000 0.000000 0.000000 0.000000 0.000000 0.000000
    213 0.000000 0.000000 0.000000 0.000000 0.000000 0.000000
    214 0.000000 0.000000 0.000000 0.000000 0.000000 0.000000
    215 0.000000 0.000000 0.000000 0.000000 0.000000 0.000000
    216 0.000000 0.000000 0.000000 0.000000 0.000000 0.000000
    217 0.000000 0.000000 0.000000 0.000000 0.000000 0.000000
    218 0.000000 0.000000 0.000000 0.000000 0.000000 0.000000
    219 0.000000 0.000000 0.000000 0.000000 0.000000 0.000000
    220 0.000000 0.000000 0.000000 0.000000 0.000000 0.000000
    221 0.000000 0.000000 0.000000 0.000000 0.000000 0.000000
    222 0.000000 0.000000 0.000000 0.000000 0.000000 0.000000
    223 0.000000 0.000000 0.000000 0.000000 0.000000 0.000000
    224 0.000000 0.000000 0.000000 0.000000 0.000000 0.000000
    225 0.000000 0.000000 0.000000 0.000000 0.000000 0.000000
    226 0.000000 0.000000 0.000000 0.000000 0.000000 0.000000
    227 -0.218757 -0.328135 -0.191412 -0.247191 -0.013061 0.046619
    228 0.000000 0.000000 0.000000 0.000000 0.000000 0.000000
    229 0.000000 0.000000 0.000000 0.000000 0.000000 0.000000
    230 0.000000 0.000000 0.000000 0.004386 0.000000 0.000000
    231 0.000000 0.000000 0.000000 0.000000 0.000000 0.000000
    232 0.000000 0.000000 0.000000 0.000000 0.000000 0.000000
    233 0.000000 0.000000 0.000000 0.000000 0.000000 0.000000
    234 -0.687521 0.167974 -0.078127 -0.247157 -0.013053 -1.524148
    235 0.000000 0.000000 0.000000 0.000000 0.000000 0.000000
    236 0.000000 0.000000 0.000000 0.000000 0.000000 0.000000
    237 0.000000 0.000000 0.000000 0.000000 0.000000 0.000000
    238 0.000000 0.000000 0.000000 0.000000 0.000000 0.000000
    239 0.000000 0.000000 0.000000 0.000000 0.000000 0.000000
    240 0.000000 0.000000 0.000000 0.000000 0.000000 0.000000
    241 0.000000 0.000000 0.000000 0.000000 0.000000 0.000000
    242 0.000000 0.000000 0.000000 0.000000 0.000000 0.000000
    243 0.000000 0.000000 0.000000 0.000000 0.000000 0.000000
    244 0.000000 0.000000 0.000000 0.000000 0.000000 0.000000
    245 0.000000 0.000000 0.000000 0.000000 0.000000 0.000000
    246 0.000000 0.000000 0.000000 0.000000 0.000000 -1.570796
  time 56
    0 0.000000 0.000000 0.000000 0.000000 0.000000 -1.570796
    1 0.000000 0.000000 0.000000 0.000000 0.000000 0.000000
    2 0.000000 0.000000 0.000000 0.000000 0.000000 0.000000
    3 0.000000 0.000000 0.000000 0.000000 0.000000 0.000000
    4 0.000000 0.000000 0.000000 0.000000 0.000000 0.000000
    5 0.000000 0.000000 0.000000 0.000000 0.000000 0.000000
    6 0.000000 0.000000 0.000000 0.000000 0.000000 0.000000
    7 0.000000 0.000000 0.000000 0.000000 0.000000 0.000000
    8 -0.667989 -0.046876 -0.335948 0.130419 0.202864 0.048462
    9 0.000000 0.000000 0.000000 0.079724 -0.007693 -0.169266
    10 0.000000 0.000000 0.000000 0.000000 0.000000 0.000000
    11 0.000000 0.000000 0.000000 0.000000 0.000000 0.000000
    12 0.000000 0.000000 0.000000 0.000000 0.000000 0.000000
    13 0.000000 0.000000 0.000000 -0.006051 0.000000 0.000000
    14 0.000000 0.000000 0.000000 -0.000048 0.000060 0.183115
    15 0.000000 0.000000 0.000000 0.000000 0.000000 0.000000
    16 0.000000 0.000000 0.000000 0.000000 0.000000 0.000000
    17 0.000000 0.000000 0.000000 0.000000 0.000000 0.000000
    18 0.000000 0.000000 0.000000 0.000000 0.000000 0.000000
    19 0.000000 0.000000 0.000000 -0.010834 0.000000 0.000000
    20 -0.199225 -0.035157 0.000000 0.000000 0.000000 -0.090402
    21 0.000000 0.000000 0.000000 -0.278941 -0.095076 -0.066498
    22 0.000000 0.000000 0.000000 0.000000 0.000000 0.000000
    23 0.000000 0.000000 0.000000 0.000000 0.000000 0.000000
    24 0.000000 0.000000 0.000000 0.000000 0.000000 0.000000
    25 0.000000 0.000000 0.000000 0.000000 0.000000 0.000000
    26 0.000000 0.000000 0.000000 0.000000 0.000000 0.000000
    27 0.000000 0.000000 0.000000 0.000000 0.000000 0.000000
    28 0.000000 0.000000 0.000000 0.000000 0.000000 0.000000
    29 0.000000 0.000000 0.000000 0.000000 0.000000 0.000000
    30 0.000000 0.000000 0.000000 0.000000 0.000000 0.000000
    31 0.000000 0.000000 0.000000 0.000000 0.000000 0.000000
    32 0.000000 0.000000 0.000000 0.000000 0.000000 0.000000
    33 0.000000 0.000000 0.000000 0.000000 0.000000 0.000000
    34 0.000000 0.000000 0.000000 0.000000 0.000000 0.000000
    35 0.000000 0.000000 0.000000 0.000000 0.000000 0.000000
    36 0.000000 0.000000 0.000000 0.000000 0.000000 0.000000
    37 0.000000 0.000000 0.000000 0.000000 0.000000 0.000000
    38 0.000000 0.000000 0.000000 0.000000 0.000000 0.000000
    39 0.000000 0.000000 0.000000 0.000000 0.000000 0.000000
    40 0.000000 0.000000 0.000000 0.000000 0.000000 0.000000
    41 0.000000 0.000000 0.000000 0.000000 0.000000 0.000000
    42 0.000000 0.000000 0.000000 0.000000 0.000000 0.000000
    43 0.000000 0.000000 0.000000 0.000000 0.000000 0.000000
    44 0.000000 0.000000 0.000000 0.000000 0.000000 0.000000
    45 0.000000 0.000000 0.000000 0.000000 0.000000 0.000000
    46 0.000000 0.000000 0.000000 0.000000 0.000000 0.000000
    47 0.000000 0.000000 0.000000 0.000000 0.000000 0.000000
    48 0.000000 0.000000 0.000000 0.000000 0.000000 0.000000
    49 0.000000 0.000000 0.000000 0.000000 0.000000 0.000000
    50 0.000000 0.000000 0.000000 0.000000 0.000000 0.000000
    51 0.000000 0.000000 0.000000 0.000000 0.000000 0.000000
    52 0.000000 0.000000 0.000000 0.000000 0.000000 0.000000
    53 0.000000 0.000000 0.000000 0.000000 0.000000 0.000000
    54 0.000000 0.000000 0.000000 0.000000 0.000000 0.000000
    55 0.000000 0.000000 0.000000 0.000000 0.000000 0.000000
    56 0.000000 0.000000 0.000000 0.000000 0.000000 0.000000
    57 0.000000 0.000000 0.000000 0.000000 0.000000 0.000000
    58 0.000000 0.000000 0.000000 0.000000 0.000000 0.000000
    59 0.000000 0.000000 0.000000 0.000000 0.000000 0.000000
    60 0.000000 0.000000 0.000000 0.000000 0.000000 0.000000
    61 0.000000 0.000000 0.000000 0.000000 0.000000 0.000000
    62 0.000000 0.000000 0.000000 0.000000 0.000000 0.000000
    63 0.000000 0.000000 0.000000 0.000000 0.000000 0.000000
    64 0.000000 0.000000 0.000000 0.000000 0.000000 0.000000
    65 0.000000 0.000000 0.000000 0.000000 0.000000 0.000000
    66 0.000000 0.000000 0.000000 0.000000 0.000000 0.000000
    67 0.000000 0.000000 0.000000 0.000000 0.000000 0.000000
    68 0.000000 0.000000 0.000000 0.000000 0.000000 0.000000
    69 0.000000 0.000000 0.000000 0.000000 0.000000 0.000000
    70 0.000000 0.000000 0.000000 0.000000 0.000000 0.000000
    71 0.000000 0.000000 0.000000 0.000000 0.000000 0.000000
    72 0.000000 0.000000 0.000000 0.000000 0.000000 0.000000
    73 0.000000 0.000000 0.000000 0.000000 0.000000 0.000000
    74 0.000000 0.000000 0.000000 0.000000 0.000000 0.000000
    75 0.000000 0.000000 0.000000 0.000000 0.000000 0.000000
    76 0.000000 0.000000 0.000000 0.000000 0.000000 0.000000
    77 0.000000 0.000000 0.000000 0.000000 0.000000 0.000000
    78 0.000000 0.000000 0.000000 0.000000 0.000000 0.000000
    79 0.000000 0.000000 0.000000 0.000000 0.000000 0.000000
    80 0.000000 0.000000 0.000000 0.000000 0.000000 0.000000
    81 0.000000 0.000000 0.000000 0.000000 0.000000 0.000000
    82 0.000000 0.000000 0.000000 0.000000 0.000000 0.000000
    83 0.000000 0.000000 0.000000 0.000000 0.000000 0.000000
    84 0.000000 0.000000 0.000000 0.000000 0.000000 0.000000
    85 0.000000 0.000000 0.000000 0.000000 0.000000 0.000000
    86 0.000000 0.000000 0.000000 0.000000 0.000000 0.000000
    87 0.000000 0.000000 0.000000 0.000000 0.000000 0.000000
    88 0.000000 0.000000 0.000000 0.000000 0.000000 0.000000
    89 0.000000 0.000000 0.000000 0.000000 0.000000 0.000000
    90 0.000000 0.000000 0.000000 0.000000 0.000000 0.000000
    91 0.000000 0.000000 0.000000 0.000000 0.000000 0.000000
    92 0.000000 0.000000 0.000000 0.000000 0.000000 0.000000
    93 0.000000 0.000000 0.000000 0.000000 0.000000 0.000000
    94 0.000000 0.000000 0.000000 0.000000 0.000000 0.000000
    95 0.000000 0.000000 0.000000 0.000000 0.000000 0.000000
    96 0.000000 0.000000 0.000000 0.000000 0.000000 0.000000
    97 0.000000 0.000000 0.000000 0.000000 0.000000 0.000000
    98 0.000000 0.000000 0.000000 0.000000 0.000000 0.000000
    99 0.000000 0.000000 0.000000 0.000000 0.000000 0.000000
    100 0.000000 0.000000 0.000000 0.000000 0.000000 0.000000
    101 0.000000 0.000000 0.000000 0.000000 0.000000 0.000000
    102 0.000000 0.000000 0.000000 0.000000 0.000000 0.000000
    103 0.000000 0.000000 0.000000 0.000000 0.000000 0.000000
    104 0.000000 0.000000 0.000000 0.000000 0.000000 0.000000
    105 0.000000 0.000000 0.000000 0.000000 0.000000 0.000000
    106 0.000000 0.000000 0.000000 0.000000 0.000000 0.000000
    107 0.000000 0.000000 0.000000 0.000000 0.000000 0.000000
    108 0.000000 0.000000 0.000000 0.000000 0.000000 0.000000
    109 0.000000 0.000000 0.000000 0.000000 0.000000 0.000000
    110 0.000000 0.000000 0.000000 0.000000 0.000000 0.000000
    111 0.000000 0.000000 0.000000 0.000000 0.000000 -1.570796
    112 -0.707053 -0.164068 -0.035157 -0.243259 0.002488 -1.571169
    113 0.000000 0.000000 0.000000 0.000000 0.000000 0.000000
    114 0.000000 0.000000 0.000000 0.000000 0.000000 -1.570796
    115 0.000000 0.000000 0.000000 0.000000 0.000000 0.000000
    116 0.000000 0.000000 0.000000 0.000000 0.000000 0.000000
    117 0.000000 0.000000 0.000000 0.000000 0.000000 0.000000
    118 0.000000 0.000000 0.000000 0.000000 0.000000 0.000000
    119 0.000000 0.000000 0.000000 0.000000 0.000000 0.000000
    120 0.000000 0.000000 0.000000 0.000000 0.000000 0.000000
    121 0.000000 0.000000 0.000000 0.000000 0.000000 0.000000
    122 0.000000 0.000000 0.000000 0.000000 0.000000 0.000000
    123 0.000000 0.000000 0.000000 0.000000 0.000000 0.000000
    124 0.000000 0.000000 0.000000 0.000000 0.000000 0.000000
    125 0.000000 0.000000 0.000000 0.000000 0.000000 0.000000
    126 0.000000 0.000000 0.000000 0.000000 0.000000 0.000000
    127 0.000000 0.000000 0.000000 0.000000 0.000000 0.000000
    128 0.000000 0.000000 0.000000 0.000000 0.000000 0.000000
    129 0.000000 0.000000 0.000000 0.000000 0.000000 0.000000
    130 0.000000 0.000000 0.000000 0.000000 0.000000 0.000000
    131 0.000000 0.000000 0.000000 0.000000 0.000000 0.000000
    132 0.000000 0.000000 0.000000 0.000000 0.000000 0.000000
    133 0.000000 0.000000 0.000000 0.000000 0.000000 0.000000
    134 0.000000 0.000000 0.000000 0.000000 0.000000 0.000000
    135 0.000000 0.000000 0.000000 0.000000 0.000000 0.000000
    136 0.000000 0.000000 0.000000 0.000000 0.000000 0.000000
    137 0.000000 0.000000 0.000000 0.000000 0.000000 0.000000
    138 0.000000 0.000000 0.000000 0.000000 0.000000 0.000000
    139 0.000000 0.000000 0.000000 0.000000 0.000000 0.000000
    140 0.000000 0.000000 0.000000 0.000000 0.000000 0.000000
    141 0.000000 0.000000 0.000000 0.000000 0.000000 0.000000
    142 0.000000 0.000000 0.000000 0.000000 0.000000 0.000000
    143 0.000000 0.000000 0.000000 0.000000 0.000000 0.000000
    144 0.000000 0.000000 0.000000 0.000000 0.000000 0.000000
    145 0.000000 0.000000 0.000000 0.000000 0.000000 0.000000
    146 0.000000 0.000000 0.000000 0.000000 0.000000 0.000000
    147 0.000000 0.000000 0.000000 0.000000 0.000000 0.000000
    148 0.000000 0.000000 0.000000 0.000000 0.000000 0.000000
    149 0.000000 0.000000 0.000000 0.000000 0.000000 0.000000
    150 0.000000 0.000000 0.000000 0.000000 0.000000 0.000000
    151 0.000000 0.000000 0.000000 0.000000 0.000000 0.000000
    152 0.000000 0.000000 0.000000 0.000000 0.000000 0.000000
    153 0.000000 0.000000 0.000000 0.000000 0.000000 0.000000
    154 0.000000 0.000000 0.000000 0.000000 0.000000 0.000000
    155 0.000000 0.000000 0.000000 0.000000 0.000000 0.000000
    156 0.000000 0.000000 0.000000 0.000000 0.000000 0.000000
    157 0.000000 0.000000 0.000000 0.000000 0.000000 0.000000
    158 0.000000 0.000000 0.000000 0.000000 0.000000 0.000000
    159 0.000000 0.000000 0.000000 0.000000 0.000000 0.000000
    160 0.000000 0.000000 0.000000 0.000000 0.000000 0.000000
    161 0.000000 0.000000 0.000000 0.000000 0.000000 0.000000
    162 0.000000 0.000000 0.000000 0.000000 0.000000 0.000000
    163 0.000000 0.000000 0.000000 0.000000 0.000000 0.000000
    164 0.000000 0.000000 0.000000 0.000000 0.000000 0.000000
    165 0.000000 0.000000 0.000000 0.000000 0.000000 0.000000
    166 0.000000 0.000000 0.000000 0.000000 0.000000 0.000000
    167 0.000000 0.000000 0.000000 0.000000 0.000000 0.000000
    168 0.000000 0.000000 0.000000 0.000000 0.000000 0.000000
    169 0.000000 0.000000 0.000000 0.000000 0.000000 0.000000
    170 0.000000 0.000000 0.000000 0.000000 0.000000 0.000000
    171 0.000000 0.000000 0.000000 0.000000 0.000000 0.000000
    172 0.000000 0.000000 0.000000 0.000000 0.000000 0.000000
    173 0.000000 0.000000 0.000000 0.000000 0.000000 0.000000
    174 0.000000 0.000000 0.000000 0.000000 0.000000 0.000000
    175 0.000000 0.000000 0.000000 0.000000 0.000000 0.000000
    176 0.000000 0.000000 0.000000 0.000000 0.000000 0.000000
    177 0.000000 0.000000 0.000000 0.000000 0.000000 0.000000
    178 0.000000 0.000000 0.000000 0.000000 0.000000 0.000000
    179 0.000000 0.000000 0.000000 0.000000 0.000000 0.000000
    180 0.000000 0.000000 0.000000 0.000000 0.000000 0.000000
    181 0.000000 0.000000 0.000000 0.000000 0.000000 0.000000
    182 0.000000 0.000000 0.000000 0.000000 0.000000 0.000000
    183 0.000000 0.000000 0.000000 0.000000 0.000000 0.000000
    184 0.000000 0.000000 0.000000 0.000000 0.000000 0.000000
    185 0.000000 0.000000 0.000000 0.000000 0.000000 0.000000
    186 0.000000 0.000000 0.000000 0.000000 0.000000 0.000000
    187 0.000000 0.000000 0.000000 0.000000 0.000000 0.000000
    188 0.000000 0.000000 0.000000 0.000000 0.000000 0.000000
    189 0.000000 0.000000 0.000000 0.000000 0.000000 0.000000
    190 0.000000 0.000000 0.000000 0.000000 0.000000 0.000000
    191 0.000000 0.000000 0.000000 -0.004517 0.000000 0.000000
    192 0.000000 0.000000 0.000000 0.000000 0.000000 0.000000
    193 0.000000 0.000000 0.000000 0.000000 0.000000 0.000000
    194 0.000000 0.000000 0.000000 0.000000 0.000000 0.000000
    195 0.000000 0.000000 0.000000 0.000000 0.000000 0.000000
    196 0.000000 0.000000 0.000000 0.000000 0.000000 0.000000
    197 0.000000 0.000000 0.000000 0.000000 0.000000 0.000000
    198 0.000000 0.000000 0.000000 0.000000 0.000000 0.000000
    199 0.000000 0.000000 0.000000 0.000000 0.000000 0.000000
    200 0.000000 0.000000 0.000000 0.000000 0.000000 0.000000
    201 0.000000 0.000000 0.000000 0.000000 0.000000 0.000000
    202 0.000000 0.000000 0.000000 0.000000 0.000000 0.000000
    203 0.000000 0.000000 0.000000 0.000000 0.000000 0.000000
    204 0.000000 0.000000 0.000000 0.000000 0.000000 0.000000
    205 0.000000 0.000000 0.000000 0.000000 0.000000 0.000000
    206 0.000000 0.000000 0.000000 0.000000 0.000000 0.000000
    207 0.000000 0.000000 0.000000 0.000000 0.000000 0.000000
    208 0.000000 0.000000 0.000000 0.000000 0.000000 0.000000
    209 0.000000 0.000000 0.000000 0.000000 0.000000 0.000000
    210 0.000000 0.000000 0.000000 0.000000 0.000000 0.000000
    211 0.000000 0.000000 0.000000 0.000000 0.000000 0.000000
    212 0.000000 0.000000 0.000000 0.000000 0.000000 0.000000
    213 0.000000 0.000000 0.000000 0.000000 0.000000 0.000000
    214 0.000000 0.000000 0.000000 0.000000 0.000000 0.000000
    215 0.000000 0.000000 0.000000 0.000000 0.000000 0.000000
    216 0.000000 0.000000 0.000000 0.000000 0.000000 0.000000
    217 0.000000 0.000000 0.000000 0.000000 0.000000 0.000000
    218 0.000000 0.000000 0.000000 0.000000 0.000000 0.000000
    219 0.000000 0.000000 0.000000 0.000000 0.000000 0.000000
    220 0.000000 0.000000 0.000000 0.000000 0.000000 0.000000
    221 0.000000 0.000000 0.000000 0.000000 0.000000 0.000000
    222 0.000000 0.000000 0.000000 0.000000 0.000000 0.000000
    223 0.000000 0.000000 0.000000 0.000000 0.000000 0.000000
    224 0.000000 0.000000 0.000000 0.000000 0.000000 0.000000
    225 0.000000 0.000000 0.000000 0.000000 0.000000 0.000000
    226 0.000000 0.000000 0.000000 0.000000 0.000000 0.000000
    227 0.164068 -0.804712 -0.050783 -0.243259 0.002443 -0.000373
    228 0.000000 0.000000 0.000000 0.000000 0.000000 0.000000
    229 0.000000 0.000000 0.000000 0.000000 0.000000 0.000000
    230 0.000000 0.000000 0.000000 0.003895 0.000000 0.000000
    231 0.000000 0.000000 0.000000 0.000000 0.000000 0.000000
    232 0.000000 0.000000 0.000000 0.000000 0.000000 0.000000
    233 0.000000 0.000000 0.000000 0.000000 0.000000 0.000000
    234 -1.332072 -0.160161 0.000000 -0.243225 0.002475 -1.571179
    235 0.000000 0.000000 0.000000 0.000000 0.000000 0.000000
    236 0.000000 0.000000 0.000000 0.000000 0.000000 0.000000
    237 0.000000 0.000000 0.000000 0.000000 0.000000 0.000000
    238 0.000000 0.000000 0.000000 0.000000 0.000000 0.000000
    239 0.000000 0.000000 0.000000 0.000000 0.000000 0.000000
    240 0.000000 0.000000 0.000000 0.000000 0.000000 0.000000
    241 0.000000 0.000000 0.000000 0.000000 0.000000 0.000000
    242 0.000000 0.000000 0.000000 0.000000 0.000000 0.000000
    243 0.000000 0.000000 0.000000 0.000000 0.000000 0.000000
    244 0.000000 0.000000 0.000000 0.000000 0.000000 0.000000
    245 0.000000 0.000000 0.000000 0.000000 0.000000 0.000000
    246 0.000000 0.000000 0.000000 0.000000 0.000000 -1.570796
  time 57
    0 0.000000 0.000000 0.000000 0.000000 0.000000 -1.570796
    1 0.000000 0.000000 0.000000 0.000000 0.000000 0.000000
    2 0.000000 0.000000 0.000000 0.000000 0.000000 0.000000
    3 0.000000 0.000000 0.000000 0.000000 0.000000 0.000000
    4 0.000000 0.000000 0.000000 0.000000 0.000000 0.000000
    5 0.000000 0.000000 0.000000 0.000000 0.000000 0.000000
    6 0.000000 0.000000 0.000000 0.000000 0.000000 0.000000
    7 0.000000 0.000000 0.000000 0.000000 0.000000 0.000000
    8 0.007813 0.015625 0.007813 0.096964 0.206933 0.081983
    9 0.000000 0.000000 0.000000 0.064525 -0.004335 -0.197416
    10 0.000000 0.000000 0.000000 0.000000 0.000000 0.000000
    11 0.000000 0.000000 0.000000 0.000000 0.000000 0.000000
    12 0.000000 0.000000 0.000000 0.000000 0.000000 0.000000
    13 0.000000 0.000000 0.000000 0.012375 0.000000 0.000000
    14 0.000000 0.000000 0.000000 -0.000024 0.000024 0.196617
    15 0.000000 0.000000 0.000000 0.000000 0.000000 0.000000
    16 0.000000 0.000000 0.000000 0.000000 0.000000 0.000000
    17 0.000000 0.000000 0.000000 0.000000 0.000000 0.000000
    18 0.000000 0.000000 0.000000 0.000000 0.000000 0.000000
    19 0.000000 0.000000 0.000000 -0.033157 0.000000 -0.000060
    20 -0.214850 -0.039064 0.000000 0.000000 0.000000 -0.098671
    21 0.000000 0.000000 0.000000 -0.261859 -0.035594 -0.052969
    22 0.000000 0.000000 0.000000 0.000000 0.000000 0.000000
    23 0.000000 0.000000 0.000000 0.000000 0.000000 0.000000
    24 0.000000 0.000000 0.000000 0.000000 0.000000 0.000000
    25 0.000000 0.000000 0.000000 0.000000 0.000000 0.000000
    26 0.000000 0.000000 0.000000 0.000000 0.000000 0.000000
    27 0.000000 0.000000 0.000000 0.000000 0.000000 0.000000
    28 0.000000 0.000000 0.000000 0.000000 0.000000 0.000000
    29 0.000000 0.000000 0.000000 0.000000 0.000000 0.000000
    30 0.000000 0.000000 0.000000 0.000000 0.000000 0.000000
    31 0.000000 0.000000 0.000000 0.000000 0.000000 0.000000
    32 0.000000 0.000000 0.000000 0.000000 0.000000 0.000000
    33 0.000000 0.000000 0.000000 0.000000 0.000000 0.000000
    34 0.000000 0.000000 0.000000 0.000000 0.000000 0.000000
    35 0.000000 0.000000 0.000000 0.000000 0.000000 0.000000
    36 0.000000 0.000000 0.000000 0.000000 0.000000 0.000000
    37 0.000000 0.000000 0.000000 0.000000 0.000000 0.000000
    38 0.000000 0.000000 0.000000 0.000000 0.000000 0.000000
    39 0.000000 0.000000 0.000000 0.000000 0.000000 0.000000
    40 0.000000 0.000000 0.000000 0.000000 0.000000 0.000000
    41 0.000000 0.000000 0.000000 0.000000 0.000000 0.000000
    42 0.000000 0.000000 0.000000 0.000000 0.000000 0.000000
    43 0.000000 0.000000 0.000000 0.000000 0.000000 0.000000
    44 0.000000 0.000000 0.000000 0.000000 0.000000 0.000000
    45 0.000000 0.000000 0.000000 0.000000 0.000000 0.000000
    46 0.000000 0.000000 0.000000 0.000000 0.000000 0.000000
    47 0.000000 0.000000 0.000000 0.000000 0.000000 0.000000
    48 0.000000 0.000000 0.000000 0.000000 0.000000 0.000000
    49 0.000000 0.000000 0.000000 0.000000 0.000000 0.000000
    50 0.000000 0.000000 0.000000 0.000000 0.000000 0.000000
    51 0.000000 0.000000 0.000000 0.000000 0.000000 0.000000
    52 0.000000 0.000000 0.000000 0.000000 0.000000 0.000000
    53 0.000000 0.000000 0.000000 0.000000 0.000000 0.000000
    54 0.000000 0.000000 0.000000 0.000000 0.000000 0.000000
    55 0.000000 0.000000 0.000000 0.000000 0.000000 0.000000
    56 0.000000 0.000000 0.000000 0.000000 0.000000 0.000000
    57 0.000000 0.000000 0.000000 0.000000 0.000000 0.000000
    58 0.000000 0.000000 0.000000 0.000000 0.000000 0.000000
    59 0.000000 0.000000 0.000000 0.000000 0.000000 0.000000
    60 0.000000 0.000000 0.000000 0.000000 0.000000 0.000000
    61 0.000000 0.000000 0.000000 0.000000 0.000000 0.000000
    62 0.000000 0.000000 0.000000 0.000000 0.000000 0.000000
    63 0.000000 0.000000 0.000000 0.000000 0.000000 0.000000
    64 0.000000 0.000000 0.000000 0.000000 0.000000 0.000000
    65 0.000000 0.000000 0.000000 0.000000 0.000000 0.000000
    66 0.000000 0.000000 0.000000 0.000000 0.000000 0.000000
    67 0.000000 0.000000 0.000000 0.000000 0.000000 0.000000
    68 0.000000 0.000000 0.000000 0.000000 0.000000 0.000000
    69 0.000000 0.000000 0.000000 0.000000 0.000000 0.000000
    70 0.000000 0.000000 0.000000 0.000000 0.000000 0.000000
    71 0.000000 0.000000 0.000000 0.000000 0.000000 0.000000
    72 0.000000 0.000000 0.000000 0.000000 0.000000 0.000000
    73 0.000000 0.000000 0.000000 0.000000 0.000000 0.000000
    74 0.000000 0.000000 0.000000 0.000000 0.000000 0.000000
    75 0.000000 0.000000 0.000000 0.000000 0.000000 0.000000
    76 0.000000 0.000000 0.000000 0.000000 0.000000 0.000000
    77 0.000000 0.000000 0.000000 0.000000 0.000000 0.000000
    78 0.000000 0.000000 0.000000 0.000000 0.000000 0.000000
    79 0.000000 0.000000 0.000000 0.000000 0.000000 0.000000
    80 0.000000 0.000000 0.000000 0.000000 0.000000 0.000000
    81 0.000000 0.000000 0.000000 0.000000 0.000000 0.000000
    82 0.000000 0.000000 0.000000 0.000000 0.000000 0.000000
    83 0.000000 0.000000 0.000000 0.000000 0.000000 0.000000
    84 0.000000 0.000000 0.000000 0.000000 0.000000 0.000000
    85 0.000000 0.000000 0.000000 0.000000 0.000000 0.000000
    86 0.000000 0.000000 0.000000 0.000000 0.000000 0.000000
    87 0.000000 0.000000 0.000000 0.000000 0.000000 0.000000
    88 0.000000 0.000000 0.000000 0.000000 0.000000 0.000000
    89 0.000000 0.000000 0.000000 0.000000 0.000000 0.000000
    90 0.000000 0.000000 0.000000 0.000000 0.000000 0.000000
    91 0.000000 0.000000 0.000000 0.000000 0.000000 0.000000
    92 0.000000 0.000000 0.000000 0.000000 0.000000 0.000000
    93 0.000000 0.000000 0.000000 0.000000 0.000000 0.000000
    94 0.000000 0.000000 0.000000 0.000000 0.000000 0.000000
    95 0.000000 0.000000 0.000000 0.000000 0.000000 0.000000
    96 0.000000 0.000000 0.000000 0.000000 0.000000 0.000000
    97 0.000000 0.000000 0.000000 0.000000 0.000000 0.000000
    98 0.000000 0.000000 0.000000 0.000000 0.000000 0.000000
    99 0.000000 0.000000 0.000000 0.000000 0.000000 0.000000
    100 0.000000 0.000000 0.000000 0.000000 0.000000 0.000000
    101 0.000000 0.000000 0.000000 0.000000 0.000000 0.000000
    102 0.000000 0.000000 0.000000 0.000000 0.000000 0.000000
    103 0.000000 0.000000 0.000000 0.000000 0.000000 0.000000
    104 0.000000 0.000000 0.000000 0.000000 0.000000 0.000000
    105 0.000000 0.000000 0.000000 0.000000 0.000000 0.000000
    106 0.000000 0.000000 0.000000 0.000000 0.000000 0.000000
    107 0.000000 0.000000 0.000000 0.000000 0.000000 0.000000
    108 0.000000 0.000000 0.000000 0.000000 0.000000 0.000000
    109 0.000000 0.000000 0.000000 0.000000 0.000000 0.000000
    110 0.000000 0.000000 0.000000 0.000000 0.000000 0.000000
    111 0.000000 0.000000 0.000000 0.000000 0.000000 -1.570796
    112 -0.671896 -0.562517 0.304697 -0.233822 0.013818 -1.621145
    113 0.000000 0.000000 0.000000 0.000000 0.000000 0.000000
    114 0.000000 0.000000 0.000000 0.000000 0.000000 -1.570796
    115 0.000000 0.000000 0.000000 0.000000 0.000000 0.000000
    116 0.000000 0.000000 0.000000 0.000000 0.000000 0.000000
    117 0.000000 0.000000 0.000000 0.000000 0.000000 0.000000
    118 0.000000 0.000000 0.000000 0.000000 0.000000 0.000000
    119 0.000000 0.000000 0.000000 0.000000 0.000000 0.000000
    120 0.000000 0.000000 0.000000 0.000000 0.000000 0.000000
    121 0.000000 0.000000 0.000000 0.000000 0.000000 0.000000
    122 0.000000 0.000000 0.000000 0.000000 0.000000 0.000000
    123 0.000000 0.000000 0.000000 0.000000 0.000000 0.000000
    124 0.000000 0.000000 0.000000 0.000000 0.000000 0.000000
    125 0.000000 0.000000 0.000000 0.000000 0.000000 0.000000
    126 0.000000 0.000000 0.000000 0.000000 0.000000 0.000000
    127 0.000000 0.000000 0.000000 0.000000 0.000000 0.000000
    128 0.000000 0.000000 0.000000 0.000000 0.000000 0.000000
    129 0.000000 0.000000 0.000000 0.000000 0.000000 0.000000
    130 0.000000 0.000000 0.000000 0.000000 0.000000 0.000000
    131 0.000000 0.000000 0.000000 0.000000 0.000000 0.000000
    132 0.000000 0.000000 0.000000 0.000000 0.000000 0.000000
    133 0.000000 0.000000 0.000000 0.000000 0.000000 0.000000
    134 0.000000 0.000000 0.000000 0.000000 0.000000 0.000000
    135 0.000000 0.000000 0.000000 0.000000 0.000000 0.000000
    136 0.000000 0.000000 0.000000 0.000000 0.000000 0.000000
    137 0.000000 0.000000 0.000000 0.000000 0.000000 0.000000
    138 0.000000 0.000000 0.000000 0.000000 0.000000 0.000000
    139 0.000000 0.000000 0.000000 0.000000 0.000000 0.000000
    140 0.000000 0.000000 0.000000 0.000000 0.000000 0.000000
    141 0.000000 0.000000 0.000000 0.000000 0.000000 0.000000
    142 0.000000 0.000000 0.000000 0.000000 0.000000 0.000000
    143 0.000000 0.000000 0.000000 0.000000 0.000000 0.000000
    144 0.000000 0.000000 0.000000 0.000000 0.000000 0.000000
    145 0.000000 0.000000 0.000000 0.000000 0.000000 0.000000
    146 0.000000 0.000000 0.000000 0.000000 0.000000 0.000000
    147 0.000000 0.000000 0.000000 0.000000 0.000000 0.000000
    148 0.000000 0.000000 0.000000 0.000000 0.000000 0.000000
    149 0.000000 0.000000 0.000000 0.000000 0.000000 0.000000
    150 0.000000 0.000000 0.000000 0.000000 0.000000 0.000000
    151 0.000000 0.000000 0.000000 0.000000 0.000000 0.000000
    152 0.000000 0.000000 0.000000 0.000000 0.000000 0.000000
    153 0.000000 0.000000 0.000000 0.000000 0.000000 0.000000
    154 0.000000 0.000000 0.000000 0.000000 0.000000 0.000000
    155 0.000000 0.000000 0.000000 0.000000 0.000000 0.000000
    156 0.000000 0.000000 0.000000 0.000000 0.000000 0.000000
    157 0.000000 0.000000 0.000000 0.000000 0.000000 0.000000
    158 0.000000 0.000000 0.000000 0.000000 0.000000 0.000000
    159 0.000000 0.000000 0.000000 0.000000 0.000000 0.000000
    160 0.000000 0.000000 0.000000 0.000000 0.000000 0.000000
    161 0.000000 0.000000 0.000000 0.000000 0.000000 0.000000
    162 0.000000 0.000000 0.000000 0.000000 0.000000 0.000000
    163 0.000000 0.000000 0.000000 0.000000 0.000000 0.000000
    164 0.000000 0.000000 0.000000 0.000000 0.000000 0.000000
    165 0.000000 0.000000 0.000000 0.000000 0.000000 0.000000
    166 0.000000 0.000000 0.000000 0.000000 0.000000 0.000000
    167 0.000000 0.000000 0.000000 0.000000 0.000000 0.000000
    168 0.000000 0.000000 0.000000 0.000000 0.000000 0.000000
    169 0.000000 0.000000 0.000000 0.000000 0.000000 0.000000
    170 0.000000 0.000000 0.000000 0.000000 0.000000 0.000000
    171 0.000000 0.000000 0.000000 0.000000 0.000000 0.000000
    172 0.000000 0.000000 0.000000 0.000000 0.000000 0.000000
    173 0.000000 0.000000 0.000000 0.000000 0.000000 0.000000
    174 0.000000 0.000000 0.000000 0.000000 0.000000 0.000000
    175 0.000000 0.000000 0.000000 0.000000 0.000000 0.000000
    176 0.000000 0.000000 0.000000 0.000000 0.000000 0.000000
    177 0.000000 0.000000 0.000000 0.000000 0.000000 0.000000
    178 0.000000 0.000000 0.000000 0.000000 0.000000 0.000000
    179 0.000000 0.000000 0.000000 0.000000 0.000000 0.000000
    180 0.000000 0.000000 0.000000 0.000000 0.000000 0.000000
    181 0.000000 0.000000 0.000000 0.000000 0.000000 0.000000
    182 0.000000 0.000000 0.000000 0.000000 0.000000 0.000000
    183 0.000000 0.000000 0.000000 0.000000 0.000000 0.000000
    184 0.000000 0.000000 0.000000 0.000000 0.000000 0.000000
    185 0.000000 0.000000 0.000000 0.000000 0.000000 0.000000
    186 0.000000 0.000000 0.000000 0.000000 0.000000 0.000000
    187 0.000000 0.000000 0.000000 0.000000 0.000000 0.000000
    188 0.000000 0.000000 0.000000 0.000000 0.000000 0.000000
    189 0.000000 0.000000 0.000000 0.000000 0.000000 0.000000
    190 0.000000 0.000000 0.000000 0.000000 0.000000 0.000000
    191 0.000000 0.000000 0.000000 -0.016595 0.000000 0.000000
    192 0.000000 0.000000 0.000000 0.000000 0.000000 0.000000
    193 0.000000 0.000000 0.000000 0.000000 0.000000 0.000000
    194 0.000000 0.000000 0.000000 0.000000 0.000000 0.000000
    195 0.000000 0.000000 0.000000 0.000000 0.000000 0.000000
    196 0.000000 0.000000 0.000000 0.000000 0.000000 0.000000
    197 0.000000 0.000000 0.000000 0.000000 0.000000 0.000000
    198 0.000000 0.000000 0.000000 0.000000 0.000000 0.000000
    199 0.000000 0.000000 0.000000 0.000000 0.000000 0.000000
    200 0.000000 0.000000 0.000000 0.000000 0.000000 0.000000
    201 0.000000 0.000000 0.000000 0.000000 0.000000 0.000000
    202 0.000000 0.000000 0.000000 0.000000 0.000000 0.000000
    203 0.000000 0.000000 0.000000 0.000000 0.000000 0.000000
    204 0.000000 0.000000 0.000000 0.000000 0.000000 0.000000
    205 0.000000 0.000000 0.000000 0.000000 0.000000 0.000000
    206 0.000000 0.000000 0.000000 0.000000 0.000000 0.000000
    207 0.000000 0.000000 0.000000 0.000000 0.000000 0.000000
    208 0.000000 0.000000 0.000000 0.000000 0.000000 0.000000
    209 0.000000 0.000000 0.000000 0.000000 0.000000 0.000000
    210 0.000000 0.000000 0.000000 0.000000 0.000000 0.000000
    211 0.000000 0.000000 0.000000 0.000000 0.000000 0.000000
    212 0.000000 0.000000 0.000000 0.000000 0.000000 0.000000
    213 0.000000 0.000000 0.000000 0.000000 0.000000 0.000000
    214 0.000000 0.000000 0.000000 0.000000 0.000000 0.000000
    215 0.000000 0.000000 0.000000 0.000000 0.000000 0.000000
    216 0.000000 0.000000 0.000000 0.000000 0.000000 0.000000
    217 0.000000 0.000000 0.000000 0.000000 0.000000 0.000000
    218 0.000000 0.000000 0.000000 0.000000 0.000000 0.000000
    219 0.000000 0.000000 0.000000 0.000000 0.000000 0.000000
    220 0.000000 0.000000 0.000000 0.000000 0.000000 0.000000
    221 0.000000 0.000000 0.000000 0.000000 0.000000 0.000000
    222 0.000000 0.000000 0.000000 0.000000 0.000000 0.000000
    223 0.000000 0.000000 0.000000 0.000000 0.000000 0.000000
    224 0.000000 0.000000 0.000000 0.000000 0.000000 0.000000
    225 0.000000 0.000000 0.000000 0.000000 0.000000 0.000000
    226 0.000000 0.000000 0.000000 0.000000 0.000000 0.000000
    227 0.539079 -1.281289 0.171880 -0.233822 0.013816 -0.050349
    228 0.000000 0.000000 0.000000 0.000000 0.000000 0.000000
    229 0.000000 0.000000 0.000000 0.000000 0.000000 0.000000
    230 0.000000 0.000000 0.000000 0.003416 0.000000 0.000000
    231 0.000000 0.000000 0.000000 0.000000 0.000000 0.000000
    232 0.000000 0.000000 0.000000 0.000000 0.000000 0.000000
    233 0.000000 0.000000 0.000000 0.000000 0.000000 0.000000
    234 -1.972716 -0.480483 0.179693 -0.233790 0.013803 -1.621085
    235 0.000000 0.000000 0.000000 0.000000 0.000000 0.000000
    236 0.000000 0.000000 0.000000 0.000000 0.000000 0.000000
    237 0.000000 0.000000 0.000000 0.000000 0.000000 0.000000
    238 0.000000 0.000000 0.000000 0.000000 0.000000 0.000000
    239 0.000000 0.000000 0.000000 0.000000 0.000000 0.000000
    240 0.000000 0.000000 0.000000 0.000000 0.000000 0.000000
    241 0.000000 0.000000 0.000000 0.000000 0.000000 0.000000
    242 0.000000 0.000000 0.000000 0.000000 0.000000 0.000000
    243 0.000000 0.000000 0.000000 0.000000 0.000000 0.000000
    244 0.000000 0.000000 0.000000 0.000000 0.000000 0.000000
    245 0.000000 0.000000 0.000000 0.000000 0.000000 0.000000
    246 0.000000 0.000000 0.000000 0.000000 0.000000 -1.570796
  time 58
    0 0.000000 0.000000 0.000000 0.000000 0.000000 -1.570796
    1 0.000000 0.000000 0.000000 0.000000 0.000000 0.000000
    2 0.000000 0.000000 0.000000 0.000000 0.000000 0.000000
    3 0.000000 0.000000 0.000000 0.000000 0.000000 0.000000
    4 0.000000 0.000000 0.000000 0.000000 0.000000 0.000000
    5 0.000000 0.000000 0.000000 0.000000 0.000000 0.000000
    6 0.000000 0.000000 0.000000 0.000000 0.000000 0.000000
    7 0.000000 0.000000 0.000000 0.000000 0.000000 0.000000
    8 0.296884 -0.066408 0.109378 0.081370 0.205335 0.095105
    9 0.000000 0.000000 0.000000 0.050855 -0.002808 -0.209506
    10 0.000000 0.000000 0.000000 0.000000 0.000000 0.000000
    11 0.000000 0.000000 0.000000 0.000000 0.000000 0.000000
    12 0.000000 0.000000 0.000000 0.000000 0.000000 0.000000
    13 0.000000 0.000000 0.000000 0.025523 0.000000 0.000000
    14 0.000000 0.000000 0.000000 0.000000 0.000000 0.210118
    15 0.000000 0.000000 0.000000 0.000000 0.000000 0.000000
    16 0.000000 0.000000 0.000000 0.000000 0.000000 0.000000
    17 0.000000 0.000000 0.000000 0.000000 0.000000 0.000000
    18 0.000000 0.000000 0.000000 0.000000 0.000000 0.000000
    19 0.000000 0.000000 0.000000 -0.041975 0.000000 -0.000060
    20 -0.226569 -0.039064 0.000000 0.000000 -0.000060 -0.105079
    21 0.000000 0.000000 0.000000 -0.252531 -0.001314 -0.049075
    22 0.000000 0.000000 0.000000 0.000000 0.000000 0.000000
    23 0.000000 0.000000 0.000000 0.000000 0.000000 0.000000
    24 0.000000 0.000000 0.000000 0.000000 0.000000 0.000000
    25 0.000000 0.000000 0.000000 0.000000 0.000000 0.000000
    26 0.000000 0.000000 0.000000 0.000000 0.000000 0.000000
    27 0.000000 0.000000 0.000000 0.000000 0.000000 0.000000
    28 0.000000 0.000000 0.000000 0.000000 0.000000 0.000000
    29 0.000000 0.000000 0.000000 0.000000 0.000000 0.000000
    30 0.000000 0.000000 0.000000 0.000000 0.000000 0.000000
    31 0.000000 0.000000 0.000000 0.000000 0.000000 0.000000
    32 0.000000 0.000000 0.000000 0.000000 0.000000 0.000000
    33 0.000000 0.000000 0.000000 0.000000 0.000000 0.000000
    34 0.000000 0.000000 0.000000 0.000000 0.000000 0.000000
    35 0.000000 0.000000 0.000000 0.000000 0.000000 0.000000
    36 0.000000 0.000000 0.000000 0.000000 0.000000 0.000000
    37 0.000000 0.000000 0.000000 0.000000 0.000000 0.000000
    38 0.000000 0.000000 0.000000 0.000000 0.000000 0.000000
    39 0.000000 0.000000 0.000000 0.000000 0.000000 0.000000
    40 0.000000 0.000000 0.000000 0.000000 0.000000 0.000000
    41 0.000000 0.000000 0.000000 0.000000 0.000000 0.000000
    42 0.000000 0.000000 0.000000 0.000000 0.000000 0.000000
    43 0.000000 0.000000 0.000000 0.000000 0.000000 0.000000
    44 0.000000 0.000000 0.000000 0.000000 0.000000 0.000000
    45 0.000000 0.000000 0.000000 0.000000 0.000000 0.000000
    46 0.000000 0.000000 0.000000 0.000000 0.000000 0.000000
    47 0.000000 0.000000 0.000000 0.000000 0.000000 0.000000
    48 0.000000 0.000000 0.000000 0.000000 0.000000 0.000000
    49 0.000000 0.000000 0.000000 0.000000 0.000000 0.000000
    50 0.000000 0.000000 0.000000 0.000000 0.000000 0.000000
    51 0.000000 0.000000 0.000000 0.000000 0.000000 0.000000
    52 0.000000 0.000000 0.000000 0.000000 0.000000 0.000000
    53 0.000000 0.000000 0.000000 0.000000 0.000000 0.000000
    54 0.000000 0.000000 0.000000 0.000000 0.000000 0.000000
    55 0.000000 0.000000 0.000000 0.000000 0.000000 0.000000
    56 0.000000 0.000000 0.000000 0.000000 0.000000 0.000000
    57 0.000000 0.000000 0.000000 0.000000 0.000000 0.000000
    58 0.000000 0.000000 0.000000 0.000000 0.000000 0.000000
    59 0.000000 0.000000 0.000000 0.000000 0.000000 0.000000
    60 0.000000 0.000000 0.000000 0.000000 0.000000 0.000000
    61 0.000000 0.000000 0.000000 0.000000 0.000000 0.000000
    62 0.000000 0.000000 0.000000 0.000000 0.000000 0.000000
    63 0.000000 0.000000 0.000000 0.000000 0.000000 0.000000
    64 0.000000 0.000000 0.000000 0.000000 0.000000 0.000000
    65 0.000000 0.000000 0.000000 0.000000 0.000000 0.000000
    66 0.000000 0.000000 0.000000 0.000000 0.000000 0.000000
    67 0.000000 0.000000 0.000000 0.000000 0.000000 0.000000
    68 0.000000 0.000000 0.000000 0.000000 0.000000 0.000000
    69 0.000000 0.000000 0.000000 0.000000 0.000000 0.000000
    70 0.000000 0.000000 0.000000 0.000000 0.000000 0.000000
    71 0.000000 0.000000 0.000000 0.000000 0.000000 0.000000
    72 0.000000 0.000000 0.000000 0.000000 0.000000 0.000000
    73 0.000000 0.000000 0.000000 0.000000 0.000000 0.000000
    74 0.000000 0.000000 0.000000 0.000000 0.000000 0.000000
    75 0.000000 0.000000 0.000000 0.000000 0.000000 0.000000
    76 0.000000 0.000000 0.000000 0.000000 0.000000 0.000000
    77 0.000000 0.000000 0.000000 0.000000 0.000000 0.000000
    78 0.000000 0.000000 0.000000 0.000000 0.000000 0.000000
    79 0.000000 0.000000 0.000000 0.000000 0.000000 0.000000
    80 0.000000 0.000000 0.000000 0.000000 0.000000 0.000000
    81 0.000000 0.000000 0.000000 0.000000 0.000000 0.000000
    82 0.000000 0.000000 0.000000 0.000000 0.000000 0.000000
    83 0.000000 0.000000 0.000000 0.000000 0.000000 0.000000
    84 0.000000 0.000000 0.000000 0.000000 0.000000 0.000000
    85 0.000000 0.000000 0.000000 0.000000 0.000000 0.000000
    86 0.000000 0.000000 0.000000 0.000000 0.000000 0.000000
    87 0.000000 0.000000 0.000000 0.000000 0.000000 0.000000
    88 0.000000 0.000000 0.000000 0.000000 0.000000 0.000000
    89 0.000000 0.000000 0.000000 0.000000 0.000000 0.000000
    90 0.000000 0.000000 0.000000 0.000000 0.000000 0.000000
    91 0.000000 0.000000 0.000000 0.000000 0.000000 0.000000
    92 0.000000 0.000000 0.000000 0.000000 0.000000 0.000000
    93 0.000000 0.000000 0.000000 0.000000 0.000000 0.000000
    94 0.000000 0.000000 0.000000 0.000000 0.000000 0.000000
    95 0.000000 0.000000 0.000000 0.000000 0.000000 0.000000
    96 0.000000 0.000000 0.000000 0.000000 0.000000 0.000000
    97 0.000000 0.000000 0.000000 0.000000 0.000000 0.000000
    98 0.000000 0.000000 0.000000 0.000000 0.000000 0.000000
    99 0.000000 0.000000 0.000000 0.000000 0.000000 0.000000
    100 0.000000 0.000000 0.000000 0.000000 0.000000 0.000000
    101 0.000000 0.000000 0.000000 0.000000 0.000000 0.000000
    102 0.000000 0.000000 0.000000 0.000000 0.000000 0.000000
    103 0.000000 0.000000 0.000000 0.000000 0.000000 0.000000
    104 0.000000 0.000000 0.000000 0.000000 0.000000 0.000000
    105 0.000000 0.000000 0.000000 0.000000 0.000000 0.000000
    106 0.000000 0.000000 0.000000 0.000000 0.000000 0.000000
    107 0.000000 0.000000 0.000000 0.000000 0.000000 0.000000
    108 0.000000 0.000000 0.000000 0.000000 0.000000 0.000000
    109 0.000000 0.000000 0.000000 0.000000 0.000000 0.000000
    110 0.000000 0.000000 0.000000 0.000000 0.000000 0.000000
    111 0.000000 0.000000 0.000000 0.000000 0.000000 -1.570796
    112 -0.648457 -0.839869 0.425794 -0.226133 0.017994 -1.641565
    113 0.000000 0.000000 0.000000 0.000000 0.000000 0.000000
    114 0.000000 0.000000 0.000000 0.000000 0.000000 -1.570796
    115 0.000000 0.000000 0.000000 0.000000 0.000000 0.000000
    116 0.000000 0.000000 0.000000 0.000000 0.000000 0.000000
    117 0.000000 0.000000 0.000000 0.000000 0.000000 0.000000
    118 0.000000 0.000000 0.000000 0.000000 0.000000 0.000000
    119 0.000000 0.000000 0.000000 0.000000 0.000000 0.000000
    120 0.000000 0.000000 0.000000 0.000000 0.000000 0.000000
    121 0.000000 0.000000 0.000000 0.000000 0.000000 0.000000
    122 0.000000 0.000000 0.000000 0.000000 0.000000 0.000000
    123 0.000000 0.000000 0.000000 0.000000 0.000000 0.000000
    124 0.000000 0.000000 0.000000 0.000000 0.000000 0.000000
    125 0.000000 0.000000 0.000000 0.000000 0.000000 0.000000
    126 0.000000 0.000000 0.000000 0.000000 0.000000 0.000000
    127 0.000000 0.000000 0.000000 0.000000 0.000000 0.000000
    128 0.000000 0.000000 0.000000 0.000000 0.000000 0.000000
    129 0.000000 0.000000 0.000000 0.000000 0.000000 0.000000
    130 0.000000 0.000000 0.000000 0.000000 0.000000 0.000000
    131 0.000000 0.000000 0.000000 0.000000 0.000000 0.000000
    132 0.000000 0.000000 0.000000 0.000000 0.000000 0.000000
    133 0.000000 0.000000 0.000000 0.000000 0.000000 0.000000
    134 0.000000 0.000000 0.000000 0.000000 0.000000 0.000000
    135 0.000000 0.000000 0.000000 0.000000 0.000000 0.000000
    136 0.000000 0.000000 0.000000 0.000000 0.000000 0.000000
    137 0.000000 0.000000 0.000000 0.000000 0.000000 0.000000
    138 0.000000 0.000000 0.000000 0.000000 0.000000 0.000000
    139 0.000000 0.000000 0.000000 0.000000 0.000000 0.000000
    140 0.000000 0.000000 0.000000 0.000000 0.000000 0.000000
    141 0.000000 0.000000 0.000000 0.000000 0.000000 0.000000
    142 0.000000 0.000000 0.000000 0.000000 0.000000 0.000000
    143 0.000000 0.000000 0.000000 0.000000 0.000000 0.000000
    144 0.000000 0.000000 0.000000 0.000000 0.000000 0.000000
    145 0.000000 0.000000 0.000000 0.000000 0.000000 0.000000
    146 0.000000 0.000000 0.000000 0.000000 0.000000 0.000000
    147 0.000000 0.000000 0.000000 0.000000 0.000000 0.000000
    148 0.000000 0.000000 0.000000 0.000000 0.000000 0.000000
    149 0.000000 0.000000 0.000000 0.000000 0.000000 0.000000
    150 0.000000 0.000000 0.000000 0.000000 0.000000 0.000000
    151 0.000000 0.000000 0.000000 0.000000 0.000000 0.000000
    152 0.000000 0.000000 0.000000 0.000000 0.000000 0.000000
    153 0.000000 0.000000 0.000000 0.000000 0.000000 0.000000
    154 0.000000 0.000000 0.000000 0.000000 0.000000 0.000000
    155 0.000000 0.000000 0.000000 0.000000 0.000000 0.000000
    156 0.000000 0.000000 0.000000 0.000000 0.000000 0.000000
    157 0.000000 0.000000 0.000000 0.000000 0.000000 0.000000
    158 0.000000 0.000000 0.000000 0.000000 0.000000 0.000000
    159 0.000000 0.000000 0.000000 0.000000 0.000000 0.000000
    160 0.000000 0.000000 0.000000 0.000000 0.000000 0.000000
    161 0.000000 0.000000 0.000000 0.000000 0.000000 0.000000
    162 0.000000 0.000000 0.000000 0.000000 0.000000 0.000000
    163 0.000000 0.000000 0.000000 0.000000 0.000000 0.000000
    164 0.000000 0.000000 0.000000 0.000000 0.000000 0.000000
    165 0.000000 0.000000 0.000000 0.000000 0.000000 0.000000
    166 0.000000 0.000000 0.000000 0.000000 0.000000 0.000000
    167 0.000000 0.000000 0.000000 0.000000 0.000000 0.000000
    168 0.000000 0.000000 0.000000 0.000000 0.000000 0.000000
    169 0.000000 0.000000 0.000000 0.000000 0.000000 0.000000
    170 0.000000 0.000000 0.000000 0.000000 0.000000 0.000000
    171 0.000000 0.000000 0.000000 0.000000 0.000000 0.000000
    172 0.000000 0.000000 0.000000 0.000000 0.000000 0.000000
    173 0.000000 0.000000 0.000000 0.000000 0.000000 0.000000
    174 0.000000 0.000000 0.000000 0.000000 0.000000 0.000000
    175 0.000000 0.000000 0.000000 0.000000 0.000000 0.000000
    176 0.000000 0.000000 0.000000 0.000000 0.000000 0.000000
    177 0.000000 0.000000 0.000000 0.000000 0.000000 0.000000
    178 0.000000 0.000000 0.000000 0.000000 0.000000 0.000000
    179 0.000000 0.000000 0.000000 0.000000 0.000000 0.000000
    180 0.000000 0.000000 0.000000 0.000000 0.000000 0.000000
    181 0.000000 0.000000 0.000000 0.000000 0.000000 0.000000
    182 0.000000 0.000000 0.000000 0.000000 0.000000 0.000000
    183 0.000000 0.000000 0.000000 0.000000 0.000000 0.000000
    184 0.000000 0.000000 0.000000 0.000000 0.000000 0.000000
    185 0.000000 0.000000 0.000000 0.000000 0.000000 0.000000
    186 0.000000 0.000000 0.000000 0.000000 0.000000 0.000000
    187 0.000000 0.000000 0.000000 0.000000 0.000000 0.000000
    188 0.000000 0.000000 0.000000 0.000000 0.000000 0.000000
    189 0.000000 0.000000 0.000000 0.000000 0.000000 0.000000
    190 0.000000 0.000000 0.000000 0.000000 0.000000 0.000000
    191 0.000000 0.000000 0.000000 -0.020911 0.000000 0.000000
    192 0.000000 0.000000 0.000000 0.000000 0.000000 0.000000
    193 0.000000 0.000000 0.000000 0.000000 0.000000 0.000000
    194 0.000000 0.000000 0.000000 0.000000 0.000000 0.000000
    195 0.000000 0.000000 0.000000 0.000000 0.000000 0.000000
    196 0.000000 0.000000 0.000000 0.000000 0.000000 0.000000
    197 0.000000 0.000000 0.000000 0.000000 0.000000 0.000000
    198 0.000000 0.000000 0.000000 0.000000 0.000000 0.000000
    199 0.000000 0.000000 0.000000 0.000000 0.000000 0.000000
    200 0.000000 0.000000 0.000000 0.000000 0.000000 0.000000
    201 0.000000 0.000000 0.000000 0.000000 0.000000 0.000000
    202 0.000000 0.000000 0.000000 0.000000 0.000000 0.000000
    203 0.000000 0.000000 0.000000 0.000000 0.000000 0.000000
    204 0.000000 0.000000 0.000000 0.000000 0.000000 0.000000
    205 0.000000 0.000000 0.000000 0.000000 0.000000 0.000000
    206 0.000000 0.000000 0.000000 0.000000 0.000000 0.000000
    207 0.000000 0.000000 0.000000 0.000000 0.000000 0.000000
    208 0.000000 0.000000 0.000000 0.000000 0.000000 0.000000
    209 0.000000 0.000000 0.000000 0.000000 0.000000 0.000000
    210 0.000000 0.000000 0.000000 0.000000 0.000000 0.000000
    211 0.000000 0.000000 0.000000 0.000000 0.000000 0.000000
    212 0.000000 0.000000 0.000000 0.000000 0.000000 0.000000
    213 0.000000 0.000000 0.000000 0.000000 0.000000 0.000000
    214 0.000000 0.000000 0.000000 0.000000 0.000000 0.000000
    215 0.000000 0.000000 0.000000 0.000000 0.000000 0.000000
    216 0.000000 0.000000 0.000000 0.000000 0.000000 0.000000
    217 0.000000 0.000000 0.000000 0.000000 0.000000 0.000000
    218 0.000000 0.000000 0.000000 0.000000 0.000000 0.000000
    219 0.000000 0.000000 0.000000 0.000000 0.000000 0.000000
    220 0.000000 0.000000 0.000000 0.000000 0.000000 0.000000
    221 0.000000 0.000000 0.000000 0.000000 0.000000 0.000000
    222 0.000000 0.000000 0.000000 0.000000 0.000000 0.000000
    223 0.000000 0.000000 0.000000 0.000000 0.000000 0.000000
    224 0.000000 0.000000 0.000000 0.000000 0.000000 0.000000
    225 0.000000 0.000000 0.000000 0.000000 0.000000 0.000000
    226 0.000000 0.000000 0.000000 0.000000 0.000000 0.000000
    227 0.800806 -1.468795 0.250008 -0.226133 0.017992 -0.070861
    228 0.000000 0.000000 0.000000 0.000000 0.000000 0.000000
    229 0.000000 0.000000 0.000000 0.000000 0.000000 0.000000
    230 0.000000 0.000000 0.000000 0.002924 0.000000 0.000000
    231 0.000000 0.000000 0.000000 0.000000 0.000000 0.000000
    232 0.000000 0.000000 0.000000 0.000000 0.000000 0.000000
    233 0.000000 0.000000 0.000000 0.000000 0.000000 0.000000
    234 -2.214911 -0.718772 0.238289 -0.226102 0.018004 -1.641584
    235 0.000000 0.000000 0.000000 0.000000 0.000000 0.000000
    236 0.000000 0.000000 0.000000 0.000000 0.000000 0.000000
    237 0.000000 0.000000 0.000000 0.000000 0.000000 0.000000
    238 0.000000 0.000000 0.000000 0.000000 0.000000 0.000000
    239 0.000000 0.000000 0.000000 0.000000 0.000000 0.000000
    240 0.000000 0.000000 0.000000 0.000000 0.000000 0.000000
    241 0.000000 0.000000 0.000000 0.000000 0.000000 0.000000
    242 0.000000 0.000000 0.000000 0.000000 0.000000 0.000000
    243 0.000000 0.000000 0.000000 0.000000 0.000000 0.000000
    244 0.000000 0.000000 0.000000 0.000000 0.000000 0.000000
    245 0.000000 0.000000 0.000000 0.000000 0.000000 0.000000
    246 0.000000 0.000000 0.000000 0.000000 0.000000 -1.570796
  time 59
    0 0.000000 0.000000 0.000000 0.000000 0.000000 -1.570796
    1 0.000000 0.000000 0.000000 0.000000 0.000000 0.000000
    2 0.000000 0.000000 0.000000 0.000000 0.000000 0.000000
    3 0.000000 0.000000 0.000000 0.000000 0.000000 0.000000
    4 0.000000 0.000000 0.000000 0.000000 0.000000 0.000000
    5 0.000000 0.000000 0.000000 0.000000 0.000000 0.000000
    6 0.000000 0.000000 0.000000 0.000000 0.000000 0.000000
    7 0.000000 0.000000 0.000000 0.000000 0.000000 0.000000
    8 0.667989 -0.085940 0.097659 0.032605 0.136018 0.098169
    9 0.000000 0.000000 0.000000 0.019310 -0.001801 -0.173696
    10 0.000000 0.000000 0.000000 0.000000 0.000000 0.000000
    11 0.000000 0.000000 0.000000 0.000000 0.000000 0.000000
    12 0.000000 0.000000 0.000000 0.000000 0.000000 0.000000
    13 0.000000 0.000000 0.000000 0.038671 0.000000 0.000000
    14 0.000000 0.000000 0.000000 0.000000 0.000000 0.174293
    15 0.000000 0.000000 0.000000 0.000000 0.000000 0.000000
    16 0.000000 0.000000 0.000000 0.000000 0.000000 0.000000
    17 0.000000 0.000000 0.000000 0.000000 0.000000 0.000000
    18 0.000000 0.000000 0.000000 0.000000 0.000000 0.000000
    19 0.000000 0.000000 0.000000 -0.032149 0.000000 0.000000
    20 -0.187506 -0.031251 0.000000 0.000000 0.000000 -0.087184
    21 0.000000 0.000000 0.000000 -0.159551 0.057372 -0.034297
    22 0.000000 0.000000 0.000000 0.000000 0.000000 0.000000
    23 0.000000 0.000000 0.000000 0.000000 0.000000 0.000000
    24 0.000000 0.000000 0.000000 0.000000 0.000000 0.000000
    25 0.000000 0.000000 0.000000 0.000000 0.000000 0.000000
    26 0.000000 0.000000 0.000000 0.000000 0.000000 0.000000
    27 0.000000 0.000000 0.000000 0.000000 0.000000 0.000000
    28 0.000000 0.000000 0.000000 0.000000 0.000000 0.000000
    29 0.000000 0.000000 0.000000 0.000000 0.000000 0.000000
    30 0.000000 0.000000 0.000000 0.000000 0.000000 0.000000
    31 0.000000 0.000000 0.000000 0.000000 0.000000 0.000000
    32 0.000000 0.000000 0.000000 0.000000 0.000000 0.000000
    33 0.000000 0.000000 0.000000 0.000000 0.000000 0.000000
    34 0.000000 0.000000 0.000000 0.000000 0.000000 0.000000
    35 0.000000 0.000000 0.000000 0.000000 0.000000 0.000000
    36 0.000000 0.000000 0.000000 0.000000 0.000000 0.000000
    37 0.000000 0.000000 0.000000 0.000000 0.000000 0.000000
    38 0.000000 0.000000 0.000000 0.000000 0.000000 0.000000
    39 0.000000 0.000000 0.000000 0.000000 0.000000 0.000000
    40 0.000000 0.000000 0.000000 0.000000 0.000000 0.000000
    41 0.000000 0.000000 0.000000 0.000000 0.000000 0.000000
    42 0.000000 0.000000 0.000000 0.000000 0.000000 0.000000
    43 0.000000 0.000000 0.000000 0.000000 0.000000 0.000000
    44 0.000000 0.000000 0.000000 0.000000 0.000000 0.000000
    45 0.000000 0.000000 0.000000 0.000000 0.000000 0.000000
    46 0.000000 0.000000 0.000000 0.000000 0.000000 0.000000
    47 0.000000 0.000000 0.000000 0.000000 0.000000 0.000000
    48 0.000000 0.000000 0.000000 0.000000 0.000000 0.000000
    49 0.000000 0.000000 0.000000 0.000000 0.000000 0.000000
    50 0.000000 0.000000 0.000000 0.000000 0.000000 0.000000
    51 0.000000 0.000000 0.000000 0.000000 0.000000 0.000000
    52 0.000000 0.000000 0.000000 0.000000 0.000000 0.000000
    53 0.000000 0.000000 0.000000 0.000000 0.000000 0.000000
    54 0.000000 0.000000 0.000000 0.000000 0.000000 0.000000
    55 0.000000 0.000000 0.000000 0.000000 0.000000 0.000000
    56 0.000000 0.000000 0.000000 0.000000 0.000000 0.000000
    57 0.000000 0.000000 0.000000 0.000000 0.000000 0.000000
    58 0.000000 0.000000 0.000000 0.000000 0.000000 0.000000
    59 0.000000 0.000000 0.000000 0.000000 0.000000 0.000000
    60 0.000000 0.000000 0.000000 0.000000 0.000000 0.000000
    61 0.000000 0.000000 0.000000 0.000000 0.000000 0.000000
    62 0.000000 0.000000 0.000000 0.000000 0.000000 0.000000
    63 0.000000 0.000000 0.000000 0.000000 0.000000 0.000000
    64 0.000000 0.000000 0.000000 0.000000 0.000000 0.000000
    65 0.000000 0.000000 0.000000 0.000000 0.000000 0.000000
    66 0.000000 0.000000 0.000000 0.000000 0.000000 0.000000
    67 0.000000 0.000000 0.000000 0.000000 0.000000 0.000000
    68 0.000000 0.000000 0.000000 0.000000 0.000000 0.000000
    69 0.000000 0.000000 0.000000 0.000000 0.000000 0.000000
    70 0.000000 0.000000 0.000000 0.000000 0.000000 0.000000
    71 0.000000 0.000000 0.000000 0.000000 0.000000 0.000000
    72 0.000000 0.000000 0.000000 0.000000 0.000000 0.000000
    73 0.000000 0.000000 0.000000 0.000000 0.000000 0.000000
    74 0.000000 0.000000 0.000000 0.000000 0.000000 0.000000
    75 0.000000 0.000000 0.000000 0.000000 0.000000 0.000000
    76 0.000000 0.000000 0.000000 0.000000 0.000000 0.000000
    77 0.000000 0.000000 0.000000 0.000000 0.000000 0.000000
    78 0.000000 0.000000 0.000000 0.000000 0.000000 0.000000
    79 0.000000 0.000000 0.000000 0.000000 0.000000 0.000000
    80 0.000000 0.000000 0.000000 0.000000 0.000000 0.000000
    81 0.000000 0.000000 0.000000 0.000000 0.000000 0.000000
    82 0.000000 0.000000 0.000000 0.000000 0.000000 0.000000
    83 0.000000 0.000000 0.000000 0.000000 0.000000 0.000000
    84 0.000000 0.000000 0.000000 0.000000 0.000000 0.000000
    85 0.000000 0.000000 0.000000 0.000000 0.000000 0.000000
    86 0.000000 0.000000 0.000000 0.000000 0.000000 0.000000
    87 0.000000 0.000000 0.000000 0.000000 0.000000 0.000000
    88 0.000000 0.000000 0.000000 0.000000 0.000000 0.000000
    89 0.000000 0.000000 0.000000 0.000000 0.000000 0.000000
    90 0.000000 0.000000 0.000000 0.000000 0.000000 0.000000
    91 0.000000 0.000000 0.000000 0.000000 0.000000 0.000000
    92 0.000000 0.000000 0.000000 0.000000 0.000000 0.000000
    93 0.000000 0.000000 0.000000 0.000000 0.000000 0.000000
    94 0.000000 0.000000 0.000000 0.000000 0.000000 0.000000
    95 0.000000 0.000000 0.000000 0.000000 0.000000 0.000000
    96 0.000000 0.000000 0.000000 0.000000 0.000000 0.000000
    97 0.000000 0.000000 0.000000 0.000000 0.000000 0.000000
    98 0.000000 0.000000 0.000000 0.000000 0.000000 0.000000
    99 0.000000 0.000000 0.000000 0.000000 0.000000 0.000000
    100 0.000000 0.000000 0.000000 0.000000 0.000000 0.000000
    101 0.000000 0.000000 0.000000 0.000000 0.000000 0.000000
    102 0.000000 0.000000 0.000000 0.000000 0.000000 0.000000
    103 0.000000 0.000000 0.000000 0.000000 0.000000 0.000000
    104 0.000000 0.000000 0.000000 0.000000 0.000000 0.000000
    105 0.000000 0.000000 0.000000 0.000000 0.000000 0.000000
    106 0.000000 0.000000 0.000000 0.000000 0.000000 0.000000
    107 0.000000 0.000000 0.000000 0.000000 0.000000 0.000000
    108 0.000000 0.000000 0.000000 0.000000 0.000000 0.000000
    109 0.000000 0.000000 0.000000 0.000000 0.000000 0.000000
    110 0.000000 0.000000 0.000000 0.000000 0.000000 0.000000
    111 0.000000 0.000000 0.000000 0.000000 0.000000 -1.570796
    112 -0.500015 -1.019562 0.441420 -0.143736 0.012174 -1.660865
    113 0.000000 0.000000 0.000000 0.000000 0.000000 0.000000
    114 0.000000 0.000000 0.000000 0.000000 0.000000 -1.570796
    115 0.000000 0.000000 0.000000 0.000000 0.000000 0.000000
    116 0.000000 0.000000 0.000000 0.000000 0.000000 0.000000
    117 0.000000 0.000000 0.000000 0.000000 0.000000 0.000000
    118 0.000000 0.000000 0.000000 0.000000 0.000000 0.000000
    119 0.000000 0.000000 0.000000 0.000000 0.000000 0.000000
    120 0.000000 0.000000 0.000000 0.000000 0.000000 0.000000
    121 0.000000 0.000000 0.000000 0.000000 0.000000 0.000000
    122 0.000000 0.000000 0.000000 0.000000 0.000000 0.000000
    123 0.000000 0.000000 0.000000 0.000000 0.000000 0.000000
    124 0.000000 0.000000 0.000000 0.000000 0.000000 0.000000
    125 0.000000 0.000000 0.000000 0.000000 0.000000 0.000000
    126 0.000000 0.000000 0.000000 0.000000 0.000000 0.000000
    127 0.000000 0.000000 0.000000 0.000000 0.000000 0.000000
    128 0.000000 0.000000 0.000000 0.000000 0.000000 0.000000
    129 0.000000 0.000000 0.000000 0.000000 0.000000 0.000000
    130 0.000000 0.000000 0.000000 0.000000 0.000000 0.000000
    131 0.000000 0.000000 0.000000 0.000000 0.000000 0.000000
    132 0.000000 0.000000 0.000000 0.000000 0.000000 0.000000
    133 0.000000 0.000000 0.000000 0.000000 0.000000 0.000000
    134 0.000000 0.000000 0.000000 0.000000 0.000000 0.000000
    135 0.000000 0.000000 0.000000 0.000000 0.000000 0.000000
    136 0.000000 0.000000 0.000000 0.000000 0.000000 0.000000
    137 0.000000 0.000000 0.000000 0.000000 0.000000 0.000000
    138 0.000000 0.000000 0.000000 0.000000 0.000000 0.000000
    139 0.000000 0.000000 0.000000 0.000000 0.000000 0.000000
    140 0.000000 0.000000 0.000000 0.000000 0.000000 0.000000
    141 0.000000 0.000000 0.000000 0.000000 0.000000 0.000000
    142 0.000000 0.000000 0.000000 0.000000 0.000000 0.000000
    143 0.000000 0.000000 0.000000 0.000000 0.000000 0.000000
    144 0.000000 0.000000 0.000000 0.000000 0.000000 0.000000
    145 0.000000 0.000000 0.000000 0.000000 0.000000 0.000000
    146 0.000000 0.000000 0.000000 0.000000 0.000000 0.000000
    147 0.000000 0.000000 0.000000 0.000000 0.000000 0.000000
    148 0.000000 0.000000 0.000000 0.000000 0.000000 0.000000
    149 0.000000 0.000000 0.000000 0.000000 0.000000 0.000000
    150 0.000000 0.000000 0.000000 0.000000 0.000000 0.000000
    151 0.000000 0.000000 0.000000 0.000000 0.000000 0.000000
    152 0.000000 0.000000 0.000000 0.000000 0.000000 0.000000
    153 0.000000 0.000000 0.000000 0.000000 0.000000 0.000000
    154 0.000000 0.000000 0.000000 0.000000 0.000000 0.000000
    155 0.000000 0.000000 0.000000 0.000000 0.000000 0.000000
    156 0.000000 0.000000 0.000000 0.000000 0.000000 0.000000
    157 0.000000 0.000000 0.000000 0.000000 0.000000 0.000000
    158 0.000000 0.000000 0.000000 0.000000 0.000000 0.000000
    159 0.000000 0.000000 0.000000 0.000000 0.000000 0.000000
    160 0.000000 0.000000 0.000000 0.000000 0.000000 0.000000
    161 0.000000 0.000000 0.000000 0.000000 0.000000 0.000000
    162 0.000000 0.000000 0.000000 0.000000 0.000000 0.000000
    163 0.000000 0.000000 0.000000 0.000000 0.000000 0.000000
    164 0.000000 0.000000 0.000000 0.000000 0.000000 0.000000
    165 0.000000 0.000000 0.000000 0.000000 0.000000 0.000000
    166 0.000000 0.000000 0.000000 0.000000 0.000000 0.000000
    167 0.000000 0.000000 0.000000 0.000000 0.000000 0.000000
    168 0.000000 0.000000 0.000000 0.000000 0.000000 0.000000
    169 0.000000 0.000000 0.000000 0.000000 0.000000 0.000000
    170 0.000000 0.000000 0.000000 0.000000 0.000000 0.000000
    171 0.000000 0.000000 0.000000 0.000000 0.000000 0.000000
    172 0.000000 0.000000 0.000000 0.000000 0.000000 0.000000
    173 0.000000 0.000000 0.000000 0.000000 0.000000 0.000000
    174 0.000000 0.000000 0.000000 0.000000 0.000000 0.000000
    175 0.000000 0.000000 0.000000 0.000000 0.000000 0.000000
    176 0.000000 0.000000 0.000000 0.000000 0.000000 0.000000
    177 0.000000 0.000000 0.000000 0.000000 0.000000 0.000000
    178 0.000000 0.000000 0.000000 0.000000 0.000000 0.000000
    179 0.000000 0.000000 0.000000 0.000000 0.000000 0.000000
    180 0.000000 0.000000 0.000000 0.000000 0.000000 0.000000
    181 0.000000 0.000000 0.000000 0.000000 0.000000 0.000000
    182 0.000000 0.000000 0.000000 0.000000 0.000000 0.000000
    183 0.000000 0.000000 0.000000 0.000000 0.000000 0.000000
    184 0.000000 0.000000 0.000000 0.000000 0.000000 0.000000
    185 0.000000 0.000000 0.000000 0.000000 0.000000 0.000000
    186 0.000000 0.000000 0.000000 0.000000 0.000000 0.000000
    187 0.000000 0.000000 0.000000 0.000000 0.000000 0.000000
    188 0.000000 0.000000 0.000000 0.000000 0.000000 0.000000
    189 0.000000 0.000000 0.000000 0.000000 0.000000 0.000000
    190 0.000000 0.000000 0.000000 0.000000 0.000000 0.000000
    191 0.000000 0.000000 0.000000 -0.016093 0.000000 0.000000
    192 0.000000 0.000000 0.000000 0.000000 0.000000 0.000000
    193 0.000000 0.000000 0.000000 0.000000 0.000000 0.000000
    194 0.000000 0.000000 0.000000 0.000000 0.000000 0.000000
    195 0.000000 0.000000 0.000000 0.000000 0.000000 0.000000
    196 0.000000 0.000000 0.000000 0.000000 0.000000 0.000000
    197 0.000000 0.000000 0.000000 0.000000 0.000000 0.000000
    198 0.000000 0.000000 0.000000 0.000000 0.000000 0.000000
    199 0.000000 0.000000 0.000000 0.000000 0.000000 0.000000
    200 0.000000 0.000000 0.000000 0.000000 0.000000 0.000000
    201 0.000000 0.000000 0.000000 0.000000 0.000000 0.000000
    202 0.000000 0.000000 0.000000 0.000000 0.000000 0.000000
    203 0.000000 0.000000 0.000000 0.000000 0.000000 0.000000
    204 0.000000 0.000000 0.000000 0.000000 0.000000 0.000000
    205 0.000000 0.000000 0.000000 0.000000 0.000000 0.000000
    206 0.000000 0.000000 0.000000 0.000000 0.000000 0.000000
    207 0.000000 0.000000 0.000000 0.000000 0.000000 0.000000
    208 0.000000 0.000000 0.000000 0.000000 0.000000 0.000000
    209 0.000000 0.000000 0.000000 0.000000 0.000000 0.000000
    210 0.000000 0.000000 0.000000 0.000000 0.000000 0.000000
    211 0.000000 0.000000 0.000000 0.000000 0.000000 0.000000
    212 0.000000 0.000000 0.000000 0.000000 0.000000 0.000000
    213 0.000000 0.000000 0.000000 0.000000 0.000000 0.000000
    214 0.000000 0.000000 0.000000 0.000000 0.000000 0.000000
    215 0.000000 0.000000 0.000000 0.000000 0.000000 0.000000
    216 0.000000 0.000000 0.000000 0.000000 0.000000 0.000000
    217 0.000000 0.000000 0.000000 0.000000 0.000000 0.000000
    218 0.000000 0.000000 0.000000 0.000000 0.000000 0.000000
    219 0.000000 0.000000 0.000000 0.000000 0.000000 0.000000
    220 0.000000 0.000000 0.000000 0.000000 0.000000 0.000000
    221 0.000000 0.000000 0.000000 0.000000 0.000000 0.000000
    222 0.000000 0.000000 0.000000 0.000000 0.000000 0.000000
    223 0.000000 0.000000 0.000000 0.000000 0.000000 0.000000
    224 0.000000 0.000000 0.000000 0.000000 0.000000 0.000000
    225 0.000000 0.000000 0.000000 0.000000 0.000000 0.000000
    226 0.000000 0.000000 0.000000 0.000000 0.000000 0.000000
    227 0.968780 -1.492233 0.320322 -0.143736 0.012172 -0.090068
    228 0.000000 0.000000 0.000000 0.000000 0.000000 0.000000
    229 0.000000 0.000000 0.000000 0.000000 0.000000 0.000000
    230 0.000000 0.000000 0.000000 0.002433 0.000000 0.000000
    231 0.000000 0.000000 0.000000 0.000000 0.000000 0.000000
    232 0.000000 0.000000 0.000000 0.000000 0.000000 0.000000
    233 0.000000 0.000000 0.000000 0.000000 0.000000 0.000000
    234 -2.132878 -0.898465 0.296884 -0.143716 0.012190 -1.660837
    235 0.000000 0.000000 0.000000 0.000000 0.000000 0.000000
    236 0.000000 0.000000 0.000000 0.000000 0.000000 0.000000
    237 0.000000 0.000000 0.000000 0.000000 0.000000 0.000000
    238 0.000000 0.000000 0.000000 0.000000 0.000000 0.000000
    239 0.000000 0.000000 0.000000 0.000000 0.000000 0.000000
    240 0.000000 0.000000 0.000000 0.000000 0.000000 0.000000
    241 0.000000 0.000000 0.000000 0.000000 0.000000 0.000000
    242 0.000000 0.000000 0.000000 0.000000 0.000000 0.000000
    243 0.000000 0.000000 0.000000 0.000000 0.000000 0.000000
    244 0.000000 0.000000 0.000000 0.000000 0.000000 0.000000
    245 0.000000 0.000000 0.000000 0.000000 0.000000 0.000000
    246 0.000000 0.000000 0.000000 0.000000 0.000000 -1.570796
  time 60
    0 0.000000 0.000000 0.000000 0.000000 0.000000 -1.570796
    1 0.000000 0.000000 0.000000 0.000000 0.000000 0.000000
    2 0.000000 0.000000 0.000000 0.000000 0.000000 0.000000
    3 0.000000 0.000000 0.000000 0.000000 0.000000 0.000000
    4 0.000000 0.000000 0.000000 0.000000 0.000000 0.000000
    5 0.000000 0.000000 0.000000 0.000000 0.000000 0.000000
    6 0.000000 0.000000 0.000000 0.000000 0.000000 0.000000
    7 0.000000 0.000000 0.000000 0.000000 0.000000 0.000000
    8 0.921903 -0.078127 0.089846 -0.010207 0.066556 0.096733
    9 0.000000 0.000000 0.000000 -0.012618 0.001648 -0.132164
    10 0.000000 0.000000 0.000000 0.000000 0.000000 0.000000
    11 0.000000 0.000000 0.000000 0.000000 0.000000 0.000000
    12 0.000000 0.000000 0.000000 0.000000 0.000000 0.000000
    13 0.000000 0.000000 0.000000 0.049363 0.000000 -0.000060
    14 0.000000 0.000000 0.000000 -0.000024 0.000000 0.131410
    15 0.000000 0.000000 0.000000 0.000000 0.000000 0.000000
    16 0.000000 0.000000 0.000000 0.000000 0.000000 0.000000
    17 0.000000 0.000000 0.000000 0.000000 0.000000 0.000000
    18 0.000000 0.000000 0.000000 0.000000 0.000000 0.000000
    19 0.000000 0.000000 0.000000 -0.013253 -0.000024 0.000000
    20 -0.152348 -0.023438 0.000000 0.000000 0.000000 -0.065674
    21 0.000000 0.000000 0.000000 -0.062996 0.103516 -0.015526
    22 0.000000 0.000000 0.000000 0.000000 0.000000 0.000000
    23 0.000000 0.000000 0.000000 0.000000 0.000000 0.000000
    24 0.000000 0.000000 0.000000 0.000000 0.000000 0.000000
    25 0.000000 0.000000 0.000000 0.000000 0.000000 0.000000
    26 0.000000 0.000000 0.000000 0.000000 0.000000 0.000000
    27 0.000000 0.000000 0.000000 0.000000 0.000000 0.000000
    28 0.000000 0.000000 0.000000 0.000000 0.000000 0.000000
    29 0.000000 0.000000 0.000000 0.000000 0.000000 0.000000
    30 0.000000 0.000000 0.000000 0.000000 0.000000 0.000000
    31 0.000000 0.000000 0.000000 0.000000 0.000000 0.000000
    32 0.000000 0.000000 0.000000 0.000000 0.000000 0.000000
    33 0.000000 0.000000 0.000000 0.000000 0.000000 0.000000
    34 0.000000 0.000000 0.000000 0.000000 0.000000 0.000000
    35 0.000000 0.000000 0.000000 0.000000 0.000000 0.000000
    36 0.000000 0.000000 0.000000 0.000000 0.000000 0.000000
    37 0.000000 0.000000 0.000000 0.000000 0.000000 0.000000
    38 0.000000 0.000000 0.000000 0.000000 0.000000 0.000000
    39 0.000000 0.000000 0.000000 0.000000 0.000000 0.000000
    40 0.000000 0.000000 0.000000 0.000000 0.000000 0.000000
    41 0.000000 0.000000 0.000000 0.000000 0.000000 0.000000
    42 0.000000 0.000000 0.000000 0.000000 0.000000 0.000000
    43 0.000000 0.000000 0.000000 0.000000 0.000000 0.000000
    44 0.000000 0.000000 0.000000 0.000000 0.000000 0.000000
    45 0.000000 0.000000 0.000000 0.000000 0.000000 0.000000
    46 0.000000 0.000000 0.000000 0.000000 0.000000 0.000000
    47 0.000000 0.000000 0.000000 0.000000 0.000000 0.000000
    48 0.000000 0.000000 0.000000 0.000000 0.000000 0.000000
    49 0.000000 0.000000 0.000000 0.000000 0.000000 0.000000
    50 0.000000 0.000000 0.000000 0.000000 0.000000 0.000000
    51 0.000000 0.000000 0.000000 0.000000 0.000000 0.000000
    52 0.000000 0.000000 0.000000 0.000000 0.000000 0.000000
    53 0.000000 0.000000 0.000000 0.000000 0.000000 0.000000
    54 0.000000 0.000000 0.000000 0.000000 0.000000 0.000000
    55 0.000000 0.000000 0.000000 0.000000 0.000000 0.000000
    56 0.000000 0.000000 0.000000 0.000000 0.000000 0.000000
    57 0.000000 0.000000 0.000000 0.000000 0.000000 0.000000
    58 0.000000 0.000000 0.000000 0.000000 0.000000 0.000000
    59 0.000000 0.000000 0.000000 0.000000 0.000000 0.000000
    60 0.000000 0.000000 0.000000 0.000000 0.000000 0.000000
    61 0.000000 0.000000 0.000000 0.000000 0.000000 0.000000
    62 0.000000 0.000000 0.000000 0.000000 0.000000 0.000000
    63 0.000000 0.000000 0.000000 0.000000 0.000000 0.000000
    64 0.000000 0.000000 0.000000 0.000000 0.000000 0.000000
    65 0.000000 0.000000 0.000000 0.000000 0.000000 0.000000
    66 0.000000 0.000000 0.000000 0.000000 0.000000 0.000000
    67 0.000000 0.000000 0.000000 0.000000 0.000000 0.000000
    68 0.000000 0.000000 0.000000 0.000000 0.000000 0.000000
    69 0.000000 0.000000 0.000000 0.000000 0.000000 0.000000
    70 0.000000 0.000000 0.000000 0.000000 0.000000 0.000000
    71 0.000000 0.000000 0.000000 0.000000 0.000000 0.000000
    72 0.000000 0.000000 0.000000 0.000000 0.000000 0.000000
    73 0.000000 0.000000 0.000000 0.000000 0.000000 0.000000
    74 0.000000 0.000000 0.000000 0.000000 0.000000 0.000000
    75 0.000000 0.000000 0.000000 0.000000 0.000000 0.000000
    76 0.000000 0.000000 0.000000 0.000000 0.000000 0.000000
    77 0.000000 0.000000 0.000000 0.000000 0.000000 0.000000
    78 0.000000 0.000000 0.000000 0.000000 0.000000 0.000000
    79 0.000000 0.000000 0.000000 0.000000 0.000000 0.000000
    80 0.000000 0.000000 0.000000 0.000000 0.000000 0.000000
    81 0.000000 0.000000 0.000000 0.000000 0.000000 0.000000
    82 0.000000 0.000000 0.000000 0.000000 0.000000 0.000000
    83 0.000000 0.000000 0.000000 0.000000 0.000000 0.000000
    84 0.000000 0.000000 0.000000 0.000000 0.000000 0.000000
    85 0.000000 0.000000 0.000000 0.000000 0.000000 0.000000
    86 0.000000 0.000000 0.000000 0.000000 0.000000 0.000000
    87 0.000000 0.000000 0.000000 0.000000 0.000000 0.000000
    88 0.000000 0.000000 0.000000 0.000000 0.000000 0.000000
    89 0.000000 0.000000 0.000000 0.000000 0.000000 0.000000
    90 0.000000 0.000000 0.000000 0.000000 0.000000 0.000000
    91 0.000000 0.000000 0.000000 0.000000 0.000000 0.000000
    92 0.000000 0.000000 0.000000 0.000000 0.000000 0.000000
    93 0.000000 0.000000 0.000000 0.000000 0.000000 0.000000
    94 0.000000 0.000000 0.000000 0.000000 0.000000 0.000000
    95 0.000000 0.000000 0.000000 0.000000 0.000000 0.000000
    96 0.000000 0.000000 0.000000 0.000000 0.000000 0.000000
    97 0.000000 0.000000 0.000000 0.000000 0.000000 0.000000
    98 0.000000 0.000000 0.000000 0.000000 0.000000 0.000000
    99 0.000000 0.000000 0.000000 0.000000 0.000000 0.000000
    100 0.000000 0.000000 0.000000 0.000000 0.000000 0.000000
    101 0.000000 0.000000 0.000000 0.000000 0.000000 0.000000
    102 0.000000 0.000000 0.000000 0.000000 0.000000 0.000000
    103 0.000000 0.000000 0.000000 0.000000 0.000000 0.000000
    104 0.000000 0.000000 0.000000 0.000000 0.000000 0.000000
    105 0.000000 0.000000 0.000000 0.000000 0.000000 0.000000
    106 0.000000 0.000000 0.000000 0.000000 0.000000 0.000000
    107 0.000000 0.000000 0.000000 0.000000 0.000000 0.000000
    108 0.000000 0.000000 0.000000 0.000000 0.000000 0.000000
    109 0.000000 0.000000 0.000000 0.000000 0.000000 0.000000
    110 0.000000 0.000000 0.000000 0.000000 0.000000 0.000000
    111 0.000000 0.000000 0.000000 0.000000 0.000000 -1.570796
    112 -0.328135 -1.078158 0.437513 -0.063087 0.006487 -1.670562
    113 0.000000 0.000000 0.000000 0.000000 0.000000 0.000000
    114 0.000000 0.000000 0.000000 0.000000 0.000000 -1.570796
    115 0.000000 0.000000 0.000000 0.000000 0.000000 0.000000
    116 0.000000 0.000000 0.000000 0.000000 0.000000 0.000000
    117 0.000000 0.000000 0.000000 0.000000 0.000000 0.000000
    118 0.000000 0.000000 0.000000 0.000000 0.000000 0.000000
    119 0.000000 0.000000 0.000000 0.000000 0.000000 0.000000
    120 0.000000 0.000000 0.000000 0.000000 0.000000 0.000000
    121 0.000000 0.000000 0.000000 0.000000 0.000000 0.000000
    122 0.000000 0.000000 0.000000 0.000000 0.000000 0.000000
    123 0.000000 0.000000 0.000000 0.000000 0.000000 0.000000
    124 0.000000 0.000000 0.000000 0.000000 0.000000 0.000000
    125 0.000000 0.000000 0.000000 0.000000 0.000000 0.000000
    126 0.000000 0.000000 0.000000 0.000000 0.000000 0.000000
    127 0.000000 0.000000 0.000000 0.000000 0.000000 0.000000
    128 0.000000 0.000000 0.000000 0.000000 0.000000 0.000000
    129 0.000000 0.000000 0.000000 0.000000 0.000000 0.000000
    130 0.000000 0.000000 0.000000 0.000000 0.000000 0.000000
    131 0.000000 0.000000 0.000000 0.000000 0.000000 0.000000
    132 0.000000 0.000000 0.000000 0.000000 0.000000 0.000000
    133 0.000000 0.000000 0.000000 0.000000 0.000000 0.000000
    134 0.000000 0.000000 0.000000 0.000000 0.000000 0.000000
    135 0.000000 0.000000 0.000000 0.000000 0.000000 0.000000
    136 0.000000 0.000000 0.000000 0.000000 0.000000 0.000000
    137 0.000000 0.000000 0.000000 0.000000 0.000000 0.000000
    138 0.000000 0.000000 0.000000 0.000000 0.000000 0.000000
    139 0.000000 0.000000 0.000000 0.000000 0.000000 0.000000
    140 0.000000 0.000000 0.000000 0.000000 0.000000 0.000000
    141 0.000000 0.000000 0.000000 0.000000 0.000000 0.000000
    142 0.000000 0.000000 0.000000 0.000000 0.000000 0.000000
    143 0.000000 0.000000 0.000000 0.000000 0.000000 0.000000
    144 0.000000 0.000000 0.000000 0.000000 0.000000 0.000000
    145 0.000000 0.000000 0.000000 0.000000 0.000000 0.000000
    146 0.000000 0.000000 0.000000 0.000000 0.000000 0.000000
    147 0.000000 0.000000 0.000000 0.000000 0.000000 0.000000
    148 0.000000 0.000000 0.000000 0.000000 0.000000 0.000000
    149 0.000000 0.000000 0.000000 0.000000 0.000000 0.000000
    150 0.000000 0.000000 0.000000 0.000000 0.000000 0.000000
    151 0.000000 0.000000 0.000000 0.000000 0.000000 0.000000
    152 0.000000 0.000000 0.000000 0.000000 0.000000 0.000000
    153 0.000000 0.000000 0.000000 0.000000 0.000000 0.000000
    154 0.000000 0.000000 0.000000 0.000000 0.000000 0.000000
    155 0.000000 0.000000 0.000000 0.000000 0.000000 0.000000
    156 0.000000 0.000000 0.000000 0.000000 0.000000 0.000000
    157 0.000000 0.000000 0.000000 0.000000 0.000000 0.000000
    158 0.000000 0.000000 0.000000 0.000000 0.000000 0.000000
    159 0.000000 0.000000 0.000000 0.000000 0.000000 0.000000
    160 0.000000 0.000000 0.000000 0.000000 0.000000 0.000000
    161 0.000000 0.000000 0.000000 0.000000 0.000000 0.000000
    162 0.000000 0.000000 0.000000 0.000000 0.000000 0.000000
    163 0.000000 0.000000 0.000000 0.000000 0.000000 0.000000
    164 0.000000 0.000000 0.000000 0.000000 0.000000 0.000000
    165 0.000000 0.000000 0.000000 0.000000 0.000000 0.000000
    166 0.000000 0.000000 0.000000 0.000000 0.000000 0.000000
    167 0.000000 0.000000 0.000000 0.000000 0.000000 0.000000
    168 0.000000 0.000000 0.000000 0.000000 0.000000 0.000000
    169 0.000000 0.000000 0.000000 0.000000 0.000000 0.000000
    170 0.000000 0.000000 0.000000 0.000000 0.000000 0.000000
    171 0.000000 0.000000 0.000000 0.000000 0.000000 0.000000
    172 0.000000 0.000000 0.000000 0.000000 0.000000 0.000000
    173 0.000000 0.000000 0.000000 0.000000 0.000000 0.000000
    174 0.000000 0.000000 0.000000 0.000000 0.000000 0.000000
    175 0.000000 0.000000 0.000000 0.000000 0.000000 0.000000
    176 0.000000 0.000000 0.000000 0.000000 0.000000 0.000000
    177 0.000000 0.000000 0.000000 0.000000 0.000000 0.000000
    178 0.000000 0.000000 0.000000 0.000000 0.000000 0.000000
    179 0.000000 0.000000 0.000000 0.000000 0.000000 0.000000
    180 0.000000 0.000000 0.000000 0.000000 0.000000 0.000000
    181 0.000000 0.000000 0.000000 0.000000 0.000000 0.000000
    182 0.000000 0.000000 0.000000 0.000000 0.000000 0.000000
    183 0.000000 0.000000 0.000000 0.000000 0.000000 0.000000
    184 0.000000 0.000000 0.000000 0.000000 0.000000 0.000000
    185 0.000000 0.000000 0.000000 0.000000 0.000000 0.000000
    186 0.000000 0.000000 0.000000 0.000000 0.000000 0.000000
    187 0.000000 0.000000 0.000000 0.000000 0.000000 0.000000
    188 0.000000 0.000000 0.000000 0.000000 0.000000 0.000000
    189 0.000000 0.000000 0.000000 0.000000 0.000000 0.000000
    190 0.000000 0.000000 0.000000 0.000000 0.000000 0.000000
    191 0.000000 0.000000 0.000000 -0.006625 0.000000 0.000000
    192 0.000000 0.000000 0.000000 0.000000 0.000000 0.000000
    193 0.000000 0.000000 0.000000 0.000000 0.000000 0.000000
    194 0.000000 0.000000 0.000000 0.000000 0.000000 0.000000
    195 0.000000 0.000000 0.000000 0.000000 0.000000 0.000000
    196 0.000000 0.000000 0.000000 0.000000 0.000000 0.000000
    197 0.000000 0.000000 0.000000 0.000000 0.000000 0.000000
    198 0.000000 0.000000 0.000000 0.000000 0.000000 0.000000
    199 0.000000 0.000000 0.000000 0.000000 0.000000 0.000000
    200 0.000000 0.000000 0.000000 0.000000 0.000000 0.000000
    201 0.000000 0.000000 0.000000 0.000000 0.000000 0.000000
    202 0.000000 0.000000 0.000000 0.000000 0.000000 0.000000
    203 0.000000 0.000000 0.000000 0.000000 0.000000 0.000000
    204 0.000000 0.000000 0.000000 0.000000 0.000000 0.000000
    205 0.000000 0.000000 0.000000 0.000000 0.000000 0.000000
    206 0.000000 0.000000 0.000000 0.000000 0.000000 0.000000
    207 0.000000 0.000000 0.000000 0.000000 0.000000 0.000000
    208 0.000000 0.000000 0.000000 0.000000 0.000000 0.000000
    209 0.000000 0.000000 0.000000 0.000000 0.000000 0.000000
    210 0.000000 0.000000 0.000000 0.000000 0.000000 0.000000
    211 0.000000 0.000000 0.000000 0.000000 0.000000 0.000000
    212 0.000000 0.000000 0.000000 0.000000 0.000000 0.000000
    213 0.000000 0.000000 0.000000 0.000000 0.000000 0.000000
    214 0.000000 0.000000 0.000000 0.000000 0.000000 0.000000
    215 0.000000 0.000000 0.000000 0.000000 0.000000 0.000000
    216 0.000000 0.000000 0.000000 0.000000 0.000000 0.000000
    217 0.000000 0.000000 0.000000 0.000000 0.000000 0.000000
    218 0.000000 0.000000 0.000000 0.000000 0.000000 0.000000
    219 0.000000 0.000000 0.000000 0.000000 0.000000 0.000000
    220 0.000000 0.000000 0.000000 0.000000 0.000000 0.000000
    221 0.000000 0.000000 0.000000 0.000000 0.000000 0.000000
    222 0.000000 0.000000 0.000000 0.000000 0.000000 0.000000
    223 0.000000 0.000000 0.000000 0.000000 0.000000 0.000000
    224 0.000000 0.000000 0.000000 0.000000 0.000000 0.000000
    225 0.000000 0.000000 0.000000 0.000000 0.000000 0.000000
    226 0.000000 0.000000 0.000000 0.000000 0.000000 0.000000
    227 1.019562 -1.386761 0.371105 -0.063087 0.006486 -0.099765
    228 0.000000 0.000000 0.000000 0.000000 0.000000 0.000000
    229 0.000000 0.000000 0.000000 0.000000 0.000000 0.000000
    230 0.000000 0.000000 0.000000 0.001942 0.000000 0.000000
    231 0.000000 0.000000 0.000000 0.000000 0.000000 0.000000
    232 0.000000 0.000000 0.000000 0.000000 0.000000 0.000000
    233 0.000000 0.000000 0.000000 0.000000 0.000000 0.000000
    234 -1.890683 -0.972686 0.351573 -0.063078 0.006489 -1.670607
    235 0.000000 0.000000 0.000000 0.000000 0.000000 0.000000
    236 0.000000 0.000000 0.000000 0.000000 0.000000 0.000000
    237 0.000000 0.000000 0.000000 0.000000 0.000000 0.000000
    238 0.000000 0.000000 0.000000 0.000000 0.000000 0.000000
    239 0.000000 0.000000 0.000000 0.000000 0.000000 0.000000
    240 0.000000 0.000000 0.000000 0.000000 0.000000 0.000000
    241 0.000000 0.000000 0.000000 0.000000 0.000000 0.000000
    242 0.000000 0.000000 0.000000 0.000000 0.000000 0.000000
    243 0.000000 0.000000 0.000000 0.000000 0.000000 0.000000
    244 0.000000 0.000000 0.000000 0.000000 0.000000 0.000000
    245 0.000000 0.000000 0.000000 0.000000 0.000000 0.000000
    246 0.000000 0.000000 0.000000 0.000000 0.000000 -1.570796
  time 61
    0 0.000000 0.000000 0.000000 0.000000 0.000000 -1.570796
    1 0.000000 0.000000 0.000000 0.000000 0.000000 0.000000
    2 0.000000 0.000000 0.000000 0.000000 0.000000 0.000000
    3 0.000000 0.000000 0.000000 0.000000 0.000000 0.000000
    4 0.000000 0.000000 0.000000 0.000000 0.000000 0.000000
    5 0.000000 0.000000 0.000000 0.000000 0.000000 0.000000
    6 0.000000 0.000000 0.000000 0.000000 0.000000 0.000000
    7 0.000000 0.000000 0.000000 0.000000 0.000000 0.000000
    8 0.988311 -0.035157 0.000000 -0.039126 0.010390 0.086868
    9 0.000000 0.000000 0.000000 -0.031737 0.005647 -0.086479
    10 0.000000 0.000000 0.000000 0.000000 0.000000 0.000000
    11 0.000000 0.000000 0.000000 0.000000 0.000000 0.000000
    12 0.000000 0.000000 0.000000 0.000000 0.000000 0.000000
    13 0.000000 0.000000 0.000000 0.049226 0.000000 0.000000
    14 0.000000 0.000000 0.000000 -0.000060 0.000000 0.088527
    15 0.000000 0.000000 0.000000 0.000000 0.000000 0.000000
    16 0.000000 0.000000 0.000000 0.000000 0.000000 0.000000
    17 0.000000 0.000000 0.000000 0.000000 0.000000 0.000000
    18 0.000000 0.000000 0.000000 0.000000 0.000000 0.000000
    19 0.000000 0.000000 0.000000 0.005593 -0.000060 0.000000
    20 -0.113285 -0.019532 0.000000 0.000000 0.000000 -0.044190
    21 0.000000 0.000000 0.000000 0.006784 0.124698 -0.002346
    22 0.000000 0.000000 0.000000 0.000000 0.000000 0.000000
    23 0.000000 0.000000 0.000000 0.000000 0.000000 0.000000
    24 0.000000 0.000000 0.000000 0.000000 0.000000 0.000000
    25 0.000000 0.000000 0.000000 0.000000 0.000000 0.000000
    26 0.000000 0.000000 0.000000 0.000000 0.000000 0.000000
    27 0.000000 0.000000 0.000000 0.000000 0.000000 0.000000
    28 0.000000 0.000000 0.000000 0.000000 0.000000 0.000000
    29 0.000000 0.000000 0.000000 0.000000 0.000000 0.000000
    30 0.000000 0.000000 0.000000 0.000000 0.000000 0.000000
    31 0.000000 0.000000 0.000000 0.000000 0.000000 0.000000
    32 0.000000 0.000000 0.000000 0.000000 0.000000 0.000000
    33 0.000000 0.000000 0.000000 0.000000 0.000000 0.000000
    34 0.000000 0.000000 0.000000 0.000000 0.000000 0.000000
    35 0.000000 0.000000 0.000000 0.000000 0.000000 0.000000
    36 0.000000 0.000000 0.000000 0.000000 0.000000 0.000000
    37 0.000000 0.000000 0.000000 0.000000 0.000000 0.000000
    38 0.000000 0.000000 0.000000 0.000000 0.000000 0.000000
    39 0.000000 0.000000 0.000000 0.000000 0.000000 0.000000
    40 0.000000 0.000000 0.000000 0.000000 0.000000 0.000000
    41 0.000000 0.000000 0.000000 0.000000 0.000000 0.000000
    42 0.000000 0.000000 0.000000 0.000000 0.000000 0.000000
    43 0.000000 0.000000 0.000000 0.000000 0.000000 0.000000
    44 0.000000 0.000000 0.000000 0.000000 0.000000 0.000000
    45 0.000000 0.000000 0.000000 0.000000 0.000000 0.000000
    46 0.000000 0.000000 0.000000 0.000000 0.000000 0.000000
    47 0.000000 0.000000 0.000000 0.000000 0.000000 0.000000
    48 0.000000 0.000000 0.000000 0.000000 0.000000 0.000000
    49 0.000000 0.000000 0.000000 0.000000 0.000000 0.000000
    50 0.000000 0.000000 0.000000 0.000000 0.000000 0.000000
    51 0.000000 0.000000 0.000000 0.000000 0.000000 0.000000
    52 0.000000 0.000000 0.000000 0.000000 0.000000 0.000000
    53 0.000000 0.000000 0.000000 0.000000 0.000000 0.000000
    54 0.000000 0.000000 0.000000 0.000000 0.000000 0.000000
    55 0.000000 0.000000 0.000000 0.000000 0.000000 0.000000
    56 0.000000 0.000000 0.000000 0.000000 0.000000 0.000000
    57 0.000000 0.000000 0.000000 0.000000 0.000000 0.000000
    58 0.000000 0.000000 0.000000 0.000000 0.000000 0.000000
    59 0.000000 0.000000 0.000000 0.000000 0.000000 0.000000
    60 0.000000 0.000000 0.000000 0.000000 0.000000 0.000000
    61 0.000000 0.000000 0.000000 0.000000 0.000000 0.000000
    62 0.000000 0.000000 0.000000 0.000000 0.000000 0.000000
    63 0.000000 0.000000 0.000000 0.000000 0.000000 0.000000
    64 0.000000 0.000000 0.000000 0.000000 0.000000 0.000000
    65 0.000000 0.000000 0.000000 0.000000 0.000000 0.000000
    66 0.000000 0.000000 0.000000 0.000000 0.000000 0.000000
    67 0.000000 0.000000 0.000000 0.000000 0.000000 0.000000
    68 0.000000 0.000000 0.000000 0.000000 0.000000 0.000000
    69 0.000000 0.000000 0.000000 0.000000 0.000000 0.000000
    70 0.000000 0.000000 0.000000 0.000000 0.000000 0.000000
    71 0.000000 0.000000 0.000000 0.000000 0.000000 0.000000
    72 0.000000 0.000000 0.000000 0.000000 0.000000 0.000000
    73 0.000000 0.000000 0.000000 0.000000 0.000000 0.000000
    74 0.000000 0.000000 0.000000 0.000000 0.000000 0.000000
    75 0.000000 0.000000 0.000000 0.000000 0.000000 0.000000
    76 0.000000 0.000000 0.000000 0.000000 0.000000 0.000000
    77 0.000000 0.000000 0.000000 0.000000 0.000000 0.000000
    78 0.000000 0.000000 0.000000 0.000000 0.000000 0.000000
    79 0.000000 0.000000 0.000000 0.000000 0.000000 0.000000
    80 0.000000 0.000000 0.000000 0.000000 0.000000 0.000000
    81 0.000000 0.000000 0.000000 0.000000 0.000000 0.000000
    82 0.000000 0.000000 0.000000 0.000000 0.000000 0.000000
    83 0.000000 0.000000 0.000000 0.000000 0.000000 0.000000
    84 0.000000 0.000000 0.000000 0.000000 0.000000 0.000000
    85 0.000000 0.000000 0.000000 0.000000 0.000000 0.000000
    86 0.000000 0.000000 0.000000 0.000000 0.000000 0.000000
    87 0.000000 0.000000 0.000000 0.000000 0.000000 0.000000
    88 0.000000 0.000000 0.000000 0.000000 0.000000 0.000000
    89 0.000000 0.000000 0.000000 0.000000 0.000000 0.000000
    90 0.000000 0.000000 0.000000 0.000000 0.000000 0.000000
    91 0.000000 0.000000 0.000000 0.000000 0.000000 0.000000
    92 0.000000 0.000000 0.000000 0.000000 0.000000 0.000000
    93 0.000000 0.000000 0.000000 0.000000 0.000000 0.000000
    94 0.000000 0.000000 0.000000 0.000000 0.000000 0.000000
    95 0.000000 0.000000 0.000000 0.000000 0.000000 0.000000
    96 0.000000 0.000000 0.000000 0.000000 0.000000 0.000000
    97 0.000000 0.000000 0.000000 0.000000 0.000000 0.000000
    98 0.000000 0.000000 0.000000 0.000000 0.000000 0.000000
    99 0.000000 0.000000 0.000000 0.000000 0.000000 0.000000
    100 0.000000 0.000000 0.000000 0.000000 0.000000 0.000000
    101 0.000000 0.000000 0.000000 0.000000 0.000000 0.000000
    102 0.000000 0.000000 0.000000 0.000000 0.000000 0.000000
    103 0.000000 0.000000 0.000000 0.000000 0.000000 0.000000
    104 0.000000 0.000000 0.000000 0.000000 0.000000 0.000000
    105 0.000000 0.000000 0.000000 0.000000 0.000000 0.000000
    106 0.000000 0.000000 0.000000 0.000000 0.000000 0.000000
    107 0.000000 0.000000 0.000000 0.000000 0.000000 0.000000
    108 0.000000 0.000000 0.000000 0.000000 0.000000 0.000000
    109 0.000000 0.000000 0.000000 0.000000 0.000000 0.000000
    110 0.000000 0.000000 0.000000 0.000000 0.000000 0.000000
    111 0.000000 0.000000 0.000000 0.000000 0.000000 -1.570796
    112 -0.183599 -0.972686 0.292978 0.000350 0.002444 -1.666832
    113 0.000000 0.000000 0.000000 0.000000 0.000000 0.000000
    114 0.000000 0.000000 0.000000 0.000000 0.000000 -1.570796
    115 0.000000 0.000000 0.000000 0.000000 0.000000 0.000000
    116 0.000000 0.000000 0.000000 0.000000 0.000000 0.000000
    117 0.000000 0.000000 0.000000 0.000000 0.000000 0.000000
    118 0.000000 0.000000 0.000000 0.000000 0.000000 0.000000
    119 0.000000 0.000000 0.000000 0.000000 0.000000 0.000000
    120 0.000000 0.000000 0.000000 0.000000 0.000000 0.000000
    121 0.000000 0.000000 0.000000 0.000000 0.000000 0.000000
    122 0.000000 0.000000 0.000000 0.000000 0.000000 0.000000
    123 0.000000 0.000000 0.000000 0.000000 0.000000 0.000000
    124 0.000000 0.000000 0.000000 0.000000 0.000000 0.000000
    125 0.000000 0.000000 0.000000 0.000000 0.000000 0.000000
    126 0.000000 0.000000 0.000000 0.000000 0.000000 0.000000
    127 0.000000 0.000000 0.000000 0.000000 0.000000 0.000000
    128 0.000000 0.000000 0.000000 0.000000 0.000000 0.000000
    129 0.000000 0.000000 0.000000 0.000000 0.000000 0.000000
    130 0.000000 0.000000 0.000000 0.000000 0.000000 0.000000
    131 0.000000 0.000000 0.000000 0.000000 0.000000 0.000000
    132 0.000000 0.000000 0.000000 0.000000 0.000000 0.000000
    133 0.000000 0.000000 0.000000 0.000000 0.000000 0.000000
    134 0.000000 0.000000 0.000000 0.000000 0.000000 0.000000
    135 0.000000 0.000000 0.000000 0.000000 0.000000 0.000000
    136 0.000000 0.000000 0.000000 0.000000 0.000000 0.000000
    137 0.000000 0.000000 0.000000 0.000000 0.000000 0.000000
    138 0.000000 0.000000 0.000000 0.000000 0.000000 0.000000
    139 0.000000 0.000000 0.000000 0.000000 0.000000 0.000000
    140 0.000000 0.000000 0.000000 0.000000 0.000000 0.000000
    141 0.000000 0.000000 0.000000 0.000000 0.000000 0.000000
    142 0.000000 0.000000 0.000000 0.000000 0.000000 0.000000
    143 0.000000 0.000000 0.000000 0.000000 0.000000 0.000000
    144 0.000000 0.000000 0.000000 0.000000 0.000000 0.000000
    145 0.000000 0.000000 0.000000 0.000000 0.000000 0.000000
    146 0.000000 0.000000 0.000000 0.000000 0.000000 0.000000
    147 0.000000 0.000000 0.000000 0.000000 0.000000 0.000000
    148 0.000000 0.000000 0.000000 0.000000 0.000000 0.000000
    149 0.000000 0.000000 0.000000 0.000000 0.000000 0.000000
    150 0.000000 0.000000 0.000000 0.000000 0.000000 0.000000
    151 0.000000 0.000000 0.000000 0.000000 0.000000 0.000000
    152 0.000000 0.000000 0.000000 0.000000 0.000000 0.000000
    153 0.000000 0.000000 0.000000 0.000000 0.000000 0.000000
    154 0.000000 0.000000 0.000000 0.000000 0.000000 0.000000
    155 0.000000 0.000000 0.000000 0.000000 0.000000 0.000000
    156 0.000000 0.000000 0.000000 0.000000 0.000000 0.000000
    157 0.000000 0.000000 0.000000 0.000000 0.000000 0.000000
    158 0.000000 0.000000 0.000000 0.000000 0.000000 0.000000
    159 0.000000 0.000000 0.000000 0.000000 0.000000 0.000000
    160 0.000000 0.000000 0.000000 0.000000 0.000000 0.000000
    161 0.000000 0.000000 0.000000 0.000000 0.000000 0.000000
    162 0.000000 0.000000 0.000000 0.000000 0.000000 0.000000
    163 0.000000 0.000000 0.000000 0.000000 0.000000 0.000000
    164 0.000000 0.000000 0.000000 0.000000 0.000000 0.000000
    165 0.000000 0.000000 0.000000 0.000000 0.000000 0.000000
    166 0.000000 0.000000 0.000000 0.000000 0.000000 0.000000
    167 0.000000 0.000000 0.000000 0.000000 0.000000 0.000000
    168 0.000000 0.000000 0.000000 0.000000 0.000000 0.000000
    169 0.000000 0.000000 0.000000 0.000000 0.000000 0.000000
    170 0.000000 0.000000 0.000000 0.000000 0.000000 0.000000
    171 0.000000 0.000000 0.000000 0.000000 0.000000 0.000000
    172 0.000000 0.000000 0.000000 0.000000 0.000000 0.000000
    173 0.000000 0.000000 0.000000 0.000000 0.000000 0.000000
    174 0.000000 0.000000 0.000000 0.000000 0.000000 0.000000
    175 0.000000 0.000000 0.000000 0.000000 0.000000 0.000000
    176 0.000000 0.000000 0.000000 0.000000 0.000000 0.000000
    177 0.000000 0.000000 0.000000 0.000000 0.000000 0.000000
    178 0.000000 0.000000 0.000000 0.000000 0.000000 0.000000
    179 0.000000 0.000000 0.000000 0.000000 0.000000 0.000000
    180 0.000000 0.000000 0.000000 0.000000 0.000000 0.000000
    181 0.000000 0.000000 0.000000 0.000000 0.000000 0.000000
    182 0.000000 0.000000 0.000000 0.000000 0.000000 0.000000
    183 0.000000 0.000000 0.000000 0.000000 0.000000 0.000000
    184 0.000000 0.000000 0.000000 0.000000 0.000000 0.000000
    185 0.000000 0.000000 0.000000 0.000000 0.000000 0.000000
    186 0.000000 0.000000 0.000000 0.000000 0.000000 0.000000
    187 0.000000 0.000000 0.000000 0.000000 0.000000 0.000000
    188 0.000000 0.000000 0.000000 0.000000 0.000000 0.000000
    189 0.000000 0.000000 0.000000 0.000000 0.000000 0.000000
    190 0.000000 0.000000 0.000000 0.000000 0.000000 0.000000
    191 0.000000 0.000000 0.000000 0.002777 0.000000 0.000000
    192 0.000000 0.000000 0.000000 0.000000 0.000000 0.000000
    193 0.000000 0.000000 0.000000 0.000000 0.000000 0.000000
    194 0.000000 0.000000 0.000000 0.000000 0.000000 0.000000
    195 0.000000 0.000000 0.000000 0.000000 0.000000 0.000000
    196 0.000000 0.000000 0.000000 0.000000 0.000000 0.000000
    197 0.000000 0.000000 0.000000 0.000000 0.000000 0.000000
    198 0.000000 0.000000 0.000000 0.000000 0.000000 0.000000
    199 0.000000 0.000000 0.000000 0.000000 0.000000 0.000000
    200 0.000000 0.000000 0.000000 0.000000 0.000000 0.000000
    201 0.000000 0.000000 0.000000 0.000000 0.000000 0.000000
    202 0.000000 0.000000 0.000000 0.000000 0.000000 0.000000
    203 0.000000 0.000000 0.000000 0.000000 0.000000 0.000000
    204 0.000000 0.000000 0.000000 0.000000 0.000000 0.000000
    205 0.000000 0.000000 0.000000 0.000000 0.000000 0.000000
    206 0.000000 0.000000 0.000000 0.000000 0.000000 0.000000
    207 0.000000 0.000000 0.000000 0.000000 0.000000 0.000000
    208 0.000000 0.000000 0.000000 0.000000 0.000000 0.000000
    209 0.000000 0.000000 0.000000 0.000000 0.000000 0.000000
    210 0.000000 0.000000 0.000000 0.000000 0.000000 0.000000
    211 0.000000 0.000000 0.000000 0.000000 0.000000 0.000000
    212 0.000000 0.000000 0.000000 0.000000 0.000000 0.000000
    213 0.000000 0.000000 0.000000 0.000000 0.000000 0.000000
    214 0.000000 0.000000 0.000000 0.000000 0.000000 0.000000
    215 0.000000 0.000000 0.000000 0.000000 0.000000 0.000000
    216 0.000000 0.000000 0.000000 0.000000 0.000000 0.000000
    217 0.000000 0.000000 0.000000 0.000000 0.000000 0.000000
    218 0.000000 0.000000 0.000000 0.000000 0.000000 0.000000
    219 0.000000 0.000000 0.000000 0.000000 0.000000 0.000000
    220 0.000000 0.000000 0.000000 0.000000 0.000000 0.000000
    221 0.000000 0.000000 0.000000 0.000000 0.000000 0.000000
    222 0.000000 0.000000 0.000000 0.000000 0.000000 0.000000
    223 0.000000 0.000000 0.000000 0.000000 0.000000 0.000000
    224 0.000000 0.000000 0.000000 0.000000 0.000000 0.000000
    225 0.000000 0.000000 0.000000 0.000000 0.000000 0.000000
    226 0.000000 0.000000 0.000000 0.000000 0.000000 0.000000
    227 0.925810 -1.179724 0.269539 0.000350 0.002443 -0.096035
    228 0.000000 0.000000 0.000000 0.000000 0.000000 0.000000
    229 0.000000 0.000000 0.000000 0.000000 0.000000 0.000000
    230 0.000000 0.000000 0.000000 0.001462 0.000000 0.000000
    231 0.000000 0.000000 0.000000 0.000000 0.000000 0.000000
    232 0.000000 0.000000 0.000000 0.000000 0.000000 0.000000
    233 0.000000 0.000000 0.000000 0.000000 0.000000 0.000000
    234 -1.535203 -0.902371 0.257820 0.000349 0.002438 -1.666776
    235 0.000000 0.000000 0.000000 0.000000 0.000000 0.000000
    236 0.000000 0.000000 0.000000 0.000000 0.000000 0.000000
    237 0.000000 0.000000 0.000000 0.000000 0.000000 0.000000
    238 0.000000 0.000000 0.000000 0.000000 0.000000 0.000000
    239 0.000000 0.000000 0.000000 0.000000 0.000000 0.000000
    240 0.000000 0.000000 0.000000 0.000000 0.000000 0.000000
    241 0.000000 0.000000 0.000000 0.000000 0.000000 0.000000
    242 0.000000 0.000000 0.000000 0.000000 0.000000 0.000000
    243 0.000000 0.000000 0.000000 0.000000 0.000000 0.000000
    244 0.000000 0.000000 0.000000 0.000000 0.000000 0.000000
    245 0.000000 0.000000 0.000000 0.000000 0.000000 0.000000
    246 0.000000 0.000000 0.000000 0.000000 0.000000 -1.570796
  time 62
    0 0.000000 0.000000 0.000000 0.000000 0.000000 -1.570796
    1 0.000000 0.000000 0.000000 0.000000 0.000000 0.000000
    2 0.000000 0.000000 0.000000 0.000000 0.000000 0.000000
    3 0.000000 0.000000 0.000000 0.000000 0.000000 0.000000
    4 0.000000 0.000000 0.000000 0.000000 0.000000 0.000000
    5 0.000000 0.000000 0.000000 0.000000 0.000000 0.000000
    6 0.000000 0.000000 0.000000 0.000000 0.000000 0.000000
    7 0.000000 0.000000 0.000000 0.000000 0.000000 0.000000
    8 0.835963 0.007813 -0.199225 -0.045647 -0.019545 0.066564
    9 0.000000 0.000000 0.000000 -0.030685 0.006838 -0.043378
    10 0.000000 0.000000 0.000000 0.000000 0.000000 0.000000
    11 0.000000 0.000000 0.000000 0.000000 0.000000 0.000000
    12 0.000000 0.000000 0.000000 0.000000 0.000000 0.000000
    13 0.000000 0.000000 0.000000 0.035305 0.000000 -0.000060
    14 0.000000 0.000000 0.000000 -0.000060 0.000024 0.060067
    15 0.000000 0.000000 0.000000 0.000000 0.000000 0.000000
    16 0.000000 0.000000 0.000000 0.000000 0.000000 0.000000
    17 0.000000 0.000000 0.000000 0.000000 0.000000 0.000000
    18 0.000000 0.000000 0.000000 0.000000 0.000000 0.000000
    19 0.000000 0.000000 0.000000 0.015923 0.000000 0.000000
    20 -0.074221 -0.011719 0.000000 0.000000 0.000000 -0.029460
    21 0.000000 0.000000 0.000000 0.028409 0.113112 -0.002446
    22 0.000000 0.000000 0.000000 0.000000 0.000000 0.000000
    23 0.000000 0.000000 0.000000 0.000000 0.000000 0.000000
    24 0.000000 0.000000 0.000000 0.000000 0.000000 0.000000
    25 0.000000 0.000000 0.000000 0.000000 0.000000 0.000000
    26 0.000000 0.000000 0.000000 0.000000 0.000000 0.000000
    27 0.000000 0.000000 0.000000 0.000000 0.000000 0.000000
    28 0.000000 0.000000 0.000000 0.000000 0.000000 0.000000
    29 0.000000 0.000000 0.000000 0.000000 0.000000 0.000000
    30 0.000000 0.000000 0.000000 0.000000 0.000000 0.000000
    31 0.000000 0.000000 0.000000 0.000000 0.000000 0.000000
    32 0.000000 0.000000 0.000000 0.000000 0.000000 0.000000
    33 0.000000 0.000000 0.000000 0.000000 0.000000 0.000000
    34 0.000000 0.000000 0.000000 0.000000 0.000000 0.000000
    35 0.000000 0.000000 0.000000 0.000000 0.000000 0.000000
    36 0.000000 0.000000 0.000000 0.000000 0.000000 0.000000
    37 0.000000 0.000000 0.000000 0.000000 0.000000 0.000000
    38 0.000000 0.000000 0.000000 0.000000 0.000000 0.000000
    39 0.000000 0.000000 0.000000 0.000000 0.000000 0.000000
    40 0.000000 0.000000 0.000000 0.000000 0.000000 0.000000
    41 0.000000 0.000000 0.000000 0.000000 0.000000 0.000000
    42 0.000000 0.000000 0.000000 0.000000 0.000000 0.000000
    43 0.000000 0.000000 0.000000 0.000000 0.000000 0.000000
    44 0.000000 0.000000 0.000000 0.000000 0.000000 0.000000
    45 0.000000 0.000000 0.000000 0.000000 0.000000 0.000000
    46 0.000000 0.000000 0.000000 0.000000 0.000000 0.000000
    47 0.000000 0.000000 0.000000 0.000000 0.000000 0.000000
    48 0.000000 0.000000 0.000000 0.000000 0.000000 0.000000
    49 0.000000 0.000000 0.000000 0.000000 0.000000 0.000000
    50 0.000000 0.000000 0.000000 0.000000 0.000000 0.000000
    51 0.000000 0.000000 0.000000 0.000000 0.000000 0.000000
    52 0.000000 0.000000 0.000000 0.000000 0.000000 0.000000
    53 0.000000 0.000000 0.000000 0.000000 0.000000 0.000000
    54 0.000000 0.000000 0.000000 0.000000 0.000000 0.000000
    55 0.000000 0.000000 0.000000 0.000000 0.000000 0.000000
    56 0.000000 0.000000 0.000000 0.000000 0.000000 0.000000
    57 0.000000 0.000000 0.000000 0.000000 0.000000 0.000000
    58 0.000000 0.000000 0.000000 0.000000 0.000000 0.000000
    59 0.000000 0.000000 0.000000 0.000000 0.000000 0.000000
    60 0.000000 0.000000 0.000000 0.000000 0.000000 0.000000
    61 0.000000 0.000000 0.000000 0.000000 0.000000 0.000000
    62 0.000000 0.000000 0.000000 0.000000 0.000000 0.000000
    63 0.000000 0.000000 0.000000 0.000000 0.000000 0.000000
    64 0.000000 0.000000 0.000000 0.000000 0.000000 0.000000
    65 0.000000 0.000000 0.000000 0.000000 0.000000 0.000000
    66 0.000000 0.000000 0.000000 0.000000 0.000000 0.000000
    67 0.000000 0.000000 0.000000 0.000000 0.000000 0.000000
    68 0.000000 0.000000 0.000000 0.000000 0.000000 0.000000
    69 0.000000 0.000000 0.000000 0.000000 0.000000 0.000000
    70 0.000000 0.000000 0.000000 0.000000 0.000000 0.000000
    71 0.000000 0.000000 0.000000 0.000000 0.000000 0.000000
    72 0.000000 0.000000 0.000000 0.000000 0.000000 0.000000
    73 0.000000 0.000000 0.000000 0.000000 0.000000 0.000000
    74 0.000000 0.000000 0.000000 0.000000 0.000000 0.000000
    75 0.000000 0.000000 0.000000 0.000000 0.000000 0.000000
    76 0.000000 0.000000 0.000000 0.000000 0.000000 0.000000
    77 0.000000 0.000000 0.000000 0.000000 0.000000 0.000000
    78 0.000000 0.000000 0.000000 0.000000 0.000000 0.000000
    79 0.000000 0.000000 0.000000 0.000000 0.000000 0.000000
    80 0.000000 0.000000 0.000000 0.000000 0.000000 0.000000
    81 0.000000 0.000000 0.000000 0.000000 0.000000 0.000000
    82 0.000000 0.000000 0.000000 0.000000 0.000000 0.000000
    83 0.000000 0.000000 0.000000 0.000000 0.000000 0.000000
    84 0.000000 0.000000 0.000000 0.000000 0.000000 0.000000
    85 0.000000 0.000000 0.000000 0.000000 0.000000 0.000000
    86 0.000000 0.000000 0.000000 0.000000 0.000000 0.000000
    87 0.000000 0.000000 0.000000 0.000000 0.000000 0.000000
    88 0.000000 0.000000 0.000000 0.000000 0.000000 0.000000
    89 0.000000 0.000000 0.000000 0.000000 0.000000 0.000000
    90 0.000000 0.000000 0.000000 0.000000 0.000000 0.000000
    91 0.000000 0.000000 0.000000 0.000000 0.000000 0.000000
    92 0.000000 0.000000 0.000000 0.000000 0.000000 0.000000
    93 0.000000 0.000000 0.000000 0.000000 0.000000 0.000000
    94 0.000000 0.000000 0.000000 0.000000 0.000000 0.000000
    95 0.000000 0.000000 0.000000 0.000000 0.000000 0.000000
    96 0.000000 0.000000 0.000000 0.000000 0.000000 0.000000
    97 0.000000 0.000000 0.000000 0.000000 0.000000 0.000000
    98 0.000000 0.000000 0.000000 0.000000 0.000000 0.000000
    99 0.000000 0.000000 0.000000 0.000000 0.000000 0.000000
    100 0.000000 0.000000 0.000000 0.000000 0.000000 0.000000
    101 0.000000 0.000000 0.000000 0.000000 0.000000 0.000000
    102 0.000000 0.000000 0.000000 0.000000 0.000000 0.000000
    103 0.000000 0.000000 0.000000 0.000000 0.000000 0.000000
    104 0.000000 0.000000 0.000000 0.000000 0.000000 0.000000
    105 0.000000 0.000000 0.000000 0.000000 0.000000 0.000000
    106 0.000000 0.000000 0.000000 0.000000 0.000000 0.000000
    107 0.000000 0.000000 0.000000 0.000000 0.000000 0.000000
    108 0.000000 0.000000 0.000000 0.000000 0.000000 0.000000
    109 0.000000 0.000000 0.000000 0.000000 0.000000 0.000000
    110 0.000000 0.000000 0.000000 0.000000 0.000000 0.000000
    111 0.000000 0.000000 0.000000 0.000000 0.000000 -1.570796
    112 -0.066408 -0.746117 0.023438 0.031543 -0.000533 -1.647252
    113 0.000000 0.000000 0.000000 0.000000 0.000000 0.000000
    114 0.000000 0.000000 0.000000 0.000000 0.000000 -1.570796
    115 0.000000 0.000000 0.000000 0.000000 0.000000 0.000000
    116 0.000000 0.000000 0.000000 0.000000 0.000000 0.000000
    117 0.000000 0.000000 0.000000 0.000000 0.000000 0.000000
    118 0.000000 0.000000 0.000000 0.000000 0.000000 0.000000
    119 0.000000 0.000000 0.000000 0.000000 0.000000 0.000000
    120 0.000000 0.000000 0.000000 0.000000 0.000000 0.000000
    121 0.000000 0.000000 0.000000 0.000000 0.000000 0.000000
    122 0.000000 0.000000 0.000000 0.000000 0.000000 0.000000
    123 0.000000 0.000000 0.000000 0.000000 0.000000 0.000000
    124 0.000000 0.000000 0.000000 0.000000 0.000000 0.000000
    125 0.000000 0.000000 0.000000 0.000000 0.000000 0.000000
    126 0.000000 0.000000 0.000000 0.000000 0.000000 0.000000
    127 0.000000 0.000000 0.000000 0.000000 0.000000 0.000000
    128 0.000000 0.000000 0.000000 0.000000 0.000000 0.000000
    129 0.000000 0.000000 0.000000 0.000000 0.000000 0.000000
    130 0.000000 0.000000 0.000000 0.000000 0.000000 0.000000
    131 0.000000 0.000000 0.000000 0.000000 0.000000 0.000000
    132 0.000000 0.000000 0.000000 0.000000 0.000000 0.000000
    133 0.000000 0.000000 0.000000 0.000000 0.000000 0.000000
    134 0.000000 0.000000 0.000000 0.000000 0.000000 0.000000
    135 0.000000 0.000000 0.000000 0.000000 0.000000 0.000000
    136 0.000000 0.000000 0.000000 0.000000 0.000000 0.000000
    137 0.000000 0.000000 0.000000 0.000000 0.000000 0.000000
    138 0.000000 0.000000 0.000000 0.000000 0.000000 0.000000
    139 0.000000 0.000000 0.000000 0.000000 0.000000 0.000000
    140 0.000000 0.000000 0.000000 0.000000 0.000000 0.000000
    141 0.000000 0.000000 0.000000 0.000000 0.000000 0.000000
    142 0.000000 0.000000 0.000000 0.000000 0.000000 0.000000
    143 0.000000 0.000000 0.000000 0.000000 0.000000 0.000000
    144 0.000000 0.000000 0.000000 0.000000 0.000000 0.000000
    145 0.000000 0.000000 0.000000 0.000000 0.000000 0.000000
    146 0.000000 0.000000 0.000000 0.000000 0.000000 0.000000
    147 0.000000 0.000000 0.000000 0.000000 0.000000 0.000000
    148 0.000000 0.000000 0.000000 0.000000 0.000000 0.000000
    149 0.000000 0.000000 0.000000 0.000000 0.000000 0.000000
    150 0.000000 0.000000 0.000000 0.000000 0.000000 0.000000
    151 0.000000 0.000000 0.000000 0.000000 0.000000 0.000000
    152 0.000000 0.000000 0.000000 0.000000 0.000000 0.000000
    153 0.000000 0.000000 0.000000 0.000000 0.000000 0.000000
    154 0.000000 0.000000 0.000000 0.000000 0.000000 0.000000
    155 0.000000 0.000000 0.000000 0.000000 0.000000 0.000000
    156 0.000000 0.000000 0.000000 0.000000 0.000000 0.000000
    157 0.000000 0.000000 0.000000 0.000000 0.000000 0.000000
    158 0.000000 0.000000 0.000000 0.000000 0.000000 0.000000
    159 0.000000 0.000000 0.000000 0.000000 0.000000 0.000000
    160 0.000000 0.000000 0.000000 0.000000 0.000000 0.000000
    161 0.000000 0.000000 0.000000 0.000000 0.000000 0.000000
    162 0.000000 0.000000 0.000000 0.000000 0.000000 0.000000
    163 0.000000 0.000000 0.000000 0.000000 0.000000 0.000000
    164 0.000000 0.000000 0.000000 0.000000 0.000000 0.000000
    165 0.000000 0.000000 0.000000 0.000000 0.000000 0.000000
    166 0.000000 0.000000 0.000000 0.000000 0.000000 0.000000
    167 0.000000 0.000000 0.000000 0.000000 0.000000 0.000000
    168 0.000000 0.000000 0.000000 0.000000 0.000000 0.000000
    169 0.000000 0.000000 0.000000 0.000000 0.000000 0.000000
    170 0.000000 0.000000 0.000000 0.000000 0.000000 0.000000
    171 0.000000 0.000000 0.000000 0.000000 0.000000 0.000000
    172 0.000000 0.000000 0.000000 0.000000 0.000000 0.000000
    173 0.000000 0.000000 0.000000 0.000000 0.000000 0.000000
    174 0.000000 0.000000 0.000000 0.000000 0.000000 0.000000
    175 0.000000 0.000000 0.000000 0.000000 0.000000 0.000000
    176 0.000000 0.000000 0.000000 0.000000 0.000000 0.000000
    177 0.000000 0.000000 0.000000 0.000000 0.000000 0.000000
    178 0.000000 0.000000 0.000000 0.000000 0.000000 0.000000
    179 0.000000 0.000000 0.000000 0.000000 0.000000 0.000000
    180 0.000000 0.000000 0.000000 0.000000 0.000000 0.000000
    181 0.000000 0.000000 0.000000 0.000000 0.000000 0.000000
    182 0.000000 0.000000 0.000000 0.000000 0.000000 0.000000
    183 0.000000 0.000000 0.000000 0.000000 0.000000 0.000000
    184 0.000000 0.000000 0.000000 0.000000 0.000000 0.000000
    185 0.000000 0.000000 0.000000 0.000000 0.000000 0.000000
    186 0.000000 0.000000 0.000000 0.000000 0.000000 0.000000
    187 0.000000 0.000000 0.000000 0.000000 0.000000 0.000000
    188 0.000000 0.000000 0.000000 0.000000 0.000000 0.000000
    189 0.000000 0.000000 0.000000 0.000000 0.000000 0.000000
    190 0.000000 0.000000 0.000000 0.000000 0.000000 0.000000
    191 0.000000 0.000000 0.000000 0.007963 0.000000 0.000000
    192 0.000000 0.000000 0.000000 0.000000 0.000000 0.000000
    193 0.000000 0.000000 0.000000 0.000000 0.000000 0.000000
    194 0.000000 0.000000 0.000000 0.000000 0.000000 0.000000
    195 0.000000 0.000000 0.000000 0.000000 0.000000 0.000000
    196 0.000000 0.000000 0.000000 0.000000 0.000000 0.000000
    197 0.000000 0.000000 0.000000 0.000000 0.000000 0.000000
    198 0.000000 0.000000 0.000000 0.000000 0.000000 0.000000
    199 0.000000 0.000000 0.000000 0.000000 0.000000 0.000000
    200 0.000000 0.000000 0.000000 0.000000 0.000000 0.000000
    201 0.000000 0.000000 0.000000 0.000000 0.000000 0.000000
    202 0.000000 0.000000 0.000000 0.000000 0.000000 0.000000
    203 0.000000 0.000000 0.000000 0.000000 0.000000 0.000000
    204 0.000000 0.000000 0.000000 0.000000 0.000000 0.000000
    205 0.000000 0.000000 0.000000 0.000000 0.000000 0.000000
    206 0.000000 0.000000 0.000000 0.000000 0.000000 0.000000
    207 0.000000 0.000000 0.000000 0.000000 0.000000 0.000000
    208 0.000000 0.000000 0.000000 0.000000 0.000000 0.000000
    209 0.000000 0.000000 0.000000 0.000000 0.000000 0.000000
    210 0.000000 0.000000 0.000000 0.000000 0.000000 0.000000
    211 0.000000 0.000000 0.000000 0.000000 0.000000 0.000000
    212 0.000000 0.000000 0.000000 0.000000 0.000000 0.000000
    213 0.000000 0.000000 0.000000 0.000000 0.000000 0.000000
    214 0.000000 0.000000 0.000000 0.000000 0.000000 0.000000
    215 0.000000 0.000000 0.000000 0.000000 0.000000 0.000000
    216 0.000000 0.000000 0.000000 0.000000 0.000000 0.000000
    217 0.000000 0.000000 0.000000 0.000000 0.000000 0.000000
    218 0.000000 0.000000 0.000000 0.000000 0.000000 0.000000
    219 0.000000 0.000000 0.000000 0.000000 0.000000 0.000000
    220 0.000000 0.000000 0.000000 0.000000 0.000000 0.000000
    221 0.000000 0.000000 0.000000 0.000000 0.000000 0.000000
    222 0.000000 0.000000 0.000000 0.000000 0.000000 0.000000
    223 0.000000 0.000000 0.000000 0.000000 0.000000 0.000000
    224 0.000000 0.000000 0.000000 0.000000 0.000000 0.000000
    225 0.000000 0.000000 0.000000 0.000000 0.000000 0.000000
    226 0.000000 0.000000 0.000000 0.000000 0.000000 0.000000
    227 0.718772 -0.847682 0.031251 0.031543 -0.000533 -0.076455
    228 0.000000 0.000000 0.000000 0.000000 0.000000 0.000000
    229 0.000000 0.000000 0.000000 0.000000 0.000000 0.000000
    230 0.000000 0.000000 0.000000 0.000971 0.000000 0.000000
    231 0.000000 0.000000 0.000000 0.000000 0.000000 0.000000
    232 0.000000 0.000000 0.000000 0.000000 0.000000 0.000000
    233 0.000000 0.000000 0.000000 0.000000 0.000000 0.000000
    234 -1.062532 -0.710959 0.035157 0.031539 -0.000563 -1.647235
    235 0.000000 0.000000 0.000000 0.000000 0.000000 0.000000
    236 0.000000 0.000000 0.000000 0.000000 0.000000 0.000000
    237 0.000000 0.000000 0.000000 0.000000 0.000000 0.000000
    238 0.000000 0.000000 0.000000 0.000000 0.000000 0.000000
    239 0.000000 0.000000 0.000000 0.000000 0.000000 0.000000
    240 0.000000 0.000000 0.000000 0.000000 0.000000 0.000000
    241 0.000000 0.000000 0.000000 0.000000 0.000000 0.000000
    242 0.000000 0.000000 0.000000 0.000000 0.000000 0.000000
    243 0.000000 0.000000 0.000000 0.000000 0.000000 0.000000
    244 0.000000 0.000000 0.000000 0.000000 0.000000 0.000000
    245 0.000000 0.000000 0.000000 0.000000 0.000000 0.000000
    246 0.000000 0.000000 0.000000 0.000000 0.000000 -1.570796
  time 63
    0 0.000000 0.000000 0.000000 0.000000 0.000000 -1.570796
    1 0.000000 0.000000 0.000000 0.000000 0.000000 0.000000
    2 0.000000 0.000000 0.000000 0.000000 0.000000 0.000000
    3 0.000000 0.000000 0.000000 0.000000 0.000000 0.000000
    4 0.000000 0.000000 0.000000 0.000000 0.000000 0.000000
    5 0.000000 0.000000 0.000000 0.000000 0.000000 0.000000
    6 0.000000 0.000000 0.000000 0.000000 0.000000 0.000000
    7 0.000000 0.000000 0.000000 0.000000 0.000000 0.000000
    8 0.492203 0.035157 -0.273446 -0.032699 -0.025358 0.037735
    9 0.000000 0.000000 0.000000 -0.017398 0.004396 -0.011168
    10 0.000000 0.000000 0.000000 0.000000 0.000000 0.000000
    11 0.000000 0.000000 0.000000 0.000000 0.000000 0.000000
    12 0.000000 0.000000 0.000000 0.000000 0.000000 0.000000
    13 0.000000 0.000000 0.000000 0.017652 0.000000 -0.000024
    14 0.000000 0.000000 0.000000 -0.000060 0.000060 0.031606
    15 0.000000 0.000000 0.000000 0.000000 0.000000 0.000000
    16 0.000000 0.000000 0.000000 0.000000 0.000000 0.000000
    17 0.000000 0.000000 0.000000 0.000000 0.000000 0.000000
    18 0.000000 0.000000 0.000000 0.000000 0.000000 0.000000
    19 0.000000 0.000000 0.000000 0.014462 0.000000 -0.000060
    20 -0.035157 -0.003906 0.000000 0.000000 0.000000 -0.014730
    21 0.000000 0.000000 0.000000 0.022230 0.072024 -0.004793
    22 0.000000 0.000000 0.000000 0.000000 0.000000 0.000000
    23 0.000000 0.000000 0.000000 0.000000 0.000000 0.000000
    24 0.000000 0.000000 0.000000 0.000000 0.000000 0.000000
    25 0.000000 0.000000 0.000000 0.000000 0.000000 0.000000
    26 0.000000 0.000000 0.000000 0.000000 0.000000 0.000000
    27 0.000000 0.000000 0.000000 0.000000 0.000000 0.000000
    28 0.000000 0.000000 0.000000 0.000000 0.000000 0.000000
    29 0.000000 0.000000 0.000000 0.000000 0.000000 0.000000
    30 0.000000 0.000000 0.000000 0.000000 0.000000 0.000000
    31 0.000000 0.000000 0.000000 0.000000 0.000000 0.000000
    32 0.000000 0.000000 0.000000 0.000000 0.000000 0.000000
    33 0.000000 0.000000 0.000000 0.000000 0.000000 0.000000
    34 0.000000 0.000000 0.000000 0.000000 0.000000 0.000000
    35 0.000000 0.000000 0.000000 0.000000 0.000000 0.000000
    36 0.000000 0.000000 0.000000 0.000000 0.000000 0.000000
    37 0.000000 0.000000 0.000000 0.000000 0.000000 0.000000
    38 0.000000 0.000000 0.000000 0.000000 0.000000 0.000000
    39 0.000000 0.000000 0.000000 0.000000 0.000000 0.000000
    40 0.000000 0.000000 0.000000 0.000000 0.000000 0.000000
    41 0.000000 0.000000 0.000000 0.000000 0.000000 0.000000
    42 0.000000 0.000000 0.000000 0.000000 0.000000 0.000000
    43 0.000000 0.000000 0.000000 0.000000 0.000000 0.000000
    44 0.000000 0.000000 0.000000 0.000000 0.000000 0.000000
    45 0.000000 0.000000 0.000000 0.000000 0.000000 0.000000
    46 0.000000 0.000000 0.000000 0.000000 0.000000 0.000000
    47 0.000000 0.000000 0.000000 0.000000 0.000000 0.000000
    48 0.000000 0.000000 0.000000 0.000000 0.000000 0.000000
    49 0.000000 0.000000 0.000000 0.000000 0.000000 0.000000
    50 0.000000 0.000000 0.000000 0.000000 0.000000 0.000000
    51 0.000000 0.000000 0.000000 0.000000 0.000000 0.000000
    52 0.000000 0.000000 0.000000 0.000000 0.000000 0.000000
    53 0.000000 0.000000 0.000000 0.000000 0.000000 0.000000
    54 0.000000 0.000000 0.000000 0.000000 0.000000 0.000000
    55 0.000000 0.000000 0.000000 0.000000 0.000000 0.000000
    56 0.000000 0.000000 0.000000 0.000000 0.000000 0.000000
    57 0.000000 0.000000 0.000000 0.000000 0.000000 0.000000
    58 0.000000 0.000000 0.000000 0.000000 0.000000 0.000000
    59 0.000000 0.000000 0.000000 0.000000 0.000000 0.000000
    60 0.000000 0.000000 0.000000 0.000000 0.000000 0.000000
    61 0.000000 0.000000 0.000000 0.000000 0.000000 0.000000
    62 0.000000 0.000000 0.000000 0.000000 0.000000 0.000000
    63 0.000000 0.000000 0.000000 0.000000 0.000000 0.000000
    64 0.000000 0.000000 0.000000 0.000000 0.000000 0.000000
    65 0.000000 0.000000 0.000000 0.000000 0.000000 0.000000
    66 0.000000 0.000000 0.000000 0.000000 0.000000 0.000000
    67 0.000000 0.000000 0.000000 0.000000 0.000000 0.000000
    68 0.000000 0.000000 0.000000 0.000000 0.000000 0.000000
    69 0.000000 0.000000 0.000000 0.000000 0.000000 0.000000
    70 0.000000 0.000000 0.000000 0.000000 0.000000 0.000000
    71 0.000000 0.000000 0.000000 0.000000 0.000000 0.000000
    72 0.000000 0.000000 0.000000 0.000000 0.000000 0.000000
    73 0.000000 0.000000 0.000000 0.000000 0.000000 0.000000
    74 0.000000 0.000000 0.000000 0.000000 0.000000 0.000000
    75 0.000000 0.000000 0.000000 0.000000 0.000000 0.000000
    76 0.000000 0.000000 0.000000 0.000000 0.000000 0.000000
    77 0.000000 0.000000 0.000000 0.000000 0.000000 0.000000
    78 0.000000 0.000000 0.000000 0.000000 0.000000 0.000000
    79 0.000000 0.000000 0.000000 0.000000 0.000000 0.000000
    80 0.000000 0.000000 0.000000 0.000000 0.000000 0.000000
    81 0.000000 0.000000 0.000000 0.000000 0.000000 0.000000
    82 0.000000 0.000000 0.000000 0.000000 0.000000 0.000000
    83 0.000000 0.000000 0.000000 0.000000 0.000000 0.000000
    84 0.000000 0.000000 0.000000 0.000000 0.000000 0.000000
    85 0.000000 0.000000 0.000000 0.000000 0.000000 0.000000
    86 0.000000 0.000000 0.000000 0.000000 0.000000 0.000000
    87 0.000000 0.000000 0.000000 0.000000 0.000000 0.000000
    88 0.000000 0.000000 0.000000 0.000000 0.000000 0.000000
    89 0.000000 0.000000 0.000000 0.000000 0.000000 0.000000
    90 0.000000 0.000000 0.000000 0.000000 0.000000 0.000000
    91 0.000000 0.000000 0.000000 0.000000 0.000000 0.000000
    92 0.000000 0.000000 0.000000 0.000000 0.000000 0.000000
    93 0.000000 0.000000 0.000000 0.000000 0.000000 0.000000
    94 0.000000 0.000000 0.000000 0.000000 0.000000 0.000000
    95 0.000000 0.000000 0.000000 0.000000 0.000000 0.000000
    96 0.000000 0.000000 0.000000 0.000000 0.000000 0.000000
    97 0.000000 0.000000 0.000000 0.000000 0.000000 0.000000
    98 0.000000 0.000000 0.000000 0.000000 0.000000 0.000000
    99 0.000000 0.000000 0.000000 0.000000 0.000000 0.000000
    100 0.000000 0.000000 0.000000 0.000000 0.000000 0.000000
    101 0.000000 0.000000 0.000000 0.000000 0.000000 0.000000
    102 0.000000 0.000000 0.000000 0.000000 0.000000 0.000000
    103 0.000000 0.000000 0.000000 0.000000 0.000000 0.000000
    104 0.000000 0.000000 0.000000 0.000000 0.000000 0.000000
    105 0.000000 0.000000 0.000000 0.000000 0.000000 0.000000
    106 0.000000 0.000000 0.000000 0.000000 0.000000 0.000000
    107 0.000000 0.000000 0.000000 0.000000 0.000000 0.000000
    108 0.000000 0.000000 0.000000 0.000000 0.000000 0.000000
    109 0.000000 0.000000 0.000000 0.000000 0.000000 0.000000
    110 0.000000 0.000000 0.000000 0.000000 0.000000 0.000000
    111 0.000000 0.000000 0.000000 0.000000 0.000000 -1.570796
    112 0.000000 -0.414075 -0.132817 0.033203 -0.002533 -1.615644
    113 0.000000 0.000000 0.000000 0.000000 0.000000 0.000000
    114 0.000000 0.000000 0.000000 0.000000 0.000000 -1.570796
    115 0.000000 0.000000 0.000000 0.000000 0.000000 0.000000
    116 0.000000 0.000000 0.000000 0.000000 0.000000 0.000000
    117 0.000000 0.000000 0.000000 0.000000 0.000000 0.000000
    118 0.000000 0.000000 0.000000 0.000000 0.000000 0.000000
    119 0.000000 0.000000 0.000000 0.000000 0.000000 0.000000
    120 0.000000 0.000000 0.000000 0.000000 0.000000 0.000000
    121 0.000000 0.000000 0.000000 0.000000 0.000000 0.000000
    122 0.000000 0.000000 0.000000 0.000000 0.000000 0.000000
    123 0.000000 0.000000 0.000000 0.000000 0.000000 0.000000
    124 0.000000 0.000000 0.000000 0.000000 0.000000 0.000000
    125 0.000000 0.000000 0.000000 0.000000 0.000000 0.000000
    126 0.000000 0.000000 0.000000 0.000000 0.000000 0.000000
    127 0.000000 0.000000 0.000000 0.000000 0.000000 0.000000
    128 0.000000 0.000000 0.000000 0.000000 0.000000 0.000000
    129 0.000000 0.000000 0.000000 0.000000 0.000000 0.000000
    130 0.000000 0.000000 0.000000 0.000000 0.000000 0.000000
    131 0.000000 0.000000 0.000000 0.000000 0.000000 0.000000
    132 0.000000 0.000000 0.000000 0.000000 0.000000 0.000000
    133 0.000000 0.000000 0.000000 0.000000 0.000000 0.000000
    134 0.000000 0.000000 0.000000 0.000000 0.000000 0.000000
    135 0.000000 0.000000 0.000000 0.000000 0.000000 0.000000
    136 0.000000 0.000000 0.000000 0.000000 0.000000 0.000000
    137 0.000000 0.000000 0.000000 0.000000 0.000000 0.000000
    138 0.000000 0.000000 0.000000 0.000000 0.000000 0.000000
    139 0.000000 0.000000 0.000000 0.000000 0.000000 0.000000
    140 0.000000 0.000000 0.000000 0.000000 0.000000 0.000000
    141 0.000000 0.000000 0.000000 0.000000 0.000000 0.000000
    142 0.000000 0.000000 0.000000 0.000000 0.000000 0.000000
    143 0.000000 0.000000 0.000000 0.000000 0.000000 0.000000
    144 0.000000 0.000000 0.000000 0.000000 0.000000 0.000000
    145 0.000000 0.000000 0.000000 0.000000 0.000000 0.000000
    146 0.000000 0.000000 0.000000 0.000000 0.000000 0.000000
    147 0.000000 0.000000 0.000000 0.000000 0.000000 0.000000
    148 0.000000 0.000000 0.000000 0.000000 0.000000 0.000000
    149 0.000000 0.000000 0.000000 0.000000 0.000000 0.000000
    150 0.000000 0.000000 0.000000 0.000000 0.000000 0.000000
    151 0.000000 0.000000 0.000000 0.000000 0.000000 0.000000
    152 0.000000 0.000000 0.000000 0.000000 0.000000 0.000000
    153 0.000000 0.000000 0.000000 0.000000 0.000000 0.000000
    154 0.000000 0.000000 0.000000 0.000000 0.000000 0.000000
    155 0.000000 0.000000 0.000000 0.000000 0.000000 0.000000
    156 0.000000 0.000000 0.000000 0.000000 0.000000 0.000000
    157 0.000000 0.000000 0.000000 0.000000 0.000000 0.000000
    158 0.000000 0.000000 0.000000 0.000000 0.000000 0.000000
    159 0.000000 0.000000 0.000000 0.000000 0.000000 0.000000
    160 0.000000 0.000000 0.000000 0.000000 0.000000 0.000000
    161 0.000000 0.000000 0.000000 0.000000 0.000000 0.000000
    162 0.000000 0.000000 0.000000 0.000000 0.000000 0.000000
    163 0.000000 0.000000 0.000000 0.000000 0.000000 0.000000
    164 0.000000 0.000000 0.000000 0.000000 0.000000 0.000000
    165 0.000000 0.000000 0.000000 0.000000 0.000000 0.000000
    166 0.000000 0.000000 0.000000 0.000000 0.000000 0.000000
    167 0.000000 0.000000 0.000000 0.000000 0.000000 0.000000
    168 0.000000 0.000000 0.000000 0.000000 0.000000 0.000000
    169 0.000000 0.000000 0.000000 0.000000 0.000000 0.000000
    170 0.000000 0.000000 0.000000 0.000000 0.000000 0.000000
    171 0.000000 0.000000 0.000000 0.000000 0.000000 0.000000
    172 0.000000 0.000000 0.000000 0.000000 0.000000 0.000000
    173 0.000000 0.000000 0.000000 0.000000 0.000000 0.000000
    174 0.000000 0.000000 0.000000 0.000000 0.000000 0.000000
    175 0.000000 0.000000 0.000000 0.000000 0.000000 0.000000
    176 0.000000 0.000000 0.000000 0.000000 0.000000 0.000000
    177 0.000000 0.000000 0.000000 0.000000 0.000000 0.000000
    178 0.000000 0.000000 0.000000 0.000000 0.000000 0.000000
    179 0.000000 0.000000 0.000000 0.000000 0.000000 0.000000
    180 0.000000 0.000000 0.000000 0.000000 0.000000 0.000000
    181 0.000000 0.000000 0.000000 0.000000 0.000000 0.000000
    182 0.000000 0.000000 0.000000 0.000000 0.000000 0.000000
    183 0.000000 0.000000 0.000000 0.000000 0.000000 0.000000
    184 0.000000 0.000000 0.000000 0.000000 0.000000 0.000000
    185 0.000000 0.000000 0.000000 0.000000 0.000000 0.000000
    186 0.000000 0.000000 0.000000 0.000000 0.000000 0.000000
    187 0.000000 0.000000 0.000000 0.000000 0.000000 0.000000
    188 0.000000 0.000000 0.000000 0.000000 0.000000 0.000000
    189 0.000000 0.000000 0.000000 0.000000 0.000000 0.000000
    190 0.000000 0.000000 0.000000 0.000000 0.000000 0.000000
    191 0.000000 0.000000 0.000000 0.007193 0.000000 0.000000
    192 0.000000 0.000000 0.000000 0.000000 0.000000 0.000000
    193 0.000000 0.000000 0.000000 0.000000 0.000000 0.000000
    194 0.000000 0.000000 0.000000 0.000000 0.000000 0.000000
    195 0.000000 0.000000 0.000000 0.000000 0.000000 0.000000
    196 0.000000 0.000000 0.000000 0.000000 0.000000 0.000000
    197 0.000000 0.000000 0.000000 0.000000 0.000000 0.000000
    198 0.000000 0.000000 0.000000 0.000000 0.000000 0.000000
    199 0.000000 0.000000 0.000000 0.000000 0.000000 0.000000
    200 0.000000 0.000000 0.000000 0.000000 0.000000 0.000000
    201 0.000000 0.000000 0.000000 0.000000 0.000000 0.000000
    202 0.000000 0.000000 0.000000 0.000000 0.000000 0.000000
    203 0.000000 0.000000 0.000000 0.000000 0.000000 0.000000
    204 0.000000 0.000000 0.000000 0.000000 0.000000 0.000000
    205 0.000000 0.000000 0.000000 0.000000 0.000000 0.000000
    206 0.000000 0.000000 0.000000 0.000000 0.000000 0.000000
    207 0.000000 0.000000 0.000000 0.000000 0.000000 0.000000
    208 0.000000 0.000000 0.000000 0.000000 0.000000 0.000000
    209 0.000000 0.000000 0.000000 0.000000 0.000000 0.000000
    210 0.000000 0.000000 0.000000 0.000000 0.000000 0.000000
    211 0.000000 0.000000 0.000000 0.000000 0.000000 0.000000
    212 0.000000 0.000000 0.000000 0.000000 0.000000 0.000000
    213 0.000000 0.000000 0.000000 0.000000 0.000000 0.000000
    214 0.000000 0.000000 0.000000 0.000000 0.000000 0.000000
    215 0.000000 0.000000 0.000000 0.000000 0.000000 0.000000
    216 0.000000 0.000000 0.000000 0.000000 0.000000 0.000000
    217 0.000000 0.000000 0.000000 0.000000 0.000000 0.000000
    218 0.000000 0.000000 0.000000 0.000000 0.000000 0.000000
    219 0.000000 0.000000 0.000000 0.000000 0.000000 0.000000
    220 0.000000 0.000000 0.000000 0.000000 0.000000 0.000000
    221 0.000000 0.000000 0.000000 0.000000 0.000000 0.000000
    222 0.000000 0.000000 0.000000 0.000000 0.000000 0.000000
    223 0.000000 0.000000 0.000000 0.000000 0.000000 0.000000
    224 0.000000 0.000000 0.000000 0.000000 0.000000 0.000000
    225 0.000000 0.000000 0.000000 0.000000 0.000000 0.000000
    226 0.000000 0.000000 0.000000 0.000000 0.000000 0.000000
    227 0.406262 -0.453139 -0.109378 0.033203 -0.002532 -0.044848
    228 0.000000 0.000000 0.000000 0.000000 0.000000 0.000000
    229 0.000000 0.000000 0.000000 0.000000 0.000000 0.000000
    230 0.000000 0.000000 0.000000 0.000479 0.000000 0.000000
    231 0.000000 0.000000 0.000000 0.000000 0.000000 0.000000
    232 0.000000 0.000000 0.000000 0.000000 0.000000 0.000000
    233 0.000000 0.000000 0.000000 0.000000 0.000000 0.000000
    234 -0.546892 -0.410169 -0.097659 0.033199 -0.002551 -1.615625
    235 0.000000 0.000000 0.000000 0.000000 0.000000 0.000000
    236 0.000000 0.000000 0.000000 0.000000 0.000000 0.000000
    237 0.000000 0.000000 0.000000 0.000000 0.000000 0.000000
    238 0.000000 0.000000 0.000000 0.000000 0.000000 0.000000
    239 0.000000 0.000000 0.000000 0.000000 0.000000 0.000000
    240 0.000000 0.000000 0.000000 0.000000 0.000000 0.000000
    241 0.000000 0.000000 0.000000 0.000000 0.000000 0.000000
    242 0.000000 0.000000 0.000000 0.000000 0.000000 0.000000
    243 0.000000 0.000000 0.000000 0.000000 0.000000 0.000000
    244 0.000000 0.000000 0.000000 0.000000 0.000000 0.000000
    245 0.000000 0.000000 0.000000 0.000000 0.000000 0.000000
    246 0.000000 0.000000 0.000000 0.000000 0.000000 -1.570796
  time 64
    0 0.000000 0.000000 0.000000 0.000000 0.000000 -1.570796
    1 0.000000 0.000000 0.000000 0.000000 0.000000 0.000000
    2 0.000000 0.000000 0.000000 0.000000 0.000000 0.000000
    3 0.000000 0.000000 0.000000 0.000000 0.000000 0.000000
    4 0.000000 0.000000 0.000000 0.000000 0.000000 0.000000
    5 0.000000 0.000000 0.000000 0.000000 0.000000 0.000000
    6 0.000000 0.000000 0.000000 0.000000 0.000000 0.000000
    7 0.000000 0.000000 0.000000 0.000000 0.000000 0.000000
    8 0.000000 0.000000 0.000000 0.000000 0.000000 0.000000
    9 0.000000 0.000000 0.000000 0.000000 0.000000 0.000000
    10 0.000000 0.000000 0.000000 0.000000 0.000000 0.000000
    11 0.000000 0.000000 0.000000 0.000000 0.000000 0.000000
    12 0.000000 0.000000 0.000000 0.000000 0.000000 0.000000
    13 0.000000 0.000000 0.000000 0.000000 0.000000 0.000000
    14 0.000000 0.000000 0.000000 0.000000 0.000000 0.000000
    15 0.000000 0.000000 0.000000 0.000000 0.000000 0.000000
    16 0.000000 0.000000 0.000000 0.000000 0.000000 0.000000
    17 0.000000 0.000000 0.000000 0.000000 0.000000 0.000000
    18 0.000000 0.000000 0.000000 0.000000 0.000000 0.000000
    19 0.000000 0.000000 0.000000 0.000000 0.000000 0.000000
    20 0.000000 0.000000 0.000000 0.000000 0.000000 0.000000
    21 0.000000 0.000000 0.000000 0.000000 0.000000 0.000000
    22 0.000000 0.000000 0.000000 0.000000 0.000000 0.000000
    23 0.000000 0.000000 0.000000 0.000000 0.000000 0.000000
    24 0.000000 0.000000 0.000000 0.000000 0.000000 0.000000
    25 0.000000 0.000000 0.000000 0.000000 0.000000 0.000000
    26 0.000000 0.000000 0.000000 0.000000 0.000000 0.000000
    27 0.000000 0.000000 0.000000 0.000000 0.000000 0.000000
    28 0.000000 0.000000 0.000000 0.000000 0.000000 0.000000
    29 0.000000 0.000000 0.000000 0.000000 0.000000 0.000000
    30 0.000000 0.000000 0.000000 0.000000 0.000000 0.000000
    31 0.000000 0.000000 0.000000 0.000000 0.000000 0.000000
    32 0.000000 0.000000 0.000000 0.000000 0.000000 0.000000
    33 0.000000 0.000000 0.000000 0.000000 0.000000 0.000000
    34 0.000000 0.000000 0.000000 0.000000 0.000000 0.000000
    35 0.000000 0.000000 0.000000 0.000000 0.000000 0.000000
    36 0.000000 0.000000 0.000000 0.000000 0.000000 0.000000
    37 0.000000 0.000000 0.000000 0.000000 0.000000 0.000000
    38 0.000000 0.000000 0.000000 0.000000 0.000000 0.000000
    39 0.000000 0.000000 0.000000 0.000000 0.000000 0.000000
    40 0.000000 0.000000 0.000000 0.000000 0.000000 0.000000
    41 0.000000 0.000000 0.000000 0.000000 0.000000 0.000000
    42 0.000000 0.000000 0.000000 0.000000 0.000000 0.000000
    43 0.000000 0.000000 0.000000 0.000000 0.000000 0.000000
    44 0.000000 0.000000 0.000000 0.000000 0.000000 0.000000
    45 0.000000 0.000000 0.000000 0.000000 0.000000 0.000000
    46 0.000000 0.000000 0.000000 0.000000 0.000000 0.000000
    47 0.000000 0.000000 0.000000 0.000000 0.000000 0.000000
    48 0.000000 0.000000 0.000000 0.000000 0.000000 0.000000
    49 0.000000 0.000000 0.000000 0.000000 0.000000 0.000000
    50 0.000000 0.000000 0.000000 0.000000 0.000000 0.000000
    51 0.000000 0.000000 0.000000 0.000000 0.000000 0.000000
    52 0.000000 0.000000 0.000000 0.000000 0.000000 0.000000
    53 0.000000 0.000000 0.000000 0.000000 0.000000 0.000000
    54 0.000000 0.000000 0.000000 0.000000 0.000000 0.000000
    55 0.000000 0.000000 0.000000 0.000000 0.000000 0.000000
    56 0.000000 0.000000 0.000000 0.000000 0.000000 0.000000
    57 0.000000 0.000000 0.000000 0.000000 0.000000 0.000000
    58 0.000000 0.000000 0.000000 0.000000 0.000000 0.000000
    59 0.000000 0.000000 0.000000 0.000000 0.000000 0.000000
    60 0.000000 0.000000 0.000000 0.000000 0.000000 0.000000
    61 0.000000 0.000000 0.000000 0.000000 0.000000 0.000000
    62 0.000000 0.000000 0.000000 0.000000 0.000000 0.000000
    63 0.000000 0.000000 0.000000 0.000000 0.000000 0.000000
    64 0.000000 0.000000 0.000000 0.000000 0.000000 0.000000
    65 0.000000 0.000000 0.000000 0.000000 0.000000 0.000000
    66 0.000000 0.000000 0.000000 0.000000 0.000000 0.000000
    67 0.000000 0.000000 0.000000 0.000000 0.000000 0.000000
    68 0.000000 0.000000 0.000000 0.000000 0.000000 0.000000
    69 0.000000 0.000000 0.000000 0.000000 0.000000 0.000000
    70 0.000000 0.000000 0.000000 0.000000 0.000000 0.000000
    71 0.000000 0.000000 0.000000 0.000000 0.000000 0.000000
    72 0.000000 0.000000 0.000000 0.000000 0.000000 0.000000
    73 0.000000 0.000000 0.000000 0.000000 0.000000 0.000000
    74 0.000000 0.000000 0.000000 0.000000 0.000000 0.000000
    75 0.000000 0.000000 0.000000 0.000000 0.000000 0.000000
    76 0.000000 0.000000 0.000000 0.000000 0.000000 0.000000
    77 0.000000 0.000000 0.000000 0.000000 0.000000 0.000000
    78 0.000000 0.000000 0.000000 0.000000 0.000000 0.000000
    79 0.000000 0.000000 0.000000 0.000000 0.000000 0.000000
    80 0.000000 0.000000 0.000000 0.000000 0.000000 0.000000
    81 0.000000 0.000000 0.000000 0.000000 0.000000 0.000000
    82 0.000000 0.000000 0.000000 0.000000 0.000000 0.000000
    83 0.000000 0.000000 0.000000 0.000000 0.000000 0.000000
    84 0.000000 0.000000 0.000000 0.000000 0.000000 0.000000
    85 0.000000 0.000000 0.000000 0.000000 0.000000 0.000000
    86 0.000000 0.000000 0.000000 0.000000 0.000000 0.000000
    87 0.000000 0.000000 0.000000 0.000000 0.000000 0.000000
    88 0.000000 0.000000 0.000000 0.000000 0.000000 0.000000
    89 0.000000 0.000000 0.000000 0.000000 0.000000 0.000000
    90 0.000000 0.000000 0.000000 0.000000 0.000000 0.000000
    91 0.000000 0.000000 0.000000 0.000000 0.000000 0.000000
    92 0.000000 0.000000 0.000000 0.000000 0.000000 0.000000
    93 0.000000 0.000000 0.000000 0.000000 0.000000 0.000000
    94 0.000000 0.000000 0.000000 0.000000 0.000000 0.000000
    95 0.000000 0.000000 0.000000 0.000000 0.000000 0.000000
    96 0.000000 0.000000 0.000000 0.000000 0.000000 0.000000
    97 0.000000 0.000000 0.000000 0.000000 0.000000 0.000000
    98 0.000000 0.000000 0.000000 0.000000 0.000000 0.000000
    99 0.000000 0.000000 0.000000 0.000000 0.000000 0.000000
    100 0.000000 0.000000 0.000000 0.000000 0.000000 0.000000
    101 0.000000 0.000000 0.000000 0.000000 0.000000 0.000000
    102 0.000000 0.000000 0.000000 0.000000 0.000000 0.000000
    103 0.000000 0.000000 0.000000 0.000000 0.000000 0.000000
    104 0.000000 0.000000 0.000000 0.000000 0.000000 0.000000
    105 0.000000 0.000000 0.000000 0.000000 0.000000 0.000000
    106 0.000000 0.000000 0.000000 0.000000 0.000000 0.000000
    107 0.000000 0.000000 0.000000 0.000000 0.000000 0.000000
    108 0.000000 0.000000 0.000000 0.000000 0.000000 0.000000
    109 0.000000 0.000000 0.000000 0.000000 0.000000 0.000000
    110 0.000000 0.000000 0.000000 0.000000 0.000000 0.000000
    111 0.000000 0.000000 0.000000 0.000000 0.000000 -1.570796
    112 0.000000 0.000000 0.000000 0.000000 0.000000 -1.570796
    113 0.000000 0.000000 0.000000 0.000000 0.000000 0.000000
    114 0.000000 0.000000 0.000000 0.000000 0.000000 -1.570796
    115 0.000000 0.000000 0.000000 0.000000 0.000000 0.000000
    116 0.000000 0.000000 0.000000 0.000000 0.000000 0.000000
    117 0.000000 0.000000 0.000000 0.000000 0.000000 0.000000
    118 0.000000 0.000000 0.000000 0.000000 0.000000 0.000000
    119 0.000000 0.000000 0.000000 0.000000 0.000000 0.000000
    120 0.000000 0.000000 0.000000 0.000000 0.000000 0.000000
    121 0.000000 0.000000 0.000000 0.000000 0.000000 0.000000
    122 0.000000 0.000000 0.000000 0.000000 0.000000 0.000000
    123 0.000000 0.000000 0.000000 0.000000 0.000000 0.000000
    124 0.000000 0.000000 0.000000 0.000000 0.000000 0.000000
    125 0.000000 0.000000 0.000000 0.000000 0.000000 0.000000
    126 0.000000 0.000000 0.000000 0.000000 0.000000 0.000000
    127 0.000000 0.000000 0.000000 0.000000 0.000000 0.000000
    128 0.000000 0.000000 0.000000 0.000000 0.000000 0.000000
    129 0.000000 0.000000 0.000000 0.000000 0.000000 0.000000
    130 0.000000 0.000000 0.000000 0.000000 0.000000 0.000000
    131 0.000000 0.000000 0.000000 0.000000 0.000000 0.000000
    132 0.000000 0.000000 0.000000 0.000000 0.000000 0.000000
    133 0.000000 0.000000 0.000000 0.000000 0.000000 0.000000
    134 0.000000 0.000000 0.000000 0.000000 0.000000 0.000000
    135 0.000000 0.000000 0.000000 0.000000 0.000000 0.000000
    136 0.000000 0.000000 0.000000 0.000000 0.000000 0.000000
    137 0.000000 0.000000 0.000000 0.000000 0.000000 0.000000
    138 0.000000 0.000000 0.000000 0.000000 0.000000 0.000000
    139 0.000000 0.000000 0.000000 0.000000 0.000000 0.000000
    140 0.000000 0.000000 0.000000 0.000000 0.000000 0.000000
    141 0.000000 0.000000 0.000000 0.000000 0.000000 0.000000
    142 0.000000 0.000000 0.000000 0.000000 0.000000 0.000000
    143 0.000000 0.000000 0.000000 0.000000 0.000000 0.000000
    144 0.000000 0.000000 0.000000 0.000000 0.000000 0.000000
    145 0.000000 0.000000 0.000000 0.000000 0.000000 0.000000
    146 0.000000 0.000000 0.000000 0.000000 0.000000 0.000000
    147 0.000000 0.000000 0.000000 0.000000 0.000000 0.000000
    148 0.000000 0.000000 0.000000 0.000000 0.000000 0.000000
    149 0.000000 0.000000 0.000000 0.000000 0.000000 0.000000
    150 0.000000 0.000000 0.000000 0.000000 0.000000 0.000000
    151 0.000000 0.000000 0.000000 0.000000 0.000000 0.000000
    152 0.000000 0.000000 0.000000 0.000000 0.000000 0.000000
    153 0.000000 0.000000 0.000000 0.000000 0.000000 0.000000
    154 0.000000 0.000000 0.000000 0.000000 0.000000 0.000000
    155 0.000000 0.000000 0.000000 0.000000 0.000000 0.000000
    156 0.000000 0.000000 0.000000 0.000000 0.000000 0.000000
    157 0.000000 0.000000 0.000000 0.000000 0.000000 0.000000
    158 0.000000 0.000000 0.000000 0.000000 0.000000 0.000000
    159 0.000000 0.000000 0.000000 0.000000 0.000000 0.000000
    160 0.000000 0.000000 0.000000 0.000000 0.000000 0.000000
    161 0.000000 0.000000 0.000000 0.000000 0.000000 0.000000
    162 0.000000 0.000000 0.000000 0.000000 0.000000 0.000000
    163 0.000000 0.000000 0.000000 0.000000 0.000000 0.000000
    164 0.000000 0.000000 0.000000 0.000000 0.000000 0.000000
    165 0.000000 0.000000 0.000000 0.000000 0.000000 0.000000
    166 0.000000 0.000000 0.000000 0.000000 0.000000 0.000000
    167 0.000000 0.000000 0.000000 0.000000 0.000000 0.000000
    168 0.000000 0.000000 0.000000 0.000000 0.000000 0.000000
    169 0.000000 0.000000 0.000000 0.000000 0.000000 0.000000
    170 0.000000 0.000000 0.000000 0.000000 0.000000 0.000000
    171 0.000000 0.000000 0.000000 0.000000 0.000000 0.000000
    172 0.000000 0.000000 0.000000 0.000000 0.000000 0.000000
    173 0.000000 0.000000 0.000000 0.000000 0.000000 0.000000
    174 0.000000 0.000000 0.000000 0.000000 0.000000 0.000000
    175 0.000000 0.000000 0.000000 0.000000 0.000000 0.000000
    176 0.000000 0.000000 0.000000 0.000000 0.000000 0.000000
    177 0.000000 0.000000 0.000000 0.000000 0.000000 0.000000
    178 0.000000 0.000000 0.000000 0.000000 0.000000 0.000000
    179 0.000000 0.000000 0.000000 0.000000 0.000000 0.000000
    180 0.000000 0.000000 0.000000 0.000000 0.000000 0.000000
    181 0.000000 0.000000 0.000000 0.000000 0.000000 0.000000
    182 0.000000 0.000000 0.000000 0.000000 0.000000 0.000000
    183 0.000000 0.000000 0.000000 0.000000 0.000000 0.000000
    184 0.000000 0.000000 0.000000 0.000000 0.000000 0.000000
    185 0.000000 0.000000 0.000000 0.000000 0.000000 0.000000
    186 0.000000 0.000000 0.000000 0.000000 0.000000 0.000000
    187 0.000000 0.000000 0.000000 0.000000 0.000000 0.000000
    188 0.000000 0.000000 0.000000 0.000000 0.000000 0.000000
    189 0.000000 0.000000 0.000000 0.000000 0.000000 0.000000
    190 0.000000 0.000000 0.000000 0.000000 0.000000 0.000000
    191 0.000000 0.000000 0.000000 0.000000 0.000000 0.000000
    192 0.000000 0.000000 0.000000 0.000000 0.000000 0.000000
    193 0.000000 0.000000 0.000000 0.000000 0.000000 0.000000
    194 0.000000 0.000000 0.000000 0.000000 0.000000 0.000000
    195 0.000000 0.000000 0.000000 0.000000 0.000000 0.000000
    196 0.000000 0.000000 0.000000 0.000000 0.000000 0.000000
    197 0.000000 0.000000 0.000000 0.000000 0.000000 0.000000
    198 0.000000 0.000000 0.000000 0.000000 0.000000 0.000000
    199 0.000000 0.000000 0.000000 0.000000 0.000000 0.000000
    200 0.000000 0.000000 0.000000 0.000000 0.000000 0.000000
    201 0.000000 0.000000 0.000000 0.000000 0.000000 0.000000
    202 0.000000 0.000000 0.000000 0.000000 0.000000 0.000000
    203 0.000000 0.000000 0.000000 0.000000 0.000000 0.000000
    204 0.000000 0.000000 0.000000 0.000000 0.000000 0.000000
    205 0.000000 0.000000 0.000000 0.000000 0.000000 0.000000
    206 0.000000 0.000000 0.000000 0.000000 0.000000 0.000000
    207 0.000000 0.000000 0.000000 0.000000 0.000000 0.000000
    208 0.000000 0.000000 0.000000 0.000000 0.000000 0.000000
    209 0.000000 0.000000 0.000000 0.000000 0.000000 0.000000
    210 0.000000 0.000000 0.000000 0.000000 0.000000 0.000000
    211 0.000000 0.000000 0.000000 0.000000 0.000000 0.000000
    212 0.000000 0.000000 0.000000 0.000000 0.000000 0.000000
    213 0.000000 0.000000 0.000000 0.000000 0.000000 0.000000
    214 0.000000 0.000000 0.000000 0.000000 0.000000 0.000000
    215 0.000000 0.000000 0.000000 0.000000 0.000000 0.000000
    216 0.000000 0.000000 0.000000 0.000000 0.000000 0.000000
    217 0.000000 0.000000 0.000000 0.000000 0.000000 0.000000
    218 0.000000 0.000000 0.000000 0.000000 0.000000 0.000000
    219 0.000000 0.000000 0.000000 0.000000 0.000000 0.000000
    220 0.000000 0.000000 0.000000 0.000000 0.000000 0.000000
    221 0.000000 0.000000 0.000000 0.000000 0.000000 0.000000
    222 0.000000 0.000000 0.000000 0.000000 0.000000 0.000000
    223 0.000000 0.000000 0.000000 0.000000 0.000000 0.000000
    224 0.000000 0.000000 0.000000 0.000000 0.000000 0.000000
    225 0.000000 0.000000 0.000000 0.000000 0.000000 0.000000
    226 0.000000 0.000000 0.000000 0.000000 0.000000 0.000000
    227 0.000000 0.000000 0.000000 0.000000 0.000000 0.000000
    228 0.000000 0.000000 0.000000 0.000000 0.000000 0.000000
    229 0.000000 0.000000 0.000000 0.000000 0.000000 0.000000
    230 0.000000 0.000000 0.000000 0.000000 0.000000 0.000000
    231 0.000000 0.000000 0.000000 0.000000 0.000000 0.000000
    232 0.000000 0.000000 0.000000 0.000000 0.000000 0.000000
    233 0.000000 0.000000 0.000000 0.000000 0.000000 0.000000
    234 0.000000 0.000000 0.000000 0.000000 0.000000 -1.570796
    235 0.000000 0.000000 0.000000 0.000000 0.000000 0.000000
    236 0.000000 0.000000 0.000000 0.000000 0.000000 0.000000
    237 0.000000 0.000000 0.000000 0.000000 0.000000 0.000000
    238 0.000000 0.000000 0.000000 0.000000 0.000000 0.000000
    239 0.000000 0.000000 0.000000 0.000000 0.000000 0.000000
    240 0.000000 0.000000 0.000000 0.000000 0.000000 0.000000
    241 0.000000 0.000000 0.000000 0.000000 0.000000 0.000000
    242 0.000000 0.000000 0.000000 0.000000 0.000000 0.000000
    243 0.000000 0.000000 0.000000 0.000000 0.000000 0.000000
    244 0.000000 0.000000 0.000000 0.000000 0.000000 0.000000
    245 0.000000 0.000000 0.000000 0.000000 0.000000 0.000000
    246 0.000000 0.000000 0.000000 0.000000 0.000000 -1.570796
end
