// Created by Crowbar 0.74
version 1
nodes
  0 "tag_origin" -1
  1 "tag_view" 0
  2 "tag_ads" 1
  3 "tag_torso" 2
  4 "j_mainroot" 3
  5 "j_spinelower" 4
  6 "j_spineupper" 5
  7 "j_clavicle_le" 6
  8 "j_clavicle_ri" 6
  9 "j_shoulder_le" 7
  10 "j_teres_le" 7
  11 "j_shoulder_ri" 8
  12 "j_teres_ri" 8
  13 "j_shouldertwist_le" 9
  14 "j_elbow_le" 9
  15 "ValveBiped.Bip01_L_UpperArm" 9
  16 "j_shouldertwist_ri" 11
  17 "j_elbow_ri" 11
  18 "ValveBiped.Bip01_R_UpperArm" 11
  19 "j_wristfronttwist1_le" 14
  20 "j_elbowdq_le" 14
  21 "j_wrist_le" 14
  22 "ValveBiped.Bip01_L_Forearm" 19
  23 "j_wristfronttwist1_ri" 17
  24 "j_elbowdq_ri" 17
  25 "j_wrist_ri" 17
  26 "ValveBiped.Bip01_R_Forearm" 23
  27 "j_metaindex_le_1" 21
  28 "j_metamid_le_1" 21
  29 "j_metapinky_le_1" 21
  30 "j_metaring_le_1" 21
  31 "j_thumb_le_1" 21
  32 "ValveBiped.Bip01_L_Hand" 21
  33 "j_metaindex_ri_1" 25
  34 "j_metamid_ri_1" 25
  35 "j_metapinky_ri_1" 25
  36 "j_metaring_ri_1" 25
  37 "j_thumb_ri_1" 25
  38 "ValveBiped.Bip01_R_Hand" 25
  39 "j_index_le_1" 27
  40 "j_mid_le_1" 28
  41 "j_pinky_le_1" 29
  42 "j_webbing_le_3" 29
  43 "j_ring_le_1" 30
  44 "j_thumb_le_2" 31
  45 "j_webbing_le_2" 31
  46 "ValveBiped.Bip01_L_Finger0" 31
  47 "j_index_ri_1" 33
  48 "j_mid_ri_1" 34
  49 "j_pinky_ri_1" 35
  50 "j_webbing_ri_3" 35
  51 "j_ring_ri_1" 36
  52 "j_thumb_ri_2" 37
  53 "j_webbing_ri_2" 37
  54 "ValveBiped.Bip01_R_Finger0" 37
  55 "j_index_le_2" 39
  56 "j_indexbulge_le_1" 39
  57 "j_proc_index_le_1" 39
  58 "ValveBiped.Bip01_L_Finger1" 39
  59 "j_mid_le_2" 40
  60 "j_proc_mid_le_1" 40
  61 "ValveBiped.Bip01_L_Finger2" 40
  62 "j_pinky_le_2" 41
  63 "j_proc_pinky_le_1" 41
  64 "ValveBiped.Bip01_L_Finger4" 41
  65 "j_ring_le_2" 43
  66 "j_proc_ring_le_1" 43
  67 "ValveBiped.Bip01_L_Finger3" 43
  68 "j_thumb_le_3" 44
  69 "ValveBiped.Bip01_L_Finger01" 44
  70 "j_index_ri_2" 47
  71 "j_indexbulge_ri_1" 47
  72 "j_proc_index_ri_1" 47
  73 "ValveBiped.Bip01_R_Finger1" 47
  74 "j_mid_ri_2" 48
  75 "j_proc_mid_ri_1" 48
  76 "ValveBiped.Bip01_R_Finger2" 48
  77 "j_pinky_ri_2" 49
  78 "j_proc_pinky_ri_1" 49
  79 "ValveBiped.Bip01_R_Finger4" 49
  80 "j_ring_ri_2" 51
  81 "j_proc_ring_ri_1" 51
  82 "ValveBiped.Bip01_R_Finger3" 51
  83 "j_thumb_ri_3" 52
  84 "ValveBiped.Bip01_R_Finger01" 52
  85 "j_index_le_3" 55
  86 "ValveBiped.Bip01_L_Finger11" 55
  87 "j_mid_le_3" 59
  88 "ValveBiped.Bip01_L_Finger21" 59
  89 "j_pinky_le_3" 62
  90 "ValveBiped.Bip01_L_Finger41" 62
  91 "j_ring_le_3" 65
  92 "ValveBiped.Bip01_L_Finger31" 65
  93 "ValveBiped.Bip01_L_Finger02" 68
  94 "j_index_ri_3" 70
  95 "ValveBiped.Bip01_R_Finger11" 70
  96 "j_mid_ri_3" 74
  97 "ValveBiped.Bip01_R_Finger21" 74
  98 "j_pinky_ri_3" 77
  99 "ValveBiped.Bip01_R_Finger41" 77
  100 "j_ring_ri_3" 80
  101 "ValveBiped.Bip01_R_Finger31" 80
  102 "ValveBiped.Bip01_R_Finger02" 83
  103 "ValveBiped.Bip01_L_Finger12" 85
  104 "ValveBiped.Bip01_L_Finger22" 87
  105 "ValveBiped.Bip01_L_Finger42" 89
  106 "ValveBiped.Bip01_L_Finger32" 91
  107 "ValveBiped.Bip01_R_Finger12" 94
  108 "ValveBiped.Bip01_R_Finger22" 96
  109 "ValveBiped.Bip01_R_Finger42" 98
  110 "ValveBiped.Bip01_R_Finger32" 100
  111 "ValveBiped.Anim_Attachment_RH" -1
  112 "tag_sling" -1
  113 "tag_attachments" 112
  114 "j_gun" -1
  115 "j_trigger" 112
  116 "tag_acog_2" 112
  117 "tag_barrel_attach" 112
  118 "tag_flash" 117
  119 "tag_folding_grip" 117
  120 "tag_grenade_launcher" 117
  121 "tag_grip_attach" 117
  122 "tag_ik_loc_le" 117
  123 "tag_laser_attach" 117
  124 "tag_silencer" 117
  125 "tag_grip_hide" 117
  126 "tag_brass" 112
  127 "tag_cosmetic" 112
  128 "tag_holo" 112
  129 "tag_hybrid" 112
  130 "j_hybrid_scope" 129
  131 "j_magnifier_lever" 129
  132 "tag_glass_ads2" 129
  133 "tag_glass_hip2" 129
  134 "tag_reticle_attach2" 129
  135 "tag_ik_loc_ri" 112
  136 "tag_mag_attach" 112
  137 "j_mag1" 136
  138 "j_mag_follower" 137
  139 "j_mag2" 136
  140 "tag_pistolgrip_attach" 112
  141 "tag_reflex" 112
  142 "tag_scope" 112
  143 "tag_sight_on" 112
  144 "tag_stock_attach" 112
  145 "j_charginghandle" 112
  146 "j_charginghandleassist" 112
  147 "j_firesel" 112
  148 "j_magrel" 112
  149 "j_magrel_right" 112
  150 "j_mike4_bolt" 112
  151 "tag_sight_off" 112
  152 "tag_tip" 117
  153 "j_stock" 144
  154 "tag_stock_hide" 112
  155 "j_b_01" 137
  156 "j_b_010" 137
  157 "j_b_011" 137
  158 "j_b_012" 137
  159 "j_b_013" 137
  160 "j_b_014" 137
  161 "j_b_015" 137
  162 "j_b_016" 137
  163 "j_b_02" 137
  164 "j_b_03" 137
  165 "j_b_04" 137
  166 "j_b_05" 137
  167 "j_b_06" 137
  168 "j_b_07" 137
  169 "j_b_08" 137
  170 "j_b_09" 137
  171 "tag_sight_on2" 117
  172 "tag_sight_off2" 117
  173 "tag_sync" 0
  174 "j_hip_le" 4
  175 "j_hiptwist_le" 174
  176 "j_knee_le" 174
  177 "j_ankle_le" 176
  178 "j_ball_le" 177
  179 "j_kneedq_le" 176
  180 "j_hip_proc_le" 174
  181 "j_hip_ri" 4
  182 "j_hiptwist_ri" 181
  183 "tag_stowed_thigh" 182
  184 "j_knee_ri" 181
  185 "j_ankle_ri" 184
  186 "j_ball_ri" 185
  187 "j_kneedq_ri" 184
  188 "j_hip_proc_ri" 181
  189 "j_proc_wristfronttwist1_le" 19
  190 "tag_wrist_attach_le" 189
  191 "j_shield_le" 14
  192 "j_index_le_4" 85
  193 "j_thumb_le_4" 68
  194 "j_webbing_le_1" 21
  195 "tag_weapon_left" 21
  196 "tag_accessory_left" 21
  197 "j_proc_metaindex_le_1" 21
  198 "j_proc_metaindex_le_2" 197
  199 "j_proc_metaknuckle_le_1" 21
  200 "j_proc_knuckle_le_1" 199
  201 "j_proc_idle_knuckle_le_1" 199
  202 "j_proc_orient_knuckle_le_1" 199
  203 "j_proc_metapinky_le_1" 21
  204 "j_proc_metapinky_le_2" 203
  205 "tag_carry_attach" 7
  206 "j_shield_ri" 17
  207 "j_index_ri_4" 94
  208 "j_thumb_ri_4" 83
  209 "j_webbing_ri_1" 25
  210 "tag_weapon_right" 25
  211 "tag_knife_attach2" 25
  212 "tag_accessory_right" 25
  213 "j_proc_metaindex_ri_1" 25
  214 "j_proc_metaindex_ri_2" 213
  215 "j_proc_metaknuckle_ri_1" 25
  216 "j_proc_knuckle_ri_1" 215
  217 "j_proc_idle_knuckle_ri_1" 215
  218 "j_proc_orient_knuckle_ri_1" 215
  219 "j_proc_metapinky_ri_1" 25
  220 "j_proc_metapinky_ri_2" 219
  221 "j_spine4" 6
  222 "j_chest" 221
  223 "j_proc_spineupper" 6
  224 "j_proc_spinelower" 5
  225 "j_groinprotector" 4
  226 "j_crotch" 4
  227 "tag_weapon" 3
  228 "j_bullet2" 137
  229 "tag_cambone" 1
  230 "tag_camera" 229
  231 "tag_player" 230
  232 "tag_playerhelmet" 230
  233 "tag_camera_scripted" 0
  234 "j_grenade" -1
  235 "j_gun.001" 227
  236 "j_barrel" 112
  237 "j_safety" 112
  238 "j_lever" 120
  239 "tag_flash_alt" 120
  240 "tag_ik_loc_le_launcher" 120
  241 "j_chamber" 120
  242 "j_grenade_empty" 120
  243 "j_basespring" 137
  244 "j_bullet" 137
  245 "tag_rail_attach" 112
  246 "Joints" -1
end
skeleton
  time 0
    0 0.000000 0.000000 0.000000 0.000000 0.000000 -1.570796
    1 -0.106750 -0.000001 -0.000351 0.000000 0.000000 0.000000
    2 0.000000 0.000000 0.000000 0.000000 0.000000 0.000000
    3 -0.904000 0.000000 -11.806000 0.000000 0.000000 0.000000
    4 0.000000 0.000000 -14.313999 1.572085 -1.570793 0.000000
    5 3.533001 0.000000 0.000000 -0.001274 0.000000 0.000000
    6 6.250000 0.000000 0.000000 0.000000 0.000000 0.000000
    7 9.568951 -0.019507 -1.944020 -1.545137 1.187827 -1.546947
    8 9.570313 5.304688 2.056641 -1.552151 -1.032979 1.554747
    9 5.786820 0.002787 -0.000113 -0.962355 1.037915 -1.210714
    10 5.999492 -0.000592 -4.000343 0.000000 0.000000 0.000000
    11 5.787410 0.002582 0.000893 1.143287 -0.889373 -2.077445
    12 5.999492 -0.000592 4.000340 0.000000 0.000000 0.000000
    13 0.500225 0.000133 -0.000084 0.136305 -0.000060 0.000000
    14 11.530657 0.000349 -0.001308 -0.000053 0.000045 -1.882848
    15 -0.829338 0.893824 0.079659 -0.148839 0.047645 0.087266
    16 0.500225 0.000132 0.000072 0.085795 0.000000 0.000000
    17 11.532495 0.000526 0.003814 0.000006 -0.000010 -1.431566
    18 -0.829586 0.894698 -0.079468 0.045377 -0.019621 0.087266
    19 10.599886 0.000105 -0.000553 0.115998 0.000000 -0.000024
    20 0.795467 -0.579878 -0.000805 -0.000024 -0.000049 0.941397
    21 11.042053 0.003717 0.000798 0.172571 -0.302493 0.738881
    22 -11.814724 0.424524 -0.297680 0.247998 -0.066121 -0.042695
    23 10.599878 0.000105 0.000549 0.429567 -0.000012 0.000060
    24 0.369671 -0.423623 0.000801 0.000000 -0.000011 0.715847
    25 11.041739 0.003170 -0.000568 0.425523 0.153726 0.291597
    26 -11.663242 0.094713 0.140656 -0.068591 0.018527 -0.015099
    27 0.610300 -0.939470 0.070347 -1.655245 -0.140055 -0.175580
    28 0.639938 -0.199121 0.060192 -1.665909 -0.131308 -0.066411
    29 0.600155 1.080260 -0.339535 -1.737970 0.020766 0.107493
    30 0.610207 0.400743 -0.010098 -1.760171 -0.067524 0.011664
    31 0.630809 -0.690091 -0.232343 0.076524 0.603584 -1.780749
    32 -0.792125 0.203736 0.461304 1.439074 -0.003453 -0.018305
    33 0.610300 -0.939469 -0.070354 1.655295 0.140019 -0.175628
    34 0.639938 -0.199121 -0.060200 1.665909 0.131392 -0.066411
    35 0.600157 1.080260 0.339531 1.741524 -0.203999 0.075913
    36 0.610205 0.400743 0.010086 1.761892 -0.015385 0.028059
    37 0.627906 -0.691394 0.232270 -1.014554 -0.861429 -0.665957
    38 -0.626031 -0.069982 -0.080517 -1.447153 0.086151 0.021559
    39 2.621377 -0.002532 -0.001438 -0.110736 -0.193757 0.183876
    40 2.660837 0.000397 -0.000071 -0.042801 0.037077 1.151050
    41 2.202488 0.003364 -0.002863 -0.034587 0.230248 0.081171
    42 0.599950 0.959236 -0.300102 -0.174544 0.000000 0.000000
    43 2.557190 -0.001967 0.002453 0.004170 0.045800 0.789968
    44 2.098929 0.000032 -0.002193 -0.433090 0.306160 0.577585
    45 0.999378 -0.000238 -1.170306 0.000000 0.000000 0.000000
    46 -0.122641 -0.721855 0.661686 -0.486644 0.223964 0.243056
    47 2.622112 -0.000648 0.002741 -0.053079 0.086883 -0.048142
    48 2.657909 0.000687 -0.000533 0.200336 0.214647 1.264659
    49 2.200014 0.001663 0.000836 0.236792 0.017724 1.474044
    50 0.599949 0.959244 0.300102 0.174544 0.000000 0.000000
    51 2.556571 -0.000385 0.000554 0.236759 0.177161 1.399512
    52 2.103853 0.001708 -0.001011 0.124896 -0.418726 0.876962
    53 0.999376 -0.000240 1.490624 0.000048 -0.000024 0.946888
    54 0.310848 -0.606446 -0.498005 0.308107 -0.197598 0.313975
    55 1.869163 -0.000835 -0.000994 0.000005 0.000063 0.539481
    56 1.200941 0.399582 -0.000237 -0.009465 0.016087 0.007127
    57 0.000586 0.100342 -0.000319 -0.120035 -0.021926 -0.209617
    58 -0.161663 0.051712 0.194808 -2.941982 0.122408 -0.060194
    59 2.010090 -0.003202 -0.003377 0.000006 0.000001 1.303834
    60 0.000237 0.099800 -0.000395 -0.018823 0.010833 -0.239219
    61 -0.203197 0.048607 0.069150 -3.093332 0.033217 -0.046722
    62 1.180426 -0.002312 0.000781 0.000082 0.000024 1.141238
    63 -0.000196 0.099625 -0.000034 0.000000 0.000000 -0.314102
    64 -0.088737 -0.688435 -0.145203 2.930407 -0.136130 0.513013
    65 1.712069 -0.003328 0.003818 -0.027374 0.005253 1.564115
    66 -0.000576 0.100143 -0.000311 -0.010914 0.023131 -0.260843
    67 -0.146027 -0.232426 -0.014225 3.028455 -0.094299 0.113020
    68 1.290634 0.000361 -0.000036 0.000000 0.000000 0.369855
    69 -0.658119 -0.003576 0.072643 -0.142711 0.027792 -0.077299
    70 1.868078 -0.003049 0.002177 0.000051 -0.000045 1.450101
    71 1.200075 0.399942 -0.000093 0.009465 -0.016087 0.007127
    72 0.000589 0.100342 0.000319 0.120035 0.021926 -0.209617
    73 0.068073 0.002283 -0.080050 3.111376 -0.069366 -0.060847
    74 2.011874 -0.001179 0.002180 -0.000001 -0.000097 1.378946
    75 0.000233 0.099800 0.000395 0.018823 -0.010833 -0.239219
    76 -0.018673 -0.001009 0.047544 3.109244 0.002635 -0.106673
    77 1.178665 0.001595 0.000845 0.000006 -0.000001 0.743962
    78 -0.000196 0.099628 0.000034 0.000000 0.000000 -0.314102
    79 0.036894 -0.634449 0.266284 -2.801062 0.174301 0.490915
    80 1.708256 -0.002504 -0.000686 -0.000010 0.000011 1.160590
    81 -0.000580 0.100140 0.000311 0.010910 -0.023132 -0.260845
    82 -0.003952 -0.281811 0.115047 -3.059162 0.089004 0.167964
    83 1.289625 0.000042 0.000061 -0.000002 0.000002 0.672669
    84 -0.171526 -0.018150 -0.099873 0.013484 -0.062184 -0.011781
    85 0.916622 0.003336 0.001326 0.000066 -0.000015 0.880319
    86 -0.342617 0.053402 -0.025571 -2.909301 -0.017248 0.075276
    87 1.100231 -0.000928 -0.002434 0.000009 0.000002 0.677898
    88 -0.384979 0.331001 0.006848 -3.087207 -0.018765 -0.184278
    89 0.678146 0.002286 -0.003905 -0.000006 -0.000007 1.104311
    90 -0.123848 0.072738 0.029507 2.898184 -0.060627 0.094835
    91 1.017166 -0.000154 -0.000252 -0.000011 -0.000002 0.527889
    92 -0.344990 0.123129 0.143151 2.994981 0.012396 0.059140
    93 -0.730989 0.177046 0.039141 -0.123731 0.076518 -0.084310
    94 0.921993 0.001298 -0.000896 -0.000062 0.000013 0.471806
    95 -0.124023 -0.052090 0.038495 3.077813 -0.008519 0.039229
    96 1.100433 -0.003552 0.000502 -0.000066 0.000018 0.545699
    97 -0.330082 0.160639 0.042780 3.128073 0.034033 -0.171236
    98 0.679764 0.001532 0.003272 0.000002 0.000003 0.674732
    99 -0.019512 -0.016531 0.038578 -2.763781 0.050305 0.076829
    100 1.019531 -0.000005 -0.000001 0.000000 0.000000 0.497026
    101 -0.155308 0.130644 -0.021921 -3.022466 0.022433 -0.024902
    102 -0.252207 0.061937 -0.024914 -0.007671 -0.063171 -0.044392
    103 -0.085995 0.185205 -0.015180 -2.937063 -0.113970 -0.138991
    104 -0.286533 0.179852 0.024264 -3.109353 -0.049645 -0.029914
    105 -0.019482 0.147083 0.079203 2.893815 0.038585 -0.060594
    106 -0.046482 0.251896 0.129548 3.016165 0.077112 -0.042864
    107 0.039124 -0.040295 0.047739 3.084219 0.030470 -0.037414
    108 -0.233757 0.066630 0.001754 -3.133087 0.040141 -0.065412
    109 0.044266 0.020131 0.001684 -2.778763 -0.118872 -0.040488
    110 0.071495 0.074128 -0.048302 -3.035917 -0.059482 0.104366
    111 0.000000 0.000000 0.000000 0.000000 0.000000 -1.570796
    112 -2.875088 -7.609607 -5.711112 0.374151 -0.147686 -1.550843
    113 0.000000 0.000000 0.000000 0.000000 0.000000 0.000000
    114 -2.527421 -17.945860 -4.547014 0.373981 -0.147480 -1.551032
    115 3.096000 0.000000 -1.996000 0.000000 0.000000 0.000000
    116 3.040999 0.000000 1.202000 0.000000 0.000000 0.000000
    117 7.854000 0.000000 -0.042000 0.000000 0.000000 -0.000027
    118 13.105999 0.000000 -0.006000 0.000000 0.000000 0.000027
    119 3.456000 0.000000 -1.084000 0.000000 0.000000 0.000013
    120 1.804000 0.000000 -1.025000 0.000000 0.000000 0.000000
    121 7.098000 0.000000 -1.084000 0.000000 0.000000 0.000000
    122 1.868000 1.809000 -1.975000 -2.218442 -0.017124 -0.465675
    123 3.740000 0.000000 1.273000 0.000000 0.000000 0.000013
    124 11.956999 0.000000 -0.006000 0.000000 0.000000 0.000027
    125 6.072001 0.000000 -1.238000 0.000000 0.000000 0.000000
    126 5.690000 -0.365000 0.068000 -0.000040 -0.349041 -1.570749
    127 6.396999 0.614000 0.428000 0.000000 0.000000 -0.000027
    128 3.040999 0.000000 1.202000 0.000000 0.000000 0.000000
    129 3.720000 0.000000 1.202000 0.000000 0.000000 0.000000
    130 1.086000 -0.661000 -0.149000 0.000000 0.000000 0.000000
    131 1.067000 0.589000 0.076000 0.000000 0.000000 0.000000
    132 0.000000 -0.019000 0.000000 0.000000 0.000000 0.000000
    133 0.000000 -0.019000 0.000000 0.000000 0.000000 0.000000
    134 3.300000 -0.019000 1.346000 0.000000 0.000000 0.000000
    135 -1.524000 -1.859000 -4.367000 -1.730250 -0.014891 0.208056
    136 7.283999 0.000000 -2.195000 0.000000 0.000000 -0.000027
    137 -1.323000 0.000000 0.184000 0.000000 0.000000 0.000000
    138 0.082000 0.000000 1.002000 0.000000 0.000000 0.000000
    139 -27.999595 -18.231025 -52.747303 -0.380370 0.129948 -0.072918
    140 0.478000 0.000000 -4.537000 0.000000 0.000000 -0.000013
    141 3.436000 0.000000 1.202000 0.000000 0.000000 0.000000
    142 3.040999 0.000000 1.202000 0.000000 0.000000 0.000000
    143 4.657000 0.000000 1.545000 0.000000 0.000000 -0.000013
    144 -0.403000 0.000000 -0.011000 0.000000 0.000000 0.000000
    145 1.781000 0.000000 0.873000 0.000000 0.000000 0.000000
    146 0.384000 0.715000 0.801000 0.000000 0.000000 0.000000
    147 1.795000 0.533000 -1.550000 0.000000 0.000000 0.000000
    148 4.435999 0.595000 -0.954000 0.000000 0.000000 0.000000
    149 4.401999 -0.614000 -1.630000 0.000000 0.000000 0.000000
    150 4.203000 -0.003000 -0.048000 0.000000 0.000000 0.000000
    151 5.136000 0.000000 1.534000 0.000000 0.000000 -0.000027
    152 11.957001 0.000000 -0.006000 0.000000 0.000000 0.000027
    153 -2.103001 0.000000 0.000000 0.000000 0.000000 0.000000
    154 -0.598001 0.000000 -0.011000 0.000000 0.000000 -0.000013
    155 0.496000 0.184000 -3.523000 0.000000 0.000000 0.000000
    156 0.147000 0.184000 -0.328000 0.000000 0.000000 0.000000
    157 0.147000 0.184000 0.023000 0.000000 0.000000 0.000000
    158 0.147000 0.184000 0.368000 0.000000 0.000000 0.000000
    159 0.147000 0.184000 0.717000 0.000000 0.000000 0.000000
    160 0.147000 0.184000 1.067000 0.000000 0.000000 0.000000
    161 0.148000 0.184000 1.414000 0.000000 0.000000 0.000000
    162 0.148000 -0.074000 1.640000 0.000000 0.000000 0.000000
    163 0.435000 0.184000 -3.179000 0.000000 0.000000 0.000000
    164 0.378000 0.184000 -2.826000 0.000000 0.000000 0.000000
    165 0.329000 0.184000 -2.477000 0.000000 0.000000 0.000000
    166 0.286000 0.184000 -2.127000 0.000000 0.000000 0.000000
    167 0.252000 0.184000 -1.775000 0.000000 0.000000 0.000000
    168 0.215000 0.184000 -1.417000 0.000000 0.000000 0.000000
    169 0.190000 0.184000 -1.064000 0.000000 0.000000 0.000000
    170 0.166000 0.184000 -0.714000 0.000000 0.000000 0.000000
    171 1.622000 0.000000 1.568000 0.000000 0.000000 0.000013
    172 2.240000 0.000000 1.568000 0.000000 0.000000 0.000013
    173 0.000000 0.000000 0.000000 0.000000 0.000000 0.000000
    174 0.000006 -0.006207 -4.863281 -3.140338 -0.002958 -3.128596
    175 1.000088 -0.000029 0.000000 0.000000 0.000000 0.000000
    176 17.162518 -0.000404 0.000000 0.000000 0.000000 0.119207
    177 17.749374 0.295515 0.000000 0.000000 0.000000 -1.158917
    178 5.413528 0.000347 0.000000 0.000000 0.000000 -0.518029
    179 0.017887 0.299792 0.000000 0.000000 0.000000 -0.059577
    180 9.999889 -0.000303 0.000000 0.000000 0.000000 0.000000
    181 0.000004 0.006218 4.863281 -3.140338 -0.002958 -3.128596
    182 1.000088 -0.000029 0.000000 0.000000 0.000000 0.000000
    183 12.283573 1.581455 -4.695999 1.462269 -0.086726 0.090185
    184 17.162518 -0.000404 0.000000 0.000000 0.000000 0.119207
    185 17.749374 0.295515 0.000000 0.000000 0.000000 -1.158919
    186 5.413528 0.000347 0.000000 0.000000 0.000000 -0.518029
    187 0.017887 0.299792 0.000000 0.000000 0.000000 -0.059571
    188 9.499836 0.000212 0.000000 0.000000 0.000000 0.000000
    189 -1.145525 0.000130 0.000671 0.000000 0.000000 0.000000
    190 -0.857691 0.104071 0.104687 0.023536 0.163924 0.013632
    191 3.999430 -0.000528 -0.000332 0.116066 0.000000 0.000000
    192 0.599499 0.400698 0.000236 0.000000 0.000000 0.000000
    193 0.599886 0.400186 -0.000027 0.000000 0.000000 0.000000
    194 2.299677 -2.499979 -0.599480 0.891953 0.221475 -0.527201
    195 6.615128 -4.623118 0.078179 1.512780 -0.286862 0.091384
    196 -9.580679 -27.862108 -37.184677 0.812879 -0.123459 -0.568477
    197 0.649935 -0.548296 0.093658 -1.665913 -0.131399 -0.112062
    198 1.899127 0.000427 -0.000439 0.027386 -0.033311 0.477848
    199 0.657078 0.008400 0.040375 -1.665945 -0.131407 -0.000013
    200 1.799664 -0.000240 0.000231 0.027386 -0.033311 0.477848
    201 1.799664 -0.000240 0.000231 0.027386 -0.033311 0.477848
    202 1.799664 -0.000240 0.000231 0.027386 -0.033311 0.477848
    203 0.665774 0.747222 -0.029186 -1.665935 -0.131408 0.094976
    204 1.900306 -0.000137 -0.000517 0.027386 -0.033311 0.477848
    205 6.255803 -3.374086 4.825195 1.565404 1.561257 -2.764181
    206 3.999897 0.000040 0.001007 0.214817 0.000000 0.000060
    207 0.600403 0.399632 -0.000469 0.000000 0.000000 3.141497
    208 0.599890 0.400186 0.000031 0.000000 0.000000 -3.141496
    209 2.300137 -2.499413 0.600155 -0.891872 -0.221547 -0.527242
    210 12.103249 -3.649587 -1.238105 1.733585 0.203087 0.048157
    211 2.762354 0.116951 1.523975 1.629482 0.064153 1.743800
    212 7.228317 7.928200 -3.925652 2.328713 0.123459 -0.568477
    213 0.650396 -0.547731 -0.092976 1.665913 0.131399 -0.112062
    214 1.899441 -0.000320 -0.000150 -0.027386 0.033311 0.477848
    215 0.657068 0.008398 -0.040379 1.665945 0.131407 -0.000013
    216 1.799659 -0.000233 -0.000233 -0.027386 0.033311 0.477848
    217 1.799659 -0.000233 -0.000233 -0.027386 0.033311 0.477848
    218 1.799659 -0.000233 -0.000233 -0.027386 0.033311 0.477848
    219 0.665778 0.747222 0.029179 1.665935 0.131408 0.094976
    220 1.900722 0.000549 -0.000072 -0.027386 0.033311 0.477848
    221 4.530998 0.000000 0.000000 0.000000 0.000000 0.000000
    222 4.527344 0.000000 0.000000 0.000000 0.000000 0.000000
    223 0.000000 0.000000 0.000000 0.000000 0.000000 0.000000
    224 0.000000 0.000000 0.000000 0.000000 0.000000 0.000000
    225 4.000000 -6.496094 0.008293 -0.001274 0.000001 0.000975
    226 -6.500000 0.000000 0.000000 -1.537381 1.569552 -1.537381
    227 18.953472 -2.523266 7.263073 0.374151 -0.147620 0.019860
    228 0.280000 -0.135000 2.196999 1.570796 0.000000 -1.570735
    229 0.000000 0.000000 0.000000 0.000000 0.000000 0.000000
    230 0.000000 0.000000 0.000000 0.000000 0.000000 0.000000
    231 0.106000 0.000000 -64.320000 0.000000 0.000000 0.000000
    232 0.000000 0.000000 0.000000 0.000000 0.000000 0.000000
    233 -0.106000 0.000000 64.320000 0.000000 0.000000 0.000000
    234 -2.321248 11.749031 -11.009153 0.374108 -0.147658 -1.550886
    235 0.000000 0.000000 0.000000 0.000000 -0.000036 0.000055
    236 1.688000 -0.001000 -1.454002 0.000000 0.000000 0.000000
    237 -1.070999 -0.005000 0.545002 0.000000 0.000000 0.000000
    238 5.895000 0.750997 -0.156000 0.000000 0.000000 0.000000
    239 11.599999 -0.000003 -1.500002 0.000000 0.000000 0.000000
    240 -3.804688 5.152344 -5.503906 -1.515061 -0.074935 -0.291543
    241 7.216001 -0.000003 -1.579000 0.000000 0.000000 0.000000
    242 4.445999 -0.000003 -1.500000 0.000000 0.000000 0.000000
    243 0.673937 -0.015635 -4.768713 -3.141592 -1.281051 3.141593
    244 0.094999 -0.144000 0.332001 0.000000 0.000000 0.000000
    245 14.209020 0.000022 0.766988 0.000000 0.000000 0.000000
    246 0.000000 0.000000 0.000000 1.570800 0.000000 -1.570796
  time 1
    0 0.000000 0.000000 0.000000 0.000000 0.000000 -1.570796
    1 -0.106750 -0.000001 -0.000351 0.000000 0.000000 0.000000
    2 0.000000 0.000000 0.000000 0.000000 0.000000 0.000000
    3 -0.904000 0.000000 -11.806000 0.000000 0.000000 0.000000
    4 0.000000 0.000000 -14.313999 1.572085 -1.570793 0.000000
    5 3.533001 0.000000 0.000000 -0.001274 0.000000 0.000000
    6 6.250000 0.000000 0.000000 0.000000 0.000000 0.000000
    7 9.568951 -0.019507 -1.944020 -1.545137 1.187827 -1.546947
    8 9.570313 5.304688 2.056641 -1.552151 -1.032979 1.554747
    9 5.786820 0.002787 -0.000113 -1.074963 1.018043 -1.224927
    10 5.999492 -0.000592 -4.000343 0.000000 0.000000 0.000000
    11 5.787410 0.002582 0.000893 1.147073 -0.883724 -2.081703
    12 5.999492 -0.000592 4.000340 0.000000 0.000000 0.000000
    13 0.500225 0.000133 -0.000084 0.217879 0.000000 0.000000
    14 11.530657 0.000349 -0.001308 0.000031 0.000057 -1.801608
    15 -0.829338 0.893824 0.079659 -0.148839 0.047645 0.087266
    16 0.500225 0.000132 0.000072 0.080981 0.000000 0.000000
    17 11.532495 0.000526 0.003814 0.000126 -0.000057 -1.414431
    18 -0.829586 0.894698 -0.079468 0.045377 -0.019621 0.087266
    19 10.599886 0.000105 -0.000553 0.067119 0.000000 0.000000
    20 0.705621 -0.560346 -0.000805 0.000000 0.000011 0.900849
    21 11.042053 0.003717 0.000798 0.105214 -0.074119 0.668339
    22 -11.814724 0.424524 -0.297680 0.247998 -0.066121 -0.042695
    23 10.599878 0.000105 0.000549 0.425373 -0.000012 0.000060
    24 0.342326 -0.407998 0.000801 0.000000 -0.000011 0.707232
    25 11.041739 0.003170 -0.000568 0.425523 0.160689 0.248183
    26 -11.663242 0.094713 0.140656 -0.068591 0.018527 -0.015099
    27 0.610300 -0.939470 0.070347 -1.655245 -0.140067 -0.175580
    28 0.639938 -0.199121 0.060192 -1.665909 -0.131308 -0.066411
    29 0.600155 1.080260 -0.339535 -1.738023 0.020766 0.107481
    30 0.610207 0.400743 -0.010098 -1.760224 -0.067536 0.011688
    31 0.630809 -0.690091 -0.232343 0.077911 0.584161 -1.778232
    32 -0.792125 0.203736 0.461304 1.439074 -0.003453 -0.018305
    33 0.610300 -0.939469 -0.070354 1.655295 0.140019 -0.175628
    34 0.639938 -0.199121 -0.060200 1.665909 0.131392 -0.066411
    35 0.600157 1.080260 0.339531 1.741524 -0.203999 0.075913
    36 0.610205 0.400743 0.010086 1.761892 -0.015385 0.028059
    37 0.627906 -0.691394 0.232270 -1.014554 -0.861429 -0.665957
    38 -0.626031 -0.069982 -0.080517 -1.447153 0.086151 0.021559
    39 2.621377 -0.002532 -0.001438 -0.097256 -0.158735 0.116616
    40 2.660837 0.000397 -0.000071 -0.044923 0.026231 0.944098
    41 2.202488 0.003364 -0.002863 -0.045573 0.226866 0.021794
    42 0.599950 0.959236 -0.300102 -0.174544 0.000000 0.000000
    43 2.557190 -0.001967 0.002453 0.002038 0.043294 0.582652
    44 2.098929 0.000032 -0.002193 -0.433090 0.306160 0.577585
    45 0.999378 -0.000238 -1.139055 0.000000 0.000000 0.000000
    46 -0.122641 -0.721855 0.661686 -0.486644 0.223964 0.243056
    47 2.622112 -0.000648 0.002741 -0.053079 0.086883 -0.048142
    48 2.657909 0.000687 -0.000533 0.200336 0.214647 1.264659
    49 2.200014 0.001663 0.000836 0.236792 0.017724 1.474044
    50 0.599949 0.959244 0.300102 0.174544 0.000000 0.000000
    51 2.556571 -0.000385 0.000554 0.236759 0.177161 1.399512
    52 2.103853 0.001708 -0.001011 0.124896 -0.418726 0.876962
    53 0.999376 -0.000240 1.490624 0.000048 -0.000024 0.946888
    54 0.310848 -0.606446 -0.498005 0.308107 -0.197598 0.313975
    55 1.869163 -0.000835 -0.000994 0.000005 0.000063 0.539481
    56 1.200941 0.399582 -0.000237 -0.009465 0.016087 0.007127
    57 0.000586 0.100342 -0.000319 -0.120035 -0.021926 -0.209617
    58 -0.161663 0.051712 0.194808 -2.941982 0.122408 -0.060194
    59 2.010090 -0.003202 -0.003377 0.000006 0.000001 1.040259
    60 0.000237 0.099800 -0.000395 -0.018823 0.010833 -0.239219
    61 -0.203197 0.048607 0.069150 -3.093332 0.033217 -0.046722
    62 1.180426 -0.002312 0.000781 -0.000061 0.000036 0.932270
    63 -0.000196 0.099625 -0.000034 0.000000 0.000000 -0.314102
    64 -0.088737 -0.688435 -0.145203 2.930407 -0.136130 0.513013
    65 1.712069 -0.003328 0.003818 -0.025241 -0.000860 1.321762
    66 -0.000576 0.100143 -0.000311 -0.010914 0.023131 -0.260843
    67 -0.146027 -0.232426 -0.014225 3.028455 -0.094299 0.113020
    68 1.290634 0.000361 -0.000036 0.000000 0.000012 0.369855
    69 -0.658119 -0.003576 0.072643 -0.142711 0.027792 -0.077299
    70 1.868078 -0.003049 0.002177 0.000051 -0.000045 1.450101
    71 1.200075 0.399942 -0.000093 0.009465 -0.016087 0.007127
    72 0.000589 0.100342 0.000319 0.120035 0.021926 -0.209617
    73 0.068073 0.002283 -0.080050 3.111376 -0.069366 -0.060847
    74 2.011874 -0.001179 0.002180 -0.000001 -0.000085 1.378946
    75 0.000233 0.099800 0.000395 0.018823 -0.010833 -0.239219
    76 -0.018673 -0.001009 0.047544 3.109244 0.002635 -0.106673
    77 1.178665 0.001595 0.000845 0.000006 -0.000001 0.743962
    78 -0.000196 0.099628 0.000034 0.000000 0.000000 -0.314102
    79 0.036894 -0.634449 0.266284 -2.801062 0.174301 0.490915
    80 1.708256 -0.002504 -0.000686 -0.000010 0.000011 1.160590
    81 -0.000580 0.100140 0.000311 0.010910 -0.023132 -0.260845
    82 -0.003952 -0.281811 0.115047 -3.059162 0.089004 0.167964
    83 1.289625 0.000042 0.000061 -0.000002 0.000002 0.672669
    84 -0.171526 -0.018150 -0.099873 0.013484 -0.062184 -0.011781
    85 0.916622 0.003336 0.001326 0.000042 -0.000015 0.880319
    86 -0.342617 0.053402 -0.025571 -2.909301 -0.017248 0.075276
    87 1.100231 -0.000928 -0.002434 0.000009 0.000002 0.531154
    88 -0.384979 0.331001 0.006848 -3.087207 -0.018765 -0.184278
    89 0.678146 0.002286 -0.003905 -0.000006 -0.000007 1.012108
    90 -0.123848 0.072738 0.029507 2.898184 -0.060627 0.094835
    91 1.017166 -0.000154 -0.000252 -0.000011 -0.000002 0.409178
    92 -0.344990 0.123129 0.143151 2.994981 0.012396 0.059140
    93 -0.730989 0.177046 0.039141 -0.123731 0.076518 -0.084310
    94 0.921993 0.001298 -0.000896 -0.000062 0.000013 0.471806
    95 -0.124023 -0.052090 0.038495 3.077813 -0.008519 0.039229
    96 1.100433 -0.003552 0.000502 -0.000066 0.000018 0.545699
    97 -0.330082 0.160639 0.042780 3.128073 0.034033 -0.171236
    98 0.679764 0.001532 0.003272 0.000002 0.000003 0.674732
    99 -0.019512 -0.016531 0.038578 -2.763781 0.050305 0.076829
    100 1.019531 -0.000005 -0.000001 0.000000 0.000000 0.497026
    101 -0.155308 0.130644 -0.021921 -3.022466 0.022433 -0.024902
    102 -0.252207 0.061937 -0.024914 -0.007671 -0.063171 -0.044392
    103 -0.085995 0.185205 -0.015180 -2.937063 -0.113970 -0.138991
    104 -0.286533 0.179852 0.024264 -3.109353 -0.049645 -0.029914
    105 -0.019482 0.147083 0.079203 2.893815 0.038585 -0.060594
    106 -0.046482 0.251896 0.129548 3.016165 0.077112 -0.042864
    107 0.039124 -0.040295 0.047739 3.084219 0.030470 -0.037414
    108 -0.233757 0.066630 0.001754 -3.133087 0.040141 -0.065412
    109 0.044266 0.020131 0.001684 -2.778763 -0.118872 -0.040488
    110 0.071495 0.074128 -0.048302 -3.035917 -0.059482 0.104366
    111 0.000000 0.000000 0.000000 0.000000 0.000000 -1.570796
    112 -2.914151 -7.570544 -5.746269 0.385597 -0.178964 -1.550843
    113 0.000000 0.000000 0.000000 0.000000 0.000000 0.000000
    114 -2.562578 -17.863826 -4.257942 0.385504 -0.178783 -1.550938
    115 3.096000 0.000000 -1.996000 0.000000 0.000000 0.000000
    116 3.040999 0.000000 1.202000 0.000000 0.000000 0.000000
    117 7.854000 0.000000 -0.042000 0.000000 0.000000 -0.000027
    118 13.105999 0.000000 -0.006000 0.000000 0.000000 0.000027
    119 3.456000 0.000000 -1.084000 0.000000 0.000000 0.000013
    120 1.804000 0.000000 -1.025000 0.000000 0.000000 0.000000
    121 7.098000 0.000000 -1.084000 0.000000 0.000000 0.000000
    122 1.868000 1.809000 -1.975000 -2.218442 -0.017124 -0.465675
    123 3.740000 0.000000 1.273000 0.000000 0.000000 0.000013
    124 11.956999 0.000000 -0.006000 0.000000 0.000000 0.000027
    125 6.072001 0.000000 -1.238000 0.000000 0.000000 0.000000
    126 5.690000 -0.365000 0.068000 -0.000040 -0.349041 -1.570749
    127 6.396999 0.614000 0.428000 0.000000 0.000000 -0.000027
    128 3.040999 0.000000 1.202000 0.000000 0.000000 0.000000
    129 3.720000 0.000000 1.202000 0.000000 0.000000 0.000000
    130 1.086000 -0.661000 -0.149000 0.000000 0.000000 0.000000
    131 1.067000 0.589000 0.076000 0.000000 0.000000 0.000000
    132 0.000000 -0.019000 0.000000 0.000000 0.000000 0.000000
    133 0.000000 -0.019000 0.000000 0.000000 0.000000 0.000000
    134 3.300000 -0.019000 1.346000 0.000000 0.000000 0.000000
    135 -1.524000 -1.859000 -4.367000 -1.730250 -0.014891 0.208056
    136 7.283999 0.000000 -2.195000 0.000000 0.000000 -0.000027
    137 -1.323000 0.000000 0.184000 0.000000 0.000000 0.000000
    138 0.082000 0.000000 1.002000 0.000000 0.000000 0.000000
    139 -29.753555 -18.555254 -51.891808 -0.394236 0.157990 -0.086495
    140 0.478000 0.000000 -4.537000 0.000000 0.000000 -0.000013
    141 3.436000 0.000000 1.202000 0.000000 0.000000 0.000000
    142 3.040999 0.000000 1.202000 0.000000 0.000000 0.000000
    143 4.657000 0.000000 1.545000 0.000000 0.000000 -0.000013
    144 -0.403000 0.000000 -0.011000 0.000000 0.000000 0.000000
    145 1.781000 0.000000 0.873000 0.000000 0.000000 0.000000
    146 0.384000 0.715000 0.801000 0.000000 0.000000 0.000000
    147 1.795000 0.533000 -1.550000 0.000000 0.000000 0.000000
    148 4.435999 0.595000 -0.954000 0.000000 0.000000 0.000000
    149 4.401999 -0.614000 -1.630000 0.000000 0.000000 0.000000
    150 4.203000 -0.003000 -0.048000 0.000000 0.000000 0.000000
    151 5.136000 0.000000 1.534000 0.000000 0.000000 -0.000027
    152 11.957001 0.000000 -0.006000 0.000000 0.000000 0.000027
    153 -2.103001 0.000000 0.000000 0.000000 0.000000 0.000000
    154 -0.598001 0.000000 -0.011000 0.000000 0.000000 -0.000013
    155 0.496000 0.184000 -3.523000 0.000000 0.000000 0.000000
    156 0.147000 0.184000 -0.328000 0.000000 0.000000 0.000000
    157 0.147000 0.184000 0.023000 0.000000 0.000000 0.000000
    158 0.147000 0.184000 0.368000 0.000000 0.000000 0.000000
    159 0.147000 0.184000 0.717000 0.000000 0.000000 0.000000
    160 0.147000 0.184000 1.067000 0.000000 0.000000 0.000000
    161 0.148000 0.184000 1.414000 0.000000 0.000000 0.000000
    162 0.148000 -0.074000 1.640000 0.000000 0.000000 0.000000
    163 0.435000 0.184000 -3.179000 0.000000 0.000000 0.000000
    164 0.378000 0.184000 -2.826000 0.000000 0.000000 0.000000
    165 0.329000 0.184000 -2.477000 0.000000 0.000000 0.000000
    166 0.286000 0.184000 -2.127000 0.000000 0.000000 0.000000
    167 0.252000 0.184000 -1.775000 0.000000 0.000000 0.000000
    168 0.215000 0.184000 -1.417000 0.000000 0.000000 0.000000
    169 0.190000 0.184000 -1.064000 0.000000 0.000000 0.000000
    170 0.166000 0.184000 -0.714000 0.000000 0.000000 0.000000
    171 1.622000 0.000000 1.568000 0.000000 0.000000 0.000013
    172 2.240000 0.000000 1.568000 0.000000 0.000000 0.000013
    173 0.000000 0.000000 0.000000 0.000000 0.000000 0.000000
    174 0.000006 -0.006207 -4.863281 -3.140338 -0.002958 -3.128596
    175 1.000088 -0.000029 0.000000 0.000000 0.000000 0.000000
    176 17.162518 -0.000404 0.000000 0.000000 0.000000 0.119207
    177 17.749374 0.295515 0.000000 0.000000 0.000000 -1.158917
    178 5.413528 0.000347 0.000000 0.000000 0.000000 -0.518029
    179 0.017887 0.299792 0.000000 0.000000 0.000000 -0.059577
    180 9.999889 -0.000303 0.000000 0.000000 0.000000 0.000000
    181 0.000004 0.006218 4.863281 -3.140338 -0.002958 -3.128596
    182 1.000088 -0.000029 0.000000 0.000000 0.000000 0.000000
    183 12.283573 1.581455 -4.695999 1.462269 -0.086726 0.090185
    184 17.162518 -0.000404 0.000000 0.000000 0.000000 0.119207
    185 17.749374 0.295515 0.000000 0.000000 0.000000 -1.158919
    186 5.413528 0.000347 0.000000 0.000000 0.000000 -0.518029
    187 0.017887 0.299792 0.000000 0.000000 0.000000 -0.059571
    188 9.499836 0.000212 0.000000 0.000000 0.000000 0.000000
    189 -1.145525 0.000130 0.000671 0.000000 0.000000 0.000000
    190 -0.857691 0.104071 0.104687 0.023536 0.163924 0.013632
    191 3.999430 -0.000528 -0.000332 0.067117 0.000000 0.000000
    192 0.599499 0.400698 0.000236 0.000000 0.000000 0.000000
    193 0.599886 0.400186 -0.000027 0.000000 0.000000 0.000000
    194 2.299677 -2.499979 -0.599480 0.891953 0.221475 -0.527201
    195 5.865105 -5.302826 -0.456994 1.639547 -0.439293 0.044773
    196 -9.580679 -27.862108 -37.184677 0.812879 -0.123459 -0.568477
    197 0.649935 -0.548296 0.093658 -1.665913 -0.131399 -0.112062
    198 1.899127 0.000427 -0.000439 0.027386 -0.033311 0.477848
    199 0.657078 0.008400 0.040375 -1.665945 -0.131407 -0.000013
    200 1.799664 -0.000240 0.000231 0.027386 -0.033311 0.477848
    201 1.799664 -0.000240 0.000231 0.027386 -0.033311 0.477848
    202 1.799664 -0.000240 0.000231 0.027386 -0.033311 0.477848
    203 0.665774 0.747222 -0.029186 -1.665935 -0.131408 0.094976
    204 1.900306 -0.000137 -0.000517 0.027386 -0.033311 0.477848
    205 6.255803 -3.374086 4.825195 1.565404 1.561257 -2.764181
    206 3.999897 0.000040 0.001007 0.212720 0.000000 0.000000
    207 0.600403 0.399632 -0.000469 0.000000 0.000000 3.141497
    208 0.599890 0.400186 0.000031 0.000000 0.000000 -3.141496
    209 2.300137 -2.499413 0.600155 -0.891872 -0.221547 -0.527242
    210 12.103249 -3.649587 -1.238105 1.733585 0.203087 0.048157
    211 2.762354 0.116951 1.523975 1.629482 0.064153 1.743800
    212 7.228317 7.928200 -3.925652 2.328713 0.123459 -0.568477
    213 0.650396 -0.547731 -0.092976 1.665913 0.131399 -0.112062
    214 1.899441 -0.000320 -0.000150 -0.027386 0.033311 0.477848
    215 0.657068 0.008398 -0.040379 1.665945 0.131407 -0.000013
    216 1.799659 -0.000233 -0.000233 -0.027386 0.033311 0.477848
    217 1.799659 -0.000233 -0.000233 -0.027386 0.033311 0.477848
    218 1.799659 -0.000233 -0.000233 -0.027386 0.033311 0.477848
    219 0.665778 0.747222 0.029179 1.665935 0.131408 0.094976
    220 1.900722 0.000549 -0.000072 -0.027386 0.033311 0.477848
    221 4.530998 0.000000 0.000000 0.000000 0.000000 0.000000
    222 4.527344 0.000000 0.000000 0.000000 0.000000 0.000000
    223 0.000000 0.000000 0.000000 0.000000 0.000000 0.000000
    224 0.000000 0.000000 0.000000 0.000000 0.000000 0.000000
    225 4.000000 -6.496094 0.008293 -0.001274 0.000001 0.000975
    226 -6.500000 0.000000 0.000000 -1.537381 1.569552 -1.537381
    227 18.871438 -2.562329 7.552144 0.385597 -0.178895 0.019860
    228 0.280000 -0.135000 2.196999 1.570796 0.000000 -1.570735
    229 0.000000 0.000000 0.000000 0.000000 0.000000 0.000000
    230 0.000000 0.000000 0.000000 -0.000443 0.001127 -0.001594
    231 0.106000 0.000000 -64.320000 0.000000 0.000000 0.000000
    232 0.000000 0.000000 0.000000 0.000000 0.000000 0.000000
    233 -0.106000 0.000000 64.320000 0.000000 0.000000 0.000000
    234 -2.332967 11.616214 -11.638079 0.385640 -0.178977 -1.550886
    235 0.000000 0.000000 0.000000 0.000000 -0.000036 0.000055
    236 1.688000 -0.001000 -1.454002 0.000000 0.000000 0.000000
    237 -1.070999 -0.005000 0.545002 0.000000 0.000000 0.000000
    238 5.895000 0.750997 -0.156000 0.000000 0.000000 0.000000
    239 11.599999 -0.000003 -1.500002 0.000000 0.000000 0.000000
    240 -3.804688 5.152344 -5.503906 -1.515061 -0.074935 -0.291543
    241 7.216001 -0.000003 -1.579000 0.000000 0.000000 0.000000
    242 4.445999 -0.000003 -1.500000 0.000000 0.000000 0.000000
    243 0.673937 -0.015635 -4.768713 -3.141592 -1.281051 3.141593
    244 0.094999 -0.144000 0.332001 0.000000 0.000000 0.000000
    245 14.209020 0.000022 0.766988 0.000000 0.000000 0.000000
    246 0.000000 0.000000 0.000000 1.570800 0.000000 -1.570796
  time 2
    0 0.000000 0.000000 0.000000 0.000000 0.000000 -1.570796
    1 -0.106750 -0.000001 -0.000351 0.000000 0.000000 0.000000
    2 0.000000 0.000000 0.000000 0.000000 0.000000 0.000000
    3 -0.904000 0.000000 -11.806000 0.000000 0.000000 0.000000
    4 0.000000 0.000000 -14.313999 1.572085 -1.570793 0.000000
    5 3.533001 0.000000 0.000000 -0.001274 0.000000 0.000000
    6 6.250000 0.000000 0.000000 0.000000 0.000000 0.000000
    7 9.568951 -0.019507 -1.944020 -1.545137 1.187827 -1.546947
    8 9.570313 5.304688 2.056641 -1.552151 -1.032979 1.554747
    9 5.786820 0.002787 -0.000113 -1.300943 0.855093 -1.293594
    10 5.999492 -0.000592 -4.000343 0.000000 0.000000 0.000000
    11 5.787410 0.002582 0.000893 1.160143 -0.865884 -2.095654
    12 5.999492 -0.000592 4.000340 0.000000 0.000000 0.000000
    13 0.500225 0.000133 -0.000084 0.386395 -0.000012 0.000060
    14 11.530657 0.000349 -0.001308 0.000079 0.000009 -1.565177
    15 -0.829338 0.893824 0.079659 -0.148839 0.047645 0.087266
    16 0.500225 0.000132 0.000072 0.065088 0.000000 -0.000060
    17 11.532495 0.000526 0.003814 0.000006 -0.000010 -1.354455
    18 -0.829586 0.894698 -0.079468 0.045377 -0.019621 0.087266
    19 10.599886 0.000105 -0.000553 -0.065557 -0.000024 0.000000
    20 0.475145 -0.478312 -0.000805 0.000000 0.000011 0.782609
    21 11.042053 0.003717 0.000798 -0.120726 0.327087 0.476085
    22 -11.814724 0.424524 -0.297680 0.247998 -0.066121 -0.042695
    23 10.599878 0.000105 0.000549 0.432801 -0.000012 0.000060
    24 0.314982 -0.392372 0.000801 -0.000024 -0.000047 0.677283
    25 11.041739 0.003170 -0.000568 0.440491 0.182235 0.100865
    26 -11.663242 0.094713 0.140656 -0.068591 0.018527 -0.015099
    27 0.610300 -0.939470 0.070347 -1.655245 -0.140067 -0.175580
    28 0.639938 -0.199121 0.060192 -1.665909 -0.131308 -0.066411
    29 0.600155 1.080260 -0.339535 -1.738023 0.020784 0.107469
    30 0.610207 0.400743 -0.010098 -1.760224 -0.067548 0.011700
    31 0.630809 -0.690091 -0.232343 0.088166 0.534307 -1.760830
    32 -0.792125 0.203736 0.461304 1.439074 -0.003453 -0.018305
    33 0.610300 -0.939469 -0.070354 1.655295 0.140019 -0.175628
    34 0.639938 -0.199121 -0.060200 1.665909 0.131392 -0.066411
    35 0.600157 1.080260 0.339531 1.741524 -0.203999 0.075913
    36 0.610205 0.400743 0.010086 1.761892 -0.015385 0.028059
    37 0.627906 -0.691394 0.232270 -1.014554 -0.861429 -0.665957
    38 -0.626031 -0.069982 -0.080517 -1.447153 0.086151 0.021559
    39 2.621377 -0.002532 -0.001438 -0.072023 -0.093779 -0.008414
    40 2.660837 0.000397 -0.000071 -0.049350 0.006161 0.559591
    41 2.202488 0.003364 -0.002863 -0.067662 0.220508 -0.088533
    42 0.599950 0.959236 -0.300102 -0.174544 0.000000 0.000000
    43 2.557190 -0.001967 0.002453 -0.005357 0.038615 0.197426
    44 2.098929 0.000032 -0.002193 -0.433090 0.306160 0.577585
    45 0.999378 -0.000238 -1.103898 0.000000 0.000000 0.000000
    46 -0.122641 -0.721855 0.661686 -0.486644 0.223964 0.243056
    47 2.622112 -0.000648 0.002741 -0.053062 0.086883 -0.048142
    48 2.657909 0.000687 -0.000533 0.200336 0.214647 1.264659
    49 2.200014 0.001663 0.000836 0.236792 0.017724 1.474044
    50 0.599949 0.959244 0.300102 0.174544 0.000000 0.000000
    51 2.556571 -0.000385 0.000554 0.236759 0.177161 1.399512
    52 2.103853 0.001708 -0.001011 0.124896 -0.418726 0.876962
    53 0.999376 -0.000240 1.490624 0.000048 -0.000024 0.946888
    54 0.310848 -0.606446 -0.498005 0.308107 -0.197598 0.313975
    55 1.869163 -0.000835 -0.000994 0.000005 0.000051 0.539481
    56 1.200941 0.399582 -0.000237 -0.009465 0.016087 0.007127
    57 0.000586 0.100342 -0.000319 -0.120035 -0.021926 -0.209617
    58 -0.161663 0.051712 0.194808 -2.941982 0.122408 -0.060194
    59 2.010090 -0.003202 -0.003377 0.000006 0.000001 0.550953
    60 0.000237 0.099800 -0.000395 -0.018823 0.010833 -0.239219
    61 -0.203197 0.048607 0.069150 -3.093332 0.033217 -0.046722
    62 1.180426 -0.002312 0.000781 -0.000002 0.000000 0.544474
    63 -0.000196 0.099625 -0.000034 0.000000 0.000000 -0.314102
    64 -0.088737 -0.688435 -0.145203 2.930407 -0.136130 0.513013
    65 1.712069 -0.003328 0.003818 -0.021418 -0.012185 0.871649
    66 -0.000576 0.100143 -0.000311 -0.010914 0.023131 -0.260843
    67 -0.146027 -0.232426 -0.014225 3.028455 -0.094299 0.113020
    68 1.290634 0.000361 -0.000036 0.000000 0.000036 0.369815
    69 -0.658119 -0.003576 0.072643 -0.142711 0.027792 -0.077299
    70 1.868078 -0.003049 0.002177 0.000051 -0.000045 1.450101
    71 1.200075 0.399942 -0.000093 0.009465 -0.016087 0.007127
    72 0.000589 0.100342 0.000319 0.120035 0.021926 -0.209617
    73 0.068073 0.002283 -0.080050 3.111376 -0.069366 -0.060847
    74 2.011874 -0.001179 0.002180 -0.000001 -0.000085 1.378946
    75 0.000233 0.099800 0.000395 0.018823 -0.010833 -0.239219
    76 -0.018673 -0.001009 0.047544 3.109244 0.002635 -0.106673
    77 1.178665 0.001595 0.000845 0.000006 -0.000001 0.743962
    78 -0.000196 0.099628 0.000034 0.000000 0.000000 -0.314102
    79 0.036894 -0.634449 0.266284 -2.801062 0.174301 0.490915
    80 1.708256 -0.002504 -0.000686 -0.000010 0.000011 1.160590
    81 -0.000580 0.100140 0.000311 0.010910 -0.023132 -0.260845
    82 -0.003952 -0.281811 0.115047 -3.059162 0.089004 0.167964
    83 1.289625 0.000042 0.000061 -0.000002 0.000002 0.672669
    84 -0.171526 -0.018150 -0.099873 0.013484 -0.062184 -0.011781
    85 0.916622 0.003336 0.001326 0.000019 -0.000003 0.880319
    86 -0.342617 0.053402 -0.025571 -2.909301 -0.017248 0.075276
    87 1.100231 -0.000928 -0.002434 0.000009 0.000002 0.258434
    88 -0.384979 0.331001 0.006848 -3.087207 -0.018765 -0.184278
    89 0.678146 0.002286 -0.003905 0.000018 0.000053 0.817638
    90 -0.123848 0.072738 0.029507 2.898184 -0.060627 0.094835
    91 1.017166 -0.000154 -0.000252 -0.000071 -0.000002 0.188516
    92 -0.344990 0.123129 0.143151 2.994981 0.012396 0.059140
    93 -0.730989 0.177046 0.039141 -0.123731 0.076518 -0.084310
    94 0.921993 0.001298 -0.000896 -0.000062 0.000013 0.471806
    95 -0.124023 -0.052090 0.038495 3.077813 -0.008519 0.039229
    96 1.100433 -0.003552 0.000502 -0.000066 0.000030 0.545699
    97 -0.330082 0.160639 0.042780 3.128073 0.034033 -0.171236
    98 0.679764 0.001532 0.003272 0.000002 0.000003 0.674732
    99 -0.019512 -0.016531 0.038578 -2.763781 0.050305 0.076829
    100 1.019531 -0.000005 -0.000001 0.000000 0.000000 0.497026
    101 -0.155308 0.130644 -0.021921 -3.022466 0.022433 -0.024902
    102 -0.252207 0.061937 -0.024914 -0.007671 -0.063171 -0.044392
    103 -0.085995 0.185205 -0.015180 -2.937063 -0.113970 -0.138991
    104 -0.286533 0.179852 0.024264 -3.109353 -0.049645 -0.029914
    105 -0.019482 0.147083 0.079203 2.893815 0.038585 -0.060594
    106 -0.046482 0.251896 0.129548 3.016165 0.077112 -0.042864
    107 0.039124 -0.040295 0.047739 3.084219 0.030470 -0.037414
    108 -0.233757 0.066630 0.001754 -3.133087 0.040141 -0.065412
    109 0.044266 0.020131 0.001684 -2.778763 -0.118872 -0.040488
    110 0.071495 0.074128 -0.048302 -3.035917 -0.059482 0.104366
    111 0.000000 0.000000 0.000000 0.000000 0.000000 -1.570796
    112 -3.152440 -7.472884 -5.957213 0.440034 -0.278621 -1.550843
    113 0.000000 0.000000 0.000000 0.000000 0.000000 0.000000
    114 -2.781335 -17.563036 -3.437605 0.439891 -0.278370 -1.551032
    115 3.096000 0.000000 -1.996000 0.000000 0.000000 0.000000
    116 3.040999 0.000000 1.202000 0.000000 0.000000 0.000000
    117 7.854000 0.000000 -0.042000 0.000000 0.000000 -0.000027
    118 13.105999 0.000000 -0.006000 0.000000 0.000000 0.000027
    119 3.456000 0.000000 -1.084000 0.000000 0.000000 0.000013
    120 1.804000 0.000000 -1.025000 0.000000 0.000000 0.000000
    121 7.098000 0.000000 -1.084000 0.000000 0.000000 0.000000
    122 1.868000 1.809000 -1.975000 -2.218442 -0.017124 -0.465675
    123 3.740000 0.000000 1.273000 0.000000 0.000000 0.000013
    124 11.956999 0.000000 -0.006000 0.000000 0.000000 0.000027
    125 6.072001 0.000000 -1.238000 0.000000 0.000000 0.000000
    126 5.690000 -0.365000 0.068000 -0.000040 -0.349041 -1.570749
    127 6.396999 0.614000 0.428000 0.000000 0.000000 -0.000027
    128 3.040999 0.000000 1.202000 0.000000 0.000000 0.000000
    129 3.720000 0.000000 1.202000 0.000000 0.000000 0.000000
    130 1.086000 -0.661000 -0.149000 0.000000 0.000000 0.000000
    131 1.067000 0.589000 0.076000 0.000000 0.000000 0.000000
    132 0.000000 -0.019000 0.000000 0.000000 0.000000 0.000000
    133 0.000000 -0.019000 0.000000 0.000000 0.000000 0.000000
    134 3.300000 -0.019000 1.346000 0.000000 0.000000 0.000000
    135 -1.524000 -1.859000 -4.367000 -1.730250 -0.014891 0.208056
    136 7.283999 0.000000 -2.195000 0.000000 0.000000 -0.000027
    137 -1.323000 0.000000 0.184000 0.000000 0.000000 0.000000
    138 0.082000 0.000000 1.002000 0.000000 0.000000 0.000000
    139 -35.167783 -20.117801 -48.469828 -0.459863 0.242589 -0.139664
    140 0.478000 0.000000 -4.537000 0.000000 0.000000 -0.000013
    141 3.436000 0.000000 1.202000 0.000000 0.000000 0.000000
    142 3.040999 0.000000 1.202000 0.000000 0.000000 0.000000
    143 4.657000 0.000000 1.545000 0.000000 0.000000 -0.000013
    144 -0.403000 0.000000 -0.011000 0.000000 0.000000 0.000000
    145 1.781000 0.000000 0.873000 0.000000 0.000000 0.000000
    146 0.384000 0.715000 0.801000 0.000000 0.000000 0.000000
    147 1.795000 0.533000 -1.550000 0.000000 0.000000 0.000000
    148 4.435999 0.595000 -0.954000 0.000000 0.000000 0.000000
    149 4.401999 -0.614000 -1.630000 0.000000 0.000000 0.000000
    150 4.203000 -0.003000 -0.048000 0.000000 0.000000 0.000000
    151 5.136000 0.000000 1.534000 0.000000 0.000000 -0.000027
    152 11.957001 0.000000 -0.006000 0.000000 0.000000 0.000027
    153 -2.103001 0.000000 0.000000 0.000000 0.000000 0.000000
    154 -0.598001 0.000000 -0.011000 0.000000 0.000000 -0.000013
    155 0.496000 0.184000 -3.523000 0.000000 0.000000 0.000000
    156 0.147000 0.184000 -0.328000 0.000000 0.000000 0.000000
    157 0.147000 0.184000 0.023000 0.000000 0.000000 0.000000
    158 0.147000 0.184000 0.368000 0.000000 0.000000 0.000000
    159 0.147000 0.184000 0.717000 0.000000 0.000000 0.000000
    160 0.147000 0.184000 1.067000 0.000000 0.000000 0.000000
    161 0.148000 0.184000 1.414000 0.000000 0.000000 0.000000
    162 0.148000 -0.074000 1.640000 0.000000 0.000000 0.000000
    163 0.435000 0.184000 -3.179000 0.000000 0.000000 0.000000
    164 0.378000 0.184000 -2.826000 0.000000 0.000000 0.000000
    165 0.329000 0.184000 -2.477000 0.000000 0.000000 0.000000
    166 0.286000 0.184000 -2.127000 0.000000 0.000000 0.000000
    167 0.252000 0.184000 -1.775000 0.000000 0.000000 0.000000
    168 0.215000 0.184000 -1.417000 0.000000 0.000000 0.000000
    169 0.190000 0.184000 -1.064000 0.000000 0.000000 0.000000
    170 0.166000 0.184000 -0.714000 0.000000 0.000000 0.000000
    171 1.622000 0.000000 1.568000 0.000000 0.000000 0.000013
    172 2.240000 0.000000 1.568000 0.000000 0.000000 0.000013
    173 0.000000 0.000000 0.000000 0.000000 0.000000 0.000000
    174 0.000006 -0.006207 -4.863281 -3.140338 -0.002958 -3.128596
    175 1.000088 -0.000029 0.000000 0.000000 0.000000 0.000000
    176 17.162518 -0.000404 0.000000 0.000000 0.000000 0.119207
    177 17.749374 0.295515 0.000000 0.000000 0.000000 -1.158917
    178 5.413528 0.000347 0.000000 0.000000 0.000000 -0.518029
    179 0.017887 0.299792 0.000000 0.000000 0.000000 -0.059577
    180 9.999889 -0.000303 0.000000 0.000000 0.000000 0.000000
    181 0.000004 0.006218 4.863281 -3.140338 -0.002958 -3.128596
    182 1.000088 -0.000029 0.000000 0.000000 0.000000 0.000000
    183 12.283573 1.581455 -4.695999 1.462269 -0.086726 0.090185
    184 17.162518 -0.000404 0.000000 0.000000 0.000000 0.119207
    185 17.749374 0.295515 0.000000 0.000000 0.000000 -1.158919
    186 5.413528 0.000347 0.000000 0.000000 0.000000 -0.518029
    187 0.017887 0.299792 0.000000 0.000000 0.000000 -0.059571
    188 9.499836 0.000212 0.000000 0.000000 0.000000 0.000000
    189 -1.145525 0.000130 0.000671 0.000000 0.000000 0.000000
    190 -0.857691 0.104071 0.104687 0.023536 0.163924 0.013632
    191 3.999430 -0.000528 -0.000332 -0.065611 -0.000060 0.000000
    192 0.599499 0.400698 0.000236 0.000000 0.000000 0.000000
    193 0.599886 0.400186 -0.000027 0.000000 0.000000 0.000000
    194 2.299677 -2.499979 -0.599480 0.891953 0.221475 -0.527201
    195 5.013516 -4.853594 -3.015666 2.079069 -0.685293 -0.119976
    196 -9.580679 -27.862108 -37.184677 0.812879 -0.123459 -0.568477
    197 0.649935 -0.548296 0.093658 -1.665913 -0.131399 -0.112062
    198 1.899127 0.000427 -0.000439 0.027386 -0.033311 0.477848
    199 0.657078 0.008400 0.040375 -1.665945 -0.131407 -0.000013
    200 1.799664 -0.000240 0.000231 0.027386 -0.033311 0.477848
    201 1.799664 -0.000240 0.000231 0.027386 -0.033311 0.477848
    202 1.799664 -0.000240 0.000231 0.027386 -0.033311 0.477848
    203 0.665774 0.747222 -0.029186 -1.665935 -0.131408 0.094976
    204 1.900306 -0.000137 -0.000517 0.027386 -0.033311 0.477848
    205 6.255803 -3.374086 4.825195 1.565404 1.561257 -2.764181
    206 3.999897 0.000040 0.001007 0.216346 -0.000060 0.000000
    207 0.600403 0.399632 -0.000469 0.000000 0.000000 3.141497
    208 0.599890 0.400186 0.000031 0.000000 0.000000 3.141497
    209 2.300137 -2.499413 0.600155 -0.891872 -0.221547 -0.527242
    210 12.103249 -3.649587 -1.238105 1.733585 0.203087 0.048157
    211 2.762354 0.116951 1.523975 1.629482 0.064153 1.743800
    212 7.228317 7.928200 -3.925652 2.328713 0.123459 -0.568477
    213 0.650396 -0.547731 -0.092976 1.665913 0.131399 -0.112062
    214 1.899441 -0.000320 -0.000150 -0.027386 0.033311 0.477848
    215 0.657068 0.008398 -0.040379 1.665945 0.131407 -0.000013
    216 1.799659 -0.000233 -0.000233 -0.027386 0.033311 0.477848
    217 1.799659 -0.000233 -0.000233 -0.027386 0.033311 0.477848
    218 1.799659 -0.000233 -0.000233 -0.027386 0.033311 0.477848
    219 0.665778 0.747222 0.029179 1.665935 0.131408 0.094976
    220 1.900722 0.000549 -0.000072 -0.027386 0.033311 0.477848
    221 4.530998 0.000000 0.000000 0.000000 0.000000 0.000000
    222 4.527344 0.000000 0.000000 0.000000 0.000000 0.000000
    223 0.000000 0.000000 0.000000 0.000000 0.000000 0.000000
    224 0.000000 0.000000 0.000000 0.000000 0.000000 0.000000
    225 4.000000 -6.496094 0.008293 -0.001274 0.000001 0.000975
    226 -6.500000 0.000000 0.000000 -1.537381 1.569552 -1.537381
    227 18.570647 -2.784992 8.368575 0.440034 -0.278537 0.019953
    228 0.280000 -0.135000 2.196999 1.570796 0.000000 -1.570735
    229 0.000000 0.000000 0.000000 0.000000 0.000000 0.000000
    230 0.000000 0.000000 0.000000 -0.000899 0.002253 -0.003200
    231 0.106000 0.000000 -64.320000 0.000000 0.000000 0.000000
    232 0.000000 0.000000 0.000000 0.000000 0.000000 0.000000
    233 -0.106000 0.000000 64.320000 0.000000 0.000000 0.000000
    234 -2.426720 11.049790 -13.669391 0.439981 -0.278635 -1.550886
    235 0.000000 0.000000 0.000000 0.000000 -0.000036 0.000055
    236 1.688000 -0.001000 -1.454002 0.000000 0.000000 0.000000
    237 -1.070999 -0.005000 0.545002 0.000000 0.000000 0.000000
    238 5.895000 0.750997 -0.156000 0.000000 0.000000 0.000000
    239 11.599999 -0.000003 -1.500002 0.000000 0.000000 0.000000
    240 -3.804688 5.152344 -5.503906 -1.515061 -0.074935 -0.291543
    241 7.216001 -0.000003 -1.579000 0.000000 0.000000 0.000000
    242 4.445999 -0.000003 -1.500000 0.000000 0.000000 0.000000
    243 0.673937 -0.015635 -4.768713 -3.141592 -1.281051 3.141593
    244 0.094999 -0.144000 0.332001 0.000000 0.000000 0.000000
    245 14.209020 0.000022 0.766988 0.000000 0.000000 0.000000
    246 0.000000 0.000000 0.000000 1.570800 0.000000 -1.570796
  time 3
    0 0.000000 0.000000 0.000000 0.000000 0.000000 -1.570796
    1 -0.106750 -0.000001 -0.000351 0.000000 0.000000 0.000000
    2 0.000000 0.000000 0.000000 0.000000 0.000000 0.000000
    3 -0.904000 0.000000 -11.806000 0.000000 0.000000 0.000000
    4 0.000000 0.000000 -14.313999 1.572085 -1.570793 0.000000
    5 3.533001 0.000000 0.000000 -0.001274 0.000000 0.000000
    6 6.250000 0.000000 0.000000 0.000000 0.000000 0.000000
    7 9.568951 -0.019507 -1.944020 -1.545137 1.187827 -1.546947
    8 9.570313 5.304688 2.056641 -1.552151 -1.032979 1.554747
    9 5.786820 0.002787 -0.000113 -1.342908 0.533283 -1.421420
    10 5.999492 -0.000592 -4.000343 0.000000 0.000000 0.000000
    11 5.787410 0.002582 0.000893 1.183412 -0.818625 -2.121112
    12 5.999492 -0.000592 4.000340 0.000000 0.000000 0.000000
    13 0.500225 0.000133 -0.000084 0.410325 0.000048 0.000012
    14 11.530657 0.000349 -0.001308 -0.000041 0.000057 -1.154760
    15 -0.829338 0.893824 0.079659 -0.148839 0.047645 0.087266
    16 0.500225 0.000132 0.000072 0.025851 0.000060 0.000000
    17 11.532495 0.000526 0.003814 0.000018 -0.000034 -1.224563
    18 -0.829586 0.894698 -0.079468 0.045377 -0.019621 0.087266
    19 10.599886 0.000105 -0.000553 -0.203626 0.000000 -0.000024
    20 0.209512 -0.322057 -0.000805 0.000000 0.000011 0.577344
    21 11.042053 0.003717 0.000798 -0.396093 0.093856 0.228665
    22 -11.814724 0.424524 -0.297680 0.247998 -0.066121 -0.042695
    23 10.599878 0.000105 0.000549 0.517386 -0.000012 0.000048
    24 0.252480 -0.349402 0.000801 0.000000 -0.000011 0.612330
    25 11.041739 0.003170 -0.000568 0.513523 0.220992 -0.161575
    26 -11.663242 0.094713 0.140656 -0.068591 0.018527 -0.015099
    27 0.610300 -0.939470 0.070347 -1.655245 -0.140067 -0.175580
    28 0.639938 -0.199121 0.060192 -1.665909 -0.131320 -0.066411
    29 0.600155 1.080260 -0.339535 -1.738023 0.020802 0.107445
    30 0.610207 0.400743 -0.010098 -1.760278 -0.067572 0.011724
    31 0.630809 -0.690091 -0.232343 0.115431 0.466592 -1.713549
    32 -0.792125 0.203736 0.461304 1.439074 -0.003453 -0.018305
    33 0.610300 -0.939469 -0.070354 1.655295 0.140019 -0.175628
    34 0.639938 -0.199121 -0.060200 1.665909 0.131392 -0.066411
    35 0.600157 1.080260 0.339531 1.741524 -0.203999 0.075913
    36 0.610205 0.400743 0.010086 1.761892 -0.015385 0.028059
    37 0.627906 -0.691394 0.232270 -1.014554 -0.861429 -0.665957
    38 -0.626031 -0.069982 -0.080517 -1.447153 0.086151 0.021559
    39 2.621377 -0.002532 -0.001438 -0.058504 -0.058757 -0.075674
    40 2.660837 0.000397 -0.000071 -0.053320 -0.004647 0.352597
    41 2.202488 0.003364 -0.002863 -0.084495 0.217031 -0.147910
    42 0.599950 0.959236 -0.300102 -0.174544 0.000000 0.000000
    43 2.557190 -0.001967 0.002453 -0.019347 0.036144 -0.010055
    44 2.098929 0.000032 -0.002193 -0.433090 0.306160 0.577585
    45 0.999378 -0.000238 -1.072647 0.000000 0.000000 0.000000
    46 -0.122641 -0.721855 0.661686 -0.486644 0.223964 0.243056
    47 2.622112 -0.000648 0.002741 -0.053062 0.086883 -0.048142
    48 2.657909 0.000687 -0.000533 0.200353 0.214647 1.264659
    49 2.200014 0.001663 0.000836 0.236792 0.017724 1.474044
    50 0.599949 0.959244 0.300102 0.174544 0.000000 0.000000
    51 2.556571 -0.000385 0.000554 0.236759 0.177161 1.399512
    52 2.103853 0.001708 -0.001011 0.124896 -0.418726 0.876962
    53 0.999376 -0.000240 1.490624 0.000048 -0.000024 0.946888
    54 0.310848 -0.606446 -0.498005 0.308107 -0.197598 0.313975
    55 1.869163 -0.000835 -0.000994 0.000005 0.000051 0.539481
    56 1.200941 0.399582 -0.000237 -0.009465 0.016087 0.007127
    57 0.000586 0.100342 -0.000319 -0.120035 -0.021926 -0.209617
    58 -0.161663 0.051712 0.194808 -2.941982 0.122408 -0.060194
    59 2.010090 -0.003202 -0.003377 0.000006 0.000001 0.287614
    60 0.000237 0.099800 -0.000395 -0.018823 0.010833 -0.239219
    61 -0.203197 0.048607 0.069150 -3.093332 0.033217 -0.046722
    62 1.180426 -0.002312 0.000781 -0.000002 0.000000 0.335506
    63 -0.000196 0.099625 -0.000034 0.000000 0.000000 -0.314102
    64 -0.088737 -0.688435 -0.145203 2.930407 -0.136130 0.513013
    65 1.712069 -0.003328 0.003818 -0.019356 -0.018285 0.629347
    66 -0.000576 0.100143 -0.000311 -0.010914 0.023131 -0.260843
    67 -0.146027 -0.232426 -0.014225 3.028455 -0.094299 0.113020
    68 1.290634 0.000361 -0.000036 0.000000 0.000060 0.369815
    69 -0.658119 -0.003576 0.072643 -0.142711 0.027792 -0.077299
    70 1.868078 -0.003049 0.002177 0.000051 -0.000045 1.450101
    71 1.200075 0.399942 -0.000093 0.009465 -0.016087 0.007127
    72 0.000589 0.100342 0.000319 0.120035 0.021926 -0.209617
    73 0.068073 0.002283 -0.080050 3.111376 -0.069366 -0.060847
    74 2.011874 -0.001179 0.002180 -0.000001 -0.000085 1.378946
    75 0.000233 0.099800 0.000395 0.018823 -0.010833 -0.239219
    76 -0.018673 -0.001009 0.047544 3.109244 0.002635 -0.106673
    77 1.178665 0.001595 0.000845 0.000006 -0.000001 0.743962
    78 -0.000196 0.099628 0.000034 0.000000 0.000000 -0.314102
    79 0.036894 -0.634449 0.266284 -2.801062 0.174301 0.490915
    80 1.708256 -0.002504 -0.000686 -0.000010 0.000011 1.160590
    81 -0.000580 0.100140 0.000311 0.010910 -0.023132 -0.260845
    82 -0.003952 -0.281811 0.115047 -3.059162 0.089004 0.167964
    83 1.289625 0.000042 0.000061 -0.000002 0.000002 0.672669
    84 -0.171526 -0.018150 -0.099873 0.013484 -0.062184 -0.011781
    85 0.916622 0.003336 0.001326 0.000007 0.000009 0.880261
    86 -0.342617 0.053402 -0.025571 -2.909301 -0.017248 0.075276
    87 1.100231 -0.000928 -0.002434 0.000009 0.000002 0.111511
    88 -0.384979 0.331001 0.006848 -3.087207 -0.018765 -0.184278
    89 0.678146 0.002286 -0.003905 0.000054 -0.000019 0.644814
    90 -0.123848 0.072738 0.029507 2.898184 -0.060627 0.094835
    91 1.017166 -0.000154 -0.000252 -0.000011 -0.000002 0.069757
    92 -0.344990 0.123129 0.143151 2.994981 0.012396 0.059140
    93 -0.730989 0.177046 0.039141 -0.123731 0.076518 -0.084310
    94 0.921993 0.001298 -0.000896 -0.000062 0.000013 0.471806
    95 -0.124023 -0.052090 0.038495 3.077813 -0.008519 0.039229
    96 1.100433 -0.003552 0.000502 -0.000066 0.000030 0.545699
    97 -0.330082 0.160639 0.042780 3.128073 0.034033 -0.171236
    98 0.679764 0.001532 0.003272 0.000002 0.000003 0.674732
    99 -0.019512 -0.016531 0.038578 -2.763781 0.050305 0.076829
    100 1.019531 -0.000005 -0.000001 0.000000 0.000000 0.497026
    101 -0.155308 0.130644 -0.021921 -3.022466 0.022433 -0.024902
    102 -0.252207 0.061937 -0.024914 -0.007671 -0.063171 -0.044392
    103 -0.085995 0.185205 -0.015180 -2.937063 -0.113970 -0.138991
    104 -0.286533 0.179852 0.024264 -3.109353 -0.049645 -0.029914
    105 -0.019482 0.147083 0.079203 2.893815 0.038585 -0.060594
    106 -0.046482 0.251896 0.129548 3.016165 0.077112 -0.042864
    107 0.039124 -0.040295 0.047739 3.084219 0.030470 -0.037414
    108 -0.233757 0.066630 0.001754 -3.133087 0.040141 -0.065412
    109 0.044266 0.020131 0.001684 -2.778763 -0.118872 -0.040488
    110 0.071495 0.074128 -0.048302 -3.035917 -0.059482 0.104366
    111 0.000000 0.000000 0.000000 0.000000 0.000000 -1.570796
    112 -3.789178 -7.535386 -6.480667 0.582197 -0.439058 -1.558396
    113 0.000000 0.000000 0.000000 0.000000 0.000000 0.000000
    114 -3.445418 -17.066927 -2.332102 0.582404 -0.440205 -1.558117
    115 3.096000 0.000000 -1.996000 0.000000 0.000000 0.000000
    116 3.040999 0.000000 1.202000 0.000000 0.000000 0.000000
    117 7.854000 0.000000 -0.042000 0.000000 0.000000 -0.000027
    118 13.105999 0.000000 -0.006000 0.000000 0.000000 0.000027
    119 3.456000 0.000000 -1.084000 0.000000 0.000000 0.000013
    120 1.804000 0.000000 -1.025000 0.000000 0.000000 0.000000
    121 7.098000 0.000000 -1.084000 0.000000 0.000000 0.000000
    122 1.868000 1.809000 -1.975000 -2.218442 -0.017124 -0.465675
    123 3.740000 0.000000 1.273000 0.000000 0.000000 0.000013
    124 11.956999 0.000000 -0.006000 0.000000 0.000000 0.000027
    125 6.072001 0.000000 -1.238000 0.000000 0.000000 0.000000
    126 5.690000 -0.365000 0.068000 -0.000040 -0.349041 -1.570749
    127 6.396999 0.614000 0.428000 0.000000 0.000000 -0.000027
    128 3.040999 0.000000 1.202000 0.000000 0.000000 0.000000
    129 3.720000 0.000000 1.202000 0.000000 0.000000 0.000000
    130 1.086000 -0.661000 -0.149000 0.000000 0.000000 0.000000
    131 1.067000 0.589000 0.076000 0.000000 0.000000 0.000000
    132 0.000000 -0.019000 0.000000 0.000000 0.000000 0.000000
    133 0.000000 -0.019000 0.000000 0.000000 0.000000 0.000000
    134 3.300000 -0.019000 1.346000 0.000000 0.000000 0.000000
    135 -1.524000 -1.859000 -4.367000 -1.730250 -0.014891 0.208056
    136 7.283999 0.000000 -2.195000 0.000000 0.000000 -0.000027
    137 -1.323000 0.000000 0.184000 0.000000 0.000000 0.000000
    138 0.082000 0.000000 1.002000 0.000000 0.000000 0.000000
    139 -43.355533 -23.524155 -40.684435 -0.632526 0.355560 -0.263377
    140 0.478000 0.000000 -4.537000 0.000000 0.000000 -0.000013
    141 3.436000 0.000000 1.202000 0.000000 0.000000 0.000000
    142 3.040999 0.000000 1.202000 0.000000 0.000000 0.000000
    143 4.657000 0.000000 1.545000 0.000000 0.000000 -0.000013
    144 -0.403000 0.000000 -0.011000 0.000000 0.000000 0.000000
    145 1.781000 0.000000 0.873000 0.000000 0.000000 0.000000
    146 0.384000 0.715000 0.801000 0.000000 0.000000 0.000000
    147 1.795000 0.533000 -1.550000 0.000000 0.000000 0.000000
    148 4.435999 0.595000 -0.954000 0.000000 0.000000 0.000000
    149 4.401999 -0.614000 -1.630000 0.000000 0.000000 0.000000
    150 4.203000 -0.003000 -0.048000 0.000000 0.000000 0.000000
    151 5.136000 0.000000 1.534000 0.000000 0.000000 -0.000027
    152 11.957001 0.000000 -0.006000 0.000000 0.000000 0.000027
    153 -2.103001 0.000000 0.000000 0.000000 0.000000 0.000000
    154 -0.598001 0.000000 -0.011000 0.000000 0.000000 -0.000013
    155 0.496000 0.184000 -3.523000 0.000000 0.000000 0.000000
    156 0.147000 0.184000 -0.328000 0.000000 0.000000 0.000000
    157 0.147000 0.184000 0.023000 0.000000 0.000000 0.000000
    158 0.147000 0.184000 0.368000 0.000000 0.000000 0.000000
    159 0.147000 0.184000 0.717000 0.000000 0.000000 0.000000
    160 0.147000 0.184000 1.067000 0.000000 0.000000 0.000000
    161 0.148000 0.184000 1.414000 0.000000 0.000000 0.000000
    162 0.148000 -0.074000 1.640000 0.000000 0.000000 0.000000
    163 0.435000 0.184000 -3.179000 0.000000 0.000000 0.000000
    164 0.378000 0.184000 -2.826000 0.000000 0.000000 0.000000
    165 0.329000 0.184000 -2.477000 0.000000 0.000000 0.000000
    166 0.286000 0.184000 -2.127000 0.000000 0.000000 0.000000
    167 0.252000 0.184000 -1.775000 0.000000 0.000000 0.000000
    168 0.215000 0.184000 -1.417000 0.000000 0.000000 0.000000
    169 0.190000 0.184000 -1.064000 0.000000 0.000000 0.000000
    170 0.166000 0.184000 -0.714000 0.000000 0.000000 0.000000
    171 1.622000 0.000000 1.568000 0.000000 0.000000 0.000013
    172 2.240000 0.000000 1.568000 0.000000 0.000000 0.000013
    173 0.000000 0.000000 0.000000 0.000000 0.000000 0.000000
    174 0.000006 -0.006207 -4.863281 -3.140338 -0.002958 -3.128596
    175 1.000088 -0.000029 0.000000 0.000000 0.000000 0.000000
    176 17.162518 -0.000404 0.000000 0.000000 0.000000 0.119207
    177 17.749374 0.295515 0.000000 0.000000 0.000000 -1.158917
    178 5.413528 0.000347 0.000000 0.000000 0.000000 -0.518029
    179 0.017887 0.299792 0.000000 0.000000 0.000000 -0.059577
    180 9.999889 -0.000303 0.000000 0.000000 0.000000 0.000000
    181 0.000004 0.006218 4.863281 -3.140338 -0.002958 -3.128596
    182 1.000088 -0.000029 0.000000 0.000000 0.000000 0.000000
    183 12.283573 1.581455 -4.695999 1.462269 -0.086726 0.090185
    184 17.162518 -0.000404 0.000000 0.000000 0.000000 0.119207
    185 17.749374 0.295515 0.000000 0.000000 0.000000 -1.158919
    186 5.413528 0.000347 0.000000 0.000000 0.000000 -0.518029
    187 0.017887 0.299792 0.000000 0.000000 0.000000 -0.059571
    188 9.499836 0.000212 0.000000 0.000000 0.000000 0.000000
    189 -1.145525 0.000130 0.000671 0.000000 0.000000 0.000000
    190 -0.857691 0.104071 0.104687 0.023536 0.163924 0.013632
    191 3.999430 -0.000528 -0.000332 -0.203625 0.000000 0.000000
    192 0.599499 0.400698 0.000236 0.000000 0.000000 0.000000
    193 0.599886 0.400186 -0.000027 0.000000 0.000000 0.000000
    194 2.299677 -2.499979 -0.599480 0.891953 0.221475 -0.527201
    195 1.900140 -2.970724 -5.011820 2.560686 -0.458900 -0.225058
    196 -9.580679 -27.862108 -37.184677 0.812879 -0.123459 -0.568477
    197 0.649935 -0.548296 0.093658 -1.665913 -0.131399 -0.112062
    198 1.899127 0.000427 -0.000439 0.027386 -0.033311 0.477848
    199 0.657078 0.008400 0.040375 -1.665945 -0.131407 -0.000013
    200 1.799664 -0.000240 0.000231 0.027386 -0.033311 0.477848
    201 1.799664 -0.000240 0.000231 0.027386 -0.033311 0.477848
    202 1.799664 -0.000240 0.000231 0.027386 -0.033311 0.477848
    203 0.665774 0.747222 -0.029186 -1.665935 -0.131408 0.094976
    204 1.900306 -0.000137 -0.000517 0.027386 -0.033311 0.477848
    205 6.255803 -3.374086 4.825195 1.565404 1.561257 -2.764181
    206 3.999897 0.000040 0.001007 0.258636 0.000000 0.000000
    207 0.600403 0.399632 -0.000469 0.000000 0.000000 -3.141496
    208 0.599890 0.400186 0.000031 0.000000 0.000000 -3.141496
    209 2.300137 -2.499413 0.600155 -0.891872 -0.221535 -0.527242
    210 12.103249 -3.649587 -1.238105 1.733585 0.203087 0.048157
    211 2.762354 0.116951 1.523975 1.629482 0.064153 1.743800
    212 7.228317 7.928200 -3.925652 2.328713 0.123459 -0.568477
    213 0.650396 -0.547731 -0.092976 1.665913 0.131399 -0.112062
    214 1.899441 -0.000320 -0.000150 -0.027386 0.033311 0.477848
    215 0.657068 0.008398 -0.040379 1.665945 0.131407 -0.000013
    216 1.799659 -0.000233 -0.000233 -0.027386 0.033311 0.477848
    217 1.799659 -0.000233 -0.000233 -0.027386 0.033311 0.477848
    218 1.799659 -0.000233 -0.000233 -0.027386 0.033311 0.477848
    219 0.665778 0.747222 0.029179 1.665935 0.131408 0.094976
    220 1.900722 0.000549 -0.000072 -0.027386 0.033311 0.477848
    221 4.530998 0.000000 0.000000 0.000000 0.000000 0.000000
    222 4.527344 0.000000 0.000000 0.000000 0.000000 0.000000
    223 0.000000 0.000000 0.000000 0.000000 0.000000 0.000000
    224 0.000000 0.000000 0.000000 0.000000 0.000000 0.000000
    225 4.000000 -6.496094 0.008293 -0.001274 0.000001 0.000975
    226 -6.500000 0.000000 0.000000 -1.537381 1.569552 -1.537381
    227 18.090164 -3.452981 9.446733 0.582197 -0.438996 0.012401
    228 0.280000 -0.135000 2.196999 1.570796 0.000000 -1.570735
    229 0.000000 0.000000 0.000000 0.000000 0.000000 0.000000
    230 0.000000 0.000000 0.000000 -0.001342 0.003392 -0.004794
    231 0.106000 0.000000 -64.320000 0.000000 0.000000 0.000000
    232 0.000000 0.000000 0.000000 0.000000 0.000000 0.000000
    233 -0.106000 0.000000 64.320000 0.000000 0.000000 0.000000
    234 -2.586881 9.592715 -16.892146 0.582212 -0.439054 -1.558453
    235 0.000000 0.000000 0.000000 0.000000 -0.000036 0.000055
    236 1.688000 -0.001000 -1.454002 0.000000 0.000000 0.000000
    237 -1.070999 -0.005000 0.545002 0.000000 0.000000 0.000000
    238 5.895000 0.750997 -0.156000 0.000000 0.000000 0.000000
    239 11.599999 -0.000003 -1.500002 0.000000 0.000000 0.000000
    240 -3.804688 5.152344 -5.503906 -1.515061 -0.074935 -0.291543
    241 7.216001 -0.000003 -1.579000 0.000000 0.000000 0.000000
    242 4.445999 -0.000003 -1.500000 0.000000 0.000000 0.000000
    243 0.673937 -0.015635 -4.768713 -3.141592 -1.281051 3.141593
    244 0.094999 -0.144000 0.332001 0.000000 0.000000 0.000000
    245 14.209020 0.000022 0.766988 0.000000 0.000000 0.000000
    246 0.000000 0.000000 0.000000 1.570800 0.000000 -1.570796
  time 4
    0 0.000000 0.000000 0.000000 0.000000 0.000000 -1.570796
    1 -0.106750 -0.000001 -0.000351 0.000000 0.000000 0.000000
    2 0.000000 0.000000 0.000000 0.000000 0.000000 0.000000
    3 -0.904000 0.000000 -11.806000 0.000000 0.000000 0.000000
    4 0.000000 0.000000 -14.313999 1.572085 -1.570793 0.000000
    5 3.533001 0.000000 0.000000 -0.001274 0.000000 0.000000
    6 6.250000 0.000000 0.000000 0.000000 0.000000 0.000000
    7 9.568951 -0.019507 -1.944020 -1.545137 1.187827 -1.546947
    8 9.570313 5.304688 2.056641 -1.552151 -1.032979 1.554747
    9 5.786820 0.002787 -0.000113 -1.332584 0.425891 -1.480765
    10 5.999492 -0.000592 -4.000343 0.000000 0.000000 0.000000
    11 5.787410 0.002582 0.000893 1.214315 -0.781110 -2.159887
    12 5.999492 -0.000592 4.000340 0.000000 0.000000 0.000000
    13 0.500225 0.000133 -0.000084 0.393992 0.000000 0.000000
    14 11.530657 0.000349 -0.001308 -0.000065 -0.000027 -1.026188
    15 -0.829338 0.893824 0.079659 -0.148839 0.047645 0.087266
    16 0.500225 0.000132 0.000072 -0.008837 -0.000060 0.000000
    17 11.532495 0.000526 0.003814 0.000042 -0.000057 -1.094752
    18 -0.829586 0.894698 -0.079468 0.045377 -0.019621 0.087266
    19 10.599886 0.000105 -0.000553 -0.408562 0.000000 0.000000
    20 0.162635 -0.290806 -0.000805 0.000000 0.000011 0.513079
    21 11.042053 0.003717 0.000798 -0.772861 0.266410 0.293516
    22 -11.814724 0.424524 -0.297680 0.247998 -0.066121 -0.042695
    23 10.599878 0.000105 0.000549 0.614641 -0.000012 0.000048
    24 0.186072 -0.306432 0.000801 0.000012 0.000049 0.547377
    25 11.041739 0.003170 -0.000568 0.579509 0.246523 -0.319415
    26 -11.663242 0.094713 0.140656 -0.068591 0.018527 -0.015099
    27 0.610300 -0.939470 0.070347 -1.655245 -0.140067 -0.175592
    28 0.639938 -0.199121 0.060192 -1.665909 -0.131320 -0.066411
    29 0.600155 1.080260 -0.339535 -1.869359 0.297798 0.043687
    30 0.610207 0.400743 -0.010098 -1.816104 0.108386 0.008932
    31 0.630809 -0.690091 -0.232343 0.362623 0.314001 -1.389986
    32 -0.792125 0.203736 0.461304 1.439074 -0.003453 -0.018305
    33 0.610300 -0.939469 -0.070354 1.655295 0.140019 -0.175628
    34 0.639938 -0.199121 -0.060200 1.665909 0.131392 -0.066411
    35 0.600157 1.080260 0.339531 1.741524 -0.203999 0.075913
    36 0.610205 0.400743 0.010086 1.761892 -0.015385 0.028059
    37 0.627906 -0.691394 0.232270 -1.014554 -0.861429 -0.665957
    38 -0.626031 -0.069982 -0.080517 -1.447153 0.086151 0.021559
    39 2.621377 -0.002532 -0.001438 -0.309656 0.072041 0.329592
    40 2.660837 0.000397 -0.000071 -0.059184 0.130271 0.475887
    41 2.202488 0.003364 -0.002863 -0.096795 0.306765 0.134930
    42 0.599950 0.959236 -0.300102 -0.174544 0.000000 0.000000
    43 2.557190 -0.001967 0.002453 -0.084192 0.146702 0.341272
    44 2.098929 0.000032 -0.002193 -0.439911 0.295870 0.554677
    45 0.999378 -0.000238 -1.002332 0.000000 0.000000 0.000000
    46 -0.122641 -0.721855 0.661686 -0.486644 0.223964 0.243056
    47 2.622112 -0.000648 0.002741 -0.053062 0.086883 -0.048142
    48 2.657909 0.000687 -0.000533 0.200353 0.214647 1.264659
    49 2.200014 0.001663 0.000836 0.236792 0.017724 1.474087
    50 0.599949 0.959244 0.300102 0.174544 0.000000 0.000000
    51 2.556571 -0.000385 0.000554 0.236759 0.177161 1.399512
    52 2.103853 0.001708 -0.001011 0.124896 -0.418726 0.876979
    53 0.999376 -0.000240 1.490624 0.000036 -0.000012 0.946888
    54 0.310848 -0.606446 -0.498005 0.308107 -0.197598 0.313975
    55 1.869163 -0.000835 -0.000994 0.000005 0.000039 0.539481
    56 1.200941 0.399582 -0.000237 -0.009465 0.016087 0.007127
    57 0.000586 0.100342 -0.000319 -0.120035 -0.021926 -0.209617
    58 -0.161663 0.051712 0.194808 -2.941982 0.122408 -0.060194
    59 2.010090 -0.003202 -0.003377 0.000006 0.000001 0.795701
    60 0.000237 0.099800 -0.000395 -0.018823 0.010833 -0.239219
    61 -0.203197 0.048607 0.069150 -3.093332 0.033217 -0.046722
    62 1.180426 -0.002312 0.000781 -0.000002 0.000012 1.129050
    63 -0.000196 0.099625 -0.000034 0.000000 0.000000 -0.314102
    64 -0.088737 -0.688435 -0.145203 2.930407 -0.136130 0.513013
    65 1.712069 -0.003328 0.003818 -0.021717 -0.002010 1.045070
    66 -0.000576 0.100143 -0.000311 -0.010914 0.023131 -0.260843
    67 -0.146027 -0.232426 -0.014225 3.028455 -0.094299 0.113020
    68 1.290634 0.000361 -0.000036 0.000000 0.000000 0.042577
    69 -0.658119 -0.003576 0.072643 -0.142711 0.027792 -0.077299
    70 1.868078 -0.003049 0.002177 0.000039 -0.000045 1.450101
    71 1.200075 0.399942 -0.000093 0.009465 -0.016087 0.007127
    72 0.000589 0.100342 0.000319 0.120035 0.021926 -0.209617
    73 0.068073 0.002283 -0.080050 3.111376 -0.069366 -0.060847
    74 2.011874 -0.001179 0.002180 -0.000001 -0.000085 1.378946
    75 0.000233 0.099800 0.000395 0.018823 -0.010833 -0.239219
    76 -0.018673 -0.001009 0.047544 3.109244 0.002635 -0.106673
    77 1.178665 0.001595 0.000845 0.000006 -0.000001 0.743962
    78 -0.000196 0.099628 0.000034 0.000000 0.000000 -0.314102
    79 0.036894 -0.634449 0.266284 -2.801062 0.174301 0.490915
    80 1.708256 -0.002504 -0.000686 -0.000010 0.000011 1.160590
    81 -0.000580 0.100140 0.000311 0.010910 -0.023132 -0.260845
    82 -0.003952 -0.281811 0.115047 -3.059162 0.089004 0.167964
    83 1.289625 0.000042 0.000061 -0.000002 0.000002 0.672669
    84 -0.171526 -0.018150 -0.099873 0.013484 -0.062184 -0.011781
    85 0.916622 0.003336 0.001326 0.000007 0.000009 0.545350
    86 -0.342617 0.053402 -0.025571 -2.909301 -0.017248 0.075276
    87 1.100231 -0.000928 -0.002434 0.000009 0.000002 0.394734
    88 -0.384979 0.331001 0.006848 -3.087207 -0.018765 -0.184278
    89 0.678146 0.002286 -0.003905 -0.000006 -0.000007 0.360559
    90 -0.123848 0.072738 0.029507 2.898184 -0.060627 0.094835
    91 1.017166 -0.000154 -0.000252 -0.000011 -0.000002 0.162680
    92 -0.344990 0.123129 0.143151 2.994981 0.012396 0.059140
    93 -0.730989 0.177046 0.039141 -0.123731 0.076518 -0.084310
    94 0.921993 0.001298 -0.000896 -0.000062 0.000013 0.471806
    95 -0.124023 -0.052090 0.038495 3.077813 -0.008519 0.039229
    96 1.100433 -0.003552 0.000502 -0.000054 0.000030 0.545699
    97 -0.330082 0.160639 0.042780 3.128073 0.034033 -0.171236
    98 0.679764 0.001532 0.003272 0.000002 0.000003 0.674732
    99 -0.019512 -0.016531 0.038578 -2.763781 0.050305 0.076829
    100 1.019531 -0.000005 -0.000001 0.000000 0.000000 0.497026
    101 -0.155308 0.130644 -0.021921 -3.022466 0.022433 -0.024902
    102 -0.252207 0.061937 -0.024914 -0.007671 -0.063171 -0.044392
    103 -0.085995 0.185205 -0.015180 -2.937063 -0.113970 -0.138991
    104 -0.286533 0.179852 0.024264 -3.109353 -0.049645 -0.029914
    105 -0.019482 0.147083 0.079203 2.893815 0.038585 -0.060594
    106 -0.046482 0.251896 0.129548 3.016165 0.077112 -0.042864
    107 0.039124 -0.040295 0.047739 3.084219 0.030470 -0.037414
    108 -0.233757 0.066630 0.001754 -3.133087 0.040141 -0.065412
    109 0.044266 0.020131 0.001684 -2.778763 -0.118872 -0.040488
    110 0.071495 0.074128 -0.048302 -3.035917 -0.059482 0.104366
    111 0.000000 0.000000 0.000000 0.000000 0.000000 -1.570796
    112 -4.070437 -7.965087 -7.187719 0.693079 -0.494107 -1.567440
    113 0.000000 0.000000 0.000000 0.000000 0.000000 0.000000
    114 -3.796991 -17.258339 -2.515702 0.692837 -0.493867 -1.567440
    115 3.096000 0.000000 -1.996000 0.000000 0.000000 0.000000
    116 3.040999 0.000000 1.202000 0.000000 0.000000 0.000000
    117 7.854000 0.000000 -0.042000 0.000000 0.000000 -0.000027
    118 13.105999 0.000000 -0.006000 0.000000 0.000000 0.000027
    119 3.456000 0.000000 -1.084000 0.000000 0.000000 0.000013
    120 1.804000 0.000000 -1.025000 0.000000 0.000000 0.000000
    121 7.098000 0.000000 -1.084000 0.000000 0.000000 0.000000
    122 1.868000 1.809000 -1.975000 -2.218442 -0.017124 -0.465675
    123 3.740000 0.000000 1.273000 0.000000 0.000000 0.000013
    124 11.956999 0.000000 -0.006000 0.000000 0.000000 0.000027
    125 6.072001 0.000000 -1.238000 0.000000 0.000000 0.000000
    126 5.690000 -0.365000 0.068000 -0.000040 -0.349041 -1.570749
    127 6.396999 0.614000 0.428000 0.000000 0.000000 -0.000027
    128 3.040999 0.000000 1.202000 0.000000 0.000000 0.000000
    129 3.720000 0.000000 1.202000 0.000000 0.000000 0.000000
    130 1.086000 -0.661000 -0.149000 0.000000 0.000000 0.000000
    131 1.067000 0.589000 0.076000 0.000000 0.000000 0.000000
    132 0.000000 -0.019000 0.000000 0.000000 0.000000 0.000000
    133 0.000000 -0.019000 0.000000 0.000000 0.000000 0.000000
    134 3.300000 -0.019000 1.346000 0.000000 0.000000 0.000000
    135 -1.524000 -1.859000 -4.367000 -1.730250 -0.014891 0.208056
    136 7.283999 0.000000 -2.195000 0.000000 0.000000 -0.000027
    137 -1.323000 0.000000 0.184000 0.000000 0.000000 0.000000
    138 0.082000 0.000000 1.002000 0.000000 0.000000 0.000000
    139 -46.050927 -26.125797 -35.715533 -0.757226 0.371071 -0.334016
    140 0.478000 0.000000 -4.537000 0.000000 0.000000 -0.000013
    141 3.436000 0.000000 1.202000 0.000000 0.000000 0.000000
    142 3.040999 0.000000 1.202000 0.000000 0.000000 0.000000
    143 4.657000 0.000000 1.545000 0.000000 0.000000 -0.000013
    144 -0.403000 0.000000 -0.011000 0.000000 0.000000 0.000000
    145 1.781000 0.000000 0.873000 0.000000 0.000000 0.000000
    146 0.384000 0.715000 0.801000 0.000000 0.000000 0.000000
    147 1.795000 0.533000 -1.550000 0.000000 0.000000 0.000000
    148 4.435999 0.595000 -0.954000 0.000000 0.000000 0.000000
    149 4.401999 -0.614000 -1.630000 0.000000 0.000000 0.000000
    150 4.203000 -0.003000 -0.048000 0.000000 0.000000 0.000000
    151 5.136000 0.000000 1.534000 0.000000 0.000000 -0.000027
    152 11.957001 0.000000 -0.006000 0.000000 0.000000 0.000027
    153 -2.103001 0.000000 0.000000 0.000000 0.000000 0.000000
    154 -0.598001 0.000000 -0.011000 0.000000 0.000000 -0.000013
    155 0.496000 0.184000 -3.523000 0.000000 0.000000 0.000000
    156 0.147000 0.184000 -0.328000 0.000000 0.000000 0.000000
    157 0.147000 0.184000 0.023000 0.000000 0.000000 0.000000
    158 0.147000 0.184000 0.368000 0.000000 0.000000 0.000000
    159 0.147000 0.184000 0.717000 0.000000 0.000000 0.000000
    160 0.147000 0.184000 1.067000 0.000000 0.000000 0.000000
    161 0.148000 0.184000 1.414000 0.000000 0.000000 0.000000
    162 0.148000 -0.074000 1.640000 0.000000 0.000000 0.000000
    163 0.435000 0.184000 -3.179000 0.000000 0.000000 0.000000
    164 0.378000 0.184000 -2.826000 0.000000 0.000000 0.000000
    165 0.329000 0.184000 -2.477000 0.000000 0.000000 0.000000
    166 0.286000 0.184000 -2.127000 0.000000 0.000000 0.000000
    167 0.252000 0.184000 -1.775000 0.000000 0.000000 0.000000
    168 0.215000 0.184000 -1.417000 0.000000 0.000000 0.000000
    169 0.190000 0.184000 -1.064000 0.000000 0.000000 0.000000
    170 0.166000 0.184000 -0.714000 0.000000 0.000000 0.000000
    171 1.622000 0.000000 1.568000 0.000000 0.000000 0.000013
    172 2.240000 0.000000 1.568000 0.000000 0.000000 0.000013
    173 0.000000 0.000000 0.000000 0.000000 0.000000 0.000000
    174 0.000006 -0.006207 -4.863281 -3.140338 -0.002958 -3.128596
    175 1.000088 -0.000029 0.000000 0.000000 0.000000 0.000000
    176 17.162518 -0.000404 0.000000 0.000000 0.000000 0.119207
    177 17.749374 0.295515 0.000000 0.000000 0.000000 -1.158917
    178 5.413528 0.000347 0.000000 0.000000 0.000000 -0.518029
    179 0.017887 0.299792 0.000000 0.000000 0.000000 -0.059577
    180 9.999889 -0.000303 0.000000 0.000000 0.000000 0.000000
    181 0.000004 0.006218 4.863281 -3.140338 -0.002958 -3.128596
    182 1.000088 -0.000029 0.000000 0.000000 0.000000 0.000000
    183 12.283573 1.581455 -4.695999 1.462269 -0.086726 0.090185
    184 17.162518 -0.000404 0.000000 0.000000 0.000000 0.119207
    185 17.749374 0.295515 0.000000 0.000000 0.000000 -1.158919
    186 5.413528 0.000347 0.000000 0.000000 0.000000 -0.518029
    187 0.017887 0.299792 0.000000 0.000000 0.000000 -0.059571
    188 9.499836 0.000212 0.000000 0.000000 0.000000 0.000000
    189 -1.145525 0.000130 0.000671 0.000000 0.000000 0.000000
    190 -0.857691 0.104071 0.104687 0.023536 0.163924 0.013632
    191 3.999430 -0.000528 -0.000332 -0.408589 0.000000 0.000000
    192 0.599499 0.400698 0.000236 0.000000 0.000000 0.000000
    193 0.599886 0.400186 -0.000027 0.000000 0.000000 0.000000
    194 2.299677 -2.499979 -0.599480 0.891953 0.221475 -0.527201
    195 1.384499 -0.787063 -4.644622 3.131279 -0.384506 -0.642629
    196 -9.580679 -27.862108 -37.184677 0.812879 -0.123459 -0.568477
    197 0.649935 -0.548296 0.093658 -1.665913 -0.131399 -0.112062
    198 1.899127 0.000427 -0.000439 0.027386 -0.033311 0.477848
    199 0.657078 0.008400 0.040375 -1.665945 -0.131407 -0.000013
    200 1.799664 -0.000240 0.000231 0.027386 -0.033311 0.477848
    201 1.799664 -0.000240 0.000231 0.027386 -0.033311 0.477848
    202 1.799664 -0.000240 0.000231 0.027386 -0.033311 0.477848
    203 0.665774 0.747222 -0.029186 -1.665935 -0.131408 0.094976
    204 1.900306 -0.000137 -0.000517 0.027386 -0.033311 0.477848
    205 6.255803 -3.374086 4.825195 1.565404 1.561257 -2.764181
    206 3.999897 0.000040 0.001007 0.307349 0.000000 0.000000
    207 0.600403 0.399632 -0.000469 0.000000 0.000000 3.141497
    208 0.599890 0.400186 0.000031 0.000000 0.000000 3.141497
    209 2.300137 -2.499413 0.600155 -0.891872 -0.221535 -0.527242
    210 12.103249 -3.649587 -1.238105 1.733585 0.203087 0.048157
    211 2.762354 0.116951 1.523975 1.629482 0.064153 1.743800
    212 7.228317 7.928200 -3.925652 2.328713 0.123459 -0.568477
    213 0.650396 -0.547731 -0.092976 1.665913 0.131399 -0.112062
    214 1.899441 -0.000320 -0.000150 -0.027386 0.033311 0.477848
    215 0.657068 0.008398 -0.040379 1.665945 0.131407 -0.000013
    216 1.799659 -0.000233 -0.000233 -0.027386 0.033311 0.477848
    217 1.799659 -0.000233 -0.000233 -0.027386 0.033311 0.477848
    218 1.799659 -0.000233 -0.000233 -0.027386 0.033311 0.477848
    219 0.665778 0.747222 0.029179 1.665935 0.131408 0.094976
    220 1.900722 0.000549 -0.000072 -0.027386 0.033311 0.477848
    221 4.530998 0.000000 0.000000 0.000000 0.000000 0.000000
    222 4.527344 0.000000 0.000000 0.000000 0.000000 0.000000
    223 0.000000 0.000000 0.000000 0.000000 0.000000 0.000000
    224 0.000000 0.000000 0.000000 0.000000 0.000000 0.000000
    225 4.000000 -6.496094 0.008293 -0.001274 0.000001 0.000975
    226 -6.500000 0.000000 0.000000 -1.537381 1.569552 -1.537381
    227 18.269857 -3.788929 9.282666 0.693079 -0.494037 0.003357
    228 0.280000 -0.135000 2.196999 1.570796 0.000000 -1.570735
    229 0.000000 0.000000 0.000000 0.000000 0.000000 0.000000
    230 0.000000 0.000000 0.000000 -0.001798 0.004518 -0.006400
    231 0.106000 0.000000 -64.320000 0.000000 0.000000 0.000000
    232 0.000000 0.000000 0.000000 0.000000 0.000000 0.000000
    233 -0.106000 0.000000 64.320000 0.000000 0.000000 0.000000
    234 -2.485315 8.635654 -18.372659 0.693079 -0.494116 -1.567457
    235 0.000000 0.000000 0.000000 0.000000 -0.000036 0.000055
    236 1.688000 -0.001000 -1.454002 0.000000 0.000000 0.000000
    237 -1.070999 -0.005000 0.545002 0.000000 0.000000 0.000000
    238 5.895000 0.750997 -0.156000 0.000000 0.000000 0.000000
    239 11.599999 -0.000003 -1.500002 0.000000 0.000000 0.000000
    240 -3.804688 5.152344 -5.503906 -1.515061 -0.074935 -0.291543
    241 7.216001 -0.000003 -1.579000 0.000000 0.000000 0.000000
    242 4.445999 -0.000003 -1.500000 0.000000 0.000000 0.000000
    243 0.673937 -0.015635 -4.768713 -3.141592 -1.281051 3.141593
    244 0.094999 -0.144000 0.332001 0.000000 0.000000 0.000000
    245 14.209020 0.000022 0.766988 0.000000 0.000000 0.000000
    246 0.000000 0.000000 0.000000 1.570800 0.000000 -1.570796
  time 5
    0 0.000000 0.000000 0.000000 0.000000 0.000000 -1.570796
    1 -0.106750 -0.000001 -0.000351 0.000000 0.000000 0.000000
    2 0.000000 0.000000 0.000000 0.000000 0.000000 0.000000
    3 -0.904000 0.000000 -11.806000 0.000000 0.000000 0.000000
    4 0.000000 0.000000 -14.313999 1.572085 -1.570793 0.000000
    5 3.533001 0.000000 0.000000 -0.001274 0.000000 0.000000
    6 6.250000 0.000000 0.000000 0.000000 0.000000 0.000000
    7 9.568951 -0.019507 -1.944020 -1.545137 1.187827 -1.546947
    8 9.570313 5.304688 2.056641 -1.552151 -1.032979 1.554747
    9 5.786820 0.002787 -0.000113 -1.328951 0.438467 -1.480765
    10 5.999492 -0.000592 -4.000343 0.000000 0.000000 0.000000
    11 5.787410 0.002582 0.000893 1.235874 -0.773955 -2.179637
    12 5.999492 -0.000592 4.000340 0.000000 0.000000 0.000000
    13 0.500225 0.000133 -0.000084 0.390398 0.000048 0.000012
    14 11.530657 0.000349 -0.001308 0.000019 -0.000051 -1.004785
    15 -0.829338 0.893824 0.079659 -0.148839 0.047645 0.087266
    16 0.500225 0.000132 0.000072 -0.023279 0.000000 0.000000
    17 11.532495 0.000526 0.003814 0.000054 0.000026 -1.005759
    18 -0.829586 0.894698 -0.079468 0.045377 -0.019621 0.087266
    19 10.599886 0.000105 -0.000553 -0.389363 0.000000 -0.000024
    20 0.162635 -0.286900 -0.000805 0.000000 0.000011 0.502444
    21 11.042053 0.003717 0.000798 -0.748813 0.261433 0.249034
    22 -11.814724 0.424524 -0.297680 0.247998 -0.066121 -0.042695
    23 10.599878 0.000105 0.000549 0.633865 -0.000012 0.000048
    24 0.178259 -0.298620 0.000801 0.000000 -0.000011 0.502926
    25 11.041739 0.003170 -0.000568 0.569666 0.246873 -0.428056
    26 -11.663242 0.094713 0.140656 -0.068591 0.018527 -0.015099
    27 0.610300 -0.939470 0.070347 -1.655295 -0.140067 -0.175592
    28 0.639938 -0.199121 0.060192 -1.665909 -0.131320 -0.066411
    29 0.600155 1.080260 -0.339535 -1.869412 0.297780 0.043663
    30 0.610207 0.400743 -0.010098 -1.816157 0.108362 0.008908
    31 0.630809 -0.690091 -0.232343 0.362593 0.313954 -1.389986
    32 -0.792125 0.203736 0.461304 1.439074 -0.003453 -0.018305
    33 0.610300 -0.939469 -0.070354 1.655295 0.140019 -0.175628
    34 0.639938 -0.199121 -0.060200 1.665960 0.131392 -0.066411
    35 0.600157 1.080260 0.339531 1.741524 -0.203999 0.075913
    36 0.610205 0.400743 0.010086 1.761892 -0.015385 0.028059
    37 0.627906 -0.691394 0.232270 -1.014554 -0.861429 -0.665957
    38 -0.626031 -0.069982 -0.080517 -1.447153 0.086151 0.021559
    39 2.621377 -0.002532 -0.001438 -0.309636 0.072041 0.329592
    40 2.660837 0.000397 -0.000071 -0.063793 0.265264 0.599052
    41 2.202488 0.003364 -0.002863 -0.104799 0.396427 0.417727
    42 0.599950 0.959236 -0.300102 -0.174544 0.000000 0.000000
    43 2.557190 -0.001967 0.002453 -0.140286 0.257260 0.692681
    44 2.098929 0.000032 -0.002193 -0.439911 0.295870 0.554677
    45 0.999378 -0.000238 -1.021864 0.000000 0.000000 0.000000
    46 -0.122641 -0.721855 0.661686 -0.486644 0.223964 0.243056
    47 2.622112 -0.000648 0.002741 -0.053062 0.086883 -0.048142
    48 2.657909 0.000687 -0.000533 0.200353 0.214647 1.264659
    49 2.200014 0.001663 0.000836 0.236792 0.017724 1.474087
    50 0.599949 0.959244 0.300102 0.174544 0.000000 0.000000
    51 2.556571 -0.000385 0.000554 0.236759 0.177161 1.399512
    52 2.103853 0.001708 -0.001011 0.124896 -0.418726 0.876979
    53 0.999376 -0.000240 1.490624 0.000036 -0.000012 0.946888
    54 0.310848 -0.606446 -0.498005 0.308107 -0.197598 0.313975
    55 1.869163 -0.000835 -0.000994 0.000005 0.000039 0.539481
    56 1.200941 0.399582 -0.000237 -0.009465 0.016087 0.007127
    57 0.000586 0.100342 -0.000319 -0.120035 -0.021926 -0.209617
    58 -0.161663 0.051712 0.194808 -2.941982 0.122408 -0.060194
    59 2.010090 -0.003202 -0.003377 0.000006 0.000001 1.303834
    60 0.000237 0.099800 -0.000395 -0.018823 0.010833 -0.239219
    61 -0.203197 0.048607 0.069150 -3.093332 0.033217 -0.046722
    62 1.180426 -0.002312 0.000781 -0.000002 0.000000 1.922660
    63 -0.000196 0.099625 -0.000034 0.000000 0.000000 -0.314102
    64 -0.088737 -0.688435 -0.145203 2.930407 -0.136130 0.513013
    65 1.712069 -0.003328 0.003818 -0.023899 0.014193 1.460792
    66 -0.000576 0.100143 -0.000311 -0.010914 0.023131 -0.260843
    67 -0.146027 -0.232426 -0.014225 3.028455 -0.094299 0.113020
    68 1.290634 0.000361 -0.000036 0.000000 0.000000 0.042498
    69 -0.658119 -0.003576 0.072643 -0.142711 0.027792 -0.077299
    70 1.868078 -0.003049 0.002177 0.000039 -0.000045 1.450101
    71 1.200075 0.399942 -0.000093 0.009465 -0.016087 0.007127
    72 0.000589 0.100342 0.000319 0.120035 0.021926 -0.209617
    73 0.068073 0.002283 -0.080050 3.111376 -0.069366 -0.060847
    74 2.011874 -0.001179 0.002180 -0.000013 -0.000085 1.378946
    75 0.000233 0.099800 0.000395 0.018823 -0.010833 -0.239219
    76 -0.018673 -0.001009 0.047544 3.109244 0.002635 -0.106673
    77 1.178665 0.001595 0.000845 0.000006 -0.000001 0.743962
    78 -0.000196 0.099628 0.000034 0.000000 0.000000 -0.314102
    79 0.036894 -0.634449 0.266284 -2.801062 0.174301 0.490915
    80 1.708256 -0.002504 -0.000686 -0.000010 0.000011 1.160590
    81 -0.000580 0.100140 0.000311 0.010910 -0.023132 -0.260845
    82 -0.003952 -0.281811 0.115047 -3.059162 0.089004 0.167964
    83 1.289625 0.000042 0.000061 -0.000002 0.000002 0.672669
    84 -0.171526 -0.018150 -0.099873 0.013484 -0.062184 -0.011781
    85 0.916622 0.003336 0.001326 0.000007 0.000009 0.545293
    86 -0.342617 0.053402 -0.025571 -2.909301 -0.017248 0.075276
    87 1.100231 -0.000928 -0.002434 0.000009 0.000002 0.677957
    88 -0.384979 0.331001 0.006848 -3.087207 -0.018765 -0.184278
    89 0.678146 0.002286 -0.003905 -0.000006 -0.000007 0.136742
    90 -0.123848 0.072738 0.029507 2.898184 -0.060627 0.094835
    91 1.017166 -0.000154 -0.000252 -0.000011 -0.000002 0.255651
    92 -0.344990 0.123129 0.143151 2.994981 0.012396 0.059140
    93 -0.730989 0.177046 0.039141 -0.123731 0.076518 -0.084310
    94 0.921993 0.001298 -0.000896 -0.000062 0.000013 0.471806
    95 -0.124023 -0.052090 0.038495 3.077813 -0.008519 0.039229
    96 1.100433 -0.003552 0.000502 -0.000054 0.000030 0.545699
    97 -0.330082 0.160639 0.042780 3.128073 0.034033 -0.171236
    98 0.679764 0.001532 0.003272 0.000002 0.000003 0.674732
    99 -0.019512 -0.016531 0.038578 -2.763781 0.050305 0.076829
    100 1.019531 -0.000005 -0.000001 0.000000 0.000000 0.497026
    101 -0.155308 0.130644 -0.021921 -3.022466 0.022433 -0.024902
    102 -0.252207 0.061937 -0.024914 -0.007671 -0.063171 -0.044392
    103 -0.085995 0.185205 -0.015180 -2.937063 -0.113970 -0.138991
    104 -0.286533 0.179852 0.024264 -3.109353 -0.049645 -0.029914
    105 -0.019482 0.147083 0.079203 2.893815 0.038585 -0.060594
    106 -0.046482 0.251896 0.129548 3.016165 0.077112 -0.042864
    107 0.039124 -0.040295 0.047739 3.084219 0.030470 -0.037414
    108 -0.233757 0.066630 0.001754 -3.133087 0.040141 -0.065412
    109 0.044266 0.020131 0.001684 -2.778763 -0.118872 -0.040488
    110 0.071495 0.074128 -0.048302 -3.035917 -0.059482 0.104366
    111 0.000000 0.000000 0.000000 0.000000 0.000000 -1.570796
    112 -4.125126 -8.156499 -7.965087 0.708982 -0.519832 -1.571635
    113 0.000000 0.000000 0.000000 0.000000 0.000000 0.000000
    114 -3.886837 -17.324747 -3.058687 0.708877 -0.519669 -1.571822
    115 3.096000 0.000000 -1.996000 0.000000 0.000000 0.000000
    116 3.040999 0.000000 1.202000 0.000000 0.000000 0.000000
    117 7.854000 0.000000 -0.042000 0.000000 0.000000 -0.000027
    118 13.105999 0.000000 -0.006000 0.000000 0.000000 0.000027
    119 3.456000 0.000000 -1.084000 0.000000 0.000000 0.000013
    120 1.804000 0.000000 -1.025000 0.000000 0.000000 0.000000
    121 7.098000 0.000000 -1.084000 0.000000 0.000000 0.000000
    122 1.868000 1.809000 -1.975000 -2.218442 -0.017124 -0.465675
    123 3.740000 0.000000 1.273000 0.000000 0.000000 0.000013
    124 11.956999 0.000000 -0.006000 0.000000 0.000000 0.000027
    125 6.072001 0.000000 -1.238000 0.000000 0.000000 0.000000
    126 5.690000 -0.365000 0.068000 -0.000040 -0.349041 -1.570749
    127 6.396999 0.614000 0.428000 0.000000 0.000000 -0.000027
    128 3.040999 0.000000 1.202000 0.000000 0.000000 0.000000
    129 3.720000 0.000000 1.202000 0.000000 0.000000 0.000000
    130 1.086000 -0.661000 -0.149000 0.000000 0.000000 0.000000
    131 1.067000 0.589000 0.076000 0.000000 0.000000 0.000000
    132 0.000000 -0.019000 0.000000 0.000000 0.000000 0.000000
    133 0.000000 -0.019000 0.000000 0.000000 0.000000 0.000000
    134 3.300000 -0.019000 1.346000 0.000000 0.000000 0.000000
    135 -1.524000 -1.859000 -4.367000 -1.730250 -0.014891 0.208056
    136 7.283999 0.000000 -2.195000 0.000000 0.000000 -0.000027
    137 -1.323000 0.000000 0.184000 0.000000 0.000000 0.000000
    138 0.082000 0.000000 1.002000 0.000000 0.000000 0.000000
    139 -47.011894 -25.567186 -33.922510 -0.779260 0.387149 -0.355854
    140 0.478000 0.000000 -4.537000 0.000000 0.000000 -0.000013
    141 3.436000 0.000000 1.202000 0.000000 0.000000 0.000000
    142 3.040999 0.000000 1.202000 0.000000 0.000000 0.000000
    143 4.657000 0.000000 1.545000 0.000000 0.000000 -0.000013
    144 -0.403000 0.000000 -0.011000 0.000000 0.000000 0.000000
    145 1.781000 0.000000 0.873000 0.000000 0.000000 0.000000
    146 0.384000 0.715000 0.801000 0.000000 0.000000 0.000000
    147 1.795000 0.533000 -1.550000 0.000000 0.000000 0.000000
    148 4.435999 0.595000 -0.954000 0.000000 0.000000 0.000000
    149 4.401999 -0.614000 -1.630000 0.000000 0.000000 0.000000
    150 4.203000 -0.003000 -0.048000 0.000000 0.000000 0.000000
    151 5.136000 0.000000 1.534000 0.000000 0.000000 -0.000027
    152 11.957001 0.000000 -0.006000 0.000000 0.000000 0.000027
    153 -2.103001 0.000000 0.000000 0.000000 0.000000 0.000000
    154 -0.598001 0.000000 -0.011000 0.000000 0.000000 -0.000013
    155 0.496000 0.184000 -3.523000 0.000000 0.000000 0.000000
    156 0.147000 0.184000 -0.328000 0.000000 0.000000 0.000000
    157 0.147000 0.184000 0.023000 0.000000 0.000000 0.000000
    158 0.147000 0.184000 0.368000 0.000000 0.000000 0.000000
    159 0.147000 0.184000 0.717000 0.000000 0.000000 0.000000
    160 0.147000 0.184000 1.067000 0.000000 0.000000 0.000000
    161 0.148000 0.184000 1.414000 0.000000 0.000000 0.000000
    162 0.148000 -0.074000 1.640000 0.000000 0.000000 0.000000
    163 0.435000 0.184000 -3.179000 0.000000 0.000000 0.000000
    164 0.378000 0.184000 -2.826000 0.000000 0.000000 0.000000
    165 0.329000 0.184000 -2.477000 0.000000 0.000000 0.000000
    166 0.286000 0.184000 -2.127000 0.000000 0.000000 0.000000
    167 0.252000 0.184000 -1.775000 0.000000 0.000000 0.000000
    168 0.215000 0.184000 -1.417000 0.000000 0.000000 0.000000
    169 0.190000 0.184000 -1.064000 0.000000 0.000000 0.000000
    170 0.166000 0.184000 -0.714000 0.000000 0.000000 0.000000
    171 1.622000 0.000000 1.568000 0.000000 0.000000 0.000013
    172 2.240000 0.000000 1.568000 0.000000 0.000000 0.000013
    173 0.000000 0.000000 0.000000 0.000000 0.000000 0.000000
    174 0.000006 -0.006207 -4.863281 -3.140338 -0.002958 -3.128596
    175 1.000088 -0.000029 0.000000 0.000000 0.000000 0.000000
    176 17.162518 -0.000404 0.000000 0.000000 0.000000 0.119207
    177 17.749374 0.295515 0.000000 0.000000 0.000000 -1.158917
    178 5.413528 0.000347 0.000000 0.000000 0.000000 -0.518029
    179 0.017887 0.299792 0.000000 0.000000 0.000000 -0.059577
    180 9.999889 -0.000303 0.000000 0.000000 0.000000 0.000000
    181 0.000004 0.006218 4.863281 -3.140338 -0.002958 -3.128596
    182 1.000088 -0.000029 0.000000 0.000000 0.000000 0.000000
    183 12.283573 1.581455 -4.695999 1.462269 -0.086726 0.090185
    184 17.162518 -0.000404 0.000000 0.000000 0.000000 0.119207
    185 17.749374 0.295515 0.000000 0.000000 0.000000 -1.158919
    186 5.413528 0.000347 0.000000 0.000000 0.000000 -0.518029
    187 0.017887 0.299792 0.000000 0.000000 0.000000 -0.059571
    188 9.499836 0.000212 0.000000 0.000000 0.000000 0.000000
    189 -1.145525 0.000130 0.000671 0.000000 0.000000 0.000000
    190 -0.857691 0.104071 0.104687 0.023536 0.163924 0.013632
    191 3.999430 -0.000528 -0.000332 -0.389384 0.000000 0.000000
    192 0.599499 0.400698 0.000236 0.000000 0.000000 0.000000
    193 0.599886 0.400186 -0.000027 0.000000 0.000000 0.000000
    194 2.299677 -2.499979 -0.599480 0.891953 0.221475 -0.527201
    195 1.384499 -0.787063 -4.644622 3.131279 -0.384550 -0.642629
    196 -9.580679 -27.862108 -37.184677 0.812879 -0.123459 -0.568477
    197 0.649935 -0.548296 0.093658 -1.665913 -0.131399 -0.112062
    198 1.899127 0.000427 -0.000439 0.027386 -0.033311 0.477848
    199 0.657078 0.008400 0.040375 -1.665945 -0.131407 -0.000013
    200 1.799664 -0.000240 0.000231 0.027386 -0.033311 0.477848
    201 1.799664 -0.000240 0.000231 0.027386 -0.033311 0.477848
    202 1.799664 -0.000240 0.000231 0.027386 -0.033311 0.477848
    203 0.665774 0.747222 -0.029186 -1.665935 -0.131408 0.094976
    204 1.900306 -0.000137 -0.000517 0.027386 -0.033311 0.477848
    205 6.255803 -3.374086 4.825195 1.565404 1.561257 -2.764181
    206 3.999897 0.000040 0.001007 0.316917 0.000000 0.000048
    207 0.600403 0.399632 -0.000469 0.000000 0.000000 3.141497
    208 0.599890 0.400186 0.000031 0.000000 0.000000 -3.141496
    209 2.300137 -2.499413 0.600155 -0.891872 -0.221535 -0.527242
    210 12.103249 -3.649587 -1.238105 1.733585 0.203087 0.048157
    211 2.762354 0.116951 1.523975 1.629482 0.064153 1.743800
    212 7.228317 7.928200 -3.925652 2.328713 0.123459 -0.568477
    213 0.650396 -0.547731 -0.092976 1.665913 0.131399 -0.112062
    214 1.899441 -0.000320 -0.000150 -0.027386 0.033311 0.477848
    215 0.657068 0.008398 -0.040379 1.665945 0.131407 -0.000013
    216 1.799659 -0.000233 -0.000233 -0.027386 0.033311 0.477848
    217 1.799659 -0.000233 -0.000233 -0.027386 0.033311 0.477848
    218 1.799659 -0.000233 -0.000233 -0.027386 0.033311 0.477848
    219 0.665778 0.747222 0.029179 1.665935 0.131408 0.094976
    220 1.900722 0.000549 -0.000072 -0.027386 0.033311 0.477848
    221 4.530998 0.000000 0.000000 0.000000 0.000000 0.000000
    222 4.527344 0.000000 0.000000 0.000000 0.000000 0.000000
    223 0.000000 0.000000 0.000000 0.000000 0.000000 0.000000
    224 0.000000 0.000000 0.000000 0.000000 0.000000 0.000000
    225 4.000000 -6.496094 0.008293 -0.001274 0.000001 0.000975
    226 -6.500000 0.000000 0.000000 -1.537381 1.569552 -1.537381
    227 18.336265 -3.882682 8.743587 0.708982 -0.519714 -0.000932
    228 0.280000 -0.135000 2.196999 1.570796 0.000000 -1.570735
    229 0.000000 0.000000 0.000000 0.000000 0.000000 0.000000
    230 0.000000 0.000000 0.000000 -0.002253 0.005645 -0.008006
    231 0.106000 0.000000 -64.320000 0.000000 0.000000 0.000000
    232 0.000000 0.000000 0.000000 0.000000 0.000000 0.000000
    233 -0.106000 0.000000 64.320000 0.000000 0.000000 0.000000
    234 -2.438439 8.155171 -19.552383 0.708980 -0.519808 -1.571768
    235 0.000000 0.000000 0.000000 0.000000 -0.000036 0.000055
    236 1.688000 -0.001000 -1.454002 0.000000 0.000000 0.000000
    237 -1.070999 -0.005000 0.545002 0.000000 0.000000 0.000000
    238 5.895000 0.750997 -0.156000 0.000000 0.000000 0.000000
    239 11.599999 -0.000003 -1.500002 0.000000 0.000000 0.000000
    240 -3.804688 5.152344 -5.503906 -1.515061 -0.074935 -0.291543
    241 7.216001 -0.000003 -1.579000 0.000000 0.000000 0.000000
    242 4.445999 -0.000003 -1.500000 0.000000 0.000000 0.000000
    243 0.673937 -0.015635 -4.768713 -3.141592 -1.281051 3.141593
    244 0.094999 -0.144000 0.332001 0.000000 0.000000 0.000000
    245 14.209020 0.000022 0.766988 0.000000 0.000000 0.000000
    246 0.000000 0.000000 0.000000 1.570800 0.000000 -1.570796
  time 6
    0 0.000000 0.000000 0.000000 0.000000 0.000000 -1.570796
    1 -0.106750 -0.000001 -0.000351 0.000000 0.000000 0.000000
    2 0.000000 0.000000 0.000000 0.000000 0.000000 0.000000
    3 -0.904000 0.000000 -11.806000 0.000000 0.000000 0.000000
    4 0.000000 0.000000 -14.313999 1.572085 -1.570793 0.000000
    5 3.533001 0.000000 0.000000 -0.001274 0.000000 0.000000
    6 6.250000 0.000000 0.000000 0.000000 0.000000 0.000000
    7 9.568951 -0.019507 -1.944020 -1.545137 1.187827 -1.546947
    8 9.570313 5.304688 2.056641 -1.552151 -1.032979 1.554747
    9 5.786820 0.002787 -0.000113 -1.310311 0.463499 -1.494978
    10 5.999492 -0.000592 -4.000343 0.000000 0.000000 0.000000
    11 5.787410 0.002582 0.000893 1.243508 -0.810906 -2.180815
    12 5.999492 -0.000592 4.000340 0.000000 0.000000 0.000000
    13 0.500225 0.000133 -0.000084 0.370790 0.000000 0.000000
    14 11.530657 0.000349 -0.001308 -0.000041 0.000057 -1.044676
    15 -0.829338 0.893824 0.079659 -0.148839 0.047645 0.087266
    16 0.500225 0.000132 0.000072 -0.002242 0.000000 0.000000
    17 11.532495 0.000526 0.003814 0.000006 -0.000010 -1.018287
    18 -0.829586 0.894698 -0.079468 0.045377 -0.019621 0.087266
    19 10.599886 0.000105 -0.000553 -0.428466 0.000000 0.000000
    20 0.158729 -0.286900 -0.000805 0.000000 0.000011 0.522385
    21 11.042053 0.003717 0.000798 -0.822289 0.110817 0.282832
    22 -11.814724 0.424524 -0.297680 0.247998 -0.066121 -0.042695
    23 10.599878 0.000105 0.000549 0.595330 -0.000012 0.000048
    24 0.170446 -0.294713 0.000801 0.000000 -0.000011 0.509186
    25 11.041739 0.003170 -0.000568 0.522783 0.247486 -0.474816
    26 -11.663242 0.094713 0.140656 -0.068591 0.018527 -0.015099
    27 0.610300 -0.939470 0.070347 -1.655245 -0.140067 -0.175592
    28 0.639938 -0.199121 0.060192 -1.665909 -0.131320 -0.066411
    29 0.600155 1.080260 -0.339535 -1.869412 0.297780 0.043651
    30 0.610207 0.400743 -0.010098 -1.816157 0.108338 0.008884
    31 0.630809 -0.690091 -0.232343 0.404365 0.355017 -1.308531
    32 -0.792125 0.203736 0.461304 1.439074 -0.003453 -0.018305
    33 0.610300 -0.939469 -0.070354 1.655295 0.140031 -0.175628
    34 0.639938 -0.199121 -0.060200 1.665960 0.131392 -0.066411
    35 0.600157 1.080260 0.339531 1.741524 -0.203987 0.075913
    36 0.610205 0.400743 0.010086 1.761892 -0.015385 0.028059
    37 0.627906 -0.691394 0.232270 -1.014522 -0.861429 -0.665957
    38 -0.626031 -0.069982 -0.080517 -1.447153 0.086151 0.021559
    39 2.621377 -0.002532 -0.001438 -0.309636 0.072041 0.329592
    40 2.660837 0.000397 -0.000071 -0.063793 0.265282 0.599094
    41 2.202488 0.003364 -0.002863 -0.104780 0.396403 0.417727
    42 0.599950 0.959236 -0.300102 -0.174544 0.000000 0.000000
    43 2.557190 -0.001967 0.002453 -0.140309 0.257243 0.692640
    44 2.098929 0.000032 -0.002193 -0.471810 0.238755 0.434037
    45 0.999378 -0.000238 -1.041396 0.000000 0.000000 0.000000
    46 -0.122641 -0.721855 0.661686 -0.486644 0.223964 0.243056
    47 2.622112 -0.000648 0.002741 -0.053062 0.086883 -0.048142
    48 2.657909 0.000687 -0.000533 0.200353 0.214647 1.264692
    49 2.200014 0.001663 0.000836 0.236792 0.017724 1.474087
    50 0.599949 0.959244 0.300102 0.174544 0.000000 0.000000
    51 2.556571 -0.000385 0.000554 0.236759 0.177161 1.399512
    52 2.103853 0.001708 -0.001011 0.124896 -0.418726 0.876979
    53 0.999376 -0.000240 1.490624 0.000036 -0.000012 0.946888
    54 0.310848 -0.606446 -0.498005 0.308107 -0.197598 0.313975
    55 1.869163 -0.000835 -0.000994 0.000005 0.000027 0.539481
    56 1.200941 0.399582 -0.000237 -0.009465 0.016087 0.007127
    57 0.000586 0.100342 -0.000319 -0.120035 -0.021926 -0.209617
    58 -0.161663 0.051712 0.194808 -2.941982 0.122408 -0.060194
    59 2.010090 -0.003202 -0.003377 0.000018 0.000013 1.303787
    60 0.000237 0.099800 -0.000395 -0.018823 0.010833 -0.239219
    61 -0.203197 0.048607 0.069150 -3.093332 0.033217 -0.046722
    62 1.180426 -0.002312 0.000781 -0.000002 0.000000 1.922627
    63 -0.000196 0.099625 -0.000034 0.000000 0.000000 -0.314102
    64 -0.088737 -0.688435 -0.145203 2.930407 -0.136130 0.513013
    65 1.712069 -0.003328 0.003818 -0.023911 0.014181 1.460792
    66 -0.000576 0.100143 -0.000311 -0.010914 0.023131 -0.260843
    67 -0.146027 -0.232426 -0.014225 3.028455 -0.094299 0.113020
    68 1.290634 0.000361 -0.000036 0.000000 0.000000 0.263330
    69 -0.658119 -0.003576 0.072643 -0.142711 0.027792 -0.077299
    70 1.868078 -0.003049 0.002177 0.000039 -0.000033 1.450101
    71 1.200075 0.399942 -0.000093 0.009465 -0.016087 0.007127
    72 0.000589 0.100342 0.000319 0.120035 0.021926 -0.209617
    73 0.068073 0.002283 -0.080050 3.111376 -0.069366 -0.060847
    74 2.011874 -0.001179 0.002180 -0.000013 -0.000085 1.378946
    75 0.000233 0.099800 0.000395 0.018823 -0.010833 -0.239219
    76 -0.018673 -0.001009 0.047544 3.109244 0.002635 -0.106673
    77 1.178665 0.001595 0.000845 0.000006 -0.000001 0.743962
    78 -0.000196 0.099628 0.000034 0.000000 0.000000 -0.314102
    79 0.036894 -0.634449 0.266284 -2.801062 0.174301 0.490915
    80 1.708256 -0.002504 -0.000686 -0.000010 0.000011 1.160590
    81 -0.000580 0.100140 0.000311 0.010910 -0.023132 -0.260845
    82 -0.003952 -0.281811 0.115047 -3.059162 0.089004 0.167964
    83 1.289625 0.000042 0.000061 -0.000002 0.000002 0.672669
    84 -0.171526 -0.018150 -0.099873 0.013484 -0.062184 -0.011781
    85 0.916622 0.003336 0.001326 0.000007 0.000009 0.545293
    86 -0.342617 0.053402 -0.025571 -2.909301 -0.017248 0.075276
    87 1.100231 -0.000928 -0.002434 0.000009 0.000014 0.677957
    88 -0.384979 0.331001 0.006848 -3.087207 -0.018765 -0.184278
    89 0.678146 0.002286 -0.003905 -0.000006 -0.000007 0.136742
    90 -0.123848 0.072738 0.029507 2.898184 -0.060627 0.094835
    91 1.017166 -0.000154 -0.000252 -0.000011 -0.000002 0.255651
    92 -0.344990 0.123129 0.143151 2.994981 0.012396 0.059140
    93 -0.730989 0.177046 0.039141 -0.123731 0.076518 -0.084310
    94 0.921993 0.001298 -0.000896 -0.000062 0.000013 0.471806
    95 -0.124023 -0.052090 0.038495 3.077813 -0.008519 0.039229
    96 1.100433 -0.003552 0.000502 -0.000054 0.000030 0.545699
    97 -0.330082 0.160639 0.042780 3.128073 0.034033 -0.171236
    98 0.679764 0.001532 0.003272 0.000002 0.000003 0.674732
    99 -0.019512 -0.016531 0.038578 -2.763781 0.050305 0.076829
    100 1.019531 -0.000005 -0.000001 0.000000 0.000000 0.497026
    101 -0.155308 0.130644 -0.021921 -3.022466 0.022433 -0.024902
    102 -0.252207 0.061937 -0.024914 -0.007671 -0.063171 -0.044392
    103 -0.085995 0.185205 -0.015180 -2.937063 -0.113970 -0.138991
    104 -0.286533 0.179852 0.024264 -3.109353 -0.049645 -0.029914
    105 -0.019482 0.147083 0.079203 2.893815 0.038585 -0.060594
    106 -0.046482 0.251896 0.129548 3.016165 0.077112 -0.042864
    107 0.039124 -0.040295 0.047739 3.084219 0.030470 -0.037414
    108 -0.233757 0.066630 0.001754 -3.133087 0.040141 -0.065412
    109 0.044266 0.020131 0.001684 -2.778763 -0.118872 -0.040488
    110 0.071495 0.074128 -0.048302 -3.035917 -0.059482 0.104366
    111 0.000000 0.000000 0.000000 0.000000 0.000000 -1.570796
    112 -4.082156 -7.769768 -8.500259 0.691419 -0.544402 -1.583011
    113 0.000000 0.000000 0.000000 0.000000 0.000000 0.000000
    114 -3.941527 -16.820826 -3.379009 0.691270 -0.544130 -1.582916
    115 3.096000 0.000000 -1.996000 0.000000 0.000000 0.000000
    116 3.040999 0.000000 1.202000 0.000000 0.000000 0.000000
    117 7.854000 0.000000 -0.042000 0.000000 0.000000 -0.000027
    118 13.105999 0.000000 -0.006000 0.000000 0.000000 0.000027
    119 3.456000 0.000000 -1.084000 0.000000 0.000000 0.000013
    120 1.804000 0.000000 -1.025000 0.000000 0.000000 0.000000
    121 7.098000 0.000000 -1.084000 0.000000 0.000000 0.000000
    122 1.868000 1.809000 -1.975000 -2.218442 -0.017124 -0.465675
    123 3.740000 0.000000 1.273000 0.000000 0.000000 0.000013
    124 11.956999 0.000000 -0.006000 0.000000 0.000000 0.000027
    125 6.072001 0.000000 -1.238000 0.000000 0.000000 0.000000
    126 5.690000 -0.365000 0.068000 -0.000040 -0.349041 -1.570749
    127 6.396999 0.614000 0.428000 0.000000 0.000000 -0.000027
    128 3.040999 0.000000 1.202000 0.000000 0.000000 0.000000
    129 3.720000 0.000000 1.202000 0.000000 0.000000 0.000000
    130 1.086000 -0.661000 -0.149000 0.000000 0.000000 0.000000
    131 1.067000 0.589000 0.076000 0.000000 0.000000 0.000000
    132 0.000000 -0.019000 0.000000 0.000000 0.000000 0.000000
    133 0.000000 -0.019000 0.000000 0.000000 0.000000 0.000000
    134 3.300000 -0.019000 1.346000 0.000000 0.000000 0.000000
    135 -1.524000 -1.859000 -4.367000 -1.730250 -0.014891 0.208056
    136 7.283999 0.000000 -2.195000 0.000000 0.000000 -0.000027
    137 -1.323000 0.000000 0.184000 0.000000 0.000000 0.000000
    138 0.082000 0.000000 1.002000 0.000000 0.000000 0.000000
    139 -47.511909 -24.250740 -33.266240 -0.765014 0.418832 -0.358702
    140 0.478000 0.000000 -4.537000 0.000000 0.000000 -0.000013
    141 3.436000 0.000000 1.202000 0.000000 0.000000 0.000000
    142 3.040999 0.000000 1.202000 0.000000 0.000000 0.000000
    143 4.657000 0.000000 1.545000 0.000000 0.000000 -0.000013
    144 -0.403000 0.000000 -0.011000 0.000000 0.000000 0.000000
    145 1.781000 0.000000 0.873000 0.000000 0.000000 0.000000
    146 0.384000 0.715000 0.801000 0.000000 0.000000 0.000000
    147 1.795000 0.533000 -1.550000 0.000000 0.000000 0.000000
    148 4.435999 0.595000 -0.954000 0.000000 0.000000 0.000000
    149 4.401999 -0.614000 -1.630000 0.000000 0.000000 0.000000
    150 4.203000 -0.003000 -0.048000 0.000000 0.000000 0.000000
    151 5.136000 0.000000 1.534000 0.000000 0.000000 -0.000027
    152 11.957001 0.000000 -0.006000 0.000000 0.000000 0.000027
    153 -2.103001 0.000000 0.000000 0.000000 0.000000 0.000000
    154 -0.598001 0.000000 -0.011000 0.000000 0.000000 -0.000013
    155 0.496000 0.184000 -3.523000 0.000000 0.000000 0.000000
    156 0.147000 0.184000 -0.328000 0.000000 0.000000 0.000000
    157 0.147000 0.184000 0.023000 0.000000 0.000000 0.000000
    158 0.147000 0.184000 0.368000 0.000000 0.000000 0.000000
    159 0.147000 0.184000 0.717000 0.000000 0.000000 0.000000
    160 0.147000 0.184000 1.067000 0.000000 0.000000 0.000000
    161 0.148000 0.184000 1.414000 0.000000 0.000000 0.000000
    162 0.148000 -0.074000 1.640000 0.000000 0.000000 0.000000
    163 0.435000 0.184000 -3.179000 0.000000 0.000000 0.000000
    164 0.378000 0.184000 -2.826000 0.000000 0.000000 0.000000
    165 0.329000 0.184000 -2.477000 0.000000 0.000000 0.000000
    166 0.286000 0.184000 -2.127000 0.000000 0.000000 0.000000
    167 0.252000 0.184000 -1.775000 0.000000 0.000000 0.000000
    168 0.215000 0.184000 -1.417000 0.000000 0.000000 0.000000
    169 0.190000 0.184000 -1.064000 0.000000 0.000000 0.000000
    170 0.166000 0.184000 -0.714000 0.000000 0.000000 0.000000
    171 1.622000 0.000000 1.568000 0.000000 0.000000 0.000013
    172 2.240000 0.000000 1.568000 0.000000 0.000000 0.000013
    173 0.000000 0.000000 0.000000 0.000000 0.000000 0.000000
    174 0.000006 -0.006207 -4.863281 -3.140338 -0.002958 -3.128596
    175 1.000088 -0.000029 0.000000 0.000000 0.000000 0.000000
    176 17.162518 -0.000404 0.000000 0.000000 0.000000 0.119207
    177 17.749374 0.295515 0.000000 0.000000 0.000000 -1.158917
    178 5.413528 0.000347 0.000000 0.000000 0.000000 -0.518029
    179 0.017887 0.299792 0.000000 0.000000 0.000000 -0.059577
    180 9.999889 -0.000303 0.000000 0.000000 0.000000 0.000000
    181 0.000004 0.006218 4.863281 -3.140338 -0.002958 -3.128596
    182 1.000088 -0.000029 0.000000 0.000000 0.000000 0.000000
    183 12.283573 1.581455 -4.695999 1.462269 -0.086726 0.090185
    184 17.162518 -0.000404 0.000000 0.000000 0.000000 0.119207
    185 17.749374 0.295515 0.000000 0.000000 0.000000 -1.158919
    186 5.413528 0.000347 0.000000 0.000000 0.000000 -0.518029
    187 0.017887 0.299792 0.000000 0.000000 0.000000 -0.059571
    188 9.499836 0.000212 0.000000 0.000000 0.000000 0.000000
    189 -1.145525 0.000130 0.000671 0.000000 0.000000 0.000000
    190 -0.857691 0.104071 0.104687 0.023536 0.163924 0.013632
    191 3.999430 -0.000528 -0.000332 -0.428463 0.000000 0.000000
    192 0.599499 0.400698 0.000236 0.000000 0.000000 0.000000
    193 0.599886 0.400186 -0.000027 0.000000 0.000000 0.000000
    194 2.299677 -2.499979 -0.599480 0.891926 0.221475 -0.527201
    195 0.677447 -0.412052 -4.566494 3.114345 -0.240186 -0.579285
    196 -9.580679 -27.862108 -37.184677 0.812879 -0.123459 -0.568477
    197 0.649935 -0.548296 0.093658 -1.665913 -0.131399 -0.112062
    198 1.899127 0.000427 -0.000439 0.027386 -0.033311 0.477848
    199 0.657078 0.008400 0.040375 -1.665945 -0.131407 -0.000013
    200 1.799664 -0.000240 0.000231 0.027386 -0.033311 0.477848
    201 1.799664 -0.000240 0.000231 0.027386 -0.033311 0.477848
    202 1.799664 -0.000240 0.000231 0.027386 -0.033311 0.477848
    203 0.665774 0.747222 -0.029186 -1.665935 -0.131408 0.094976
    204 1.900306 -0.000137 -0.000517 0.027386 -0.033311 0.477848
    205 6.255803 -3.374086 4.825195 1.565404 1.561257 -2.764181
    206 3.999897 0.000040 0.001007 0.297650 0.000000 0.000060
    207 0.600403 0.399632 -0.000469 0.000000 0.000000 3.141497
    208 0.599890 0.400186 0.000031 0.000000 0.000000 -3.141496
    209 2.300137 -2.499413 0.600155 -0.891872 -0.221535 -0.527242
    210 12.103249 -3.649587 -1.238105 1.733585 0.203087 0.048157
    211 2.762354 0.116951 1.523975 1.629482 0.064153 1.743800
    212 7.228317 7.928200 -3.925652 2.328713 0.123459 -0.568477
    213 0.650396 -0.547731 -0.092976 1.665913 0.131399 -0.112062
    214 1.899441 -0.000320 -0.000150 -0.027386 0.033311 0.477848
    215 0.657068 0.008398 -0.040379 1.665945 0.131407 -0.000013
    216 1.799659 -0.000233 -0.000233 -0.027386 0.033311 0.477848
    217 1.799659 -0.000233 -0.000233 -0.027386 0.033311 0.477848
    218 1.799659 -0.000233 -0.000233 -0.027386 0.033311 0.477848
    219 0.665778 0.747222 0.029179 1.665935 0.131408 0.094976
    220 1.900722 0.000549 -0.000072 -0.027386 0.033311 0.477848
    221 4.530998 0.000000 0.000000 0.000000 0.000000 0.000000
    222 4.527344 0.000000 0.000000 0.000000 0.000000 0.000000
    223 0.000000 0.000000 0.000000 0.000000 0.000000 0.000000
    224 0.000000 0.000000 0.000000 0.000000 0.000000 0.000000
    225 4.000000 -6.496094 0.008293 -0.001274 0.000001 0.000975
    226 -6.500000 0.000000 0.000000 -1.537381 1.569552 -1.537381
    227 17.828437 -3.945184 8.431077 0.691419 -0.544325 -0.012214
    228 0.280000 -0.135000 2.196999 1.570796 0.000000 -1.570735
    229 0.000000 0.000000 0.000000 0.000000 0.000000 0.000000
    230 0.000000 0.000000 0.000000 -0.002709 0.006771 -0.009612
    231 0.106000 0.000000 -64.320000 0.000000 0.000000 0.000000
    232 0.000000 0.000000 0.000000 0.000000 0.000000 0.000000
    233 -0.106000 0.000000 64.320000 0.000000 0.000000 0.000000
    234 -2.250933 8.217673 -20.509443 0.691419 -0.544376 -1.583071
    235 0.000000 0.000000 0.000000 0.000000 -0.000036 0.000055
    236 1.688000 -0.001000 -1.454002 0.000000 0.000000 0.000000
    237 -1.070999 -0.005000 0.545002 0.000000 0.000000 0.000000
    238 5.895000 0.750997 -0.156000 0.000000 0.000000 0.000000
    239 11.599999 -0.000003 -1.500002 0.000000 0.000000 0.000000
    240 -3.804688 5.152344 -5.503906 -1.515061 -0.074935 -0.291543
    241 7.216001 -0.000003 -1.579000 0.000000 0.000000 0.000000
    242 4.445999 -0.000003 -1.500000 0.000000 0.000000 0.000000
    243 0.673937 -0.015635 -4.768713 -3.141592 -1.281051 3.141593
    244 0.094999 -0.144000 0.332001 0.000000 0.000000 0.000000
    245 14.209020 0.000022 0.766988 0.000000 0.000000 0.000000
    246 0.000000 0.000000 0.000000 1.570800 0.000000 -1.570796
  time 7
    0 0.000000 0.000000 0.000000 0.000000 0.000000 -1.570796
    1 -0.106750 -0.000001 -0.000351 0.000000 0.000000 0.000000
    2 0.000000 0.000000 0.000000 0.000000 0.000000 0.000000
    3 -0.904000 0.000000 -11.806000 0.000000 0.000000 0.000000
    4 0.000000 0.000000 -14.313999 1.572085 -1.570793 0.000000
    5 3.533001 0.000000 0.000000 -0.001274 0.000000 0.000000
    6 6.250000 0.000000 0.000000 0.000000 0.000000 0.000000
    7 9.568951 -0.019507 -1.944020 -1.588337 1.101316 -1.591857
    8 9.570313 5.304688 2.056641 -1.552151 -1.032979 1.554747
    9 5.786820 0.002787 -0.000113 -1.186137 0.378025 -1.373797
    10 5.999492 -0.000592 -4.000343 0.000000 0.000000 0.000000
    11 5.787410 0.002582 0.000893 1.240760 -0.806010 -2.172299
    12 5.999492 -0.000592 4.000340 0.000000 0.000000 0.000000
    13 0.500225 0.000133 -0.000084 0.313647 0.000000 0.000000
    14 11.530657 0.000349 -0.001308 -0.000005 0.000009 -0.989059
    15 -0.829338 0.893824 0.079659 -0.148839 0.047645 0.087266
    16 0.500225 0.000132 0.000072 -0.007254 0.000000 0.000000
    17 11.532495 0.000526 0.003814 0.000054 0.000026 -0.994281
    18 -0.829586 0.894698 -0.079468 0.045377 -0.019621 0.087266
    19 10.599886 0.000105 -0.000553 -0.482937 0.000000 0.000000
    20 0.158729 -0.286900 -0.000805 0.000000 0.000011 0.496249
    21 11.042053 0.003717 0.000798 -0.940044 0.113444 0.223473
    22 -11.814724 0.424524 -0.297680 0.247998 -0.066121 -0.042695
    23 10.599878 0.000105 0.000549 0.545086 -0.000012 0.000048
    24 0.158727 -0.286900 0.000801 0.000000 -0.000011 0.498275
    25 11.041739 0.003170 -0.000568 0.463554 0.262902 -0.531959
    26 -11.663242 0.094713 0.140656 -0.068591 0.018527 -0.015099
    27 0.610300 -0.939470 0.070347 -1.655245 -0.140067 -0.175592
    28 0.639938 -0.199121 0.060192 -1.665909 -0.131320 -0.066411
    29 0.600155 1.080260 -0.339535 -1.869465 0.297762 0.043639
    30 0.610207 0.400743 -0.010098 -1.816211 0.108314 0.008872
    31 0.630809 -0.690091 -0.232343 0.443030 0.340257 -1.215857
    32 -0.792125 0.203736 0.461304 1.439074 -0.003453 -0.018305
    33 0.610300 -0.939469 -0.070354 1.655295 0.140031 -0.175628
    34 0.639938 -0.199121 -0.060200 1.665960 0.131392 -0.066411
    35 0.600157 1.080260 0.339531 1.741524 -0.203987 0.075913
    36 0.610205 0.400743 0.010086 1.761892 -0.015385 0.028047
    37 0.627906 -0.691394 0.232270 -1.014522 -0.861429 -0.665957
    38 -0.626031 -0.069982 -0.080517 -1.447153 0.086151 0.021559
    39 2.621377 -0.002532 -0.001438 -0.309617 0.072041 0.329592
    40 2.660837 0.000397 -0.000071 -0.063816 0.265282 0.599094
    41 2.202488 0.003364 -0.002863 -0.104760 0.396403 0.417727
    42 0.599950 0.959236 -0.300102 -0.174544 0.000000 0.000000
    43 2.557190 -0.001967 0.002453 -0.140331 0.257243 0.692640
    44 2.098929 0.000032 -0.002193 -0.481532 0.216979 0.390787
    45 0.999378 -0.000238 -1.060928 0.000000 0.000000 0.000000
    46 -0.122641 -0.721855 0.661686 -0.486644 0.223964 0.243056
    47 2.622112 -0.000648 0.002741 -0.053062 0.086883 -0.048142
    48 2.657909 0.000687 -0.000533 0.200353 0.214647 1.264692
    49 2.200014 0.001663 0.000836 0.236792 0.017724 1.474087
    50 0.599949 0.959244 0.300102 0.174544 0.000000 0.000000
    51 2.556571 -0.000385 0.000554 0.236759 0.177161 1.399512
    52 2.103853 0.001708 -0.001011 0.124883 -0.418726 0.876979
    53 0.999376 -0.000240 1.490624 0.000036 -0.000012 0.946888
    54 0.310848 -0.606446 -0.498005 0.308107 -0.197598 0.313975
    55 1.869163 -0.000835 -0.000994 0.000005 0.000027 0.539481
    56 1.200941 0.399582 -0.000237 -0.009465 0.016087 0.007127
    57 0.000586 0.100342 -0.000319 -0.120035 -0.021926 -0.209617
    58 -0.161663 0.051712 0.194808 -2.941982 0.122408 -0.060194
    59 2.010090 -0.003202 -0.003377 0.000018 0.000025 1.303787
    60 0.000237 0.099800 -0.000395 -0.018823 0.010833 -0.239219
    61 -0.203197 0.048607 0.069150 -3.093332 0.033217 -0.046722
    62 1.180426 -0.002312 0.000781 -0.000002 0.000000 1.922595
    63 -0.000196 0.099625 -0.000034 0.000000 0.000000 -0.314102
    64 -0.088737 -0.688435 -0.145203 2.930407 -0.136130 0.513013
    65 1.712069 -0.003328 0.003818 -0.023923 0.014181 1.460792
    66 -0.000576 0.100143 -0.000311 -0.010914 0.023131 -0.260843
    67 -0.146027 -0.232426 -0.014225 3.028455 -0.094299 0.113020
    68 1.290634 0.000361 -0.000036 0.000000 0.000000 0.201352
    69 -0.658119 -0.003576 0.072643 -0.142711 0.027792 -0.077299
    70 1.868078 -0.003049 0.002177 0.000039 -0.000033 1.450101
    71 1.200075 0.399942 -0.000093 0.009465 -0.016087 0.007127
    72 0.000589 0.100342 0.000319 0.120035 0.021926 -0.209617
    73 0.068073 0.002283 -0.080050 3.111376 -0.069366 -0.060847
    74 2.011874 -0.001179 0.002180 -0.000013 -0.000085 1.378946
    75 0.000233 0.099800 0.000395 0.018823 -0.010833 -0.239219
    76 -0.018673 -0.001009 0.047544 3.109244 0.002635 -0.106673
    77 1.178665 0.001595 0.000845 0.000006 -0.000001 0.743962
    78 -0.000196 0.099628 0.000034 0.000000 0.000000 -0.314102
    79 0.036894 -0.634449 0.266284 -2.801062 0.174301 0.490915
    80 1.708256 -0.002504 -0.000686 -0.000010 0.000011 1.160590
    81 -0.000580 0.100140 0.000311 0.010910 -0.023132 -0.260845
    82 -0.003952 -0.281811 0.115047 -3.059162 0.089004 0.167964
    83 1.289625 0.000042 0.000061 -0.000002 0.000002 0.672669
    84 -0.171526 -0.018150 -0.099873 0.013484 -0.062184 -0.011781
    85 0.916622 0.003336 0.001326 0.000007 0.000009 0.545293
    86 -0.342617 0.053402 -0.025571 -2.909301 -0.017248 0.075276
    87 1.100231 -0.000928 -0.002434 0.000009 0.000026 0.678016
    88 -0.384979 0.331001 0.006848 -3.087207 -0.018765 -0.184278
    89 0.678146 0.002286 -0.003905 -0.000006 -0.000007 0.136742
    90 -0.123848 0.072738 0.029507 2.898184 -0.060627 0.094835
    91 1.017166 -0.000154 -0.000252 -0.000011 -0.000002 0.255651
    92 -0.344990 0.123129 0.143151 2.994981 0.012396 0.059140
    93 -0.730989 0.177046 0.039141 -0.123731 0.076518 -0.084310
    94 0.921993 0.001298 -0.000896 -0.000062 0.000001 0.471806
    95 -0.124023 -0.052090 0.038495 3.077813 -0.008519 0.039229
    96 1.100433 -0.003552 0.000502 -0.000054 0.000030 0.545699
    97 -0.330082 0.160639 0.042780 3.128073 0.034033 -0.171236
    98 0.679764 0.001532 0.003272 0.000002 0.000003 0.674732
    99 -0.019512 -0.016531 0.038578 -2.763781 0.050305 0.076829
    100 1.019531 -0.000005 -0.000001 0.000000 0.000000 0.497026
    101 -0.155308 0.130644 -0.021921 -3.022466 0.022433 -0.024902
    102 -0.252207 0.061937 -0.024914 -0.007671 -0.063171 -0.044392
    103 -0.085995 0.185205 -0.015180 -2.937063 -0.113970 -0.138991
    104 -0.286533 0.179852 0.024264 -3.109353 -0.049645 -0.029914
    105 -0.019482 0.147083 0.079203 2.893815 0.038585 -0.060594
    106 -0.046482 0.251896 0.129548 3.016165 0.077112 -0.042864
    107 0.039124 -0.040295 0.047739 3.084219 0.030470 -0.037414
    108 -0.233757 0.066630 0.001754 -3.133087 0.040141 -0.065412
    109 0.044266 0.020131 0.001684 -2.778763 -0.118872 -0.040488
    110 0.071495 0.074128 -0.048302 -3.035917 -0.059482 0.104366
    111 0.000000 0.000000 0.000000 0.000000 0.000000 -1.570796
    112 -4.074343 -7.629139 -8.683859 0.661623 -0.588299 -1.615644
    113 0.000000 0.000000 0.000000 0.000000 0.000000 0.000000
    114 -4.230598 -16.449721 -3.179785 0.661496 -0.588043 -1.615733
    115 3.096000 0.000000 -1.996000 0.000000 0.000000 0.000000
    116 3.040999 0.000000 1.202000 0.000000 0.000000 0.000000
    117 7.854000 0.000000 -0.042000 0.000000 0.000000 -0.000027
    118 13.105999 0.000000 -0.006000 0.000000 0.000000 0.000027
    119 3.456000 0.000000 -1.084000 0.000000 0.000000 0.000013
    120 1.804000 0.000000 -1.025000 0.000000 0.000000 0.000000
    121 7.098000 0.000000 -1.084000 0.000000 0.000000 0.000000
    122 1.868000 1.809000 -1.975000 -2.218442 -0.017124 -0.465675
    123 3.740000 0.000000 1.273000 0.000000 0.000000 0.000013
    124 11.956999 0.000000 -0.006000 0.000000 0.000000 0.000027
    125 6.072001 0.000000 -1.238000 0.000000 0.000000 0.000000
    126 5.690000 -0.365000 0.068000 -0.000040 -0.349041 -1.570749
    127 6.396999 0.614000 0.428000 0.000000 0.000000 -0.000027
    128 3.040999 0.000000 1.202000 0.000000 0.000000 0.000000
    129 3.720000 0.000000 1.202000 0.000000 0.000000 0.000000
    130 1.086000 -0.661000 -0.149000 0.000000 0.000000 0.000000
    131 1.067000 0.589000 0.076000 0.000000 0.000000 0.000000
    132 0.000000 -0.019000 0.000000 0.000000 0.000000 0.000000
    133 0.000000 -0.019000 0.000000 0.000000 0.000000 0.000000
    134 3.300000 -0.019000 1.346000 0.000000 0.000000 0.000000
    135 -1.524000 -1.859000 -4.367000 -1.730250 -0.014891 0.208056
    136 7.283999 0.000000 -2.195000 0.000000 0.000000 -0.000027
    137 -1.323000 0.000000 0.184000 0.000000 0.000000 0.000000
    138 0.082000 0.000000 1.002000 0.000000 0.000000 0.000000
    139 -49.226806 -22.309275 -32.184175 -0.735667 0.483570 -0.351866
    140 0.478000 0.000000 -4.537000 0.000000 0.000000 -0.000013
    141 3.436000 0.000000 1.202000 0.000000 0.000000 0.000000
    142 3.040999 0.000000 1.202000 0.000000 0.000000 0.000000
    143 4.657000 0.000000 1.545000 0.000000 0.000000 -0.000013
    144 -0.403000 0.000000 -0.011000 0.000000 0.000000 0.000000
    145 1.781000 0.000000 0.873000 0.000000 0.000000 0.000000
    146 0.384000 0.715000 0.801000 0.000000 0.000000 0.000000
    147 1.795000 0.533000 -1.550000 0.000000 0.000000 0.000000
    148 4.435999 0.595000 -0.954000 0.000000 0.000000 0.000000
    149 4.401999 -0.614000 -1.630000 0.000000 0.000000 0.000000
    150 4.203000 -0.003000 -0.048000 0.000000 0.000000 0.000000
    151 5.136000 0.000000 1.534000 0.000000 0.000000 -0.000027
    152 11.957001 0.000000 -0.006000 0.000000 0.000000 0.000027
    153 -2.103001 0.000000 0.000000 0.000000 0.000000 0.000000
    154 -0.598001 0.000000 -0.011000 0.000000 0.000000 -0.000013
    155 0.496000 0.184000 -3.523000 0.000000 0.000000 0.000000
    156 0.147000 0.184000 -0.328000 0.000000 0.000000 0.000000
    157 0.147000 0.184000 0.023000 0.000000 0.000000 0.000000
    158 0.147000 0.184000 0.368000 0.000000 0.000000 0.000000
    159 0.147000 0.184000 0.717000 0.000000 0.000000 0.000000
    160 0.147000 0.184000 1.067000 0.000000 0.000000 0.000000
    161 0.148000 0.184000 1.414000 0.000000 0.000000 0.000000
    162 0.148000 -0.074000 1.640000 0.000000 0.000000 0.000000
    163 0.435000 0.184000 -3.179000 0.000000 0.000000 0.000000
    164 0.378000 0.184000 -2.826000 0.000000 0.000000 0.000000
    165 0.329000 0.184000 -2.477000 0.000000 0.000000 0.000000
    166 0.286000 0.184000 -2.127000 0.000000 0.000000 0.000000
    167 0.252000 0.184000 -1.775000 0.000000 0.000000 0.000000
    168 0.215000 0.184000 -1.417000 0.000000 0.000000 0.000000
    169 0.190000 0.184000 -1.064000 0.000000 0.000000 0.000000
    170 0.166000 0.184000 -0.714000 0.000000 0.000000 0.000000
    171 1.622000 0.000000 1.568000 0.000000 0.000000 0.000013
    172 2.240000 0.000000 1.568000 0.000000 0.000000 0.000013
    173 0.000000 0.000000 0.000000 0.000000 0.000000 0.000000
    174 0.000006 -0.006207 -4.863281 -3.140338 -0.002958 -3.128596
    175 1.000088 -0.000029 0.000000 0.000000 0.000000 0.000000
    176 17.162518 -0.000404 0.000000 0.000000 0.000000 0.119207
    177 17.749374 0.295515 0.000000 0.000000 0.000000 -1.158917
    178 5.413528 0.000347 0.000000 0.000000 0.000000 -0.518029
    179 0.017887 0.299792 0.000000 0.000000 0.000000 -0.059577
    180 9.999889 -0.000303 0.000000 0.000000 0.000000 0.000000
    181 0.000004 0.006218 4.863281 -3.140338 -0.002958 -3.128596
    182 1.000088 -0.000029 0.000000 0.000000 0.000000 0.000000
    183 12.283573 1.581455 -4.695999 1.462269 -0.086726 0.090185
    184 17.162518 -0.000404 0.000000 0.000000 0.000000 0.119207
    185 17.749374 0.295515 0.000000 0.000000 0.000000 -1.158919
    186 5.413528 0.000347 0.000000 0.000000 0.000000 -0.518029
    187 0.017887 0.299792 0.000000 0.000000 0.000000 -0.059571
    188 9.499836 0.000212 0.000000 0.000000 0.000000 0.000000
    189 -1.145525 0.000130 0.000671 0.000000 0.000000 0.000000
    190 -0.857691 0.104071 0.104687 0.023536 0.163924 0.013632
    191 3.999430 -0.000528 -0.000332 -0.482933 0.000000 0.000000
    192 0.599499 0.400698 0.000236 0.000000 0.000000 0.000000
    193 0.599886 0.400186 -0.000027 0.000000 0.000000 0.000000
    194 2.299677 -2.499979 -0.599480 0.891926 0.221475 -0.527201
    195 -0.045232 0.064525 -4.671966 3.115015 -0.243179 -0.580297
    196 -9.580679 -27.862108 -37.184677 0.812879 -0.123459 -0.568477
    197 0.649935 -0.548296 0.093658 -1.665913 -0.131399 -0.112062
    198 1.899127 0.000427 -0.000439 0.027386 -0.033311 0.477848
    199 0.657078 0.008400 0.040375 -1.665945 -0.131407 -0.000013
    200 1.799664 -0.000240 0.000231 0.027386 -0.033311 0.477848
    201 1.799664 -0.000240 0.000231 0.027386 -0.033311 0.477848
    202 1.799664 -0.000240 0.000231 0.027386 -0.033311 0.477848
    203 0.665774 0.747222 -0.029186 -1.665935 -0.131408 0.094976
    204 1.900306 -0.000137 -0.000517 0.027386 -0.033311 0.477848
    205 6.435496 -2.835007 4.930667 4.114801 1.561209 -0.128099
    206 3.999897 0.000040 0.001007 0.272485 0.000000 0.000024
    207 0.600403 0.399632 -0.000469 0.000000 0.000000 -3.141496
    208 0.599890 0.400186 0.000031 0.000000 0.000000 -3.141496
    209 2.300137 -2.499413 0.600155 -0.891872 -0.221535 -0.527242
    210 12.103249 -3.649587 -1.238105 1.733585 0.203087 0.048157
    211 2.762354 0.116951 1.523975 1.629482 0.064153 1.743800
    212 7.228317 7.928200 -3.925652 2.328713 0.123459 -0.568477
    213 0.650396 -0.547731 -0.092976 1.665913 0.131399 -0.112062
    214 1.899441 -0.000320 -0.000150 -0.027386 0.033311 0.477848
    215 0.657068 0.008398 -0.040379 1.665945 0.131407 -0.000013
    216 1.799659 -0.000233 -0.000233 -0.027386 0.033311 0.477848
    217 1.799659 -0.000233 -0.000233 -0.027386 0.033311 0.477848
    218 1.799659 -0.000233 -0.000233 -0.027386 0.033311 0.477848
    219 0.665778 0.747222 0.029179 1.665935 0.131408 0.094976
    220 1.900722 0.000549 -0.000072 -0.027386 0.033311 0.477848
    221 4.530998 0.000000 0.000000 0.000000 0.000000 0.000000
    222 4.527344 0.000000 0.000000 0.000000 0.000000 0.000000
    223 0.000000 0.000000 0.000000 0.000000 0.000000 0.000000
    224 0.000000 0.000000 0.000000 0.000000 0.000000 0.000000
    225 4.000000 -6.496094 0.008293 -0.001274 0.000001 0.000975
    226 -6.500000 0.000000 0.000000 -1.537381 1.569552 -1.537381
    227 17.461239 -4.230349 8.630302 0.661623 -0.588216 -0.044848
    228 0.280000 -0.135000 2.196999 1.570796 0.000000 -1.570735
    229 0.000000 0.000000 0.000000 0.000000 0.000000 0.000000
    230 0.000000 0.000000 0.000000 -0.003176 0.007910 -0.011206
    231 0.106000 0.000000 -64.320000 0.000000 0.000000 0.000000
    232 0.000000 0.000000 0.000000 0.000000 0.000000 0.000000
    233 -0.106000 0.000000 64.320000 0.000000 0.000000 0.000000
    234 -1.805607 7.721564 -21.427440 0.661628 -0.588297 -1.615735
    235 0.000000 0.000000 0.000000 0.000000 -0.000036 0.000055
    236 1.688000 -0.001000 -1.454002 0.000000 0.000000 0.000000
    237 -1.070999 -0.005000 0.545002 0.000000 0.000000 0.000000
    238 5.895000 0.750997 -0.156000 0.000000 0.000000 0.000000
    239 11.599999 -0.000003 -1.500002 0.000000 0.000000 0.000000
    240 -3.804688 5.152344 -5.503906 -1.515061 -0.074935 -0.291543
    241 7.954304 -0.000003 -1.579000 0.000000 0.000000 0.000000
    242 4.445999 -0.000003 -1.500000 0.000000 0.000000 0.000000
    243 0.673937 -0.015635 -4.768713 -3.141592 -1.281051 3.141593
    244 0.094999 -0.144000 0.332001 0.000000 0.000000 0.000000
    245 14.209020 0.000022 0.766988 0.000000 0.000000 0.000000
    246 0.000000 0.000000 0.000000 1.570800 0.000000 -1.570796
  time 8
    0 0.000000 0.000000 0.000000 0.000000 0.000000 -1.570796
    1 -0.106750 -0.000001 -0.000351 0.000000 0.000000 0.000000
    2 0.000000 0.000000 0.000000 0.000000 0.000000 0.000000
    3 -0.904000 0.000000 -11.806000 0.000000 0.000000 0.000000
    4 0.000000 0.000000 -14.313999 1.572085 -1.570793 0.000000
    5 3.533001 0.000000 0.000000 -0.001274 0.000000 0.000000
    6 6.250000 0.000000 0.000000 0.000000 0.000000 0.000000
    7 9.568951 -0.019507 -1.944020 -1.636698 0.923761 -1.649380
    8 9.570313 5.304688 2.056641 -1.552151 -1.032979 1.554747
    9 5.786820 0.002787 -0.000113 -0.973731 0.235802 -1.128942
    10 5.999492 -0.000592 -4.000343 0.000000 0.000000 0.000000
    11 5.787410 0.002582 0.000893 1.230866 -0.797961 -2.153546
    12 5.999492 -0.000592 4.000340 0.000000 0.000000 0.000000
    13 0.500225 0.000133 -0.000084 0.217196 0.000000 0.000000
    14 11.530657 0.000349 -0.001308 -0.000005 0.000009 -0.940269
    15 -0.829338 0.893824 0.079659 -0.148839 0.047645 0.087266
    16 0.500225 0.000132 0.000072 -0.012266 0.000000 0.000000
    17 11.532495 0.000526 0.003814 0.000006 -0.000010 -0.975771
    18 -0.829586 0.894698 -0.079468 0.045377 -0.019621 0.087266
    19 10.599886 0.000105 -0.000553 -0.582104 0.000000 0.000000
    20 0.154822 -0.282994 -0.000805 0.000000 0.000011 0.470112
    21 11.042053 0.003717 0.000798 -1.145327 0.113484 0.167559
    22 -11.814724 0.424524 -0.297680 0.247998 -0.066121 -0.042695
    23 10.599878 0.000105 0.000549 0.494754 0.000000 0.000000
    24 0.150914 -0.282994 0.000801 0.000000 -0.000011 0.487392
    25 11.041739 0.003170 -0.000568 0.409333 0.279411 -0.576907
    26 -11.663242 0.094713 0.140656 -0.068591 0.018527 -0.015099
    27 0.610300 -0.939470 0.070347 -1.655245 -0.140067 -0.175592
    28 0.639938 -0.199121 0.060192 -1.665909 -0.131332 -0.066423
    29 0.600155 1.080260 -0.339535 -1.869465 0.297744 0.043615
    30 0.610207 0.400743 -0.010098 -1.816265 0.108290 0.008848
    31 0.630809 -0.690091 -0.232343 0.484561 0.305280 -1.114038
    32 -0.792125 0.203736 0.461304 1.439074 -0.003453 -0.018305
    33 0.610300 -0.939469 -0.070354 1.655295 0.140031 -0.175640
    34 0.639938 -0.199121 -0.060200 1.665960 0.131392 -0.066411
    35 0.600157 1.080260 0.339531 1.741524 -0.203987 0.075913
    36 0.610205 0.400743 0.010086 1.761892 -0.015385 0.028047
    37 0.627906 -0.691394 0.232270 -1.014522 -0.861429 -0.665957
    38 -0.626031 -0.069982 -0.080517 -1.447153 0.086151 0.021559
    39 2.621377 -0.002532 -0.001438 -0.309617 0.072041 0.329592
    40 2.660837 0.000397 -0.000071 -0.063816 0.265282 0.599136
    41 2.202488 0.003364 -0.002863 -0.104760 0.396403 0.417727
    42 0.599950 0.959236 -0.300102 -0.174544 0.000000 0.000000
    43 2.557190 -0.001967 0.002453 -0.140353 0.257225 0.692599
    44 2.098929 0.000032 -0.002193 -0.488840 0.198967 0.355678
    45 0.999378 -0.000238 -1.080459 0.000000 0.000000 0.000000
    46 -0.122641 -0.721855 0.661686 -0.486644 0.223964 0.243056
    47 2.622112 -0.000648 0.002741 -0.053062 0.086883 -0.048142
    48 2.657909 0.000687 -0.000533 0.200353 0.214647 1.264692
    49 2.200014 0.001663 0.000836 0.236792 0.017724 1.474087
    50 0.599949 0.959244 0.300102 0.174544 0.000000 0.000000
    51 2.556571 -0.000385 0.000554 0.236759 0.177161 1.399512
    52 2.103853 0.001708 -0.001011 0.124883 -0.418726 0.876979
    53 0.999376 -0.000240 1.490624 0.000036 -0.000012 0.946888
    54 0.310848 -0.606446 -0.498005 0.308107 -0.197598 0.313975
    55 1.869163 -0.000835 -0.000994 -0.000007 0.000015 0.539481
    56 1.200941 0.399582 -0.000237 -0.009465 0.016087 0.007127
    57 0.000586 0.100342 -0.000319 -0.120035 -0.021926 -0.209617
    58 -0.161663 0.051712 0.194808 -2.941982 0.122408 -0.060194
    59 2.010090 -0.003202 -0.003377 0.000030 0.000037 1.303787
    60 0.000237 0.099800 -0.000395 -0.018823 0.010833 -0.239219
    61 -0.203197 0.048607 0.069150 -3.093332 0.033217 -0.046722
    62 1.180426 -0.002312 0.000781 -0.000002 0.000012 1.922595
    63 -0.000196 0.099625 -0.000034 0.000000 0.000000 -0.314102
    64 -0.088737 -0.688435 -0.145203 2.930407 -0.136130 0.513013
    65 1.712069 -0.003328 0.003818 -0.023923 0.014169 1.460792
    66 -0.000576 0.100143 -0.000311 -0.010914 0.023131 -0.260843
    67 -0.146027 -0.232426 -0.014225 3.028455 -0.094299 0.113020
    68 1.290634 0.000361 -0.000036 -0.000060 0.000000 0.062826
    69 -0.658119 -0.003576 0.072643 -0.142711 0.027792 -0.077299
    70 1.868078 -0.003049 0.002177 0.000039 -0.000033 1.450101
    71 1.200075 0.399942 -0.000093 0.009465 -0.016087 0.007127
    72 0.000589 0.100342 0.000319 0.120035 0.021926 -0.209617
    73 0.068073 0.002283 -0.080050 3.111376 -0.069366 -0.060847
    74 2.011874 -0.001179 0.002180 -0.000013 -0.000085 1.378946
    75 0.000233 0.099800 0.000395 0.018823 -0.010833 -0.239219
    76 -0.018673 -0.001009 0.047544 3.109244 0.002635 -0.106673
    77 1.178665 0.001595 0.000845 0.000006 -0.000001 0.743962
    78 -0.000196 0.099628 0.000034 0.000000 0.000000 -0.314102
    79 0.036894 -0.634449 0.266284 -2.801062 0.174301 0.490915
    80 1.708256 -0.002504 -0.000686 -0.000010 0.000011 1.160590
    81 -0.000580 0.100140 0.000311 0.010910 -0.023132 -0.260845
    82 -0.003952 -0.281811 0.115047 -3.059162 0.089004 0.167964
    83 1.289625 0.000042 0.000061 -0.000002 0.000002 0.672669
    84 -0.171526 -0.018150 -0.099873 0.013484 -0.062184 -0.011781
    85 0.916622 0.003336 0.001326 0.000007 0.000009 0.545293
    86 -0.342617 0.053402 -0.025571 -2.909301 -0.017248 0.075276
    87 1.100231 -0.000928 -0.002434 0.000021 0.000038 0.678016
    88 -0.384979 0.331001 0.006848 -3.087207 -0.018765 -0.184278
    89 0.678146 0.002286 -0.003905 -0.000006 -0.000007 0.136742
    90 -0.123848 0.072738 0.029507 2.898184 -0.060627 0.094835
    91 1.017166 -0.000154 -0.000252 -0.000011 -0.000002 0.255603
    92 -0.344990 0.123129 0.143151 2.994981 0.012396 0.059140
    93 -0.730989 0.177046 0.039141 -0.123731 0.076518 -0.084310
    94 0.921993 0.001298 -0.000896 -0.000050 0.000001 0.471806
    95 -0.124023 -0.052090 0.038495 3.077813 -0.008519 0.039229
    96 1.100433 -0.003552 0.000502 -0.000054 0.000030 0.545699
    97 -0.330082 0.160639 0.042780 3.128073 0.034033 -0.171236
    98 0.679764 0.001532 0.003272 0.000002 0.000003 0.674786
    99 -0.019512 -0.016531 0.038578 -2.763781 0.050305 0.076829
    100 1.019531 -0.000005 -0.000001 0.000000 0.000000 0.497026
    101 -0.155308 0.130644 -0.021921 -3.022466 0.022433 -0.024902
    102 -0.252207 0.061937 -0.024914 -0.007671 -0.063171 -0.044392
    103 -0.085995 0.185205 -0.015180 -2.937063 -0.113970 -0.138991
    104 -0.286533 0.179852 0.024264 -3.109353 -0.049645 -0.029914
    105 -0.019482 0.147083 0.079203 2.893815 0.038585 -0.060594
    106 -0.046482 0.251896 0.129548 3.016165 0.077112 -0.042864
    107 0.039124 -0.040295 0.047739 3.084219 0.030470 -0.037414
    108 -0.233757 0.066630 0.001754 -3.133087 0.040141 -0.065412
    109 0.044266 0.020131 0.001684 -2.778763 -0.118872 -0.040488
    110 0.071495 0.074128 -0.048302 -3.035917 -0.059482 0.104366
    111 0.000000 0.000000 0.000000 0.000000 0.000000 -1.570796
    112 -4.160283 -7.547105 -8.797143 0.630691 -0.627531 -1.652007
    113 0.000000 0.000000 0.000000 0.000000 0.000000 0.000000
    114 -4.625141 -16.121586 -2.925871 0.630984 -0.628379 -1.652093
    115 3.096000 0.000000 -1.996000 0.000000 0.000000 0.000000
    116 3.040999 0.000000 1.202000 0.000000 0.000000 0.000000
    117 7.854000 0.000000 -0.042000 0.000000 0.000000 -0.000027
    118 13.105999 0.000000 -0.006000 0.000000 0.000000 0.000027
    119 3.456000 0.000000 -1.084000 0.000000 0.000000 0.000013
    120 1.804000 0.000000 -1.025000 0.000000 0.000000 0.000000
    121 7.098000 0.000000 -1.084000 0.000000 0.000000 0.000000
    122 1.868000 1.809000 -1.975000 -2.218442 -0.017124 -0.465675
    123 3.740000 0.000000 1.273000 0.000000 0.000000 0.000013
    124 11.956999 0.000000 -0.006000 0.000000 0.000000 0.000027
    125 6.072001 0.000000 -1.238000 0.000000 0.000000 0.000000
    126 5.690000 -0.365000 0.068000 -0.000040 -0.349041 -1.570749
    127 6.396999 0.614000 0.428000 0.000000 0.000000 -0.000027
    128 3.040999 0.000000 1.202000 0.000000 0.000000 0.000000
    129 3.720000 0.000000 1.202000 0.000000 0.000000 0.000000
    130 1.086000 -0.661000 -0.149000 0.000000 0.000000 0.000000
    131 1.067000 0.589000 0.076000 0.000000 0.000000 0.000000
    132 0.000000 -0.019000 0.000000 0.000000 0.000000 0.000000
    133 0.000000 -0.019000 0.000000 0.000000 0.000000 0.000000
    134 3.300000 -0.019000 1.346000 0.000000 0.000000 0.000000
    135 -1.524000 -1.859000 -4.367000 -1.730250 -0.014891 0.208056
    136 7.283999 0.000000 -2.195000 0.000000 0.000000 -0.000027
    137 -1.323000 0.000000 0.184000 0.000000 0.000000 0.000000
    138 0.082000 0.000000 1.002000 0.000000 0.000000 0.000000
    139 -50.769821 -20.465468 -31.207583 -0.698722 0.547361 -0.333447
    140 0.478000 0.000000 -4.537000 0.000000 0.000000 -0.000013
    141 3.436000 0.000000 1.202000 0.000000 0.000000 0.000000
    142 3.040999 0.000000 1.202000 0.000000 0.000000 0.000000
    143 4.657000 0.000000 1.545000 0.000000 0.000000 -0.000013
    144 -0.403000 0.000000 -0.011000 0.000000 0.000000 0.000000
    145 1.781000 0.000000 0.873000 0.000000 0.000000 0.000000
    146 0.384000 0.715000 0.801000 0.000000 0.000000 0.000000
    147 1.795000 0.533000 -1.550000 0.000000 0.000000 0.000000
    148 4.435999 0.595000 -0.954000 0.000000 0.000000 0.000000
    149 4.401999 -0.614000 -1.630000 0.000000 0.000000 0.000000
    150 4.203000 -0.003000 -0.048000 0.000000 0.000000 0.000000
    151 5.136000 0.000000 1.534000 0.000000 0.000000 -0.000027
    152 11.957001 0.000000 -0.006000 0.000000 0.000000 0.000027
    153 -2.103001 0.000000 0.000000 0.000000 0.000000 0.000000
    154 -0.598001 0.000000 -0.011000 0.000000 0.000000 -0.000013
    155 0.496000 0.184000 -3.523000 0.000000 0.000000 0.000000
    156 0.147000 0.184000 -0.328000 0.000000 0.000000 0.000000
    157 0.147000 0.184000 0.023000 0.000000 0.000000 0.000000
    158 0.147000 0.184000 0.368000 0.000000 0.000000 0.000000
    159 0.147000 0.184000 0.717000 0.000000 0.000000 0.000000
    160 0.147000 0.184000 1.067000 0.000000 0.000000 0.000000
    161 0.148000 0.184000 1.414000 0.000000 0.000000 0.000000
    162 0.148000 -0.074000 1.640000 0.000000 0.000000 0.000000
    163 0.435000 0.184000 -3.179000 0.000000 0.000000 0.000000
    164 0.378000 0.184000 -2.826000 0.000000 0.000000 0.000000
    165 0.329000 0.184000 -2.477000 0.000000 0.000000 0.000000
    166 0.286000 0.184000 -2.127000 0.000000 0.000000 0.000000
    167 0.252000 0.184000 -1.775000 0.000000 0.000000 0.000000
    168 0.215000 0.184000 -1.417000 0.000000 0.000000 0.000000
    169 0.190000 0.184000 -1.064000 0.000000 0.000000 0.000000
    170 0.166000 0.184000 -0.714000 0.000000 0.000000 0.000000
    171 1.622000 0.000000 1.568000 0.000000 0.000000 0.000013
    172 2.240000 0.000000 1.568000 0.000000 0.000000 0.000013
    173 0.000000 0.000000 0.000000 0.000000 0.000000 0.000000
    174 0.000006 -0.006207 -4.863281 -3.140338 -0.002958 -3.128596
    175 1.000088 -0.000029 0.000000 0.000000 0.000000 0.000000
    176 17.162518 -0.000404 0.000000 0.000000 0.000000 0.119207
    177 17.749374 0.295515 0.000000 0.000000 0.000000 -1.158917
    178 5.413528 0.000347 0.000000 0.000000 0.000000 -0.518029
    179 0.017887 0.299792 0.000000 0.000000 0.000000 -0.059577
    180 9.999889 -0.000303 0.000000 0.000000 0.000000 0.000000
    181 0.000004 0.006218 4.863281 -3.140338 -0.002958 -3.128596
    182 1.000088 -0.000029 0.000000 0.000000 0.000000 0.000000
    183 12.283573 1.581455 -4.695999 1.462269 -0.086726 0.090185
    184 17.162518 -0.000404 0.000000 0.000000 0.000000 0.119207
    185 17.749374 0.295515 0.000000 0.000000 0.000000 -1.158919
    186 5.413528 0.000347 0.000000 0.000000 0.000000 -0.518029
    187 0.017887 0.299792 0.000000 0.000000 0.000000 -0.059571
    188 9.499836 0.000212 0.000000 0.000000 0.000000 0.000000
    189 -1.145525 0.000130 0.000671 0.000000 0.000000 0.000000
    190 -0.857691 0.104071 0.104687 0.023536 0.163924 0.013632
    191 3.999430 -0.000528 -0.000332 -0.582136 0.000000 0.000000
    192 0.599499 0.400698 0.000236 0.000000 0.000000 0.000000
    193 0.599886 0.400186 -0.000027 0.000000 0.000000 0.000000
    194 2.299677 -2.499979 -0.599480 0.891926 0.221475 -0.527201
    195 -1.037449 0.873144 -4.929787 3.113771 -0.256193 -0.583330
    196 -9.580679 -27.862108 -37.184677 0.812879 -0.123459 -0.568477
    197 0.649935 -0.548296 0.093658 -1.665913 -0.131399 -0.112062
    198 1.899127 0.000427 -0.000439 0.027386 -0.033311 0.477848
    199 0.657078 0.008400 0.040375 -1.665945 -0.131407 -0.000013
    200 1.799664 -0.000240 0.000231 0.027386 -0.033311 0.477848
    201 1.799664 -0.000240 0.000231 0.027386 -0.033311 0.477848
    202 1.799664 -0.000240 0.000231 0.027386 -0.033311 0.477848
    203 0.665774 0.747222 -0.029186 -1.665935 -0.131408 0.094976
    204 1.900306 -0.000137 -0.000517 0.027386 -0.033311 0.477848
    205 6.642534 -1.674815 5.180675 4.132239 1.523330 -6.217725
    206 3.999897 0.000040 0.001007 0.247365 0.000000 0.000000
    207 0.600403 0.399632 -0.000469 0.000000 0.000000 3.141497
    208 0.599890 0.400186 0.000031 0.000000 0.000000 3.141497
    209 2.300137 -2.499413 0.600155 -0.891872 -0.221535 -0.527242
    210 12.103249 -3.649587 -1.238105 1.733585 0.203059 0.048157
    211 2.762354 0.116951 1.523975 1.629482 0.064153 1.743800
    212 7.228317 7.928200 -3.925652 2.328713 0.123459 -0.568477
    213 0.650396 -0.547731 -0.092976 1.665913 0.131399 -0.112062
    214 1.899441 -0.000320 -0.000150 -0.027386 0.033311 0.477848
    215 0.657068 0.008398 -0.040379 1.665945 0.131407 -0.000013
    216 1.799659 -0.000233 -0.000233 -0.027386 0.033311 0.477848
    217 1.799659 -0.000233 -0.000233 -0.027386 0.033311 0.477848
    218 1.799659 -0.000233 -0.000233 -0.027386 0.033311 0.477848
    219 0.665778 0.747222 0.029179 1.665935 0.131408 0.094976
    220 1.900722 0.000549 -0.000072 -0.027386 0.033311 0.477848
    221 4.530998 0.000000 0.000000 0.000000 0.000000 0.000000
    222 4.527344 0.000000 0.000000 0.000000 0.000000 0.000000
    223 0.000000 0.000000 0.000000 0.000000 0.000000 0.000000
    224 0.000000 0.000000 0.000000 0.000000 0.000000 0.000000
    225 4.000000 -6.496094 0.008293 -0.001274 0.000001 0.000975
    226 -6.500000 0.000000 0.000000 -1.537381 1.569552 -1.537381
    227 17.144823 -4.628799 8.856871 0.630691 -0.627442 -0.081210
    228 0.280000 -0.135000 2.196999 1.570796 0.000000 -1.570735
    229 0.000000 0.000000 0.000000 0.000000 0.000000 0.000000
    230 0.000000 0.000000 0.000000 -0.003631 0.009036 -0.012812
    231 0.106000 0.000000 -64.320000 0.000000 0.000000 0.000000
    232 0.000000 0.000000 0.000000 0.000000 0.000000 0.000000
    233 -0.106000 0.000000 64.320000 0.000000 0.000000 0.000000
    234 -1.442315 7.182485 -22.169650 0.630700 -0.627492 -1.652134
    235 0.000000 0.000000 0.000000 0.000000 -0.000036 0.000055
    236 1.688000 -0.001000 -1.454002 0.000000 0.000000 0.000000
    237 -1.070999 -0.005000 0.545002 0.000000 0.000000 0.000000
    238 5.895000 0.750997 -0.156000 0.000000 0.000000 0.000000
    239 11.599999 -0.000003 -1.500002 0.000000 0.000000 0.000000
    240 -3.804688 5.152344 -5.503906 -1.515061 -0.074935 -0.291543
    241 9.598886 -0.000003 -1.579000 0.000000 0.000000 0.000000
    242 4.445999 -0.000003 -1.500000 0.000000 0.000000 0.000000
    243 0.673937 -0.015635 -4.768713 -3.141592 -1.281051 3.141593
    244 0.094999 -0.144000 0.332001 0.000000 0.000000 0.000000
    245 14.209020 0.000022 0.766988 0.000000 0.000000 0.000000
    246 0.000000 0.000000 0.000000 1.570800 0.000000 -1.570796
  time 9
    0 0.000000 0.000000 0.000000 0.000000 0.000000 -1.570796
    1 -0.106750 -0.000001 -0.000351 0.000000 0.000000 0.000000
    2 0.000000 0.000000 0.000000 0.000000 0.000000 0.000000
    3 -0.904000 0.000000 -11.806000 0.000000 0.000000 0.000000
    4 0.000000 0.000000 -14.313999 1.572085 -1.570793 0.000000
    5 3.533001 0.000000 0.000000 -0.001274 0.000000 0.000000
    6 6.250000 0.000000 0.000000 0.000000 0.000000 0.000000
    7 9.568951 -0.019507 -1.944020 -1.653424 0.781433 -1.680531
    8 9.570313 5.304688 2.056641 -1.552151 -1.032979 1.554747
    9 5.786820 0.002787 -0.000113 -0.863131 0.143460 -0.946386
    10 5.999492 -0.000592 -4.000343 0.000000 0.000000 0.000000
    11 5.787410 0.002582 0.000893 1.223537 -0.788829 -2.140409
    12 5.999492 -0.000592 4.000340 0.000000 0.000000 0.000000
    13 0.500225 0.000133 -0.000084 0.182711 0.000000 0.000000
    14 11.530657 0.000349 -0.001308 0.000019 -0.000051 -0.937814
    15 -0.829338 0.893824 0.079659 -0.148839 0.047645 0.087266
    16 0.500225 0.000132 0.000072 -0.017278 0.000000 0.000000
    17 11.532495 0.000526 0.003814 -0.000054 -0.000034 -0.957181
    18 -0.829586 0.894698 -0.079468 0.045377 -0.019621 0.087266
    19 10.599886 0.000105 -0.000553 -0.628514 -0.000036 -0.000012
    20 0.154822 -0.282994 -0.000805 0.000000 0.000011 0.468862
    21 11.042053 0.003717 0.000798 -1.243275 0.131480 0.119683
    22 -11.814724 0.424524 -0.297680 0.247998 -0.066121 -0.042695
    23 10.599878 0.000105 0.000549 0.463297 0.000048 0.000012
    24 0.143101 -0.279088 0.000801 0.000048 -0.000023 0.478576
    25 11.041739 0.003170 -0.000568 0.374447 0.294476 -0.612377
    26 -11.663242 0.094713 0.140656 -0.068591 0.018527 -0.015099
    27 0.610300 -0.939470 0.070347 -1.655245 -0.140067 -0.175592
    28 0.639938 -0.199121 0.060192 -1.665909 -0.131332 -0.066423
    29 0.600155 1.080260 -0.339535 -1.869518 0.297726 0.043603
    30 0.610207 0.400743 -0.010098 -1.816265 0.108266 0.008824
    31 0.630809 -0.690091 -0.232343 0.517556 0.263938 -1.031731
    32 -0.792125 0.203736 0.461304 1.439074 -0.003453 -0.018305
    33 0.610300 -0.939469 -0.070354 1.655295 0.140031 -0.175640
    34 0.639938 -0.199121 -0.060200 1.665960 0.131392 -0.066411
    35 0.600157 1.080260 0.339531 1.741524 -0.203987 0.075913
    36 0.610205 0.400743 0.010086 1.761892 -0.015373 0.028047
    37 0.627906 -0.691394 0.232270 -1.014522 -0.861429 -0.665957
    38 -0.626031 -0.069982 -0.080517 -1.447153 0.086151 0.021559
    39 2.621377 -0.002532 -0.001438 -0.309598 0.072041 0.329592
    40 2.660837 0.000397 -0.000071 -0.063839 0.265301 0.599136
    41 2.202488 0.003364 -0.002863 -0.104740 0.396403 0.417727
    42 0.599950 0.959236 -0.300102 -0.174544 0.000000 0.000000
    43 2.557190 -0.001967 0.002453 -0.140353 0.257225 0.692599
    44 2.098929 0.000032 -0.002193 -0.493309 0.186548 0.332139
    45 0.999378 -0.000238 -1.099991 0.000000 0.000000 0.000000
    46 -0.122641 -0.721855 0.661686 -0.486644 0.223964 0.243056
    47 2.622112 -0.000648 0.002741 -0.053062 0.086883 -0.048142
    48 2.657909 0.000687 -0.000533 0.200353 0.214647 1.264692
    49 2.200014 0.001663 0.000836 0.236792 0.017724 1.474087
    50 0.599949 0.959244 0.300102 0.174544 0.000000 0.000000
    51 2.556571 -0.000385 0.000554 0.236773 0.177161 1.399512
    52 2.103853 0.001708 -0.001011 0.124883 -0.418726 0.876979
    53 0.999376 -0.000240 1.490624 0.000036 -0.000012 0.946888
    54 0.310848 -0.606446 -0.498005 0.308107 -0.197598 0.313975
    55 1.869163 -0.000835 -0.000994 -0.000007 0.000015 0.539481
    56 1.200941 0.399582 -0.000237 -0.009465 0.016087 0.007127
    57 0.000586 0.100342 -0.000319 -0.120035 -0.021926 -0.209617
    58 -0.161663 0.051712 0.194808 -2.941982 0.122408 -0.060194
    59 2.010090 -0.003202 -0.003377 0.000042 0.000048 1.303739
    60 0.000237 0.099800 -0.000395 -0.018823 0.010833 -0.239219
    61 -0.203197 0.048607 0.069150 -3.093332 0.033217 -0.046722
    62 1.180426 -0.002312 0.000781 -0.000002 0.000000 1.922562
    63 -0.000196 0.099625 -0.000034 0.000000 0.000000 -0.314102
    64 -0.088737 -0.688435 -0.145203 2.930407 -0.136130 0.513013
    65 1.712069 -0.003328 0.003818 -0.023935 0.014157 1.460792
    66 -0.000576 0.100143 -0.000311 -0.010914 0.023131 -0.260843
    67 -0.146027 -0.232426 -0.014225 3.028455 -0.094299 0.113020
    68 1.290634 0.000361 -0.000036 0.000000 0.000000 -0.080703
    69 -0.658119 -0.003576 0.072643 -0.142711 0.027792 -0.077299
    70 1.868078 -0.003049 0.002177 0.000039 -0.000033 1.450101
    71 1.200075 0.399942 -0.000093 0.009465 -0.016087 0.007127
    72 0.000589 0.100342 0.000319 0.120035 0.021926 -0.209617
    73 0.068073 0.002283 -0.080050 3.111376 -0.069366 -0.060847
    74 2.011874 -0.001179 0.002180 -0.000013 -0.000085 1.378946
    75 0.000233 0.099800 0.000395 0.018823 -0.010833 -0.239219
    76 -0.018673 -0.001009 0.047544 3.109244 0.002635 -0.106673
    77 1.178665 0.001595 0.000845 0.000006 -0.000001 0.743962
    78 -0.000196 0.099628 0.000034 0.000000 0.000000 -0.314102
    79 0.036894 -0.634449 0.266284 -2.801062 0.174301 0.490915
    80 1.708256 -0.002504 -0.000686 -0.000010 0.000011 1.160590
    81 -0.000580 0.100140 0.000311 0.010910 -0.023132 -0.260845
    82 -0.003952 -0.281811 0.115047 -3.059162 0.089004 0.167964
    83 1.289625 0.000042 0.000061 -0.000002 0.000002 0.672669
    84 -0.171526 -0.018150 -0.099873 0.013484 -0.062184 -0.011781
    85 0.916622 0.003336 0.001326 0.000007 0.000009 0.545293
    86 -0.342617 0.053402 -0.025571 -2.909301 -0.017248 0.075276
    87 1.100231 -0.000928 -0.002434 0.000021 0.000050 0.678016
    88 -0.384979 0.331001 0.006848 -3.087207 -0.018765 -0.184278
    89 0.678146 0.002286 -0.003905 -0.000006 -0.000007 0.136742
    90 -0.123848 0.072738 0.029507 2.898184 -0.060627 0.094835
    91 1.017166 -0.000154 -0.000252 -0.000011 -0.000002 0.255603
    92 -0.344990 0.123129 0.143151 2.994981 0.012396 0.059140
    93 -0.730989 0.177046 0.039141 -0.123731 0.076518 -0.084310
    94 0.921993 0.001298 -0.000896 -0.000050 0.000001 0.471806
    95 -0.124023 -0.052090 0.038495 3.077813 -0.008519 0.039229
    96 1.100433 -0.003552 0.000502 -0.000054 0.000030 0.545699
    97 -0.330082 0.160639 0.042780 3.128073 0.034033 -0.171236
    98 0.679764 0.001532 0.003272 0.000002 0.000003 0.674786
    99 -0.019512 -0.016531 0.038578 -2.763781 0.050305 0.076829
    100 1.019531 -0.000005 -0.000001 0.000000 0.000000 0.497026
    101 -0.155308 0.130644 -0.021921 -3.022466 0.022433 -0.024902
    102 -0.252207 0.061937 -0.024914 -0.007671 -0.063171 -0.044392
    103 -0.085995 0.185205 -0.015180 -2.937063 -0.113970 -0.138991
    104 -0.286533 0.179852 0.024264 -3.109353 -0.049645 -0.029914
    105 -0.019482 0.147083 0.079203 2.893815 0.038585 -0.060594
    106 -0.046482 0.251896 0.129548 3.016165 0.077112 -0.042864
    107 0.039124 -0.040295 0.047739 3.084219 0.030470 -0.037414
    108 -0.233757 0.066630 0.001754 -3.133087 0.040141 -0.065412
    109 0.044266 0.020131 0.001684 -2.778763 -0.118872 -0.040488
    110 0.071495 0.074128 -0.048302 -3.035917 -0.059482 0.104366
    111 0.000000 0.000000 0.000000 0.000000 0.000000 -1.570796
    112 -4.242317 -7.511948 -8.851833 0.616449 -0.658099 -1.681844
    113 0.000000 0.000000 0.000000 0.000000 0.000000 0.000000
    114 -4.953276 -15.898923 -2.753990 0.616142 -0.657759 -1.681927
    115 3.096000 0.000000 -1.996000 0.000000 0.000000 0.000000
    116 3.040999 0.000000 1.202000 0.000000 0.000000 0.000000
    117 7.854000 0.000000 -0.042000 0.000000 0.000000 -0.000027
    118 13.105999 0.000000 -0.006000 0.000000 0.000000 0.000027
    119 3.456000 0.000000 -1.084000 0.000000 0.000000 0.000013
    120 1.804000 0.000000 -1.025000 0.000000 0.000000 0.000000
    121 7.098000 0.000000 -1.084000 0.000000 0.000000 0.000000
    122 1.868000 1.809000 -1.975000 -2.218442 -0.017124 -0.465675
    123 3.740000 0.000000 1.273000 0.000000 0.000000 0.000013
    124 11.956999 0.000000 -0.006000 0.000000 0.000000 0.000027
    125 6.072001 0.000000 -1.238000 0.000000 0.000000 0.000000
    126 5.690000 -0.365000 0.068000 -0.000040 -0.349041 -1.570749
    127 6.396999 0.614000 0.428000 0.000000 0.000000 -0.000027
    128 3.040999 0.000000 1.202000 0.000000 0.000000 0.000000
    129 3.720000 0.000000 1.202000 0.000000 0.000000 0.000000
    130 1.086000 -0.661000 -0.149000 0.000000 0.000000 0.000000
    131 1.067000 0.589000 0.076000 0.000000 0.000000 0.000000
    132 0.000000 -0.019000 0.000000 0.000000 0.000000 0.000000
    133 0.000000 -0.019000 0.000000 0.000000 0.000000 0.000000
    134 3.300000 -0.019000 1.346000 0.000000 0.000000 0.000000
    135 -1.524000 -1.859000 -4.367000 -1.730250 -0.014891 0.208056
    136 7.283999 0.000000 -2.195000 0.000000 0.000000 -0.000027
    137 -1.323000 0.000000 0.184000 0.000000 0.000000 0.000000
    138 0.082000 0.000000 1.002000 0.000000 0.000000 0.000000
    139 -51.957358 -19.391217 -30.164582 -0.677353 0.594413 -0.320344
    140 0.478000 0.000000 -4.537000 0.000000 0.000000 -0.000013
    141 3.436000 0.000000 1.202000 0.000000 0.000000 0.000000
    142 3.040999 0.000000 1.202000 0.000000 0.000000 0.000000
    143 4.657000 0.000000 1.545000 0.000000 0.000000 -0.000013
    144 -0.403000 0.000000 -0.011000 0.000000 0.000000 0.000000
    145 1.781000 0.000000 0.873000 0.000000 0.000000 0.000000
    146 0.384000 0.715000 0.801000 0.000000 0.000000 0.000000
    147 1.795000 0.533000 -1.550000 0.000000 0.000000 0.000000
    148 4.435999 0.595000 -0.954000 0.000000 0.000000 0.000000
    149 4.401999 -0.614000 -1.630000 0.000000 0.000000 0.000000
    150 4.203000 -0.003000 -0.048000 0.000000 0.000000 0.000000
    151 5.136000 0.000000 1.534000 0.000000 0.000000 -0.000027
    152 11.957001 0.000000 -0.006000 0.000000 0.000000 0.000027
    153 -2.103001 0.000000 0.000000 0.000000 0.000000 0.000000
    154 -0.598001 0.000000 -0.011000 0.000000 0.000000 -0.000013
    155 0.496000 0.184000 -3.523000 0.000000 0.000000 0.000000
    156 0.147000 0.184000 -0.328000 0.000000 0.000000 0.000000
    157 0.147000 0.184000 0.023000 0.000000 0.000000 0.000000
    158 0.147000 0.184000 0.368000 0.000000 0.000000 0.000000
    159 0.147000 0.184000 0.717000 0.000000 0.000000 0.000000
    160 0.147000 0.184000 1.067000 0.000000 0.000000 0.000000
    161 0.148000 0.184000 1.414000 0.000000 0.000000 0.000000
    162 0.148000 -0.074000 1.640000 0.000000 0.000000 0.000000
    163 0.435000 0.184000 -3.179000 0.000000 0.000000 0.000000
    164 0.378000 0.184000 -2.826000 0.000000 0.000000 0.000000
    165 0.329000 0.184000 -2.477000 0.000000 0.000000 0.000000
    166 0.286000 0.184000 -2.127000 0.000000 0.000000 0.000000
    167 0.252000 0.184000 -1.775000 0.000000 0.000000 0.000000
    168 0.215000 0.184000 -1.417000 0.000000 0.000000 0.000000
    169 0.190000 0.184000 -1.064000 0.000000 0.000000 0.000000
    170 0.166000 0.184000 -0.714000 0.000000 0.000000 0.000000
    171 1.622000 0.000000 1.568000 0.000000 0.000000 0.000013
    172 2.240000 0.000000 1.568000 0.000000 0.000000 0.000013
    173 0.000000 0.000000 0.000000 0.000000 0.000000 0.000000
    174 0.000006 -0.006207 -4.863281 -3.140338 -0.002958 -3.128596
    175 1.000088 -0.000029 0.000000 0.000000 0.000000 0.000000
    176 17.162518 -0.000404 0.000000 0.000000 0.000000 0.119207
    177 17.749374 0.295515 0.000000 0.000000 0.000000 -1.158917
    178 5.413528 0.000347 0.000000 0.000000 0.000000 -0.518029
    179 0.017887 0.299792 0.000000 0.000000 0.000000 -0.059577
    180 9.999889 -0.000303 0.000000 0.000000 0.000000 0.000000
    181 0.000004 0.006218 4.863281 -3.140338 -0.002958 -3.128596
    182 1.000088 -0.000029 0.000000 0.000000 0.000000 0.000000
    183 12.283573 1.581455 -4.695999 1.462269 -0.086726 0.090185
    184 17.162518 -0.000404 0.000000 0.000000 0.000000 0.119207
    185 17.749374 0.295515 0.000000 0.000000 0.000000 -1.158919
    186 5.413528 0.000347 0.000000 0.000000 0.000000 -0.518029
    187 0.017887 0.299792 0.000000 0.000000 0.000000 -0.059571
    188 9.499836 0.000212 0.000000 0.000000 0.000000 0.000000
    189 -1.145525 0.000130 0.000671 0.000000 0.000000 0.000000
    190 -0.857691 0.104071 0.104687 0.023536 0.163924 0.013632
    191 3.999430 -0.000528 -0.000332 -0.628542 0.000000 0.000000
    192 0.599499 0.400698 0.000236 0.000000 0.000000 0.000000
    193 0.599886 0.400186 -0.000027 0.000000 0.000000 0.000000
    194 2.299677 -2.499979 -0.599480 0.891926 0.221475 -0.527201
    195 -1.412461 1.240342 -5.351674 3.105735 -0.285820 -0.588019
    196 -9.580679 -27.862108 -37.184677 0.812879 -0.123459 -0.568477
    197 0.649935 -0.548296 0.093658 -1.665913 -0.131399 -0.112062
    198 1.899127 0.000427 -0.000439 0.027386 -0.033311 0.477848
    199 0.657078 0.008400 0.040375 -1.665945 -0.131407 -0.000013
    200 1.799664 -0.000240 0.000231 0.027386 -0.033311 0.477848
    201 1.799664 -0.000240 0.000231 0.027386 -0.033311 0.477848
    202 1.799664 -0.000240 0.000231 0.027386 -0.033311 0.477848
    203 0.665774 0.747222 -0.029186 -1.665935 -0.131408 0.094976
    204 1.900306 -0.000137 -0.000517 0.027386 -0.033311 0.477848
    205 6.646440 -0.706035 5.395525 3.992059 1.492788 -6.217246
    206 3.999897 0.000040 0.001007 0.231768 0.000000 0.000000
    207 0.600403 0.399632 -0.000469 0.000000 0.000000 3.141497
    208 0.599890 0.400186 0.000031 0.000000 0.000000 3.141497
    209 2.300137 -2.499413 0.600155 -0.891872 -0.221535 -0.527242
    210 12.103249 -3.649587 -1.238105 1.733585 0.203059 0.048157
    211 2.762354 0.116951 1.523975 1.629482 0.064153 1.743800
    212 7.228317 7.928200 -3.925652 2.328713 0.123459 -0.568477
    213 0.650396 -0.547731 -0.092976 1.665913 0.131399 -0.112062
    214 1.899441 -0.000320 -0.000150 -0.027386 0.033311 0.477848
    215 0.657068 0.008398 -0.040379 1.665945 0.131407 -0.000013
    216 1.799659 -0.000233 -0.000233 -0.027386 0.033311 0.477848
    217 1.799659 -0.000233 -0.000233 -0.027386 0.033311 0.477848
    218 1.799659 -0.000233 -0.000233 -0.027386 0.033311 0.477848
    219 0.665778 0.747222 0.029179 1.665935 0.131408 0.094976
    220 1.900722 0.000549 -0.000072 -0.027386 0.033311 0.477848
    221 4.530998 0.000000 0.000000 0.000000 0.000000 0.000000
    222 4.527344 0.000000 0.000000 0.000000 0.000000 0.000000
    223 0.000000 0.000000 0.000000 0.000000 0.000000 0.000000
    224 0.000000 0.000000 0.000000 0.000000 0.000000 0.000000
    225 4.000000 -6.496094 0.008293 -0.001274 0.000001 0.000975
    226 -6.500000 0.000000 0.000000 -1.537381 1.569552 -1.537381
    227 16.914347 -4.953027 9.056096 0.616449 -0.658005 -0.111140
    228 0.280000 -0.135000 2.196999 1.570796 0.000000 -1.570735
    229 0.000000 0.000000 0.000000 0.000000 0.000000 0.000000
    230 0.000000 0.000000 0.000000 -0.004099 0.010163 -0.014417
    231 0.106000 0.000000 -64.320000 0.000000 0.000000 0.000000
    232 0.000000 0.000000 0.000000 0.000000 0.000000 0.000000
    233 -0.106000 0.000000 64.320000 0.000000 0.000000 0.000000
    234 -1.161056 6.705908 -22.693104 0.616460 -0.658061 -1.682020
    235 0.000000 0.000000 0.000000 0.000000 -0.000036 0.000055
    236 1.688000 -0.001000 -1.454002 0.000000 0.000000 0.000000
    237 -1.070999 -0.005000 0.545002 0.000000 0.000000 0.000000
    238 5.895000 0.750997 -0.156000 0.000000 0.000000 0.000000
    239 11.599999 -0.000003 -1.500002 0.000000 0.000000 0.000000
    240 -3.804688 5.152344 -5.503906 -1.515061 -0.074935 -0.291543
    241 11.239561 -0.000003 -1.579000 0.000000 0.000000 0.000000
    242 4.578816 -0.085943 -1.625004 0.003134 0.075527 -0.076553
    243 0.673937 -0.015635 -4.768713 -3.141592 -1.281051 3.141593
    244 0.094999 -0.144000 0.332001 0.000000 0.000000 0.000000
    245 14.209020 0.000022 0.766988 0.000000 0.000000 0.000000
    246 0.000000 0.000000 0.000000 1.570800 0.000000 -1.570796
  time 10
    0 0.000000 0.000000 0.000000 0.000000 0.000000 -1.570796
    1 -0.106750 -0.000001 -0.000351 0.000000 0.000000 0.000000
    2 0.000000 0.000000 0.000000 0.000000 0.000000 0.000000
    3 -0.904000 0.000000 -11.806000 0.000000 0.000000 0.000000
    4 0.000000 0.000000 -14.313999 1.572085 -1.570793 0.000000
    5 3.533001 0.000000 0.000000 -0.001274 0.000000 0.000000
    6 6.250000 0.000000 0.000000 0.000000 0.000000 0.000000
    7 9.568951 -0.019507 -1.944020 -1.656005 0.722027 -1.692188
    8 9.570313 5.304688 2.056641 -1.552151 -1.032979 1.554747
    9 5.786820 0.002787 -0.000113 -0.858733 0.128838 -0.863506
    10 5.999492 -0.000592 -4.000343 0.000000 0.000000 0.000000
    11 5.787410 0.002582 0.000893 1.222071 -0.776873 -2.141587
    12 5.999492 -0.000592 4.000340 0.000000 0.000000 0.000000
    13 0.500225 0.000133 -0.000084 0.209644 0.000000 -0.000060
    14 11.530657 0.000349 -0.001308 -0.000005 0.000009 -0.988369
    15 -0.829338 0.893824 0.079659 -0.148839 0.047645 0.087266
    16 0.500225 0.000132 0.000072 -0.023608 0.000000 0.000024
    17 11.532495 0.000526 0.003814 0.000006 -0.000010 -0.947239
    18 -0.829586 0.894698 -0.079468 0.045377 -0.019621 0.087266
    19 10.599886 0.000105 -0.000553 -0.564115 0.000000 0.000000
    20 0.150916 -0.282994 -0.000805 0.000000 0.000011 0.494121
    21 11.042053 0.003717 0.000798 -1.105409 0.133272 0.182886
    22 -11.814724 0.424524 -0.297680 0.247998 -0.066121 -0.042695
    23 10.599878 0.000105 0.000549 0.481734 0.000000 0.000000
    24 0.143101 -0.279088 0.000801 0.000000 -0.000011 0.473609
    25 11.041739 0.003170 -0.000568 0.383066 0.311336 -0.632656
    26 -11.663242 0.094713 0.140656 -0.068591 0.018527 -0.015099
    27 0.610300 -0.939470 0.070347 -1.655245 -0.140067 -0.175592
    28 0.639938 -0.199121 0.060192 -1.665909 -0.131332 -0.066423
    29 0.600155 1.080260 -0.339535 -1.869572 0.297709 0.043579
    30 0.610207 0.400743 -0.010098 -1.816319 0.108242 0.008800
    31 0.630809 -0.690091 -0.232343 0.531038 0.230314 -0.997853
    32 -0.792125 0.203736 0.461304 1.439074 -0.003453 -0.018305
    33 0.610300 -0.939469 -0.070354 1.655295 0.140031 -0.175640
    34 0.639938 -0.199121 -0.060200 1.665960 0.131392 -0.066411
    35 0.600157 1.080260 0.339531 1.741524 -0.203987 0.075913
    36 0.610205 0.400743 0.010086 1.761892 -0.015373 0.028047
    37 0.627906 -0.691394 0.232270 -1.014522 -0.861429 -0.665957
    38 -0.626031 -0.069982 -0.080517 -1.447153 0.086151 0.021559
    39 2.621377 -0.002532 -0.001438 -0.309598 0.072041 0.329592
    40 2.660837 0.000397 -0.000071 -0.063839 0.265301 0.599177
    41 2.202488 0.003364 -0.002863 -0.104721 0.396403 0.417727
    42 0.599950 0.959236 -0.300102 -0.174544 0.000000 0.000000
    43 2.557190 -0.001967 0.002453 -0.140375 0.257208 0.692599
    44 2.098929 0.000032 -0.002193 -0.494855 0.182010 0.323556
    45 0.999378 -0.000238 -1.119523 0.000000 0.000000 0.000000
    46 -0.122641 -0.721855 0.661686 -0.486644 0.223964 0.243056
    47 2.622112 -0.000648 0.002741 -0.053062 0.086883 -0.048142
    48 2.657909 0.000687 -0.000533 0.200353 0.214659 1.264692
    49 2.200014 0.001663 0.000836 0.236792 0.017724 1.474087
    50 0.599949 0.959244 0.300102 0.174544 0.000000 0.000000
    51 2.556571 -0.000385 0.000554 0.236773 0.177161 1.399512
    52 2.103853 0.001708 -0.001011 0.124883 -0.418714 0.876979
    53 0.999376 -0.000240 1.490624 0.000024 -0.000012 0.946888
    54 0.310848 -0.606446 -0.498005 0.308107 -0.197598 0.313975
    55 1.869163 -0.000835 -0.000994 -0.000007 0.000003 0.539481
    56 1.200941 0.399582 -0.000237 -0.009465 0.016087 0.007127
    57 0.000586 0.100342 -0.000319 -0.120035 -0.021926 -0.209617
    58 -0.161663 0.051712 0.194808 -2.941982 0.122408 -0.060194
    59 2.010090 -0.003202 -0.003377 0.000042 0.000060 1.303739
    60 0.000237 0.099800 -0.000395 -0.018823 0.010833 -0.239219
    61 -0.203197 0.048607 0.069150 -3.093332 0.033217 -0.046722
    62 1.180426 -0.002312 0.000781 -0.000002 0.000000 1.922562
    63 -0.000196 0.099625 -0.000034 0.000000 0.000000 -0.314102
    64 -0.088737 -0.688435 -0.145203 2.930407 -0.136130 0.513013
    65 1.712069 -0.003328 0.003818 -0.023947 0.014145 1.460792
    66 -0.000576 0.100143 -0.000311 -0.010914 0.023131 -0.260843
    67 -0.146027 -0.232426 -0.014225 3.028455 -0.094299 0.113020
    68 1.290634 0.000361 -0.000036 0.000000 0.000000 -0.157847
    69 -0.658119 -0.003576 0.072643 -0.142711 0.027792 -0.077299
    70 1.868078 -0.003049 0.002177 0.000039 -0.000033 1.450101
    71 1.200075 0.399942 -0.000093 0.009465 -0.016087 0.007127
    72 0.000589 0.100342 0.000319 0.120035 0.021926 -0.209617
    73 0.068073 0.002283 -0.080050 3.111376 -0.069366 -0.060847
    74 2.011874 -0.001179 0.002180 -0.000013 -0.000073 1.378946
    75 0.000233 0.099800 0.000395 0.018823 -0.010833 -0.239219
    76 -0.018673 -0.001009 0.047544 3.109244 0.002635 -0.106673
    77 1.178665 0.001595 0.000845 0.000006 -0.000001 0.743962
    78 -0.000196 0.099628 0.000034 0.000000 0.000000 -0.314102
    79 0.036894 -0.634449 0.266284 -2.801062 0.174301 0.490915
    80 1.708256 -0.002504 -0.000686 -0.000022 0.000011 1.160590
    81 -0.000580 0.100140 0.000311 0.010910 -0.023132 -0.260845
    82 -0.003952 -0.281811 0.115047 -3.059162 0.089004 0.167964
    83 1.289625 0.000042 0.000061 0.000010 0.000002 0.672669
    84 -0.171526 -0.018150 -0.099873 0.013484 -0.062184 -0.011781
    85 0.916622 0.003336 0.001326 0.000007 0.000009 0.545293
    86 -0.342617 0.053402 -0.025571 -2.909301 -0.017248 0.075276
    87 1.100231 -0.000928 -0.002434 0.000021 0.000062 0.678016
    88 -0.384979 0.331001 0.006848 -3.087207 -0.018765 -0.184278
    89 0.678146 0.002286 -0.003905 -0.000006 -0.000007 0.136742
    90 -0.123848 0.072738 0.029507 2.898184 -0.060627 0.094835
    91 1.017166 -0.000154 -0.000252 -0.000011 -0.000002 0.255603
    92 -0.344990 0.123129 0.143151 2.994981 0.012396 0.059140
    93 -0.730989 0.177046 0.039141 -0.123731 0.076518 -0.084310
    94 0.921993 0.001298 -0.000896 -0.000050 0.000001 0.471806
    95 -0.124023 -0.052090 0.038495 3.077813 -0.008519 0.039229
    96 1.100433 -0.003552 0.000502 -0.000054 0.000030 0.545699
    97 -0.330082 0.160639 0.042780 3.128073 0.034033 -0.171236
    98 0.679764 0.001532 0.003272 0.000002 0.000003 0.674786
    99 -0.019512 -0.016531 0.038578 -2.763781 0.050305 0.076829
    100 1.019531 -0.000005 -0.000001 0.000000 0.000000 0.497026
    101 -0.155308 0.130644 -0.021921 -3.022466 0.022433 -0.024902
    102 -0.252207 0.061937 -0.024914 -0.007671 -0.063171 -0.044392
    103 -0.085995 0.185205 -0.015180 -2.937063 -0.113970 -0.138991
    104 -0.286533 0.179852 0.024264 -3.109353 -0.049645 -0.029914
    105 -0.019482 0.147083 0.079203 2.893815 0.038585 -0.060594
    106 -0.046482 0.251896 0.129548 3.016165 0.077112 -0.042864
    107 0.039124 -0.040295 0.047739 3.084219 0.030470 -0.037414
    108 -0.233757 0.066630 0.001754 -3.133087 0.040141 -0.065412
    109 0.044266 0.020131 0.001684 -2.778763 -0.118872 -0.040488
    110 0.071495 0.074128 -0.048302 -3.035917 -0.059482 0.104366
    111 0.000000 0.000000 0.000000 0.000000 0.000000 -1.570796
    112 -4.312632 -7.504135 -8.785424 0.646332 -0.676448 -1.701144
    113 0.000000 0.000000 0.000000 0.000000 0.000000 0.000000
    114 -5.156407 -15.770012 -2.539140 0.644811 -0.675735 -1.700386
    115 3.096000 0.000000 -1.996000 0.000000 0.000000 0.000000
    116 3.040999 0.000000 1.202000 0.000000 0.000000 0.000000
    117 7.854000 0.000000 -0.042000 0.000000 0.000000 -0.000027
    118 13.105999 0.000000 -0.006000 0.000000 0.000000 0.000027
    119 3.456000 0.000000 -1.084000 0.000000 0.000000 0.000013
    120 1.804000 0.000000 -1.025000 0.000000 0.000000 0.000000
    121 7.098000 0.000000 -1.084000 0.000000 0.000000 0.000000
    122 1.868000 1.809000 -1.975000 -2.218442 -0.017124 -0.465675
    123 3.740000 0.000000 1.273000 0.000000 0.000000 0.000013
    124 11.956999 0.000000 -0.006000 0.000000 0.000000 0.000027
    125 6.072001 0.000000 -1.238000 0.000000 0.000000 0.000000
    126 5.690000 -0.365000 0.068000 -0.000040 -0.349041 -1.570749
    127 6.396999 0.614000 0.428000 0.000000 0.000000 -0.000027
    128 3.040999 0.000000 1.202000 0.000000 0.000000 0.000000
    129 3.720000 0.000000 1.202000 0.000000 0.000000 0.000000
    130 1.086000 -0.661000 -0.149000 0.000000 0.000000 0.000000
    131 1.067000 0.589000 0.076000 0.000000 0.000000 0.000000
    132 0.000000 -0.019000 0.000000 0.000000 0.000000 0.000000
    133 0.000000 -0.019000 0.000000 0.000000 0.000000 0.000000
    134 3.300000 -0.019000 1.346000 0.000000 0.000000 0.000000
    135 -1.524000 -1.859000 -4.367000 -1.730250 -0.014891 0.208056
    136 7.283999 0.000000 -2.195000 0.000000 0.000000 -0.000027
    137 -1.323000 0.000000 0.184000 0.000000 0.000000 0.000000
    138 0.082000 0.000000 1.002000 0.000000 0.000000 0.000000
    139 -52.730819 -19.992798 -28.824698 -0.707270 0.611106 -0.335915
    140 0.478000 0.000000 -4.537000 0.000000 0.000000 -0.000013
    141 3.436000 0.000000 1.202000 0.000000 0.000000 0.000000
    142 3.040999 0.000000 1.202000 0.000000 0.000000 0.000000
    143 4.657000 0.000000 1.545000 0.000000 0.000000 -0.000013
    144 -0.403000 0.000000 -0.011000 0.000000 0.000000 0.000000
    145 1.781000 0.000000 0.873000 0.000000 0.000000 0.000000
    146 0.384000 0.715000 0.801000 0.000000 0.000000 0.000000
    147 1.795000 0.533000 -1.550000 0.000000 0.000000 0.000000
    148 4.435999 0.595000 -0.954000 0.000000 0.000000 0.000000
    149 4.401999 -0.614000 -1.630000 0.000000 0.000000 0.000000
    150 4.203000 -0.003000 -0.048000 0.000000 0.000000 0.000000
    151 5.136000 0.000000 1.534000 0.000000 0.000000 -0.000027
    152 11.957001 0.000000 -0.006000 0.000000 0.000000 0.000027
    153 -2.103001 0.000000 0.000000 0.000000 0.000000 0.000000
    154 -0.598001 0.000000 -0.011000 0.000000 0.000000 -0.000013
    155 0.496000 0.184000 -3.523000 0.000000 0.000000 0.000000
    156 0.147000 0.184000 -0.328000 0.000000 0.000000 0.000000
    157 0.147000 0.184000 0.023000 0.000000 0.000000 0.000000
    158 0.147000 0.184000 0.368000 0.000000 0.000000 0.000000
    159 0.147000 0.184000 0.717000 0.000000 0.000000 0.000000
    160 0.147000 0.184000 1.067000 0.000000 0.000000 0.000000
    161 0.148000 0.184000 1.414000 0.000000 0.000000 0.000000
    162 0.148000 -0.074000 1.640000 0.000000 0.000000 0.000000
    163 0.435000 0.184000 -3.179000 0.000000 0.000000 0.000000
    164 0.378000 0.184000 -2.826000 0.000000 0.000000 0.000000
    165 0.329000 0.184000 -2.477000 0.000000 0.000000 0.000000
    166 0.286000 0.184000 -2.127000 0.000000 0.000000 0.000000
    167 0.252000 0.184000 -1.775000 0.000000 0.000000 0.000000
    168 0.215000 0.184000 -1.417000 0.000000 0.000000 0.000000
    169 0.190000 0.184000 -1.064000 0.000000 0.000000 0.000000
    170 0.166000 0.184000 -0.714000 0.000000 0.000000 0.000000
    171 1.622000 0.000000 1.568000 0.000000 0.000000 0.000013
    172 2.240000 0.000000 1.568000 0.000000 0.000000 0.000013
    173 0.000000 0.000000 0.000000 0.000000 0.000000 0.000000
    174 0.000006 -0.006207 -4.863281 -3.140338 -0.002958 -3.128596
    175 1.000088 -0.000029 0.000000 0.000000 0.000000 0.000000
    176 17.162518 -0.000404 0.000000 0.000000 0.000000 0.119207
    177 17.749374 0.295515 0.000000 0.000000 0.000000 -1.158917
    178 5.413528 0.000347 0.000000 0.000000 0.000000 -0.518029
    179 0.017887 0.299792 0.000000 0.000000 0.000000 -0.059577
    180 9.999889 -0.000303 0.000000 0.000000 0.000000 0.000000
    181 0.000004 0.006218 4.863281 -3.140338 -0.002958 -3.128596
    182 1.000088 -0.000029 0.000000 0.000000 0.000000 0.000000
    183 12.283573 1.581455 -4.695999 1.462269 -0.086726 0.090185
    184 17.162518 -0.000404 0.000000 0.000000 0.000000 0.119207
    185 17.749374 0.295515 0.000000 0.000000 0.000000 -1.158919
    186 5.413528 0.000347 0.000000 0.000000 0.000000 -0.518029
    187 0.017887 0.299792 0.000000 0.000000 0.000000 -0.059571
    188 9.499836 0.000212 0.000000 0.000000 0.000000 0.000000
    189 -1.145525 0.000130 0.000671 0.000000 0.000000 0.000000
    190 -0.857691 0.104071 0.104687 0.023536 0.163924 0.013632
    191 3.999430 -0.000528 -0.000332 -0.564135 0.000072 0.000036
    192 0.599499 0.400698 0.000236 0.000000 0.000000 0.000000
    193 0.599886 0.400186 -0.000027 0.000000 0.000000 0.000000
    194 2.299677 -2.499979 -0.599480 0.891926 0.221475 -0.527201
    195 -1.521839 0.627042 -5.668090 2.979159 -0.312715 -0.542051
    196 -9.580679 -27.862108 -37.184677 0.812879 -0.123459 -0.568477
    197 0.649935 -0.548296 0.093658 -1.665913 -0.131399 -0.112062
    198 1.899127 0.000427 -0.000439 0.027386 -0.033311 0.477848
    199 0.657078 0.008400 0.040375 -1.665945 -0.131407 -0.000013
    200 1.799664 -0.000240 0.000231 0.027386 -0.033311 0.477848
    201 1.799664 -0.000240 0.000231 0.027386 -0.033311 0.477848
    202 1.799664 -0.000240 0.000231 0.027386 -0.033311 0.477848
    203 0.665774 0.747222 -0.029186 -1.665935 -0.131408 0.094976
    204 1.900306 -0.000137 -0.000517 0.027386 -0.033311 0.477848
    205 6.599564 -0.288054 5.489278 3.919814 1.479638 -6.230757
    206 3.999897 0.000040 0.001007 0.240374 0.000000 0.000000
    207 0.600403 0.399632 -0.000469 0.000000 0.000000 -3.141592
    208 0.599890 0.400186 0.000031 0.000000 0.000000 3.141497
    209 2.300137 -2.499413 0.600155 -0.891899 -0.221535 -0.527242
    210 12.103249 -3.649587 -1.238105 1.733585 0.203059 0.048157
    211 2.762354 0.116951 1.523975 1.629482 0.064153 1.743800
    212 7.228317 7.928200 -3.925652 2.328713 0.123459 -0.568477
    213 0.650396 -0.547731 -0.092976 1.665913 0.131399 -0.112062
    214 1.899441 -0.000320 -0.000150 -0.027386 0.033311 0.477848
    215 0.657068 0.008398 -0.040379 1.665945 0.131407 -0.000013
    216 1.799659 -0.000233 -0.000233 -0.027386 0.033311 0.477848
    217 1.799659 -0.000233 -0.000233 -0.027386 0.033311 0.477848
    218 1.799659 -0.000233 -0.000233 -0.027386 0.033311 0.477848
    219 0.665778 0.747222 0.029179 1.665935 0.131408 0.094976
    220 1.900722 0.000549 -0.000072 -0.027386 0.033311 0.477848
    221 4.530998 0.000000 0.000000 0.000000 0.000000 0.000000
    222 4.527344 0.000000 0.000000 0.000000 0.000000 0.000000
    223 0.000000 0.000000 0.000000 0.000000 0.000000 0.000000
    224 0.000000 0.000000 0.000000 0.000000 0.000000 0.000000
    225 4.000000 -6.496094 0.008293 -0.001274 0.000001 0.000975
    226 -6.500000 0.000000 0.000000 -1.537381 1.569552 -1.537381
    227 16.777624 -5.160065 9.282666 0.646332 -0.676353 -0.130440
    228 0.280000 -0.135000 2.196999 1.570796 0.000000 -1.570735
    229 0.000000 0.000000 0.000000 0.000000 0.000000 0.000000
    230 0.000000 0.000000 0.000000 -0.004171 0.011925 -0.014789
    231 0.106000 0.000000 -64.320000 0.000000 0.000000 0.000000
    232 0.000000 0.000000 0.000000 0.000000 0.000000 0.000000
    233 -0.106000 0.000000 64.320000 0.000000 0.000000 0.000000
    234 -0.926674 6.416837 -22.853265 0.646339 -0.676402 -1.701273
    235 0.000000 0.000000 0.000000 0.000000 -0.000036 0.000055
    236 1.688000 -0.001000 -1.454002 0.000000 0.000000 0.000000
    237 -1.070999 -0.005000 0.545002 0.000000 0.000000 0.000000
    238 5.895000 0.750997 -0.156000 0.000000 0.000000 0.000000
    239 11.599999 -0.000003 -1.500002 0.000000 0.000000 0.000000
    240 -3.804688 5.152344 -5.503906 -1.515061 -0.074935 -0.291543
    241 11.239561 -0.000003 -1.579000 0.000000 0.000000 0.000000
    242 4.715539 -0.453142 -2.125019 0.006458 0.233903 -0.290900
    243 0.673937 -0.015635 -4.768713 -3.141592 -1.281051 3.141593
    244 0.094999 -0.144000 0.332001 0.000000 0.000000 0.000000
    245 14.209020 0.000022 0.766988 0.000000 0.000000 0.000000
    246 0.000000 0.000000 0.000000 1.570800 0.000000 -1.570796
  time 11
    0 0.000000 0.000000 0.000000 0.000000 0.000000 -1.570796
    1 -0.106750 -0.000001 -0.000351 0.000000 0.000000 0.000000
    2 0.000000 0.000000 0.000000 0.000000 0.000000 0.000000
    3 -0.904000 0.000000 -11.806000 0.000000 0.000000 0.000000
    4 0.000000 0.000000 -14.313999 1.572085 -1.570793 0.000000
    5 3.533001 0.000000 0.000000 -0.001274 0.000000 0.000000
    6 6.250000 0.000000 0.000000 0.000000 0.000000 0.000000
    7 9.568951 -0.019507 -1.944020 -1.656960 0.698133 -1.697252
    8 9.570313 5.304688 2.056641 -1.552151 -1.032979 1.554747
    9 5.786820 0.002787 -0.000113 -0.861792 0.136042 -0.800377
    10 5.999492 -0.000592 -4.000343 0.000000 0.000000 0.000000
    11 5.787410 0.002582 0.000893 1.220544 -0.764964 -2.142765
    12 5.999492 -0.000592 4.000340 0.000000 0.000000 0.000000
    13 0.500225 0.000133 -0.000084 0.241355 0.000000 0.000000
    14 11.530657 0.000349 -0.001308 -0.000065 -0.000027 -1.056720
    15 -0.829338 0.893824 0.079659 -0.148839 0.047645 0.087266
    16 0.500225 0.000132 0.000072 -0.029939 0.000000 0.000060
    17 11.532495 0.000526 0.003814 0.000006 -0.000010 -0.950391
    18 -0.829586 0.894698 -0.079468 0.045377 -0.019621 0.087266
    19 10.599886 0.000105 -0.000553 -0.450788 0.000000 0.000000
    20 0.182167 -0.302525 -0.000805 0.000024 0.000047 0.528315
    21 11.042053 0.003717 0.000798 -0.876381 0.059536 0.259867
    22 -11.814724 0.424524 -0.297680 0.247998 -0.066121 -0.042695
    23 10.599878 0.000105 0.000549 0.496939 -0.000012 0.000048
    24 0.143101 -0.279088 0.000801 0.000000 -0.000011 0.475188
    25 11.041739 0.003170 -0.000568 0.395530 0.325131 -0.630008
    26 -11.663242 0.094713 0.140656 -0.068591 0.018527 -0.015099
    27 0.610300 -0.939470 0.070347 -1.655245 -0.140067 -0.175592
    28 0.639938 -0.199121 0.060192 -1.665909 -0.131332 -0.066423
    29 0.600155 1.080260 -0.339535 -1.833184 0.226098 0.060885
    30 0.610207 0.400743 -0.010098 -1.801583 0.064234 0.017728
    31 0.630809 -0.690091 -0.232343 0.449334 0.205923 -1.015033
    32 -0.792125 0.203736 0.461304 1.439074 -0.003453 -0.018305
    33 0.610300 -0.939469 -0.070354 1.655295 0.140031 -0.175640
    34 0.639938 -0.199121 -0.060200 1.665960 0.131392 -0.066411
    35 0.600157 1.080260 0.339531 1.741524 -0.203987 0.075913
    36 0.610205 0.400743 0.010086 1.761892 -0.015373 0.028047
    37 0.627906 -0.691394 0.232270 -1.014522 -0.861429 -0.665957
    38 -0.626031 -0.069982 -0.080517 -1.447153 0.086151 0.021559
    39 2.621377 -0.002532 -0.001438 -0.159515 0.050707 0.253915
    40 2.660837 0.000397 -0.000071 -0.049920 0.180959 0.553271
    41 2.202488 0.003364 -0.002863 -0.198848 0.210553 0.518331
    42 0.599950 0.959236 -0.300102 -0.174544 0.000000 0.000000
    43 2.557190 -0.001967 0.002453 -0.124253 0.160055 0.663153
    44 2.098929 0.000032 -0.002193 -0.446159 0.162310 0.339943
    45 0.999378 -0.000238 -1.107804 0.000000 0.000000 0.000000
    46 -0.122641 -0.721855 0.661686 -0.486644 0.223964 0.243056
    47 2.622112 -0.000648 0.002741 -0.053062 0.086883 -0.048142
    48 2.657909 0.000687 -0.000533 0.200353 0.214659 1.264692
    49 2.200014 0.001663 0.000836 0.236792 0.017724 1.474087
    50 0.599949 0.959244 0.300102 0.174544 0.000000 0.000000
    51 2.556571 -0.000385 0.000554 0.236773 0.177161 1.399512
    52 2.103853 0.001708 -0.001011 0.124883 -0.418714 0.876979
    53 0.999376 -0.000240 1.490624 0.000024 -0.000012 0.946888
    54 0.310848 -0.606446 -0.498005 0.308107 -0.197598 0.313975
    55 1.869163 -0.000835 -0.000994 -0.000007 0.000003 0.511919
    56 1.200941 0.399582 -0.000237 -0.009465 0.016087 0.007127
    57 0.000586 0.100342 -0.000319 -0.120035 -0.021926 -0.209617
    58 -0.161663 0.051712 0.194808 -2.941982 0.122408 -0.060194
    59 2.010090 -0.003202 -0.003377 0.000006 0.000001 1.053268
    60 0.000237 0.099800 -0.000395 -0.018823 0.010833 -0.239219
    61 -0.203197 0.048607 0.069150 -3.093332 0.033217 -0.046722
    62 1.180426 -0.002312 0.000781 -0.000002 0.000012 1.518658
    63 -0.000196 0.099625 -0.000034 0.000000 0.000000 -0.314102
    64 -0.088737 -0.688435 -0.145203 2.930407 -0.136130 0.513013
    65 1.712069 -0.003328 0.003818 -0.017727 0.010562 1.139833
    66 -0.000576 0.100143 -0.000311 -0.010914 0.023131 -0.260843
    67 -0.146027 -0.232426 -0.014225 3.028455 -0.094299 0.113020
    68 1.290634 0.000361 -0.000036 0.000000 0.000000 -0.172021
    69 -0.658119 -0.003576 0.072643 -0.142711 0.027792 -0.077299
    70 1.868078 -0.003049 0.002177 0.000039 -0.000033 1.450101
    71 1.200075 0.399942 -0.000093 0.009465 -0.016087 0.007127
    72 0.000589 0.100342 0.000319 0.120035 0.021926 -0.209617
    73 0.068073 0.002283 -0.080050 3.111376 -0.069366 -0.060847
    74 2.011874 -0.001179 0.002180 -0.000013 -0.000073 1.378946
    75 0.000233 0.099800 0.000395 0.018823 -0.010833 -0.239219
    76 -0.018673 -0.001009 0.047544 3.109244 0.002635 -0.106673
    77 1.178665 0.001595 0.000845 0.000006 -0.000001 0.743962
    78 -0.000196 0.099628 0.000034 0.000000 0.000000 -0.314102
    79 0.036894 -0.634449 0.266284 -2.801062 0.174301 0.490915
    80 1.708256 -0.002504 -0.000686 -0.000022 0.000011 1.160590
    81 -0.000580 0.100140 0.000311 0.010910 -0.023132 -0.260845
    82 -0.003952 -0.281811 0.115047 -3.059162 0.089004 0.167964
    83 1.289625 0.000042 0.000061 0.000010 0.000002 0.672669
    84 -0.171526 -0.018150 -0.099873 0.013484 -0.062184 -0.011781
    85 0.916622 0.003336 0.001326 0.000007 0.000009 0.412311
    86 -0.342617 0.053402 -0.025571 -2.909301 -0.017248 0.075276
    87 1.100231 -0.000928 -0.002434 0.000009 0.000002 0.515132
    88 -0.384979 0.331001 0.006848 -3.087207 -0.018765 -0.184278
    89 0.678146 0.002286 -0.003905 -0.000006 -0.000007 0.127747
    90 -0.123848 0.072738 0.029507 2.898184 -0.060627 0.094835
    91 1.017166 -0.000154 -0.000252 -0.000011 -0.000002 0.207244
    92 -0.344990 0.123129 0.143151 2.994981 0.012396 0.059140
    93 -0.730989 0.177046 0.039141 -0.123731 0.076518 -0.084310
    94 0.921993 0.001298 -0.000896 -0.000050 0.000001 0.471806
    95 -0.124023 -0.052090 0.038495 3.077813 -0.008519 0.039229
    96 1.100433 -0.003552 0.000502 -0.000054 0.000030 0.545699
    97 -0.330082 0.160639 0.042780 3.128073 0.034033 -0.171236
    98 0.679764 0.001532 0.003272 0.000002 0.000003 0.674786
    99 -0.019512 -0.016531 0.038578 -2.763781 0.050305 0.076829
    100 1.019531 -0.000005 -0.000001 0.000000 0.000000 0.497026
    101 -0.155308 0.130644 -0.021921 -3.022466 0.022433 -0.024902
    102 -0.252207 0.061937 -0.024914 -0.007671 -0.063171 -0.044392
    103 -0.085995 0.185205 -0.015180 -2.937063 -0.113970 -0.138991
    104 -0.286533 0.179852 0.024264 -3.109353 -0.049645 -0.029914
    105 -0.019482 0.147083 0.079203 2.893815 0.038585 -0.060594
    106 -0.046482 0.251896 0.129548 3.016165 0.077112 -0.042864
    107 0.039124 -0.040295 0.047739 3.084219 0.030470 -0.037414
    108 -0.233757 0.066630 0.001754 -3.133087 0.040141 -0.065412
    109 0.044266 0.020131 0.001684 -2.778763 -0.118872 -0.040488
    110 0.071495 0.074128 -0.048302 -3.035917 -0.059482 0.104366
    111 0.000000 0.000000 0.000000 0.000000 0.000000 -1.570796
    112 -4.351695 -7.511948 -8.578387 0.670361 -0.685912 -1.713918
    113 0.000000 0.000000 0.000000 0.000000 0.000000 0.000000
    114 -5.293130 -15.715323 -2.246162 0.669700 -0.684455 -1.714091
    115 3.096000 0.000000 -1.996000 0.000000 0.000000 0.000000
    116 3.040999 0.000000 1.202000 0.000000 0.000000 0.000000
    117 7.854000 0.000000 -0.042000 0.000000 0.000000 -0.000027
    118 13.105999 0.000000 -0.006000 0.000000 0.000000 0.000027
    119 3.456000 0.000000 -1.084000 0.000000 0.000000 0.000013
    120 1.804000 0.000000 -1.025000 0.000000 0.000000 0.000000
    121 7.098000 0.000000 -1.084000 0.000000 0.000000 0.000000
    122 1.868000 1.809000 -1.975000 -2.218442 -0.017124 -0.465675
    123 3.740000 0.000000 1.273000 0.000000 0.000000 0.000013
    124 11.956999 0.000000 -0.006000 0.000000 0.000000 0.000027
    125 6.072001 0.000000 -1.238000 0.000000 0.000000 0.000000
    126 5.690000 -0.365000 0.068000 -0.000040 -0.349041 -1.570749
    127 6.396999 0.614000 0.428000 0.000000 0.000000 -0.000027
    128 3.040999 0.000000 1.202000 0.000000 0.000000 0.000000
    129 3.720000 0.000000 1.202000 0.000000 0.000000 0.000000
    130 1.086000 -0.661000 -0.149000 0.000000 0.000000 0.000000
    131 1.067000 0.589000 0.076000 0.000000 0.000000 0.000000
    132 0.000000 -0.019000 0.000000 0.000000 0.000000 0.000000
    133 0.000000 -0.019000 0.000000 0.000000 0.000000 0.000000
    134 3.300000 -0.019000 1.346000 0.000000 0.000000 0.000000
    135 -1.524000 -1.859000 -4.367000 -1.730250 -0.014891 0.208056
    136 7.283999 0.000000 -2.195000 0.000000 0.000000 -0.000027
    137 -1.323000 0.000000 0.184000 0.000000 0.000000 0.000000
    138 0.082000 0.000000 1.002000 0.000000 0.000000 0.000000
    139 -53.246459 -20.641255 -28.027798 -0.731298 0.618530 -0.347689
    140 0.478000 0.000000 -4.537000 0.000000 0.000000 -0.000013
    141 3.436000 0.000000 1.202000 0.000000 0.000000 0.000000
    142 3.040999 0.000000 1.202000 0.000000 0.000000 0.000000
    143 4.657000 0.000000 1.545000 0.000000 0.000000 -0.000013
    144 -0.403000 0.000000 -0.011000 0.000000 0.000000 0.000000
    145 1.781000 0.000000 0.873000 0.000000 0.000000 0.000000
    146 0.384000 0.715000 0.801000 0.000000 0.000000 0.000000
    147 1.795000 0.533000 -1.550000 0.000000 0.000000 0.000000
    148 4.435999 0.595000 -0.954000 0.000000 0.000000 0.000000
    149 4.401999 -0.614000 -1.630000 0.000000 0.000000 0.000000
    150 4.203000 -0.003000 -0.048000 0.000000 0.000000 0.000000
    151 5.136000 0.000000 1.534000 0.000000 0.000000 -0.000027
    152 11.957001 0.000000 -0.006000 0.000000 0.000000 0.000027
    153 -2.103001 0.000000 0.000000 0.000000 0.000000 0.000000
    154 -0.598001 0.000000 -0.011000 0.000000 0.000000 -0.000013
    155 0.496000 0.184000 -3.523000 0.000000 0.000000 0.000000
    156 0.147000 0.184000 -0.328000 0.000000 0.000000 0.000000
    157 0.147000 0.184000 0.023000 0.000000 0.000000 0.000000
    158 0.147000 0.184000 0.368000 0.000000 0.000000 0.000000
    159 0.147000 0.184000 0.717000 0.000000 0.000000 0.000000
    160 0.147000 0.184000 1.067000 0.000000 0.000000 0.000000
    161 0.148000 0.184000 1.414000 0.000000 0.000000 0.000000
    162 0.148000 -0.074000 1.640000 0.000000 0.000000 0.000000
    163 0.435000 0.184000 -3.179000 0.000000 0.000000 0.000000
    164 0.378000 0.184000 -2.826000 0.000000 0.000000 0.000000
    165 0.329000 0.184000 -2.477000 0.000000 0.000000 0.000000
    166 0.286000 0.184000 -2.127000 0.000000 0.000000 0.000000
    167 0.252000 0.184000 -1.775000 0.000000 0.000000 0.000000
    168 0.215000 0.184000 -1.417000 0.000000 0.000000 0.000000
    169 0.190000 0.184000 -1.064000 0.000000 0.000000 0.000000
    170 0.166000 0.184000 -0.714000 0.000000 0.000000 0.000000
    171 1.622000 0.000000 1.568000 0.000000 0.000000 0.000013
    172 2.240000 0.000000 1.568000 0.000000 0.000000 0.000013
    173 0.000000 0.000000 0.000000 0.000000 0.000000 0.000000
    174 0.000006 -0.006207 -4.863281 -3.140338 -0.002958 -3.128596
    175 1.000088 -0.000029 0.000000 0.000000 0.000000 0.000000
    176 17.162518 -0.000404 0.000000 0.000000 0.000000 0.119207
    177 17.749374 0.295515 0.000000 0.000000 0.000000 -1.158917
    178 5.413528 0.000347 0.000000 0.000000 0.000000 -0.518029
    179 0.017887 0.299792 0.000000 0.000000 0.000000 -0.059577
    180 9.999889 -0.000303 0.000000 0.000000 0.000000 0.000000
    181 0.000004 0.006218 4.863281 -3.140338 -0.002958 -3.128596
    182 1.000088 -0.000029 0.000000 0.000000 0.000000 0.000000
    183 12.283573 1.581455 -4.695999 1.462269 -0.086726 0.090185
    184 17.162518 -0.000404 0.000000 0.000000 0.000000 0.119207
    185 17.749374 0.295515 0.000000 0.000000 0.000000 -1.158919
    186 5.413528 0.000347 0.000000 0.000000 0.000000 -0.518029
    187 0.017887 0.299792 0.000000 0.000000 0.000000 -0.059571
    188 9.499836 0.000212 0.000000 0.000000 0.000000 0.000000
    189 -1.145525 0.000130 0.000671 0.000000 0.000000 0.000000
    190 -0.857691 0.104071 0.104687 0.023536 0.163924 0.013632
    191 3.999430 -0.000528 -0.000332 -0.450813 0.000000 0.000000
    192 0.599499 0.400698 0.000236 0.000000 0.000000 0.000000
    193 0.599886 0.400186 -0.000027 0.000000 0.000000 0.000000
    194 2.299677 -2.499979 -0.599480 0.891926 0.221475 -0.527217
    195 -1.599967 -0.712842 -5.898566 2.735002 -0.324688 -0.405435
    196 -9.580679 -27.862108 -37.184677 0.812879 -0.123459 -0.568477
    197 0.649935 -0.548296 0.093658 -1.665913 -0.131399 -0.112062
    198 1.899127 0.000427 -0.000439 0.027386 -0.033311 0.477848
    199 0.657078 0.008400 0.040375 -1.665945 -0.131407 -0.000013
    200 1.799664 -0.000240 0.000231 0.027386 -0.033311 0.477848
    201 1.799664 -0.000240 0.000231 0.027386 -0.033311 0.477848
    202 1.799664 -0.000240 0.000231 0.027386 -0.033311 0.477848
    203 0.665774 0.747222 -0.029186 -1.665935 -0.131408 0.094976
    204 1.900306 -0.000137 -0.000517 0.027386 -0.033311 0.477848
    205 6.572219 -0.120080 5.528342 3.891739 1.473872 -6.235261
    206 3.999897 0.000040 0.001007 0.249025 0.000000 0.000000
    207 0.600403 0.399632 -0.000469 0.000000 0.000000 3.141497
    208 0.599890 0.400186 0.000031 0.000000 0.000000 3.141497
    209 2.300137 -2.499413 0.600155 -0.891899 -0.221535 -0.527242
    210 12.103249 -3.649587 -1.238105 1.733585 0.203059 0.048157
    211 2.762354 0.116951 1.523975 1.629482 0.064153 1.743800
    212 7.228317 7.928200 -3.925652 2.328713 0.123459 -0.568477
    213 0.650396 -0.547731 -0.092976 1.665913 0.131399 -0.112062
    214 1.899441 -0.000320 -0.000150 -0.027386 0.033311 0.477848
    215 0.657068 0.008398 -0.040379 1.665945 0.131407 -0.000013
    216 1.799659 -0.000233 -0.000233 -0.027386 0.033311 0.477848
    217 1.799659 -0.000233 -0.000233 -0.027386 0.033311 0.477848
    218 1.799659 -0.000233 -0.000233 -0.027386 0.033311 0.477848
    219 0.665778 0.747222 0.029179 1.665935 0.131408 0.094976
    220 1.900722 0.000549 -0.000072 -0.027386 0.033311 0.477848
    221 4.530998 0.000000 0.000000 0.000000 0.000000 0.000000
    222 4.527344 0.000000 0.000000 0.000000 0.000000 0.000000
    223 0.000000 0.000000 0.000000 0.000000 0.000000 0.000000
    224 0.000000 0.000000 0.000000 0.000000 0.000000 0.000000
    225 4.000000 -6.496094 0.008293 -0.001274 0.000001 0.000975
    226 -6.500000 0.000000 0.000000 -1.537381 1.569552 -1.537381
    227 16.707309 -5.288975 9.571737 0.670361 -0.685815 -0.143214
    228 0.280000 -0.135000 2.196999 1.570796 0.000000 -1.570735
    229 0.000000 0.000000 0.000000 0.000000 0.000000 0.000000
    230 0.000000 0.000000 0.000000 -0.000395 0.014513 -0.013674
    231 0.106000 0.000000 -64.320000 0.000000 0.000000 0.000000
    232 0.000000 0.000000 0.000000 0.000000 0.000000 0.000000
    233 -0.106000 0.000000 64.320000 0.000000 0.000000 0.000000
    234 -0.754794 6.252769 -22.751699 0.670364 -0.685892 -1.714109
    235 0.000000 0.000000 0.000000 0.000000 -0.000036 0.000055
    236 1.688000 -0.001000 -1.454002 0.000000 0.000000 0.000000
    237 -1.070999 -0.005000 0.545002 0.000000 0.000000 0.000000
    238 5.895000 0.750997 -0.156000 0.000000 0.000000 0.000000
    239 11.599999 -0.000003 -1.500002 0.000000 0.000000 0.000000
    240 -3.804688 5.152344 -5.503906 -1.515061 -0.074935 -0.291543
    241 11.239561 -0.000003 -1.579000 0.000000 0.000000 0.000000
    242 4.668662 -1.253948 -3.160207 -0.247597 0.489151 -0.765058
    243 0.673937 -0.015635 -4.768713 -3.141592 -1.281051 3.141593
    244 0.094999 -0.144000 0.332001 0.000000 0.000000 0.000000
    245 14.209020 0.000022 0.766988 0.000000 0.000000 0.000000
    246 0.000000 0.000000 0.000000 1.570800 0.000000 -1.570796
  time 12
    0 0.000000 0.000000 0.000000 0.000000 0.000000 -1.570796
    1 -0.106750 -0.000001 -0.000351 0.000000 0.000000 0.000000
    2 0.000000 0.000000 0.000000 0.000000 0.000000 0.000000
    3 -0.904000 0.000000 -11.806000 0.000000 0.000000 0.000000
    4 0.000000 0.000000 -14.313999 1.572085 -1.570793 0.000000
    5 3.533001 0.000000 0.000000 -0.001274 0.000000 0.000000
    6 6.250000 0.000000 0.000000 0.000000 0.000000 0.000000
    7 9.568951 -0.019507 -1.944020 -1.657247 0.693789 -1.698399
    8 9.570313 5.304688 2.056641 -1.552151 -1.032979 1.554747
    9 5.786820 0.002787 -0.000113 -0.866190 0.197553 -0.703653
    10 5.999492 -0.000592 -4.000343 0.000000 0.000000 0.000000
    11 5.787410 0.002582 0.000893 1.218285 -0.758375 -2.142040
    12 5.999492 -0.000592 4.000340 0.000000 0.000000 0.000000
    13 0.500225 0.000133 -0.000084 0.303684 0.000000 0.000000
    14 11.530657 0.000349 -0.001308 -0.000005 0.000009 -1.170717
    15 -0.829338 0.893824 0.079659 -0.148839 0.047645 0.087266
    16 0.500225 0.000132 0.000072 -0.031192 0.000000 0.000024
    17 11.532495 0.000526 0.003814 0.000006 -0.000010 -0.953463
    18 -0.829586 0.894698 -0.079468 0.045377 -0.019621 0.087266
    19 10.599886 0.000105 -0.000553 -0.332876 0.000000 0.000000
    20 0.213418 -0.325964 -0.000805 0.000000 0.000011 0.585321
    21 11.042053 0.003717 0.000798 -0.653288 0.005071 0.222874
    22 -11.814724 0.424524 -0.297680 0.247998 -0.066121 -0.042695
    23 10.599878 0.000105 0.000549 0.513978 -0.000048 -0.000012
    24 0.143101 -0.279088 0.000801 0.000000 -0.000011 0.476767
    25 11.041739 0.003170 -0.000568 0.408401 0.333715 -0.630496
    26 -11.663242 0.094713 0.140656 -0.068591 0.018527 -0.015099
    27 0.610300 -0.939470 0.070347 -1.655245 -0.140067 -0.175592
    28 0.639938 -0.199121 0.060192 -1.665909 -0.131332 -0.066423
    29 0.600155 1.080260 -0.339535 -1.769902 0.092682 0.091338
    30 0.610207 0.400743 -0.010098 -1.775606 -0.017584 0.034183
    31 0.630809 -0.690091 -0.232343 0.297447 0.186686 -1.046727
    32 -0.792125 0.203736 0.461304 1.439074 -0.003453 -0.018305
    33 0.610300 -0.939469 -0.070354 1.655295 0.140031 -0.175640
    34 0.639938 -0.199121 -0.060200 1.665960 0.131392 -0.066411
    35 0.600157 1.080260 0.339531 1.741524 -0.203987 0.075913
    36 0.610205 0.400743 0.010086 1.761892 -0.015373 0.028047
    37 0.627906 -0.691394 0.232270 -1.014522 -0.861429 -0.665957
    38 -0.626031 -0.069982 -0.080517 -1.447153 0.086151 0.021559
    39 2.621377 -0.002532 -0.001438 0.119469 0.010977 0.113241
    40 2.660837 0.000397 -0.000071 -0.024616 0.024685 0.468111
    41 2.202488 0.003364 -0.002863 -0.375546 -0.134640 0.705062
    42 0.599950 0.959236 -0.300102 -0.174544 0.000000 0.000000
    43 2.557190 -0.001967 0.002453 -0.097760 -0.020318 0.608469
    44 2.098929 0.000032 -0.002193 -0.356075 0.125758 0.370130
    45 0.999378 -0.000238 -1.096085 0.000000 0.000000 0.000000
    46 -0.122641 -0.721855 0.661686 -0.486644 0.223964 0.243056
    47 2.622112 -0.000648 0.002741 -0.053062 0.086883 -0.048142
    48 2.657909 0.000687 -0.000533 0.200353 0.214659 1.264692
    49 2.200014 0.001663 0.000836 0.236792 0.017724 1.474087
    50 0.599949 0.959244 0.300102 0.174544 0.000000 0.000000
    51 2.556571 -0.000385 0.000554 0.236773 0.177161 1.399512
    52 2.103853 0.001708 -0.001011 0.124883 -0.418714 0.876979
    53 0.999376 -0.000240 1.490624 0.000024 -0.000012 0.946888
    54 0.310848 -0.606446 -0.498005 0.308107 -0.197598 0.313975
    55 1.869163 -0.000835 -0.000994 -0.000067 0.000015 0.460880
    56 1.200941 0.399582 -0.000237 -0.009465 0.016087 0.007127
    57 0.000586 0.100342 -0.000319 -0.120035 -0.021926 -0.209617
    58 -0.161663 0.051712 0.194808 -2.941982 0.122408 -0.060194
    59 2.010090 -0.003202 -0.003377 -0.000030 0.000084 0.588228
    60 0.000237 0.099800 -0.000395 -0.018823 0.010833 -0.239219
    61 -0.203197 0.048607 0.069150 -3.093332 0.033217 -0.046722
    62 1.180426 -0.002312 0.000781 -0.000002 0.000000 0.768594
    63 -0.000196 0.099625 -0.000034 0.000000 0.000000 -0.314102
    64 -0.088737 -0.688435 -0.145203 2.930407 -0.136130 0.513013
    65 1.712069 -0.003328 0.003818 -0.006185 0.003683 0.543650
    66 -0.000576 0.100143 -0.000311 -0.010914 0.023131 -0.260843
    67 -0.146027 -0.232426 -0.014225 3.028455 -0.094299 0.113020
    68 1.290634 0.000361 -0.000036 -0.000060 0.000000 -0.177223
    69 -0.658119 -0.003576 0.072643 -0.142711 0.027792 -0.077299
    70 1.868078 -0.003049 0.002177 0.000027 -0.000033 1.450101
    71 1.200075 0.399942 -0.000093 0.009465 -0.016087 0.007127
    72 0.000589 0.100342 0.000319 0.120035 0.021926 -0.209617
    73 0.068073 0.002283 -0.080050 3.111376 -0.069366 -0.060847
    74 2.011874 -0.001179 0.002180 -0.000025 -0.000073 1.378946
    75 0.000233 0.099800 0.000395 0.018823 -0.010833 -0.239219
    76 -0.018673 -0.001009 0.047544 3.109244 0.002635 -0.106673
    77 1.178665 0.001595 0.000845 0.000006 -0.000001 0.743937
    78 -0.000196 0.099628 0.000034 0.000000 0.000000 -0.314102
    79 0.036894 -0.634449 0.266284 -2.801062 0.174301 0.490915
    80 1.708256 -0.002504 -0.000686 -0.000022 0.000011 1.160590
    81 -0.000580 0.100140 0.000311 0.010910 -0.023132 -0.260845
    82 -0.003952 -0.281811 0.115047 -3.059162 0.089004 0.167964
    83 1.289625 0.000042 0.000061 0.000010 0.000002 0.672669
    84 -0.171526 -0.018150 -0.099873 0.013484 -0.062184 -0.011781
    85 0.916622 0.003336 0.001326 0.000066 -0.000003 0.165187
    86 -0.342617 0.053402 -0.025571 -2.909301 -0.017248 0.075276
    87 1.100231 -0.000928 -0.002434 0.000009 0.000002 0.212802
    88 -0.384979 0.331001 0.006848 -3.087207 -0.018765 -0.184278
    89 0.678146 0.002286 -0.003905 -0.000006 -0.000007 0.087886
    90 -0.123848 0.072738 0.029507 2.898184 -0.060627 0.094835
    91 1.017166 -0.000154 -0.000252 -0.000011 -0.000002 0.117347
    92 -0.344990 0.123129 0.143151 2.994981 0.012396 0.059140
    93 -0.730989 0.177046 0.039141 -0.123731 0.076518 -0.084310
    94 0.921993 0.001298 -0.000896 -0.000050 0.000001 0.471806
    95 -0.124023 -0.052090 0.038495 3.077813 -0.008519 0.039229
    96 1.100433 -0.003552 0.000502 -0.000042 0.000030 0.545699
    97 -0.330082 0.160639 0.042780 3.128073 0.034033 -0.171236
    98 0.679764 0.001532 0.003272 0.000002 0.000003 0.674786
    99 -0.019512 -0.016531 0.038578 -2.763781 0.050305 0.076829
    100 1.019531 -0.000005 -0.000001 0.000000 0.000000 0.497026
    101 -0.155308 0.130644 -0.021921 -3.022466 0.022433 -0.024902
    102 -0.252207 0.061937 -0.024914 -0.007671 -0.063171 -0.044392
    103 -0.085995 0.185205 -0.015180 -2.937063 -0.113970 -0.138991
    104 -0.286533 0.179852 0.024264 -3.109353 -0.049645 -0.029914
    105 -0.019482 0.147083 0.079203 2.893815 0.038585 -0.060594
    106 -0.046482 0.251896 0.129548 3.016165 0.077112 -0.042864
    107 0.039124 -0.040295 0.047739 3.084219 0.030470 -0.037414
    108 -0.233757 0.066630 0.001754 -3.133087 0.040141 -0.065412
    109 0.044266 0.020131 0.001684 -2.778763 -0.118872 -0.040488
    110 0.071495 0.074128 -0.048302 -3.035917 -0.059482 0.104366
    111 0.000000 0.000000 0.000000 0.000000 0.000000 -1.570796
    112 -4.418104 -7.515854 -8.465102 0.690370 -0.691554 -1.721750
    113 0.000000 0.000000 0.000000 0.000000 0.000000 0.000000
    114 -5.406415 -15.656728 -2.066469 0.690164 -0.691432 -1.721829
    115 3.096000 0.000000 -1.996000 0.000000 0.000000 0.000000
    116 3.040999 0.000000 1.202000 0.000000 0.000000 0.000000
    117 7.854000 0.000000 -0.042000 0.000000 0.000000 -0.000027
    118 13.105999 0.000000 -0.006000 0.000000 0.000000 0.000027
    119 3.456000 0.000000 -1.084000 0.000000 0.000000 0.000013
    120 1.804000 0.000000 -1.025000 0.000000 0.000000 0.000000
    121 7.098000 0.000000 -1.084000 0.000000 0.000000 0.000000
    122 1.868000 1.809000 -1.975000 -2.218442 -0.017124 -0.465675
    123 3.740000 0.000000 1.273000 0.000000 0.000000 0.000013
    124 11.956999 0.000000 -0.006000 0.000000 0.000000 0.000027
    125 6.072001 0.000000 -1.238000 0.000000 0.000000 0.000000
    126 5.690000 -0.365000 0.068000 -0.000040 -0.349041 -1.570749
    127 6.396999 0.614000 0.428000 0.000000 0.000000 -0.000027
    128 3.040999 0.000000 1.202000 0.000000 0.000000 0.000000
    129 3.720000 0.000000 1.202000 0.000000 0.000000 0.000000
    130 1.086000 -0.661000 -0.149000 0.000000 0.000000 0.000000
    131 1.067000 0.589000 0.076000 0.000000 0.000000 0.000000
    132 0.000000 -0.019000 0.000000 0.000000 0.000000 0.000000
    133 0.000000 -0.019000 0.000000 0.000000 0.000000 0.000000
    134 3.300000 -0.019000 1.346000 0.000000 0.000000 0.000000
    135 -1.524000 -1.859000 -4.367000 -1.730250 -0.014891 0.208056
    136 7.283999 0.000000 -2.195000 0.000000 0.000000 -0.000027
    137 -1.323000 0.000000 0.184000 0.000000 0.000000 0.000000
    138 0.082000 0.000000 1.002000 0.000000 0.000000 0.000000
    139 -53.543344 -21.149083 -27.434030 -0.752098 0.620942 -0.358702
    140 0.478000 0.000000 -4.537000 0.000000 0.000000 -0.000013
    141 3.436000 0.000000 1.202000 0.000000 0.000000 0.000000
    142 3.040999 0.000000 1.202000 0.000000 0.000000 0.000000
    143 4.657000 0.000000 1.545000 0.000000 0.000000 -0.000013
    144 -0.403000 0.000000 -0.011000 0.000000 0.000000 0.000000
    145 1.781000 0.000000 0.873000 0.000000 0.000000 0.000000
    146 0.384000 0.715000 0.801000 0.000000 0.000000 0.000000
    147 1.795000 0.533000 -1.550000 0.000000 0.000000 0.000000
    148 4.435999 0.595000 -0.954000 0.000000 0.000000 0.000000
    149 4.401999 -0.614000 -1.630000 0.000000 0.000000 0.000000
    150 4.203000 -0.003000 -0.048000 0.000000 0.000000 0.000000
    151 5.136000 0.000000 1.534000 0.000000 0.000000 -0.000027
    152 11.957001 0.000000 -0.006000 0.000000 0.000000 0.000027
    153 -2.103001 0.000000 0.000000 0.000000 0.000000 0.000000
    154 -0.598001 0.000000 -0.011000 0.000000 0.000000 -0.000013
    155 0.496000 0.184000 -3.523000 0.000000 0.000000 0.000000
    156 0.147000 0.184000 -0.328000 0.000000 0.000000 0.000000
    157 0.147000 0.184000 0.023000 0.000000 0.000000 0.000000
    158 0.147000 0.184000 0.368000 0.000000 0.000000 0.000000
    159 0.147000 0.184000 0.717000 0.000000 0.000000 0.000000
    160 0.147000 0.184000 1.067000 0.000000 0.000000 0.000000
    161 0.148000 0.184000 1.414000 0.000000 0.000000 0.000000
    162 0.148000 -0.074000 1.640000 0.000000 0.000000 0.000000
    163 0.435000 0.184000 -3.179000 0.000000 0.000000 0.000000
    164 0.378000 0.184000 -2.826000 0.000000 0.000000 0.000000
    165 0.329000 0.184000 -2.477000 0.000000 0.000000 0.000000
    166 0.286000 0.184000 -2.127000 0.000000 0.000000 0.000000
    167 0.252000 0.184000 -1.775000 0.000000 0.000000 0.000000
    168 0.215000 0.184000 -1.417000 0.000000 0.000000 0.000000
    169 0.190000 0.184000 -1.064000 0.000000 0.000000 0.000000
    170 0.166000 0.184000 -0.714000 0.000000 0.000000 0.000000
    171 1.622000 0.000000 1.568000 0.000000 0.000000 0.000013
    172 2.240000 0.000000 1.568000 0.000000 0.000000 0.000013
    173 0.000000 0.000000 0.000000 0.000000 0.000000 0.000000
    174 0.000006 -0.006207 -4.863281 -3.140338 -0.002958 -3.128596
    175 1.000088 -0.000029 0.000000 0.000000 0.000000 0.000000
    176 17.162518 -0.000404 0.000000 0.000000 0.000000 0.119207
    177 17.749374 0.295515 0.000000 0.000000 0.000000 -1.158917
    178 5.413528 0.000347 0.000000 0.000000 0.000000 -0.518029
    179 0.017887 0.299792 0.000000 0.000000 0.000000 -0.059577
    180 9.999889 -0.000303 0.000000 0.000000 0.000000 0.000000
    181 0.000004 0.006218 4.863281 -3.140338 -0.002958 -3.128596
    182 1.000088 -0.000029 0.000000 0.000000 0.000000 0.000000
    183 12.283573 1.581455 -4.695999 1.462269 -0.086726 0.090185
    184 17.162518 -0.000404 0.000000 0.000000 0.000000 0.119207
    185 17.749374 0.295515 0.000000 0.000000 0.000000 -1.158919
    186 5.413528 0.000347 0.000000 0.000000 0.000000 -0.518029
    187 0.017887 0.299792 0.000000 0.000000 0.000000 -0.059571
    188 9.499836 0.000212 0.000000 0.000000 0.000000 0.000000
    189 -1.145525 0.000130 0.000671 0.000000 0.000000 0.000000
    190 -0.857691 0.104071 0.104687 0.023536 0.163924 0.013632
    191 3.999430 -0.000528 -0.000332 -0.332941 0.000000 0.000000
    192 0.599499 0.400698 0.000236 0.000000 0.000000 0.000000
    193 0.599886 0.400186 -0.000027 0.000000 0.000000 0.000000
    194 2.299677 -2.499979 -0.599480 0.891926 0.221475 -0.527217
    195 -0.599936 -2.486334 -6.566555 2.504909 -0.358783 -0.232229
    196 -9.580679 -27.862108 -37.184677 0.812879 -0.123459 -0.568477
    197 0.649935 -0.548296 0.093658 -1.665913 -0.131399 -0.112062
    198 1.899127 0.000427 -0.000439 0.027386 -0.033311 0.477848
    199 0.657078 0.008400 0.040375 -1.665945 -0.131407 -0.000013
    200 1.799664 -0.000240 0.000231 0.027386 -0.033311 0.477848
    201 1.799664 -0.000240 0.000231 0.027386 -0.033311 0.477848
    202 1.799664 -0.000240 0.000231 0.027386 -0.033311 0.477848
    203 0.665774 0.747222 -0.029186 -1.665935 -0.131408 0.094976
    204 1.900306 -0.000137 -0.000517 0.027386 -0.033311 0.477848
    205 6.568313 -0.092736 5.536155 3.886469 1.472681 -6.236315
    206 3.999897 0.000040 0.001007 0.257675 0.000000 0.000000
    207 0.600403 0.399632 -0.000469 0.000000 0.000000 -3.141592
    208 0.599890 0.400186 0.000031 0.000000 0.000000 -3.141496
    209 2.300137 -2.499413 0.600155 -0.891899 -0.221535 -0.527242
    210 12.103249 -3.649587 -1.238105 1.733585 0.203059 0.048157
    211 2.762354 0.116951 1.523975 1.629482 0.064153 1.743800
    212 7.228317 7.928200 -3.925652 2.328713 0.123459 -0.568477
    213 0.650396 -0.547731 -0.092976 1.665913 0.131399 -0.112062
    214 1.899441 -0.000320 -0.000150 -0.027386 0.033311 0.477848
    215 0.657068 0.008398 -0.040379 1.665945 0.131407 -0.000013
    216 1.799659 -0.000233 -0.000233 -0.027386 0.033311 0.477848
    217 1.799659 -0.000233 -0.000233 -0.027386 0.033311 0.477848
    218 1.799659 -0.000233 -0.000233 -0.027386 0.033311 0.477848
    219 0.665778 0.747222 0.029179 1.665935 0.131408 0.094976
    220 1.900722 0.000549 -0.000072 -0.027386 0.033311 0.477848
    221 4.530998 0.000000 0.000000 0.000000 0.000000 0.000000
    222 4.527344 0.000000 0.000000 0.000000 0.000000 0.000000
    223 0.000000 0.000000 0.000000 0.000000 0.000000 0.000000
    224 0.000000 0.000000 0.000000 0.000000 0.000000 0.000000
    225 4.000000 -6.496094 0.008293 -0.001274 0.000001 0.000975
    226 -6.500000 0.000000 0.000000 -1.537381 1.569552 -1.537381
    227 16.668246 -5.406166 9.735805 0.690370 -0.691457 -0.150953
    228 0.280000 -0.135000 2.196999 1.570796 0.000000 -1.570735
    229 0.000000 0.000000 0.000000 0.000000 0.000000 0.000000
    230 0.000000 0.000000 0.000000 0.009120 0.018205 -0.010343
    231 0.106000 0.000000 -64.320000 0.000000 0.000000 0.000000
    232 0.000000 0.000000 0.000000 0.000000 0.000000 0.000000
    233 -0.106000 0.000000 64.320000 0.000000 0.000000 0.000000
    234 -0.684479 6.155110 -22.693104 0.690371 -0.691518 -1.721868
    235 0.000000 0.000000 0.000000 0.000000 -0.000036 0.000055
    236 1.688000 -0.001000 -1.454002 0.000000 0.000000 0.000000
    237 -1.070999 -0.005000 0.545002 0.000000 0.000000 0.000000
    238 5.895000 0.750997 -0.156000 0.000000 0.000000 0.000000
    239 11.599999 -0.000003 -1.500002 0.000000 0.000000 0.000000
    240 -3.804688 5.152344 -5.503906 -1.515061 -0.074935 -0.291543
    241 11.239561 -0.000003 -1.579000 0.000000 0.000000 0.000000
    242 4.332714 -2.242259 -4.468841 -0.501652 0.661816 -1.101514
    243 0.673937 -0.015635 -4.768713 -3.141592 -1.281051 3.141593
    244 0.094999 -0.144000 0.332001 0.000000 0.000000 0.000000
    245 14.209020 0.000022 0.766988 0.000000 0.000000 0.000000
    246 0.000000 0.000000 0.000000 1.570800 0.000000 -1.570796
  time 13
    0 0.000000 0.000000 0.000000 0.000000 0.000000 -1.570796
    1 -0.106750 -0.000001 -0.000351 0.000000 0.000000 0.000000
    2 0.000000 0.000000 0.000000 0.000000 0.000000 0.000000
    3 -0.904000 0.000000 -11.806000 0.000000 0.000000 0.000000
    4 0.000000 0.000000 -14.313999 1.572085 -1.570793 0.000000
    5 3.533001 0.000000 0.000000 -0.001274 0.000000 0.000000
    6 6.250000 0.000000 0.000000 0.000000 0.000000 0.000000
    7 9.568951 -0.019507 -1.944020 -1.657247 0.693789 -1.698399
    8 9.570313 5.304688 2.056641 -1.552151 -1.032979 1.554747
    9 5.786820 0.002787 -0.000113 -0.857873 0.465178 -0.342324
    10 5.999492 -0.000592 -4.000343 0.000000 0.000000 0.000000
    11 5.787410 0.002582 0.000893 1.216208 -0.758751 -2.137329
    12 5.999492 -0.000592 4.000340 0.000000 0.000000 0.000000
    13 0.500225 0.000133 -0.000084 0.528250 0.000000 0.000000
    14 11.530657 0.000349 -0.001308 -0.000005 0.000009 -1.396408
    15 -0.829338 0.893824 0.079659 -0.148839 0.047645 0.087266
    16 0.500225 0.000132 0.000072 -0.032511 0.000000 0.000000
    17 11.532495 0.000526 0.003814 0.000030 0.000002 -0.949340
    18 -0.829586 0.894698 -0.079468 0.045377 -0.019621 0.087266
    19 10.599886 0.000105 -0.000553 -0.101687 0.000000 0.000000
    20 0.346235 -0.411904 -0.000805 0.000060 -0.000013 0.698216
    21 11.042053 0.003717 0.000798 -0.216190 0.345879 -0.027790
    22 -11.814724 0.424524 -0.297680 0.247998 -0.066121 -0.042695
    23 10.599878 0.000105 0.000549 0.532678 0.000000 0.000000
    24 0.143101 -0.279088 0.000801 -0.000036 0.000001 0.474671
    25 11.041739 0.003170 -0.000568 0.419641 0.335860 -0.639834
    26 -11.663242 0.094713 0.140656 -0.068591 0.018527 -0.015099
    27 0.610300 -0.939470 0.070347 -1.655245 -0.140067 -0.175592
    28 0.639938 -0.199121 0.060192 -1.665909 -0.131344 -0.066423
    29 0.600155 1.080260 -0.339535 -1.738023 0.020677 0.107349
    30 0.610207 0.400743 -0.010098 -1.762268 -0.061628 0.042884
    31 0.630809 -0.690091 -0.232343 0.215683 0.178968 -1.063869
    32 -0.792125 0.203736 0.461304 1.439074 -0.003453 -0.018305
    33 0.610300 -0.939469 -0.070354 1.655295 0.140031 -0.175640
    34 0.639938 -0.199121 -0.060200 1.665960 0.131392 -0.066411
    35 0.600157 1.080260 0.339531 1.741524 -0.203987 0.075913
    36 0.610205 0.400743 0.010086 1.761892 -0.015373 0.028047
    37 0.627906 -0.691394 0.232270 -1.014522 -0.861429 -0.665957
    38 -0.626031 -0.069982 -0.080517 -1.447153 0.086151 0.021559
    39 2.621377 -0.002532 -0.001438 0.269570 -0.010328 0.037484
    40 2.660837 0.000397 -0.000071 -0.012523 -0.059509 0.422288
    41 2.202488 0.003364 -0.002863 -0.475618 -0.320609 0.805580
    42 0.599950 0.959236 -0.300102 -0.174544 0.000000 0.000000
    43 2.557190 -0.001967 0.002453 -0.093519 -0.117522 0.578941
    44 2.098929 0.000032 -0.002193 -0.307972 0.106004 0.386306
    45 0.999378 -0.000238 -1.084366 0.000000 0.000000 0.000000
    46 -0.122641 -0.721855 0.661686 -0.486644 0.223964 0.243056
    47 2.622112 -0.000648 0.002741 -0.053062 0.086883 -0.048142
    48 2.657909 0.000687 -0.000533 0.200353 0.214659 1.264692
    49 2.200014 0.001663 0.000836 0.236792 0.017724 1.474087
    50 0.599949 0.959244 0.300102 0.174544 0.000000 0.000000
    51 2.556571 -0.000385 0.000554 0.236773 0.177161 1.399512
    52 2.103853 0.001708 -0.001011 0.124883 -0.418714 0.876979
    53 0.999376 -0.000240 1.490624 0.000024 -0.000012 0.946888
    54 0.310848 -0.606446 -0.498005 0.308107 -0.197598 0.313975
    55 1.869163 -0.000835 -0.000994 -0.000007 0.000003 0.433433
    56 1.200941 0.399582 -0.000237 -0.009465 0.016087 0.007127
    57 0.000586 0.100342 -0.000319 -0.120035 -0.021926 -0.209617
    58 -0.161663 0.051712 0.194808 -2.941982 0.122408 -0.060194
    59 2.010090 -0.003202 -0.003377 0.000066 0.000001 0.337851
    60 0.000237 0.099800 -0.000395 -0.018823 0.010833 -0.239219
    61 -0.203197 0.048607 0.069150 -3.093332 0.033217 -0.046722
    62 1.180426 -0.002312 0.000781 -0.000002 0.000000 0.364690
    63 -0.000196 0.099625 -0.000034 0.000000 0.000000 -0.314102
    64 -0.088737 -0.688435 -0.145203 2.930407 -0.136130 0.513013
    65 1.712069 -0.003328 0.003818 -0.000049 0.000063 0.222792
    66 -0.000576 0.100143 -0.000311 -0.010914 0.023131 -0.260843
    67 -0.146027 -0.232426 -0.014225 3.028455 -0.094299 0.113020
    68 1.290634 0.000361 -0.000036 -0.000024 0.000000 -0.176984
    69 -0.658119 -0.003576 0.072643 -0.142711 0.027792 -0.077299
    70 1.868078 -0.003049 0.002177 0.000027 -0.000033 1.450101
    71 1.200075 0.399942 -0.000093 0.009465 -0.016087 0.007127
    72 0.000589 0.100342 0.000319 0.120035 0.021926 -0.209617
    73 0.068073 0.002283 -0.080050 3.111376 -0.069366 -0.060847
    74 2.011874 -0.001179 0.002180 -0.000025 -0.000073 1.378946
    75 0.000233 0.099800 0.000395 0.018823 -0.010833 -0.239219
    76 -0.018673 -0.001009 0.047544 3.109244 0.002635 -0.106673
    77 1.178665 0.001595 0.000845 0.000006 -0.000001 0.743937
    78 -0.000196 0.099628 0.000034 0.000000 0.000000 -0.314102
    79 0.036894 -0.634449 0.266284 -2.801062 0.174301 0.490915
    80 1.708256 -0.002504 -0.000686 -0.000022 0.000011 1.160590
    81 -0.000580 0.100140 0.000311 0.010910 -0.023132 -0.260845
    82 -0.003952 -0.281811 0.115047 -3.059162 0.089004 0.167964
    83 1.289625 0.000042 0.000061 0.000010 0.000002 0.672669
    84 -0.171526 -0.018150 -0.099873 0.013484 -0.062184 -0.011781
    85 0.916622 0.003336 0.001326 0.000007 0.000009 0.032090
    86 -0.342617 0.053402 -0.025571 -2.909301 -0.017248 0.075276
    87 1.100231 -0.000928 -0.002434 -0.000051 0.000002 0.050155
    88 -0.384979 0.331001 0.006848 -3.087207 -0.018765 -0.184278
    89 0.678146 0.002286 -0.003905 -0.000006 -0.000007 -0.001787
    90 -0.123848 0.072738 0.029507 2.898184 -0.060627 0.094835
    91 1.017166 -0.000154 -0.000252 -0.000011 -0.000002 0.068988
    92 -0.344990 0.123129 0.143151 2.994981 0.012396 0.059140
    93 -0.730989 0.177046 0.039141 -0.123731 0.076518 -0.084310
    94 0.921993 0.001298 -0.000896 -0.000050 0.000001 0.471806
    95 -0.124023 -0.052090 0.038495 3.077813 -0.008519 0.039229
    96 1.100433 -0.003552 0.000502 -0.000042 0.000030 0.545699
    97 -0.330082 0.160639 0.042780 3.128073 0.034033 -0.171236
    98 0.679764 0.001532 0.003272 0.000002 0.000003 0.674786
    99 -0.019512 -0.016531 0.038578 -2.763781 0.050305 0.076829
    100 1.019531 -0.000005 -0.000001 0.000000 0.000000 0.497026
    101 -0.155308 0.130644 -0.021921 -3.022466 0.022433 -0.024902
    102 -0.252207 0.061937 -0.024914 -0.007671 -0.063171 -0.044392
    103 -0.085995 0.185205 -0.015180 -2.937063 -0.113970 -0.138991
    104 -0.286533 0.179852 0.024264 -3.109353 -0.049645 -0.029914
    105 -0.019482 0.147083 0.079203 2.893815 0.038585 -0.060594
    106 -0.046482 0.251896 0.129548 3.016165 0.077112 -0.042864
    107 0.039124 -0.040295 0.047739 3.084219 0.030470 -0.037414
    108 -0.233757 0.066630 0.001754 -3.133087 0.040141 -0.065412
    109 0.044266 0.020131 0.001684 -2.778763 -0.118872 -0.040488
    110 0.071495 0.074128 -0.048302 -3.035917 -0.059482 0.104366
    111 0.000000 0.000000 0.000000 0.000000 0.000000 -1.570796
    112 -4.550920 -7.511948 -8.531510 0.703127 -0.694665 -1.724920
    113 0.000000 0.000000 0.000000 0.000000 0.000000 0.000000
    114 -5.554857 -15.645009 -2.117252 0.702609 -0.693846 -1.724813
    115 3.096000 0.000000 -1.996000 0.000000 0.000000 0.000000
    116 3.040999 0.000000 1.202000 0.000000 0.000000 0.000000
    117 7.854000 0.000000 -0.042000 0.000000 0.000000 -0.000027
    118 13.105999 0.000000 -0.006000 0.000000 0.000000 0.000027
    119 3.456000 0.000000 -1.084000 0.000000 0.000000 0.000013
    120 1.804000 0.000000 -1.025000 0.000000 0.000000 0.000000
    121 7.098000 0.000000 -1.084000 0.000000 0.000000 0.000000
    122 1.868000 1.809000 -1.975000 -2.218442 -0.017124 -0.465675
    123 3.740000 0.000000 1.273000 0.000000 0.000000 0.000013
    124 11.956999 0.000000 -0.006000 0.000000 0.000000 0.000027
    125 6.072001 0.000000 -1.238000 0.000000 0.000000 0.000000
    126 5.690000 -0.365000 0.068000 -0.000040 -0.349041 -1.570749
    127 6.396999 0.614000 0.428000 0.000000 0.000000 -0.000027
    128 3.040999 0.000000 1.202000 0.000000 0.000000 0.000000
    129 3.720000 0.000000 1.202000 0.000000 0.000000 0.000000
    130 1.086000 -0.661000 -0.149000 0.000000 0.000000 0.000000
    131 1.067000 0.589000 0.076000 0.000000 0.000000 0.000000
    132 0.000000 -0.019000 0.000000 0.000000 0.000000 0.000000
    133 0.000000 -0.019000 0.000000 0.000000 0.000000 0.000000
    134 3.300000 -0.019000 1.346000 0.000000 0.000000 0.000000
    135 -1.524000 -1.859000 -4.367000 -1.730250 -0.014891 0.208056
    136 7.283999 0.000000 -2.195000 0.000000 0.000000 -0.000027
    137 -1.323000 0.000000 0.184000 0.000000 0.000000 0.000000
    138 0.082000 0.000000 1.002000 0.000000 0.000000 0.000000
    139 -53.641003 -21.317057 -27.055112 -0.766154 0.620847 -0.366962
    140 0.478000 0.000000 -4.537000 0.000000 0.000000 -0.000013
    141 3.436000 0.000000 1.202000 0.000000 0.000000 0.000000
    142 3.040999 0.000000 1.202000 0.000000 0.000000 0.000000
    143 4.657000 0.000000 1.545000 0.000000 0.000000 -0.000013
    144 -0.403000 0.000000 -0.011000 0.000000 0.000000 0.000000
    145 1.781000 0.000000 0.873000 0.000000 0.000000 0.000000
    146 0.384000 0.715000 0.801000 0.000000 0.000000 0.000000
    147 1.795000 0.533000 -1.550000 0.000000 0.000000 0.000000
    148 4.435999 0.595000 -0.954000 0.000000 0.000000 0.000000
    149 4.401999 -0.614000 -1.630000 0.000000 0.000000 0.000000
    150 4.203000 -0.003000 -0.048000 0.000000 0.000000 0.000000
    151 5.136000 0.000000 1.534000 0.000000 0.000000 -0.000027
    152 11.957001 0.000000 -0.006000 0.000000 0.000000 0.000027
    153 -2.103001 0.000000 0.000000 0.000000 0.000000 0.000000
    154 -0.598001 0.000000 -0.011000 0.000000 0.000000 -0.000013
    155 0.496000 0.184000 -3.523000 0.000000 0.000000 0.000000
    156 0.147000 0.184000 -0.328000 0.000000 0.000000 0.000000
    157 0.147000 0.184000 0.023000 0.000000 0.000000 0.000000
    158 0.147000 0.184000 0.368000 0.000000 0.000000 0.000000
    159 0.147000 0.184000 0.717000 0.000000 0.000000 0.000000
    160 0.147000 0.184000 1.067000 0.000000 0.000000 0.000000
    161 0.148000 0.184000 1.414000 0.000000 0.000000 0.000000
    162 0.148000 -0.074000 1.640000 0.000000 0.000000 0.000000
    163 0.435000 0.184000 -3.179000 0.000000 0.000000 0.000000
    164 0.378000 0.184000 -2.826000 0.000000 0.000000 0.000000
    165 0.329000 0.184000 -2.477000 0.000000 0.000000 0.000000
    166 0.286000 0.184000 -2.127000 0.000000 0.000000 0.000000
    167 0.252000 0.184000 -1.775000 0.000000 0.000000 0.000000
    168 0.215000 0.184000 -1.417000 0.000000 0.000000 0.000000
    169 0.190000 0.184000 -1.064000 0.000000 0.000000 0.000000
    170 0.166000 0.184000 -0.714000 0.000000 0.000000 0.000000
    171 1.622000 0.000000 1.568000 0.000000 0.000000 0.000013
    172 2.240000 0.000000 1.568000 0.000000 0.000000 0.000013
    173 0.000000 0.000000 0.000000 0.000000 0.000000 0.000000
    174 0.000006 -0.006207 -4.863281 -3.140338 -0.002958 -3.128596
    175 1.000088 -0.000029 0.000000 0.000000 0.000000 0.000000
    176 17.162518 -0.000404 0.000000 0.000000 0.000000 0.119207
    177 17.749374 0.295515 0.000000 0.000000 0.000000 -1.158917
    178 5.413528 0.000347 0.000000 0.000000 0.000000 -0.518029
    179 0.017887 0.299792 0.000000 0.000000 0.000000 -0.059577
    180 9.999889 -0.000303 0.000000 0.000000 0.000000 0.000000
    181 0.000004 0.006218 4.863281 -3.140338 -0.002958 -3.128596
    182 1.000088 -0.000029 0.000000 0.000000 0.000000 0.000000
    183 12.283573 1.581455 -4.695999 1.462269 -0.086726 0.090185
    184 17.162518 -0.000404 0.000000 0.000000 0.000000 0.119207
    185 17.749374 0.295515 0.000000 0.000000 0.000000 -1.158919
    186 5.413528 0.000347 0.000000 0.000000 0.000000 -0.518029
    187 0.017887 0.299792 0.000000 0.000000 0.000000 -0.059571
    188 9.499836 0.000212 0.000000 0.000000 0.000000 0.000000
    189 -1.145525 0.000130 0.000671 0.000000 0.000000 0.000000
    190 -0.857691 0.104071 0.104687 0.023536 0.163924 0.013632
    191 3.999430 -0.000528 -0.000332 -0.101712 0.000060 0.000000
    192 0.599499 0.400698 0.000236 0.000000 0.000000 0.000000
    193 0.599886 0.400186 -0.000027 0.000000 0.000000 0.000000
    194 2.299677 -2.499979 -0.599480 0.891926 0.221475 -0.527217
    195 5.333839 -8.920124 -6.644683 2.003965 -0.633629 -0.033832
    196 -9.580679 -27.862108 -37.184677 0.812879 -0.123459 -0.568477
    197 0.649935 -0.548296 0.093658 -1.665913 -0.131399 -0.112062
    198 1.899127 0.000427 -0.000439 0.027386 -0.033311 0.477848
    199 0.657078 0.008400 0.040375 -1.665945 -0.131407 -0.000013
    200 1.799664 -0.000240 0.000231 0.027386 -0.033311 0.477848
    201 1.799664 -0.000240 0.000231 0.027386 -0.033311 0.477848
    202 1.799664 -0.000240 0.000231 0.027386 -0.033311 0.477848
    203 0.665774 0.747222 -0.029186 -1.665935 -0.131408 0.094976
    204 1.900306 -0.000137 -0.000517 0.027386 -0.033311 0.477848
    205 6.568313 -0.092736 5.536155 3.886469 1.472681 -6.236315
    206 3.999897 0.000040 0.001007 0.266325 0.000000 0.000000
    207 0.600403 0.399632 -0.000469 0.000000 0.000000 3.141497
    208 0.599890 0.400186 0.000031 0.000000 0.000000 3.141593
    209 2.300137 -2.499413 0.600155 -0.891899 -0.221535 -0.527242
    210 12.103249 -3.649587 -1.238105 1.733585 0.203059 0.048157
    211 2.762354 0.116951 1.523975 1.629482 0.064153 1.743800
    212 7.228317 7.928200 -3.925652 2.328713 0.123459 -0.568477
    213 0.650396 -0.547731 -0.092976 1.665913 0.131399 -0.112062
    214 1.899441 -0.000320 -0.000150 -0.027386 0.033311 0.477848
    215 0.657068 0.008398 -0.040379 1.665945 0.131407 -0.000013
    216 1.799659 -0.000233 -0.000233 -0.027386 0.033311 0.477848
    217 1.799659 -0.000233 -0.000233 -0.027386 0.033311 0.477848
    218 1.799659 -0.000233 -0.000233 -0.027386 0.033311 0.477848
    219 0.665778 0.747222 0.029179 1.665935 0.131408 0.094976
    220 1.900722 0.000549 -0.000072 -0.027386 0.033311 0.477848
    221 4.530998 0.000000 0.000000 0.000000 0.000000 0.000000
    222 4.527344 0.000000 0.000000 0.000000 0.000000 0.000000
    223 0.000000 0.000000 0.000000 0.000000 0.000000 0.000000
    224 0.000000 0.000000 0.000000 0.000000 0.000000 0.000000
    225 4.000000 -6.496094 0.008293 -0.001274 0.000001 0.000975
    226 -6.500000 0.000000 0.000000 -1.537381 1.569552 -1.537381
    227 16.640901 -5.558514 9.696741 0.703127 -0.694566 -0.154123
    228 0.280000 -0.135000 2.196999 1.570796 0.000000 -1.570735
    229 0.000000 0.000000 0.000000 0.000000 0.000000 0.000000
    230 0.000000 0.000000 0.000000 0.018660 0.021872 -0.006987
    231 0.106000 0.000000 -64.320000 0.000000 0.000000 0.000000
    232 0.000000 0.000000 0.000000 0.000000 0.000000 0.000000
    233 -0.106000 0.000000 64.320000 0.000000 0.000000 0.000000
    234 -0.754794 6.112140 -22.786857 0.703126 -0.694631 -1.725029
    235 0.000000 0.000000 0.000000 0.000000 -0.000036 0.000055
    236 1.688000 -0.001000 -1.454002 0.000000 0.000000 0.000000
    237 -1.070999 -0.005000 0.545002 0.000000 0.000000 0.000000
    238 5.895000 0.750997 -0.156000 0.000000 0.000000 0.000000
    239 11.599999 -0.000003 -1.500002 0.000000 0.000000 0.000000
    240 -3.804688 5.152344 -5.503906 -1.515061 -0.074935 -0.291543
    241 11.239561 -0.000003 -1.579000 0.000000 0.000000 0.000000
    242 3.703789 -3.117286 -5.695441 -0.500702 0.660573 -1.099448
    243 0.673937 -0.015635 -4.768713 -3.141592 -1.281051 3.141593
    244 0.094999 -0.144000 0.332001 0.000000 0.000000 0.000000
    245 14.209020 0.000022 0.766988 0.000000 0.000000 0.000000
    246 0.000000 0.000000 0.000000 1.570800 0.000000 -1.570796
  time 14
    0 0.000000 0.000000 0.000000 0.000000 0.000000 -1.570796
    1 -0.106750 -0.000001 -0.000351 0.000000 0.000000 0.000000
    2 0.000000 0.000000 0.000000 0.000000 0.000000 0.000000
    3 -0.904000 0.000000 -11.806000 0.000000 0.000000 0.000000
    4 0.000000 0.000000 -14.313999 1.572085 -1.570793 0.000000
    5 3.533001 0.000000 0.000000 -0.001274 0.000000 0.000000
    6 6.250000 0.000000 0.000000 0.000000 0.000000 0.000000
    7 9.568951 -0.019507 -1.944020 -1.657247 0.693789 -1.698399
    8 9.570313 5.304688 2.056641 -1.552151 -1.032979 1.554747
    9 5.786820 0.002787 -0.000113 -0.531904 0.786103 0.095332
    10 5.999492 -0.000592 -4.000343 0.000000 0.000000 0.000000
    11 5.787410 0.002582 0.000893 1.214315 -0.762893 -2.131259
    12 5.999492 -0.000592 4.000340 0.000000 0.000000 0.000000
    13 0.500225 0.000133 -0.000084 0.532026 0.000012 -0.000048
    14 11.530657 0.000349 -0.001308 -0.000041 -0.000039 -1.898958
    15 -0.829338 0.893824 0.079659 -0.148839 0.047645 0.087266
    16 0.500225 0.000132 0.000072 -0.030401 0.000000 0.000000
    17 11.532495 0.000526 0.003814 0.000054 0.000026 -0.945137
    18 -0.829586 0.894698 -0.079468 0.045377 -0.019621 0.087266
    19 10.599886 0.000105 -0.000553 -0.133987 0.000000 0.000000
    20 0.811092 -0.579878 -0.000805 0.000036 0.000047 0.949400
    21 11.042053 0.003717 0.000798 -0.288575 0.412328 0.062970
    22 -11.814724 0.424524 -0.297680 0.247998 -0.066121 -0.042695
    23 10.599878 0.000105 0.000549 0.544561 -0.000012 0.000048
    24 0.143101 -0.279088 0.000801 -0.000060 0.000013 0.472546
    25 11.041739 0.003170 -0.000568 0.425057 0.334634 -0.650217
    26 -11.663242 0.094713 0.140656 -0.068591 0.018527 -0.015099
    27 0.610300 -0.939470 0.070347 -1.655245 -0.140067 -0.175592
    28 0.639938 -0.199121 0.060192 -1.665909 -0.131344 -0.066423
    29 0.600155 1.080260 -0.339535 -1.744600 0.036128 0.104017
    30 0.610207 0.400743 -0.010098 -1.765011 -0.052220 0.041098
    31 0.630809 -0.690091 -0.232343 0.233086 0.181859 -1.060167
    32 -0.792125 0.203736 0.461304 1.439074 -0.003453 -0.018305
    33 0.610300 -0.939469 -0.070354 1.655295 0.140031 -0.175640
    34 0.639938 -0.199121 -0.060200 1.665960 0.131392 -0.066411
    35 0.600157 1.080260 0.339531 1.741524 -0.203975 0.075913
    36 0.610205 0.400743 0.010086 1.761892 -0.015373 0.028047
    37 0.627906 -0.691394 0.232270 -1.014522 -0.861429 -0.665957
    38 -0.626031 -0.069982 -0.080517 -1.447153 0.086151 0.021559
    39 2.621377 -0.002532 -0.001438 0.239313 -0.008361 0.053684
    40 2.660837 0.000397 -0.000071 -0.016014 -0.048309 0.428276
    41 2.202488 0.003364 -0.002863 -0.461552 -0.293388 0.784016
    42 0.599950 0.959236 -0.300102 -0.174544 0.000000 0.000000
    43 2.557190 -0.001967 0.002453 -0.109063 -0.105168 0.583065
    44 2.098929 0.000032 -0.002193 -0.318266 0.110155 0.382856
    45 0.999378 -0.000238 -1.072647 0.000000 0.000000 0.000000
    46 -0.122641 -0.721855 0.661686 -0.486644 0.223964 0.243056
    47 2.622112 -0.000648 0.002741 -0.053062 0.086883 -0.048142
    48 2.657909 0.000687 -0.000533 0.200353 0.214659 1.264692
    49 2.200014 0.001663 0.000836 0.236792 0.017724 1.474087
    50 0.599949 0.959244 0.300102 0.174544 0.000000 0.000000
    51 2.556571 -0.000385 0.000554 0.236773 0.177161 1.399512
    52 2.103853 0.001708 -0.001011 0.124883 -0.418714 0.876979
    53 0.999376 -0.000240 1.490624 0.000024 -0.000012 0.946888
    54 0.310848 -0.606446 -0.498005 0.308107 -0.197598 0.313975
    55 1.869163 -0.000835 -0.000994 -0.000007 0.000003 0.439187
    56 1.200941 0.399582 -0.000237 -0.009465 0.016087 0.007127
    57 0.000586 0.100342 -0.000319 -0.120035 -0.021926 -0.209617
    58 -0.161663 0.051712 0.194808 -2.941982 0.122408 -0.060194
    59 2.010090 -0.003202 -0.003377 0.000066 -0.000011 0.391351
    60 0.000237 0.099800 -0.000395 -0.018823 0.010833 -0.239219
    61 -0.203197 0.048607 0.069150 -3.093332 0.033217 -0.046722
    62 1.180426 -0.002312 0.000781 -0.000025 -0.000048 0.451024
    63 -0.000196 0.099625 -0.000034 0.000000 0.000000 -0.314102
    64 -0.088737 -0.688435 -0.145203 2.930407 -0.136130 0.513013
    65 1.712069 -0.003328 0.003818 -0.001368 0.000746 0.291320
    66 -0.000576 0.100143 -0.000311 -0.010914 0.023131 -0.260843
    67 -0.146027 -0.232426 -0.014225 3.028455 -0.094299 0.113020
    68 1.290634 0.000361 -0.000036 0.000000 0.000000 -0.176786
    69 -0.658119 -0.003576 0.072643 -0.142711 0.027792 -0.077299
    70 1.868078 -0.003049 0.002177 0.000027 -0.000021 1.450101
    71 1.200075 0.399942 -0.000093 0.009465 -0.016087 0.007127
    72 0.000589 0.100342 0.000319 0.120035 0.021926 -0.209617
    73 0.068073 0.002283 -0.080050 3.111376 -0.069366 -0.060847
    74 2.011874 -0.001179 0.002180 -0.000025 -0.000073 1.378946
    75 0.000233 0.099800 0.000395 0.018823 -0.010833 -0.239219
    76 -0.018673 -0.001009 0.047544 3.109244 0.002635 -0.106673
    77 1.178665 0.001595 0.000845 0.000006 -0.000001 0.743937
    78 -0.000196 0.099628 0.000034 0.000000 0.000000 -0.314102
    79 0.036894 -0.634449 0.266284 -2.801062 0.174301 0.490915
    80 1.708256 -0.002504 -0.000686 -0.000022 0.000011 1.160590
    81 -0.000580 0.100140 0.000311 0.010910 -0.023132 -0.260845
    82 -0.003952 -0.281811 0.115047 -3.059162 0.089004 0.167964
    83 1.289625 0.000042 0.000061 0.000010 0.000002 0.672669
    84 -0.171526 -0.018150 -0.099873 0.013484 -0.062184 -0.011781
    85 0.916622 0.003336 0.001326 0.000007 0.000009 0.060582
    86 -0.342617 0.053402 -0.025571 -2.909301 -0.017248 0.075276
    87 1.100231 -0.000928 -0.002434 0.000009 0.000002 0.084809
    88 -0.384979 0.331001 0.006848 -3.087207 -0.018765 -0.184278
    89 0.678146 0.002286 -0.003905 -0.000066 -0.000007 -0.083027
    90 -0.123848 0.072738 0.029507 2.898184 -0.060627 0.094835
    91 1.017166 -0.000154 -0.000252 -0.000011 -0.000002 0.079313
    92 -0.344990 0.123129 0.143151 2.994981 0.012396 0.059140
    93 -0.730989 0.177046 0.039141 -0.123731 0.076518 -0.084310
    94 0.921993 0.001298 -0.000896 -0.000050 0.000001 0.471806
    95 -0.124023 -0.052090 0.038495 3.077813 -0.008519 0.039229
    96 1.100433 -0.003552 0.000502 -0.000042 0.000030 0.545699
    97 -0.330082 0.160639 0.042780 3.128073 0.034033 -0.171236
    98 0.679764 0.001532 0.003272 0.000002 0.000003 0.674786
    99 -0.019512 -0.016531 0.038578 -2.763781 0.050305 0.076829
    100 1.019531 -0.000005 -0.000001 0.000000 0.000000 0.497026
    101 -0.155308 0.130644 -0.021921 -3.022466 0.022433 -0.024902
    102 -0.252207 0.061937 -0.024914 -0.007671 -0.063171 -0.044392
    103 -0.085995 0.185205 -0.015180 -2.937063 -0.113970 -0.138991
    104 -0.286533 0.179852 0.024264 -3.109353 -0.049645 -0.029914
    105 -0.019482 0.147083 0.079203 2.893815 0.038585 -0.060594
    106 -0.046482 0.251896 0.129548 3.016165 0.077112 -0.042864
    107 0.039124 -0.040295 0.047739 3.084219 0.030470 -0.037414
    108 -0.233757 0.066630 0.001754 -3.133087 0.040141 -0.065412
    109 0.044266 0.020131 0.001684 -2.778763 -0.118872 -0.040488
    110 0.071495 0.074128 -0.048302 -3.035917 -0.059482 0.104366
    111 0.000000 0.000000 0.000000 0.000000 0.000000 -1.570796
    112 -4.675924 -7.515854 -8.672140 0.706797 -0.695064 -1.725666
    113 0.000000 0.000000 0.000000 0.000000 0.000000 0.000000
    114 -5.683767 -15.633290 -2.238350 0.706665 -0.694875 -1.725838
    115 3.096000 0.000000 -1.996000 0.000000 0.000000 0.000000
    116 3.040999 0.000000 1.202000 0.000000 0.000000 0.000000
    117 7.854000 0.000000 -0.042000 0.000000 0.000000 -0.000027
    118 13.105999 0.000000 -0.006000 0.000000 0.000000 0.000027
    119 3.456000 0.000000 -1.084000 0.000000 0.000000 0.000013
    120 1.804000 0.000000 -1.025000 0.000000 0.000000 0.000000
    121 7.098000 0.000000 -1.084000 0.000000 0.000000 0.000000
    122 1.868000 1.809000 -1.975000 -2.218442 -0.017124 -0.465675
    123 3.740000 0.000000 1.273000 0.000000 0.000000 0.000013
    124 11.956999 0.000000 -0.006000 0.000000 0.000000 0.000027
    125 6.072001 0.000000 -1.238000 0.000000 0.000000 0.000000
    126 5.690000 -0.365000 0.068000 -0.000040 -0.349041 -1.570749
    127 6.396999 0.614000 0.428000 0.000000 0.000000 -0.000027
    128 3.040999 0.000000 1.202000 0.000000 0.000000 0.000000
    129 3.720000 0.000000 1.202000 0.000000 0.000000 0.000000
    130 1.086000 -0.661000 -0.149000 0.000000 0.000000 0.000000
    131 1.067000 0.589000 0.076000 0.000000 0.000000 0.000000
    132 0.000000 -0.019000 0.000000 0.000000 0.000000 0.000000
    133 0.000000 -0.019000 0.000000 0.000000 0.000000 0.000000
    134 3.300000 -0.019000 1.346000 0.000000 0.000000 0.000000
    135 -1.524000 -1.859000 -4.367000 -1.730250 -0.014891 0.208056
    136 7.283999 0.000000 -2.195000 0.000000 0.000000 -0.000027
    137 -1.323000 0.000000 0.184000 0.000000 0.000000 0.000000
    138 0.082000 0.000000 1.002000 0.000000 0.000000 0.000000
    139 -53.582407 -21.242836 -26.945734 -0.770048 0.620422 -0.369051
    140 0.478000 0.000000 -4.537000 0.000000 0.000000 -0.000013
    141 3.436000 0.000000 1.202000 0.000000 0.000000 0.000000
    142 3.040999 0.000000 1.202000 0.000000 0.000000 0.000000
    143 4.657000 0.000000 1.545000 0.000000 0.000000 -0.000013
    144 -0.403000 0.000000 -0.011000 0.000000 0.000000 0.000000
    145 1.781000 0.000000 0.873000 0.000000 0.000000 0.000000
    146 0.384000 0.715000 0.801000 0.000000 0.000000 0.000000
    147 1.795000 0.533000 -1.550000 0.000000 0.000000 0.000000
    148 4.435999 0.595000 -0.954000 0.000000 0.000000 0.000000
    149 4.401999 -0.614000 -1.630000 0.000000 0.000000 0.000000
    150 4.203000 -0.003000 -0.048000 0.000000 0.000000 0.000000
    151 5.136000 0.000000 1.534000 0.000000 0.000000 -0.000027
    152 11.957001 0.000000 -0.006000 0.000000 0.000000 0.000027
    153 -2.103001 0.000000 0.000000 0.000000 0.000000 0.000000
    154 -0.598001 0.000000 -0.011000 0.000000 0.000000 -0.000013
    155 0.496000 0.184000 -3.523000 0.000000 0.000000 0.000000
    156 0.147000 0.184000 -0.328000 0.000000 0.000000 0.000000
    157 0.147000 0.184000 0.023000 0.000000 0.000000 0.000000
    158 0.147000 0.184000 0.368000 0.000000 0.000000 0.000000
    159 0.147000 0.184000 0.717000 0.000000 0.000000 0.000000
    160 0.147000 0.184000 1.067000 0.000000 0.000000 0.000000
    161 0.148000 0.184000 1.414000 0.000000 0.000000 0.000000
    162 0.148000 -0.074000 1.640000 0.000000 0.000000 0.000000
    163 0.435000 0.184000 -3.179000 0.000000 0.000000 0.000000
    164 0.378000 0.184000 -2.826000 0.000000 0.000000 0.000000
    165 0.329000 0.184000 -2.477000 0.000000 0.000000 0.000000
    166 0.286000 0.184000 -2.127000 0.000000 0.000000 0.000000
    167 0.252000 0.184000 -1.775000 0.000000 0.000000 0.000000
    168 0.215000 0.184000 -1.417000 0.000000 0.000000 0.000000
    169 0.190000 0.184000 -1.064000 0.000000 0.000000 0.000000
    170 0.166000 0.184000 -0.714000 0.000000 0.000000 0.000000
    171 1.622000 0.000000 1.568000 0.000000 0.000000 0.000013
    172 2.240000 0.000000 1.568000 0.000000 0.000000 0.000013
    173 0.000000 0.000000 0.000000 0.000000 0.000000 0.000000
    174 0.000006 -0.006207 -4.863281 -3.140338 -0.002958 -3.128596
    175 1.000088 -0.000029 0.000000 0.000000 0.000000 0.000000
    176 17.162518 -0.000404 0.000000 0.000000 0.000000 0.119207
    177 17.749374 0.295515 0.000000 0.000000 0.000000 -1.158917
    178 5.413528 0.000347 0.000000 0.000000 0.000000 -0.518029
    179 0.017887 0.299792 0.000000 0.000000 0.000000 -0.059577
    180 9.999889 -0.000303 0.000000 0.000000 0.000000 0.000000
    181 0.000004 0.006218 4.863281 -3.140338 -0.002958 -3.128596
    182 1.000088 -0.000029 0.000000 0.000000 0.000000 0.000000
    183 12.283573 1.581455 -4.695999 1.462269 -0.086726 0.090185
    184 17.162518 -0.000404 0.000000 0.000000 0.000000 0.119207
    185 17.749374 0.295515 0.000000 0.000000 0.000000 -1.158919
    186 5.413528 0.000347 0.000000 0.000000 0.000000 -0.518029
    187 0.017887 0.299792 0.000000 0.000000 0.000000 -0.059571
    188 9.499836 0.000212 0.000000 0.000000 0.000000 0.000000
    189 -1.145525 0.000130 0.000671 0.000000 0.000000 0.000000
    190 -0.857691 0.104071 0.104687 0.023536 0.163924 0.013632
    191 3.999430 -0.000528 -0.000332 -0.133999 0.000000 0.000000
    192 0.599499 0.400698 0.000236 0.000000 0.000000 0.000000
    193 0.599886 0.400186 -0.000027 0.000000 0.000000 0.000000
    194 2.299677 -2.499979 -0.599480 0.891926 0.221475 -0.527217
    195 9.978512 -8.947469 -4.109449 2.168427 -0.728671 -0.218439
    196 -9.580679 -27.862108 -37.184677 0.812879 -0.123459 -0.568477
    197 0.649935 -0.548296 0.093658 -1.665913 -0.131399 -0.112062
    198 1.899127 0.000427 -0.000439 0.027386 -0.033311 0.477848
    199 0.657078 0.008400 0.040375 -1.665945 -0.131407 -0.000013
    200 1.799664 -0.000240 0.000231 0.027386 -0.033311 0.477848
    201 1.799664 -0.000240 0.000231 0.027386 -0.033311 0.477848
    202 1.799664 -0.000240 0.000231 0.027386 -0.033311 0.477848
    203 0.665774 0.747222 -0.029186 -1.665935 -0.131408 0.094976
    204 1.900306 -0.000137 -0.000517 0.027386 -0.033311 0.477848
    205 6.568313 -0.092736 5.536155 3.886469 1.472681 -6.236315
    206 3.999897 0.000040 0.001007 0.272311 0.000000 0.000000
    207 0.600403 0.399632 -0.000469 0.000000 0.000000 3.141497
    208 0.599890 0.400186 0.000031 0.000000 0.000000 3.141497
    209 2.300137 -2.499413 0.600155 -0.891899 -0.221535 -0.527242
    210 12.103249 -3.649587 -1.238105 1.733585 0.203059 0.048157
    211 2.762354 0.116951 1.523975 1.629482 0.064153 1.743800
    212 7.228317 7.928200 -3.925652 2.328713 0.123459 -0.568477
    213 0.650396 -0.547731 -0.092976 1.665913 0.131399 -0.112062
    214 1.899441 -0.000320 -0.000150 -0.027386 0.033311 0.477848
    215 0.657068 0.008398 -0.040379 1.665945 0.131407 -0.000013
    216 1.799659 -0.000233 -0.000233 -0.027386 0.033311 0.477848
    217 1.799659 -0.000233 -0.000233 -0.027386 0.033311 0.477848
    218 1.799659 -0.000233 -0.000233 -0.027386 0.033311 0.477848
    219 0.665778 0.747222 0.029179 1.665935 0.131408 0.094976
    220 1.900722 0.000549 -0.000072 -0.027386 0.033311 0.477848
    221 4.530998 0.000000 0.000000 0.000000 0.000000 0.000000
    222 4.527344 0.000000 0.000000 0.000000 0.000000 0.000000
    223 0.000000 0.000000 0.000000 0.000000 0.000000 0.000000
    224 0.000000 0.000000 0.000000 0.000000 0.000000 0.000000
    225 4.000000 -6.496094 0.008293 -0.001274 0.000001 0.000975
    226 -6.500000 0.000000 0.000000 -1.537381 1.569552 -1.537381
    227 16.640901 -5.687425 9.560018 0.706797 -0.695011 -0.154962
    228 0.280000 -0.135000 2.196999 1.570796 0.000000 -1.570735
    229 0.000000 0.000000 0.000000 0.000000 0.000000 0.000000
    230 0.000000 0.000000 0.000000 0.028212 0.025503 -0.003607
    231 0.106000 0.000000 -64.320000 0.000000 0.000000 0.000000
    232 0.000000 0.000000 0.000000 0.000000 0.000000 0.000000
    233 -0.106000 0.000000 64.320000 0.000000 0.000000 0.000000
    234 -0.860266 6.100421 -22.931392 0.706795 -0.695044 -1.725795
    235 0.000000 0.000000 0.000000 0.000000 -0.000036 0.000055
    236 1.688000 -0.001000 -1.454002 0.000000 0.000000 0.000000
    237 -1.070999 -0.005000 0.545002 0.000000 0.000000 0.000000
    238 5.895000 0.750997 -0.156000 0.000000 0.000000 0.000000
    239 11.599999 -0.000003 -1.500002 0.000000 0.000000 0.000000
    240 -3.804688 5.152344 -5.503906 -1.515061 -0.074935 -0.291543
    241 11.239561 -0.000003 -1.579000 0.000000 0.000000 0.000000
    242 2.992830 -3.906372 -6.824381 -0.499752 0.659331 -1.097381
    243 0.673937 -0.015635 -4.768713 -3.141592 -1.281051 3.141593
    244 0.094999 -0.144000 0.332001 0.000000 0.000000 0.000000
    245 14.209020 0.000022 0.766988 0.000000 0.000000 0.000000
    246 0.000000 0.000000 0.000000 1.570800 0.000000 -1.570796
  time 15
    0 0.000000 0.000000 0.000000 0.000000 0.000000 -1.570796
    1 -0.106750 -0.000001 -0.000351 0.000000 0.000000 0.000000
    2 0.000000 0.000000 0.000000 0.000000 0.000000 0.000000
    3 -0.904000 0.000000 -11.806000 0.000000 0.000000 0.000000
    4 0.000000 0.000000 -14.313999 1.572085 -1.570793 0.000000
    5 3.533001 0.000000 0.000000 -0.001274 0.000000 0.000000
    6 6.250000 0.000000 0.000000 0.000000 0.000000 0.000000
    7 9.568951 -0.019507 -1.944020 -1.692897 1.037519 -1.744073
    8 9.570313 5.304688 2.056641 -1.552151 -1.032979 1.554747
    9 5.786820 0.002787 -0.000113 0.168596 0.797062 0.233772
    10 5.999492 -0.000592 -4.000343 0.000000 0.000000 0.000000
    11 5.787410 0.002582 0.000893 1.215719 -0.778097 -2.128813
    12 5.999492 -0.000592 4.000340 0.000000 0.000000 0.000000
    13 0.500225 0.000133 -0.000084 0.081483 0.000000 0.000060
    14 11.530657 0.000349 -0.001308 0.000019 0.000057 -2.113219
    15 -0.829338 0.893824 0.079659 -0.148839 0.047645 0.087266
    16 0.500225 0.000132 0.000072 -0.022421 0.000024 0.000000
    17 11.532495 0.000526 0.003814 0.000030 0.000002 -0.948774
    18 -0.829586 0.894698 -0.079468 0.045377 -0.019621 0.087266
    19 10.599886 0.000105 -0.000553 -0.218591 0.000000 0.000000
    20 1.065006 -0.599409 -0.000805 -0.000084 -0.000013 1.056632
    21 11.042053 0.003717 0.000798 -0.455697 0.285401 -0.057744
    22 -11.814724 0.424524 -0.297680 0.247998 -0.066121 -0.042695
    23 10.599878 0.000105 0.000549 0.544387 -0.000012 0.000048
    24 0.143101 -0.279088 0.000801 -0.000048 -0.000011 0.474097
    25 11.041739 0.003170 -0.000568 0.421213 0.331875 -0.661297
    26 -11.663242 0.094713 0.140656 -0.068591 0.018527 -0.015099
    27 0.610300 -0.939470 0.070347 -1.655245 -0.140079 -0.175592
    28 0.639938 -0.199121 0.060192 -1.665909 -0.131344 -0.066423
    29 0.600155 1.080260 -0.339535 -1.762317 0.075778 0.095209
    30 0.610207 0.400743 -0.010098 -1.772433 -0.027891 0.036185
    31 0.630809 -0.690091 -0.232343 0.278175 0.189181 -1.050836
    32 -0.792125 0.203736 0.461304 1.439074 -0.003453 -0.018305
    33 0.610300 -0.939469 -0.070354 1.655295 0.140031 -0.175640
    34 0.639938 -0.199121 -0.060200 1.665960 0.131392 -0.066411
    35 0.600157 1.080260 0.339531 1.741524 -0.203975 0.075913
    36 0.610205 0.400743 0.010086 1.761892 -0.015373 0.028047
    37 0.627906 -0.691394 0.232270 -1.014522 -0.861429 -0.665957
    38 -0.626031 -0.069982 -0.080517 -1.447153 0.086151 0.021559
    39 2.621377 -0.002532 -0.001438 0.160626 -0.002599 0.095413
    40 2.660837 0.000397 -0.000071 -0.020988 -0.017803 0.444701
    41 2.202488 0.003364 -0.002863 -0.411094 -0.220111 0.728658
    42 0.599950 0.959236 -0.300102 -0.174544 0.000000 0.000000
    43 2.557190 -0.001967 0.002453 -0.120789 -0.071330 0.594076
    44 2.098929 0.000032 -0.002193 -0.344827 0.121114 0.374063
    45 0.999378 -0.000238 -1.076553 0.000000 0.000000 0.000000
    46 -0.122641 -0.721855 0.661686 -0.486644 0.223964 0.243056
    47 2.622112 -0.000648 0.002741 -0.053062 0.086883 -0.048142
    48 2.657909 0.000687 -0.000533 0.200353 0.214659 1.264692
    49 2.200014 0.001663 0.000836 0.236792 0.017724 1.474087
    50 0.599949 0.959244 0.300102 0.174544 0.000000 0.000000
    51 2.556571 -0.000385 0.000554 0.236773 0.177161 1.399512
    52 2.103853 0.001708 -0.001011 0.124883 -0.418714 0.876979
    53 0.999376 -0.000240 1.490624 0.000012 0.000000 0.946917
    54 0.310848 -0.606446 -0.498005 0.308107 -0.197598 0.313975
    55 1.869163 -0.000835 -0.000994 -0.000007 0.000003 0.454378
    56 1.200941 0.399582 -0.000237 -0.009465 0.016087 0.007127
    57 0.000586 0.100342 -0.000319 -0.120035 -0.021926 -0.209617
    58 -0.161663 0.051712 0.194808 -2.941982 0.122408 -0.060194
    59 2.010090 -0.003202 -0.003377 0.000006 0.000001 0.529335
    60 0.000237 0.099800 -0.000395 -0.018823 0.010833 -0.239219
    61 -0.203197 0.048607 0.069150 -3.093332 0.033217 -0.046722
    62 1.180426 -0.002312 0.000781 -0.000025 -0.000048 0.673530
    63 -0.000196 0.099625 -0.000034 0.000000 0.000000 -0.314102
    64 -0.088737 -0.688435 -0.145203 2.930407 -0.136130 0.513013
    65 1.712069 -0.003328 0.003818 -0.004795 0.002772 0.468133
    66 -0.000576 0.100143 -0.000311 -0.010914 0.023131 -0.260843
    67 -0.146027 -0.232426 -0.014225 3.028455 -0.094299 0.113020
    68 1.290634 0.000361 -0.000036 0.000000 0.000000 -0.173213
    69 -0.658119 -0.003576 0.072643 -0.142711 0.027792 -0.077299
    70 1.868078 -0.003049 0.002177 0.000027 -0.000021 1.450101
    71 1.200075 0.399942 -0.000093 0.009465 -0.016087 0.007127
    72 0.000589 0.100342 0.000319 0.120035 0.021926 -0.209617
    73 0.068073 0.002283 -0.080050 3.111376 -0.069366 -0.060847
    74 2.011874 -0.001179 0.002180 -0.000025 -0.000073 1.378946
    75 0.000233 0.099800 0.000395 0.018823 -0.010833 -0.239219
    76 -0.018673 -0.001009 0.047544 3.109244 0.002635 -0.106673
    77 1.178665 0.001595 0.000845 0.000006 -0.000001 0.743937
    78 -0.000196 0.099628 0.000034 0.000000 0.000000 -0.314102
    79 0.036894 -0.634449 0.266284 -2.801062 0.174301 0.490915
    80 1.708256 -0.002504 -0.000686 -0.000022 0.000011 1.160590
    81 -0.000580 0.100140 0.000311 0.010910 -0.023132 -0.260845
    82 -0.003952 -0.281811 0.115047 -3.059162 0.089004 0.167964
    83 1.289625 0.000042 0.000061 0.000010 0.000002 0.672669
    84 -0.171526 -0.018150 -0.099873 0.013484 -0.062184 -0.011781
    85 0.916622 0.003336 0.001326 0.000007 0.000068 0.133921
    86 -0.342617 0.053402 -0.025571 -2.909301 -0.017248 0.075276
    87 1.100231 -0.000928 -0.002434 0.000009 0.000062 0.174588
    88 -0.384979 0.331001 0.006848 -3.087207 -0.018765 -0.184278
    89 0.678146 0.002286 0.000002 -0.000006 -0.000067 -0.097813
    90 -0.123848 0.072738 0.029507 2.898184 -0.060627 0.094835
    91 1.017166 -0.000154 -0.000252 -0.000011 -0.000002 0.106013
    92 -0.344990 0.123129 0.143151 2.994981 0.012396 0.059140
    93 -0.730989 0.177046 0.039141 -0.123731 0.076518 -0.084310
    94 0.921993 0.001298 -0.000896 -0.000050 0.000001 0.471806
    95 -0.124023 -0.052090 0.038495 3.077813 -0.008519 0.039229
    96 1.100433 -0.003552 0.000502 -0.000042 0.000030 0.545699
    97 -0.330082 0.160639 0.042780 3.128073 0.034033 -0.171236
    98 0.679764 0.001532 0.003272 0.000002 0.000003 0.674786
    99 -0.019512 -0.016531 0.038578 -2.763781 0.050305 0.076829
    100 1.019531 -0.000005 -0.000001 0.000000 0.000000 0.497026
    101 -0.155308 0.130644 -0.021921 -3.022466 0.022433 -0.024902
    102 -0.252207 0.061937 -0.024914 -0.007671 -0.063171 -0.044392
    103 -0.085995 0.185205 -0.015180 -2.937063 -0.113970 -0.138991
    104 -0.286533 0.179852 0.024264 -3.109353 -0.049645 -0.029914
    105 -0.019482 0.147083 0.079203 2.893815 0.038585 -0.060594
    106 -0.046482 0.251896 0.129548 3.016165 0.077112 -0.042864
    107 0.039124 -0.040295 0.047739 3.084219 0.030470 -0.037414
    108 -0.233757 0.066630 0.001754 -3.133087 0.040141 -0.065412
    109 0.044266 0.020131 0.001684 -2.778763 -0.118872 -0.040488
    110 0.071495 0.074128 -0.048302 -3.035917 -0.059482 0.104366
    111 0.000000 0.000000 0.000000 0.000000 0.000000 -1.570796
    112 -4.734519 -7.441633 -8.902615 0.705661 -0.693998 -1.726412
    113 0.000000 0.000000 0.000000 0.000000 0.000000 0.000000
    114 -5.742363 -15.551256 -2.488357 0.706204 -0.693623 -1.726304
    115 3.096000 0.000000 -1.996000 0.000000 0.000000 0.000000
    116 3.040999 0.000000 1.202000 0.000000 0.000000 0.000000
    117 7.854000 0.000000 -0.042000 0.000000 0.000000 -0.000027
    118 13.105999 0.000000 -0.006000 0.000000 0.000000 0.000027
    119 3.456000 0.000000 -1.084000 0.000000 0.000000 0.000013
    120 1.804000 0.000000 -1.025000 0.000000 0.000000 0.000000
    121 7.098000 0.000000 -1.084000 0.000000 0.000000 0.000000
    122 1.868000 1.809000 -1.975000 -2.218442 -0.017124 -0.465675
    123 3.740000 0.000000 1.273000 0.000000 0.000000 0.000013
    124 11.956999 0.000000 -0.006000 0.000000 0.000000 0.000027
    125 6.072001 0.000000 -1.238000 0.000000 0.000000 0.000000
    126 5.690000 -0.365000 0.068000 -0.000040 -0.349041 -1.570749
    127 6.396999 0.614000 0.428000 0.000000 0.000000 -0.000027
    128 3.040999 0.000000 1.202000 0.000000 0.000000 0.000000
    129 3.720000 0.000000 1.202000 0.000000 0.000000 0.000000
    130 1.086000 -0.661000 -0.149000 0.000000 0.000000 0.000000
    131 1.067000 0.589000 0.076000 0.000000 0.000000 0.000000
    132 0.000000 -0.019000 0.000000 0.000000 0.000000 0.000000
    133 0.000000 -0.019000 0.000000 0.000000 0.000000 0.000000
    134 3.300000 -0.019000 1.346000 0.000000 0.000000 0.000000
    135 -1.524000 -1.859000 -4.367000 -1.730250 -0.014891 0.208056
    136 7.283999 0.000000 -2.195000 0.000000 0.000000 -0.000027
    137 -1.323000 0.000000 0.184000 0.000000 0.000000 0.000000
    138 0.082000 0.000000 1.002000 0.000000 0.000000 0.000000
    139 -53.344119 -21.110019 -26.941828 -0.768148 0.620516 -0.366867
    140 0.478000 0.000000 -4.537000 0.000000 0.000000 -0.000013
    141 3.436000 0.000000 1.202000 0.000000 0.000000 0.000000
    142 3.040999 0.000000 1.202000 0.000000 0.000000 0.000000
    143 4.657000 0.000000 1.545000 0.000000 0.000000 -0.000013
    144 -0.403000 0.000000 -0.011000 0.000000 0.000000 0.000000
    145 1.781000 0.000000 0.873000 0.000000 0.000000 0.000000
    146 0.384000 0.715000 0.801000 0.000000 0.000000 0.000000
    147 1.795000 0.533000 -1.550000 0.000000 0.000000 0.000000
    148 4.435999 0.595000 -0.954000 0.000000 0.000000 0.000000
    149 4.401999 -0.614000 -1.630000 0.000000 0.000000 0.000000
    150 4.203000 -0.003000 -0.048000 0.000000 0.000000 0.000000
    151 5.136000 0.000000 1.534000 0.000000 0.000000 -0.000027
    152 11.957001 0.000000 -0.006000 0.000000 0.000000 0.000027
    153 -2.103001 0.000000 0.000000 0.000000 0.000000 0.000000
    154 -0.598001 0.000000 -0.011000 0.000000 0.000000 -0.000013
    155 0.496000 0.184000 -3.523000 0.000000 0.000000 0.000000
    156 0.147000 0.184000 -0.328000 0.000000 0.000000 0.000000
    157 0.147000 0.184000 0.023000 0.000000 0.000000 0.000000
    158 0.147000 0.184000 0.368000 0.000000 0.000000 0.000000
    159 0.147000 0.184000 0.717000 0.000000 0.000000 0.000000
    160 0.147000 0.184000 1.067000 0.000000 0.000000 0.000000
    161 0.148000 0.184000 1.414000 0.000000 0.000000 0.000000
    162 0.148000 -0.074000 1.640000 0.000000 0.000000 0.000000
    163 0.435000 0.184000 -3.179000 0.000000 0.000000 0.000000
    164 0.378000 0.184000 -2.826000 0.000000 0.000000 0.000000
    165 0.329000 0.184000 -2.477000 0.000000 0.000000 0.000000
    166 0.286000 0.184000 -2.127000 0.000000 0.000000 0.000000
    167 0.252000 0.184000 -1.775000 0.000000 0.000000 0.000000
    168 0.215000 0.184000 -1.417000 0.000000 0.000000 0.000000
    169 0.190000 0.184000 -1.064000 0.000000 0.000000 0.000000
    170 0.166000 0.184000 -0.714000 0.000000 0.000000 0.000000
    171 1.622000 0.000000 1.568000 0.000000 0.000000 0.000013
    172 2.240000 0.000000 1.568000 0.000000 0.000000 0.000013
    173 0.000000 0.000000 0.000000 0.000000 0.000000 0.000000
    174 0.000006 -0.006207 -4.863281 -3.140338 -0.002958 -3.128596
    175 1.000088 -0.000029 0.000000 0.000000 0.000000 0.000000
    176 17.162518 -0.000404 0.000000 0.000000 0.000000 0.119207
    177 17.749374 0.295515 0.000000 0.000000 0.000000 -1.158917
    178 5.413528 0.000347 0.000000 0.000000 0.000000 -0.518029
    179 0.017887 0.299792 0.000000 0.000000 0.000000 -0.059577
    180 9.999889 -0.000303 0.000000 0.000000 0.000000 0.000000
    181 0.000004 0.006218 4.863281 -3.140338 -0.002958 -3.128596
    182 1.000088 -0.000029 0.000000 0.000000 0.000000 0.000000
    183 12.283573 1.581455 -4.695999 1.462269 -0.086726 0.090185
    184 17.162518 -0.000404 0.000000 0.000000 0.000000 0.119207
    185 17.749374 0.295515 0.000000 0.000000 0.000000 -1.158919
    186 5.413528 0.000347 0.000000 0.000000 0.000000 -0.518029
    187 0.017887 0.299792 0.000000 0.000000 0.000000 -0.059571
    188 9.499836 0.000212 0.000000 0.000000 0.000000 0.000000
    189 -1.145525 0.000130 0.000671 0.000000 0.000000 0.000000
    190 -0.857691 0.104071 0.104687 0.023536 0.163924 0.013632
    191 3.999430 -0.000528 -0.000332 -0.218615 0.000000 -0.000060
    192 0.599499 0.400698 0.000236 0.000000 0.000000 0.000000
    193 0.599886 0.400186 -0.000027 0.000000 0.000000 0.000000
    194 2.299677 -2.499979 -0.599480 0.891926 0.221475 -0.527217
    195 14.029417 -9.537330 0.046928 2.611584 -0.822846 -0.581859
    196 -9.580679 -27.862108 -37.184677 0.812879 -0.123459 -0.568477
    197 0.649935 -0.548296 0.093658 -1.665913 -0.131399 -0.112062
    198 1.899127 0.000427 -0.000439 0.027386 -0.033311 0.477848
    199 0.657078 0.008400 0.040375 -1.665945 -0.131407 -0.000013
    200 1.799664 -0.000240 0.000231 0.027386 -0.033311 0.477848
    201 1.799664 -0.000240 0.000231 0.027386 -0.033311 0.477848
    202 1.799664 -0.000240 0.000231 0.027386 -0.033311 0.477848
    203 0.665774 0.747222 -0.029186 -1.665935 -0.131408 0.094976
    204 1.900306 -0.000137 -0.000517 0.027386 -0.033311 0.477848
    205 6.181582 -2.315460 5.493184 3.881583 1.478828 -0.302880
    206 3.999897 0.000040 0.001007 0.272223 -0.000060 0.000000
    207 0.600403 0.399632 -0.000469 0.000000 0.000000 3.141497
    208 0.599890 0.400186 0.000031 0.000000 0.000000 3.141593
    209 2.300137 -2.499413 0.600155 -0.891899 -0.221535 -0.527242
    210 12.103249 -3.649587 -1.238105 1.733585 0.203059 0.048157
    211 2.762354 0.116951 1.523975 1.629482 0.064153 1.743800
    212 7.228317 7.928200 -3.925652 2.328713 0.123459 -0.568477
    213 0.650396 -0.547731 -0.092976 1.665913 0.131399 -0.112062
    214 1.899441 -0.000320 -0.000150 -0.027386 0.033311 0.477848
    215 0.657068 0.008398 -0.040379 1.665945 0.131407 -0.000013
    216 1.799659 -0.000233 -0.000233 -0.027386 0.033311 0.477848
    217 1.799659 -0.000233 -0.000233 -0.027386 0.033311 0.477848
    218 1.799659 -0.000233 -0.000233 -0.027386 0.033311 0.477848
    219 0.665778 0.747222 0.029179 1.665935 0.131408 0.094976
    220 1.900722 0.000549 -0.000072 -0.027386 0.033311 0.477848
    221 4.530998 0.000000 0.000000 0.000000 0.000000 0.000000
    222 4.527344 0.000000 0.000000 0.000000 0.000000 0.000000
    223 0.000000 0.000000 0.000000 0.000000 0.000000 0.000000
    224 0.000000 0.000000 0.000000 0.000000 0.000000 0.000000
    225 4.000000 -6.496094 0.008293 -0.001274 0.000001 0.000975
    226 -6.500000 0.000000 0.000000 -1.537381 1.569552 -1.537381
    227 16.570586 -5.753833 9.321729 0.705749 -0.693944 -0.155615
    228 0.280000 -0.135000 2.196999 1.570796 0.000000 -1.570735
    229 0.000000 0.000000 0.000000 0.000000 0.000000 0.000000
    230 0.000000 0.000000 0.000000 0.031975 0.027541 -0.000779
    231 0.106000 0.000000 -64.320000 0.000000 0.000000 0.000000
    232 0.000000 0.000000 0.000000 0.000000 0.000000 0.000000
    233 -0.106000 0.000000 64.320000 0.000000 0.000000 0.000000
    234 -0.911048 6.186361 -23.146243 0.705747 -0.693993 -1.726466
    235 0.000000 0.000000 0.000000 0.000000 -0.000036 0.000055
    236 1.688000 -0.001000 -1.454002 0.000000 0.000000 0.000000
    237 -1.070999 -0.005000 0.545002 0.000000 0.000000 0.000000
    238 5.895000 0.750997 -0.156000 0.000000 0.000000 0.000000
    239 11.599999 -0.000003 -1.500002 0.000000 0.000000 0.000000
    240 -3.804688 5.152344 -5.503906 -1.515061 -0.074935 -0.291543
    241 11.239561 -0.000003 -1.579000 0.000000 0.000000 0.000000
    242 2.195930 -4.660301 -7.922071 -0.496713 0.655381 -1.090712
    243 0.673937 -0.015635 -4.768713 -3.141592 -1.281051 3.141593
    244 0.094999 -0.144000 0.332001 0.000000 0.000000 0.000000
    245 14.209020 0.000022 0.766988 0.000000 0.000000 0.000000
    246 0.000000 0.000000 0.000000 1.570800 0.000000 -1.570796
  time 16
    0 0.000000 0.000000 0.000000 0.000000 0.000000 -1.570796
    1 -0.106750 -0.000001 -0.000351 0.000000 0.000000 0.000000
    2 0.000000 0.000000 0.000000 0.000000 0.000000 0.000000
    3 -0.904000 0.000000 -11.806000 0.000000 0.000000 0.000000
    4 0.000000 0.000000 -14.313999 1.572085 -1.570793 0.000000
    5 3.533001 0.000000 0.000000 -0.001274 0.000000 0.000000
    6 6.250000 0.000000 0.000000 0.000000 0.000000 0.000000
    7 9.568951 -0.019507 -1.944020 -1.917021 1.374213 -1.983147
    8 9.570313 5.304688 2.056641 -1.552151 -1.032979 1.554747
    9 5.786820 0.002787 -0.000113 0.393715 0.667507 -0.126911
    10 5.999492 -0.000592 -4.000343 0.000000 0.000000 0.000000
    11 5.787410 0.002582 0.000893 1.217124 -0.793301 -2.126276
    12 5.999492 -0.000592 4.000340 0.000000 0.000000 0.000000
    13 0.500225 0.000133 -0.000084 -0.284439 0.000000 -0.000060
    14 11.530657 0.000349 -0.001308 0.000043 -0.000027 -2.056220
    15 -0.829338 0.893824 0.079659 -0.148839 0.047645 0.087266
    16 0.500225 0.000132 0.000072 -0.014376 0.000060 0.000000
    17 11.532495 0.000526 0.003814 0.000006 -0.000010 -0.952412
    18 -0.829586 0.894698 -0.079468 0.045377 -0.019621 0.087266
    19 10.599886 0.000105 -0.000553 -0.285056 -0.000024 0.000000
    20 1.018130 -0.599409 -0.000805 0.000060 -0.000025 1.028103
    21 11.042053 0.003717 0.000798 -0.570424 0.115156 -0.205617
    22 -11.814724 0.424524 -0.297680 0.247998 -0.066121 -0.042695
    23 10.599878 0.000105 0.000549 0.534250 -0.000012 0.000048
    24 0.143101 -0.279088 0.000801 -0.000048 -0.000023 0.475647
    25 11.041739 0.003170 -0.000568 0.411080 0.328109 -0.668963
    26 -11.663242 0.094713 0.140656 -0.068591 0.018527 -0.015099
    27 0.610300 -0.939470 0.070347 -1.655245 -0.140079 -0.175592
    28 0.639938 -0.199121 0.060192 -1.665909 -0.131344 -0.066423
    29 0.600155 1.080260 -0.339535 -1.786929 0.129858 0.082948
    30 0.610207 0.400743 -0.010098 -1.783082 0.006361 0.029737
    31 0.630809 -0.690091 -0.232343 0.339852 0.199208 -1.037841
    32 -0.792125 0.203736 0.461304 1.439074 -0.003453 -0.018305
    33 0.610300 -0.939469 -0.070354 1.655295 0.140031 -0.175640
    34 0.639938 -0.199121 -0.060200 1.665960 0.131392 -0.066423
    35 0.600157 1.080260 0.339531 1.741524 -0.203975 0.075913
    36 0.610205 0.400743 0.010086 1.761892 -0.015373 0.028047
    37 0.627906 -0.691394 0.232270 -1.014522 -0.861429 -0.665957
    38 -0.626031 -0.069982 -0.080517 -1.447153 0.086151 0.021559
    39 2.621377 -0.002532 -0.001438 0.052167 0.006607 0.152469
    40 2.660837 0.000397 -0.000071 -0.027491 0.027331 0.469151
    41 2.202488 0.003364 -0.002863 -0.338253 -0.113397 0.652945
    42 0.599950 0.959236 -0.300102 -0.174544 0.000000 0.000000
    43 2.557190 -0.001967 0.002453 -0.129205 -0.020721 0.610448
    44 2.098929 0.000032 -0.002193 -0.382128 0.136875 0.362031
    45 0.999378 -0.000238 -1.080459 0.000000 0.000000 0.000000
    46 -0.122641 -0.721855 0.661686 -0.486644 0.223964 0.243056
    47 2.622112 -0.000648 0.002741 -0.053062 0.086883 -0.048142
    48 2.657909 0.000687 -0.000533 0.200353 0.214659 1.264692
    49 2.200014 0.001663 0.000836 0.236792 0.017724 1.474087
    50 0.599949 0.959244 0.300102 0.174544 0.000000 0.000000
    51 2.556571 -0.000385 0.000554 0.236773 0.177148 1.399512
    52 2.103853 0.001708 -0.001011 0.124883 -0.418714 0.876997
    53 0.999376 -0.000240 1.490624 0.000012 0.000000 0.946917
    54 0.310848 -0.606446 -0.498005 0.308107 -0.197598 0.313975
    55 1.869163 -0.000835 -0.000994 -0.000007 0.000003 0.475726
    56 1.200941 0.399582 -0.000237 -0.009465 0.016087 0.007127
    57 0.000586 0.100342 -0.000319 -0.120035 -0.021926 -0.209617
    58 -0.161663 0.051712 0.194808 -2.941982 0.122408 -0.060194
    59 2.010090 -0.003202 -0.003377 0.000066 -0.000011 0.717981
    60 0.000237 0.099800 -0.000395 -0.018823 0.010833 -0.239219
    61 -0.203197 0.048607 0.069150 -3.093332 0.033217 -0.046722
    62 1.180426 -0.002312 0.000781 0.000046 -0.000024 0.977858
    63 -0.000196 0.099625 -0.000034 0.000000 0.000000 -0.314102
    64 -0.088737 -0.688435 -0.145203 2.930407 -0.136130 0.513013
    65 1.712069 -0.003328 0.003818 -0.009445 0.005576 0.710030
    66 -0.000576 0.100143 -0.000311 -0.010914 0.023131 -0.260843
    67 -0.146027 -0.232426 -0.014225 3.028455 -0.094299 0.113020
    68 1.290634 0.000361 -0.000036 0.000000 0.000000 -0.169679
    69 -0.658119 -0.003576 0.072643 -0.142711 0.027792 -0.077299
    70 1.868078 -0.003049 0.002177 0.000027 -0.000021 1.450101
    71 1.200075 0.399942 -0.000093 0.009465 -0.016087 0.007127
    72 0.000589 0.100342 0.000319 0.120035 0.021926 -0.209617
    73 0.068073 0.002283 -0.080050 3.111376 -0.069366 -0.060847
    74 2.011874 -0.001179 0.002180 -0.000025 -0.000073 1.378946
    75 0.000233 0.099800 0.000395 0.018823 -0.010833 -0.239219
    76 -0.018673 -0.001009 0.047544 3.109244 0.002635 -0.106673
    77 1.178665 0.001595 0.000845 0.000006 -0.000001 0.743937
    78 -0.000196 0.099628 0.000034 0.000000 0.000000 -0.314102
    79 0.036894 -0.634449 0.266284 -2.801062 0.174301 0.490915
    80 1.708256 -0.002504 -0.000686 -0.000022 0.000011 1.160590
    81 -0.000580 0.100140 0.000311 0.010910 -0.023132 -0.260845
    82 -0.003952 -0.281811 0.115047 -3.059162 0.089004 0.167964
    83 1.289625 0.000042 0.000061 0.000010 0.000002 0.672669
    84 -0.171526 -0.018150 -0.099873 0.013484 -0.062184 -0.011781
    85 0.916622 0.003336 0.001326 0.000007 0.000009 0.234135
    86 -0.342617 0.053402 -0.025571 -2.909301 -0.017248 0.075276
    87 1.100231 -0.000928 -0.002434 -0.000003 -0.000058 0.297182
    88 -0.384979 0.331001 0.006848 -3.087207 -0.018765 -0.184278
    89 0.678146 0.002286 -0.003905 -0.000006 -0.000007 -0.065767
    90 -0.123848 0.072738 0.029507 2.898184 -0.060627 0.094835
    91 1.017166 -0.000154 -0.000252 -0.000011 -0.000002 0.143567
    92 -0.344990 0.123129 0.143151 2.994981 0.012396 0.059140
    93 -0.730989 0.177046 0.039141 -0.123731 0.076518 -0.084310
    94 0.921993 0.001298 -0.000896 -0.000050 0.000001 0.471806
    95 -0.124023 -0.052090 0.038495 3.077813 -0.008519 0.039229
    96 1.100433 -0.003552 0.000502 -0.000042 0.000030 0.545699
    97 -0.330082 0.160639 0.042780 3.128073 0.034033 -0.171236
    98 0.679764 0.001532 0.003272 0.000002 0.000003 0.674786
    99 -0.019512 -0.016531 0.038578 -2.763781 0.050305 0.076829
    100 1.019531 -0.000005 -0.000001 0.000000 0.000000 0.497026
    101 -0.155308 0.130644 -0.021921 -3.022466 0.022433 -0.024902
    102 -0.252207 0.061937 -0.024914 -0.007671 -0.063171 -0.044392
    103 -0.085995 0.185205 -0.015180 -2.937063 -0.113970 -0.138991
    104 -0.286533 0.179852 0.024264 -3.109353 -0.049645 -0.029914
    105 -0.019482 0.147083 0.079203 2.893815 0.038585 -0.060594
    106 -0.046482 0.251896 0.129548 3.016165 0.077112 -0.042864
    107 0.039124 -0.040295 0.047739 3.084219 0.030470 -0.037414
    108 -0.233757 0.066630 0.001754 -3.133087 0.040141 -0.065412
    109 0.044266 0.020131 0.001684 -2.778763 -0.118872 -0.040488
    110 0.071495 0.074128 -0.048302 -3.035917 -0.059482 0.104366
    111 0.000000 0.000000 0.000000 0.000000 0.000000 -1.570796
    112 -4.738426 -7.336161 -9.136998 0.697885 -0.690621 -1.726598
    113 0.000000 0.000000 0.000000 0.000000 0.000000 0.000000
    114 -5.765801 -15.484848 -2.742271 0.697815 -0.690492 -1.726584
    115 3.096000 0.000000 -1.996000 0.000000 0.000000 0.000000
    116 3.040999 0.000000 1.202000 0.000000 0.000000 0.000000
    117 7.854000 0.000000 -0.042000 0.000000 0.000000 -0.000027
    118 13.105999 0.000000 -0.006000 0.000000 0.000000 0.000027
    119 3.456000 0.000000 -1.084000 0.000000 0.000000 0.000013
    120 1.804000 0.000000 -1.025000 0.000000 0.000000 0.000000
    121 7.098000 0.000000 -1.084000 0.000000 0.000000 0.000000
    122 1.868000 1.809000 -1.975000 -2.218442 -0.017124 -0.465675
    123 3.740000 0.000000 1.273000 0.000000 0.000000 0.000013
    124 11.956999 0.000000 -0.006000 0.000000 0.000000 0.000027
    125 6.072001 0.000000 -1.238000 0.000000 0.000000 0.000000
    126 5.690000 -0.365000 0.068000 -0.000040 -0.349041 -1.570749
    127 6.396999 0.614000 0.428000 0.000000 0.000000 -0.000027
    128 3.040999 0.000000 1.202000 0.000000 0.000000 0.000000
    129 3.720000 0.000000 1.202000 0.000000 0.000000 0.000000
    130 1.086000 -0.661000 -0.149000 0.000000 0.000000 0.000000
    131 1.067000 0.589000 0.076000 0.000000 0.000000 0.000000
    132 0.000000 -0.019000 0.000000 0.000000 0.000000 0.000000
    133 0.000000 -0.019000 0.000000 0.000000 0.000000 0.000000
    134 3.300000 -0.019000 1.346000 0.000000 0.000000 0.000000
    135 -1.524000 -1.859000 -4.367000 -1.730250 -0.014891 0.208056
    136 7.283999 0.000000 -2.195000 0.000000 0.000000 -0.000027
    137 -1.323000 0.000000 0.184000 0.000000 0.000000 0.000000
    138 0.082000 0.000000 1.002000 0.000000 0.000000 0.000000
    139 -53.004265 -20.887356 -27.148865 -0.757891 0.621036 -0.358607
    140 0.478000 0.000000 -4.537000 0.000000 0.000000 -0.000013
    141 3.436000 0.000000 1.202000 0.000000 0.000000 0.000000
    142 3.040999 0.000000 1.202000 0.000000 0.000000 0.000000
    143 4.657000 0.000000 1.545000 0.000000 0.000000 -0.000013
    144 -0.403000 0.000000 -0.011000 0.000000 0.000000 0.000000
    145 1.781000 0.000000 0.873000 0.000000 0.000000 0.000000
    146 0.384000 0.715000 0.801000 0.000000 0.000000 0.000000
    147 1.795000 0.533000 -1.550000 0.000000 0.000000 0.000000
    148 4.435999 0.595000 -0.954000 0.000000 0.000000 0.000000
    149 4.401999 -0.614000 -1.630000 0.000000 0.000000 0.000000
    150 4.203000 -0.003000 -0.048000 0.000000 0.000000 0.000000
    151 5.136000 0.000000 1.534000 0.000000 0.000000 -0.000027
    152 11.957001 0.000000 -0.006000 0.000000 0.000000 0.000027
    153 -2.103001 0.000000 0.000000 0.000000 0.000000 0.000000
    154 -0.598001 0.000000 -0.011000 0.000000 0.000000 -0.000013
    155 0.496000 0.184000 -3.523000 0.000000 0.000000 0.000000
    156 0.147000 0.184000 -0.328000 0.000000 0.000000 0.000000
    157 0.147000 0.184000 0.023000 0.000000 0.000000 0.000000
    158 0.147000 0.184000 0.368000 0.000000 0.000000 0.000000
    159 0.147000 0.184000 0.717000 0.000000 0.000000 0.000000
    160 0.147000 0.184000 1.067000 0.000000 0.000000 0.000000
    161 0.148000 0.184000 1.414000 0.000000 0.000000 0.000000
    162 0.148000 -0.074000 1.640000 0.000000 0.000000 0.000000
    163 0.435000 0.184000 -3.179000 0.000000 0.000000 0.000000
    164 0.378000 0.184000 -2.826000 0.000000 0.000000 0.000000
    165 0.329000 0.184000 -2.477000 0.000000 0.000000 0.000000
    166 0.286000 0.184000 -2.127000 0.000000 0.000000 0.000000
    167 0.252000 0.184000 -1.775000 0.000000 0.000000 0.000000
    168 0.215000 0.184000 -1.417000 0.000000 0.000000 0.000000
    169 0.190000 0.184000 -1.064000 0.000000 0.000000 0.000000
    170 0.166000 0.184000 -0.714000 0.000000 0.000000 0.000000
    171 1.622000 0.000000 1.568000 0.000000 0.000000 0.000013
    172 2.240000 0.000000 1.568000 0.000000 0.000000 0.000013
    173 0.000000 0.000000 0.000000 0.000000 0.000000 0.000000
    174 0.000006 -0.006207 -4.863281 -3.140338 -0.002958 -3.128596
    175 1.000088 -0.000029 0.000000 0.000000 0.000000 0.000000
    176 17.162518 -0.000404 0.000000 0.000000 0.000000 0.119207
    177 17.749374 0.295515 0.000000 0.000000 0.000000 -1.158917
    178 5.413528 0.000347 0.000000 0.000000 0.000000 -0.518029
    179 0.017887 0.299792 0.000000 0.000000 0.000000 -0.059577
    180 9.999889 -0.000303 0.000000 0.000000 0.000000 0.000000
    181 0.000004 0.006218 4.863281 -3.140338 -0.002958 -3.128596
    182 1.000088 -0.000029 0.000000 0.000000 0.000000 0.000000
    183 12.283573 1.581455 -4.695999 1.462269 -0.086726 0.090185
    184 17.162518 -0.000404 0.000000 0.000000 0.000000 0.119207
    185 17.749374 0.295515 0.000000 0.000000 0.000000 -1.158919
    186 5.413528 0.000347 0.000000 0.000000 0.000000 -0.518029
    187 0.017887 0.299792 0.000000 0.000000 0.000000 -0.059571
    188 9.499836 0.000212 0.000000 0.000000 0.000000 0.000000
    189 -1.145525 0.000130 0.000671 0.000000 0.000000 0.000000
    190 -0.857691 0.104071 0.104687 0.023536 0.163924 0.013632
    191 3.999430 -0.000528 -0.000332 -0.285062 0.000000 0.000000
    192 0.599499 0.400698 0.000236 0.000000 0.000000 0.000000
    193 0.599886 0.400186 -0.000027 0.000000 0.000000 0.000000
    194 2.299677 -2.499979 -0.599480 0.891926 0.221475 -0.527217
    195 15.509930 -10.099847 2.461064 2.876120 -0.825015 -0.762053
    196 -9.580679 -27.862108 -37.184677 0.812879 -0.123459 -0.568477
    197 0.649935 -0.548296 0.093658 -1.665913 -0.131399 -0.112062
    198 1.899127 0.000427 -0.000439 0.027386 -0.033311 0.477848
    199 0.657078 0.008400 0.040375 -1.665945 -0.131407 -0.000013
    200 1.799664 -0.000240 0.000231 0.027386 -0.033311 0.477848
    201 1.799664 -0.000240 0.000231 0.027386 -0.033311 0.477848
    202 1.799664 -0.000240 0.000231 0.027386 -0.033311 0.477848
    203 0.665774 0.747222 -0.029186 -1.665935 -0.131408 0.094976
    204 1.900306 -0.000137 -0.000517 0.027386 -0.033311 0.477848
    205 5.009671 -4.249112 5.536155 3.885128 1.472729 -0.644487
    206 3.999897 0.000040 0.001007 0.267112 0.000000 0.000000
    207 0.600403 0.399632 -0.000469 0.000000 0.000000 3.141497
    208 0.599890 0.400186 0.000031 0.000000 0.000000 -3.141496
    209 2.300137 -2.499413 0.600155 -0.891899 -0.221535 -0.527242
    210 12.103249 -3.649587 -1.238105 1.733585 0.203059 0.048157
    211 2.762354 0.116951 1.523975 1.629482 0.064153 1.743800
    212 7.228317 7.928200 -3.925652 2.328713 0.123459 -0.568477
    213 0.650396 -0.547731 -0.092976 1.665913 0.131399 -0.112062
    214 1.899441 -0.000320 -0.000150 -0.027386 0.033311 0.477848
    215 0.657068 0.008398 -0.040379 1.665945 0.131407 -0.000013
    216 1.799659 -0.000233 -0.000233 -0.027386 0.033311 0.477848
    217 1.799659 -0.000233 -0.000233 -0.027386 0.033311 0.477848
    218 1.799659 -0.000233 -0.000233 -0.027386 0.033311 0.477848
    219 0.665778 0.747222 0.029179 1.665935 0.131408 0.094976
    220 1.900722 0.000549 -0.000072 -0.027386 0.033311 0.477848
    221 4.530998 0.000000 0.000000 0.000000 0.000000 0.000000
    222 4.527344 0.000000 0.000000 0.000000 0.000000 0.000000
    223 0.000000 0.000000 0.000000 0.000000 0.000000 0.000000
    224 0.000000 0.000000 0.000000 0.000000 0.000000 0.000000
    225 4.000000 -6.496094 0.008293 -0.001274 0.000001 0.000975
    226 -6.500000 0.000000 0.000000 -1.537381 1.569552 -1.537381
    227 16.488553 -5.765552 9.056096 0.697885 -0.690568 -0.155801
    228 0.280000 -0.135000 2.196999 1.570796 0.000000 -1.570735
    229 0.000000 0.000000 0.000000 0.000000 0.000000 0.000000
    230 0.000000 0.000000 0.000000 0.031364 0.028020 0.000719
    231 0.106000 0.000000 -64.320000 0.000000 0.000000 0.000000
    232 0.000000 0.000000 0.000000 0.000000 0.000000 0.000000
    233 -0.106000 0.000000 64.320000 0.000000 0.000000 0.000000
    234 -0.922768 6.330896 -23.345467 0.697884 -0.690618 -1.726657
    235 0.000000 0.000000 0.000000 0.000000 -0.000036 0.000055
    236 1.688000 -0.001000 -1.454002 0.000000 0.000000 0.000000
    237 -1.070999 -0.005000 0.545002 0.000000 0.000000 0.000000
    238 5.895000 0.750997 -0.156000 0.000000 0.000000 0.000000
    239 11.599999 -0.000003 -1.500002 0.000000 0.000000 0.000000
    240 -3.804688 5.152344 -5.503906 -1.515061 -0.074935 -0.291543
    241 11.239561 -0.000003 -1.579000 0.000000 0.000000 0.000000
    242 1.324810 -5.437669 -9.047105 -0.493769 0.651432 -1.084137
    243 0.673937 -0.015635 -4.768713 -3.141592 -1.281051 3.141593
    244 0.094999 -0.144000 0.332001 0.000000 0.000000 0.000000
    245 14.209020 0.000022 0.766988 0.000000 0.000000 0.000000
    246 0.000000 0.000000 0.000000 1.570800 0.000000 -1.570796
  time 17
    0 0.000000 0.000000 0.000000 0.000000 0.000000 -1.570796
    1 -0.106750 -0.000001 -0.000351 0.000000 0.000000 0.000000
    2 0.000000 0.000000 0.000000 0.000000 0.000000 0.000000
    3 -0.904000 0.000000 -11.806000 0.000000 0.000000 0.000000
    4 0.000000 0.000000 -14.313999 1.572085 -1.570793 0.000000
    5 3.533001 0.000000 0.000000 -0.001274 0.000000 0.000000
    6 6.250000 0.000000 0.000000 0.000000 0.000000 0.000000
    7 9.568951 -0.019507 -1.944020 -1.917021 1.374213 -1.983147
    8 9.570313 5.304688 2.056641 -1.552151 -1.032979 1.554747
    9 5.786820 0.002787 -0.000113 0.416371 0.655388 -0.145370
    10 5.999492 -0.000592 -4.000343 0.000000 0.000000 0.000000
    11 5.787410 0.002582 0.000893 1.216574 -0.802998 -2.122380
    12 5.999492 -0.000592 4.000340 0.000000 0.000000 0.000000
    13 0.500225 0.000133 -0.000084 -0.311736 0.000000 0.000000
    14 11.530657 0.000349 -0.001308 0.000031 0.000057 -2.026379
    15 -0.829338 0.893824 0.079659 -0.148839 0.047645 0.087266
    16 0.500225 0.000132 0.000072 -0.008177 0.000060 0.000000
    17 11.532495 0.000526 0.003814 0.000054 0.000026 -0.951361
    18 -0.829586 0.894698 -0.079468 0.045377 -0.019621 0.087266
    19 10.599886 0.000105 -0.000553 -0.291959 0.000000 0.000024
    20 0.975160 -0.595503 -0.000805 0.000000 0.000011 1.013213
    21 11.042053 0.003717 0.000798 -0.577632 0.079881 -0.241512
    22 -11.814724 0.424524 -0.297680 0.247998 -0.066121 -0.042695
    23 10.599878 0.000105 0.000549 0.510308 -0.000012 0.000048
    24 0.143101 -0.279088 0.000801 -0.000036 -0.000047 0.477169
    25 11.041739 0.003170 -0.000568 0.392385 0.323555 -0.671889
    26 -11.663242 0.094713 0.140656 -0.068591 0.018527 -0.015099
    27 0.610300 -0.939470 0.070347 -1.655245 -0.140079 -0.175592
    28 0.639938 -0.199121 0.060192 -1.665909 -0.131344 -0.066423
    29 0.600155 1.080260 -0.339535 -1.814936 0.188760 0.069526
    30 0.610207 0.400743 -0.010098 -1.793946 0.040553 0.022906
    31 0.630809 -0.690091 -0.232343 0.406899 0.210120 -1.023919
    32 -0.792125 0.203736 0.461304 1.439074 -0.003453 -0.018305
    33 0.610300 -0.939469 -0.070354 1.655295 0.140031 -0.175640
    34 0.639938 -0.199121 -0.060200 1.665960 0.131392 -0.066423
    35 0.600157 1.080260 0.339531 1.741524 -0.203975 0.075913
    36 0.610205 0.400743 0.010086 1.761892 -0.015373 0.028047
    37 0.627906 -0.691394 0.232270 -1.014522 -0.861429 -0.665957
    38 -0.626031 -0.069982 -0.080517 -1.447153 0.086151 0.021559
    39 2.621377 -0.002532 -0.001438 -0.067581 0.018946 0.214647
    40 2.660837 0.000397 -0.000071 -0.035157 0.082808 0.499256
    41 2.202488 0.003364 -0.002863 -0.257133 0.014249 0.570448
    42 0.599950 0.959236 -0.300102 -0.174544 0.000000 0.000000
    43 2.557190 -0.001967 0.002453 -0.134846 0.042085 0.630202
    44 2.098929 0.000032 -0.002193 -0.419703 0.152213 0.349388
    45 0.999378 -0.000238 -1.084366 0.000000 0.000000 0.000000
    46 -0.122641 -0.721855 0.661686 -0.486644 0.223964 0.243056
    47 2.622112 -0.000648 0.002741 -0.053044 0.086883 -0.048142
    48 2.657909 0.000687 -0.000533 0.200353 0.214659 1.264692
    49 2.200014 0.001663 0.000836 0.236792 0.017724 1.474087
    50 0.599949 0.959244 0.300102 0.174544 0.000000 0.000000
    51 2.556571 -0.000385 0.000554 0.236773 0.177148 1.399512
    52 2.103853 0.001708 -0.001011 0.124870 -0.418714 0.876997
    53 0.999376 -0.000240 1.490624 0.000012 0.000000 0.946917
    54 0.310848 -0.606446 -0.498005 0.308107 -0.197598 0.313975
    55 1.869163 -0.000835 -0.000994 -0.000007 0.000003 0.497073
    56 1.200941 0.399582 -0.000237 -0.009465 0.016087 0.007127
    57 0.000586 0.100342 -0.000319 -0.120035 -0.021926 -0.209617
    58 -0.161663 0.051712 0.194808 -2.941982 0.122408 -0.060194
    59 2.010090 -0.003202 -0.003377 -0.000018 -0.000047 0.923609
    60 0.000237 0.099800 -0.000395 -0.018823 0.010833 -0.239219
    61 -0.203197 0.048607 0.069150 -3.093332 0.033217 -0.046722
    62 1.180426 -0.002312 0.000781 -0.000014 0.000096 1.309427
    63 -0.000196 0.099625 -0.000034 0.000000 0.000000 -0.314102
    64 -0.088737 -0.688435 -0.145203 2.930407 -0.136130 0.513013
    65 1.712069 -0.003328 0.003818 -0.014479 0.008632 0.973453
    66 -0.000576 0.100143 -0.000311 -0.010914 0.023131 -0.260843
    67 -0.146027 -0.232426 -0.014225 3.028455 -0.094299 0.113020
    68 1.290634 0.000361 -0.000036 0.000000 0.000000 -0.166106
    69 -0.658119 -0.003576 0.072643 -0.142711 0.027792 -0.077299
    70 1.868078 -0.003049 0.002177 0.000027 -0.000021 1.450101
    71 1.200075 0.399942 -0.000093 0.009465 -0.016087 0.007127
    72 0.000589 0.100342 0.000319 0.120035 0.021926 -0.209617
    73 0.068073 0.002283 -0.080050 3.111376 -0.069366 -0.060847
    74 2.011874 -0.001179 0.002180 -0.000025 -0.000073 1.378946
    75 0.000233 0.099800 0.000395 0.018823 -0.010833 -0.239219
    76 -0.018673 -0.001009 0.047544 3.109244 0.002635 -0.106673
    77 1.178665 0.001595 0.000845 0.000006 -0.000001 0.743937
    78 -0.000196 0.099628 0.000034 0.000000 0.000000 -0.314102
    79 0.036894 -0.634449 0.266284 -2.801062 0.174301 0.490915
    80 1.708256 -0.002504 -0.000686 -0.000022 0.000023 1.160590
    81 -0.000580 0.100140 0.000311 0.010910 -0.023132 -0.260845
    82 -0.003952 -0.281811 0.115047 -3.059162 0.089004 0.167964
    83 1.289625 0.000042 0.000061 0.000010 0.000002 0.672669
    84 -0.171526 -0.018150 -0.099873 0.013484 -0.062184 -0.011781
    85 0.916622 0.003336 0.001326 -0.000053 0.000021 0.343364
    86 -0.342617 0.053402 -0.025571 -2.909301 -0.017248 0.075276
    87 1.100231 -0.000928 -0.002434 0.000009 0.000002 0.430753
    88 -0.384979 0.331001 0.006848 -3.087207 -0.018765 -0.184278
    89 0.678146 0.002286 -0.003905 -0.000006 -0.000007 -0.006679
    90 -0.123848 0.072738 0.029507 2.898184 -0.060627 0.094835
    91 1.017166 -0.000154 -0.000252 -0.000011 -0.000002 0.181120
    92 -0.344990 0.123129 0.143151 2.994981 0.012396 0.059140
    93 -0.730989 0.177046 0.039141 -0.123731 0.076518 -0.084310
    94 0.921993 0.001298 -0.000896 -0.000050 0.000001 0.471806
    95 -0.124023 -0.052090 0.038495 3.077813 -0.008519 0.039229
    96 1.100433 -0.003552 0.000502 -0.000042 0.000042 0.545699
    97 -0.330082 0.160639 0.042780 3.128073 0.034033 -0.171236
    98 0.679764 0.001532 0.003272 0.000002 0.000003 0.674786
    99 -0.019512 -0.016531 0.038578 -2.763781 0.050305 0.076829
    100 1.019531 -0.000005 -0.000001 0.000000 0.000000 0.497026
    101 -0.155308 0.130644 -0.021921 -3.022466 0.022433 -0.024902
    102 -0.252207 0.061937 -0.024914 -0.007671 -0.063171 -0.044392
    103 -0.085995 0.185205 -0.015180 -2.937063 -0.113970 -0.138991
    104 -0.286533 0.179852 0.024264 -3.109353 -0.049645 -0.029914
    105 -0.019482 0.147083 0.079203 2.893815 0.038585 -0.060594
    106 -0.046482 0.251896 0.129548 3.016165 0.077112 -0.042864
    107 0.039124 -0.040295 0.047739 3.084219 0.030470 -0.037414
    108 -0.233757 0.066630 0.001754 -3.133087 0.040141 -0.065412
    109 0.044266 0.020131 0.001684 -2.778763 -0.118872 -0.040488
    110 0.071495 0.074128 -0.048302 -3.035917 -0.059482 0.104366
    111 0.000000 0.000000 0.000000 0.000000 0.000000 -1.570796
    112 -4.703269 -7.301004 -9.316691 0.677438 -0.685201 -1.726598
    113 0.000000 0.000000 0.000000 0.000000 0.000000 0.000000
    114 -5.750175 -15.480941 -2.945402 0.675876 -0.686110 -1.726304
    115 3.096000 0.000000 -1.996000 0.000000 0.000000 0.000000
    116 3.040999 0.000000 1.202000 0.000000 0.000000 0.000000
    117 7.854000 0.000000 -0.042000 0.000000 0.000000 -0.000027
    118 13.105999 0.000000 -0.006000 0.000000 0.000000 0.000027
    119 3.456000 0.000000 -1.084000 0.000000 0.000000 0.000013
    120 1.804000 0.000000 -1.025000 0.000000 0.000000 0.000000
    121 7.098000 0.000000 -1.084000 0.000000 0.000000 0.000000
    122 1.868000 1.809000 -1.975000 -2.218442 -0.017124 -0.465675
    123 3.740000 0.000000 1.273000 0.000000 0.000000 0.000013
    124 11.956999 0.000000 -0.006000 0.000000 0.000000 0.000027
    125 6.072001 0.000000 -1.238000 0.000000 0.000000 0.000000
    126 5.690000 -0.365000 0.068000 -0.000040 -0.349041 -1.570749
    127 6.396999 0.614000 0.428000 0.000000 0.000000 -0.000027
    128 3.040999 0.000000 1.202000 0.000000 0.000000 0.000000
    129 3.720000 0.000000 1.202000 0.000000 0.000000 0.000000
    130 1.086000 -0.661000 -0.149000 0.000000 0.000000 0.000000
    131 1.067000 0.589000 0.076000 0.000000 0.000000 0.000000
    132 0.000000 -0.019000 0.000000 0.000000 0.000000 0.000000
    133 0.000000 -0.019000 0.000000 0.000000 0.000000 0.000000
    134 3.300000 -0.019000 1.346000 0.000000 0.000000 0.000000
    135 -1.524000 -1.859000 -4.367000 -1.730250 -0.014891 0.208056
    136 7.283999 0.000000 -2.195000 0.000000 0.000000 -0.000027
    137 -1.323000 0.000000 0.184000 0.000000 0.000000 0.000000
    138 0.082000 0.000000 1.002000 0.000000 0.000000 0.000000
    139 -52.660504 -20.399060 -27.660600 -0.732533 0.624110 -0.340283
    140 0.478000 0.000000 -4.537000 0.000000 0.000000 -0.000013
    141 3.436000 0.000000 1.202000 0.000000 0.000000 0.000000
    142 3.040999 0.000000 1.202000 0.000000 0.000000 0.000000
    143 4.657000 0.000000 1.545000 0.000000 0.000000 -0.000013
    144 -0.403000 0.000000 -0.011000 0.000000 0.000000 0.000000
    145 1.781000 0.000000 0.873000 0.000000 0.000000 0.000000
    146 0.384000 0.715000 0.801000 0.000000 0.000000 0.000000
    147 1.795000 0.533000 -1.550000 0.000000 0.000000 0.000000
    148 4.435999 0.595000 -0.954000 0.000000 0.000000 0.000000
    149 4.401999 -0.614000 -1.630000 0.000000 0.000000 0.000000
    150 4.203000 -0.003000 -0.048000 0.000000 0.000000 0.000000
    151 5.136000 0.000000 1.534000 0.000000 0.000000 -0.000027
    152 11.957001 0.000000 -0.006000 0.000000 0.000000 0.000027
    153 -2.103001 0.000000 0.000000 0.000000 0.000000 0.000000
    154 -0.598001 0.000000 -0.011000 0.000000 0.000000 -0.000013
    155 0.496000 0.184000 -3.523000 0.000000 0.000000 0.000000
    156 0.147000 0.184000 -0.328000 0.000000 0.000000 0.000000
    157 0.147000 0.184000 0.023000 0.000000 0.000000 0.000000
    158 0.147000 0.184000 0.368000 0.000000 0.000000 0.000000
    159 0.147000 0.184000 0.717000 0.000000 0.000000 0.000000
    160 0.147000 0.184000 1.067000 0.000000 0.000000 0.000000
    161 0.148000 0.184000 1.414000 0.000000 0.000000 0.000000
    162 0.148000 -0.074000 1.640000 0.000000 0.000000 0.000000
    163 0.435000 0.184000 -3.179000 0.000000 0.000000 0.000000
    164 0.378000 0.184000 -2.826000 0.000000 0.000000 0.000000
    165 0.329000 0.184000 -2.477000 0.000000 0.000000 0.000000
    166 0.286000 0.184000 -2.127000 0.000000 0.000000 0.000000
    167 0.252000 0.184000 -1.775000 0.000000 0.000000 0.000000
    168 0.215000 0.184000 -1.417000 0.000000 0.000000 0.000000
    169 0.190000 0.184000 -1.064000 0.000000 0.000000 0.000000
    170 0.166000 0.184000 -0.714000 0.000000 0.000000 0.000000
    171 1.622000 0.000000 1.568000 0.000000 0.000000 0.000013
    172 2.240000 0.000000 1.568000 0.000000 0.000000 0.000013
    173 0.000000 0.000000 0.000000 0.000000 0.000000 0.000000
    174 0.000006 -0.006207 -4.863281 -3.140338 -0.002958 -3.128596
    175 1.000088 -0.000029 0.000000 0.000000 0.000000 0.000000
    176 17.162518 -0.000404 0.000000 0.000000 0.000000 0.119207
    177 17.749374 0.295515 0.000000 0.000000 0.000000 -1.158917
    178 5.413528 0.000347 0.000000 0.000000 0.000000 -0.518029
    179 0.017887 0.299792 0.000000 0.000000 0.000000 -0.059577
    180 9.999889 -0.000303 0.000000 0.000000 0.000000 0.000000
    181 0.000004 0.006218 4.863281 -3.140338 -0.002958 -3.128596
    182 1.000088 -0.000029 0.000000 0.000000 0.000000 0.000000
    183 12.283573 1.581455 -4.695999 1.462269 -0.086726 0.090185
    184 17.162518 -0.000404 0.000000 0.000000 0.000000 0.119207
    185 17.749374 0.295515 0.000000 0.000000 0.000000 -1.158919
    186 5.413528 0.000347 0.000000 0.000000 0.000000 -0.518029
    187 0.017887 0.299792 0.000000 0.000000 0.000000 -0.059571
    188 9.499836 0.000212 0.000000 0.000000 0.000000 0.000000
    189 -1.145525 0.000130 0.000671 0.000000 0.000000 0.000000
    190 -0.857691 0.104071 0.104687 0.023536 0.163924 0.013632
    191 3.999430 -0.000528 -0.000332 -0.291921 0.000000 0.000000
    192 0.599499 0.400698 0.000236 0.000000 0.000000 0.000000
    193 0.599886 0.400186 -0.000027 0.000000 0.000000 0.000000
    194 2.299677 -2.499979 -0.599480 0.891926 0.221475 -0.527217
    195 15.509930 -10.099847 2.464970 2.876120 -0.825058 -0.762145
    196 -9.580679 -27.862108 -37.184677 0.812879 -0.123459 -0.568477
    197 0.649935 -0.548296 0.093658 -1.665913 -0.131399 -0.112062
    198 1.899127 0.000427 -0.000439 0.027386 -0.033311 0.477848
    199 0.657078 0.008400 0.040375 -1.665945 -0.131407 -0.000013
    200 1.799664 -0.000240 0.000231 0.027386 -0.033311 0.477848
    201 1.799664 -0.000240 0.000231 0.027386 -0.033311 0.477848
    202 1.799664 -0.000240 0.000231 0.027386 -0.033311 0.477848
    203 0.665774 0.747222 -0.029186 -1.665935 -0.131408 0.094976
    204 1.900306 -0.000137 -0.000517 0.027386 -0.033311 0.477848
    205 5.009671 -4.249112 5.536155 3.885128 1.472729 -0.644487
    206 3.999897 0.000040 0.001007 0.255185 0.000000 0.000000
    207 0.600403 0.399632 -0.000469 0.000000 0.000000 3.141497
    208 0.599890 0.400186 0.000031 0.000000 0.000000 3.141593
    209 2.300137 -2.499413 0.600155 -0.891899 -0.221535 -0.527242
    210 12.103249 -3.649587 -1.238105 1.733585 0.203059 0.048157
    211 2.762354 0.116951 1.523975 1.629482 0.064153 1.743800
    212 7.228317 7.928200 -3.925652 2.328713 0.123459 -0.568477
    213 0.650396 -0.547731 -0.092976 1.665913 0.131399 -0.112062
    214 1.899441 -0.000320 -0.000150 -0.027386 0.033311 0.477848
    215 0.657068 0.008398 -0.040379 1.665945 0.131407 -0.000013
    216 1.799659 -0.000233 -0.000233 -0.027386 0.033311 0.477848
    217 1.799659 -0.000233 -0.000233 -0.027386 0.033311 0.477848
    218 1.799659 -0.000233 -0.000233 -0.027386 0.033311 0.477848
    219 0.665778 0.747222 0.029179 1.665935 0.131408 0.094976
    220 1.900722 0.000549 -0.000072 -0.027386 0.033311 0.477848
    221 4.530998 0.000000 0.000000 0.000000 0.000000 0.000000
    222 4.527344 0.000000 0.000000 0.000000 0.000000 0.000000
    223 0.000000 0.000000 0.000000 0.000000 0.000000 0.000000
    224 0.000000 0.000000 0.000000 0.000000 0.000000 0.000000
    225 4.000000 -6.496094 0.008293 -0.001274 0.000001 0.000975
    226 -6.500000 0.000000 0.000000 -1.537381 1.569552 -1.537381
    227 16.488553 -5.742114 8.833433 0.677438 -0.685104 -0.155801
    228 0.280000 -0.135000 2.196999 1.570796 0.000000 -1.570735
    229 0.000000 0.000000 0.000000 0.000000 0.000000 0.000000
    230 0.000000 0.000000 0.000000 0.030764 0.028499 0.002229
    231 0.106000 0.000000 -64.320000 0.000000 0.000000 0.000000
    232 0.000000 0.000000 0.000000 0.000000 0.000000 0.000000
    233 -0.106000 0.000000 64.320000 0.000000 0.000000 0.000000
    234 -0.914955 6.432462 -23.470471 0.677441 -0.685179 -1.726753
    235 0.000000 0.000000 0.000000 0.000000 -0.000036 0.000055
    236 1.688000 -0.001000 -1.454002 0.000000 0.000000 0.000000
    237 -1.070999 -0.005000 0.545002 0.000000 0.000000 0.000000
    238 5.895000 0.750997 -0.156000 0.000000 0.000000 0.000000
    239 11.599999 -0.000003 -1.500002 0.000000 0.000000 0.000000
    240 -3.804688 5.152344 -5.503906 -1.515061 -0.074935 -0.291543
    241 11.239561 -0.000003 -1.579000 0.000000 0.000000 0.000000
    242 0.371656 -6.289257 -10.258080 -0.490825 0.647438 -1.077656
    243 0.673937 -0.015635 -4.768713 -3.141592 -1.281051 3.141593
    244 0.094999 -0.144000 0.332001 0.000000 0.000000 0.000000
    245 14.209020 0.000022 0.766988 0.000000 0.000000 0.000000
    246 0.000000 0.000000 0.000000 1.570800 0.000000 -1.570796
  time 18
    0 0.000000 0.000000 0.000000 0.000000 0.000000 -1.570796
    1 -0.106750 -0.000001 -0.000351 0.000000 0.000000 0.000000
    2 0.000000 0.000000 0.000000 0.000000 0.000000 0.000000
    3 -0.904000 0.000000 -11.806000 0.000000 0.000000 0.000000
    4 0.000000 0.000000 -14.313999 1.572085 -1.570793 0.000000
    5 3.533001 0.000000 0.000000 -0.001274 0.000000 0.000000
    6 6.250000 0.000000 0.000000 0.000000 0.000000 0.000000
    7 9.568951 -0.019507 -1.944020 -1.917021 1.374213 -1.983147
    8 9.570313 5.304688 2.056641 -1.552151 -1.032979 1.554747
    9 5.786820 0.002787 -0.000113 0.428415 0.650138 -0.172781
    10 5.999492 -0.000592 -4.000343 0.000000 0.000000 0.000000
    11 5.787410 0.002582 0.000893 1.216025 -0.812741 -2.118485
    12 5.999492 -0.000592 4.000340 0.000000 0.000000 0.000000
    13 0.500225 0.000133 -0.000084 -0.336213 0.000000 0.000000
    14 11.530657 0.000349 -0.001308 -0.000005 0.000009 -1.988713
    15 -0.829338 0.893824 0.079659 -0.148839 0.047645 0.087266
    16 0.500225 0.000132 0.000072 -0.001978 0.000060 0.000000
    17 11.532495 0.000526 0.003814 0.000054 0.000026 -0.957423
    18 -0.829586 0.894698 -0.079468 0.045377 -0.019621 0.087266
    19 10.599886 0.000105 -0.000553 -0.304657 0.000024 0.000000
    20 0.928284 -0.591597 -0.000805 0.000000 0.000011 0.994361
    21 11.042053 0.003717 0.000798 -0.595259 0.050817 -0.286343
    22 -11.814724 0.424524 -0.297680 0.247998 -0.066121 -0.042695
    23 10.599878 0.000105 0.000549 0.470462 -0.000024 0.000108
    24 0.143101 -0.279088 0.000801 -0.000024 -0.000047 0.478720
    25 11.041739 0.003170 -0.000568 0.366235 0.318825 -0.660182
    26 -11.663242 0.094713 0.140656 -0.068591 0.018527 -0.015099
    27 0.610300 -0.939470 0.070347 -1.655245 -0.140079 -0.175592
    28 0.639938 -0.199121 0.060192 -1.665909 -0.131356 -0.066423
    29 0.600155 1.080260 -0.339535 -1.841617 0.242876 0.056810
    30 0.610207 0.400743 -0.010098 -1.805078 0.074649 0.015703
    31 0.630809 -0.690091 -0.232343 0.468546 0.220217 -1.010997
    32 -0.792125 0.203736 0.461304 1.439074 -0.003453 -0.018305
    33 0.610300 -0.939469 -0.070354 1.655295 0.140031 -0.175640
    34 0.639938 -0.199121 -0.060200 1.665960 0.131392 -0.066423
    35 0.600157 1.080260 0.339531 1.741524 -0.203975 0.075913
    36 0.610205 0.400743 0.010086 1.761892 -0.015373 0.028047
    37 0.627906 -0.691394 0.232270 -1.014522 -0.861429 -0.665957
    38 -0.626031 -0.069982 -0.080517 -1.447153 0.086151 0.021559
    39 2.621377 -0.002532 -0.001438 -0.180172 0.034152 0.271702
    40 2.660837 0.000397 -0.000071 -0.045311 0.144397 0.533062
    41 2.202488 0.003364 -0.002863 -0.181780 0.150136 0.494650
    42 0.599950 0.959236 -0.300102 -0.174544 0.000000 0.000000
    43 2.557190 -0.001967 0.002453 -0.138199 0.113740 0.650905
    44 2.098929 0.000032 -0.002193 -0.457576 0.167041 0.336136
    45 0.999378 -0.000238 -1.088272 0.000000 0.000000 0.000000
    46 -0.122641 -0.721855 0.661686 -0.486644 0.223964 0.243056
    47 2.622112 -0.000648 0.002741 -0.053044 0.086883 -0.048142
    48 2.657909 0.000687 -0.000533 0.200353 0.214659 1.264692
    49 2.200014 0.001663 0.000836 0.236792 0.017724 1.474087
    50 0.599949 0.959244 0.300102 0.174544 0.000000 0.000000
    51 2.556571 -0.000385 0.000554 0.236773 0.177148 1.399512
    52 2.103853 0.001708 -0.001011 0.124870 -0.418714 0.876997
    53 0.999376 -0.000240 1.490624 0.000012 0.000000 0.946917
    54 0.310848 -0.606446 -0.498005 0.308107 -0.197598 0.313975
    55 1.869163 -0.000835 -0.000994 -0.000007 0.000003 0.518421
    56 1.200941 0.399582 -0.000237 -0.009465 0.016087 0.007127
    57 0.000586 0.100342 -0.000319 -0.120035 -0.021926 -0.209617
    58 -0.161663 0.051712 0.194808 -2.941982 0.122408 -0.060194
    59 2.010090 -0.003202 -0.003377 0.000006 0.000001 1.112255
    60 0.000237 0.099800 -0.000395 -0.018823 0.010833 -0.239219
    61 -0.203197 0.048607 0.069150 -3.093332 0.033217 -0.046722
    62 1.180426 -0.002312 0.000781 -0.000002 0.000012 1.613853
    63 -0.000196 0.099625 -0.000034 0.000000 0.000000 -0.314102
    64 -0.088737 -0.688435 -0.145203 2.930407 -0.136130 0.513013
    65 1.712069 -0.003328 0.003818 -0.019141 0.011377 1.215350
    66 -0.000576 0.100143 -0.000311 -0.010914 0.023131 -0.260843
    67 -0.146027 -0.232426 -0.014225 3.028455 -0.094299 0.113020
    68 1.290634 0.000361 -0.000036 0.000000 0.000000 -0.162572
    69 -0.658119 -0.003576 0.072643 -0.142711 0.027792 -0.077299
    70 1.868078 -0.003049 0.002177 0.000027 -0.000021 1.450101
    71 1.200075 0.399942 -0.000093 0.009465 -0.016087 0.007127
    72 0.000589 0.100342 0.000319 0.120035 0.021926 -0.209617
    73 0.068073 0.002283 -0.080050 3.111376 -0.069366 -0.060847
    74 2.011874 -0.001179 0.002180 -0.000025 -0.000061 1.378946
    75 0.000233 0.099800 0.000395 0.018823 -0.010833 -0.239219
    76 -0.018673 -0.001009 0.047544 3.109244 0.002635 -0.106673
    77 1.178665 0.001595 0.000845 0.000006 -0.000001 0.743937
    78 -0.000196 0.099628 0.000034 0.000000 0.000000 -0.314102
    79 0.036894 -0.634449 0.266284 -2.801062 0.174301 0.490915
    80 1.708256 -0.002504 -0.000686 -0.000022 0.000023 1.160590
    81 -0.000580 0.100140 0.000311 0.010910 -0.023132 -0.260845
    82 -0.003952 -0.281811 0.115047 -3.059162 0.089004 0.167964
    83 1.289625 0.000042 0.000061 0.000010 0.000002 0.672669
    84 -0.171526 -0.018150 -0.099873 0.013484 -0.062184 -0.011781
    85 0.916622 0.003336 0.001326 0.000007 0.000009 0.443635
    86 -0.342617 0.053402 -0.025571 -2.909301 -0.017248 0.075276
    87 1.100231 -0.000928 -0.002434 0.000009 0.000002 0.553524
    88 -0.384979 0.331001 0.006848 -3.087207 -0.018765 -0.184278
    89 0.678146 0.002286 0.000002 -0.000006 -0.000007 0.059831
    90 -0.123848 0.072738 0.029507 2.898184 -0.060627 0.094835
    91 1.017166 -0.000154 -0.000252 -0.000011 -0.000002 0.218674
    92 -0.344990 0.123129 0.143151 2.994981 0.012396 0.059140
    93 -0.730989 0.177046 0.039141 -0.123731 0.076518 -0.084310
    94 0.921993 0.001298 -0.000896 -0.000050 0.000001 0.471806
    95 -0.124023 -0.052090 0.038495 3.077813 -0.008519 0.039229
    96 1.100433 -0.003552 0.000502 -0.000042 0.000042 0.545699
    97 -0.330082 0.160639 0.042780 3.128073 0.034033 -0.171236
    98 0.679764 0.001532 0.003272 0.000002 0.000003 0.674786
    99 -0.019512 -0.016531 0.038578 -2.763781 0.050305 0.076829
    100 1.019531 -0.000005 -0.000001 0.000000 0.000000 0.497026
    101 -0.155308 0.130644 -0.021921 -3.022466 0.022433 -0.024902
    102 -0.252207 0.061937 -0.024914 -0.007671 -0.063171 -0.044392
    103 -0.085995 0.185205 -0.015180 -2.937063 -0.113970 -0.138991
    104 -0.286533 0.179852 0.024264 -3.109353 -0.049645 -0.029914
    105 -0.019482 0.147083 0.079203 2.893815 0.038585 -0.060594
    106 -0.046482 0.251896 0.129548 3.016165 0.077112 -0.042864
    107 0.039124 -0.040295 0.047739 3.084219 0.030470 -0.037414
    108 -0.233757 0.066630 0.001754 -3.133087 0.040141 -0.065412
    109 0.044266 0.020131 0.001684 -2.778763 -0.118872 -0.040488
    110 0.071495 0.074128 -0.048302 -3.035917 -0.059482 0.104366
    111 0.000000 0.000000 0.000000 0.000000 0.000000 -1.570796
    112 -4.632954 -7.281472 -9.363567 0.643536 -0.676448 -1.726505
    113 0.000000 0.000000 0.000000 0.000000 0.000000 0.000000
    114 -5.683767 -15.516098 -3.101657 0.643336 -0.676272 -1.726491
    115 3.096000 0.000000 -1.996000 0.000000 0.000000 0.000000
    116 3.040999 0.000000 1.202000 0.000000 0.000000 0.000000
    117 7.854000 0.000000 -0.042000 0.000000 0.000000 -0.000027
    118 13.105999 0.000000 -0.006000 0.000000 0.000000 0.000027
    119 3.456000 0.000000 -1.084000 0.000000 0.000000 0.000013
    120 1.804000 0.000000 -1.025000 0.000000 0.000000 0.000000
    121 7.098000 0.000000 -1.084000 0.000000 0.000000 0.000000
    122 1.868000 1.809000 -1.975000 -2.218442 -0.017124 -0.465675
    123 3.740000 0.000000 1.273000 0.000000 0.000000 0.000013
    124 11.956999 0.000000 -0.006000 0.000000 0.000000 0.000027
    125 6.072001 0.000000 -1.238000 0.000000 0.000000 0.000000
    126 5.690000 -0.365000 0.068000 -0.000040 -0.349041 -1.570749
    127 6.396999 0.614000 0.428000 0.000000 0.000000 -0.000027
    128 3.040999 0.000000 1.202000 0.000000 0.000000 0.000000
    129 3.720000 0.000000 1.202000 0.000000 0.000000 0.000000
    130 1.086000 -0.661000 -0.149000 0.000000 0.000000 0.000000
    131 1.067000 0.589000 0.076000 0.000000 0.000000 0.000000
    132 0.000000 -0.019000 0.000000 0.000000 0.000000 0.000000
    133 0.000000 -0.019000 0.000000 0.000000 0.000000 0.000000
    134 3.300000 -0.019000 1.346000 0.000000 0.000000 0.000000
    135 -1.524000 -1.859000 -4.367000 -1.730250 -0.014891 0.208056
    136 7.283999 0.000000 -2.195000 0.000000 0.000000 -0.000027
    137 -1.323000 0.000000 0.184000 0.000000 0.000000 0.000000
    138 0.082000 0.000000 1.002000 0.000000 0.000000 0.000000
    139 -52.281586 -19.652943 -28.586409 -0.690175 0.628319 -0.310185
    140 0.478000 0.000000 -4.537000 0.000000 0.000000 -0.000013
    141 3.436000 0.000000 1.202000 0.000000 0.000000 0.000000
    142 3.040999 0.000000 1.202000 0.000000 0.000000 0.000000
    143 4.657000 0.000000 1.545000 0.000000 0.000000 -0.000013
    144 -0.403000 0.000000 -0.011000 0.000000 0.000000 0.000000
    145 1.781000 0.000000 0.873000 0.000000 0.000000 0.000000
    146 0.384000 0.715000 0.801000 0.000000 0.000000 0.000000
    147 1.795000 0.533000 -1.550000 0.000000 0.000000 0.000000
    148 4.435999 0.595000 -0.954000 0.000000 0.000000 0.000000
    149 4.401999 -0.614000 -1.630000 0.000000 0.000000 0.000000
    150 4.203000 -0.003000 -0.048000 0.000000 0.000000 0.000000
    151 5.136000 0.000000 1.534000 0.000000 0.000000 -0.000027
    152 11.957001 0.000000 -0.006000 0.000000 0.000000 0.000027
    153 -2.103001 0.000000 0.000000 0.000000 0.000000 0.000000
    154 -0.598001 0.000000 -0.011000 0.000000 0.000000 -0.000013
    155 0.496000 0.184000 -3.523000 0.000000 0.000000 0.000000
    156 0.147000 0.184000 -0.328000 0.000000 0.000000 0.000000
    157 0.147000 0.184000 0.023000 0.000000 0.000000 0.000000
    158 0.147000 0.184000 0.368000 0.000000 0.000000 0.000000
    159 0.147000 0.184000 0.717000 0.000000 0.000000 0.000000
    160 0.147000 0.184000 1.067000 0.000000 0.000000 0.000000
    161 0.148000 0.184000 1.414000 0.000000 0.000000 0.000000
    162 0.148000 -0.074000 1.640000 0.000000 0.000000 0.000000
    163 0.435000 0.184000 -3.179000 0.000000 0.000000 0.000000
    164 0.378000 0.184000 -2.826000 0.000000 0.000000 0.000000
    165 0.329000 0.184000 -2.477000 0.000000 0.000000 0.000000
    166 0.286000 0.184000 -2.127000 0.000000 0.000000 0.000000
    167 0.252000 0.184000 -1.775000 0.000000 0.000000 0.000000
    168 0.215000 0.184000 -1.417000 0.000000 0.000000 0.000000
    169 0.190000 0.184000 -1.064000 0.000000 0.000000 0.000000
    170 0.166000 0.184000 -0.714000 0.000000 0.000000 0.000000
    171 1.622000 0.000000 1.568000 0.000000 0.000000 0.000013
    172 2.240000 0.000000 1.568000 0.000000 0.000000 0.000013
    173 0.000000 0.000000 0.000000 0.000000 0.000000 0.000000
    174 0.000006 -0.006207 -4.863281 -3.140338 -0.002958 -3.128596
    175 1.000088 -0.000029 0.000000 0.000000 0.000000 0.000000
    176 17.162518 -0.000404 0.000000 0.000000 0.000000 0.119207
    177 17.749374 0.295515 0.000000 0.000000 0.000000 -1.158917
    178 5.413528 0.000347 0.000000 0.000000 0.000000 -0.518029
    179 0.017887 0.299792 0.000000 0.000000 0.000000 -0.059577
    180 9.999889 -0.000303 0.000000 0.000000 0.000000 0.000000
    181 0.000004 0.006218 4.863281 -3.140338 -0.002958 -3.128596
    182 1.000088 -0.000029 0.000000 0.000000 0.000000 0.000000
    183 12.283573 1.581455 -4.695999 1.462269 -0.086726 0.090185
    184 17.162518 -0.000404 0.000000 0.000000 0.000000 0.119207
    185 17.749374 0.295515 0.000000 0.000000 0.000000 -1.158919
    186 5.413528 0.000347 0.000000 0.000000 0.000000 -0.518029
    187 0.017887 0.299792 0.000000 0.000000 0.000000 -0.059571
    188 9.499836 0.000212 0.000000 0.000000 0.000000 0.000000
    189 -1.145525 0.000130 0.000671 0.000000 0.000000 0.000000
    190 -0.857691 0.104071 0.104687 0.023536 0.163924 0.013632
    191 3.999430 -0.000528 -0.000332 -0.304669 0.000000 0.000060
    192 0.599499 0.400698 0.000236 0.000000 0.000000 0.000000
    193 0.599886 0.400186 -0.000027 0.000000 0.000000 0.000000
    194 2.299677 -2.499979 -0.599480 0.891926 0.221475 -0.527217
    195 15.506024 -10.099847 2.464970 2.876215 -0.825058 -0.762237
    196 -9.580679 -27.862108 -37.184677 0.812879 -0.123459 -0.568477
    197 0.649935 -0.548296 0.093658 -1.665913 -0.131399 -0.112062
    198 1.899127 0.000427 -0.000439 0.027386 -0.033311 0.477848
    199 0.657078 0.008400 0.040375 -1.665945 -0.131407 -0.000013
    200 1.799664 -0.000240 0.000231 0.027386 -0.033311 0.477848
    201 1.799664 -0.000240 0.000231 0.027386 -0.033311 0.477848
    202 1.799664 -0.000240 0.000231 0.027386 -0.033311 0.477848
    203 0.665774 0.747222 -0.029186 -1.665935 -0.131408 0.094976
    204 1.900306 -0.000137 -0.000517 0.027386 -0.033311 0.477848
    205 5.009671 -4.249112 5.536155 3.885128 1.472729 -0.644487
    206 3.999897 0.000040 0.001007 0.235175 0.000000 0.000048
    207 0.600403 0.399632 -0.000469 0.000000 0.000000 3.141497
    208 0.599890 0.400186 0.000031 0.000000 0.000000 -3.141496
    209 2.300137 -2.499413 0.600155 -0.891899 -0.221535 -0.527242
    210 12.103249 -3.649587 -1.238105 1.733585 0.203059 0.048157
    211 2.762354 0.116951 1.523975 1.629482 0.064153 1.743800
    212 7.228317 7.928200 -3.925652 2.328713 0.123459 -0.568477
    213 0.650396 -0.547731 -0.092976 1.665913 0.131399 -0.112062
    214 1.899441 -0.000320 -0.000150 -0.027386 0.033311 0.477848
    215 0.657068 0.008398 -0.040379 1.665945 0.131407 -0.000013
    216 1.799659 -0.000233 -0.000233 -0.027386 0.033311 0.477848
    217 1.799659 -0.000233 -0.000233 -0.027386 0.033311 0.477848
    218 1.799659 -0.000233 -0.000233 -0.027386 0.033311 0.477848
    219 0.665778 0.747222 0.029179 1.665935 0.131408 0.094976
    220 1.900722 0.000549 -0.000072 -0.027386 0.033311 0.477848
    221 4.530998 0.000000 0.000000 0.000000 0.000000 0.000000
    222 4.527344 0.000000 0.000000 0.000000 0.000000 0.000000
    223 0.000000 0.000000 0.000000 0.000000 0.000000 0.000000
    224 0.000000 0.000000 0.000000 0.000000 0.000000 0.000000
    225 4.000000 -6.496094 0.008293 -0.001274 0.000001 0.000975
    226 -6.500000 0.000000 0.000000 -1.537381 1.569552 -1.537381
    227 16.531523 -5.687425 8.704523 0.643623 -0.676397 -0.155801
    228 0.280000 -0.135000 2.196999 1.570796 0.000000 -1.570735
    229 0.000000 0.000000 0.000000 0.000000 0.000000 0.000000
    230 0.000000 0.000000 0.000000 0.030153 0.028979 0.003739
    231 0.106000 0.000000 -64.320000 0.000000 0.000000 0.000000
    232 0.000000 0.000000 0.000000 0.000000 0.000000 0.000000
    233 -0.106000 0.000000 64.320000 0.000000 0.000000 0.000000
    234 -0.899329 6.545747 -23.435314 0.643543 -0.676440 -1.726657
    235 0.000000 0.000000 0.000000 0.000000 -0.000036 0.000055
    236 1.688000 -0.001000 -1.454002 0.000000 0.000000 0.000000
    237 -1.070999 -0.005000 0.545002 0.000000 0.000000 0.000000
    238 5.895000 0.750997 -0.156000 0.000000 0.000000 0.000000
    239 11.599999 -0.000003 -1.500002 0.000000 0.000000 0.000000
    240 -3.804688 5.152344 -5.503906 -1.515061 -0.074935 -0.291543
    241 11.239561 -0.000003 -1.579000 0.000000 0.000000 0.000000
    242 -0.651813 -7.261943 -11.621403 -0.485981 0.641270 -1.067230
    243 0.673937 -0.015635 -4.768713 -3.141592 -1.281051 3.141593
    244 0.094999 -0.144000 0.332001 0.000000 0.000000 0.000000
    245 14.209020 0.000022 0.766988 0.000000 0.000000 0.000000
    246 0.000000 0.000000 0.000000 1.570800 0.000000 -1.570796
  time 19
    0 0.000000 0.000000 0.000000 0.000000 0.000000 -1.570796
    1 -0.106750 -0.000001 -0.000351 0.000000 0.000000 0.000000
    2 0.000000 0.000000 0.000000 0.000000 0.000000 0.000000
    3 -0.904000 0.000000 -11.806000 0.000000 0.000000 0.000000
    4 0.000000 0.000000 -14.313999 1.572085 -1.570793 0.000000
    5 3.533001 0.000000 0.000000 -0.001274 0.000000 0.000000
    6 6.250000 0.000000 0.000000 0.000000 0.000000 0.000000
    7 9.568951 -0.019507 -1.944020 -1.917021 1.374213 -1.983147
    8 9.570313 5.304688 2.056641 -1.552151 -1.032979 1.554747
    9 5.786820 0.002787 -0.000113 0.422775 0.654625 -0.203422
    10 5.999492 -0.000592 -4.000343 0.000000 0.000000 0.000000
    11 5.787410 0.002582 0.000893 1.204299 -0.819990 -2.102902
    12 5.999492 -0.000592 4.000340 0.000000 0.000000 0.000000
    13 0.500225 0.000133 -0.000084 -0.349225 0.000000 0.000060
    14 11.530657 0.000349 -0.001308 0.000043 -0.000027 -1.960559
    15 -0.829338 0.893824 0.079659 -0.148839 0.047645 0.087266
    16 0.500225 0.000132 0.000072 0.004155 0.000060 0.000000
    17 11.532495 0.000526 0.003814 0.000006 -0.000010 -0.989270
    18 -0.829586 0.894698 -0.079468 0.045377 -0.019621 0.087266
    19 10.599886 0.000105 -0.000553 -0.326124 0.000000 0.000000
    20 0.881407 -0.591597 -0.000805 0.000036 0.000047 0.980296
    21 11.042053 0.003717 0.000798 -0.631603 0.038833 -0.323286
    22 -11.814724 0.424524 -0.297680 0.247998 -0.066121 -0.042695
    23 10.599878 0.000105 0.000549 0.416373 0.000000 0.000000
    24 0.143101 -0.279088 0.000801 0.000000 -0.000011 0.494628
    25 11.041739 0.003170 -0.000568 0.338863 0.315278 -0.609102
    26 -11.663242 0.094713 0.140656 -0.068591 0.018527 -0.015099
    27 0.610300 -0.939470 0.070347 -1.655245 -0.140079 -0.175592
    28 0.639938 -0.199121 0.060192 -1.665909 -0.131356 -0.066423
    29 0.600155 1.080260 -0.339535 -1.861668 0.282508 0.047354
    30 0.610207 0.400743 -0.010098 -1.812984 0.098906 0.010765
    31 0.630809 -0.690091 -0.232343 0.513575 0.227446 -1.001593
    32 -0.792125 0.203736 0.461304 1.439074 -0.003453 -0.018305
    33 0.610300 -0.939469 -0.070354 1.655295 0.140031 -0.175640
    34 0.639938 -0.199121 -0.060200 1.665960 0.131404 -0.066423
    35 0.600157 1.080260 0.339531 1.741524 -0.203975 0.075913
    36 0.610205 0.400743 0.010086 1.761892 -0.015373 0.028047
    37 0.627906 -0.691394 0.232270 -1.014522 -0.861429 -0.665957
    38 -0.626031 -0.069982 -0.080517 -1.447153 0.086151 0.021559
    39 2.621377 -0.002532 -0.001438 -0.267024 0.051972 0.313432
    40 2.660837 0.000397 -0.000071 -0.053434 0.206284 0.566577
    41 2.202488 0.003364 -0.002863 -0.126261 0.281759 0.439248
    42 0.599950 0.959236 -0.300102 -0.174544 0.000000 0.000000
    43 2.557190 -0.001967 0.002453 -0.140064 0.185553 0.671649
    44 2.098929 0.000032 -0.002193 -0.484476 0.177859 0.327048
    45 0.999378 -0.000238 -1.092179 0.000000 0.000000 0.000000
    46 -0.122641 -0.721855 0.661686 -0.486644 0.223964 0.243056
    47 2.622112 -0.000648 0.002741 -0.053044 0.086883 -0.048142
    48 2.657909 0.000687 -0.000533 0.200353 0.214659 1.264692
    49 2.200014 0.001663 0.000836 0.236792 0.017724 1.474087
    50 0.599949 0.959244 0.300102 0.174544 0.000000 0.000000
    51 2.556571 -0.000385 0.000554 0.236773 0.177148 1.399512
    52 2.103853 0.001708 -0.001011 0.124870 -0.418714 0.876997
    53 0.999376 -0.000240 1.490624 0.000012 0.000000 0.946917
    54 0.310848 -0.606446 -0.498005 0.308107 -0.197598 0.313975
    55 1.869163 -0.000835 -0.000994 -0.000007 0.000003 0.533554
    56 1.200941 0.399582 -0.000237 -0.009465 0.016087 0.007127
    57 0.000586 0.100342 -0.000319 -0.120035 -0.021926 -0.209617
    58 -0.161663 0.051712 0.194808 -2.941982 0.122408 -0.060194
    59 2.010090 -0.003202 -0.003377 0.000042 0.000060 1.250239
    60 0.000237 0.099800 -0.000395 -0.018823 0.010833 -0.239219
    61 -0.203197 0.048607 0.069150 -3.093332 0.033217 -0.046722
    62 1.180426 -0.002312 0.000781 0.000118 -0.000060 1.836161
    63 -0.000196 0.099625 -0.000034 0.000000 0.000000 -0.314102
    64 -0.088737 -0.688435 -0.145203 2.930407 -0.136130 0.513013
    65 1.712069 -0.003328 0.003818 -0.022604 0.013390 1.392113
    66 -0.000576 0.100143 -0.000311 -0.010914 0.023131 -0.260843
    67 -0.146027 -0.232426 -0.014225 3.028455 -0.094299 0.113020
    68 1.290634 0.000361 -0.000036 0.000000 0.000000 -0.158999
    69 -0.658119 -0.003576 0.072643 -0.142711 0.027792 -0.077299
    70 1.868078 -0.003049 0.002177 0.000015 -0.000021 1.450101
    71 1.200075 0.399942 -0.000093 0.009465 -0.016087 0.007127
    72 0.000589 0.100342 0.000319 0.120035 0.021926 -0.209617
    73 0.068073 0.002283 -0.080050 3.111376 -0.069366 -0.060847
    74 2.011874 -0.001179 0.002180 -0.000037 -0.000061 1.378946
    75 0.000233 0.099800 0.000395 0.018823 -0.010833 -0.239219
    76 -0.018673 -0.001009 0.047544 3.109244 0.002635 -0.106673
    77 1.178665 0.001595 0.000845 0.000006 -0.000001 0.743937
    78 -0.000196 0.099628 0.000034 0.000000 0.000000 -0.314102
    79 0.036894 -0.634449 0.266284 -2.801062 0.174301 0.490915
    80 1.708256 -0.002504 -0.000686 -0.000022 0.000023 1.160590
    81 -0.000580 0.100140 0.000311 0.010910 -0.023132 -0.260845
    82 -0.003952 -0.281811 0.115047 -3.059162 0.089004 0.167964
    83 1.289625 0.000042 0.000061 0.000010 0.000002 0.672669
    84 -0.171526 -0.018150 -0.099873 0.013484 -0.062184 -0.011781
    85 0.916622 0.003336 0.001326 0.000066 -0.000015 0.516974
    86 -0.342617 0.053402 -0.025571 -2.909301 -0.017248 0.075276
    87 1.100231 -0.000928 -0.002434 0.000009 0.000002 0.643185
    88 -0.384979 0.331001 0.006848 -3.087207 -0.018765 -0.184278
    89 0.678146 0.002286 -0.003905 -0.000006 -0.000067 0.114310
    90 -0.123848 0.072738 0.029507 2.898184 -0.060627 0.094835
    91 1.017166 -0.000154 -0.000252 -0.000011 -0.000002 0.245278
    92 -0.344990 0.123129 0.143151 2.994981 0.012396 0.059140
    93 -0.730989 0.177046 0.039141 -0.123731 0.076518 -0.084310
    94 0.921993 0.001298 -0.000896 -0.000038 0.000001 0.471806
    95 -0.124023 -0.052090 0.038495 3.077813 -0.008519 0.039229
    96 1.100433 -0.003552 0.000502 -0.000042 0.000042 0.545699
    97 -0.330082 0.160639 0.042780 3.128073 0.034033 -0.171236
    98 0.679764 0.001532 0.003272 0.000002 0.000003 0.674786
    99 -0.019512 -0.016531 0.038578 -2.763781 0.050305 0.076829
    100 1.019531 -0.000005 -0.000001 0.000000 0.000000 0.497026
    101 -0.155308 0.130644 -0.021921 -3.022466 0.022433 -0.024902
    102 -0.252207 0.061937 -0.024914 -0.007671 -0.063171 -0.044392
    103 -0.085995 0.185205 -0.015180 -2.937063 -0.113970 -0.138991
    104 -0.286533 0.179852 0.024264 -3.109353 -0.049645 -0.029914
    105 -0.019482 0.147083 0.079203 2.893815 0.038585 -0.060594
    106 -0.046482 0.251896 0.129548 3.016165 0.077112 -0.042864
    107 0.039124 -0.040295 0.047739 3.084219 0.030470 -0.037414
    108 -0.233757 0.066630 0.001754 -3.133087 0.040141 -0.065412
    109 0.044266 0.020131 0.001684 -2.778763 -0.118872 -0.040488
    110 0.071495 0.074128 -0.048302 -3.035917 -0.059482 0.104366
    111 0.000000 0.000000 0.000000 0.000000 0.000000 -1.570796
    112 -4.527482 -7.277566 -9.113559 0.595129 -0.658498 -1.725386
    113 0.000000 0.000000 0.000000 0.000000 0.000000 0.000000
    114 -5.609546 -15.625477 -3.011811 0.594848 -0.658295 -1.725279
    115 3.096000 0.000000 -1.996000 0.000000 0.000000 0.000000
    116 3.040999 0.000000 1.202000 0.000000 0.000000 0.000000
    117 7.854000 0.000000 -0.042000 0.000000 0.000000 -0.000027
    118 13.105999 0.000000 -0.006000 0.000000 0.000000 0.000027
    119 3.456000 0.000000 -1.084000 0.000000 0.000000 0.000013
    120 1.804000 0.000000 -1.025000 0.000000 0.000000 0.000000
    121 7.098000 0.000000 -1.084000 0.000000 0.000000 0.000000
    122 1.868000 1.809000 -1.975000 -2.218442 -0.017124 -0.465675
    123 3.740000 0.000000 1.273000 0.000000 0.000000 0.000013
    124 11.956999 0.000000 -0.006000 0.000000 0.000000 0.000027
    125 6.072001 0.000000 -1.238000 0.000000 0.000000 0.000000
    126 5.690000 -0.365000 0.068000 -0.000040 -0.349041 -1.570749
    127 6.396999 0.614000 0.428000 0.000000 0.000000 -0.000027
    128 3.040999 0.000000 1.202000 0.000000 0.000000 0.000000
    129 3.720000 0.000000 1.202000 0.000000 0.000000 0.000000
    130 1.086000 -0.661000 -0.149000 0.000000 0.000000 0.000000
    131 1.067000 0.589000 0.076000 0.000000 0.000000 0.000000
    132 0.000000 -0.019000 0.000000 0.000000 0.000000 0.000000
    133 0.000000 -0.019000 0.000000 0.000000 0.000000 0.000000
    134 3.300000 -0.019000 1.346000 0.000000 0.000000 0.000000
    135 -1.524000 -1.859000 -4.367000 -1.730250 -0.014891 0.208056
    136 7.283999 0.000000 -2.195000 0.000000 0.000000 -0.000027
    137 -1.323000 0.000000 0.184000 0.000000 0.000000 0.000000
    138 0.082000 0.000000 1.002000 0.000000 0.000000 0.000000
    139 -51.754226 -18.777917 -30.297399 -0.628347 0.627326 -0.264137
    140 0.478000 0.000000 -4.537000 0.000000 0.000000 -0.000013
    141 3.436000 0.000000 1.202000 0.000000 0.000000 0.000000
    142 3.040999 0.000000 1.202000 0.000000 0.000000 0.000000
    143 4.657000 0.000000 1.545000 0.000000 0.000000 -0.000013
    144 -0.403000 0.000000 -0.011000 0.000000 0.000000 0.000000
    145 1.781000 0.000000 0.873000 0.000000 0.000000 0.000000
    146 0.384000 0.715000 0.801000 0.000000 0.000000 0.000000
    147 1.795000 0.533000 -1.550000 0.000000 0.000000 0.000000
    148 4.435999 0.595000 -0.954000 0.000000 0.000000 0.000000
    149 4.401999 -0.614000 -1.630000 0.000000 0.000000 0.000000
    150 4.203000 -0.003000 -0.048000 0.000000 0.000000 0.000000
    151 5.136000 0.000000 1.534000 0.000000 0.000000 -0.000027
    152 11.957001 0.000000 -0.006000 0.000000 0.000000 0.000027
    153 -2.103001 0.000000 0.000000 0.000000 0.000000 0.000000
    154 -0.598001 0.000000 -0.011000 0.000000 0.000000 -0.000013
    155 0.496000 0.184000 -3.523000 0.000000 0.000000 0.000000
    156 0.147000 0.184000 -0.328000 0.000000 0.000000 0.000000
    157 0.147000 0.184000 0.023000 0.000000 0.000000 0.000000
    158 0.147000 0.184000 0.368000 0.000000 0.000000 0.000000
    159 0.147000 0.184000 0.717000 0.000000 0.000000 0.000000
    160 0.147000 0.184000 1.067000 0.000000 0.000000 0.000000
    161 0.148000 0.184000 1.414000 0.000000 0.000000 0.000000
    162 0.148000 -0.074000 1.640000 0.000000 0.000000 0.000000
    163 0.435000 0.184000 -3.179000 0.000000 0.000000 0.000000
    164 0.378000 0.184000 -2.826000 0.000000 0.000000 0.000000
    165 0.329000 0.184000 -2.477000 0.000000 0.000000 0.000000
    166 0.286000 0.184000 -2.127000 0.000000 0.000000 0.000000
    167 0.252000 0.184000 -1.775000 0.000000 0.000000 0.000000
    168 0.215000 0.184000 -1.417000 0.000000 0.000000 0.000000
    169 0.190000 0.184000 -1.064000 0.000000 0.000000 0.000000
    170 0.166000 0.184000 -0.714000 0.000000 0.000000 0.000000
    171 1.622000 0.000000 1.568000 0.000000 0.000000 0.000013
    172 2.240000 0.000000 1.568000 0.000000 0.000000 0.000013
    173 0.000000 0.000000 0.000000 0.000000 0.000000 0.000000
    174 0.000006 -0.006207 -4.863281 -3.140338 -0.002958 -3.128596
    175 1.000088 -0.000029 0.000000 0.000000 0.000000 0.000000
    176 17.162518 -0.000404 0.000000 0.000000 0.000000 0.119207
    177 17.749374 0.295515 0.000000 0.000000 0.000000 -1.158917
    178 5.413528 0.000347 0.000000 0.000000 0.000000 -0.518029
    179 0.017887 0.299792 0.000000 0.000000 0.000000 -0.059577
    180 9.999889 -0.000303 0.000000 0.000000 0.000000 0.000000
    181 0.000004 0.006218 4.863281 -3.140338 -0.002958 -3.128596
    182 1.000088 -0.000029 0.000000 0.000000 0.000000 0.000000
    183 12.283573 1.581455 -4.695999 1.462269 -0.086726 0.090185
    184 17.162518 -0.000404 0.000000 0.000000 0.000000 0.119207
    185 17.749374 0.295515 0.000000 0.000000 0.000000 -1.158919
    186 5.413528 0.000347 0.000000 0.000000 0.000000 -0.518029
    187 0.017887 0.299792 0.000000 0.000000 0.000000 -0.059571
    188 9.499836 0.000212 0.000000 0.000000 0.000000 0.000000
    189 -1.145525 0.000130 0.000671 0.000000 0.000000 0.000000
    190 -0.857691 0.104071 0.104687 0.023536 0.163924 0.013632
    191 3.999430 -0.000528 -0.000332 -0.326115 0.000000 0.000000
    192 0.599499 0.400698 0.000236 0.000000 0.000000 0.000000
    193 0.599886 0.400186 -0.000027 0.000000 0.000000 0.000000
    194 2.299677 -2.499979 -0.599480 0.891926 0.221475 -0.527217
    195 15.506024 -10.099847 2.464970 2.876215 -0.825101 -0.762329
    196 -9.580679 -27.862108 -37.184677 0.812879 -0.123459 -0.568477
    197 0.649935 -0.548296 0.093658 -1.665913 -0.131399 -0.112062
    198 1.899127 0.000427 -0.000439 0.027386 -0.033311 0.477848
    199 0.657078 0.008400 0.040375 -1.665945 -0.131407 -0.000013
    200 1.799664 -0.000240 0.000231 0.027386 -0.033311 0.477848
    201 1.799664 -0.000240 0.000231 0.027386 -0.033311 0.477848
    202 1.799664 -0.000240 0.000231 0.027386 -0.033311 0.477848
    203 0.665774 0.747222 -0.029186 -1.665935 -0.131408 0.094976
    204 1.900306 -0.000137 -0.000517 0.027386 -0.033311 0.477848
    205 5.009671 -4.249112 5.536155 3.885128 1.472729 -0.644487
    206 3.999897 0.000040 0.001007 0.208176 0.000000 0.000000
    207 0.600403 0.399632 -0.000469 0.000000 0.000000 3.141497
    208 0.599890 0.400186 0.000031 0.000000 0.000000 3.141497
    209 2.300137 -2.499413 0.600155 -0.891899 -0.221535 -0.527242
    210 12.103249 -3.649587 -1.238105 1.733585 0.203059 0.048157
    211 2.762354 0.116951 1.523975 1.629482 0.064153 1.743800
    212 7.228317 7.928200 -3.925652 2.328713 0.123459 -0.568477
    213 0.650396 -0.547731 -0.092976 1.665913 0.131399 -0.112062
    214 1.899441 -0.000320 -0.000150 -0.027386 0.033311 0.477848
    215 0.657068 0.008398 -0.040379 1.665945 0.131407 -0.000013
    216 1.799659 -0.000233 -0.000233 -0.027386 0.033311 0.477848
    217 1.799659 -0.000233 -0.000233 -0.027386 0.033311 0.477848
    218 1.799659 -0.000233 -0.000233 -0.027386 0.033311 0.477848
    219 0.665778 0.747222 0.029179 1.665935 0.131408 0.094976
    220 1.900722 0.000549 -0.000072 -0.027386 0.033311 0.477848
    221 4.530998 0.000000 0.000000 0.000000 0.000000 0.000000
    222 4.527344 0.000000 0.000000 0.000000 0.000000 0.000000
    223 0.000000 0.000000 0.000000 0.000000 0.000000 0.000000
    224 0.000000 0.000000 0.000000 0.000000 0.000000 0.000000
    225 4.000000 -6.496094 0.008293 -0.001274 0.000001 0.000975
    226 -6.500000 0.000000 0.000000 -1.537381 1.569552 -1.537381
    227 16.640901 -5.609297 8.794370 0.595216 -0.658405 -0.154682
    228 0.280000 -0.135000 2.196999 1.570796 0.000000 -1.570735
    229 0.000000 0.000000 0.000000 0.000000 0.000000 0.000000
    230 0.000000 0.000000 0.000000 0.029554 0.029458 0.005249
    231 0.106000 0.000000 -64.320000 0.000000 0.000000 0.000000
    232 0.000000 0.000000 0.000000 0.000000 0.000000 0.000000
    233 -0.106000 0.000000 64.320000 0.000000 0.000000 0.000000
    234 -0.879797 6.776223 -22.986081 0.595142 -0.658474 -1.725508
    235 0.000000 0.000000 0.000000 0.000000 -0.000036 0.000055
    236 1.688000 -0.001000 -1.454002 0.000000 0.000000 0.000000
    237 -1.070999 -0.005000 0.545002 0.000000 0.000000 0.000000
    238 5.895000 0.750997 -0.156000 0.000000 0.000000 0.000000
    239 11.599999 -0.000003 -1.500002 0.000000 0.000000 0.000000
    240 -3.804688 5.152344 -5.503906 -1.515061 -0.074935 -0.291543
    241 11.239561 -0.000003 -1.579000 0.000000 0.000000 0.000000
    242 -1.753409 -8.414322 -13.195669 -0.481327 0.635057 -1.056898
    243 0.673937 -0.015635 -4.768713 -3.141592 -1.281051 3.141593
    244 0.094999 -0.144000 0.332001 0.000000 0.000000 0.000000
    245 14.209020 0.000022 0.766988 0.000000 0.000000 0.000000
    246 0.000000 0.000000 0.000000 1.570800 0.000000 -1.570796
  time 20
    0 0.000000 0.000000 0.000000 0.000000 0.000000 -1.570796
    1 -0.106750 -0.000001 -0.000351 0.000000 0.000000 0.000000
    2 0.000000 0.000000 0.000000 0.000000 0.000000 0.000000
    3 -0.904000 0.000000 -11.806000 0.000000 0.000000 0.000000
    4 0.000000 0.000000 -14.313999 1.572085 -1.570793 0.000000
    5 3.533001 0.000000 0.000000 -0.001274 0.000000 0.000000
    6 6.250000 0.000000 0.000000 0.000000 0.000000 0.000000
    7 9.568951 -0.019507 -1.944020 -1.917021 1.374213 -1.983147
    8 9.570313 5.304688 2.056641 -1.552151 -1.032979 1.554747
    9 5.786820 0.002787 -0.000113 0.413216 0.659174 -0.202961
    10 5.999492 -0.000592 -4.000343 0.000000 0.000000 0.000000
    11 5.787410 0.002582 0.000893 1.197214 -0.819002 -2.095745
    12 5.999492 -0.000592 4.000340 0.000000 0.000000 0.000000
    13 0.500225 0.000133 -0.000084 -0.341763 0.000000 0.000000
    14 11.530657 0.000349 -0.001308 -0.000005 0.000009 -1.971222
    15 -0.829338 0.893824 0.079659 -0.148839 0.047645 0.087266
    16 0.500225 0.000132 0.000072 0.006199 0.000000 0.000000
    17 11.532495 0.000526 0.003814 -0.000078 0.000014 -1.011336
    18 -0.829586 0.894698 -0.079468 0.045377 -0.019621 0.087266
    19 10.599886 0.000105 -0.000553 -0.334841 -0.000024 0.000000
    20 0.897033 -0.591597 -0.000805 0.000000 0.000011 0.985614
    21 11.042053 0.003717 0.000798 -0.651713 0.048986 -0.315099
    22 -11.814724 0.424524 -0.297680 0.247998 -0.066121 -0.042695
    23 10.599878 0.000105 0.000549 0.405712 0.000000 0.000000
    24 0.143101 -0.279088 0.000801 0.000048 -0.000023 0.505712
    25 11.041739 0.003170 -0.000568 0.339736 0.314927 -0.571123
    26 -11.663242 0.094713 0.140656 -0.068591 0.018527 -0.015099
    27 0.610300 -0.939470 0.070347 -1.655245 -0.140079 -0.175604
    28 0.639938 -0.199121 0.060192 -1.665909 -0.131356 -0.066423
    29 0.600155 1.080260 -0.339535 -1.869465 0.297744 0.043543
    30 0.610207 0.400743 -0.010098 -1.816211 0.108374 0.008836
    31 0.630809 -0.690091 -0.232343 0.531008 0.230360 -0.998002
    32 -0.792125 0.203736 0.461304 1.439074 -0.003453 -0.018305
    33 0.610300 -0.939469 -0.070354 1.655295 0.140031 -0.175640
    34 0.639938 -0.199121 -0.060200 1.665960 0.131404 -0.066423
    35 0.600157 1.080260 0.339531 1.741524 -0.203975 0.075913
    36 0.610205 0.400743 0.010086 1.761892 -0.015373 0.028047
    37 0.627906 -0.691394 0.232270 -1.014522 -0.861429 -0.665957
    38 -0.626031 -0.069982 -0.080517 -1.447153 0.086151 0.021559
    39 2.621377 -0.002532 -0.001438 -0.309656 0.071999 0.329632
    40 2.660837 0.000397 -0.000071 -0.063748 0.265189 0.599052
    41 2.202488 0.003364 -0.002863 -0.104721 0.396403 0.417771
    42 0.599950 0.959236 -0.300102 -0.174544 0.000000 0.000000
    43 2.557190 -0.001967 0.002453 -0.140420 0.257295 0.692599
    44 2.098929 0.000032 -0.002193 -0.494855 0.182010 0.323620
    45 0.999378 -0.000238 -1.096085 0.000000 0.000000 0.000000
    46 -0.122641 -0.721855 0.661686 -0.486644 0.223964 0.243056
    47 2.622112 -0.000648 0.002741 -0.053044 0.086883 -0.048142
    48 2.657909 0.000687 -0.000533 0.200353 0.214659 1.264692
    49 2.200014 0.001663 0.000836 0.236792 0.017724 1.474087
    50 0.599949 0.959244 0.300102 0.174544 0.000000 0.000000
    51 2.556571 -0.000385 0.000554 0.236773 0.177148 1.399512
    52 2.103853 0.001708 -0.001011 0.124870 -0.418714 0.876997
    53 0.999376 -0.000240 1.490624 0.000012 0.000000 0.946917
    54 0.310848 -0.606446 -0.498005 0.308107 -0.197598 0.313975
    55 1.869163 -0.000835 -0.000994 -0.000019 -0.000056 0.539481
    56 1.200941 0.399582 -0.000237 -0.009465 0.016087 0.007127
    57 0.000586 0.100342 -0.000319 -0.120035 -0.021926 -0.209617
    58 -0.161663 0.051712 0.194808 -2.941982 0.122408 -0.060194
    59 2.010090 -0.003202 -0.003377 0.000006 0.000001 1.303645
    60 0.000237 0.099800 -0.000395 -0.018823 0.010833 -0.239219
    61 -0.203197 0.048607 0.069150 -3.093332 0.033217 -0.046722
    62 1.180426 -0.002312 0.000781 -0.000061 -0.000024 1.922529
    63 -0.000196 0.099625 -0.000034 0.000000 0.000000 -0.314102
    64 -0.088737 -0.688435 -0.145203 2.930407 -0.136130 0.513013
    65 1.712069 -0.003328 0.003818 -0.023911 0.014277 1.460691
    66 -0.000576 0.100143 -0.000311 -0.010914 0.023131 -0.260843
    67 -0.146027 -0.232426 -0.014225 3.028455 -0.094299 0.113020
    68 1.290634 0.000361 -0.000036 0.000000 0.000000 -0.158403
    69 -0.658119 -0.003576 0.072643 -0.142711 0.027792 -0.077299
    70 1.868078 -0.003049 0.002177 0.000015 -0.000021 1.450101
    71 1.200075 0.399942 -0.000093 0.009465 -0.016087 0.007127
    72 0.000589 0.100342 0.000319 0.120035 0.021926 -0.209617
    73 0.068073 0.002283 -0.080050 3.111376 -0.069366 -0.060847
    74 2.011874 -0.001179 0.002180 -0.000037 -0.000061 1.378946
    75 0.000233 0.099800 0.000395 0.018823 -0.010833 -0.239219
    76 -0.018673 -0.001009 0.047544 3.109244 0.002635 -0.106673
    77 1.178665 0.001595 0.000845 0.000006 -0.000001 0.743937
    78 -0.000196 0.099628 0.000034 0.000000 0.000000 -0.314102
    79 0.036894 -0.634449 0.266284 -2.801062 0.174301 0.490915
    80 1.708256 -0.002504 -0.000686 -0.000022 0.000023 1.160590
    81 -0.000580 0.100140 0.000311 0.010910 -0.023132 -0.260845
    82 -0.003952 -0.281811 0.115047 -3.059162 0.089004 0.167964
    83 1.289625 0.000042 0.000061 0.000010 0.000002 0.672669
    84 -0.171526 -0.018150 -0.099873 0.013484 -0.062184 -0.011781
    85 0.916622 0.003336 0.001326 0.000007 0.000009 0.545350
    86 -0.342617 0.053402 -0.025571 -2.909301 -0.017248 0.075276
    87 1.100231 -0.000928 -0.002434 0.000021 0.000062 0.677957
    88 -0.384979 0.331001 0.006848 -3.087207 -0.018765 -0.184278
    89 0.678146 0.002286 -0.003905 -0.000006 0.000053 0.136742
    90 -0.123848 0.072738 0.029507 2.898184 -0.060627 0.094835
    91 1.017166 -0.000154 -0.000252 -0.000011 -0.000002 0.255699
    92 -0.344990 0.123129 0.143151 2.994981 0.012396 0.059140
    93 -0.730989 0.177046 0.039141 -0.123731 0.076518 -0.084310
    94 0.921993 0.001298 -0.000896 -0.000038 0.000001 0.471806
    95 -0.124023 -0.052090 0.038495 3.077813 -0.008519 0.039229
    96 1.100433 -0.003552 0.000502 -0.000030 0.000042 0.545699
    97 -0.330082 0.160639 0.042780 3.128073 0.034033 -0.171236
    98 0.679764 0.001532 0.003272 0.000002 0.000003 0.674786
    99 -0.019512 -0.016531 0.038578 -2.763781 0.050305 0.076829
    100 1.019531 -0.000005 -0.000001 0.000000 0.000000 0.497026
    101 -0.155308 0.130644 -0.021921 -3.022466 0.022433 -0.024902
    102 -0.252207 0.061937 -0.024914 -0.007671 -0.063171 -0.044392
    103 -0.085995 0.185205 -0.015180 -2.937063 -0.113970 -0.138991
    104 -0.286533 0.179852 0.024264 -3.109353 -0.049645 -0.029914
    105 -0.019482 0.147083 0.079203 2.893815 0.038585 -0.060594
    106 -0.046482 0.251896 0.129548 3.016165 0.077112 -0.042864
    107 0.039124 -0.040295 0.047739 3.084219 0.030470 -0.037414
    108 -0.233757 0.066630 0.001754 -3.133087 0.040141 -0.065412
    109 0.044266 0.020131 0.001684 -2.778763 -0.118872 -0.040488
    110 0.071495 0.074128 -0.048302 -3.035917 -0.059482 0.104366
    111 0.000000 0.000000 0.000000 0.000000 0.000000 -1.570796
    112 -4.500137 -7.293191 -8.855739 0.581760 -0.645925 -1.722309
    113 0.000000 0.000000 0.000000 0.000000 0.000000 0.000000
    114 -5.570482 -15.727042 -2.851650 0.581482 -0.645953 -1.722389
    115 3.096000 0.000000 -1.996000 0.000000 0.000000 0.000000
    116 3.040999 0.000000 1.202000 0.000000 0.000000 0.000000
    117 7.854000 0.000000 -0.042000 0.000000 0.000000 -0.000027
    118 13.105999 0.000000 -0.006000 0.000000 0.000000 0.000027
    119 3.456000 0.000000 -1.084000 0.000000 0.000000 0.000013
    120 1.804000 0.000000 -1.025000 0.000000 0.000000 0.000000
    121 7.098000 0.000000 -1.084000 0.000000 0.000000 0.000000
    122 1.868000 1.809000 -1.975000 -2.218442 -0.017124 -0.465675
    123 3.740000 0.000000 1.273000 0.000000 0.000000 0.000013
    124 11.956999 0.000000 -0.006000 0.000000 0.000000 0.000027
    125 6.072001 0.000000 -1.238000 0.000000 0.000000 0.000000
    126 5.690000 -0.365000 0.068000 -0.000040 -0.349041 -1.570749
    127 6.396999 0.614000 0.428000 0.000000 0.000000 -0.000027
    128 3.040999 0.000000 1.202000 0.000000 0.000000 0.000000
    129 3.720000 0.000000 1.202000 0.000000 0.000000 0.000000
    130 1.086000 -0.661000 -0.149000 0.000000 0.000000 0.000000
    131 1.067000 0.589000 0.076000 0.000000 0.000000 0.000000
    132 0.000000 -0.019000 0.000000 0.000000 0.000000 0.000000
    133 0.000000 -0.019000 0.000000 0.000000 0.000000 0.000000
    134 3.300000 -0.019000 1.346000 0.000000 0.000000 0.000000
    135 -1.524000 -1.859000 -4.367000 -1.730250 -0.014891 0.208056
    136 7.283999 0.000000 -2.195000 0.000000 0.000000 -0.000027
    137 -1.323000 0.000000 0.184000 0.000000 0.000000 0.000000
    138 0.082000 0.000000 1.002000 0.000000 0.000000 0.000000
    139 -51.449530 -18.754479 -31.180238 -0.610967 0.618861 -0.248946
    140 0.478000 0.000000 -4.537000 0.000000 0.000000 -0.000013
    141 3.436000 0.000000 1.202000 0.000000 0.000000 0.000000
    142 3.040999 0.000000 1.202000 0.000000 0.000000 0.000000
    143 4.657000 0.000000 1.545000 0.000000 0.000000 -0.000013
    144 -0.403000 0.000000 -0.011000 0.000000 0.000000 0.000000
    145 1.781000 0.000000 0.873000 0.000000 0.000000 0.000000
    146 0.384000 0.715000 0.801000 0.000000 0.000000 0.000000
    147 1.795000 0.533000 -1.550000 0.000000 0.000000 0.000000
    148 4.435999 0.595000 -0.954000 0.000000 0.000000 0.000000
    149 4.401999 -0.614000 -1.630000 0.000000 0.000000 0.000000
    150 4.203000 -0.003000 -0.048000 0.000000 0.000000 0.000000
    151 5.136000 0.000000 1.534000 0.000000 0.000000 -0.000027
    152 11.957001 0.000000 -0.006000 0.000000 0.000000 0.000027
    153 -2.103001 0.000000 0.000000 0.000000 0.000000 0.000000
    154 -0.598001 0.000000 -0.011000 0.000000 0.000000 -0.000013
    155 0.496000 0.184000 -3.523000 0.000000 0.000000 0.000000
    156 0.147000 0.184000 -0.328000 0.000000 0.000000 0.000000
    157 0.147000 0.184000 0.023000 0.000000 0.000000 0.000000
    158 0.147000 0.184000 0.368000 0.000000 0.000000 0.000000
    159 0.147000 0.184000 0.717000 0.000000 0.000000 0.000000
    160 0.147000 0.184000 1.067000 0.000000 0.000000 0.000000
    161 0.148000 0.184000 1.414000 0.000000 0.000000 0.000000
    162 0.148000 -0.074000 1.640000 0.000000 0.000000 0.000000
    163 0.435000 0.184000 -3.179000 0.000000 0.000000 0.000000
    164 0.378000 0.184000 -2.826000 0.000000 0.000000 0.000000
    165 0.329000 0.184000 -2.477000 0.000000 0.000000 0.000000
    166 0.286000 0.184000 -2.127000 0.000000 0.000000 0.000000
    167 0.252000 0.184000 -1.775000 0.000000 0.000000 0.000000
    168 0.215000 0.184000 -1.417000 0.000000 0.000000 0.000000
    169 0.190000 0.184000 -1.064000 0.000000 0.000000 0.000000
    170 0.166000 0.184000 -0.714000 0.000000 0.000000 0.000000
    171 1.622000 0.000000 1.568000 0.000000 0.000000 0.000013
    172 2.240000 0.000000 1.568000 0.000000 0.000000 0.000013
    173 0.000000 0.000000 0.000000 0.000000 0.000000 0.000000
    174 0.000006 -0.006207 -4.863281 -3.140338 -0.002958 -3.128596
    175 1.000088 -0.000029 0.000000 0.000000 0.000000 0.000000
    176 17.162518 -0.000404 0.000000 0.000000 0.000000 0.119207
    177 17.749374 0.295515 0.000000 0.000000 0.000000 -1.158917
    178 5.413528 0.000347 0.000000 0.000000 0.000000 -0.518029
    179 0.017887 0.299792 0.000000 0.000000 0.000000 -0.059577
    180 9.999889 -0.000303 0.000000 0.000000 0.000000 0.000000
    181 0.000004 0.006218 4.863281 -3.140338 -0.002958 -3.128596
    182 1.000088 -0.000029 0.000000 0.000000 0.000000 0.000000
    183 12.283573 1.581455 -4.695999 1.462269 -0.086726 0.090185
    184 17.162518 -0.000404 0.000000 0.000000 0.000000 0.119207
    185 17.749374 0.295515 0.000000 0.000000 0.000000 -1.158919
    186 5.413528 0.000347 0.000000 0.000000 0.000000 -0.518029
    187 0.017887 0.299792 0.000000 0.000000 0.000000 -0.059571
    188 9.499836 0.000212 0.000000 0.000000 0.000000 0.000000
    189 -1.145525 0.000130 0.000671 0.000000 0.000000 0.000000
    190 -0.857691 0.104071 0.104687 0.023536 0.163924 0.013632
    191 3.999430 -0.000528 -0.000332 -0.334915 0.000000 0.000000
    192 0.599499 0.400698 0.000236 0.000000 0.000000 0.000000
    193 0.599886 0.400186 -0.000027 0.000000 0.000000 0.000000
    194 2.299677 -2.499979 -0.599480 0.891926 0.221475 -0.527217
    195 15.506024 -10.099847 2.464970 2.876215 -0.825145 -0.762421
    196 -9.580679 -27.862108 -37.184677 0.812879 -0.123459 -0.568477
    197 0.649935 -0.548296 0.093658 -1.665913 -0.131399 -0.112062
    198 1.899127 0.000427 -0.000439 0.027386 -0.033311 0.477848
    199 0.657078 0.008400 0.040375 -1.665945 -0.131407 -0.000013
    200 1.799664 -0.000240 0.000231 0.027386 -0.033311 0.477848
    201 1.799664 -0.000240 0.000231 0.027386 -0.033311 0.477848
    202 1.799664 -0.000240 0.000231 0.027386 -0.033311 0.477848
    203 0.665774 0.747222 -0.029186 -1.665935 -0.131408 0.094976
    204 1.900306 -0.000137 -0.000517 0.027386 -0.033311 0.477848
    205 5.009671 -4.249112 5.536155 3.885128 1.472729 -0.644487
    206 3.999897 0.000040 0.001007 0.202933 0.000000 0.000000
    207 0.600403 0.399632 -0.000469 0.000000 0.000000 -3.141592
    208 0.599890 0.400186 0.000031 0.000000 0.000000 3.141497
    209 2.300137 -2.499413 0.600155 -0.891899 -0.221523 -0.527242
    210 12.103249 -3.649587 -1.238105 1.733585 0.203059 0.048157
    211 2.762354 0.116951 1.523975 1.629482 0.064153 1.743800
    212 7.228317 7.928200 -3.925652 2.328713 0.123459 -0.568477
    213 0.650396 -0.547731 -0.092976 1.665913 0.131399 -0.112062
    214 1.899441 -0.000320 -0.000150 -0.027386 0.033311 0.477848
    215 0.657068 0.008398 -0.040379 1.665945 0.131407 -0.000013
    216 1.799659 -0.000233 -0.000233 -0.027386 0.033311 0.477848
    217 1.799659 -0.000233 -0.000233 -0.027386 0.033311 0.477848
    218 1.799659 -0.000233 -0.000233 -0.027386 0.033311 0.477848
    219 0.665778 0.747222 0.029179 1.665935 0.131408 0.094976
    220 1.900722 0.000549 -0.000072 -0.027386 0.033311 0.477848
    221 4.530998 0.000000 0.000000 0.000000 0.000000 0.000000
    222 4.527344 0.000000 0.000000 0.000000 0.000000 0.000000
    223 0.000000 0.000000 0.000000 0.000000 0.000000 0.000000
    224 0.000000 0.000000 0.000000 0.000000 0.000000 0.000000
    225 4.000000 -6.496094 0.008293 -0.001274 0.000001 0.000975
    226 -6.500000 0.000000 0.000000 -1.537381 1.569552 -1.537381
    227 16.734654 -5.574140 8.942812 0.581760 -0.645833 -0.151605
    228 0.280000 -0.135000 2.196999 1.570796 0.000000 -1.570735
    229 0.000000 0.000000 0.000000 0.000000 0.000000 0.000000
    230 0.000000 0.000000 0.000000 0.026833 0.028583 0.005297
    231 0.106000 0.000000 -64.320000 0.000000 0.000000 0.000000
    232 0.000000 0.000000 0.000000 0.000000 0.000000 0.000000
    233 -0.106000 0.000000 64.320000 0.000000 0.000000 0.000000
    234 -0.899329 6.936384 -22.560287 0.581776 -0.645909 -1.722443
    235 0.000000 0.000000 0.000000 0.000000 -0.000036 0.000055
    236 1.688000 -0.001000 -1.454002 0.000000 0.000000 0.000000
    237 -1.070999 -0.005000 0.545002 0.000000 0.000000 0.000000
    238 5.895000 0.750997 -0.156000 0.000000 0.000000 0.000000
    239 11.599999 -0.000003 -1.500002 0.000000 0.000000 0.000000
    240 -3.804688 5.152344 -5.503906 -1.515061 -0.074935 -0.291543
    241 11.239561 -0.000003 -1.579000 0.000000 0.000000 0.000000
    242 -2.917507 -9.793271 -15.035569 -0.476674 0.628800 -1.046659
    243 0.673937 -0.015635 -4.768713 -3.141592 -1.281051 3.141593
    244 0.094999 -0.144000 0.332001 0.000000 0.000000 0.000000
    245 14.209020 0.000022 0.766988 0.000000 0.000000 0.000000
    246 0.000000 0.000000 0.000000 1.570800 0.000000 -1.570796
  time 21
    0 0.000000 0.000000 0.000000 0.000000 0.000000 -1.570796
    1 -0.106750 -0.000001 -0.000351 0.000000 0.000000 0.000000
    2 0.000000 0.000000 0.000000 0.000000 0.000000 0.000000
    3 -0.904000 0.000000 -11.806000 0.000000 0.000000 0.000000
    4 0.000000 0.000000 -14.313999 1.572085 -1.570793 0.000000
    5 3.533001 0.000000 0.000000 -0.001274 0.000000 0.000000
    6 6.250000 0.000000 0.000000 0.000000 0.000000 0.000000
    7 9.568951 -0.019507 -1.944020 -1.892841 1.366327 -1.962890
    8 9.570313 5.304688 2.056641 -1.552151 -1.032979 1.554747
    9 5.786820 0.002787 -0.000113 -0.154506 0.769283 -0.642740
    10 5.999492 -0.000592 -4.000343 0.000000 0.000000 0.000000
    11 5.787410 0.002582 0.000893 1.199840 -0.812647 -2.101362
    12 5.999492 -0.000592 4.000340 0.000000 0.000000 0.000000
    13 0.500225 0.000133 -0.000084 -0.153275 0.000000 -0.000060
    14 11.530657 0.000349 -0.001308 0.000031 0.000057 -1.807285
    15 -0.829338 0.893824 0.079659 -0.148839 0.047645 0.087266
    16 0.500225 0.000132 0.000072 0.001649 0.000000 0.000000
    17 11.532495 0.000526 0.003814 -0.000054 -0.000034 -1.008588
    18 -0.829586 0.894698 -0.079468 0.045377 -0.019621 0.087266
    19 10.599886 0.000105 -0.000553 -0.242678 0.000000 0.000000
    20 0.713433 -0.560346 -0.000805 0.000000 0.000011 0.903641
    21 11.042053 0.003717 0.000798 -0.486105 0.052131 -0.014611
    22 -11.814724 0.424524 -0.297680 0.247998 -0.066121 -0.042695
    23 10.599878 0.000105 0.000549 0.425985 -0.000012 0.000060
    24 0.143101 -0.279088 0.000801 0.000012 -0.000047 0.503041
    25 11.041739 0.003170 -0.000568 0.355985 0.315234 -0.571192
    26 -11.663242 0.094713 0.140656 -0.068591 0.018527 -0.015099
    27 0.610300 -0.939470 0.070347 -1.655245 -0.140079 -0.175604
    28 0.639938 -0.199121 0.060192 -1.665909 -0.131356 -0.066423
    29 0.600155 1.080260 -0.339535 -1.869465 0.297744 0.043555
    30 0.610207 0.400743 -0.010098 -1.816211 0.108374 0.008836
    31 0.630809 -0.690091 -0.232343 0.531008 0.230384 -0.997927
    32 -0.792125 0.203736 0.461304 1.439074 -0.003453 -0.018305
    33 0.610300 -0.939469 -0.070354 1.655295 0.140043 -0.175640
    34 0.639938 -0.199121 -0.060200 1.665960 0.131404 -0.066423
    35 0.600157 1.080260 0.339531 1.741524 -0.203975 0.075913
    36 0.610205 0.400743 0.010086 1.761892 -0.015373 0.028047
    37 0.627906 -0.691394 0.232270 -1.014522 -0.861429 -0.665957
    38 -0.626031 -0.069982 -0.080517 -1.447153 0.086151 0.021559
    39 2.621377 -0.002532 -0.001438 -0.314485 0.158387 0.290165
    40 2.660837 0.000397 -0.000071 -0.097517 0.386392 0.669825
    41 2.202488 0.003364 -0.002863 -0.184252 0.495996 0.451132
    42 0.599950 0.959236 -0.300102 -0.174544 0.000000 0.000000
    43 2.557190 -0.001967 0.002453 -0.123609 0.435215 0.722993
    44 2.098929 0.000032 -0.002193 -0.494919 0.182010 0.323556
    45 0.999378 -0.000238 -1.099991 0.000000 0.000000 0.000000
    46 -0.122641 -0.721855 0.661686 -0.486644 0.223964 0.243056
    47 2.622112 -0.000648 0.002741 -0.053044 0.086883 -0.048142
    48 2.657909 0.000687 -0.000533 0.200353 0.214659 1.264692
    49 2.200014 0.001663 0.000836 0.236792 0.017724 1.474087
    50 0.599949 0.959244 0.300102 0.174544 0.000000 0.000000
    51 2.556571 -0.000385 0.000554 0.236773 0.177148 1.399512
    52 2.103853 0.001708 -0.001011 0.124870 -0.418714 0.876997
    53 0.999376 -0.000240 1.490624 0.000000 0.000000 0.946917
    54 0.310848 -0.606446 -0.498005 0.308107 -0.197598 0.313975
    55 1.869163 -0.000835 -0.000994 -0.000007 0.000003 0.269155
    56 1.200941 0.399582 -0.000237 -0.009465 0.016087 0.007127
    57 0.000586 0.100342 -0.000319 -0.120035 -0.021926 -0.209617
    58 -0.161663 0.051712 0.194808 -2.941982 0.122408 -0.060194
    59 2.010090 -0.003202 -0.003377 0.000042 0.000060 1.303739
    60 0.000237 0.099800 -0.000395 -0.018823 0.010833 -0.239219
    61 -0.203197 0.048607 0.069150 -3.093332 0.033217 -0.046722
    62 1.180426 -0.002312 0.000781 0.000034 -0.000048 1.922660
    63 -0.000196 0.099625 -0.000034 0.000000 0.000000 -0.314102
    64 -0.088737 -0.688435 -0.145203 2.930407 -0.136130 0.513013
    65 1.712069 -0.003328 0.003818 -0.023983 0.014193 1.460792
    66 -0.000576 0.100143 -0.000311 -0.010914 0.023131 -0.260843
    67 -0.146027 -0.232426 -0.014225 3.028455 -0.094299 0.113020
    68 1.290634 0.000361 -0.000036 0.000000 0.000000 -0.157807
    69 -0.658119 -0.003576 0.072643 -0.142711 0.027792 -0.077299
    70 1.868078 -0.003049 0.002177 0.000015 -0.000009 1.450101
    71 1.200075 0.399942 -0.000093 0.009465 -0.016087 0.007127
    72 0.000589 0.100342 0.000319 0.120035 0.021926 -0.209617
    73 0.068073 0.002283 -0.080050 3.111376 -0.069366 -0.060847
    74 2.011874 -0.001179 0.002180 -0.000037 -0.000061 1.378946
    75 0.000233 0.099800 0.000395 0.018823 -0.010833 -0.239219
    76 -0.018673 -0.001009 0.047544 3.109244 0.002635 -0.106673
    77 1.178665 0.001595 0.000845 0.000006 -0.000001 0.743937
    78 -0.000196 0.099628 0.000034 0.000000 0.000000 -0.314102
    79 0.036894 -0.634449 0.266284 -2.801062 0.174301 0.490915
    80 1.708256 -0.002504 -0.000686 -0.000022 0.000023 1.160590
    81 -0.000580 0.100140 0.000311 0.010910 -0.023132 -0.260845
    82 -0.003952 -0.281811 0.115047 -3.059162 0.089004 0.167964
    83 1.289625 0.000042 0.000061 0.000022 0.000002 0.672669
    84 -0.171526 -0.018150 -0.099873 0.013484 -0.062184 -0.011781
    85 0.916622 0.003336 0.001326 0.000007 0.000033 0.256385
    86 -0.342617 0.053402 -0.025571 -2.909301 -0.017248 0.075276
    87 1.100231 -0.000928 -0.002434 0.000021 0.000050 0.677957
    88 -0.384979 0.331001 0.006848 -3.087207 -0.018765 -0.184278
    89 0.678146 0.002286 -0.003905 -0.000006 0.000041 0.137136
    90 -0.123848 0.072738 0.029507 2.898184 -0.060627 0.094835
    91 1.017166 -0.000154 -0.000252 -0.000011 -0.000002 0.255699
    92 -0.344990 0.123129 0.143151 2.994981 0.012396 0.059140
    93 -0.730989 0.177046 0.039141 -0.123731 0.076518 -0.084310
    94 0.921993 0.001298 -0.000896 -0.000038 0.000001 0.471806
    95 -0.124023 -0.052090 0.038495 3.077813 -0.008519 0.039229
    96 1.100433 -0.003552 0.000502 -0.000030 0.000042 0.545699
    97 -0.330082 0.160639 0.042780 3.128073 0.034033 -0.171236
    98 0.679764 0.001532 0.003272 0.000002 0.000003 0.674786
    99 -0.019512 -0.016531 0.038578 -2.763781 0.050305 0.076829
    100 1.019531 -0.000005 -0.000001 0.000000 0.000000 0.497026
    101 -0.155308 0.130644 -0.021921 -3.022466 0.022433 -0.024902
    102 -0.252207 0.061937 -0.024914 -0.007671 -0.063171 -0.044392
    103 -0.085995 0.185205 -0.015180 -2.937063 -0.113970 -0.138991
    104 -0.286533 0.179852 0.024264 -3.109353 -0.049645 -0.029914
    105 -0.019482 0.147083 0.079203 2.893815 0.038585 -0.060594
    106 -0.046482 0.251896 0.129548 3.016165 0.077112 -0.042864
    107 0.039124 -0.040295 0.047739 3.084219 0.030470 -0.037414
    108 -0.233757 0.066630 0.001754 -3.133087 0.040141 -0.065412
    109 0.044266 0.020131 0.001684 -2.778763 -0.118872 -0.040488
    110 0.071495 0.074128 -0.048302 -3.035917 -0.059482 0.104366
    111 0.000000 0.000000 0.000000 0.000000 0.000000 -1.570796
    112 -4.527482 -7.336161 -8.777612 0.597226 -0.646858 -1.718393
    113 0.000000 0.000000 0.000000 0.000000 0.000000 0.000000
    114 -5.539232 -15.758293 -2.765709 0.598167 -0.646803 -1.718380
    115 3.096000 0.000000 -1.996000 0.000000 0.000000 0.000000
    116 3.040999 0.000000 1.202000 0.000000 0.000000 0.000000
    117 7.854000 0.000000 -0.042000 0.000000 0.000000 -0.000027
    118 13.105999 0.000000 -0.006000 0.000000 0.000000 0.000027
    119 3.456000 0.000000 -1.084000 0.000000 0.000000 0.000013
    120 1.804000 0.000000 -1.025000 0.000000 0.000000 0.000000
    121 7.098000 0.000000 -1.084000 0.000000 0.000000 0.000000
    122 1.868000 1.809000 -1.975000 -2.218442 -0.017124 -0.465675
    123 3.740000 0.000000 1.273000 0.000000 0.000000 0.000013
    124 11.956999 0.000000 -0.006000 0.000000 0.000000 0.000027
    125 6.072001 0.000000 -1.238000 0.000000 0.000000 0.000000
    126 5.690000 -0.365000 0.068000 -0.000040 -0.349041 -1.570749
    127 6.396999 0.614000 0.428000 0.000000 0.000000 -0.000027
    128 3.040999 0.000000 1.202000 0.000000 0.000000 0.000000
    129 3.720000 0.000000 1.202000 0.000000 0.000000 0.000000
    130 1.086000 -0.661000 -0.149000 0.000000 0.000000 0.000000
    131 1.067000 0.589000 0.076000 0.000000 0.000000 0.000000
    132 0.000000 -0.019000 0.000000 0.000000 0.000000 0.000000
    133 0.000000 -0.019000 0.000000 0.000000 0.000000 0.000000
    134 3.300000 -0.019000 1.346000 0.000000 0.000000 0.000000
    135 -1.524000 -1.859000 -4.367000 -1.730250 -0.014891 0.208056
    136 7.283999 0.000000 -2.195000 0.000000 0.000000 -0.000027
    137 -1.323000 0.000000 0.184000 0.000000 0.000000 0.000000
    138 0.082000 0.000000 1.002000 0.000000 0.000000 0.000000
    139 -51.547189 -19.211524 -30.930231 -0.631766 0.613376 -0.264137
    140 0.478000 0.000000 -4.537000 0.000000 0.000000 -0.000013
    141 3.436000 0.000000 1.202000 0.000000 0.000000 0.000000
    142 3.040999 0.000000 1.202000 0.000000 0.000000 0.000000
    143 4.657000 0.000000 1.545000 0.000000 0.000000 -0.000013
    144 -0.403000 0.000000 -0.011000 0.000000 0.000000 0.000000
    145 1.781000 0.000000 0.873000 0.000000 0.000000 0.000000
    146 0.384000 0.715000 0.801000 0.000000 0.000000 0.000000
    147 1.795000 0.533000 -1.550000 0.000000 0.000000 0.000000
    148 4.435999 0.595000 -0.954000 0.000000 0.000000 0.000000
    149 4.401999 -0.614000 -1.630000 0.000000 0.000000 0.000000
    150 4.203000 -0.003000 -0.048000 0.000000 0.000000 0.000000
    151 5.136000 0.000000 1.534000 0.000000 0.000000 -0.000027
    152 11.957001 0.000000 -0.006000 0.000000 0.000000 0.000027
    153 -2.103001 0.000000 0.000000 0.000000 0.000000 0.000000
    154 -0.598001 0.000000 -0.011000 0.000000 0.000000 -0.000013
    155 0.496000 0.184000 -3.523000 0.000000 0.000000 0.000000
    156 0.147000 0.184000 -0.328000 0.000000 0.000000 0.000000
    157 0.147000 0.184000 0.023000 0.000000 0.000000 0.000000
    158 0.147000 0.184000 0.368000 0.000000 0.000000 0.000000
    159 0.147000 0.184000 0.717000 0.000000 0.000000 0.000000
    160 0.147000 0.184000 1.067000 0.000000 0.000000 0.000000
    161 0.148000 0.184000 1.414000 0.000000 0.000000 0.000000
    162 0.148000 -0.074000 1.640000 0.000000 0.000000 0.000000
    163 0.435000 0.184000 -3.179000 0.000000 0.000000 0.000000
    164 0.378000 0.184000 -2.826000 0.000000 0.000000 0.000000
    165 0.329000 0.184000 -2.477000 0.000000 0.000000 0.000000
    166 0.286000 0.184000 -2.127000 0.000000 0.000000 0.000000
    167 0.252000 0.184000 -1.775000 0.000000 0.000000 0.000000
    168 0.215000 0.184000 -1.417000 0.000000 0.000000 0.000000
    169 0.190000 0.184000 -1.064000 0.000000 0.000000 0.000000
    170 0.166000 0.184000 -0.714000 0.000000 0.000000 0.000000
    171 1.622000 0.000000 1.568000 0.000000 0.000000 0.000013
    172 2.240000 0.000000 1.568000 0.000000 0.000000 0.000013
    173 0.000000 0.000000 0.000000 0.000000 0.000000 0.000000
    174 0.000006 -0.006207 -4.863281 -3.140338 -0.002958 -3.128596
    175 1.000088 -0.000029 0.000000 0.000000 0.000000 0.000000
    176 17.162518 -0.000404 0.000000 0.000000 0.000000 0.119207
    177 17.749374 0.295515 0.000000 0.000000 0.000000 -1.158917
    178 5.413528 0.000347 0.000000 0.000000 0.000000 -0.518029
    179 0.017887 0.299792 0.000000 0.000000 0.000000 -0.059577
    180 9.999889 -0.000303 0.000000 0.000000 0.000000 0.000000
    181 0.000004 0.006218 4.863281 -3.140338 -0.002958 -3.128596
    182 1.000088 -0.000029 0.000000 0.000000 0.000000 0.000000
    183 12.283573 1.581455 -4.695999 1.462269 -0.086726 0.090185
    184 17.162518 -0.000404 0.000000 0.000000 0.000000 0.119207
    185 17.749374 0.295515 0.000000 0.000000 0.000000 -1.158919
    186 5.413528 0.000347 0.000000 0.000000 0.000000 -0.518029
    187 0.017887 0.299792 0.000000 0.000000 0.000000 -0.059571
    188 9.499836 0.000212 0.000000 0.000000 0.000000 0.000000
    189 -1.145525 0.000130 0.000671 0.000000 0.000000 0.000000
    190 -0.857691 0.104071 0.104687 0.023536 0.163924 0.013632
    191 3.999430 -0.000528 -0.000332 -0.242771 0.000000 0.000000
    192 0.599499 0.400698 0.000236 0.000000 0.000000 0.000000
    193 0.599886 0.400186 -0.000027 0.000000 0.000000 0.000000
    194 2.299677 -2.499979 -0.599480 0.891926 0.221475 -0.527217
    195 12.263738 -8.033378 -1.425773 2.419090 -0.709585 -0.389071
    196 -9.580679 -27.862108 -37.184677 0.812879 -0.123459 -0.568477
    197 0.649935 -0.548296 0.093658 -1.665913 -0.131399 -0.112062
    198 1.899127 0.000427 -0.000439 0.027386 -0.033311 0.477848
    199 0.657078 0.008400 0.040375 -1.665945 -0.131407 -0.000013
    200 1.799664 -0.000240 0.000231 0.027386 -0.033311 0.477848
    201 1.799664 -0.000240 0.000231 0.027386 -0.033311 0.477848
    202 1.799664 -0.000240 0.000231 0.027386 -0.033311 0.477848
    203 0.665774 0.747222 -0.029186 -1.665935 -0.131408 0.094976
    204 1.900306 -0.000137 -0.000517 0.027386 -0.033311 0.477848
    205 5.052641 -4.182704 5.547874 3.843160 1.471061 -0.677450
    206 3.999897 0.000040 0.001007 0.213025 0.000000 0.000000
    207 0.600403 0.399632 -0.000469 0.000000 0.000000 3.141497
    208 0.599890 0.400186 0.000031 0.000000 0.000000 3.141593
    209 2.300137 -2.499413 0.600155 -0.891899 -0.221523 -0.527242
    210 12.103249 -3.649587 -1.238105 1.733585 0.203059 0.048157
    211 2.762354 0.116951 1.523975 1.629482 0.064153 1.743800
    212 7.228317 7.928200 -3.925652 2.328713 0.123459 -0.568477
    213 0.650396 -0.547731 -0.092976 1.665913 0.131399 -0.112062
    214 1.899441 -0.000320 -0.000150 -0.027386 0.033311 0.477848
    215 0.657068 0.008398 -0.040379 1.665945 0.131407 -0.000013
    216 1.799659 -0.000233 -0.000233 -0.027386 0.033311 0.477848
    217 1.799659 -0.000233 -0.000233 -0.027386 0.033311 0.477848
    218 1.799659 -0.000233 -0.000233 -0.027386 0.033311 0.477848
    219 0.665778 0.747222 0.029179 1.665935 0.131408 0.094976
    220 1.900722 0.000549 -0.000072 -0.027386 0.033311 0.477848
    221 4.530998 0.000000 0.000000 0.000000 0.000000 0.000000
    222 4.527344 0.000000 0.000000 0.000000 0.000000 0.000000
    223 0.000000 0.000000 0.000000 0.000000 0.000000 0.000000
    224 0.000000 0.000000 0.000000 0.000000 0.000000 0.000000
    225 4.000000 -6.496094 0.008293 -0.001274 0.000001 0.000975
    226 -6.500000 0.000000 0.000000 -1.537381 1.569552 -1.537381
    227 16.777624 -5.558514 9.032658 0.597226 -0.646766 -0.147689
    228 0.280000 -0.135000 2.196999 1.570796 0.000000 -1.570735
    229 0.000000 0.000000 0.000000 0.000000 0.000000 0.000000
    230 0.000000 0.000000 0.000000 0.024113 0.027696 0.005333
    231 0.106000 0.000000 -64.320000 0.000000 0.000000 0.000000
    232 0.000000 0.000000 0.000000 0.000000 0.000000 0.000000
    233 -0.106000 0.000000 64.320000 0.000000 0.000000 0.000000
    234 0.756971 -13.118916 -9.735677 -1.210265 -0.990416 -2.703695
    235 0.000000 0.000000 0.000000 0.000000 -0.000036 0.000055
    236 1.688000 -0.001000 -1.454002 0.000000 0.000000 0.000000
    237 -1.070999 -0.005000 0.545002 0.000000 0.000000 0.000000
    238 5.895000 0.750997 -0.156000 0.000000 0.000000 0.000000
    239 11.599999 -0.000003 -1.500002 0.000000 0.000000 0.000000
    240 -3.804688 5.152344 -5.503906 -1.515061 -0.074935 -0.291543
    241 11.239561 -0.000003 -1.579000 0.000000 0.000000 0.000000
    242 -6.284797 2.925868 -5.441527 -2.511962 -0.717817 -0.140143
    243 0.673937 -0.015635 -4.768713 -3.141592 -1.281051 3.141593
    244 0.094999 -0.144000 0.332001 0.000000 0.000000 0.000000
    245 14.209020 0.000022 0.766988 0.000000 0.000000 0.000000
    246 0.000000 0.000000 0.000000 1.570800 0.000000 -1.570796
  time 22
    0 0.000000 0.000000 0.000000 0.000000 0.000000 -1.570796
    1 -0.106750 -0.000001 -0.000351 0.000000 0.000000 0.000000
    2 0.000000 0.000000 0.000000 0.000000 0.000000 0.000000
    3 -0.904000 0.000000 -11.806000 0.000000 0.000000 0.000000
    4 0.000000 0.000000 -14.313999 1.572085 -1.570793 0.000000
    5 3.533001 0.000000 0.000000 -0.001274 0.000000 0.000000
    6 6.250000 0.000000 0.000000 0.000000 0.000000 0.000000
    7 9.568951 -0.019507 -1.944020 -1.832055 1.343991 -1.913011
    8 9.570313 5.304688 2.056641 -1.552151 -1.032979 1.554747
    9 5.786820 0.002787 -0.000113 -0.743545 0.706673 -1.146570
    10 5.999492 -0.000592 -4.000343 0.000000 0.000000 0.000000
    11 5.787410 0.002582 0.000893 1.202405 -0.806293 -2.106888
    12 5.999492 -0.000592 4.000340 0.000000 0.000000 0.000000
    13 0.500225 0.000133 -0.000084 0.049772 0.000000 0.000000
    14 11.530657 0.000349 -0.001308 -0.000005 -0.000075 -1.486316
    15 -0.829338 0.893824 0.079659 -0.148839 0.047645 0.087266
    16 0.500225 0.000132 0.000072 -0.002836 0.000000 0.000000
    17 11.532495 0.000526 0.003814 -0.000006 -0.000046 -0.999373
    18 -0.829586 0.894698 -0.079468 0.045377 -0.019621 0.087266
    19 10.599886 0.000105 -0.000553 -0.098160 0.000000 0.000000
    20 0.412643 -0.447061 -0.000805 0.000000 0.000011 0.743204
    21 11.042053 0.003717 0.000798 -0.196382 -0.039680 0.039007
    22 -11.814724 0.424524 -0.297680 0.247998 -0.066121 -0.042695
    23 10.599878 0.000105 0.000549 0.459277 0.000000 0.000000
    24 0.143101 -0.279088 0.000801 -0.000024 -0.000047 0.500371
    25 11.041739 0.003170 -0.000568 0.380155 0.316197 -0.580600
    26 -11.663242 0.094713 0.140656 -0.068591 0.018527 -0.015099
    27 0.610300 -0.939470 0.070347 -1.655245 -0.140079 -0.175604
    28 0.639938 -0.199121 0.060192 -1.665909 -0.131356 -0.066423
    29 0.600155 1.080260 -0.339535 -1.869465 0.297762 0.043567
    30 0.610207 0.400743 -0.010098 -1.816211 0.108362 0.008848
    31 0.630809 -0.690091 -0.232343 0.473673 0.353851 -1.095489
    32 -0.792125 0.203736 0.461304 1.439074 -0.003453 -0.018305
    33 0.610300 -0.939469 -0.070354 1.655295 0.140043 -0.175640
    34 0.639938 -0.199121 -0.060200 1.665960 0.131404 -0.066423
    35 0.600157 1.080260 0.339531 1.741524 -0.203963 0.075913
    36 0.610205 0.400743 0.010086 1.761892 -0.015373 0.028047
    37 0.627906 -0.691394 0.232270 -1.014522 -0.861429 -0.665993
    38 -0.626031 -0.069982 -0.080517 -1.447153 0.086151 0.021559
    39 2.621377 -0.002532 -0.001438 -0.326045 0.244873 0.494565
    40 2.660837 0.000397 -0.000071 -0.174161 0.527515 0.870290
    41 2.202488 0.003364 -0.002863 -0.266569 0.648338 0.922476
    42 0.599950 0.959236 -0.300102 -0.174544 0.000000 0.000000
    43 2.557190 -0.001967 0.002453 -0.137466 0.590406 0.989200
    44 2.098929 0.000032 -0.002193 -0.476025 0.229661 0.415820
    45 0.999378 -0.000238 -1.103898 0.000000 0.000000 0.000000
    46 -0.122641 -0.721855 0.661686 -0.486644 0.223964 0.243056
    47 2.622112 -0.000648 0.002741 -0.053044 0.086883 -0.048142
    48 2.657909 0.000687 -0.000533 0.200369 0.214659 1.264692
    49 2.200014 0.001663 0.000836 0.236792 0.017724 1.474087
    50 0.599949 0.959244 0.300102 0.174544 0.000000 0.000000
    51 2.556571 -0.000385 0.000554 0.236773 0.177148 1.399512
    52 2.103853 0.001708 -0.001011 0.124870 -0.418714 0.876997
    53 0.999376 -0.000240 1.490624 0.000000 0.000000 0.946917
    54 0.310848 -0.606446 -0.498005 0.308107 -0.197598 0.313975
    55 1.869163 -0.000835 -0.000994 0.000053 0.000003 -0.094617
    56 1.200941 0.399582 -0.000237 -0.009465 0.016087 0.007127
    57 0.000586 0.100342 -0.000319 -0.120035 -0.021926 -0.209617
    58 -0.161663 0.051712 0.194808 -2.941982 0.122408 -0.060194
    59 2.010090 -0.003202 -0.003377 0.000006 0.000001 1.173135
    60 0.000237 0.099800 -0.000395 -0.018823 0.010833 -0.239219
    61 -0.203197 0.048607 0.069150 -3.093332 0.033217 -0.046722
    62 1.180426 -0.002312 0.000781 -0.000002 0.000000 1.142292
    63 -0.000196 0.099625 -0.000034 0.000000 0.000000 -0.314102
    64 -0.088737 -0.688435 -0.145203 2.930407 -0.136130 0.513013
    65 1.712069 -0.003328 0.003818 -0.023911 0.014181 1.175692
    66 -0.000576 0.100143 -0.000311 -0.010914 0.023131 -0.260843
    67 -0.146027 -0.232426 -0.014225 3.028455 -0.094299 0.113020
    68 1.290634 0.000361 -0.000036 0.000000 0.000000 -0.031669
    69 -0.658119 -0.003576 0.072643 -0.142711 0.027792 -0.077299
    70 1.868078 -0.003049 0.002177 0.000015 -0.000009 1.450101
    71 1.200075 0.399942 -0.000093 0.009465 -0.016087 0.007127
    72 0.000589 0.100342 0.000319 0.120035 0.021926 -0.209617
    73 0.068073 0.002283 -0.080050 3.111376 -0.069366 -0.060847
    74 2.011874 -0.001179 0.002180 -0.000037 -0.000061 1.378946
    75 0.000233 0.099800 0.000395 0.018823 -0.010833 -0.239219
    76 -0.018673 -0.001009 0.047544 3.109244 0.002635 -0.106673
    77 1.178665 0.001595 0.000845 0.000006 -0.000001 0.743937
    78 -0.000196 0.099628 0.000034 0.000000 0.000000 -0.314102
    79 0.036894 -0.634449 0.266284 -2.801062 0.174301 0.490915
    80 1.708256 -0.002504 -0.000686 -0.000022 0.000023 1.160590
    81 -0.000580 0.100140 0.000311 0.010910 -0.023132 -0.260845
    82 -0.003952 -0.281811 0.115047 -3.059162 0.089004 0.167964
    83 1.289625 0.000042 0.000061 0.000022 0.000002 0.672669
    84 -0.171526 -0.018150 -0.099873 0.013484 -0.062184 -0.011781
    85 0.916622 0.003336 0.001326 0.000007 0.000068 -0.032581
    86 -0.342617 0.053402 -0.025571 -2.909301 -0.017248 0.075276
    87 1.100231 -0.000928 -0.002434 0.000021 0.000050 0.677957
    88 -0.384979 0.331001 0.006848 -3.087207 -0.018765 -0.184278
    89 0.678146 0.002286 -0.003905 -0.000006 0.000029 0.137585
    90 -0.123848 0.072738 0.029507 2.898184 -0.060627 0.094835
    91 1.017166 -0.000154 -0.000252 -0.000011 -0.000002 0.255699
    92 -0.344990 0.123129 0.143151 2.994981 0.012396 0.059140
    93 -0.730989 0.177046 0.039141 -0.123731 0.076518 -0.084310
    94 0.921993 0.001298 -0.000896 -0.000038 0.000001 0.471806
    95 -0.124023 -0.052090 0.038495 3.077813 -0.008519 0.039229
    96 1.100433 -0.003552 0.000502 -0.000030 0.000042 0.545699
    97 -0.330082 0.160639 0.042780 3.128073 0.034033 -0.171236
    98 0.679764 0.001532 0.003272 0.000002 0.000003 0.674786
    99 -0.019512 -0.016531 0.038578 -2.763781 0.050305 0.076829
    100 1.019531 -0.000005 -0.000001 0.000000 0.000000 0.497026
    101 -0.155308 0.130644 -0.021921 -3.022466 0.022433 -0.024902
    102 -0.252207 0.061937 -0.024914 -0.007671 -0.063171 -0.044392
    103 -0.085995 0.185205 -0.015180 -2.937063 -0.113970 -0.138991
    104 -0.286533 0.179852 0.024264 -3.109353 -0.049645 -0.029914
    105 -0.019482 0.147083 0.079203 2.893815 0.038585 -0.060594
    106 -0.046482 0.251896 0.129548 3.016165 0.077112 -0.042864
    107 0.039124 -0.040295 0.047739 3.084219 0.030470 -0.037414
    108 -0.233757 0.066630 0.001754 -3.133087 0.040141 -0.065412
    109 0.044266 0.020131 0.001684 -2.778763 -0.118872 -0.040488
    110 0.071495 0.074128 -0.048302 -3.035917 -0.059482 0.104366
    111 0.000000 0.000000 0.000000 0.000000 0.000000 -1.570796
    112 -4.578265 -7.367412 -8.761986 0.624488 -0.650190 -1.713918
    113 0.000000 0.000000 0.000000 0.000000 0.000000 0.000000
    114 -5.558763 -15.793451 -2.738365 0.623701 -0.648994 -1.713811
    115 3.096000 0.000000 -1.996000 0.000000 0.000000 0.000000
    116 3.040999 0.000000 1.202000 0.000000 0.000000 0.000000
    117 7.854000 0.000000 -0.042000 0.000000 0.000000 -0.000027
    118 13.105999 0.000000 -0.006000 0.000000 0.000000 0.000027
    119 3.456000 0.000000 -1.084000 0.000000 0.000000 0.000013
    120 1.804000 0.000000 -1.025000 0.000000 0.000000 0.000000
    121 7.098000 0.000000 -1.084000 0.000000 0.000000 0.000000
    122 1.868000 1.809000 -1.975000 -2.218442 -0.017124 -0.465675
    123 3.740000 0.000000 1.273000 0.000000 0.000000 0.000013
    124 11.956999 0.000000 -0.006000 0.000000 0.000000 0.000027
    125 6.072001 0.000000 -1.238000 0.000000 0.000000 0.000000
    126 5.690000 -0.365000 0.068000 -0.000040 -0.349041 -1.570749
    127 6.396999 0.614000 0.428000 0.000000 0.000000 -0.000027
    128 3.040999 0.000000 1.202000 0.000000 0.000000 0.000000
    129 3.720000 0.000000 1.202000 0.000000 0.000000 0.000000
    130 1.086000 -0.661000 -0.149000 0.000000 0.000000 0.000000
    131 1.067000 0.589000 0.076000 0.000000 0.000000 0.000000
    132 0.000000 -0.019000 0.000000 0.000000 0.000000 0.000000
    133 0.000000 -0.019000 0.000000 0.000000 0.000000 0.000000
    134 3.300000 -0.019000 1.346000 0.000000 0.000000 0.000000
    135 -1.524000 -1.859000 -4.367000 -1.730250 -0.014891 0.208056
    136 7.283999 0.000000 -2.195000 0.000000 0.000000 -0.000027
    137 -1.323000 0.000000 0.184000 0.000000 0.000000 0.000000
    138 0.082000 0.000000 1.002000 0.000000 0.000000 0.000000
    139 -51.707350 -19.942015 -30.328650 -0.667191 0.605810 -0.289297
    140 0.478000 0.000000 -4.537000 0.000000 0.000000 -0.000013
    141 3.436000 0.000000 1.202000 0.000000 0.000000 0.000000
    142 3.040999 0.000000 1.202000 0.000000 0.000000 0.000000
    143 4.657000 0.000000 1.545000 0.000000 0.000000 -0.000013
    144 -0.403000 0.000000 -0.011000 0.000000 0.000000 0.000000
    145 1.781000 0.000000 0.873000 0.000000 0.000000 0.000000
    146 0.384000 0.715000 0.801000 0.000000 0.000000 0.000000
    147 1.795000 0.533000 -1.550000 0.000000 0.000000 0.000000
    148 4.435999 0.595000 -0.954000 0.000000 0.000000 0.000000
    149 4.401999 -0.614000 -1.630000 0.000000 0.000000 0.000000
    150 4.203000 -0.003000 -0.048000 0.000000 0.000000 0.000000
    151 5.136000 0.000000 1.534000 0.000000 0.000000 -0.000027
    152 11.957001 0.000000 -0.006000 0.000000 0.000000 0.000027
    153 -2.103001 0.000000 0.000000 0.000000 0.000000 0.000000
    154 -0.598001 0.000000 -0.011000 0.000000 0.000000 -0.000013
    155 0.496000 0.184000 -3.523000 0.000000 0.000000 0.000000
    156 0.147000 0.184000 -0.328000 0.000000 0.000000 0.000000
    157 0.147000 0.184000 0.023000 0.000000 0.000000 0.000000
    158 0.147000 0.184000 0.368000 0.000000 0.000000 0.000000
    159 0.147000 0.184000 0.717000 0.000000 0.000000 0.000000
    160 0.147000 0.184000 1.067000 0.000000 0.000000 0.000000
    161 0.148000 0.184000 1.414000 0.000000 0.000000 0.000000
    162 0.148000 -0.074000 1.640000 0.000000 0.000000 0.000000
    163 0.435000 0.184000 -3.179000 0.000000 0.000000 0.000000
    164 0.378000 0.184000 -2.826000 0.000000 0.000000 0.000000
    165 0.329000 0.184000 -2.477000 0.000000 0.000000 0.000000
    166 0.286000 0.184000 -2.127000 0.000000 0.000000 0.000000
    167 0.252000 0.184000 -1.775000 0.000000 0.000000 0.000000
    168 0.215000 0.184000 -1.417000 0.000000 0.000000 0.000000
    169 0.190000 0.184000 -1.064000 0.000000 0.000000 0.000000
    170 0.166000 0.184000 -0.714000 0.000000 0.000000 0.000000
    171 1.622000 0.000000 1.568000 0.000000 0.000000 0.000013
    172 2.240000 0.000000 1.568000 0.000000 0.000000 0.000013
    173 0.000000 0.000000 0.000000 0.000000 0.000000 0.000000
    174 0.000006 -0.006207 -4.863281 -3.140338 -0.002958 -3.128596
    175 1.000088 -0.000029 0.000000 0.000000 0.000000 0.000000
    176 17.162518 -0.000404 0.000000 0.000000 0.000000 0.119207
    177 17.749374 0.295515 0.000000 0.000000 0.000000 -1.158917
    178 5.413528 0.000347 0.000000 0.000000 0.000000 -0.518029
    179 0.017887 0.299792 0.000000 0.000000 0.000000 -0.059577
    180 9.999889 -0.000303 0.000000 0.000000 0.000000 0.000000
    181 0.000004 0.006218 4.863281 -3.140338 -0.002958 -3.128596
    182 1.000088 -0.000029 0.000000 0.000000 0.000000 0.000000
    183 12.283573 1.581455 -4.695999 1.462269 -0.086726 0.090185
    184 17.162518 -0.000404 0.000000 0.000000 0.000000 0.119207
    185 17.749374 0.295515 0.000000 0.000000 0.000000 -1.158919
    186 5.413528 0.000347 0.000000 0.000000 0.000000 -0.518029
    187 0.017887 0.299792 0.000000 0.000000 0.000000 -0.059571
    188 9.499836 0.000212 0.000000 0.000000 0.000000 0.000000
    189 -1.145525 0.000130 0.000671 0.000000 0.000000 0.000000
    190 -0.857691 0.104071 0.104687 0.023536 0.163924 0.013632
    191 3.999430 -0.000528 -0.000332 -0.098166 0.000000 0.000000
    192 0.599499 0.400698 0.000236 0.000000 0.000000 0.000000
    193 0.599886 0.400186 -0.000027 0.000000 0.000000 0.000000
    194 2.299677 -2.499979 -0.599480 0.891926 0.221475 -0.527217
    195 7.861260 -6.943501 -4.164138 2.147283 -0.467576 -0.119608
    196 -9.580679 -27.862108 -37.184677 0.812879 -0.123459 -0.568477
    197 0.649935 -0.548296 0.093658 -1.665913 -0.131399 -0.112062
    198 1.899127 0.000427 -0.000439 0.027386 -0.033311 0.477848
    199 0.657078 0.008400 0.040375 -1.665945 -0.131407 -0.000013
    200 1.799664 -0.000240 0.000231 0.027386 -0.033311 0.477848
    201 1.799664 -0.000240 0.000231 0.027386 -0.033311 0.477848
    202 1.799664 -0.000240 0.000231 0.027386 -0.033311 0.477848
    203 0.665774 0.747222 -0.029186 -1.665935 -0.131408 0.094976
    204 1.900306 -0.000137 -0.000517 0.027386 -0.033311 0.477848
    205 5.173739 -3.991292 5.575218 3.729234 1.465868 -0.766278
    206 3.999897 0.000040 0.001007 0.230151 0.000000 0.000000
    207 0.600403 0.399632 -0.000469 0.000000 0.000000 3.141497
    208 0.599890 0.400186 0.000031 0.000000 0.000000 3.141497
    209 2.300137 -2.499413 0.600155 -0.891899 -0.221523 -0.527242
    210 12.103249 -3.649587 -1.238105 1.733585 0.203059 0.048157
    211 2.762354 0.116951 1.523975 1.629482 0.064153 1.743800
    212 7.228317 7.928200 -3.925652 2.328713 0.123459 -0.568477
    213 0.650396 -0.547731 -0.092976 1.665913 0.131399 -0.112062
    214 1.899441 -0.000320 -0.000150 -0.027386 0.033311 0.477848
    215 0.657068 0.008398 -0.040379 1.665945 0.131407 -0.000013
    216 1.799659 -0.000233 -0.000233 -0.027386 0.033311 0.477848
    217 1.799659 -0.000233 -0.000233 -0.027386 0.033311 0.477848
    218 1.799659 -0.000233 -0.000233 -0.027386 0.033311 0.477848
    219 0.665778 0.747222 0.029179 1.665935 0.131408 0.094976
    220 1.900722 0.000549 -0.000072 -0.027386 0.033311 0.477848
    221 4.530998 0.000000 0.000000 0.000000 0.000000 0.000000
    222 4.527344 0.000000 0.000000 0.000000 0.000000 0.000000
    223 0.000000 0.000000 0.000000 0.000000 0.000000 0.000000
    224 0.000000 0.000000 0.000000 0.000000 0.000000 0.000000
    225 4.000000 -6.496094 0.008293 -0.001274 0.000001 0.000975
    226 -6.500000 0.000000 0.000000 -1.537381 1.569552 -1.537381
    227 16.789343 -5.558514 9.083441 0.624575 -0.650098 -0.143121
    228 0.280000 -0.135000 2.196999 1.570796 0.000000 -1.570735
    229 0.000000 0.000000 0.000000 0.000000 0.000000 0.000000
    230 0.000000 0.000000 0.000000 0.019415 0.023034 0.003152
    231 0.106000 0.000000 -64.320000 0.000000 0.000000 0.000000
    232 0.000000 0.000000 0.000000 0.000000 0.000000 0.000000
    233 -0.106000 0.000000 64.320000 0.000000 0.000000 0.000000
    234 -0.778232 -16.724495 -6.993406 -0.915581 -1.140783 -2.660016
    235 0.000000 0.000000 0.000000 0.000000 -0.000036 0.000055
    236 1.688000 -0.001000 -1.454002 0.000000 0.000000 0.000000
    237 -1.070999 -0.005000 0.545002 0.000000 0.000000 0.000000
    238 5.895000 0.750997 -0.156000 0.000000 0.000000 0.000000
    239 11.599999 -0.000003 -1.500002 0.000000 0.000000 0.000000
    240 -3.804688 5.152344 -5.503906 -1.515061 -0.074935 -0.291543
    241 11.239561 -0.000003 -1.579000 0.000000 0.000000 0.000000
    242 -1.644030 1.871148 -5.046983 -2.353261 -0.727314 0.083691
    243 0.673937 -0.015635 -4.768713 -3.141592 -1.281051 3.141593
    244 0.094999 -0.144000 0.332001 0.000000 0.000000 0.000000
    245 14.209020 0.000022 0.766988 0.000000 0.000000 0.000000
    246 0.000000 0.000000 0.000000 1.570800 0.000000 -1.570796
  time 23
    0 0.000000 0.000000 0.000000 0.000000 0.000000 -1.570796
    1 -0.106750 -0.000001 -0.000351 0.000000 0.000000 0.000000
    2 0.000000 0.000000 0.000000 0.000000 0.000000 0.000000
    3 -0.904000 0.000000 -11.806000 0.000000 0.000000 0.000000
    4 0.000000 0.000000 -14.313999 1.572085 -1.570793 0.000000
    5 3.533001 0.000000 0.000000 -0.001274 0.000000 0.000000
    6 6.250000 0.000000 0.000000 0.000000 0.000000 0.000000
    7 9.568951 -0.019507 -1.944020 -1.755881 1.309094 -1.853577
    8 9.570313 5.304688 2.056641 -1.552151 -1.032979 1.554747
    9 5.786820 0.002787 -0.000113 -0.924596 0.455990 -1.350631
    10 5.999492 -0.000592 -4.000343 0.000000 0.000000 0.000000
    11 5.787410 0.002582 0.000893 1.206864 -0.798855 -2.113864
    12 5.999492 -0.000592 4.000340 0.000000 0.000000 0.000000
    13 0.500225 0.000133 -0.000084 0.122565 0.000000 0.000000
    14 11.530657 0.000349 -0.001308 -0.000005 0.000009 -1.153916
    15 -0.829338 0.893824 0.079659 -0.148839 0.047645 0.087266
    16 0.500225 0.000132 0.000072 -0.007386 0.000000 0.000000
    17 11.532495 0.000526 0.003814 0.000030 -0.000057 -0.990240
    18 -0.829586 0.894698 -0.079468 0.045377 -0.019621 0.087266
    19 10.599886 0.000105 -0.000553 -0.055832 0.000000 0.000000
    20 0.209512 -0.322057 -0.000805 0.000000 0.000011 0.576972
    21 11.042053 0.003717 0.000798 -0.112609 -0.135393 -0.045763
    22 -11.814724 0.424524 -0.297680 0.247998 -0.066121 -0.042695
    23 10.599878 0.000105 0.000549 0.496327 0.000036 0.000072
    24 0.143101 -0.279088 0.000801 -0.000012 -0.000035 0.494082
    25 11.041739 0.003170 -0.000568 0.404906 0.315453 -0.597046
    26 -11.663242 0.094713 0.140656 -0.068591 0.018527 -0.015099
    27 0.610300 -0.939470 0.070347 -1.655245 -0.140079 -0.175604
    28 0.639938 -0.199121 0.060192 -1.665909 -0.131368 -0.066423
    29 0.600155 1.080260 -0.339535 -1.869412 0.297762 0.043567
    30 0.610207 0.400743 -0.010098 -1.816211 0.108362 0.008848
    31 0.630809 -0.690091 -0.232343 0.473643 0.353851 -1.095489
    32 -0.792125 0.203736 0.461304 1.439074 -0.003453 -0.018305
    33 0.610300 -0.939469 -0.070354 1.655295 0.140043 -0.175640
    34 0.639938 -0.199121 -0.060200 1.665960 0.131404 -0.066423
    35 0.600157 1.080260 0.339531 1.741577 -0.203963 0.075913
    36 0.610205 0.400743 0.010086 1.761892 -0.015361 0.028047
    37 0.627906 -0.691394 0.232270 -1.014489 -0.861409 -0.665993
    38 -0.626031 -0.069982 -0.080517 -1.447153 0.086151 0.021559
    39 2.621377 -0.002532 -0.001438 -0.316444 0.072280 0.573538
    40 2.660837 0.000397 -0.000071 -0.378878 0.342450 0.684212
    41 2.202488 0.003364 -0.002863 -0.346198 0.747812 0.955751
    42 0.599950 0.959236 -0.300102 -0.174544 0.000000 0.000000
    43 2.557190 -0.001967 0.002453 -0.551492 0.466670 0.887831
    44 2.098929 0.000032 -0.002193 -0.476046 0.229661 0.415799
    45 0.999378 -0.000238 -1.107804 0.000000 0.000000 0.000000
    46 -0.122641 -0.721855 0.661686 -0.486644 0.223964 0.243056
    47 2.622112 -0.000648 0.002741 -0.053044 0.086883 -0.048142
    48 2.657909 0.000687 -0.000533 0.200369 0.214659 1.264692
    49 2.200014 0.001663 0.000836 0.236792 0.017724 1.474087
    50 0.599949 0.959244 0.300102 0.174544 0.000000 0.000000
    51 2.556571 -0.000385 0.000554 0.236773 0.177148 1.399512
    52 2.103853 0.001708 -0.001011 0.124870 -0.418714 0.876997
    53 0.999376 -0.000240 1.490624 0.000000 0.000000 0.946917
    54 0.310848 -0.606446 -0.498005 0.308107 -0.197598 0.313975
    55 1.869163 -0.000835 -0.000994 -0.000007 0.000003 0.045494
    56 1.200941 0.399582 -0.000237 -0.009465 0.016087 0.007127
    57 0.000586 0.100342 -0.000319 -0.120035 -0.021926 -0.209617
    58 -0.161663 0.051712 0.194808 -2.941982 0.122408 -0.060194
    59 2.010090 -0.003202 -0.003377 -0.000006 -0.000011 1.173135
    60 0.000237 0.099800 -0.000395 -0.018823 0.010833 -0.239219
    61 -0.203197 0.048607 0.069150 -3.093332 0.033217 -0.046722
    62 1.180426 -0.002312 0.000781 -0.000002 0.000000 1.142226
    63 -0.000196 0.099625 -0.000034 0.000000 0.000000 -0.314102
    64 -0.088737 -0.688435 -0.145203 2.930407 -0.136130 0.513013
    65 1.712069 -0.003328 0.003818 -0.023923 0.014169 1.175945
    66 -0.000576 0.100143 -0.000311 -0.010914 0.023131 -0.260843
    67 -0.146027 -0.232426 -0.014225 3.028455 -0.094299 0.113020
    68 1.290634 0.000361 -0.000036 0.000000 0.000000 -0.031669
    69 -0.658119 -0.003576 0.072643 -0.142711 0.027792 -0.077299
    70 1.868078 -0.003049 0.002177 0.000015 -0.000009 1.450101
    71 1.200075 0.399942 -0.000093 0.009465 -0.016087 0.007127
    72 0.000589 0.100342 0.000319 0.120035 0.021926 -0.209617
    73 0.068073 0.002283 -0.080050 3.111376 -0.069366 -0.060847
    74 2.011874 -0.001179 0.002180 -0.000037 -0.000061 1.378946
    75 0.000233 0.099800 0.000395 0.018823 -0.010833 -0.239219
    76 -0.018673 -0.001009 0.047544 3.109244 0.002635 -0.106673
    77 1.178665 0.001595 0.000845 0.000006 -0.000001 0.743937
    78 -0.000196 0.099628 0.000034 0.000000 0.000000 -0.314102
    79 0.036894 -0.634449 0.266284 -2.801062 0.174301 0.490915
    80 1.708256 -0.002504 -0.000686 -0.000022 0.000023 1.160590
    81 -0.000580 0.100140 0.000311 0.010910 -0.023132 -0.260845
    82 -0.003952 -0.281811 0.115047 -3.059162 0.089004 0.167964
    83 1.289625 0.000042 0.000061 0.000022 0.000002 0.672669
    84 -0.171526 -0.018150 -0.099873 0.013484 -0.062184 -0.011781
    85 0.916622 0.003336 0.001326 -0.000053 0.000009 -0.064425
    86 -0.342617 0.053402 -0.025571 -2.909301 -0.017248 0.075276
    87 1.100231 -0.000928 -0.002434 0.000021 0.000038 0.677957
    88 -0.384979 0.331001 0.006848 -3.087207 -0.018765 -0.184278
    89 0.678146 0.002286 -0.003905 -0.000006 0.000005 0.138035
    90 -0.123848 0.072738 0.029507 2.898184 -0.060627 0.094835
    91 1.017166 -0.000154 -0.000252 -0.000011 -0.000002 0.255699
    92 -0.344990 0.123129 0.143151 2.994981 0.012396 0.059140
    93 -0.730989 0.177046 0.039141 -0.123731 0.076518 -0.084310
    94 0.921993 0.001298 -0.000896 -0.000038 0.000001 0.471806
    95 -0.124023 -0.052090 0.038495 3.077813 -0.008519 0.039229
    96 1.100433 -0.003552 0.000502 -0.000030 0.000042 0.545699
    97 -0.330082 0.160639 0.042780 3.128073 0.034033 -0.171236
    98 0.679764 0.001532 0.003272 0.000002 0.000003 0.674786
    99 -0.019512 -0.016531 0.038578 -2.763781 0.050305 0.076829
    100 1.019531 -0.000005 -0.000001 0.000000 0.000000 0.497026
    101 -0.155308 0.130644 -0.021921 -3.022466 0.022433 -0.024902
    102 -0.252207 0.061937 -0.024914 -0.007671 -0.063171 -0.044392
    103 -0.085995 0.185205 -0.015180 -2.937063 -0.113970 -0.138991
    104 -0.286533 0.179852 0.024264 -3.109353 -0.049645 -0.029914
    105 -0.019482 0.147083 0.079203 2.893815 0.038585 -0.060594
    106 -0.046482 0.251896 0.129548 3.016165 0.077112 -0.042864
    107 0.039124 -0.040295 0.047739 3.084219 0.030470 -0.037414
    108 -0.233757 0.066630 0.001754 -3.133087 0.040141 -0.065412
    109 0.044266 0.020131 0.001684 -2.778763 -0.118872 -0.040488
    110 0.071495 0.074128 -0.048302 -3.035917 -0.059482 0.104366
    111 0.000000 0.000000 0.000000 0.000000 0.000000 -1.570796
    112 -4.632954 -7.394757 -8.789331 0.653759 -0.657210 -1.707298
    113 0.000000 0.000000 0.000000 0.000000 0.000000 0.000000
    114 -5.566576 -15.758293 -2.644612 0.653476 -0.658474 -1.708311
    115 3.096000 0.000000 -1.996000 0.000000 0.000000 0.000000
    116 3.040999 0.000000 1.202000 0.000000 0.000000 0.000000
    117 7.854000 0.000000 -0.042000 0.000000 0.000000 -0.000027
    118 13.105999 0.000000 -0.006000 0.000000 0.000000 0.000027
    119 3.456000 0.000000 -1.084000 0.000000 0.000000 0.000013
    120 1.804000 0.000000 -1.025000 0.000000 0.000000 0.000000
    121 7.098000 0.000000 -1.084000 0.000000 0.000000 0.000000
    122 1.868000 1.809000 -1.975000 -2.218442 -0.017124 -0.465675
    123 3.740000 0.000000 1.273000 0.000000 0.000000 0.000013
    124 11.956999 0.000000 -0.006000 0.000000 0.000000 0.000027
    125 6.072001 0.000000 -1.238000 0.000000 0.000000 0.000000
    126 5.690000 -0.365000 0.068000 -0.000040 -0.349041 -1.570749
    127 6.396999 0.614000 0.428000 0.000000 0.000000 -0.000027
    128 3.040999 0.000000 1.202000 0.000000 0.000000 0.000000
    129 3.720000 0.000000 1.202000 0.000000 0.000000 0.000000
    130 1.086000 -0.661000 -0.149000 0.000000 0.000000 0.000000
    131 1.067000 0.589000 0.076000 0.000000 0.000000 0.000000
    132 0.000000 -0.019000 0.000000 0.000000 0.000000 0.000000
    133 0.000000 -0.019000 0.000000 0.000000 0.000000 0.000000
    134 3.300000 -0.019000 1.346000 0.000000 0.000000 0.000000
    135 -1.524000 -1.859000 -4.367000 -1.730250 -0.014891 0.208056
    136 7.283999 0.000000 -2.195000 0.000000 0.000000 -0.000027
    137 -1.323000 0.000000 0.184000 0.000000 0.000000 0.000000
    138 0.082000 0.000000 1.002000 0.000000 0.000000 0.000000
    139 -51.972983 -20.570940 -29.543470 -0.706605 0.598244 -0.320060
    140 0.478000 0.000000 -4.537000 0.000000 0.000000 -0.000013
    141 3.436000 0.000000 1.202000 0.000000 0.000000 0.000000
    142 3.040999 0.000000 1.202000 0.000000 0.000000 0.000000
    143 4.657000 0.000000 1.545000 0.000000 0.000000 -0.000013
    144 -0.403000 0.000000 -0.011000 0.000000 0.000000 0.000000
    145 1.781000 0.000000 0.873000 0.000000 0.000000 0.000000
    146 0.384000 0.715000 0.801000 0.000000 0.000000 0.000000
    147 1.795000 0.533000 -1.550000 0.000000 0.000000 0.000000
    148 4.435999 0.595000 -0.954000 0.000000 0.000000 0.000000
    149 4.401999 -0.614000 -1.630000 0.000000 0.000000 0.000000
    150 4.203000 -0.003000 -0.048000 0.000000 0.000000 0.000000
    151 5.136000 0.000000 1.534000 0.000000 0.000000 -0.000027
    152 11.957001 0.000000 -0.006000 0.000000 0.000000 0.000027
    153 -2.103001 0.000000 0.000000 0.000000 0.000000 0.000000
    154 -0.598001 0.000000 -0.011000 0.000000 0.000000 -0.000013
    155 0.496000 0.184000 -3.523000 0.000000 0.000000 0.000000
    156 0.147000 0.184000 -0.328000 0.000000 0.000000 0.000000
    157 0.147000 0.184000 0.023000 0.000000 0.000000 0.000000
    158 0.147000 0.184000 0.368000 0.000000 0.000000 0.000000
    159 0.147000 0.184000 0.717000 0.000000 0.000000 0.000000
    160 0.147000 0.184000 1.067000 0.000000 0.000000 0.000000
    161 0.148000 0.184000 1.414000 0.000000 0.000000 0.000000
    162 0.148000 -0.074000 1.640000 0.000000 0.000000 0.000000
    163 0.435000 0.184000 -3.179000 0.000000 0.000000 0.000000
    164 0.378000 0.184000 -2.826000 0.000000 0.000000 0.000000
    165 0.329000 0.184000 -2.477000 0.000000 0.000000 0.000000
    166 0.286000 0.184000 -2.127000 0.000000 0.000000 0.000000
    167 0.252000 0.184000 -1.775000 0.000000 0.000000 0.000000
    168 0.215000 0.184000 -1.417000 0.000000 0.000000 0.000000
    169 0.190000 0.184000 -1.064000 0.000000 0.000000 0.000000
    170 0.166000 0.184000 -0.714000 0.000000 0.000000 0.000000
    171 1.622000 0.000000 1.568000 0.000000 0.000000 0.000013
    172 2.240000 0.000000 1.568000 0.000000 0.000000 0.000013
    173 0.000000 0.000000 0.000000 0.000000 0.000000 0.000000
    174 0.000006 -0.006207 -4.863281 -3.140338 -0.002958 -3.128596
    175 1.000088 -0.000029 0.000000 0.000000 0.000000 0.000000
    176 17.162518 -0.000404 0.000000 0.000000 0.000000 0.119207
    177 17.749374 0.295515 0.000000 0.000000 0.000000 -1.158917
    178 5.413528 0.000347 0.000000 0.000000 0.000000 -0.518029
    179 0.017887 0.299792 0.000000 0.000000 0.000000 -0.059577
    180 9.999889 -0.000303 0.000000 0.000000 0.000000 0.000000
    181 0.000004 0.006218 4.863281 -3.140338 -0.002958 -3.128596
    182 1.000088 -0.000029 0.000000 0.000000 0.000000 0.000000
    183 12.283573 1.581455 -4.695999 1.462269 -0.086726 0.090185
    184 17.162518 -0.000404 0.000000 0.000000 0.000000 0.119207
    185 17.749374 0.295515 0.000000 0.000000 0.000000 -1.158919
    186 5.413528 0.000347 0.000000 0.000000 0.000000 -0.518029
    187 0.017887 0.299792 0.000000 0.000000 0.000000 -0.059571
    188 9.499836 0.000212 0.000000 0.000000 0.000000 0.000000
    189 -1.145525 0.000130 0.000671 0.000000 0.000000 0.000000
    190 -0.857691 0.104071 0.104687 0.023536 0.163924 0.013632
    191 3.999430 -0.000528 -0.000332 -0.055841 0.000060 0.000000
    192 0.599499 0.400698 0.000236 0.000000 0.000000 0.000000
    193 0.599886 0.400186 -0.000027 0.000000 0.000000 0.000000
    194 2.299677 -2.499979 -0.599480 0.891926 0.221475 -0.527217
    195 4.212711 -6.396609 -4.582120 2.085766 -0.354662 -0.010573
    196 -9.580679 -27.862108 -37.184677 0.812879 -0.123459 -0.568477
    197 0.649935 -0.548296 0.093658 -1.665913 -0.131399 -0.112062
    198 1.899127 0.000427 -0.000439 0.027386 -0.033311 0.477848
    199 0.657078 0.008400 0.040375 -1.665945 -0.131407 -0.000013
    200 1.799664 -0.000240 0.000231 0.027386 -0.033311 0.477848
    201 1.799664 -0.000240 0.000231 0.027386 -0.033311 0.477848
    202 1.799664 -0.000240 0.000231 0.027386 -0.033311 0.477848
    203 0.665774 0.747222 -0.029186 -1.665935 -0.131408 0.094976
    204 1.900306 -0.000137 -0.000517 0.027386 -0.033311 0.477848
    205 5.349525 -3.690502 5.614282 3.572957 1.456624 -0.884523
    206 3.999897 0.000040 0.001007 0.247321 0.000000 0.000000
    207 0.600403 0.399632 -0.000469 0.000000 0.000000 3.141497
    208 0.599890 0.400186 0.000031 0.000000 0.000000 3.141593
    209 2.300137 -2.499413 0.600155 -0.891899 -0.221523 -0.527242
    210 12.103249 -3.649587 -1.238105 1.733585 0.203059 0.048157
    211 2.762354 0.116951 1.523975 1.629482 0.064153 1.743800
    212 7.228317 7.928200 -3.925652 2.328713 0.123459 -0.568477
    213 0.650396 -0.547731 -0.092976 1.665913 0.131399 -0.112062
    214 1.899441 -0.000320 -0.000150 -0.027386 0.033311 0.477848
    215 0.657068 0.008398 -0.040379 1.665945 0.131407 -0.000013
    216 1.799659 -0.000233 -0.000233 -0.027386 0.033311 0.477848
    217 1.799659 -0.000233 -0.000233 -0.027386 0.033311 0.477848
    218 1.799659 -0.000233 -0.000233 -0.027386 0.033311 0.477848
    219 0.665778 0.747222 0.029179 1.665935 0.131408 0.094976
    220 1.900722 0.000549 -0.000072 -0.027386 0.033311 0.477848
    221 4.530998 0.000000 0.000000 0.000000 0.000000 0.000000
    222 4.527344 0.000000 0.000000 0.000000 0.000000 0.000000
    223 0.000000 0.000000 0.000000 0.000000 0.000000 0.000000
    224 0.000000 0.000000 0.000000 0.000000 0.000000 0.000000
    225 4.000000 -6.496094 0.008293 -0.001274 0.000001 0.000975
    226 -6.500000 0.000000 0.000000 -1.537381 1.569552 -1.537381
    227 16.777624 -5.546795 9.118598 0.653759 -0.657161 -0.136594
    228 0.280000 -0.135000 2.196999 1.570796 0.000000 -1.570735
    229 0.000000 0.000000 0.000000 0.000000 0.000000 0.000000
    230 0.000000 0.000000 0.000000 0.014729 0.018360 0.000983
    231 0.106000 0.000000 -64.320000 0.000000 0.000000 0.000000
    232 0.000000 0.000000 0.000000 0.000000 0.000000 0.000000
    233 -0.106000 0.000000 64.320000 0.000000 0.000000 0.000000
    234 -2.122023 -19.080035 -4.563644 -0.691838 -1.226338 -2.750248
    235 0.000000 0.000000 0.000000 0.000000 -0.000036 0.000055
    236 1.688000 -0.001000 -1.454002 0.000000 0.000000 0.000000
    237 -1.070999 -0.005000 0.545002 0.000000 0.000000 0.000000
    238 5.895000 0.750997 -0.156000 0.000000 0.000000 0.000000
    239 11.599999 -0.000003 -1.500002 0.000000 0.000000 0.000000
    240 -3.804688 5.152344 -5.503906 -1.515061 -0.074935 -0.291543
    241 11.239561 -0.000003 -1.579000 0.000000 0.000000 0.000000
    242 1.824825 1.097687 -4.203207 -2.334741 -0.756557 0.219608
    243 0.673937 -0.015635 -4.768713 -3.141592 -1.281051 3.141593
    244 0.094999 -0.144000 0.332001 0.000000 0.000000 0.000000
    245 14.209020 0.000022 0.766988 0.000000 0.000000 0.000000
    246 0.000000 0.000000 0.000000 1.570800 0.000000 -1.570796
  time 24
    0 0.000000 0.000000 0.000000 0.000000 0.000000 -1.570796
    1 -0.106750 -0.000001 -0.000351 0.000000 0.000000 0.000000
    2 0.000000 0.000000 0.000000 0.000000 0.000000 0.000000
    3 -0.904000 0.000000 -11.806000 0.000000 0.000000 0.000000
    4 0.000000 0.000000 -14.313999 1.572085 -1.570793 0.000000
    5 3.533001 0.000000 0.000000 -0.001274 0.000000 0.000000
    6 6.250000 0.000000 0.000000 0.000000 0.000000 0.000000
    7 9.568951 -0.019507 -1.944020 -1.679421 1.263855 -1.797965
    8 9.570313 5.304688 2.056641 -1.552151 -1.032979 1.554747
    9 5.786820 0.002787 -0.000113 -0.822982 0.272923 -1.331342
    10 5.999492 -0.000592 -4.000343 0.000000 0.000000 0.000000
    11 5.787410 0.002582 0.000893 1.211200 -0.791371 -2.120750
    12 5.999492 -0.000592 4.000340 0.000000 0.000000 0.000000
    13 0.500225 0.000133 -0.000084 0.050455 0.000000 -0.000060
    14 11.530657 0.000349 -0.001308 -0.000041 0.000057 -1.039843
    15 -0.829338 0.893824 0.079659 -0.148839 0.047645 0.087266
    16 0.500225 0.000132 0.000072 -0.011936 0.000000 0.000000
    17 11.532495 0.000526 0.003814 0.000006 -0.000010 -0.975691
    18 -0.829586 0.894698 -0.079468 0.045377 -0.019621 0.087266
    19 10.599886 0.000105 -0.000553 -0.125521 0.000000 0.000000
    20 0.166542 -0.290806 -0.000805 0.000000 0.000011 0.519913
    21 11.042053 0.003717 0.000798 -0.257380 -0.222347 0.021783
    22 -11.814724 0.424524 -0.297680 0.247998 -0.066121 -0.042695
    23 10.599878 0.000105 0.000549 0.529008 -0.000012 0.000048
    24 0.143101 -0.279088 0.000801 0.000000 -0.000011 0.487822
    25 11.041739 0.003170 -0.000568 0.422378 0.310198 -0.622830
    26 -11.663242 0.094713 0.140656 -0.068591 0.018527 -0.015099
    27 0.610300 -0.939470 0.070347 -1.655245 -0.140079 -0.175604
    28 0.639938 -0.199121 0.060192 -1.665909 -0.131368 -0.066423
    29 0.600155 1.080260 -0.339535 -1.869412 0.297780 0.043579
    30 0.610207 0.400743 -0.010098 -1.816211 0.108362 0.008848
    31 0.630809 -0.690091 -0.232343 0.473643 0.353851 -1.095526
    32 -0.792125 0.203736 0.461304 1.439074 -0.003453 -0.018305
    33 0.610300 -0.939469 -0.070354 1.655295 0.140043 -0.175652
    34 0.639938 -0.199121 -0.060200 1.665960 0.131404 -0.066423
    35 0.600157 1.080260 0.339531 1.741577 -0.203963 0.075913
    36 0.610205 0.400743 0.010086 1.761892 -0.015361 0.028035
    37 0.627906 -0.691394 0.232270 -1.014489 -0.861409 -0.665993
    38 -0.626031 -0.069982 -0.080517 -1.447153 0.086151 0.021559
    39 2.621377 -0.002532 -0.001438 -0.242567 0.159441 0.511717
    40 2.660837 0.000397 -0.000071 -0.215529 0.292713 0.698932
    41 2.202488 0.003364 -0.002863 -0.192648 0.555294 0.889589
    42 0.599950 0.959236 -0.300102 -0.174544 0.000000 0.000000
    43 2.557190 -0.001967 0.002453 -0.379944 0.320136 0.903379
    44 2.098929 0.000032 -0.002193 -0.476067 0.229661 0.415778
    45 0.999378 -0.000238 -1.111710 0.000000 0.000000 0.000000
    46 -0.122641 -0.721855 0.661686 -0.486644 0.223964 0.243056
    47 2.622112 -0.000648 0.002741 -0.053044 0.086883 -0.048142
    48 2.657909 0.000687 -0.000533 0.200369 0.214671 1.264692
    49 2.200014 0.001663 0.000836 0.236792 0.017724 1.474087
    50 0.599949 0.959244 0.300102 0.174544 0.000000 0.000000
    51 2.556571 -0.000385 0.000554 0.236773 0.177148 1.399512
    52 2.103853 0.001708 -0.001011 0.124870 -0.418714 0.876997
    53 0.999376 -0.000240 1.490624 0.000000 0.000000 0.946917
    54 0.310848 -0.606446 -0.498005 0.308107 -0.197598 0.313975
    55 1.869163 -0.000835 -0.000994 -0.000007 0.000003 0.097626
    56 1.200941 0.399582 -0.000237 -0.009465 0.016087 0.007127
    57 0.000586 0.100342 -0.000319 -0.120035 -0.021926 -0.209617
    58 -0.161663 0.051712 0.194808 -2.941982 0.122408 -0.060194
    59 2.010090 -0.003202 -0.003377 -0.000006 -0.000023 1.173135
    60 0.000237 0.099800 -0.000395 -0.018823 0.010833 -0.239219
    61 -0.203197 0.048607 0.069150 -3.093332 0.033217 -0.046722
    62 1.180426 -0.002312 0.000781 -0.000002 0.000000 1.142160
    63 -0.000196 0.099625 -0.000034 0.000000 0.000000 -0.314102
    64 -0.088737 -0.688435 -0.145203 2.930407 -0.136130 0.513013
    65 1.712069 -0.003328 0.003818 -0.023923 0.014169 1.176249
    66 -0.000576 0.100143 -0.000311 -0.010914 0.023131 -0.260843
    67 -0.146027 -0.232426 -0.014225 3.028455 -0.094299 0.113020
    68 1.290634 0.000361 -0.000036 0.000000 0.000000 -0.031629
    69 -0.658119 -0.003576 0.072643 -0.142711 0.027792 -0.077299
    70 1.868078 -0.003049 0.002177 0.000015 -0.000009 1.450101
    71 1.200075 0.399942 -0.000093 0.009465 -0.016087 0.007127
    72 0.000589 0.100342 0.000319 0.120035 0.021926 -0.209617
    73 0.068073 0.002283 -0.080050 3.111376 -0.069366 -0.060847
    74 2.011874 -0.001179 0.002180 -0.000037 -0.000061 1.378946
    75 0.000233 0.099800 0.000395 0.018823 -0.010833 -0.239219
    76 -0.018673 -0.001009 0.047544 3.109244 0.002635 -0.106673
    77 1.178665 0.001595 0.000845 0.000006 -0.000001 0.743937
    78 -0.000196 0.099628 0.000034 0.000000 0.000000 -0.314102
    79 0.036894 -0.634449 0.266284 -2.801062 0.174301 0.490915
    80 1.708256 -0.002504 -0.000686 -0.000034 0.000023 1.160590
    81 -0.000580 0.100140 0.000311 0.010910 -0.023132 -0.260845
    82 -0.003952 -0.281811 0.115047 -3.059162 0.089004 0.167964
    83 1.289625 0.000042 0.000061 0.000022 0.000002 0.672669
    84 -0.171526 -0.018150 -0.099873 0.013484 -0.062184 -0.011781
    85 0.916622 0.003336 0.001326 0.000007 0.000009 -0.116207
    86 -0.342617 0.053402 -0.025571 -2.909301 -0.017248 0.075276
    87 1.100231 -0.000928 -0.002434 0.000009 0.000026 0.677898
    88 -0.384979 0.331001 0.006848 -3.087207 -0.018765 -0.184278
    89 0.678146 0.002286 -0.003905 -0.000006 -0.000007 0.138429
    90 -0.123848 0.072738 0.029507 2.898184 -0.060627 0.094835
    91 1.017166 -0.000154 -0.000252 -0.000011 -0.000002 0.255699
    92 -0.344990 0.123129 0.143151 2.994981 0.012396 0.059140
    93 -0.730989 0.177046 0.039141 -0.123731 0.076518 -0.084310
    94 0.921993 0.001298 -0.000896 -0.000038 0.000001 0.471806
    95 -0.124023 -0.052090 0.038495 3.077813 -0.008519 0.039229
    96 1.100433 -0.003552 0.000502 -0.000030 0.000042 0.545699
    97 -0.330082 0.160639 0.042780 3.128073 0.034033 -0.171236
    98 0.679764 0.001532 0.003272 0.000002 0.000003 0.674786
    99 -0.019512 -0.016531 0.038578 -2.763781 0.050305 0.076829
    100 1.019531 -0.000005 -0.000001 0.000000 0.000000 0.497026
    101 -0.155308 0.130644 -0.021921 -3.022466 0.022433 -0.024902
    102 -0.252207 0.061937 -0.024914 -0.007671 -0.063171 -0.044392
    103 -0.085995 0.185205 -0.015180 -2.937063 -0.113970 -0.138991
    104 -0.286533 0.179852 0.024264 -3.109353 -0.049645 -0.029914
    105 -0.019482 0.147083 0.079203 2.893815 0.038585 -0.060594
    106 -0.046482 0.251896 0.129548 3.016165 0.077112 -0.042864
    107 0.039124 -0.040295 0.047739 3.084219 0.030470 -0.037414
    108 -0.233757 0.066630 0.001754 -3.133087 0.040141 -0.065412
    109 0.044266 0.020131 0.001684 -2.778763 -0.118872 -0.040488
    110 0.071495 0.074128 -0.048302 -3.035917 -0.059482 0.104366
    111 0.000000 0.000000 0.000000 0.000000 0.000000 -1.570796
    112 -4.683737 -7.410382 -8.840114 0.674293 -0.672005 -1.697694
    113 0.000000 0.000000 0.000000 0.000000 0.000000 0.000000
    114 -5.511887 -15.691885 -2.566485 0.674493 -0.673321 -1.698522
    115 3.096000 0.000000 -1.996000 0.000000 0.000000 0.000000
    116 3.040999 0.000000 1.202000 0.000000 0.000000 0.000000
    117 7.854000 0.000000 -0.042000 0.000000 0.000000 -0.000027
    118 13.105999 0.000000 -0.006000 0.000000 0.000000 0.000027
    119 3.456000 0.000000 -1.084000 0.000000 0.000000 0.000013
    120 1.804000 0.000000 -1.025000 0.000000 0.000000 0.000000
    121 7.098000 0.000000 -1.084000 0.000000 0.000000 0.000000
    122 1.868000 1.809000 -1.975000 -2.218442 -0.017124 -0.465675
    123 3.740000 0.000000 1.273000 0.000000 0.000000 0.000013
    124 11.956999 0.000000 -0.006000 0.000000 0.000000 0.000027
    125 6.072001 0.000000 -1.238000 0.000000 0.000000 0.000000
    126 5.690000 -0.365000 0.068000 -0.000040 -0.349041 -1.570749
    127 6.396999 0.614000 0.428000 0.000000 0.000000 -0.000027
    128 3.040999 0.000000 1.202000 0.000000 0.000000 0.000000
    129 3.720000 0.000000 1.202000 0.000000 0.000000 0.000000
    130 1.086000 -0.661000 -0.149000 0.000000 0.000000 0.000000
    131 1.067000 0.589000 0.076000 0.000000 0.000000 0.000000
    132 0.000000 -0.019000 0.000000 0.000000 0.000000 0.000000
    133 0.000000 -0.019000 0.000000 0.000000 0.000000 0.000000
    134 3.300000 -0.019000 1.346000 0.000000 0.000000 0.000000
    135 -1.524000 -1.859000 -4.367000 -1.730250 -0.014891 0.208056
    136 7.283999 0.000000 -2.195000 0.000000 0.000000 -0.000027
    137 -1.323000 0.000000 0.184000 0.000000 0.000000 0.000000
    138 0.082000 0.000000 1.002000 0.000000 0.000000 0.000000
    139 -52.492530 -20.645161 -28.668443 -0.739656 0.596021 -0.353670
    140 0.478000 0.000000 -4.537000 0.000000 0.000000 -0.000013
    141 3.436000 0.000000 1.202000 0.000000 0.000000 0.000000
    142 3.040999 0.000000 1.202000 0.000000 0.000000 0.000000
    143 4.657000 0.000000 1.545000 0.000000 0.000000 -0.000013
    144 -0.403000 0.000000 -0.011000 0.000000 0.000000 0.000000
    145 1.781000 0.000000 0.873000 0.000000 0.000000 0.000000
    146 0.384000 0.715000 0.801000 0.000000 0.000000 0.000000
    147 1.795000 0.533000 -1.550000 0.000000 0.000000 0.000000
    148 4.435999 0.595000 -0.954000 0.000000 0.000000 0.000000
    149 4.401999 -0.614000 -1.630000 0.000000 0.000000 0.000000
    150 4.203000 -0.003000 -0.048000 0.000000 0.000000 0.000000
    151 5.136000 0.000000 1.534000 0.000000 0.000000 -0.000027
    152 11.957001 0.000000 -0.006000 0.000000 0.000000 0.000027
    153 -2.103001 0.000000 0.000000 0.000000 0.000000 0.000000
    154 -0.598001 0.000000 -0.011000 0.000000 0.000000 -0.000013
    155 0.496000 0.184000 -3.523000 0.000000 0.000000 0.000000
    156 0.147000 0.184000 -0.328000 0.000000 0.000000 0.000000
    157 0.147000 0.184000 0.023000 0.000000 0.000000 0.000000
    158 0.147000 0.184000 0.368000 0.000000 0.000000 0.000000
    159 0.147000 0.184000 0.717000 0.000000 0.000000 0.000000
    160 0.147000 0.184000 1.067000 0.000000 0.000000 0.000000
    161 0.148000 0.184000 1.414000 0.000000 0.000000 0.000000
    162 0.148000 -0.074000 1.640000 0.000000 0.000000 0.000000
    163 0.435000 0.184000 -3.179000 0.000000 0.000000 0.000000
    164 0.378000 0.184000 -2.826000 0.000000 0.000000 0.000000
    165 0.329000 0.184000 -2.477000 0.000000 0.000000 0.000000
    166 0.286000 0.184000 -2.127000 0.000000 0.000000 0.000000
    167 0.252000 0.184000 -1.775000 0.000000 0.000000 0.000000
    168 0.215000 0.184000 -1.417000 0.000000 0.000000 0.000000
    169 0.190000 0.184000 -1.064000 0.000000 0.000000 0.000000
    170 0.166000 0.184000 -0.714000 0.000000 0.000000 0.000000
    171 1.622000 0.000000 1.568000 0.000000 0.000000 0.000013
    172 2.240000 0.000000 1.568000 0.000000 0.000000 0.000013
    173 0.000000 0.000000 0.000000 0.000000 0.000000 0.000000
    174 0.000006 -0.006207 -4.863281 -3.140338 -0.002958 -3.128596
    175 1.000088 -0.000029 0.000000 0.000000 0.000000 0.000000
    176 17.162518 -0.000404 0.000000 0.000000 0.000000 0.119207
    177 17.749374 0.295515 0.000000 0.000000 0.000000 -1.158917
    178 5.413528 0.000347 0.000000 0.000000 0.000000 -0.518029
    179 0.017887 0.299792 0.000000 0.000000 0.000000 -0.059577
    180 9.999889 -0.000303 0.000000 0.000000 0.000000 0.000000
    181 0.000004 0.006218 4.863281 -3.140338 -0.002958 -3.128596
    182 1.000088 -0.000029 0.000000 0.000000 0.000000 0.000000
    183 12.283573 1.581455 -4.695999 1.462269 -0.086726 0.090185
    184 17.162518 -0.000404 0.000000 0.000000 0.000000 0.119207
    185 17.749374 0.295515 0.000000 0.000000 0.000000 -1.158919
    186 5.413528 0.000347 0.000000 0.000000 0.000000 -0.518029
    187 0.017887 0.299792 0.000000 0.000000 0.000000 -0.059571
    188 9.499836 0.000212 0.000000 0.000000 0.000000 0.000000
    189 -1.145525 0.000130 0.000671 0.000000 0.000000 0.000000
    190 -0.857691 0.104071 0.104687 0.023536 0.163924 0.013632
    191 3.999430 -0.000528 -0.000332 -0.125501 -0.000060 0.000000
    192 0.599499 0.400698 0.000236 0.000000 0.000000 0.000000
    193 0.599886 0.400186 -0.000027 0.000000 0.000000 0.000000
    194 2.299677 -2.499979 -0.599480 0.891926 0.221475 -0.527234
    195 2.318122 -5.705182 -4.457116 2.122121 -0.345900 -0.042198
    196 -9.580679 -27.862108 -37.184677 0.812879 -0.123459 -0.568477
    197 0.649935 -0.548296 0.093658 -1.665913 -0.131399 -0.112062
    198 1.899127 0.000427 -0.000439 0.027386 -0.033311 0.477848
    199 0.657078 0.008400 0.040375 -1.665945 -0.131407 -0.000013
    200 1.799664 -0.000240 0.000231 0.027386 -0.033311 0.477848
    201 1.799664 -0.000240 0.000231 0.027386 -0.033311 0.477848
    202 1.799664 -0.000240 0.000231 0.027386 -0.033311 0.477848
    203 0.665774 0.747222 -0.029186 -1.665935 -0.131408 0.094976
    204 1.900306 -0.000137 -0.000517 0.027386 -0.033311 0.477848
    205 5.564376 -3.303771 5.645533 3.401541 1.442949 -1.007655
    206 3.999897 0.000040 0.001007 0.264490 0.000000 0.000000
    207 0.600403 0.399632 -0.000469 0.000000 0.000000 3.141497
    208 0.599890 0.400186 0.000031 0.000000 0.000000 3.141593
    209 2.300137 -2.499413 0.600155 -0.891899 -0.221523 -0.527242
    210 12.103249 -3.649587 -1.238105 1.733585 0.203059 0.048157
    211 2.762354 0.116951 1.523975 1.629482 0.064153 1.743800
    212 7.228317 7.928200 -3.925652 2.328713 0.123459 -0.568477
    213 0.650396 -0.547731 -0.092976 1.665913 0.131399 -0.112062
    214 1.899441 -0.000320 -0.000150 -0.027386 0.033311 0.477848
    215 0.657068 0.008398 -0.040379 1.665945 0.131407 -0.000013
    216 1.799659 -0.000233 -0.000233 -0.027386 0.033311 0.477848
    217 1.799659 -0.000233 -0.000233 -0.027386 0.033311 0.477848
    218 1.799659 -0.000233 -0.000233 -0.027386 0.033311 0.477848
    219 0.665778 0.747222 0.029179 1.665935 0.131408 0.094976
    220 1.900722 0.000549 -0.000072 -0.027386 0.033311 0.477848
    221 4.530998 0.000000 0.000000 0.000000 0.000000 0.000000
    222 4.527344 0.000000 0.000000 0.000000 0.000000 0.000000
    223 0.000000 0.000000 0.000000 0.000000 0.000000 0.000000
    224 0.000000 0.000000 0.000000 0.000000 0.000000 0.000000
    225 4.000000 -6.496094 0.008293 -0.001274 0.000001 0.000975
    226 -6.500000 0.000000 0.000000 -1.537381 1.569552 -1.537381
    227 16.707309 -5.496012 9.196726 0.674380 -0.671910 -0.126897
    228 0.280000 -0.135000 2.196999 1.570796 0.000000 -1.570735
    229 0.000000 0.000000 0.000000 0.000000 0.000000 0.000000
    230 0.000000 0.000000 0.000000 0.010055 0.013674 -0.001151
    231 0.106000 0.000000 -64.320000 0.000000 0.000000 0.000000
    232 0.000000 0.000000 0.000000 0.000000 0.000000 0.000000
    233 -0.106000 0.000000 64.320000 0.000000 0.000000 0.000000
    234 -3.000956 -19.876935 -3.071411 -0.744432 -1.228964 -2.684346
    235 0.000000 0.000000 0.000000 0.000000 -0.000036 0.000055
    236 1.688000 -0.001000 -1.454002 0.000000 0.000000 0.000000
    237 -1.070999 -0.005000 0.545002 0.000000 0.000000 0.000000
    238 5.895000 0.750997 -0.156000 0.000000 0.000000 0.000000
    239 11.599999 -0.000003 -1.500002 0.000000 0.000000 0.000000
    240 -3.804688 5.152344 -5.503906 -1.515061 -0.074935 -0.291543
    241 11.239561 -0.000003 -1.579000 0.000000 0.000000 0.000000
    242 3.449875 0.628922 -3.339900 -2.359339 -0.721545 0.228531
    243 0.673937 -0.015635 -4.768713 -3.141592 -1.281051 3.141593
    244 0.094999 -0.144000 0.332001 0.000000 0.000000 0.000000
    245 14.209020 0.000022 0.766988 0.000000 0.000000 0.000000
    246 0.000000 0.000000 0.000000 1.570800 0.000000 -1.570796
  time 25
    0 0.000000 0.000000 0.000000 0.000000 0.000000 -1.570796
    1 -0.106750 -0.000001 -0.000351 0.000000 0.000000 0.000000
    2 0.000000 0.000000 0.000000 0.000000 0.000000 0.000000
    3 -0.904000 0.000000 -11.806000 0.000000 0.000000 0.000000
    4 0.000000 0.000000 -14.313999 1.572085 -1.570793 0.000000
    5 3.533001 0.000000 0.000000 -0.001274 0.000000 0.000000
    6 6.250000 0.000000 0.000000 0.000000 0.000000 0.000000
    7 9.568951 -0.019507 -1.944020 -1.609364 1.210872 -1.751718
    8 9.570313 5.304688 2.056641 -1.552151 -1.032979 1.554747
    9 5.786820 0.002787 -0.000113 -0.697661 0.142910 -1.260553
    10 5.999492 -0.000592 -4.000343 0.000000 0.000000 0.000000
    11 5.787410 0.002582 0.000893 1.215414 -0.783887 -2.127544
    12 5.999492 -0.000592 4.000340 0.000000 0.000000 0.000000
    13 0.500225 0.000133 -0.000084 -0.037033 0.000000 0.000000
    14 11.530657 0.000349 -0.001308 -0.000041 0.000057 -1.049893
    15 -0.829338 0.893824 0.079659 -0.148839 0.047645 0.087266
    16 0.500225 0.000132 0.000072 -0.018860 0.000060 0.000000
    17 11.532495 0.000526 0.003814 0.000030 -0.000057 -0.955402
    18 -0.829586 0.894698 -0.079468 0.045377 -0.019621 0.087266
    19 10.599886 0.000105 -0.000553 -0.203475 0.000000 -0.000024
    20 0.154822 -0.286900 -0.000805 0.000000 0.000011 0.524964
    21 11.042053 0.003717 0.000798 -0.426259 -0.294331 0.151434
    22 -11.814724 0.424524 -0.297680 0.247998 -0.066121 -0.042695
    23 10.599878 0.000105 0.000549 0.555921 0.000000 0.000000
    24 0.143101 -0.279088 0.000801 -0.000048 0.000073 0.477657
    25 11.041739 0.003170 -0.000568 0.431580 0.306475 -0.657534
    26 -11.663242 0.094713 0.140656 -0.068591 0.018527 -0.015099
    27 0.610300 -0.939470 0.070347 -1.655245 -0.140079 -0.175604
    28 0.639938 -0.199121 0.060192 -1.665909 -0.131368 -0.066423
    29 0.600155 1.080260 -0.339535 -1.869412 0.297780 0.043591
    30 0.610207 0.400743 -0.010098 -1.816211 0.108362 0.008848
    31 0.630809 -0.690091 -0.232343 0.473613 0.353828 -1.095563
    32 -0.792125 0.203736 0.461304 1.439074 -0.003453 -0.018305
    33 0.610300 -0.939469 -0.070354 1.655295 0.140043 -0.175652
    34 0.639938 -0.199121 -0.060200 1.665960 0.131404 -0.066423
    35 0.600157 1.080260 0.339531 1.741577 -0.203963 0.075913
    36 0.610205 0.400743 0.010086 1.761892 -0.015361 0.028035
    37 0.627906 -0.691394 0.232270 -1.014489 -0.861409 -0.665993
    38 -0.626031 -0.069982 -0.080517 -1.447153 0.086151 0.021559
    39 2.621377 -0.002532 -0.001438 -0.130054 0.246700 0.353574
    40 2.660837 0.000397 -0.000071 -0.052088 0.283824 0.731948
    41 2.202488 0.003364 -0.002863 -0.039079 0.362872 0.823514
    42 0.599950 0.959236 -0.300102 -0.174544 0.000000 0.000000
    43 2.557190 -0.001967 0.002453 -0.169866 0.233147 0.929154
    44 2.098929 0.000032 -0.002193 -0.476088 0.229661 0.415757
    45 0.999378 -0.000238 -1.099991 0.000000 0.000000 0.000000
    46 -0.122641 -0.721855 0.661686 -0.486644 0.223964 0.243056
    47 2.622112 -0.000648 0.002741 -0.053044 0.086883 -0.048142
    48 2.657909 0.000687 -0.000533 0.200369 0.214671 1.264724
    49 2.200014 0.001663 0.000836 0.236792 0.017724 1.474087
    50 0.599949 0.959244 0.300102 0.174544 0.000000 0.000000
    51 2.556571 -0.000385 0.000554 0.236773 0.177148 1.399512
    52 2.103853 0.001708 -0.001011 0.124870 -0.418714 0.876997
    53 0.999376 -0.000240 1.490624 0.000000 0.000000 0.946917
    54 0.310848 -0.606446 -0.498005 0.308107 -0.197598 0.313975
    55 1.869163 -0.000835 -0.000994 -0.000007 0.000003 0.114716
    56 1.200941 0.399582 -0.000237 -0.009465 0.016087 0.007127
    57 0.000586 0.100342 -0.000319 -0.120035 -0.021926 -0.209617
    58 -0.161663 0.051712 0.194808 -2.941982 0.122408 -0.060194
    59 2.010090 -0.003202 -0.003377 -0.000018 -0.000035 1.173087
    60 0.000237 0.099800 -0.000395 -0.018823 0.010833 -0.239219
    61 -0.203197 0.048607 0.069150 -3.093332 0.033217 -0.046722
    62 1.180426 -0.002312 0.000781 -0.000002 0.000000 1.142094
    63 -0.000196 0.099625 -0.000034 0.000000 0.000000 -0.314102
    64 -0.088737 -0.688435 -0.145203 2.930407 -0.136130 0.513013
    65 1.712069 -0.003328 0.003818 -0.023923 0.014169 1.176502
    66 -0.000576 0.100143 -0.000311 -0.010914 0.023131 -0.260843
    67 -0.146027 -0.232426 -0.014225 3.028455 -0.094299 0.113020
    68 1.290634 0.000361 -0.000036 0.000000 0.000000 -0.031629
    69 -0.658119 -0.003576 0.072643 -0.142711 0.027792 -0.077299
    70 1.868078 -0.003049 0.002177 0.000015 -0.000009 1.450101
    71 1.200075 0.399942 -0.000093 0.009465 -0.016087 0.007127
    72 0.000589 0.100342 0.000319 0.120035 0.021926 -0.209617
    73 0.068073 0.002283 -0.080050 3.111376 -0.069366 -0.060847
    74 2.011874 -0.001179 0.002180 -0.000037 -0.000061 1.378946
    75 0.000233 0.099800 0.000395 0.018823 -0.010833 -0.239219
    76 -0.018673 -0.001009 0.047544 3.109244 0.002635 -0.106673
    77 1.178665 0.001595 0.000845 0.000006 -0.000001 0.743937
    78 -0.000196 0.099628 0.000034 0.000000 0.000000 -0.314102
    79 0.036894 -0.634449 0.266284 -2.801062 0.174301 0.490915
    80 1.708256 -0.002504 -0.000686 -0.000034 0.000023 1.160590
    81 -0.000580 0.100140 0.000311 0.010910 -0.023132 -0.260845
    82 -0.003952 -0.281811 0.115047 -3.059162 0.089004 0.167964
    83 1.289625 0.000042 0.000061 0.000022 0.000002 0.672669
    84 -0.171526 -0.018150 -0.099873 0.013484 -0.062184 -0.011781
    85 0.916622 0.003336 0.001326 0.000007 0.000009 -0.148687
    86 -0.342617 0.053402 -0.025571 -2.909301 -0.017248 0.075276
    87 1.100231 -0.000928 -0.002434 0.000009 0.000014 0.677898
    88 -0.384979 0.331001 0.006848 -3.087207 -0.018765 -0.184278
    89 0.678146 0.002286 -0.003905 -0.000006 -0.000007 0.138541
    90 -0.123848 0.072738 0.029507 2.898184 -0.060627 0.094835
    91 1.017166 -0.000154 -0.000252 -0.000011 -0.000002 0.255699
    92 -0.344990 0.123129 0.143151 2.994981 0.012396 0.059140
    93 -0.730989 0.177046 0.039141 -0.123731 0.076518 -0.084310
    94 0.921993 0.001298 -0.000896 -0.000038 0.000001 0.471806
    95 -0.124023 -0.052090 0.038495 3.077813 -0.008519 0.039229
    96 1.100433 -0.003552 0.000502 -0.000030 0.000042 0.545699
    97 -0.330082 0.160639 0.042780 3.128073 0.034033 -0.171236
    98 0.679764 0.001532 0.003272 0.000002 0.000003 0.674786
    99 -0.019512 -0.016531 0.038578 -2.763781 0.050305 0.076829
    100 1.019531 -0.000005 -0.000001 0.000000 0.000000 0.497026
    101 -0.155308 0.130644 -0.021921 -3.022466 0.022433 -0.024902
    102 -0.252207 0.061937 -0.024914 -0.007671 -0.063171 -0.044392
    103 -0.085995 0.185205 -0.015180 -2.937063 -0.113970 -0.138991
    104 -0.286533 0.179852 0.024264 -3.109353 -0.049645 -0.029914
    105 -0.019482 0.147083 0.079203 2.893815 0.038585 -0.060594
    106 -0.046482 0.251896 0.129548 3.016165 0.077112 -0.042864
    107 0.039124 -0.040295 0.047739 3.084219 0.030470 -0.037414
    108 -0.233757 0.066630 0.001754 -3.133087 0.040141 -0.065412
    109 0.044266 0.020131 0.001684 -2.778763 -0.118872 -0.040488
    110 0.071495 0.074128 -0.048302 -3.035917 -0.059482 0.104366
    111 0.000000 0.000000 0.000000 0.000000 0.000000 -1.570796
    112 -4.722800 -7.426008 -8.933866 0.691331 -0.692176 -1.692193
    113 0.000000 0.000000 0.000000 0.000000 0.000000 0.000000
    114 -5.472823 -15.586413 -2.527421 0.691178 -0.692102 -1.692182
    115 3.096000 0.000000 -1.996000 0.000000 0.000000 0.000000
    116 3.040999 0.000000 1.202000 0.000000 0.000000 0.000000
    117 7.854000 0.000000 -0.042000 0.000000 0.000000 -0.000027
    118 13.105999 0.000000 -0.006000 0.000000 0.000000 0.000027
    119 3.456000 0.000000 -1.084000 0.000000 0.000000 0.000013
    120 1.804000 0.000000 -1.025000 0.000000 0.000000 0.000000
    121 7.098000 0.000000 -1.084000 0.000000 0.000000 0.000000
    122 1.868000 1.809000 -1.975000 -2.218442 -0.017124 -0.465675
    123 3.740000 0.000000 1.273000 0.000000 0.000000 0.000013
    124 11.956999 0.000000 -0.006000 0.000000 0.000000 0.000027
    125 6.072001 0.000000 -1.238000 0.000000 0.000000 0.000000
    126 5.690000 -0.365000 0.068000 -0.000040 -0.349041 -1.570749
    127 6.396999 0.614000 0.428000 0.000000 0.000000 -0.000027
    128 3.040999 0.000000 1.202000 0.000000 0.000000 0.000000
    129 3.720000 0.000000 1.202000 0.000000 0.000000 0.000000
    130 1.086000 -0.661000 -0.149000 0.000000 0.000000 0.000000
    131 1.067000 0.589000 0.076000 0.000000 0.000000 0.000000
    132 0.000000 -0.019000 0.000000 0.000000 0.000000 0.000000
    133 0.000000 -0.019000 0.000000 0.000000 0.000000 0.000000
    134 3.300000 -0.019000 1.346000 0.000000 0.000000 0.000000
    135 -1.524000 -1.859000 -4.367000 -1.730250 -0.014891 0.208056
    136 7.283999 0.000000 -2.195000 0.000000 0.000000 -0.000027
    137 -1.323000 0.000000 0.184000 0.000000 0.000000 0.000000
    138 0.082000 0.000000 1.002000 0.000000 0.000000 0.000000
    139 -53.168332 -20.453749 -27.617630 -0.768433 0.600702 -0.385951
    140 0.478000 0.000000 -4.537000 0.000000 0.000000 -0.000013
    141 3.436000 0.000000 1.202000 0.000000 0.000000 0.000000
    142 3.040999 0.000000 1.202000 0.000000 0.000000 0.000000
    143 4.657000 0.000000 1.545000 0.000000 0.000000 -0.000013
    144 -0.403000 0.000000 -0.011000 0.000000 0.000000 0.000000
    145 1.781000 0.000000 0.873000 0.000000 0.000000 0.000000
    146 0.384000 0.715000 0.801000 0.000000 0.000000 0.000000
    147 1.795000 0.533000 -1.550000 0.000000 0.000000 0.000000
    148 4.435999 0.595000 -0.954000 0.000000 0.000000 0.000000
    149 4.401999 -0.614000 -1.630000 0.000000 0.000000 0.000000
    150 4.203000 -0.003000 -0.048000 0.000000 0.000000 0.000000
    151 5.136000 0.000000 1.534000 0.000000 0.000000 -0.000027
    152 11.957001 0.000000 -0.006000 0.000000 0.000000 0.000027
    153 -2.103001 0.000000 0.000000 0.000000 0.000000 0.000000
    154 -0.598001 0.000000 -0.011000 0.000000 0.000000 -0.000013
    155 0.496000 0.184000 -3.523000 0.000000 0.000000 0.000000
    156 0.147000 0.184000 -0.328000 0.000000 0.000000 0.000000
    157 0.147000 0.184000 0.023000 0.000000 0.000000 0.000000
    158 0.147000 0.184000 0.368000 0.000000 0.000000 0.000000
    159 0.147000 0.184000 0.717000 0.000000 0.000000 0.000000
    160 0.147000 0.184000 1.067000 0.000000 0.000000 0.000000
    161 0.148000 0.184000 1.414000 0.000000 0.000000 0.000000
    162 0.148000 -0.074000 1.640000 0.000000 0.000000 0.000000
    163 0.435000 0.184000 -3.179000 0.000000 0.000000 0.000000
    164 0.378000 0.184000 -2.826000 0.000000 0.000000 0.000000
    165 0.329000 0.184000 -2.477000 0.000000 0.000000 0.000000
    166 0.286000 0.184000 -2.127000 0.000000 0.000000 0.000000
    167 0.252000 0.184000 -1.775000 0.000000 0.000000 0.000000
    168 0.215000 0.184000 -1.417000 0.000000 0.000000 0.000000
    169 0.190000 0.184000 -1.064000 0.000000 0.000000 0.000000
    170 0.166000 0.184000 -0.714000 0.000000 0.000000 0.000000
    171 1.622000 0.000000 1.568000 0.000000 0.000000 0.000013
    172 2.240000 0.000000 1.568000 0.000000 0.000000 0.000013
    173 0.000000 0.000000 0.000000 0.000000 0.000000 0.000000
    174 0.000006 -0.006207 -4.863281 -3.140338 -0.002958 -3.128596
    175 1.000088 -0.000029 0.000000 0.000000 0.000000 0.000000
    176 17.162518 -0.000404 0.000000 0.000000 0.000000 0.119207
    177 17.749374 0.295515 0.000000 0.000000 0.000000 -1.158917
    178 5.413528 0.000347 0.000000 0.000000 0.000000 -0.518029
    179 0.017887 0.299792 0.000000 0.000000 0.000000 -0.059577
    180 9.999889 -0.000303 0.000000 0.000000 0.000000 0.000000
    181 0.000004 0.006218 4.863281 -3.140338 -0.002958 -3.128596
    182 1.000088 -0.000029 0.000000 0.000000 0.000000 0.000000
    183 12.283573 1.581455 -4.695999 1.462269 -0.086726 0.090185
    184 17.162518 -0.000404 0.000000 0.000000 0.000000 0.119207
    185 17.749374 0.295515 0.000000 0.000000 0.000000 -1.158919
    186 5.413528 0.000347 0.000000 0.000000 0.000000 -0.518029
    187 0.017887 0.299792 0.000000 0.000000 0.000000 -0.059571
    188 9.499836 0.000212 0.000000 0.000000 0.000000 0.000000
    189 -1.145525 0.000130 0.000671 0.000000 0.000000 0.000000
    190 -0.857691 0.104071 0.104687 0.023536 0.163924 0.013632
    191 3.999430 -0.000528 -0.000332 -0.203458 0.000000 0.000000
    192 0.599499 0.400698 0.000236 0.000000 0.000000 0.000000
    193 0.599886 0.400186 -0.000027 0.000000 0.000000 0.000000
    194 2.299677 -2.499979 -0.599480 0.891926 0.221475 -0.527234
    195 1.302466 -4.861406 -4.211015 2.152163 -0.336226 -0.077042
    196 -9.580679 -27.862108 -37.184677 0.812879 -0.123459 -0.568477
    197 0.649935 -0.548296 0.093658 -1.665913 -0.131399 -0.112062
    198 1.899127 0.000427 -0.000439 0.027386 -0.033311 0.477848
    199 0.657078 0.008400 0.040375 -1.665945 -0.131407 -0.000013
    200 1.799664 -0.000240 0.000231 0.027386 -0.033311 0.477848
    201 1.799664 -0.000240 0.000231 0.027386 -0.033311 0.477848
    202 1.799664 -0.000240 0.000231 0.027386 -0.033311 0.477848
    203 0.665774 0.747222 -0.029186 -1.665935 -0.131408 0.094976
    204 1.900306 -0.000137 -0.000517 0.027386 -0.033311 0.477848
    205 5.794852 -2.850632 5.665065 3.235490 1.425320 -1.118235
    206 3.999897 0.000040 0.001007 0.277947 0.000000 0.000000
    207 0.600403 0.399632 -0.000469 0.000000 0.000000 3.141497
    208 0.599890 0.400186 0.000031 0.000000 0.000000 3.141497
    209 2.300137 -2.499413 0.600155 -0.891899 -0.221523 -0.527242
    210 12.103249 -3.649587 -1.238105 1.733585 0.203059 0.048157
    211 2.762354 0.116951 1.523975 1.629482 0.064153 1.743800
    212 7.228317 7.928200 -3.925652 2.328713 0.123459 -0.568477
    213 0.650396 -0.547731 -0.092976 1.665913 0.131399 -0.112062
    214 1.899441 -0.000320 -0.000150 -0.027386 0.033311 0.477848
    215 0.657068 0.008398 -0.040379 1.665945 0.131407 -0.000013
    216 1.799659 -0.000233 -0.000233 -0.027386 0.033311 0.477848
    217 1.799659 -0.000233 -0.000233 -0.027386 0.033311 0.477848
    218 1.799659 -0.000233 -0.000233 -0.027386 0.033311 0.477848
    219 0.665778 0.747222 0.029179 1.665935 0.131408 0.094976
    220 1.900722 0.000549 -0.000072 -0.027386 0.033311 0.477848
    221 4.530998 0.000000 0.000000 0.000000 0.000000 0.000000
    222 4.527344 0.000000 0.000000 0.000000 0.000000 0.000000
    223 0.000000 0.000000 0.000000 0.000000 0.000000 0.000000
    224 0.000000 0.000000 0.000000 0.000000 0.000000 0.000000
    225 4.000000 -6.496094 0.008293 -0.001274 0.000001 0.000975
    226 -6.500000 0.000000 0.000000 -1.537381 1.569552 -1.537381
    227 16.597931 -5.468668 9.270947 0.691419 -0.692079 -0.121396
    228 0.280000 -0.135000 2.196999 1.570796 0.000000 -1.570735
    229 0.000000 0.000000 0.000000 0.000000 0.000000 0.000000
    230 0.000000 0.000000 0.000000 0.008437 0.011925 -0.006903
    231 0.106000 0.000000 -64.320000 0.000000 0.000000 0.000000
    232 0.000000 0.000000 0.000000 0.000000 0.000000 0.000000
    233 -0.106000 0.000000 64.320000 0.000000 0.000000 0.000000
    234 -4.192399 -20.169912 -1.735433 -0.870500 -1.053616 -2.439799
    235 0.000000 0.000000 0.000000 0.000000 -0.000036 0.000055
    236 1.688000 -0.001000 -1.454002 0.000000 0.000000 0.000000
    237 -1.070999 -0.005000 0.545002 0.000000 0.000000 0.000000
    238 5.895000 0.750997 -0.156000 0.000000 0.000000 0.000000
    239 11.599999 -0.000003 -1.500002 0.000000 0.000000 0.000000
    240 -3.804688 5.152344 -5.503906 -1.515061 -0.074935 -0.291543
    241 11.239561 -0.000003 -1.579000 0.000000 0.000000 0.000000
    242 4.625692 0.007810 -2.167989 -2.162174 -0.584203 0.024140
    243 0.673937 -0.015635 -4.768713 -3.141592 -1.281051 3.141593
    244 0.094999 -0.144000 0.332001 0.000000 0.000000 0.000000
    245 14.209020 0.000022 0.766988 0.000000 0.000000 0.000000
    246 0.000000 0.000000 0.000000 1.570800 0.000000 -1.570796
  time 26
    0 0.000000 0.000000 0.000000 0.000000 0.000000 -1.570796
    1 -0.106750 -0.000001 -0.000351 0.000000 0.000000 0.000000
    2 0.000000 0.000000 0.000000 0.000000 0.000000 0.000000
    3 -0.904000 0.000000 -11.806000 0.000000 0.000000 0.000000
    4 0.000000 0.000000 -14.313999 1.572085 -1.570793 0.000000
    5 3.533001 0.000000 0.000000 -0.001274 0.000000 0.000000
    6 6.250000 0.000000 0.000000 0.000000 0.000000 0.000000
    7 9.568951 -0.019507 -1.944020 -1.544086 1.152977 -1.711490
    8 9.570313 5.304688 2.056641 -1.552151 -1.032979 1.554747
    9 5.786820 0.002787 -0.000113 -1.023534 0.147825 -1.373243
    10 5.999492 -0.000592 -4.000343 0.000000 0.000000 0.000000
    11 5.787410 0.002582 0.000893 1.238072 -0.771178 -2.153183
    12 5.999492 -0.000592 4.000340 0.000000 0.000000 0.000000
    13 0.500225 0.000133 -0.000084 0.184121 0.000000 0.000000
    14 11.530657 0.000349 -0.001308 -0.000005 0.000009 -0.948554
    15 -0.829338 0.893824 0.079659 -0.148839 0.047645 0.087266
    16 0.500225 0.000132 0.000072 -0.035676 0.000000 0.000000
    17 11.532495 0.000526 0.003814 0.000006 -0.000010 -0.873038
    18 -0.829586 0.894698 -0.079468 0.045377 -0.019621 0.087266
    19 10.599886 0.000105 -0.000553 0.073469 0.000000 0.000000
    20 0.147010 -0.282994 -0.000805 0.000000 0.000011 0.474313
    21 11.042053 0.003717 0.000798 0.149735 -0.199733 -0.081408
    22 -11.814724 0.424524 -0.297680 0.247998 -0.066121 -0.042695
    23 10.599878 0.000105 0.000549 0.575407 -0.000012 0.000048
    24 0.139195 -0.279088 0.000801 0.000000 -0.000011 0.436538
    25 11.041739 0.003170 -0.000568 0.409857 0.312387 -0.754120
    26 -11.663242 0.094713 0.140656 -0.068591 0.018527 -0.015099
    27 0.610300 -0.939470 0.070347 -1.655245 -0.140079 -0.175604
    28 0.639938 -0.199121 0.060192 -1.665909 -0.131368 -0.066435
    29 0.600155 1.080260 -0.339535 -1.869412 0.297798 0.043591
    30 0.610207 0.400743 -0.010098 -1.816211 0.108362 0.008848
    31 0.630809 -0.690091 -0.232343 0.511826 0.245587 -1.111113
    32 -0.792125 0.203736 0.461304 1.439074 -0.003453 -0.018305
    33 0.610300 -0.939469 -0.070354 1.655295 0.140043 -0.175652
    34 0.639938 -0.199121 -0.060200 1.665960 0.131404 -0.066423
    35 0.600157 1.080260 0.339531 1.741577 -0.203963 0.075913
    36 0.610205 0.400743 0.010086 1.761892 -0.015361 0.028035
    37 0.627906 -0.691394 0.232270 -1.014489 -0.861409 -0.665993
    38 -0.626031 -0.069982 -0.080517 -1.447153 0.086151 0.021559
    39 2.621377 -0.002532 -0.001438 0.001040 0.169082 -0.003769
    40 2.660837 0.000397 -0.000071 -0.093547 0.388274 0.794653
    41 2.202488 0.003364 -0.002863 -0.039099 0.362896 0.823557
    42 0.599950 0.959236 -0.300102 -0.174544 0.000000 0.000000
    43 2.557190 -0.001967 0.002453 -0.144217 0.367730 0.948991
    44 2.098929 0.000032 -0.002193 -0.408901 0.338437 0.653714
    45 0.999378 -0.000238 -1.088272 0.000000 0.000000 0.000000
    46 -0.122641 -0.721855 0.661686 -0.486644 0.223964 0.243056
    47 2.622112 -0.000648 0.002741 -0.053044 0.086883 -0.048142
    48 2.657909 0.000687 -0.000533 0.200369 0.214671 1.264724
    49 2.200014 0.001663 0.000836 0.236792 0.017724 1.474087
    50 0.599949 0.959244 0.300102 0.174544 0.000000 0.000000
    51 2.556571 -0.000385 0.000554 0.236787 0.177148 1.399512
    52 2.103853 0.001708 -0.001011 0.124856 -0.418714 0.876997
    53 0.999376 -0.000240 1.490624 0.000000 0.000000 0.946917
    54 0.310848 -0.606446 -0.498005 0.308107 -0.197598 0.313975
    55 1.869163 -0.000835 -0.000994 -0.000007 0.000003 -0.004509
    56 1.200941 0.399582 -0.000237 -0.009465 0.016087 0.007127
    57 0.000586 0.100342 -0.000319 -0.120035 -0.021926 -0.209617
    58 -0.161663 0.051712 0.194808 -2.941982 0.122408 -0.060194
    59 2.010090 -0.003202 -0.003377 -0.000030 -0.000047 1.173087
    60 0.000237 0.099800 -0.000395 -0.018823 0.010833 -0.239219
    61 -0.203197 0.048607 0.069150 -3.093332 0.033217 -0.046722
    62 1.180426 -0.002312 0.000781 -0.000002 0.000012 1.142028
    63 -0.000196 0.099625 -0.000034 0.000000 0.000000 -0.314102
    64 -0.088737 -0.688435 -0.145203 2.930407 -0.136130 0.513013
    65 1.712069 -0.003328 0.003818 -0.023923 0.014169 1.176806
    66 -0.000576 0.100143 -0.000311 -0.010914 0.023131 -0.260843
    67 -0.146027 -0.232426 -0.014225 3.028455 -0.094299 0.113020
    68 1.290634 0.000361 -0.000036 0.000000 0.000000 -0.031629
    69 -0.658119 -0.003576 0.072643 -0.142711 0.027792 -0.077299
    70 1.868078 -0.003049 0.002177 0.000003 -0.000009 1.450101
    71 1.200075 0.399942 -0.000093 0.009465 -0.016087 0.007127
    72 0.000589 0.100342 0.000319 0.120035 0.021926 -0.209617
    73 0.068073 0.002283 -0.080050 3.111376 -0.069366 -0.060847
    74 2.011874 -0.001179 0.002180 -0.000049 -0.000049 1.378946
    75 0.000233 0.099800 0.000395 0.018823 -0.010833 -0.239219
    76 -0.018673 -0.001009 0.047544 3.109244 0.002635 -0.106673
    77 1.178665 0.001595 0.000845 0.000006 -0.000001 0.743937
    78 -0.000196 0.099628 0.000034 0.000000 0.000000 -0.314102
    79 0.036894 -0.634449 0.266284 -2.801062 0.174301 0.490915
    80 1.708256 -0.002504 -0.000686 -0.000034 0.000023 1.160590
    81 -0.000580 0.100140 0.000311 0.010910 -0.023132 -0.260845
    82 -0.003952 -0.281811 0.115047 -3.059162 0.089004 0.167964
    83 1.289625 0.000042 0.000061 0.000022 -0.000010 0.672669
    84 -0.171526 -0.018150 -0.099873 0.013484 -0.062184 -0.011781
    85 0.916622 0.003336 0.001326 0.000066 0.000068 0.034228
    86 -0.342617 0.053402 -0.025571 -2.909301 -0.017248 0.075276
    87 1.100231 -0.000928 -0.002434 0.000009 0.000002 0.677898
    88 -0.384979 0.331001 0.006848 -3.087207 -0.018765 -0.184278
    89 0.678146 0.002286 0.000002 -0.000006 0.000005 0.138654
    90 -0.123848 0.072738 0.029507 2.898184 -0.060627 0.094835
    91 1.017166 -0.000154 -0.000252 -0.000011 -0.000002 0.255699
    92 -0.344990 0.123129 0.143151 2.994981 0.012396 0.059140
    93 -0.730989 0.177046 0.039141 -0.123731 0.076518 -0.084310
    94 0.921993 0.001298 -0.000896 -0.000038 0.000001 0.471806
    95 -0.124023 -0.052090 0.038495 3.077813 -0.008519 0.039229
    96 1.100433 -0.003552 0.000502 -0.000030 0.000042 0.545699
    97 -0.330082 0.160639 0.042780 3.128073 0.034033 -0.171236
    98 0.679764 0.001532 0.003272 0.000002 0.000003 0.674786
    99 -0.019512 -0.016531 0.038578 -2.763781 0.050305 0.076829
    100 1.019531 -0.000005 -0.000001 0.000000 0.000000 0.497026
    101 -0.155308 0.130644 -0.021921 -3.022466 0.022433 -0.024902
    102 -0.252207 0.061937 -0.024914 -0.007671 -0.063171 -0.044392
    103 -0.085995 0.185205 -0.015180 -2.937063 -0.113970 -0.138991
    104 -0.286533 0.179852 0.024264 -3.109353 -0.049645 -0.029914
    105 -0.019482 0.147083 0.079203 2.893815 0.038585 -0.060594
    106 -0.046482 0.251896 0.129548 3.016165 0.077112 -0.042864
    107 0.039124 -0.040295 0.047739 3.084219 0.030470 -0.037414
    108 -0.233757 0.066630 0.001754 -3.133087 0.040141 -0.065412
    109 0.044266 0.020131 0.001684 -2.778763 -0.118872 -0.040488
    110 0.071495 0.074128 -0.048302 -3.035917 -0.059482 0.104366
    111 0.000000 0.000000 0.000000 0.000000 0.000000 -1.570796
    112 -4.652486 -7.492416 -9.582324 0.709419 -0.717191 -1.710561
    113 0.000000 0.000000 0.000000 0.000000 0.000000 0.000000
    114 -5.519700 -15.484848 -2.972747 0.709061 -0.717055 -1.710548
    115 3.096000 0.000000 -1.996000 0.000000 0.000000 0.000000
    116 3.040999 0.000000 1.202000 0.000000 0.000000 0.000000
    117 7.854000 0.000000 -0.042000 0.000000 0.000000 -0.000027
    118 13.105999 0.000000 -0.006000 0.000000 0.000000 0.000027
    119 3.456000 0.000000 -1.084000 0.000000 0.000000 0.000013
    120 1.804000 0.000000 -1.025000 0.000000 0.000000 0.000000
    121 7.098000 0.000000 -1.084000 0.000000 0.000000 0.000000
    122 1.868000 1.809000 -1.975000 -2.218442 -0.017124 -0.465675
    123 3.740000 0.000000 1.273000 0.000000 0.000000 0.000013
    124 11.956999 0.000000 -0.006000 0.000000 0.000000 0.000027
    125 6.072001 0.000000 -1.238000 0.000000 0.000000 0.000000
    126 5.690000 -0.365000 0.068000 -0.000040 -0.349041 -1.570749
    127 6.396999 0.614000 0.428000 0.000000 0.000000 -0.000027
    128 3.040999 0.000000 1.202000 0.000000 0.000000 0.000000
    129 3.720000 0.000000 1.202000 0.000000 0.000000 0.000000
    130 1.086000 -0.661000 -0.149000 0.000000 0.000000 0.000000
    131 1.067000 0.589000 0.076000 0.000000 0.000000 0.000000
    132 0.000000 -0.019000 0.000000 0.000000 0.000000 0.000000
    133 0.000000 -0.019000 0.000000 0.000000 0.000000 0.000000
    134 3.300000 -0.019000 1.346000 0.000000 0.000000 0.000000
    135 -1.524000 -1.859000 -4.367000 -1.730250 -0.014891 0.208056
    136 7.283999 0.000000 -2.195000 0.000000 0.000000 -0.000027
    137 -1.323000 0.000000 0.184000 0.000000 0.000000 0.000000
    138 0.082000 0.000000 1.002000 0.000000 0.000000 0.000000
    139 -53.711317 -20.098270 -25.726947 -0.788663 0.624347 -0.402947
    140 0.478000 0.000000 -4.537000 0.000000 0.000000 -0.000013
    141 3.436000 0.000000 1.202000 0.000000 0.000000 0.000000
    142 3.040999 0.000000 1.202000 0.000000 0.000000 0.000000
    143 4.657000 0.000000 1.545000 0.000000 0.000000 -0.000013
    144 -0.403000 0.000000 -0.011000 0.000000 0.000000 0.000000
    145 1.781000 0.000000 0.873000 0.000000 0.000000 0.000000
    146 0.384000 0.715000 0.801000 0.000000 0.000000 0.000000
    147 1.795000 0.533000 -1.550000 0.000000 0.000000 0.000000
    148 4.435999 0.595000 -0.954000 0.000000 0.000000 0.000000
    149 4.401999 -0.614000 -1.630000 0.000000 0.000000 0.000000
    150 4.203000 -0.003000 -0.048000 0.000000 0.000000 0.000000
    151 5.136000 0.000000 1.534000 0.000000 0.000000 -0.000027
    152 11.957001 0.000000 -0.006000 0.000000 0.000000 0.000027
    153 -2.103001 0.000000 0.000000 0.000000 0.000000 0.000000
    154 -0.598001 0.000000 -0.011000 0.000000 0.000000 -0.000013
    155 0.496000 0.184000 -3.523000 0.000000 0.000000 0.000000
    156 0.147000 0.184000 -0.328000 0.000000 0.000000 0.000000
    157 0.147000 0.184000 0.023000 0.000000 0.000000 0.000000
    158 0.147000 0.184000 0.368000 0.000000 0.000000 0.000000
    159 0.147000 0.184000 0.717000 0.000000 0.000000 0.000000
    160 0.147000 0.184000 1.067000 0.000000 0.000000 0.000000
    161 0.148000 0.184000 1.414000 0.000000 0.000000 0.000000
    162 0.148000 -0.074000 1.640000 0.000000 0.000000 0.000000
    163 0.435000 0.184000 -3.179000 0.000000 0.000000 0.000000
    164 0.378000 0.184000 -2.826000 0.000000 0.000000 0.000000
    165 0.329000 0.184000 -2.477000 0.000000 0.000000 0.000000
    166 0.286000 0.184000 -2.127000 0.000000 0.000000 0.000000
    167 0.252000 0.184000 -1.775000 0.000000 0.000000 0.000000
    168 0.215000 0.184000 -1.417000 0.000000 0.000000 0.000000
    169 0.190000 0.184000 -1.064000 0.000000 0.000000 0.000000
    170 0.166000 0.184000 -0.714000 0.000000 0.000000 0.000000
    171 1.622000 0.000000 1.568000 0.000000 0.000000 0.000013
    172 2.240000 0.000000 1.568000 0.000000 0.000000 0.000013
    173 0.000000 0.000000 0.000000 0.000000 0.000000 0.000000
    174 0.000006 -0.006207 -4.863281 -3.140338 -0.002958 -3.128596
    175 1.000088 -0.000029 0.000000 0.000000 0.000000 0.000000
    176 17.162518 -0.000404 0.000000 0.000000 0.000000 0.119207
    177 17.749374 0.295515 0.000000 0.000000 0.000000 -1.158917
    178 5.413528 0.000347 0.000000 0.000000 0.000000 -0.518029
    179 0.017887 0.299792 0.000000 0.000000 0.000000 -0.059577
    180 9.999889 -0.000303 0.000000 0.000000 0.000000 0.000000
    181 0.000004 0.006218 4.863281 -3.140338 -0.002958 -3.128596
    182 1.000088 -0.000029 0.000000 0.000000 0.000000 0.000000
    183 12.283573 1.581455 -4.695999 1.462269 -0.086726 0.090185
    184 17.162518 -0.000404 0.000000 0.000000 0.000000 0.119207
    185 17.749374 0.295515 0.000000 0.000000 0.000000 -1.158919
    186 5.413528 0.000347 0.000000 0.000000 0.000000 -0.518029
    187 0.017887 0.299792 0.000000 0.000000 0.000000 -0.059571
    188 9.499836 0.000212 0.000000 0.000000 0.000000 0.000000
    189 -1.145525 0.000130 0.000671 0.000000 0.000000 0.000000
    190 -0.857691 0.104071 0.104687 0.023536 0.163924 0.013632
    191 3.999430 -0.000528 -0.000332 0.073474 0.000000 0.000000
    192 0.599499 0.400698 0.000236 0.000000 0.000000 0.000000
    193 0.599886 0.400186 -0.000027 0.000000 0.000000 0.000000
    194 2.299677 -2.499979 -0.599480 0.891899 0.221475 -0.527234
    195 0.497754 -5.170009 -2.972696 1.904465 -0.288033 0.123469
    196 -9.580679 -27.862108 -37.184677 0.812879 -0.123459 -0.568477
    197 0.649935 -0.548296 0.093658 -1.665913 -0.131399 -0.112062
    198 1.899127 0.000427 -0.000439 0.027386 -0.033311 0.477848
    199 0.657078 0.008400 0.040375 -1.665945 -0.131407 -0.000013
    200 1.799664 -0.000240 0.000231 0.027386 -0.033311 0.477848
    201 1.799664 -0.000240 0.000231 0.027386 -0.033311 0.477848
    202 1.799664 -0.000240 0.000231 0.027386 -0.033311 0.477848
    203 0.665774 0.747222 -0.029186 -1.665935 -0.131408 0.094976
    204 1.900306 -0.000137 -0.000517 0.027386 -0.033311 0.477848
    205 6.029234 -2.346711 5.649439 3.075859 1.405403 -1.217890
    206 3.999897 0.000040 0.001007 0.287689 0.000000 0.000000
    207 0.600403 0.399632 -0.000469 0.000000 0.000000 3.141497
    208 0.599890 0.400186 0.000031 0.000000 0.000000 3.141593
    209 2.300137 -2.499413 0.600155 -0.891899 -0.221523 -0.527242
    210 12.103249 -3.649587 -1.238105 1.733585 0.203059 0.048157
    211 2.762354 0.116951 1.523975 1.629482 0.064153 1.743800
    212 7.228317 7.928200 -3.925652 2.328713 0.123459 -0.568477
    213 0.650396 -0.547731 -0.092976 1.665913 0.131399 -0.112062
    214 1.899441 -0.000320 -0.000150 -0.027386 0.033311 0.477848
    215 0.657068 0.008398 -0.040379 1.665945 0.131407 -0.000013
    216 1.799659 -0.000233 -0.000233 -0.027386 0.033311 0.477848
    217 1.799659 -0.000233 -0.000233 -0.027386 0.033311 0.477848
    218 1.799659 -0.000233 -0.000233 -0.027386 0.033311 0.477848
    219 0.665778 0.747222 0.029179 1.665935 0.131408 0.094976
    220 1.900722 0.000549 -0.000072 -0.027386 0.033311 0.477848
    221 4.530998 0.000000 0.000000 0.000000 0.000000 0.000000
    222 4.527344 0.000000 0.000000 0.000000 0.000000 0.000000
    223 0.000000 0.000000 0.000000 0.000000 0.000000 0.000000
    224 0.000000 0.000000 0.000000 0.000000 0.000000 0.000000
    225 4.000000 -6.496094 0.008293 -0.001274 0.000001 0.000975
    226 -6.500000 0.000000 0.000000 -1.537381 1.569552 -1.537381
    227 16.488553 -5.519451 8.833433 0.709506 -0.717134 -0.139857
    228 0.280000 -0.135000 2.196999 1.570796 0.000000 -1.570735
    229 0.000000 0.000000 0.000000 0.000000 0.000000 0.000000
    230 0.000000 0.000000 0.000000 0.011086 0.013794 -0.011853
    231 0.106000 0.000000 -64.320000 0.000000 0.000000 0.000000
    232 0.000000 0.000000 0.000000 0.000000 0.000000 0.000000
    233 -0.106000 0.000000 64.320000 0.000000 0.000000 0.000000
    234 -4.821324 -21.064471 -0.403361 0.798617 -0.815743 -1.839017
    235 0.000000 0.000000 0.000000 0.000000 -0.000036 0.000055
    236 1.688000 -0.001000 -1.454002 0.000000 0.000000 0.000000
    237 -1.070999 -0.005000 0.545002 0.000000 0.000000 0.000000
    238 5.895000 0.750997 -0.156000 0.000000 0.000000 0.000000
    239 11.599999 -0.000003 -1.500002 0.000000 0.000000 0.000000
    240 -3.804688 5.152344 -5.503906 -1.515061 -0.074935 -0.291543
    241 11.239561 -0.000003 -1.579000 0.000000 0.000000 0.000000
    242 6.520281 0.050780 -1.515625 0.000000 -0.134946 0.000000
    243 0.673937 -0.015635 -4.768713 -3.141592 -1.281051 3.141593
    244 0.094999 -0.144000 0.332001 0.000000 0.000000 0.000000
    245 14.209020 0.000022 0.766988 0.000000 0.000000 0.000000
    246 0.000000 0.000000 0.000000 1.570800 0.000000 -1.570796
  time 27
    0 0.000000 0.000000 0.000000 0.000000 0.000000 -1.570796
    1 -0.106750 -0.000001 -0.000351 0.000000 0.000000 0.000000
    2 0.000000 0.000000 0.000000 0.000000 0.000000 0.000000
    3 -0.904000 0.000000 -11.806000 0.000000 0.000000 0.000000
    4 0.000000 0.000000 -14.313999 1.572085 -1.570793 0.000000
    5 3.533001 0.000000 0.000000 -0.001274 0.000000 0.000000
    6 6.250000 0.000000 0.000000 0.000000 0.000000 0.000000
    7 9.568951 -0.019507 -1.944020 -1.491423 1.094186 -1.684162
    8 9.570313 5.304688 2.056641 -1.552151 -1.032979 1.554747
    9 5.786820 0.002787 -0.000113 -1.040550 0.036465 -1.376935
    10 5.999492 -0.000592 -4.000343 0.000000 0.000000 0.000000
    11 5.787410 0.002582 0.000893 1.253829 -0.734792 -2.174473
    12 5.999492 -0.000592 4.000340 0.000000 0.000000 0.000000
    13 0.500225 0.000133 -0.000084 0.185167 0.000000 0.000060
    14 11.530657 0.000349 -0.001308 -0.000029 0.000057 -0.832333
    15 -0.829338 0.893824 0.079659 -0.148839 0.047645 0.087266
    16 0.500225 0.000132 0.000072 -0.065088 0.000000 0.000000
    17 11.532495 0.000526 0.003814 0.000006 -0.000010 -0.783075
    18 -0.829586 0.894698 -0.079468 0.045377 -0.019621 0.087266
    19 10.599886 0.000105 -0.000553 0.044595 0.000024 0.000000
    20 0.135291 -0.275181 -0.000805 0.000000 0.000011 0.416190
    21 11.042053 0.003717 0.000798 0.093705 -0.315910 0.039506
    22 -11.814724 0.424524 -0.297680 0.247998 -0.066121 -0.042695
    23 10.599878 0.000105 0.000549 0.612457 -0.000012 0.000048
    24 0.135289 -0.279088 0.000801 0.000000 -0.000011 0.391599
    25 11.041739 0.003170 -0.000568 0.404149 0.322635 -0.827012
    26 -11.663242 0.094713 0.140656 -0.068591 0.018527 -0.015099
    27 0.610300 -0.939470 0.070347 -1.655245 -0.140079 -0.175604
    28 0.639938 -0.199121 0.060192 -1.665909 -0.131368 -0.066435
    29 0.600155 1.080260 -0.339535 -1.869412 0.297798 0.043603
    30 0.610207 0.400743 -0.010098 -1.816211 0.108362 0.008860
    31 0.630809 -0.690091 -0.232343 0.511826 0.245610 -1.111113
    32 -0.792125 0.203736 0.461304 1.439074 -0.003453 -0.018305
    33 0.610300 -0.939469 -0.070354 1.655295 0.140043 -0.175652
    34 0.639938 -0.199121 -0.060200 1.665960 0.131404 -0.066423
    35 0.600157 1.080260 0.339531 1.741577 -0.203963 0.075913
    36 0.610205 0.400743 0.010086 1.761892 -0.015361 0.028035
    37 0.627906 -0.691394 0.232270 -1.014489 -0.861409 -0.665993
    38 -0.626031 -0.069982 -0.080517 -1.447153 0.086151 0.021559
    39 2.621377 -0.002532 -0.001438 0.067276 0.181688 -0.076786
    40 2.660837 0.000397 -0.000071 -0.338149 0.230547 0.212758
    41 2.202488 0.003364 -0.002863 -0.039118 0.362920 0.823600
    42 0.599950 0.959236 -0.300102 -0.174544 0.000000 0.000000
    43 2.557190 -0.001967 0.002453 -0.144261 0.367818 0.948908
    44 2.098929 0.000032 -0.002193 -0.408922 0.338437 0.653693
    45 0.999378 -0.000238 -1.076553 0.000000 0.000000 0.000000
    46 -0.122641 -0.721855 0.661686 -0.486644 0.223964 0.243056
    47 2.622112 -0.000648 0.002741 -0.053044 0.086883 -0.048142
    48 2.657909 0.000687 -0.000533 0.200369 0.214671 1.264724
    49 2.200014 0.001663 0.000836 0.236792 0.017724 1.474087
    50 0.599949 0.959244 0.300102 0.174544 0.000000 0.000000
    51 2.556571 -0.000385 0.000554 0.236787 0.177148 1.399512
    52 2.103853 0.001708 -0.001011 0.124856 -0.418714 0.876997
    53 0.999376 -0.000240 1.490624 0.000000 0.000000 0.946917
    54 0.310848 -0.606446 -0.498005 0.308107 -0.197598 0.313975
    55 1.869163 -0.000835 -0.000994 -0.000067 0.000003 -0.162343
    56 1.200941 0.399582 -0.000237 -0.009465 0.016087 0.007127
    57 0.000586 0.100342 -0.000319 -0.120035 -0.021926 -0.209617
    58 -0.161663 0.051712 0.194808 -2.941982 0.122408 -0.060194
    59 2.010090 -0.003202 -0.003377 0.000006 -0.000059 -0.099990
    60 0.000237 0.099800 -0.000395 -0.018823 0.010833 -0.239219
    61 -0.203197 0.048607 0.069150 -3.093332 0.033217 -0.046722
    62 1.180426 -0.002312 0.000781 -0.000002 0.000000 1.141929
    63 -0.000196 0.099625 -0.000034 0.000000 0.000000 -0.314102
    64 -0.088737 -0.688435 -0.145203 2.930407 -0.136130 0.513013
    65 1.712069 -0.003328 0.003818 -0.023923 0.014169 1.177059
    66 -0.000576 0.100143 -0.000311 -0.010914 0.023131 -0.260843
    67 -0.146027 -0.232426 -0.014225 3.028455 -0.094299 0.113020
    68 1.290634 0.000361 -0.000036 0.000000 0.000000 -0.031629
    69 -0.658119 -0.003576 0.072643 -0.142711 0.027792 -0.077299
    70 1.868078 -0.003049 0.002177 0.000003 -0.000009 1.450101
    71 1.200075 0.399942 -0.000093 0.009465 -0.016087 0.007127
    72 0.000589 0.100342 0.000319 0.120035 0.021926 -0.209617
    73 0.068073 0.002283 -0.080050 3.111376 -0.069366 -0.060847
    74 2.011874 -0.001179 0.002180 -0.000049 -0.000049 1.378946
    75 0.000233 0.099800 0.000395 0.018823 -0.010833 -0.239219
    76 -0.018673 -0.001009 0.047544 3.109244 0.002635 -0.106673
    77 1.178665 0.001595 0.000845 0.000006 -0.000001 0.743937
    78 -0.000196 0.099628 0.000034 0.000000 0.000000 -0.314102
    79 0.036894 -0.634449 0.266284 -2.801062 0.174301 0.490915
    80 1.708256 -0.002504 -0.000686 -0.000034 0.000023 1.160590
    81 -0.000580 0.100140 0.000311 0.010910 -0.023132 -0.260845
    82 -0.003952 -0.281811 0.115047 -3.059162 0.089004 0.167964
    83 1.289625 0.000042 0.000061 0.000022 -0.000010 0.672669
    84 -0.171526 -0.018150 -0.099873 0.013484 -0.062184 -0.011781
    85 0.916622 0.003336 0.001326 0.000054 0.000068 0.034171
    86 -0.342617 0.053402 -0.025571 -2.909301 -0.017248 0.075276
    87 1.100231 -0.000928 -0.002434 0.000009 0.000002 -0.019271
    88 -0.384979 0.331001 0.006848 -3.087207 -0.018765 -0.184278
    89 0.678146 0.002286 -0.003905 -0.000006 0.000005 0.138766
    90 -0.123848 0.072738 0.029507 2.898184 -0.060627 0.094835
    91 1.017166 -0.000154 -0.000252 -0.000011 -0.000002 0.255699
    92 -0.344990 0.123129 0.143151 2.994981 0.012396 0.059140
    93 -0.730989 0.177046 0.039141 -0.123731 0.076518 -0.084310
    94 0.921993 0.001298 -0.000896 -0.000038 0.000001 0.471806
    95 -0.124023 -0.052090 0.038495 3.077813 -0.008519 0.039229
    96 1.100433 -0.003552 0.000502 -0.000030 0.000042 0.545699
    97 -0.330082 0.160639 0.042780 3.128073 0.034033 -0.171236
    98 0.679764 0.001532 0.003272 0.000002 0.000003 0.674786
    99 -0.019512 -0.016531 0.038578 -2.763781 0.050305 0.076829
    100 1.019531 -0.000005 -0.000001 0.000000 0.000000 0.497026
    101 -0.155308 0.130644 -0.021921 -3.022466 0.022433 -0.024902
    102 -0.252207 0.061937 -0.024914 -0.007671 -0.063171 -0.044392
    103 -0.085995 0.185205 -0.015180 -2.937063 -0.113970 -0.138991
    104 -0.286533 0.179852 0.024264 -3.109353 -0.049645 -0.029914
    105 -0.019482 0.147083 0.079203 2.893815 0.038585 -0.060594
    106 -0.046482 0.251896 0.129548 3.016165 0.077112 -0.042864
    107 0.039124 -0.040295 0.047739 3.084219 0.030470 -0.037414
    108 -0.233757 0.066630 0.001754 -3.133087 0.040141 -0.065412
    109 0.044266 0.020131 0.001684 -2.778763 -0.118872 -0.040488
    110 0.071495 0.074128 -0.048302 -3.035917 -0.059482 0.104366
    111 0.000000 0.000000 0.000000 0.000000 0.000000 -1.570796
    112 -4.613422 -7.734611 -9.887020 0.730040 -0.734518 -1.728463
    113 0.000000 0.000000 0.000000 0.000000 0.000000 0.000000
    114 -5.597827 -15.594226 -3.129002 0.729987 -0.734361 -1.728635
    115 3.096000 0.000000 -1.996000 0.000000 0.000000 0.000000
    116 3.040999 0.000000 1.202000 0.000000 0.000000 0.000000
    117 7.854000 0.000000 -0.042000 0.000000 0.000000 -0.000027
    118 13.105999 0.000000 -0.006000 0.000000 0.000000 0.000027
    119 3.456000 0.000000 -1.084000 0.000000 0.000000 0.000013
    120 1.804000 0.000000 -1.025000 0.000000 0.000000 0.000000
    121 7.098000 0.000000 -1.084000 0.000000 0.000000 0.000000
    122 1.868000 1.809000 -1.975000 -2.218442 -0.017124 -0.465675
    123 3.740000 0.000000 1.273000 0.000000 0.000000 0.000013
    124 11.956999 0.000000 -0.006000 0.000000 0.000000 0.000027
    125 6.072001 0.000000 -1.238000 0.000000 0.000000 0.000000
    126 5.690000 -0.365000 0.068000 -0.000040 -0.349041 -1.570749
    127 6.396999 0.614000 0.428000 0.000000 0.000000 -0.000027
    128 3.040999 0.000000 1.202000 0.000000 0.000000 0.000000
    129 3.720000 0.000000 1.202000 0.000000 0.000000 0.000000
    130 1.086000 -0.661000 -0.149000 0.000000 0.000000 0.000000
    131 1.067000 0.589000 0.076000 0.000000 0.000000 0.000000
    132 0.000000 -0.019000 0.000000 0.000000 0.000000 0.000000
    133 0.000000 -0.019000 0.000000 0.000000 0.000000 0.000000
    134 3.300000 -0.019000 1.346000 0.000000 0.000000 0.000000
    135 -1.524000 -1.859000 -4.367000 -1.730250 -0.014891 0.208056
    136 7.283999 0.000000 -2.195000 0.000000 0.000000 -0.000027
    137 -1.323000 0.000000 0.184000 0.000000 0.000000 0.000000
    138 0.082000 0.000000 1.002000 0.000000 0.000000 0.000000
    139 -54.316805 -20.078738 -24.195650 -0.809272 0.640945 -0.416524
    140 0.478000 0.000000 -4.537000 0.000000 0.000000 -0.000013
    141 3.436000 0.000000 1.202000 0.000000 0.000000 0.000000
    142 3.040999 0.000000 1.202000 0.000000 0.000000 0.000000
    143 4.657000 0.000000 1.545000 0.000000 0.000000 -0.000013
    144 -0.403000 0.000000 -0.011000 0.000000 0.000000 0.000000
    145 1.781000 0.000000 0.873000 0.000000 0.000000 0.000000
    146 0.384000 0.715000 0.801000 0.000000 0.000000 0.000000
    147 1.795000 0.533000 -1.550000 0.000000 0.000000 0.000000
    148 4.435999 0.595000 -0.954000 0.000000 0.000000 0.000000
    149 4.401999 -0.614000 -1.630000 0.000000 0.000000 0.000000
    150 4.203000 -0.003000 -0.048000 0.000000 0.000000 0.000000
    151 5.136000 0.000000 1.534000 0.000000 0.000000 -0.000027
    152 11.957001 0.000000 -0.006000 0.000000 0.000000 0.000027
    153 -2.103001 0.000000 0.000000 0.000000 0.000000 0.000000
    154 -0.598001 0.000000 -0.011000 0.000000 0.000000 -0.000013
    155 0.496000 0.184000 -3.523000 0.000000 0.000000 0.000000
    156 0.147000 0.184000 -0.328000 0.000000 0.000000 0.000000
    157 0.147000 0.184000 0.023000 0.000000 0.000000 0.000000
    158 0.147000 0.184000 0.368000 0.000000 0.000000 0.000000
    159 0.147000 0.184000 0.717000 0.000000 0.000000 0.000000
    160 0.147000 0.184000 1.067000 0.000000 0.000000 0.000000
    161 0.148000 0.184000 1.414000 0.000000 0.000000 0.000000
    162 0.148000 -0.074000 1.640000 0.000000 0.000000 0.000000
    163 0.435000 0.184000 -3.179000 0.000000 0.000000 0.000000
    164 0.378000 0.184000 -2.826000 0.000000 0.000000 0.000000
    165 0.329000 0.184000 -2.477000 0.000000 0.000000 0.000000
    166 0.286000 0.184000 -2.127000 0.000000 0.000000 0.000000
    167 0.252000 0.184000 -1.775000 0.000000 0.000000 0.000000
    168 0.215000 0.184000 -1.417000 0.000000 0.000000 0.000000
    169 0.190000 0.184000 -1.064000 0.000000 0.000000 0.000000
    170 0.166000 0.184000 -0.714000 0.000000 0.000000 0.000000
    171 1.622000 0.000000 1.568000 0.000000 0.000000 0.000013
    172 2.240000 0.000000 1.568000 0.000000 0.000000 0.000013
    173 0.000000 0.000000 0.000000 0.000000 0.000000 0.000000
    174 0.000006 -0.006207 -4.863281 -3.140338 -0.002958 -3.128596
    175 1.000088 -0.000029 0.000000 0.000000 0.000000 0.000000
    176 17.162518 -0.000404 0.000000 0.000000 0.000000 0.119207
    177 17.749374 0.295515 0.000000 0.000000 0.000000 -1.158917
    178 5.413528 0.000347 0.000000 0.000000 0.000000 -0.518029
    179 0.017887 0.299792 0.000000 0.000000 0.000000 -0.059577
    180 9.999889 -0.000303 0.000000 0.000000 0.000000 0.000000
    181 0.000004 0.006218 4.863281 -3.140338 -0.002958 -3.128596
    182 1.000088 -0.000029 0.000000 0.000000 0.000000 0.000000
    183 12.283573 1.581455 -4.695999 1.462269 -0.086726 0.090185
    184 17.162518 -0.000404 0.000000 0.000000 0.000000 0.119207
    185 17.749374 0.295515 0.000000 0.000000 0.000000 -1.158919
    186 5.413528 0.000347 0.000000 0.000000 0.000000 -0.518029
    187 0.017887 0.299792 0.000000 0.000000 0.000000 -0.059571
    188 9.499836 0.000212 0.000000 0.000000 0.000000 0.000000
    189 -1.145525 0.000130 0.000671 0.000000 0.000000 0.000000
    190 -0.857691 0.104071 0.104687 0.023536 0.163924 0.013632
    191 3.999430 -0.000528 -0.000332 0.044666 0.000060 0.000000
    192 0.599499 0.400698 0.000236 0.000000 0.000000 0.000000
    193 0.599886 0.400186 -0.000027 0.000000 0.000000 0.000000
    194 2.299677 -2.499979 -0.599480 0.891899 0.221475 -0.527234
    195 -1.572622 -4.361391 -2.683624 1.945318 -0.194943 -0.044129
    196 -9.580679 -27.862108 -37.184677 0.812879 -0.123459 -0.568477
    197 0.649935 -0.548296 0.093658 -1.665913 -0.131399 -0.112062
    198 1.899127 0.000427 -0.000439 0.027386 -0.033311 0.477848
    199 0.657078 0.008400 0.040375 -1.665945 -0.131407 -0.000013
    200 1.799664 -0.000240 0.000231 0.027386 -0.033311 0.477848
    201 1.799664 -0.000240 0.000231 0.027386 -0.033311 0.477848
    202 1.799664 -0.000240 0.000231 0.027386 -0.033311 0.477848
    203 0.665774 0.747222 -0.029186 -1.665935 -0.131408 0.094976
    204 1.900306 -0.000137 -0.000517 0.027386 -0.033311 0.477848
    205 6.236271 -1.834976 5.614282 2.945165 1.383438 -1.288512
    206 3.999897 0.000040 0.001007 0.305164 0.000000 0.000024
    207 0.600403 0.399632 -0.000469 0.000000 0.000000 3.141497
    208 0.599890 0.400186 0.000031 0.000000 0.000000 -3.141496
    209 2.300137 -2.499413 0.600155 -0.891899 -0.221523 -0.527242
    210 12.103249 -3.649587 -1.238105 1.733585 0.203059 0.048157
    211 2.762354 0.116951 1.523975 1.629482 0.064153 1.743800
    212 7.228317 7.928200 -3.925652 2.328713 0.123459 -0.568477
    213 0.650396 -0.547731 -0.092976 1.665913 0.131399 -0.112062
    214 1.899441 -0.000320 -0.000150 -0.027386 0.033311 0.477848
    215 0.657068 0.008398 -0.040379 1.665945 0.131407 -0.000013
    216 1.799659 -0.000233 -0.000233 -0.027386 0.033311 0.477848
    217 1.799659 -0.000233 -0.000233 -0.027386 0.033311 0.477848
    218 1.799659 -0.000233 -0.000233 -0.027386 0.033311 0.477848
    219 0.665778 0.747222 0.029179 1.665935 0.131408 0.094976
    220 1.900722 0.000549 -0.000072 -0.027386 0.033311 0.477848
    221 4.530998 0.000000 0.000000 0.000000 0.000000 0.000000
    222 4.527344 0.000000 0.000000 0.000000 0.000000 0.000000
    223 0.000000 0.000000 0.000000 0.000000 0.000000 0.000000
    224 0.000000 0.000000 0.000000 0.000000 0.000000 0.000000
    225 4.000000 -6.496094 0.008293 -0.001274 0.000001 0.000975
    226 -6.500000 0.000000 0.000000 -1.537381 1.569552 -1.537381
    227 16.597931 -5.597578 8.669366 0.730040 -0.734414 -0.157759
    228 0.280000 -0.135000 2.196999 1.570796 0.000000 -1.570735
    229 0.000000 0.000000 0.000000 0.000000 0.000000 0.000000
    230 0.000000 0.000000 0.000000 0.013722 0.015676 -0.016790
    231 0.106000 0.000000 -64.320000 0.000000 0.000000 0.000000
    232 0.000000 0.000000 0.000000 0.000000 0.000000 0.000000
    233 -0.106000 0.000000 64.320000 0.000000 0.000000 0.000000
    234 -5.149459 -22.263726 0.608389 0.730035 -0.734502 -1.728669
    235 0.000000 0.000000 0.000000 0.000000 -0.000036 0.000055
    236 1.688000 -0.001000 -1.454002 0.000000 0.000000 0.000000
    237 -1.070999 -0.005000 0.545002 0.000000 0.000000 0.000000
    238 5.895000 0.750997 -0.156000 0.000000 0.000000 0.000000
    239 11.599999 -0.000003 -1.500002 0.000000 0.000000 0.000000
    240 -3.804688 5.152344 -5.503906 -1.515061 -0.074935 -0.291543
    241 11.239561 -0.000003 -1.579000 0.000000 0.000000 0.000000
    242 8.086735 0.050780 -1.500000 0.000000 0.000000 0.000000
    243 0.673937 -0.015635 -4.768713 -3.141592 -1.281051 3.141593
    244 0.094999 -0.144000 0.332001 0.000000 0.000000 0.000000
    245 14.209020 0.000022 0.766988 0.000000 0.000000 0.000000
    246 0.000000 0.000000 0.000000 1.570800 0.000000 -1.570796
  time 28
    0 0.000000 0.000000 0.000000 0.000000 0.000000 -1.570796
    1 -0.106750 -0.000001 -0.000351 0.000000 0.000000 0.000000
    2 0.000000 0.000000 0.000000 0.000000 0.000000 0.000000
    3 -0.904000 0.000000 -11.806000 0.000000 0.000000 0.000000
    4 0.000000 0.000000 -14.313999 1.572085 -1.570793 0.000000
    5 3.533001 0.000000 0.000000 -0.001274 0.000000 0.000000
    6 6.250000 0.000000 0.000000 0.000000 0.000000 0.000000
    7 9.568951 -0.019507 -1.944020 -1.447268 1.034969 -1.665624
    8 9.570313 5.304688 2.056641 -1.552151 -1.032979 1.554747
    9 5.786820 0.002787 -0.000113 -1.076206 -0.008806 -1.316760
    10 5.999492 -0.000592 -4.000343 0.000000 0.000000 0.000000
    11 5.787410 0.002582 0.000893 1.248455 -0.701795 -2.177191
    12 5.999492 -0.000592 4.000340 0.000000 0.000000 0.000000
    13 0.500225 0.000133 -0.000084 0.214558 0.000000 0.000060
    14 11.530657 0.000349 -0.001308 -0.000005 0.000009 -0.862175
    15 -0.829338 0.893824 0.079659 -0.148839 0.047645 0.087266
    16 0.500225 0.000132 0.000072 -0.082036 0.000000 -0.000060
    17 11.532495 0.000526 0.003814 -0.000054 -0.000034 -0.772001
    18 -0.829586 0.894698 -0.079468 0.045377 -0.019621 0.087266
    19 10.599886 0.000105 -0.000553 0.120634 0.000000 0.000024
    20 0.127478 -0.275181 -0.000805 -0.000060 0.000023 0.431053
    21 11.042053 0.003717 0.000798 0.268883 -0.484841 0.060075
    22 -11.814724 0.424524 -0.297680 0.247998 -0.066121 -0.042695
    23 10.599878 0.000105 0.000549 0.645312 -0.000012 0.000048
    24 0.135289 -0.279088 0.000801 0.000000 -0.000011 0.386057
    25 11.041739 0.003170 -0.000568 0.428610 0.336430 -0.818858
    26 -11.663242 0.094713 0.140656 -0.068591 0.018527 -0.015099
    27 0.610300 -0.939470 0.070347 -1.655245 -0.140079 -0.175604
    28 0.639938 -0.199121 0.060192 -1.665909 -0.131380 -0.066435
    29 0.600155 1.080260 -0.339535 -1.869412 0.297816 0.043615
    30 0.610207 0.400743 -0.010098 -1.816211 0.108350 0.008860
    31 0.630809 -0.690091 -0.232343 0.511826 0.245633 -1.111113
    32 -0.792125 0.203736 0.461304 1.439074 -0.003453 -0.018305
    33 0.610300 -0.939469 -0.070354 1.655295 0.140043 -0.175652
    34 0.639938 -0.199121 -0.060200 1.665960 0.131404 -0.066423
    35 0.600157 1.080260 0.339531 1.741577 -0.203963 0.075913
    36 0.610205 0.400743 0.010086 1.761892 -0.015361 0.028035
    37 0.627906 -0.691394 0.232270 -1.014489 -0.861409 -0.665993
    38 -0.626031 -0.069982 -0.080517 -1.447153 0.086151 0.021559
    39 2.621377 -0.002532 -0.001438 0.067276 0.181688 -0.076746
    40 2.660837 0.000397 -0.000071 -0.253246 0.278215 0.415552
    41 2.202488 0.003364 -0.002863 -0.510871 0.391473 0.302603
    42 0.599950 0.959236 -0.300102 -0.174544 0.000000 0.000000
    43 2.557190 -0.001967 0.002453 -0.412766 0.195033 0.407752
    44 2.098929 0.000032 -0.002193 -0.408922 0.338420 0.653672
    45 0.999378 -0.000238 -1.064834 0.000000 0.000000 0.000000
    46 -0.122641 -0.721855 0.661686 -0.486644 0.223964 0.243056
    47 2.622112 -0.000648 0.002741 -0.053044 0.086883 -0.048142
    48 2.657909 0.000687 -0.000533 0.200369 0.214671 1.264724
    49 2.200014 0.001663 0.000836 0.236792 0.017724 1.474087
    50 0.599949 0.959244 0.300102 0.174544 0.000000 0.000000
    51 2.556571 -0.000385 0.000554 0.236787 0.177148 1.399512
    52 2.103853 0.001708 -0.001011 0.124856 -0.418714 0.876997
    53 0.999376 -0.000240 1.490624 0.000000 0.000000 0.946917
    54 0.310848 -0.606446 -0.498005 0.308107 -0.197598 0.313975
    55 1.869163 -0.000835 -0.000994 -0.000055 0.000003 -0.162343
    56 1.200941 0.399582 -0.000237 -0.009465 0.016087 0.007127
    57 0.000586 0.100342 -0.000319 -0.120035 -0.021926 -0.209617
    58 -0.161663 0.051712 0.194808 -2.941982 0.122408 -0.060194
    59 2.010090 -0.003202 -0.003377 -0.000054 0.000001 -0.237596
    60 0.000237 0.099800 -0.000395 -0.018823 0.010833 -0.239219
    61 -0.203197 0.048607 0.069150 -3.093332 0.033217 -0.046722
    62 1.180426 -0.002312 0.000781 -0.000002 0.000000 1.141864
    63 -0.000196 0.099625 -0.000034 0.000000 0.000000 -0.314102
    64 -0.088737 -0.688435 -0.145203 2.930407 -0.136130 0.513013
    65 1.712069 -0.003328 0.003818 -0.023923 0.014157 1.177313
    66 -0.000576 0.100143 -0.000311 -0.010914 0.023131 -0.260843
    67 -0.146027 -0.232426 -0.014225 3.028455 -0.094299 0.113020
    68 1.290634 0.000361 -0.000036 0.000000 0.000000 -0.031589
    69 -0.658119 -0.003576 0.072643 -0.142711 0.027792 -0.077299
    70 1.868078 -0.003049 0.002177 0.000003 -0.000009 1.450101
    71 1.200075 0.399942 -0.000093 0.009465 -0.016087 0.007127
    72 0.000589 0.100342 0.000319 0.120035 0.021926 -0.209617
    73 0.068073 0.002283 -0.080050 3.111376 -0.069366 -0.060847
    74 2.011874 -0.001179 0.002180 -0.000049 -0.000049 1.378946
    75 0.000233 0.099800 0.000395 0.018823 -0.010833 -0.239219
    76 -0.018673 -0.001009 0.047544 3.109244 0.002635 -0.106673
    77 1.178665 0.001595 0.000845 0.000006 -0.000001 0.743937
    78 -0.000196 0.099628 0.000034 0.000000 0.000000 -0.314102
    79 0.036894 -0.634449 0.266284 -2.801062 0.174301 0.490915
    80 1.708256 -0.002504 -0.000686 -0.000034 0.000023 1.160590
    81 -0.000580 0.100140 0.000311 0.010910 -0.023132 -0.260845
    82 -0.003952 -0.281811 0.115047 -3.059162 0.089004 0.167964
    83 1.289625 0.000042 0.000061 0.000022 -0.000010 0.672669
    84 -0.171526 -0.018150 -0.099873 0.013484 -0.062184 -0.011781
    85 0.916622 0.003336 0.001326 0.000042 0.000068 0.034171
    86 -0.342617 0.053402 -0.025571 -2.909301 -0.017248 0.075276
    87 1.100231 -0.000928 -0.002434 0.000009 0.000002 -0.019271
    88 -0.384979 0.331001 0.006848 -3.087207 -0.018765 -0.184278
    89 0.678146 0.002286 -0.003905 -0.000006 0.000005 0.138878
    90 -0.123848 0.072738 0.029507 2.898184 -0.060627 0.094835
    91 1.017166 -0.000154 -0.000252 -0.000011 -0.000002 0.255651
    92 -0.344990 0.123129 0.143151 2.994981 0.012396 0.059140
    93 -0.730989 0.177046 0.039141 -0.123731 0.076518 -0.084310
    94 0.921993 0.001298 -0.000896 -0.000038 0.000001 0.471806
    95 -0.124023 -0.052090 0.038495 3.077813 -0.008519 0.039229
    96 1.100433 -0.003552 0.000502 -0.000030 0.000042 0.545699
    97 -0.330082 0.160639 0.042780 3.128073 0.034033 -0.171236
    98 0.679764 0.001532 0.003272 0.000002 0.000003 0.674786
    99 -0.019512 -0.016531 0.038578 -2.763781 0.050305 0.076829
    100 1.019531 -0.000005 -0.000001 0.000000 0.000000 0.497026
    101 -0.155308 0.130644 -0.021921 -3.022466 0.022433 -0.024902
    102 -0.252207 0.061937 -0.024914 -0.007671 -0.063171 -0.044392
    103 -0.085995 0.185205 -0.015180 -2.937063 -0.113970 -0.138991
    104 -0.286533 0.179852 0.024264 -3.109353 -0.049645 -0.029914
    105 -0.019482 0.147083 0.079203 2.893815 0.038585 -0.060594
    106 -0.046482 0.251896 0.129548 3.016165 0.077112 -0.042864
    107 0.039124 -0.040295 0.047739 3.084219 0.030470 -0.037414
    108 -0.233757 0.066630 0.001754 -3.133087 0.040141 -0.065412
    109 0.044266 0.020131 0.001684 -2.778763 -0.118872 -0.040488
    110 0.071495 0.074128 -0.048302 -3.035917 -0.059482 0.104366
    111 0.000000 0.000000 0.000000 0.000000 0.000000 -1.570796
    112 -4.636860 -7.926023 -9.418256 0.758787 -0.744693 -1.735922
    113 0.000000 0.000000 0.000000 0.000000 0.000000 0.000000
    114 -5.656423 -15.699698 -2.582110 0.758471 -0.744601 -1.736000
    115 3.096000 0.000000 -1.996000 0.000000 0.000000 0.000000
    116 3.040999 0.000000 1.202000 0.000000 0.000000 0.000000
    117 7.854000 0.000000 -0.042000 0.000000 0.000000 -0.000027
    118 13.105999 0.000000 -0.006000 0.000000 0.000000 0.000027
    119 3.456000 0.000000 -1.084000 0.000000 0.000000 0.000013
    120 1.804000 0.000000 -1.025000 0.000000 0.000000 0.000000
    121 7.098000 0.000000 -1.084000 0.000000 0.000000 0.000000
    122 1.868000 1.809000 -1.975000 -2.218442 -0.017124 -0.465675
    123 3.740000 0.000000 1.273000 0.000000 0.000000 0.000013
    124 11.956999 0.000000 -0.006000 0.000000 0.000000 0.000027
    125 6.072001 0.000000 -1.238000 0.000000 0.000000 0.000000
    126 5.690000 -0.365000 0.068000 -0.000040 -0.349041 -1.570749
    127 6.396999 0.614000 0.428000 0.000000 0.000000 -0.000027
    128 3.040999 0.000000 1.202000 0.000000 0.000000 0.000000
    129 3.720000 0.000000 1.202000 0.000000 0.000000 0.000000
    130 1.086000 -0.661000 -0.149000 0.000000 0.000000 0.000000
    131 1.067000 0.589000 0.076000 0.000000 0.000000 0.000000
    132 0.000000 -0.019000 0.000000 0.000000 0.000000 0.000000
    133 0.000000 -0.019000 0.000000 0.000000 0.000000 0.000000
    134 3.300000 -0.019000 1.346000 0.000000 0.000000 0.000000
    135 -1.524000 -1.859000 -4.367000 -1.730250 -0.014891 0.208056
    136 7.283999 0.000000 -2.195000 0.000000 0.000000 -0.000027
    137 -1.323000 0.000000 0.184000 0.000000 0.000000 0.000000
    138 0.082000 0.000000 1.002000 0.000000 0.000000 0.000000
    139 -55.113704 -20.715476 -23.328436 -0.842038 0.641323 -0.438931
    140 0.478000 0.000000 -4.537000 0.000000 0.000000 -0.000013
    141 3.436000 0.000000 1.202000 0.000000 0.000000 0.000000
    142 3.040999 0.000000 1.202000 0.000000 0.000000 0.000000
    143 4.657000 0.000000 1.545000 0.000000 0.000000 -0.000013
    144 -0.403000 0.000000 -0.011000 0.000000 0.000000 0.000000
    145 1.781000 0.000000 0.873000 0.000000 0.000000 0.000000
    146 0.384000 0.715000 0.801000 0.000000 0.000000 0.000000
    147 1.795000 0.533000 -1.550000 0.000000 0.000000 0.000000
    148 4.435999 0.595000 -0.954000 0.000000 0.000000 0.000000
    149 4.401999 -0.614000 -1.630000 0.000000 0.000000 0.000000
    150 4.203000 -0.003000 -0.048000 0.000000 0.000000 0.000000
    151 5.136000 0.000000 1.534000 0.000000 0.000000 -0.000027
    152 11.957001 0.000000 -0.006000 0.000000 0.000000 0.000027
    153 -2.103001 0.000000 0.000000 0.000000 0.000000 0.000000
    154 -0.598001 0.000000 -0.011000 0.000000 0.000000 -0.000013
    155 0.496000 0.184000 -3.523000 0.000000 0.000000 0.000000
    156 0.147000 0.184000 -0.328000 0.000000 0.000000 0.000000
    157 0.147000 0.184000 0.023000 0.000000 0.000000 0.000000
    158 0.147000 0.184000 0.368000 0.000000 0.000000 0.000000
    159 0.147000 0.184000 0.717000 0.000000 0.000000 0.000000
    160 0.147000 0.184000 1.067000 0.000000 0.000000 0.000000
    161 0.148000 0.184000 1.414000 0.000000 0.000000 0.000000
    162 0.148000 -0.074000 1.640000 0.000000 0.000000 0.000000
    163 0.435000 0.184000 -3.179000 0.000000 0.000000 0.000000
    164 0.378000 0.184000 -2.826000 0.000000 0.000000 0.000000
    165 0.329000 0.184000 -2.477000 0.000000 0.000000 0.000000
    166 0.286000 0.184000 -2.127000 0.000000 0.000000 0.000000
    167 0.252000 0.184000 -1.775000 0.000000 0.000000 0.000000
    168 0.215000 0.184000 -1.417000 0.000000 0.000000 0.000000
    169 0.190000 0.184000 -1.064000 0.000000 0.000000 0.000000
    170 0.166000 0.184000 -0.714000 0.000000 0.000000 0.000000
    171 1.622000 0.000000 1.568000 0.000000 0.000000 0.000013
    172 2.240000 0.000000 1.568000 0.000000 0.000000 0.000013
    173 0.000000 0.000000 0.000000 0.000000 0.000000 0.000000
    174 0.000006 -0.006207 -4.863281 -3.140338 -0.002958 -3.128596
    175 1.000088 -0.000029 0.000000 0.000000 0.000000 0.000000
    176 17.162518 -0.000404 0.000000 0.000000 0.000000 0.119207
    177 17.749374 0.295515 0.000000 0.000000 0.000000 -1.158917
    178 5.413528 0.000347 0.000000 0.000000 0.000000 -0.518029
    179 0.017887 0.299792 0.000000 0.000000 0.000000 -0.059577
    180 9.999889 -0.000303 0.000000 0.000000 0.000000 0.000000
    181 0.000004 0.006218 4.863281 -3.140338 -0.002958 -3.128596
    182 1.000088 -0.000029 0.000000 0.000000 0.000000 0.000000
    183 12.283573 1.581455 -4.695999 1.462269 -0.086726 0.090185
    184 17.162518 -0.000404 0.000000 0.000000 0.000000 0.119207
    185 17.749374 0.295515 0.000000 0.000000 0.000000 -1.158919
    186 5.413528 0.000347 0.000000 0.000000 0.000000 -0.518029
    187 0.017887 0.299792 0.000000 0.000000 0.000000 -0.059571
    188 9.499836 0.000212 0.000000 0.000000 0.000000 0.000000
    189 -1.145525 0.000130 0.000671 0.000000 0.000000 0.000000
    190 -0.857691 0.104071 0.104687 0.023536 0.163924 0.013632
    191 3.999430 -0.000528 -0.000332 0.120650 0.000000 0.000000
    192 0.599499 0.400698 0.000236 0.000000 0.000000 0.000000
    193 0.599886 0.400186 -0.000027 0.000000 0.000000 0.000000
    194 2.299677 -2.499979 -0.599480 0.891899 0.221475 -0.527234
    195 -2.139046 -4.552803 -1.699219 1.796642 -0.011799 -0.047439
    196 -9.580679 -27.862108 -37.184677 0.812879 -0.123459 -0.568477
    197 0.649935 -0.548296 0.093658 -1.665913 -0.131399 -0.112062
    198 1.899127 0.000427 -0.000439 0.027386 -0.033311 0.477848
    199 0.657078 0.008400 0.040375 -1.665945 -0.131407 -0.000013
    200 1.799664 -0.000240 0.000231 0.027386 -0.033311 0.477848
    201 1.799664 -0.000240 0.000231 0.027386 -0.033311 0.477848
    202 1.799664 -0.000240 0.000231 0.027386 -0.033311 0.477848
    203 0.665774 0.747222 -0.029186 -1.665935 -0.131408 0.094976
    204 1.900306 -0.000137 -0.000517 0.027386 -0.033311 0.477848
    205 6.408152 -1.311523 5.563499 2.836126 1.360139 -1.337381
    206 3.999897 0.000040 0.001007 0.322640 0.000000 0.000060
    207 0.600403 0.399632 -0.000469 0.000000 0.000000 3.141497
    208 0.599890 0.400186 0.000031 0.000000 0.000000 3.141497
    209 2.300137 -2.499413 0.600155 -0.891899 -0.221523 -0.527258
    210 12.103249 -3.649587 -1.238105 1.733585 0.203059 0.048157
    211 2.762354 0.116951 1.523975 1.629482 0.064153 1.743800
    212 7.228317 7.928200 -3.925652 2.328713 0.123459 -0.568477
    213 0.650396 -0.547731 -0.092976 1.665913 0.131399 -0.112062
    214 1.899441 -0.000320 -0.000150 -0.027386 0.033311 0.477848
    215 0.657068 0.008398 -0.040379 1.665945 0.131407 -0.000013
    216 1.799659 -0.000233 -0.000233 -0.027386 0.033311 0.477848
    217 1.799659 -0.000233 -0.000233 -0.027386 0.033311 0.477848
    218 1.799659 -0.000233 -0.000233 -0.027386 0.033311 0.477848
    219 0.665778 0.747222 0.029179 1.665935 0.131408 0.094976
    220 1.900722 0.000549 -0.000072 -0.027386 0.033311 0.477848
    221 4.530998 0.000000 0.000000 0.000000 0.000000 0.000000
    222 4.527344 0.000000 0.000000 0.000000 0.000000 0.000000
    223 0.000000 0.000000 0.000000 0.000000 0.000000 0.000000
    224 0.000000 0.000000 0.000000 0.000000 0.000000 0.000000
    225 4.000000 -6.496094 0.008293 -0.001274 0.000001 0.000975
    226 -6.500000 0.000000 0.000000 -1.537381 1.569552 -1.537381
    227 16.707309 -5.663986 9.220164 0.758787 -0.744587 -0.165218
    228 0.280000 -0.135000 2.196999 1.570796 0.000000 -1.570735
    229 0.000000 0.000000 0.000000 0.000000 0.000000 0.000000
    230 0.000000 0.000000 0.000000 0.017761 0.018564 -0.018816
    231 0.106000 0.000000 -64.320000 0.000000 0.000000 0.000000
    232 0.000000 0.000000 0.000000 0.000000 0.000000 0.000000
    233 -0.106000 0.000000 64.320000 0.000000 0.000000 0.000000
    234 -5.258837 -22.623112 1.545917 0.758778 -0.744666 -1.736044
    235 0.000000 0.000000 0.000000 0.000000 -0.000036 0.000055
    236 1.688000 -0.001000 -1.454002 0.000000 0.000000 0.000000
    237 -1.070999 -0.005000 0.545002 0.000000 0.000000 0.000000
    238 5.895000 0.750997 -0.156000 0.000000 0.000000 0.000000
    239 11.599999 -0.000003 -1.500002 0.000000 0.000000 0.000000
    240 -3.804688 5.152344 -5.503906 -1.515061 -0.074935 -0.291543
    241 11.239561 -0.000003 -1.579000 0.000000 0.000000 0.000000
    242 8.508623 0.050780 -1.500000 0.000000 0.000000 0.000000
    243 0.673937 -0.015635 -4.768713 -3.141592 -1.281051 3.141593
    244 0.094999 -0.144000 0.332001 0.000000 0.000000 0.000000
    245 14.209020 0.000022 0.766988 0.000000 0.000000 0.000000
    246 0.000000 0.000000 0.000000 1.570800 0.000000 -1.570796
  time 29
    0 0.000000 0.000000 0.000000 0.000000 0.000000 -1.570796
    1 -0.106750 -0.000001 -0.000351 0.000000 0.000000 0.000000
    2 0.000000 0.000000 0.000000 0.000000 0.000000 0.000000
    3 -0.904000 0.000000 -11.806000 0.000000 0.000000 0.000000
    4 0.000000 0.000000 -14.313999 1.572085 -1.570793 0.000000
    5 3.533001 0.000000 0.000000 -0.001274 0.000000 0.000000
    6 6.250000 0.000000 0.000000 0.000000 0.000000 0.000000
    7 9.568951 -0.019507 -1.944020 -1.408464 0.980475 -1.649476
    8 9.570313 5.304688 2.056641 -1.552151 -1.032979 1.554747
    9 5.786820 0.002787 -0.000113 -1.108802 -0.019582 -1.246893
    10 5.999492 -0.000592 -4.000343 0.000000 0.000000 0.000000
    11 5.787410 0.002582 0.000893 1.246867 -0.692428 -2.179275
    12 5.999492 -0.000592 4.000340 0.000000 0.000000 0.000000
    13 0.500225 0.000133 -0.000084 0.248907 0.000000 0.000000
    14 11.530657 0.000349 -0.001308 -0.000005 0.000009 -0.926768
    15 -0.829338 0.893824 0.079659 -0.148839 0.047645 0.087266
    16 0.500225 0.000132 0.000072 -0.084938 0.000024 -0.000024
    17 11.532495 0.000526 0.003814 0.000006 -0.000010 -0.775558
    18 -0.829586 0.894698 -0.079468 0.045377 -0.019621 0.087266
    19 10.599886 0.000105 -0.000553 0.127285 0.000000 0.000000
    20 0.123572 -0.275181 -0.000805 0.000000 0.000011 0.463385
    21 11.042053 0.003717 0.000798 0.282936 -0.482412 0.063320
    22 -11.814724 0.424524 -0.297680 0.247998 -0.066121 -0.042695
    23 10.599878 0.000105 0.000549 0.670041 -0.000012 0.000048
    24 0.131382 -0.279088 0.000801 0.000000 -0.000011 0.387809
    25 11.041739 0.003170 -0.000568 0.447247 0.341991 -0.813144
    26 -11.663242 0.094713 0.140656 -0.068591 0.018527 -0.015099
    27 0.610300 -0.939470 0.070347 -1.655245 -0.140091 -0.175604
    28 0.639938 -0.199121 0.060192 -1.665909 -0.131380 -0.066435
    29 0.600155 1.080260 -0.339535 -1.869412 0.297816 0.043615
    30 0.610207 0.400743 -0.010098 -1.816211 0.108350 0.008860
    31 0.630809 -0.690091 -0.232343 0.511856 0.245680 -1.111113
    32 -0.792125 0.203736 0.461304 1.439074 -0.003453 -0.018305
    33 0.610300 -0.939469 -0.070354 1.655295 0.140043 -0.175652
    34 0.639938 -0.199121 -0.060200 1.665960 0.131404 -0.066423
    35 0.600157 1.080260 0.339531 1.741577 -0.203951 0.075913
    36 0.610205 0.400743 0.010086 1.761892 -0.015361 0.028035
    37 0.627906 -0.691394 0.232270 -1.014489 -0.861409 -0.665993
    38 -0.626031 -0.069982 -0.080517 -1.447153 0.086151 0.021559
    39 2.621377 -0.002532 -0.001438 0.067276 0.181702 -0.076746
    40 2.660837 0.000397 -0.000071 -0.253246 0.278159 0.415552
    41 2.202488 0.003364 -0.002863 -0.510871 0.391450 0.302560
    42 0.599950 0.959236 -0.300102 -0.174544 0.000000 0.000000
    43 2.557190 -0.001967 0.002453 -0.412766 0.195050 0.407752
    44 2.098929 0.000032 -0.002193 -0.408922 0.338420 0.653651
    45 0.999378 -0.000238 -1.041396 0.000000 0.000000 0.000000
    46 -0.122641 -0.721855 0.661686 -0.486644 0.223964 0.243056
    47 2.622112 -0.000648 0.002741 -0.053044 0.086883 -0.048142
    48 2.657909 0.000687 -0.000533 0.200369 0.214671 1.264724
    49 2.200014 0.001663 0.000836 0.236792 0.017724 1.474087
    50 0.599949 0.959244 0.300102 0.174544 0.000000 0.000000
    51 2.556571 -0.000385 0.000554 0.236787 0.177148 1.399512
    52 2.103853 0.001708 -0.001011 0.124856 -0.418714 0.877014
    53 0.999376 -0.000240 1.490624 0.000000 0.000000 0.946917
    54 0.310848 -0.606446 -0.498005 0.308107 -0.197598 0.313975
    55 1.869163 -0.000835 -0.000994 -0.000031 0.000003 -0.162343
    56 1.200941 0.399582 -0.000237 -0.009465 0.016087 0.007127
    57 0.000586 0.100342 -0.000319 -0.120035 -0.021926 -0.209617
    58 -0.161663 0.051712 0.194808 -2.941982 0.122408 -0.060194
    59 2.010090 -0.003202 -0.003377 -0.000030 0.000001 -0.237548
    60 0.000237 0.099800 -0.000395 -0.018823 0.010833 -0.239219
    61 -0.203197 0.048607 0.069150 -3.093332 0.033217 -0.046722
    62 1.180426 -0.002312 0.000781 -0.000002 0.000012 1.141798
    63 -0.000196 0.099625 -0.000034 0.000000 0.000000 -0.314102
    64 -0.088737 -0.688435 -0.145203 2.930407 -0.136130 0.513013
    65 1.712069 -0.003328 0.003818 -0.023935 0.014157 1.177617
    66 -0.000576 0.100143 -0.000311 -0.010914 0.023131 -0.260843
    67 -0.146027 -0.232426 -0.014225 3.028455 -0.094299 0.113020
    68 1.290634 0.000361 -0.000036 0.000000 0.000000 -0.031589
    69 -0.658119 -0.003576 0.072643 -0.142711 0.027792 -0.077299
    70 1.868078 -0.003049 0.002177 0.000003 0.000003 1.450101
    71 1.200075 0.399942 -0.000093 0.009465 -0.016087 0.007127
    72 0.000589 0.100342 0.000319 0.120035 0.021926 -0.209617
    73 0.068073 0.002283 -0.080050 3.111376 -0.069366 -0.060847
    74 2.011874 -0.001179 0.002180 -0.000049 -0.000049 1.378946
    75 0.000233 0.099800 0.000395 0.018823 -0.010833 -0.239219
    76 -0.018673 -0.001009 0.047544 3.109244 0.002635 -0.106673
    77 1.178665 0.001595 0.000845 0.000006 -0.000001 0.743937
    78 -0.000196 0.099628 0.000034 0.000000 0.000000 -0.314102
    79 0.036894 -0.634449 0.266284 -2.801062 0.174301 0.490915
    80 1.708256 -0.002504 -0.000686 -0.000034 0.000023 1.160590
    81 -0.000580 0.100140 0.000311 0.010910 -0.023132 -0.260845
    82 -0.003952 -0.281811 0.115047 -3.059162 0.089004 0.167964
    83 1.289625 0.000042 0.000061 0.000022 -0.000010 0.672669
    84 -0.171526 -0.018150 -0.099873 0.013484 -0.062184 -0.011781
    85 0.916622 0.003336 0.001326 0.000031 0.000068 0.034171
    86 -0.342617 0.053402 -0.025571 -2.909301 -0.017248 0.075276
    87 1.100231 -0.000928 -0.002434 0.000009 0.000002 -0.019271
    88 -0.384979 0.331001 0.006848 -3.087207 -0.018765 -0.184278
    89 0.678146 0.002286 -0.003905 -0.000006 0.000017 0.138991
    90 -0.123848 0.072738 0.029507 2.898184 -0.060627 0.094835
    91 1.017166 -0.000154 -0.000252 -0.000011 -0.000002 0.255651
    92 -0.344990 0.123129 0.143151 2.994981 0.012396 0.059140
    93 -0.730989 0.177046 0.039141 -0.123731 0.076518 -0.084310
    94 0.921993 0.001298 -0.000896 -0.000038 0.000001 0.471806
    95 -0.124023 -0.052090 0.038495 3.077813 -0.008519 0.039229
    96 1.100433 -0.003552 0.000502 -0.000018 0.000042 0.545699
    97 -0.330082 0.160639 0.042780 3.128073 0.034033 -0.171236
    98 0.679764 0.001532 0.003272 0.000002 0.000003 0.674786
    99 -0.019512 -0.016531 0.038578 -2.763781 0.050305 0.076829
    100 1.019531 -0.000005 -0.000001 0.000000 0.000000 0.497026
    101 -0.155308 0.130644 -0.021921 -3.022466 0.022433 -0.024902
    102 -0.252207 0.061937 -0.024914 -0.007671 -0.063171 -0.044392
    103 -0.085995 0.185205 -0.015180 -2.937063 -0.113970 -0.138991
    104 -0.286533 0.179852 0.024264 -3.109353 -0.049645 -0.029914
    105 -0.019482 0.147083 0.079203 2.893815 0.038585 -0.060594
    106 -0.046482 0.251896 0.129548 3.016165 0.077112 -0.042864
    107 0.039124 -0.040295 0.047739 3.084219 0.030470 -0.037414
    108 -0.233757 0.066630 0.001754 -3.133087 0.040141 -0.065412
    109 0.044266 0.020131 0.001684 -2.778763 -0.118872 -0.040488
    110 0.071495 0.074128 -0.048302 -3.035917 -0.059482 0.104366
    111 0.000000 0.000000 0.000000 0.000000 0.000000 -1.570796
    112 -4.656392 -7.968993 -9.238563 0.780107 -0.748469 -1.736761
    113 0.000000 0.000000 0.000000 0.000000 0.000000 0.000000
    114 -5.679861 -15.711417 -2.363353 0.779949 -0.748447 -1.736933
    115 3.096000 0.000000 -1.996000 0.000000 0.000000 0.000000
    116 3.040999 0.000000 1.202000 0.000000 0.000000 0.000000
    117 7.854000 0.000000 -0.042000 0.000000 0.000000 -0.000027
    118 13.105999 0.000000 -0.006000 0.000000 0.000000 0.000027
    119 3.456000 0.000000 -1.084000 0.000000 0.000000 0.000013
    120 1.804000 0.000000 -1.025000 0.000000 0.000000 0.000000
    121 7.098000 0.000000 -1.084000 0.000000 0.000000 0.000000
    122 1.868000 1.809000 -1.975000 -2.218442 -0.017124 -0.465675
    123 3.740000 0.000000 1.273000 0.000000 0.000000 0.000013
    124 11.956999 0.000000 -0.006000 0.000000 0.000000 0.000027
    125 6.072001 0.000000 -1.238000 0.000000 0.000000 0.000000
    126 5.690000 -0.365000 0.068000 -0.000040 -0.349041 -1.570749
    127 6.396999 0.614000 0.428000 0.000000 0.000000 -0.000027
    128 3.040999 0.000000 1.202000 0.000000 0.000000 0.000000
    129 3.720000 0.000000 1.202000 0.000000 0.000000 0.000000
    130 1.086000 -0.661000 -0.149000 0.000000 0.000000 0.000000
    131 1.067000 0.589000 0.076000 0.000000 0.000000 0.000000
    132 0.000000 -0.019000 0.000000 0.000000 0.000000 0.000000
    133 0.000000 -0.019000 0.000000 0.000000 0.000000 0.000000
    134 3.300000 -0.019000 1.346000 0.000000 0.000000 0.000000
    135 -1.524000 -1.859000 -4.367000 -1.730250 -0.014891 0.208056
    136 7.283999 0.000000 -2.195000 0.000000 0.000000 -0.000027
    137 -1.323000 0.000000 0.184000 0.000000 0.000000 0.000000
    138 0.082000 0.000000 1.002000 0.000000 0.000000 0.000000
    139 -55.394963 -21.188147 -22.836234 -0.867111 0.635128 -0.456116
    140 0.478000 0.000000 -4.537000 0.000000 0.000000 -0.000013
    141 3.436000 0.000000 1.202000 0.000000 0.000000 0.000000
    142 3.040999 0.000000 1.202000 0.000000 0.000000 0.000000
    143 4.657000 0.000000 1.545000 0.000000 0.000000 -0.000013
    144 -0.403000 0.000000 -0.011000 0.000000 0.000000 0.000000
    145 1.781000 0.000000 0.873000 0.000000 0.000000 0.000000
    146 0.384000 0.715000 0.801000 0.000000 0.000000 0.000000
    147 1.795000 0.533000 -1.550000 0.000000 0.000000 0.000000
    148 4.435999 0.595000 -0.954000 0.000000 0.000000 0.000000
    149 4.401999 -0.614000 -1.630000 0.000000 0.000000 0.000000
    150 4.203000 -0.003000 -0.048000 0.000000 0.000000 0.000000
    151 5.136000 0.000000 1.534000 0.000000 0.000000 -0.000027
    152 11.957001 0.000000 -0.006000 0.000000 0.000000 0.000027
    153 -2.103001 0.000000 0.000000 0.000000 0.000000 0.000000
    154 -0.598001 0.000000 -0.011000 0.000000 0.000000 -0.000013
    155 0.496000 0.184000 -3.523000 0.000000 0.000000 0.000000
    156 0.147000 0.184000 -0.328000 0.000000 0.000000 0.000000
    157 0.147000 0.184000 0.023000 0.000000 0.000000 0.000000
    158 0.147000 0.184000 0.368000 0.000000 0.000000 0.000000
    159 0.147000 0.184000 0.717000 0.000000 0.000000 0.000000
    160 0.147000 0.184000 1.067000 0.000000 0.000000 0.000000
    161 0.148000 0.184000 1.414000 0.000000 0.000000 0.000000
    162 0.148000 -0.074000 1.640000 0.000000 0.000000 0.000000
    163 0.435000 0.184000 -3.179000 0.000000 0.000000 0.000000
    164 0.378000 0.184000 -2.826000 0.000000 0.000000 0.000000
    165 0.329000 0.184000 -2.477000 0.000000 0.000000 0.000000
    166 0.286000 0.184000 -2.127000 0.000000 0.000000 0.000000
    167 0.252000 0.184000 -1.775000 0.000000 0.000000 0.000000
    168 0.215000 0.184000 -1.417000 0.000000 0.000000 0.000000
    169 0.190000 0.184000 -1.064000 0.000000 0.000000 0.000000
    170 0.166000 0.184000 -0.714000 0.000000 0.000000 0.000000
    171 1.622000 0.000000 1.568000 0.000000 0.000000 0.000013
    172 2.240000 0.000000 1.568000 0.000000 0.000000 0.000013
    173 0.000000 0.000000 0.000000 0.000000 0.000000 0.000000
    174 0.000006 -0.006207 -4.863281 -3.140338 -0.002958 -3.128596
    175 1.000088 -0.000029 0.000000 0.000000 0.000000 0.000000
    176 17.162518 -0.000404 0.000000 0.000000 0.000000 0.119207
    177 17.749374 0.295515 0.000000 0.000000 0.000000 -1.158917
    178 5.413528 0.000347 0.000000 0.000000 0.000000 -0.518029
    179 0.017887 0.299792 0.000000 0.000000 0.000000 -0.059577
    180 9.999889 -0.000303 0.000000 0.000000 0.000000 0.000000
    181 0.000004 0.006218 4.863281 -3.140338 -0.002958 -3.128596
    182 1.000088 -0.000029 0.000000 0.000000 0.000000 0.000000
    183 12.283573 1.581455 -4.695999 1.462269 -0.086726 0.090185
    184 17.162518 -0.000404 0.000000 0.000000 0.000000 0.119207
    185 17.749374 0.295515 0.000000 0.000000 0.000000 -1.158919
    186 5.413528 0.000347 0.000000 0.000000 0.000000 -0.518029
    187 0.017887 0.299792 0.000000 0.000000 0.000000 -0.059571
    188 9.499836 0.000212 0.000000 0.000000 0.000000 0.000000
    189 -1.145525 0.000130 0.000671 0.000000 0.000000 0.000000
    190 -0.857691 0.104071 0.104687 0.023536 0.163924 0.013632
    191 3.999430 -0.000528 -0.000332 0.127274 0.000060 0.000000
    192 0.599499 0.400698 0.000236 0.000000 0.000000 0.000000
    193 0.599886 0.400186 -0.000027 0.000000 0.000000 0.000000
    194 2.299677 -2.499979 -0.599480 0.891899 0.221475 -0.527234
    195 -2.084356 -4.533271 -1.855474 1.822665 0.009890 -0.014618
    196 -9.580679 -27.862108 -37.184677 0.812879 -0.123459 -0.568477
    197 0.649935 -0.548296 0.093658 -1.665913 -0.131399 -0.112062
    198 1.899127 0.000427 -0.000439 0.027386 -0.033311 0.477848
    199 0.657078 0.008400 0.040375 -1.665945 -0.131407 -0.000013
    200 1.799664 -0.000240 0.000231 0.027386 -0.033311 0.477848
    201 1.799664 -0.000240 0.000231 0.027386 -0.033311 0.477848
    202 1.799664 -0.000240 0.000231 0.027386 -0.033311 0.477848
    203 0.665774 0.747222 -0.029186 -1.665935 -0.131408 0.094976
    204 1.900306 -0.000137 -0.000517 0.027386 -0.033311 0.477848
    205 6.556594 -0.831039 5.485372 2.739255 1.339031 -1.379256
    206 3.999897 0.000040 0.001007 0.335047 0.000000 0.000000
    207 0.600403 0.399632 -0.000469 0.000000 0.000000 -3.141496
    208 0.599890 0.400186 0.000031 0.000000 0.000000 -3.141496
    209 2.300137 -2.499413 0.600155 -0.891927 -0.221523 -0.527258
    210 12.103249 -3.649587 -1.238105 1.733585 0.203059 0.048157
    211 2.762354 0.116951 1.523975 1.629482 0.064153 1.743800
    212 7.228317 7.928200 -3.925652 2.328713 0.123459 -0.568477
    213 0.650396 -0.547731 -0.092976 1.665913 0.131399 -0.112062
    214 1.899441 -0.000320 -0.000150 -0.027386 0.033311 0.477848
    215 0.657068 0.008398 -0.040379 1.665945 0.131407 -0.000013
    216 1.799659 -0.000233 -0.000233 -0.027386 0.033311 0.477848
    217 1.799659 -0.000233 -0.000233 -0.027386 0.033311 0.477848
    218 1.799659 -0.000233 -0.000233 -0.027386 0.033311 0.477848
    219 0.665778 0.747222 0.029179 1.665935 0.131408 0.094976
    220 1.900722 0.000549 -0.000072 -0.027386 0.033311 0.477848
    221 4.530998 0.000000 0.000000 0.000000 0.000000 0.000000
    222 4.527344 0.000000 0.000000 0.000000 0.000000 0.000000
    223 0.000000 0.000000 0.000000 0.000000 0.000000 0.000000
    224 0.000000 0.000000 0.000000 0.000000 0.000000 0.000000
    225 4.000000 -6.496094 0.008293 -0.001274 0.000001 0.000975
    226 -6.500000 0.000000 0.000000 -1.537381 1.569552 -1.537381
    227 16.722935 -5.675705 9.435014 0.780107 -0.748408 -0.165964
    228 0.280000 -0.135000 2.196999 1.570796 0.000000 -1.570735
    229 0.000000 0.000000 0.000000 0.000000 0.000000 0.000000
    230 0.000000 0.000000 0.000000 0.021812 0.021464 -0.020817
    231 0.106000 0.000000 -64.320000 0.000000 0.000000 0.000000
    232 0.000000 0.000000 0.000000 0.000000 0.000000 0.000000
    233 -0.106000 0.000000 64.320000 0.000000 0.000000 0.000000
    234 -5.239305 -22.591861 1.795925 0.780095 -0.748454 -1.736907
    235 0.000000 0.000000 0.000000 0.000000 -0.000036 0.000055
    236 1.688000 -0.001000 -1.454002 0.000000 0.000000 0.000000
    237 -1.070999 -0.005000 0.545002 0.000000 0.000000 0.000000
    238 5.895000 0.750997 -0.156000 0.000000 0.000000 0.000000
    239 11.599999 -0.000003 -1.500002 0.000000 0.000000 0.000000
    240 -3.804688 5.152344 -5.503906 -1.515061 -0.074935 -0.291543
    241 11.239561 -0.000003 -1.579000 0.000000 0.000000 0.000000
    242 8.492998 0.046873 -1.500000 0.000000 0.000000 0.000000
    243 0.673937 -0.015635 -4.768713 -3.141592 -1.281051 3.141593
    244 0.094999 -0.144000 0.332001 0.000000 0.000000 0.000000
    245 14.209020 0.000022 0.766988 0.000000 0.000000 0.000000
    246 0.000000 0.000000 0.000000 1.570800 0.000000 -1.570796
  time 30
    0 0.000000 0.000000 0.000000 0.000000 0.000000 -1.570796
    1 -0.106750 -0.000001 -0.000351 0.000000 0.000000 0.000000
    2 0.000000 0.000000 0.000000 0.000000 0.000000 0.000000
    3 -0.904000 0.000000 -11.806000 0.000000 0.000000 0.000000
    4 0.000000 0.000000 -14.313999 1.572085 -1.570793 0.000000
    5 3.533001 0.000000 0.000000 -0.001274 0.000000 0.000000
    6 6.250000 0.000000 0.000000 0.000000 0.000000 0.000000
    7 9.568951 -0.019507 -1.944020 -1.377211 0.933063 -1.637818
    8 9.570313 5.304688 2.056641 -1.552151 -1.032979 1.554747
    9 5.786820 0.002787 -0.000113 -1.146466 0.000108 -1.166598
    10 5.999492 -0.000592 -4.000343 0.000000 0.000000 0.000000
    11 5.787410 0.002582 0.000893 1.249859 -0.691581 -2.182808
    12 5.999492 -0.000592 4.000340 0.000000 0.000000 0.000000
    13 0.500225 0.000133 -0.000084 0.297724 0.000000 0.000000
    14 11.530657 0.000349 -0.001308 0.000043 0.000033 -0.961059
    15 -0.829338 0.893824 0.079659 -0.148839 0.047645 0.087266
    16 0.500225 0.000132 0.000072 -0.087839 0.000060 0.000000
    17 11.532495 0.000526 0.003814 0.000006 -0.000010 -0.768849
    18 -0.829586 0.894698 -0.079468 0.045377 -0.019621 0.087266
    19 10.599886 0.000105 -0.000553 0.080473 0.000000 0.000000
    20 0.123572 -0.275181 -0.000805 -0.000048 0.000023 0.480588
    21 11.042053 0.003717 0.000798 0.170088 -0.344218 0.049241
    22 -11.814724 0.424524 -0.297680 0.247998 -0.066121 -0.042695
    23 10.599878 0.000105 0.000549 0.680877 0.000036 0.000072
    24 0.127476 -0.279088 0.000801 0.000000 -0.000011 0.384478
    25 11.041739 0.003170 -0.000568 0.451615 0.342123 -0.818998
    26 -11.663242 0.094713 0.140656 -0.068591 0.018527 -0.015099
    27 0.610300 -0.939470 0.070347 -1.655245 -0.140091 -0.175604
    28 0.639938 -0.199121 0.060192 -1.665909 -0.131380 -0.066435
    29 0.600155 1.080260 -0.339535 -1.869359 0.297834 0.043627
    30 0.610207 0.400743 -0.010098 -1.816211 0.108350 0.008860
    31 0.630809 -0.690091 -0.232343 0.409281 0.138768 -1.149323
    32 -0.792125 0.203736 0.461304 1.439074 -0.003453 -0.018305
    33 0.610300 -0.939469 -0.070354 1.655295 0.140043 -0.175652
    34 0.639938 -0.199121 -0.060200 1.665960 0.131404 -0.066423
    35 0.600157 1.080260 0.339531 1.741577 -0.203951 0.075913
    36 0.610205 0.400743 0.010086 1.761892 -0.015361 0.028035
    37 0.627906 -0.691394 0.232270 -1.014489 -0.861409 -0.665993
    38 -0.626031 -0.069982 -0.080517 -1.447153 0.086151 0.021559
    39 2.621377 -0.002532 -0.001438 0.067276 0.181702 -0.076746
    40 2.660837 0.000397 -0.000071 -0.253268 0.278122 0.415552
    41 2.202488 0.003364 -0.002863 -0.510871 0.391426 0.302560
    42 0.599950 0.959236 -0.300102 -0.174544 0.000000 0.000000
    43 2.557190 -0.001967 0.002453 -0.412766 0.195068 0.407752
    44 2.098929 0.000032 -0.002193 -0.463443 0.255413 0.468052
    45 0.999378 -0.000238 -1.017958 0.000000 0.000000 0.000000
    46 -0.122641 -0.721855 0.661686 -0.486644 0.223964 0.243056
    47 2.622112 -0.000648 0.002741 -0.053044 0.086883 -0.048142
    48 2.657909 0.000687 -0.000533 0.200369 0.214671 1.264724
    49 2.200014 0.001663 0.000836 0.236792 0.017724 1.474087
    50 0.599949 0.959244 0.300102 0.174544 0.000000 0.000000
    51 2.556571 -0.000385 0.000554 0.236787 0.177148 1.399512
    52 2.103853 0.001708 -0.001011 0.124856 -0.418714 0.877014
    53 0.999376 -0.000240 1.490624 0.000000 0.000000 0.946917
    54 0.310848 -0.606446 -0.498005 0.308107 -0.197598 0.313975
    55 1.869163 -0.000835 -0.000994 -0.000019 0.000003 -0.162343
    56 1.200941 0.399582 -0.000237 -0.009465 0.016087 0.007127
    57 0.000586 0.100342 -0.000319 -0.120035 -0.021926 -0.209617
    58 -0.161663 0.051712 0.194808 -2.941982 0.122408 -0.060194
    59 2.010090 -0.003202 -0.003377 -0.000018 0.000001 -0.237548
    60 0.000237 0.099800 -0.000395 -0.018823 0.010833 -0.239219
    61 -0.203197 0.048607 0.069150 -3.093332 0.033217 -0.046722
    62 1.180426 -0.002312 0.000781 -0.000002 0.000012 1.141732
    63 -0.000196 0.099625 -0.000034 0.000000 0.000000 -0.314102
    64 -0.088737 -0.688435 -0.145203 2.930407 -0.136130 0.513013
    65 1.712069 -0.003328 0.003818 -0.023935 0.014157 1.177870
    66 -0.000576 0.100143 -0.000311 -0.010914 0.023131 -0.260843
    67 -0.146027 -0.232426 -0.014225 3.028455 -0.094299 0.113020
    68 1.290634 0.000361 -0.000036 0.000000 0.000000 -0.174642
    69 -0.658119 -0.003576 0.072643 -0.142711 0.027792 -0.077299
    70 1.868078 -0.003049 0.002177 0.000003 0.000003 1.450101
    71 1.200075 0.399942 -0.000093 0.009465 -0.016087 0.007127
    72 0.000589 0.100342 0.000319 0.120035 0.021926 -0.209617
    73 0.068073 0.002283 -0.080050 3.111376 -0.069366 -0.060847
    74 2.011874 -0.001179 0.002180 -0.000049 -0.000049 1.378946
    75 0.000233 0.099800 0.000395 0.018823 -0.010833 -0.239219
    76 -0.018673 -0.001009 0.047544 3.109244 0.002635 -0.106673
    77 1.178665 0.001595 0.000845 0.000006 -0.000001 0.743937
    78 -0.000196 0.099628 0.000034 0.000000 0.000000 -0.314102
    79 0.036894 -0.634449 0.266284 -2.801062 0.174301 0.490915
    80 1.708256 -0.002504 -0.000686 -0.000034 0.000023 1.160590
    81 -0.000580 0.100140 0.000311 0.010910 -0.023132 -0.260845
    82 -0.003952 -0.281811 0.115047 -3.059162 0.089004 0.167964
    83 1.289625 0.000042 0.000061 0.000022 -0.000010 0.672669
    84 -0.171526 -0.018150 -0.099873 0.013484 -0.062184 -0.011781
    85 0.916622 0.003336 0.001326 0.000019 0.000068 0.034171
    86 -0.342617 0.053402 -0.025571 -2.909301 -0.017248 0.075276
    87 1.100231 -0.000928 -0.002434 0.000009 0.000002 -0.019330
    88 -0.384979 0.331001 0.006848 -3.087207 -0.018765 -0.184278
    89 0.678146 0.002286 -0.003905 -0.000006 0.000017 0.139103
    90 -0.123848 0.072738 0.029507 2.898184 -0.060627 0.094835
    91 1.017166 -0.000154 -0.000252 -0.000011 -0.000002 0.255651
    92 -0.344990 0.123129 0.143151 2.994981 0.012396 0.059140
    93 -0.730989 0.177046 0.039141 -0.123731 0.076518 -0.084310
    94 0.921993 0.001298 -0.000896 -0.000026 0.000001 0.471806
    95 -0.124023 -0.052090 0.038495 3.077813 -0.008519 0.039229
    96 1.100433 -0.003552 0.000502 -0.000018 0.000042 0.545699
    97 -0.330082 0.160639 0.042780 3.128073 0.034033 -0.171236
    98 0.679764 0.001532 0.003272 0.000002 0.000003 0.674786
    99 -0.019512 -0.016531 0.038578 -2.763781 0.050305 0.076829
    100 1.019531 -0.000003 0.000000 0.000000 0.000000 0.497026
    101 -0.155308 0.130644 -0.021921 -3.022466 0.022433 -0.024902
    102 -0.252207 0.061937 -0.024914 -0.007671 -0.063171 -0.044392
    103 -0.085995 0.185205 -0.015180 -2.937063 -0.113970 -0.138991
    104 -0.286533 0.179852 0.024264 -3.109353 -0.049645 -0.029914
    105 -0.019482 0.147083 0.079203 2.893815 0.038585 -0.060594
    106 -0.046482 0.251896 0.129548 3.016165 0.077112 -0.042864
    107 0.039124 -0.040295 0.047739 3.084219 0.030470 -0.037414
    108 -0.233757 0.066630 0.001754 -3.133087 0.040141 -0.065412
    109 0.044266 0.020131 0.001684 -2.778763 -0.118872 -0.040488
    110 0.071495 0.074128 -0.048302 -3.035917 -0.059482 0.104366
    111 0.000000 0.000000 0.000000 0.000000 0.000000 -1.570796
    112 -4.672018 -7.980712 -9.277627 0.786224 -0.748469 -1.736575
    113 0.000000 0.000000 0.000000 0.000000 0.000000 0.000000
    114 -5.679861 -15.730949 -2.425855 0.786586 -0.747374 -1.736653
    115 3.096000 0.000000 -1.996000 0.000000 0.000000 0.000000
    116 3.040999 0.000000 1.202000 0.000000 0.000000 0.000000
    117 7.854000 0.000000 -0.042000 0.000000 0.000000 -0.000027
    118 13.105999 0.000000 -0.006000 0.000000 0.000000 0.000027
    119 3.456000 0.000000 -1.084000 0.000000 0.000000 0.000013
    120 1.804000 0.000000 -1.025000 0.000000 0.000000 0.000000
    121 7.098000 0.000000 -1.084000 0.000000 0.000000 0.000000
    122 1.868000 1.809000 -1.975000 -2.218442 -0.017124 -0.465675
    123 3.740000 0.000000 1.273000 0.000000 0.000000 0.000013
    124 11.956999 0.000000 -0.006000 0.000000 0.000000 0.000027
    125 6.072001 0.000000 -1.238000 0.000000 0.000000 0.000000
    126 5.690000 -0.365000 0.068000 -0.000040 -0.349041 -1.570749
    127 6.396999 0.614000 0.428000 0.000000 0.000000 -0.000027
    128 3.040999 0.000000 1.202000 0.000000 0.000000 0.000000
    129 3.720000 0.000000 1.202000 0.000000 0.000000 0.000000
    130 1.086000 -0.661000 -0.149000 0.000000 0.000000 0.000000
    131 1.067000 0.589000 0.076000 0.000000 0.000000 0.000000
    132 0.000000 -0.019000 0.000000 0.000000 0.000000 0.000000
    133 0.000000 -0.019000 0.000000 0.000000 0.000000 0.000000
    134 3.300000 -0.019000 1.346000 0.000000 0.000000 0.000000
    135 -1.524000 -1.859000 -4.367000 -1.730250 -0.014891 0.208056
    136 7.283999 0.000000 -2.195000 0.000000 0.000000 -0.000027
    137 -1.323000 0.000000 0.184000 0.000000 0.000000 0.000000
    138 0.082000 0.000000 1.002000 0.000000 0.000000 0.000000
    139 -55.375431 -21.305338 -22.676073 -0.873949 0.632244 -0.460198
    140 0.478000 0.000000 -4.537000 0.000000 0.000000 -0.000013
    141 3.436000 0.000000 1.202000 0.000000 0.000000 0.000000
    142 3.040999 0.000000 1.202000 0.000000 0.000000 0.000000
    143 4.657000 0.000000 1.545000 0.000000 0.000000 -0.000013
    144 -0.403000 0.000000 -0.011000 0.000000 0.000000 0.000000
    145 1.781000 0.000000 0.873000 0.000000 0.000000 0.000000
    146 0.384000 0.715000 0.801000 0.000000 0.000000 0.000000
    147 1.795000 0.533000 -1.550000 0.000000 0.000000 0.000000
    148 4.435999 0.595000 -0.954000 0.000000 0.000000 0.000000
    149 4.401999 -0.614000 -1.630000 0.000000 0.000000 0.000000
    150 4.203000 -0.003000 -0.048000 0.000000 0.000000 0.000000
    151 5.136000 0.000000 1.534000 0.000000 0.000000 -0.000027
    152 11.957001 0.000000 -0.006000 0.000000 0.000000 0.000027
    153 -2.103001 0.000000 0.000000 0.000000 0.000000 0.000000
    154 -0.598001 0.000000 -0.011000 0.000000 0.000000 -0.000013
    155 0.496000 0.184000 -3.523000 0.000000 0.000000 0.000000
    156 0.147000 0.184000 -0.328000 0.000000 0.000000 0.000000
    157 0.147000 0.184000 0.023000 0.000000 0.000000 0.000000
    158 0.147000 0.184000 0.368000 0.000000 0.000000 0.000000
    159 0.147000 0.184000 0.717000 0.000000 0.000000 0.000000
    160 0.147000 0.184000 1.067000 0.000000 0.000000 0.000000
    161 0.148000 0.184000 1.414000 0.000000 0.000000 0.000000
    162 0.148000 -0.074000 1.640000 0.000000 0.000000 0.000000
    163 0.435000 0.184000 -3.179000 0.000000 0.000000 0.000000
    164 0.378000 0.184000 -2.826000 0.000000 0.000000 0.000000
    165 0.329000 0.184000 -2.477000 0.000000 0.000000 0.000000
    166 0.286000 0.184000 -2.127000 0.000000 0.000000 0.000000
    167 0.252000 0.184000 -1.775000 0.000000 0.000000 0.000000
    168 0.215000 0.184000 -1.417000 0.000000 0.000000 0.000000
    169 0.190000 0.184000 -1.064000 0.000000 0.000000 0.000000
    170 0.166000 0.184000 -0.714000 0.000000 0.000000 0.000000
    171 1.622000 0.000000 1.568000 0.000000 0.000000 0.000013
    172 2.240000 0.000000 1.568000 0.000000 0.000000 0.000013
    173 0.000000 0.000000 0.000000 0.000000 0.000000 0.000000
    174 0.000006 -0.006207 -4.863281 -3.140338 -0.002958 -3.128596
    175 1.000088 -0.000029 0.000000 0.000000 0.000000 0.000000
    176 17.162518 -0.000404 0.000000 0.000000 0.000000 0.119207
    177 17.749374 0.295515 0.000000 0.000000 0.000000 -1.158917
    178 5.413528 0.000347 0.000000 0.000000 0.000000 -0.518029
    179 0.017887 0.299792 0.000000 0.000000 0.000000 -0.059577
    180 9.999889 -0.000303 0.000000 0.000000 0.000000 0.000000
    181 0.000004 0.006218 4.863281 -3.140338 -0.002958 -3.128596
    182 1.000088 -0.000029 0.000000 0.000000 0.000000 0.000000
    183 12.283573 1.581455 -4.695999 1.462269 -0.086726 0.090185
    184 17.162518 -0.000404 0.000000 0.000000 0.000000 0.119207
    185 17.749374 0.295515 0.000000 0.000000 0.000000 -1.158919
    186 5.413528 0.000347 0.000000 0.000000 0.000000 -0.518029
    187 0.017887 0.299792 0.000000 0.000000 0.000000 -0.059571
    188 9.499836 0.000212 0.000000 0.000000 0.000000 0.000000
    189 -1.145525 0.000130 0.000671 0.000000 0.000000 0.000000
    190 -0.857691 0.104071 0.104687 0.023536 0.163924 0.013632
    191 3.999430 -0.000528 -0.000332 0.080433 0.000000 0.000000
    192 0.599499 0.400698 0.000236 0.000000 0.000000 0.000000
    193 0.599886 0.400186 -0.000027 0.000000 0.000000 0.000000
    194 2.299677 -2.499979 -0.599480 0.891899 0.221475 -0.527234
    195 -1.709345 -4.951253 -2.894568 1.939960 -0.102200 0.009745
    196 -9.580679 -27.862108 -37.184677 0.812879 -0.123459 -0.568477
    197 0.649935 -0.548296 0.093658 -1.665913 -0.131399 -0.112062
    198 1.899127 0.000427 -0.000439 0.027386 -0.033311 0.477848
    199 0.657078 0.008400 0.040375 -1.665945 -0.131407 -0.000013
    200 1.799664 -0.000240 0.000231 0.027386 -0.033311 0.477848
    201 1.799664 -0.000240 0.000231 0.027386 -0.033311 0.477848
    202 1.799664 -0.000240 0.000231 0.027386 -0.033311 0.477848
    203 0.665774 0.747222 -0.029186 -1.665935 -0.131408 0.094976
    204 1.900306 -0.000137 -0.000517 0.027386 -0.033311 0.477848
    205 6.665972 -0.409151 5.399432 2.661548 1.320258 -1.409248
    206 3.999897 0.000040 0.001007 0.340246 0.000024 0.000000
    207 0.600403 0.399632 -0.000469 0.000000 0.000000 -3.141592
    208 0.599890 0.400186 0.000031 0.000000 0.000000 -3.141496
    209 2.300137 -2.499413 0.600155 -0.891927 -0.221523 -0.527258
    210 12.103249 -3.649587 -1.238105 1.733585 0.203059 0.048157
    211 2.762354 0.116951 1.523975 1.629482 0.064153 1.743800
    212 7.228317 7.928200 -3.925652 2.328713 0.123459 -0.568477
    213 0.650396 -0.547731 -0.092976 1.665913 0.131399 -0.112062
    214 1.899441 -0.000320 -0.000150 -0.027386 0.033311 0.477848
    215 0.657068 0.008398 -0.040379 1.665945 0.131407 -0.000013
    216 1.799659 -0.000233 -0.000233 -0.027386 0.033311 0.477848
    217 1.799659 -0.000233 -0.000233 -0.027386 0.033311 0.477848
    218 1.799659 -0.000233 -0.000233 -0.027386 0.033311 0.477848
    219 0.665778 0.747222 0.029179 1.665935 0.131408 0.094976
    220 1.900722 0.000549 -0.000072 -0.027386 0.033311 0.477848
    221 4.530998 0.000000 0.000000 0.000000 0.000000 0.000000
    222 4.527344 0.000000 0.000000 0.000000 0.000000 0.000000
    223 0.000000 0.000000 0.000000 0.000000 0.000000 0.000000
    224 0.000000 0.000000 0.000000 0.000000 0.000000 0.000000
    225 4.000000 -6.496094 0.008293 -0.001274 0.000001 0.000975
    226 -6.500000 0.000000 0.000000 -1.537381 1.569552 -1.537381
    227 16.734654 -5.687425 9.395950 0.786224 -0.748364 -0.165778
    228 0.280000 -0.135000 2.196999 1.570796 0.000000 -1.570735
    229 0.000000 0.000000 0.000000 0.000000 0.000000 0.000000
    230 0.000000 0.000000 0.000000 0.022291 0.021524 -0.020781
    231 0.106000 0.000000 -64.320000 0.000000 0.000000 0.000000
    232 0.000000 0.000000 0.000000 0.000000 0.000000 0.000000
    233 -0.106000 0.000000 64.320000 0.000000 0.000000 0.000000
    234 -5.239305 -22.587955 1.752955 0.786211 -0.748454 -1.736715
    235 0.000000 0.000000 0.000000 0.000000 -0.000036 0.000055
    236 1.688000 -0.001000 -1.454002 0.000000 0.000000 0.000000
    237 -1.070999 -0.005000 0.545002 0.000000 0.000000 0.000000
    238 5.895000 0.750997 -0.156000 0.000000 0.000000 0.000000
    239 11.599999 -0.000003 -1.500002 0.000000 0.000000 0.000000
    240 -3.802991 5.150613 -5.505911 -1.515123 -0.074947 -0.291635
    241 11.239561 -0.000003 -1.579000 0.000000 0.000000 0.000000
    242 8.473466 0.046873 -1.500000 0.000000 0.000000 0.000000
    243 0.673937 -0.015635 -4.768713 -3.141592 -1.281051 3.141593
    244 0.094999 -0.144000 0.332001 0.000000 0.000000 0.000000
    245 14.209020 0.000022 0.766988 0.000000 0.000000 0.000000
    246 0.000000 0.000000 0.000000 1.570800 0.000000 -1.570796
  time 31
    0 0.000000 0.000000 0.000000 0.000000 0.000000 -1.570796
    1 -0.106750 -0.000001 -0.000351 0.000000 0.000000 0.000000
    2 0.000000 0.000000 0.000000 0.000000 0.000000 0.000000
    3 -0.904000 0.000000 -11.806000 0.000000 0.000000 0.000000
    4 0.000000 0.000000 -14.313999 1.572085 -1.570793 0.000000
    5 3.533001 0.000000 0.000000 -0.001274 0.000000 0.000000
    6 6.250000 0.000000 0.000000 0.000000 0.000000 0.000000
    7 9.568951 -0.019507 -1.944020 -1.353795 0.895569 -1.629601
    8 9.570313 5.304688 2.056641 -1.552151 -1.032979 1.554747
    9 5.786820 0.002787 -0.000113 -1.180688 0.006701 -1.106146
    10 5.999492 -0.000592 -4.000343 0.000000 0.000000 0.000000
    11 5.787410 0.002582 0.000893 1.252852 -0.690687 -2.186341
    12 5.999492 -0.000592 4.000340 0.000000 0.000000 0.000000
    13 0.500225 0.000133 -0.000084 0.339716 0.000000 0.000000
    14 11.530657 0.000349 -0.001308 0.000043 0.000033 -0.955995
    15 -0.829338 0.893824 0.079659 -0.148839 0.047645 0.087266
    16 0.500225 0.000132 0.000072 -0.090147 0.000036 0.000000
    17 11.532495 0.000526 0.003814 0.000006 -0.000010 -0.762140
    18 -0.829586 0.894698 -0.079468 0.045377 -0.019621 0.087266
    19 10.599886 0.000105 -0.000553 0.000151 0.000000 0.000000
    20 0.123572 -0.275181 -0.000805 0.000000 0.000011 0.477956
    21 11.042053 0.003717 0.000798 0.000421 -0.135393 0.062171
    22 -11.814724 0.424524 -0.297680 0.247998 -0.066121 -0.042695
    23 10.599878 0.000105 0.000549 0.691100 -0.000012 0.000048
    24 0.123570 -0.279088 0.000801 0.000000 -0.000011 0.381147
    25 11.041739 0.003170 -0.000568 0.454294 0.341685 -0.827430
    26 -11.663242 0.094713 0.140656 -0.068591 0.018527 -0.015099
    27 0.610300 -0.939470 0.070347 -1.655245 -0.140091 -0.175604
    28 0.639938 -0.199121 0.060192 -1.665909 -0.131380 -0.066435
    29 0.600155 1.080260 -0.339535 -1.869359 0.297834 0.043639
    30 0.610207 0.400743 -0.010098 -1.816211 0.108350 0.008860
    31 0.630809 -0.690091 -0.232343 0.306616 0.032089 -1.187570
    32 -0.792125 0.203736 0.461304 1.439074 -0.003453 -0.018305
    33 0.610300 -0.939469 -0.070354 1.655295 0.140043 -0.175652
    34 0.639938 -0.199121 -0.060200 1.665960 0.131404 -0.066423
    35 0.600157 1.080260 0.339531 1.741577 -0.203951 0.075913
    36 0.610205 0.400743 0.010086 1.761892 -0.015361 0.028035
    37 0.627906 -0.691394 0.232270 -1.014489 -0.861409 -0.665993
    38 -0.626031 -0.069982 -0.080517 -1.447153 0.086151 0.021559
    39 2.621377 -0.002532 -0.001438 0.067276 0.181702 -0.076707
    40 2.660837 0.000397 -0.000071 -0.253268 0.278085 0.415552
    41 2.202488 0.003364 -0.002863 -0.510871 0.391402 0.302560
    42 0.599950 0.959236 -0.300102 -0.174544 0.000000 0.000000
    43 2.557190 -0.001967 0.002453 -0.412743 0.195086 0.407752
    44 2.098929 0.000032 -0.002193 -0.500574 0.164350 0.290656
    45 0.999378 -0.000238 -0.986707 0.000000 0.000000 0.000000
    46 -0.122641 -0.721855 0.661686 -0.486644 0.223964 0.243056
    47 2.622112 -0.000648 0.002741 -0.053044 0.086883 -0.048142
    48 2.657909 0.000687 -0.000533 0.200369 0.214671 1.264724
    49 2.200014 0.001663 0.000836 0.236792 0.017724 1.474087
    50 0.599949 0.959244 0.300102 0.174544 0.000000 0.000000
    51 2.556571 -0.000385 0.000554 0.236787 0.177148 1.399512
    52 2.103853 0.001708 -0.001011 0.124856 -0.418714 0.877014
    53 0.999376 -0.000240 1.490624 0.000000 0.000000 0.946917
    54 0.310848 -0.606446 -0.498005 0.308107 -0.197598 0.313975
    55 1.869163 -0.000835 -0.000994 -0.000007 0.000003 -0.162400
    56 1.200941 0.399582 -0.000237 -0.009465 0.016087 0.007127
    57 0.000586 0.100342 -0.000319 -0.120035 -0.021926 -0.209617
    58 -0.161663 0.051712 0.194808 -2.941982 0.122408 -0.060194
    59 2.010090 -0.003202 -0.003377 0.000006 0.000001 -0.237548
    60 0.000237 0.099800 -0.000395 -0.018823 0.010833 -0.239219
    61 -0.203197 0.048607 0.069150 -3.093332 0.033217 -0.046722
    62 1.180426 -0.002312 0.000781 -0.000002 0.000000 1.141666
    63 -0.000196 0.099625 -0.000034 0.000000 0.000000 -0.314102
    64 -0.088737 -0.688435 -0.145203 2.930407 -0.136130 0.513013
    65 1.712069 -0.003328 0.003818 -0.023935 0.014157 1.178174
    66 -0.000576 0.100143 -0.000311 -0.010914 0.023131 -0.260843
    67 -0.146027 -0.232426 -0.014225 3.028455 -0.094299 0.113020
    68 1.290634 0.000361 -0.000036 0.000000 0.000000 -0.317694
    69 -0.658119 -0.003576 0.072643 -0.142711 0.027792 -0.077299
    70 1.868078 -0.003049 0.002177 0.000003 0.000003 1.450101
    71 1.200075 0.399942 -0.000093 0.009465 -0.016087 0.007127
    72 0.000589 0.100342 0.000319 0.120035 0.021926 -0.209617
    73 0.068073 0.002283 -0.080050 3.111376 -0.069366 -0.060847
    74 2.011874 -0.001179 0.002180 -0.000049 -0.000049 1.378946
    75 0.000233 0.099800 0.000395 0.018823 -0.010833 -0.239219
    76 -0.018673 -0.001009 0.047544 3.109244 0.002635 -0.106673
    77 1.178665 0.001595 0.000845 0.000006 -0.000001 0.743912
    78 -0.000196 0.099628 0.000034 0.000000 0.000000 -0.314102
    79 0.036894 -0.634449 0.266284 -2.801062 0.174301 0.490915
    80 1.708256 -0.002504 -0.000686 -0.000034 0.000023 1.160590
    81 -0.000580 0.100140 0.000311 0.010910 -0.023132 -0.260845
    82 -0.003952 -0.281811 0.115047 -3.059162 0.089004 0.167964
    83 1.289625 0.000042 0.000061 0.000022 -0.000010 0.672669
    84 -0.171526 -0.018150 -0.099873 0.013484 -0.062184 -0.011781
    85 0.916622 0.003336 0.001326 0.000007 0.000068 0.034171
    86 -0.342617 0.053402 -0.025571 -2.909301 -0.017248 0.075276
    87 1.100231 -0.000928 -0.002434 0.000009 0.000002 -0.019330
    88 -0.384979 0.331001 0.006848 -3.087207 -0.018765 -0.184278
    89 0.678146 0.002286 -0.003905 -0.000006 0.000017 0.139160
    90 -0.123848 0.072738 0.029507 2.898184 -0.060627 0.094835
    91 1.017166 -0.000154 -0.000252 -0.000011 -0.000002 0.255651
    92 -0.344990 0.123129 0.143151 2.994981 0.012396 0.059140
    93 -0.730989 0.177046 0.039141 -0.123731 0.076518 -0.084310
    94 0.921993 0.001298 -0.000896 -0.000026 0.000001 0.471806
    95 -0.124023 -0.052090 0.038495 3.077813 -0.008519 0.039229
    96 1.100433 -0.003552 0.000502 -0.000018 0.000042 0.545699
    97 -0.330082 0.160639 0.042780 3.128073 0.034033 -0.171236
    98 0.679764 0.001532 0.003272 0.000002 0.000003 0.674840
    99 -0.019512 -0.016531 0.038578 -2.763781 0.050305 0.076829
    100 1.019531 -0.000003 0.000000 0.000000 0.000000 0.497026
    101 -0.155308 0.130644 -0.021921 -3.022466 0.022433 -0.024902
    102 -0.252207 0.061937 -0.024914 -0.007671 -0.063171 -0.044392
    103 -0.085995 0.185205 -0.015180 -2.937063 -0.113970 -0.138991
    104 -0.286533 0.179852 0.024264 -3.109353 -0.049645 -0.029914
    105 -0.019482 0.147083 0.079203 2.893815 0.038585 -0.060594
    106 -0.046482 0.251896 0.129548 3.016165 0.077112 -0.042864
    107 0.039124 -0.040295 0.047739 3.084219 0.030470 -0.037414
    108 -0.233757 0.066630 0.001754 -3.133087 0.040141 -0.065412
    109 0.044266 0.020131 0.001684 -2.778763 -0.118872 -0.040488
    110 0.071495 0.074128 -0.048302 -3.035917 -0.059482 0.104366
    111 0.000000 0.000000 0.000000 0.000000 0.000000 -1.570796
    112 -4.675924 -7.984619 -9.367473 0.791117 -0.748514 -1.736015
    113 0.000000 0.000000 0.000000 0.000000 0.000000 0.000000
    114 -5.668142 -15.723136 -2.472732 0.792670 -0.748939 -1.736373
    115 3.096000 0.000000 -1.996000 0.000000 0.000000 0.000000
    116 3.040999 0.000000 1.202000 0.000000 0.000000 0.000000
    117 7.854000 0.000000 -0.042000 0.000000 0.000000 -0.000027
    118 13.105999 0.000000 -0.006000 0.000000 0.000000 0.000027
    119 3.456000 0.000000 -1.084000 0.000000 0.000000 0.000013
    120 1.804000 0.000000 -1.025000 0.000000 0.000000 0.000000
    121 7.098000 0.000000 -1.084000 0.000000 0.000000 0.000000
    122 1.868000 1.809000 -1.975000 -2.218442 -0.017124 -0.465675
    123 3.740000 0.000000 1.273000 0.000000 0.000000 0.000013
    124 11.956999 0.000000 -0.006000 0.000000 0.000000 0.000027
    125 6.072001 0.000000 -1.238000 0.000000 0.000000 0.000000
    126 5.690000 -0.365000 0.068000 -0.000040 -0.349041 -1.570749
    127 6.396999 0.614000 0.428000 0.000000 0.000000 -0.000027
    128 3.040999 0.000000 1.202000 0.000000 0.000000 0.000000
    129 3.720000 0.000000 1.202000 0.000000 0.000000 0.000000
    130 1.086000 -0.661000 -0.149000 0.000000 0.000000 0.000000
    131 1.067000 0.589000 0.076000 0.000000 0.000000 0.000000
    132 0.000000 -0.019000 0.000000 0.000000 0.000000 0.000000
    133 0.000000 -0.019000 0.000000 0.000000 0.000000 0.000000
    134 3.300000 -0.019000 1.346000 0.000000 0.000000 0.000000
    135 -1.524000 -1.859000 -4.367000 -1.730250 -0.014891 0.208056
    136 7.283999 0.000000 -2.195000 0.000000 0.000000 -0.000027
    137 -1.323000 0.000000 0.184000 0.000000 0.000000 0.000000
    138 0.082000 0.000000 1.002000 0.000000 0.000000 0.000000
    139 -55.320742 -21.367840 -22.539350 -0.879647 0.629690 -0.463901
    140 0.478000 0.000000 -4.537000 0.000000 0.000000 -0.000013
    141 3.436000 0.000000 1.202000 0.000000 0.000000 0.000000
    142 3.040999 0.000000 1.202000 0.000000 0.000000 0.000000
    143 4.657000 0.000000 1.545000 0.000000 0.000000 -0.000013
    144 -0.403000 0.000000 -0.011000 0.000000 0.000000 0.000000
    145 1.781000 0.000000 0.873000 0.000000 0.000000 0.000000
    146 0.384000 0.715000 0.801000 0.000000 0.000000 0.000000
    147 1.795000 0.533000 -1.550000 0.000000 0.000000 0.000000
    148 4.435999 0.595000 -0.954000 0.000000 0.000000 0.000000
    149 4.401999 -0.614000 -1.630000 0.000000 0.000000 0.000000
    150 4.203000 -0.003000 -0.048000 0.000000 0.000000 0.000000
    151 5.136000 0.000000 1.534000 0.000000 0.000000 -0.000027
    152 11.957001 0.000000 -0.006000 0.000000 0.000000 0.000027
    153 -2.103001 0.000000 0.000000 0.000000 0.000000 0.000000
    154 -0.598001 0.000000 -0.011000 0.000000 0.000000 -0.000013
    155 0.496000 0.184000 -3.523000 0.000000 0.000000 0.000000
    156 0.147000 0.184000 -0.328000 0.000000 0.000000 0.000000
    157 0.147000 0.184000 0.023000 0.000000 0.000000 0.000000
    158 0.147000 0.184000 0.368000 0.000000 0.000000 0.000000
    159 0.147000 0.184000 0.717000 0.000000 0.000000 0.000000
    160 0.147000 0.184000 1.067000 0.000000 0.000000 0.000000
    161 0.148000 0.184000 1.414000 0.000000 0.000000 0.000000
    162 0.148000 -0.074000 1.640000 0.000000 0.000000 0.000000
    163 0.435000 0.184000 -3.179000 0.000000 0.000000 0.000000
    164 0.378000 0.184000 -2.826000 0.000000 0.000000 0.000000
    165 0.329000 0.184000 -2.477000 0.000000 0.000000 0.000000
    166 0.286000 0.184000 -2.127000 0.000000 0.000000 0.000000
    167 0.252000 0.184000 -1.775000 0.000000 0.000000 0.000000
    168 0.215000 0.184000 -1.417000 0.000000 0.000000 0.000000
    169 0.190000 0.184000 -1.064000 0.000000 0.000000 0.000000
    170 0.166000 0.184000 -0.714000 0.000000 0.000000 0.000000
    171 1.622000 0.000000 1.568000 0.000000 0.000000 0.000013
    172 2.240000 0.000000 1.568000 0.000000 0.000000 0.000013
    173 0.000000 0.000000 0.000000 0.000000 0.000000 0.000000
    174 0.000006 -0.006207 -4.863281 -3.140338 -0.002958 -3.128596
    175 1.000088 -0.000029 0.000000 0.000000 0.000000 0.000000
    176 17.162518 -0.000404 0.000000 0.000000 0.000000 0.119207
    177 17.749374 0.295515 0.000000 0.000000 0.000000 -1.158917
    178 5.413528 0.000347 0.000000 0.000000 0.000000 -0.518029
    179 0.017887 0.299792 0.000000 0.000000 0.000000 -0.059577
    180 9.999889 -0.000303 0.000000 0.000000 0.000000 0.000000
    181 0.000004 0.006218 4.863281 -3.140338 -0.002958 -3.128596
    182 1.000088 -0.000029 0.000000 0.000000 0.000000 0.000000
    183 12.283573 1.581455 -4.695999 1.462269 -0.086726 0.090185
    184 17.162518 -0.000404 0.000000 0.000000 0.000000 0.119207
    185 17.749374 0.295515 0.000000 0.000000 0.000000 -1.158919
    186 5.413528 0.000347 0.000000 0.000000 0.000000 -0.518029
    187 0.017887 0.299792 0.000000 0.000000 0.000000 -0.059571
    188 9.499836 0.000212 0.000000 0.000000 0.000000 0.000000
    189 -1.145525 0.000130 0.000671 0.000000 0.000000 0.000000
    190 -0.857691 0.104071 0.104687 0.023536 0.163924 0.013632
    191 3.999430 -0.000528 -0.000332 0.000167 -0.000060 0.000000
    192 0.599499 0.400698 0.000236 0.000000 0.000000 0.000000
    193 0.599886 0.400186 -0.000027 0.000000 0.000000 0.000000
    194 2.299677 -2.499979 -0.599480 0.891899 0.221475 -0.527234
    195 -1.279644 -4.912189 -4.308674 2.107866 -0.289638 -0.047439
    196 -9.580679 -27.862108 -37.184677 0.812879 -0.123459 -0.568477
    197 0.649935 -0.548296 0.093658 -1.665913 -0.131399 -0.112062
    198 1.899127 0.000427 -0.000439 0.027386 -0.033311 0.477848
    199 0.657078 0.008400 0.040375 -1.665945 -0.131407 -0.000013
    200 1.799664 -0.000240 0.000231 0.027386 -0.033311 0.477848
    201 1.799664 -0.000240 0.000231 0.027386 -0.033311 0.477848
    202 1.799664 -0.000240 0.000231 0.027386 -0.033311 0.477848
    203 0.665774 0.747222 -0.029186 -1.665935 -0.131408 0.094976
    204 1.900306 -0.000137 -0.000517 0.027386 -0.033311 0.477848
    205 6.740193 -0.081016 5.321304 2.602908 1.305440 -1.430233
    206 3.999897 0.000040 0.001007 0.345489 0.000060 0.000000
    207 0.600403 0.399632 -0.000469 0.000000 0.000000 3.141497
    208 0.599890 0.400186 0.000031 0.000000 0.000000 3.141593
    209 2.300137 -2.499413 0.600155 -0.891927 -0.221523 -0.527258
    210 12.103249 -3.649587 -1.238105 1.733585 0.203059 0.048157
    211 2.762354 0.116951 1.523975 1.629482 0.064153 1.743800
    212 7.228317 7.928200 -3.925652 2.328713 0.123459 -0.568477
    213 0.650396 -0.547731 -0.092976 1.665913 0.131399 -0.112062
    214 1.899441 -0.000320 -0.000150 -0.027386 0.033311 0.477848
    215 0.657068 0.008398 -0.040379 1.665945 0.131407 -0.000013
    216 1.799659 -0.000233 -0.000233 -0.027386 0.033311 0.477848
    217 1.799659 -0.000233 -0.000233 -0.027386 0.033311 0.477848
    218 1.799659 -0.000233 -0.000233 -0.027386 0.033311 0.477848
    219 0.665778 0.747222 0.029179 1.665935 0.131408 0.094976
    220 1.900722 0.000549 -0.000072 -0.027386 0.033311 0.477848
    221 4.530998 0.000000 0.000000 0.000000 0.000000 0.000000
    222 4.527344 0.000000 0.000000 0.000000 0.000000 0.000000
    223 0.000000 0.000000 0.000000 0.000000 0.000000 0.000000
    224 0.000000 0.000000 0.000000 0.000000 0.000000 0.000000
    225 4.000000 -6.496094 0.008293 -0.001274 0.000001 0.000975
    226 -6.500000 0.000000 0.000000 -1.537381 1.569552 -1.537381
    227 16.734654 -5.687425 9.310010 0.791204 -0.748408 -0.165311
    228 0.280000 -0.135000 2.196999 1.570796 0.000000 -1.570735
    229 0.000000 0.000000 0.000000 0.000000 0.000000 0.000000
    230 0.000000 0.000000 0.000000 0.022783 0.021596 -0.020745
    231 0.106000 0.000000 -64.320000 0.000000 0.000000 0.000000
    232 0.000000 0.000000 0.000000 0.000000 0.000000 0.000000
    233 -0.106000 0.000000 64.320000 0.000000 0.000000 0.000000
    234 -5.227586 -22.572329 1.659202 0.791191 -0.748492 -1.736140
    235 0.000000 0.000000 0.000000 0.000000 -0.000036 0.000055
    236 1.688000 -0.001000 -1.454002 0.000000 0.000000 0.000000
    237 -1.070999 -0.005000 0.545002 0.000000 0.000000 0.000000
    238 5.895000 0.750997 -0.156000 0.000000 0.000000 0.000000
    239 11.599999 -0.000003 -1.500002 0.000000 0.000000 0.000000
    240 -3.802991 5.150613 -5.505911 -1.515123 -0.074947 -0.291635
    241 11.239561 -0.000003 -1.579000 0.000000 0.000000 0.000000
    242 8.457840 0.046873 -1.500000 0.000000 0.000000 0.000000
    243 0.673937 -0.015635 -4.768713 -3.141592 -1.281051 3.141593
    244 0.094999 -0.144000 0.332001 0.000000 0.000000 0.000000
    245 14.209020 0.000022 0.766988 0.000000 0.000000 0.000000
    246 0.000000 0.000000 0.000000 1.570800 0.000000 -1.570796
  time 32
    0 0.000000 0.000000 0.000000 0.000000 0.000000 -1.570796
    1 -0.106750 -0.000001 -0.000351 0.000000 0.000000 0.000000
    2 0.000000 0.000000 0.000000 0.000000 0.000000 0.000000
    3 -0.904000 0.000000 -11.806000 0.000000 0.000000 0.000000
    4 0.000000 0.000000 -14.313999 1.572085 -1.570793 0.000000
    5 3.533001 0.000000 0.000000 -0.001274 0.000000 0.000000
    6 6.250000 0.000000 0.000000 0.000000 0.000000 0.000000
    7 9.568951 -0.019507 -1.944020 -1.338980 0.870919 -1.624728
    8 9.570313 5.304688 2.056641 -1.552151 -1.032979 1.554747
    9 5.786820 0.002787 -0.000113 -1.191776 -0.057526 -1.105130
    10 5.999492 -0.000592 -4.000343 0.000000 0.000000 0.000000
    11 5.787410 0.002582 0.000893 1.255845 -0.689792 -2.189875
    12 5.999492 -0.000592 4.000340 0.000000 0.000000 0.000000
    13 0.500225 0.000133 -0.000084 0.332346 0.000000 -0.000060
    14 11.530657 0.000349 -0.001308 -0.000005 0.000009 -0.892016
    15 -0.829338 0.893824 0.079659 -0.148839 0.047645 0.087266
    16 0.500225 0.000132 0.000072 -0.092521 0.000012 0.000000
    17 11.532495 0.000526 0.003814 0.000006 -0.000010 -0.749369
    18 -0.829586 0.894698 -0.079468 0.045377 -0.019621 0.087266
    19 10.599886 0.000105 -0.000553 -0.121440 -0.000024 0.000000
    20 0.123572 -0.275181 -0.000805 0.000012 0.000035 0.444932
    21 11.042053 0.003717 0.000798 -0.240298 0.015223 0.145194
    22 -11.814724 0.424524 -0.297680 0.247998 -0.066121 -0.042695
    23 10.599878 0.000105 0.000549 0.715917 -0.000036 0.000108
    24 0.119663 -0.279088 0.000801 0.000000 -0.000011 0.374715
    25 11.041739 0.003170 -0.000568 0.461341 0.340809 -0.845967
    26 -11.663242 0.094713 0.140656 -0.068591 0.018527 -0.015099
    27 0.610300 -0.939470 0.070347 -1.655245 -0.140091 -0.175604
    28 0.639938 -0.199121 0.060192 -1.665909 -0.131392 -0.066435
    29 0.600155 1.080260 -0.339535 -1.842254 0.273438 -0.009944
    30 0.610207 0.400743 -0.010098 -1.816211 0.108350 0.008872
    31 0.630809 -0.690091 -0.232343 0.344829 0.043072 -1.096673
    32 -0.792125 0.203736 0.461304 1.439074 -0.003453 -0.018305
    33 0.610300 -0.939469 -0.070354 1.655295 0.140043 -0.175652
    34 0.639938 -0.199121 -0.060200 1.665960 0.131416 -0.066423
    35 0.600157 1.080260 0.339531 1.741577 -0.203951 0.075913
    36 0.610205 0.400743 0.010086 1.761892 -0.015361 0.028035
    37 0.627906 -0.691394 0.232270 -1.014489 -0.861409 -0.665993
    38 -0.626031 -0.069982 -0.080517 -1.447153 0.086151 0.021559
    39 2.621377 -0.002532 -0.001438 -0.065719 0.116057 0.071273
    40 2.660837 0.000397 -0.000071 -0.249093 0.281346 0.604416
    41 2.202488 0.003364 -0.002863 -0.478443 0.374422 0.572134
    42 0.599950 0.959236 -0.300102 -0.174544 0.000000 0.000000
    43 2.557190 -0.001967 0.002453 -0.470792 0.254264 0.465942
    44 2.098929 0.000032 -0.002193 -0.493139 0.187006 0.333023
    45 0.999378 -0.000238 -1.033583 0.000000 0.000000 0.000000
    46 -0.122641 -0.721855 0.661686 -0.486644 0.223964 0.243056
    47 2.622112 -0.000648 0.002741 -0.053026 0.086883 -0.048142
    48 2.657909 0.000687 -0.000533 0.200369 0.214671 1.264724
    49 2.200014 0.001663 0.000836 0.236792 0.017724 1.474129
    50 0.599949 0.959244 0.300102 0.174544 0.000000 0.000000
    51 2.556571 -0.000385 0.000554 0.236787 0.177136 1.399512
    52 2.103853 0.001708 -0.001011 0.124856 -0.418714 0.877014
    53 0.999376 -0.000240 1.490624 0.000000 0.000000 0.946917
    54 0.310848 -0.606446 -0.498005 0.308107 -0.197598 0.313975
    55 1.869163 -0.000835 -0.000994 -0.000007 0.000003 -0.086044
    56 1.200941 0.399582 -0.000237 -0.009465 0.016087 0.007127
    57 0.000586 0.100342 -0.000319 -0.120035 -0.021926 -0.209617
    58 -0.161663 0.051712 0.194808 -2.941982 0.122408 -0.060194
    59 2.010090 -0.003202 -0.003377 0.000006 0.000001 0.077114
    60 0.000237 0.099800 -0.000395 -0.018823 0.010833 -0.239219
    61 -0.203197 0.048607 0.069150 -3.093332 0.033217 -0.046722
    62 1.180426 -0.002312 0.000781 -0.000002 0.000000 0.732789
    63 -0.000196 0.099625 -0.000034 0.000000 0.000000 -0.314102
    64 -0.088737 -0.688435 -0.145203 2.930407 -0.136130 0.513013
    65 1.712069 -0.003328 0.003818 -0.023959 0.014181 0.936479
    66 -0.000576 0.100143 -0.000311 -0.010914 0.023131 -0.260843
    67 -0.146027 -0.232426 -0.014225 3.028455 -0.094299 0.113020
    68 1.290634 0.000361 -0.000036 0.000000 0.000000 -0.265166
    69 -0.658119 -0.003576 0.072643 -0.142711 0.027792 -0.077299
    70 1.868078 -0.003049 0.002177 0.000003 0.000003 1.450101
    71 1.200075 0.399942 -0.000093 0.009465 -0.016087 0.007127
    72 0.000589 0.100342 0.000319 0.120035 0.021926 -0.209617
    73 0.068073 0.002283 -0.080050 3.111376 -0.069366 -0.060847
    74 2.011874 -0.001179 0.002180 -0.000061 -0.000049 1.378946
    75 0.000233 0.099800 0.000395 0.018823 -0.010833 -0.239219
    76 -0.018673 -0.001009 0.047544 3.109244 0.002635 -0.106673
    77 1.178665 0.001595 0.000845 0.000006 -0.000001 0.743912
    78 -0.000196 0.099628 0.000034 0.000000 0.000000 -0.314102
    79 0.036894 -0.634449 0.266284 -2.801062 0.174301 0.490915
    80 1.708256 -0.002504 -0.000686 -0.000034 0.000023 1.160590
    81 -0.000580 0.100140 0.000311 0.010910 -0.023132 -0.260845
    82 -0.003952 -0.281811 0.115047 -3.059162 0.089004 0.167964
    83 1.289625 0.000042 0.000061 0.000034 -0.000010 0.672669
    84 -0.171526 -0.018150 -0.099873 0.013484 -0.062184 -0.011781
    85 0.916622 0.003336 0.001326 -0.000029 0.000009 0.282450
    86 -0.342617 0.053402 -0.025571 -2.909301 -0.017248 0.075276
    87 1.100231 -0.000928 -0.002434 0.000009 0.000002 0.176665
    88 -0.384979 0.331001 0.006848 -3.087207 -0.018765 -0.184278
    89 0.678146 0.002286 -0.003905 -0.000006 0.000029 0.139272
    90 -0.123848 0.072738 0.029507 2.898184 -0.060627 0.094835
    91 1.017166 -0.000154 -0.000252 -0.000011 -0.000002 0.255651
    92 -0.344990 0.123129 0.143151 2.994981 0.012396 0.059140
    93 -0.730989 0.177046 0.039141 -0.123731 0.076518 -0.084310
    94 0.921993 0.001298 -0.000896 -0.000026 0.000001 0.471806
    95 -0.124023 -0.052090 0.038495 3.077813 -0.008519 0.039229
    96 1.100433 -0.003552 0.000502 -0.000018 0.000054 0.545699
    97 -0.330082 0.160639 0.042780 3.128073 0.034033 -0.171236
    98 0.679764 0.001532 0.003272 0.000002 0.000003 0.674840
    99 -0.019512 -0.016531 0.038578 -2.763781 0.050305 0.076829
    100 1.019531 -0.000003 0.000000 0.000000 0.000000 0.497026
    101 -0.155308 0.130644 -0.021921 -3.022466 0.022433 -0.024902
    102 -0.252207 0.061937 -0.024914 -0.007671 -0.063171 -0.044392
    103 -0.085995 0.185205 -0.015180 -2.937063 -0.113970 -0.138991
    104 -0.286533 0.179852 0.024264 -3.109353 -0.049645 -0.029914
    105 -0.019482 0.147083 0.079203 2.893815 0.038585 -0.060594
    106 -0.046482 0.251896 0.129548 3.016165 0.077112 -0.042864
    107 0.039124 -0.040295 0.047739 3.084219 0.030470 -0.037414
    108 -0.233757 0.066630 0.001754 -3.133087 0.040141 -0.065412
    109 0.044266 0.020131 0.001684 -2.778763 -0.118872 -0.040488
    110 0.071495 0.074128 -0.048302 -3.035917 -0.059482 0.104366
    111 0.000000 0.000000 0.000000 0.000000 0.000000 -1.570796
    112 -4.695456 -7.996338 -9.500290 0.803612 -0.752290 -1.734990
    113 0.000000 0.000000 0.000000 0.000000 0.000000 0.000000
    114 -5.687674 -15.695791 -2.574297 0.804285 -0.753456 -1.735161
    115 3.096000 0.000000 -1.996000 0.000000 0.000000 0.000000
    116 3.040999 0.000000 1.202000 0.000000 0.000000 0.000000
    117 7.854000 0.000000 -0.042000 0.000000 0.000000 -0.000027
    118 13.105999 0.000000 -0.006000 0.000000 0.000000 0.000027
    119 3.456000 0.000000 -1.084000 0.000000 0.000000 0.000013
    120 1.804000 0.000000 -1.025000 0.000000 0.000000 0.000000
    121 7.098000 0.000000 -1.084000 0.000000 0.000000 0.000000
    122 1.868000 1.809000 -1.975000 -2.218442 -0.017124 -0.465675
    123 3.740000 0.000000 1.273000 0.000000 0.000000 0.000013
    124 11.956999 0.000000 -0.006000 0.000000 0.000000 0.000027
    125 6.072001 0.000000 -1.238000 0.000000 0.000000 0.000000
    126 5.690000 -0.365000 0.068000 -0.000040 -0.349041 -1.570749
    127 6.396999 0.614000 0.428000 0.000000 0.000000 -0.000027
    128 3.040999 0.000000 1.202000 0.000000 0.000000 0.000000
    129 3.720000 0.000000 1.202000 0.000000 0.000000 0.000000
    130 1.086000 -0.661000 -0.149000 0.000000 0.000000 0.000000
    131 1.067000 0.589000 0.076000 0.000000 0.000000 0.000000
    132 0.000000 -0.019000 0.000000 0.000000 0.000000 0.000000
    133 0.000000 -0.019000 0.000000 0.000000 0.000000 0.000000
    134 3.300000 -0.019000 1.346000 0.000000 0.000000 0.000000
    135 -1.524000 -1.859000 -4.367000 -1.730250 -0.014891 0.208056
    136 7.283999 0.000000 -2.195000 0.000000 0.000000 -0.000027
    137 -1.323000 0.000000 0.184000 0.000000 0.000000 0.000000
    138 0.082000 0.000000 1.002000 0.000000 0.000000 0.000000
    139 -55.359805 -21.453780 -22.090117 -0.895413 0.625529 -0.476434
    140 0.478000 0.000000 -4.537000 0.000000 0.000000 -0.000013
    141 3.436000 0.000000 1.202000 0.000000 0.000000 0.000000
    142 3.040999 0.000000 1.202000 0.000000 0.000000 0.000000
    143 4.657000 0.000000 1.545000 0.000000 0.000000 -0.000013
    144 -0.403000 0.000000 -0.011000 0.000000 0.000000 0.000000
    145 1.781000 0.000000 0.873000 0.000000 0.000000 0.000000
    146 0.384000 0.715000 0.801000 0.000000 0.000000 0.000000
    147 1.795000 0.533000 -1.550000 0.000000 0.000000 0.000000
    148 4.435999 0.595000 -0.954000 0.000000 0.000000 0.000000
    149 4.401999 -0.614000 -1.630000 0.000000 0.000000 0.000000
    150 4.203000 -0.003000 -0.048000 0.000000 0.000000 0.000000
    151 5.136000 0.000000 1.534000 0.000000 0.000000 -0.000027
    152 11.957001 0.000000 -0.006000 0.000000 0.000000 0.000027
    153 -2.103001 0.000000 0.000000 0.000000 0.000000 0.000000
    154 -0.598001 0.000000 -0.011000 0.000000 0.000000 -0.000013
    155 0.496000 0.184000 -3.523000 0.000000 0.000000 0.000000
    156 0.147000 0.184000 -0.328000 0.000000 0.000000 0.000000
    157 0.147000 0.184000 0.023000 0.000000 0.000000 0.000000
    158 0.147000 0.184000 0.368000 0.000000 0.000000 0.000000
    159 0.147000 0.184000 0.717000 0.000000 0.000000 0.000000
    160 0.147000 0.184000 1.067000 0.000000 0.000000 0.000000
    161 0.148000 0.184000 1.414000 0.000000 0.000000 0.000000
    162 0.148000 -0.074000 1.640000 0.000000 0.000000 0.000000
    163 0.435000 0.184000 -3.179000 0.000000 0.000000 0.000000
    164 0.378000 0.184000 -2.826000 0.000000 0.000000 0.000000
    165 0.329000 0.184000 -2.477000 0.000000 0.000000 0.000000
    166 0.286000 0.184000 -2.127000 0.000000 0.000000 0.000000
    167 0.252000 0.184000 -1.775000 0.000000 0.000000 0.000000
    168 0.215000 0.184000 -1.417000 0.000000 0.000000 0.000000
    169 0.190000 0.184000 -1.064000 0.000000 0.000000 0.000000
    170 0.166000 0.184000 -0.714000 0.000000 0.000000 0.000000
    171 1.622000 0.000000 1.568000 0.000000 0.000000 0.000013
    172 2.240000 0.000000 1.568000 0.000000 0.000000 0.000013
    173 0.000000 0.000000 0.000000 0.000000 0.000000 0.000000
    174 0.000006 -0.006207 -4.863281 -3.140338 -0.002958 -3.128596
    175 1.000088 -0.000029 0.000000 0.000000 0.000000 0.000000
    176 17.162518 -0.000404 0.000000 0.000000 0.000000 0.119207
    177 17.749374 0.295515 0.000000 0.000000 0.000000 -1.158917
    178 5.413528 0.000347 0.000000 0.000000 0.000000 -0.518029
    179 0.017887 0.299792 0.000000 0.000000 0.000000 -0.059577
    180 9.999889 -0.000303 0.000000 0.000000 0.000000 0.000000
    181 0.000004 0.006218 4.863281 -3.140338 -0.002958 -3.128596
    182 1.000088 -0.000029 0.000000 0.000000 0.000000 0.000000
    183 12.283573 1.581455 -4.695999 1.462269 -0.086726 0.090185
    184 17.162518 -0.000404 0.000000 0.000000 0.000000 0.119207
    185 17.749374 0.295515 0.000000 0.000000 0.000000 -1.158919
    186 5.413528 0.000347 0.000000 0.000000 0.000000 -0.518029
    187 0.017887 0.299792 0.000000 0.000000 0.000000 -0.059571
    188 9.499836 0.000212 0.000000 0.000000 0.000000 0.000000
    189 -1.145525 0.000130 0.000671 0.000000 0.000000 0.000000
    190 -0.857691 0.104071 0.104687 0.023536 0.163924 0.013632
    191 3.999430 -0.000528 -0.000332 -0.121386 0.000000 0.000000
    192 0.599499 0.400698 0.000236 0.000000 0.000000 0.000000
    193 0.599886 0.400186 -0.000027 0.000000 0.000000 0.000000
    194 2.299677 -2.499979 -0.599480 0.891899 0.221475 -0.527234
    195 -1.728877 -3.126978 -5.382925 2.389432 -0.395698 -0.244640
    196 -9.580679 -27.862108 -37.184677 0.812879 -0.123459 -0.568477
    197 0.649935 -0.548296 0.093658 -1.665913 -0.131399 -0.112062
    198 1.899127 0.000427 -0.000439 0.027386 -0.033311 0.477848
    199 0.657078 0.008400 0.040375 -1.665945 -0.131407 -0.000013
    200 1.799664 -0.000240 0.000231 0.027386 -0.033311 0.477848
    201 1.799664 -0.000240 0.000231 0.027386 -0.033311 0.477848
    202 1.799664 -0.000240 0.000231 0.027386 -0.033311 0.477848
    203 0.665774 0.747222 -0.029186 -1.665935 -0.131408 0.094976
    204 1.900306 -0.000137 -0.000517 0.027386 -0.033311 0.477848
    205 6.787069 0.137740 5.262709 2.565827 1.295577 -1.442594
    206 3.999897 0.000040 0.001007 0.356367 0.000024 0.000000
    207 0.600403 0.399632 -0.000469 0.000000 0.000000 3.141497
    208 0.599890 0.400186 0.000031 0.000000 0.000000 3.141593
    209 2.300137 -2.499413 0.600155 -0.891927 -0.221523 -0.527258
    210 12.103249 -3.649587 -1.238105 1.733585 0.203059 0.048157
    211 2.762354 0.116951 1.523975 1.629482 0.064153 1.743800
    212 7.228317 7.928200 -3.925652 2.328713 0.123459 -0.568477
    213 0.650396 -0.547731 -0.092976 1.665913 0.131399 -0.112062
    214 1.899441 -0.000320 -0.000150 -0.027386 0.033311 0.477848
    215 0.657068 0.008398 -0.040379 1.665945 0.131407 -0.000013
    216 1.799659 -0.000233 -0.000233 -0.027386 0.033311 0.477848
    217 1.799659 -0.000233 -0.000233 -0.027386 0.033311 0.477848
    218 1.799659 -0.000233 -0.000233 -0.027386 0.033311 0.477848
    219 0.665778 0.747222 0.029179 1.665935 0.131408 0.094976
    220 1.900722 0.000549 -0.000072 -0.027386 0.033311 0.477848
    221 4.530998 0.000000 0.000000 0.000000 0.000000 0.000000
    222 4.527344 0.000000 0.000000 0.000000 0.000000 0.000000
    223 0.000000 0.000000 0.000000 0.000000 0.000000 0.000000
    224 0.000000 0.000000 0.000000 0.000000 0.000000 0.000000
    225 4.000000 -6.496094 0.008293 -0.001274 0.000001 0.000975
    226 -6.500000 0.000000 0.000000 -1.537381 1.569552 -1.537381
    227 16.722935 -5.687425 9.208445 0.803699 -0.752228 -0.164193
    228 0.280000 -0.135000 2.196999 1.570796 0.000000 -1.570735
    229 0.000000 0.000000 0.000000 0.000000 0.000000 0.000000
    230 0.000000 0.000000 0.000000 0.021333 0.018444 -0.018288
    231 0.106000 0.000000 -64.320000 0.000000 0.000000 0.000000
    232 0.000000 0.000000 0.000000 0.000000 0.000000 0.000000
    233 -0.106000 0.000000 64.320000 0.000000 0.000000 0.000000
    234 -5.188523 -22.490296 1.557636 0.803684 -0.752280 -1.735087
    235 0.000000 0.000000 0.000000 0.000000 -0.000036 0.000055
    236 1.688000 -0.001000 -1.454002 0.000000 0.000000 0.000000
    237 -1.070999 -0.005000 0.545002 0.000000 0.000000 0.000000
    238 5.895000 0.750997 -0.156000 0.000000 0.000000 0.000000
    239 11.599999 -0.000003 -1.500002 0.000000 0.000000 0.000000
    240 -3.802991 5.150613 -5.505911 -1.515123 -0.074947 -0.291635
    241 11.239561 -0.000003 -1.579000 0.000000 0.000000 0.000000
    242 8.399245 0.042967 -1.500000 0.000000 0.000000 0.000000
    243 0.673937 -0.015635 -4.768713 -3.141592 -1.281051 3.141593
    244 0.094999 -0.144000 0.332001 0.000000 0.000000 0.000000
    245 14.209020 0.000022 0.766988 0.000000 0.000000 0.000000
    246 0.000000 0.000000 0.000000 1.570800 0.000000 -1.570796
  time 33
    0 0.000000 0.000000 0.000000 0.000000 0.000000 -1.570796
    1 -0.106750 -0.000001 -0.000351 0.000000 0.000000 0.000000
    2 0.000000 0.000000 0.000000 0.000000 0.000000 0.000000
    3 -0.904000 0.000000 -11.806000 0.000000 0.000000 0.000000
    4 0.000000 0.000000 -14.313999 1.572085 -1.570793 0.000000
    5 3.533001 0.000000 0.000000 -0.001274 0.000000 0.000000
    6 6.250000 0.000000 0.000000 0.000000 0.000000 0.000000
    7 9.568951 -0.019507 -1.944020 -1.333724 0.862041 -1.623008
    8 9.570313 5.304688 2.056641 -1.552151 -1.032979 1.554747
    9 5.786820 0.002787 -0.000113 -1.187570 -0.121601 -1.127281
    10 5.999492 -0.000592 -4.000343 0.000000 0.000000 0.000000
    11 5.787410 0.002582 0.000893 1.258959 -0.687533 -2.193499
    12 5.999492 -0.000592 4.000340 0.000000 0.000000 0.000000
    13 0.500225 0.000133 -0.000084 0.306277 0.000000 0.000000
    14 11.530657 0.000349 -0.001308 -0.000005 0.000009 -0.823818
    15 -0.829338 0.893824 0.079659 -0.148839 0.047645 0.087266
    16 0.500225 0.000132 0.000072 -0.094830 0.000000 0.000000
    17 11.532495 0.000526 0.003814 0.000006 -0.000010 -0.736517
    18 -0.829586 0.894698 -0.079468 0.045377 -0.019621 0.087266
    19 10.599886 0.000105 -0.000553 -0.268478 -0.000024 0.000000
    20 0.123572 -0.275181 -0.000805 0.000012 0.000059 0.411936
    21 11.042053 0.003717 0.000798 -0.531717 0.136576 0.140800
    22 -11.814724 0.424524 -0.297680 0.247998 -0.066121 -0.042695
    23 10.599878 0.000105 0.000549 0.734529 0.000000 0.000000
    24 0.119663 -0.279088 0.000801 0.000000 -0.000011 0.368283
    25 11.041739 0.003170 -0.000568 0.465476 0.339889 -0.861437
    26 -11.663242 0.094713 0.140656 -0.068591 0.018527 -0.015099
    27 0.610300 -0.939470 0.070347 -1.655245 -0.140091 -0.175604
    28 0.639938 -0.199121 0.060192 -1.665909 -0.131392 -0.066435
    29 0.600155 1.080260 -0.339535 -1.813982 0.250476 -0.063851
    30 0.610207 0.400743 -0.010098 -1.816211 0.108350 0.008872
    31 0.630809 -0.690091 -0.232343 0.390250 0.061773 -1.005740
    32 -0.792125 0.203736 0.461304 1.439074 -0.003453 -0.018305
    33 0.610300 -0.939469 -0.070354 1.655295 0.140043 -0.175652
    34 0.639938 -0.199121 -0.060200 1.665960 0.131416 -0.066435
    35 0.600157 1.080260 0.339531 1.741577 -0.203951 0.075913
    36 0.610205 0.400743 0.010086 1.761892 -0.015361 0.028035
    37 0.627906 -0.691394 0.232270 -1.014489 -0.861409 -0.665993
    38 -0.626031 -0.069982 -0.080517 -1.447153 0.086151 0.021559
    39 2.621377 -0.002532 -0.001438 -0.198655 0.050370 0.219173
    40 2.660837 0.000397 -0.000071 -0.244347 0.283806 0.793447
    41 2.202488 0.003364 -0.002863 -0.445936 0.357514 0.841751
    42 0.599950 0.959236 -0.300102 -0.174544 0.000000 0.000000
    43 2.557190 -0.001967 0.002453 -0.528730 0.313494 0.524132
    44 2.098929 0.000032 -0.002193 -0.484688 0.209327 0.375767
    45 0.999378 -0.000238 -1.080459 0.000000 0.000000 0.000000
    46 -0.122641 -0.721855 0.661686 -0.486644 0.223964 0.243056
    47 2.622112 -0.000648 0.002741 -0.053026 0.086883 -0.048142
    48 2.657909 0.000687 -0.000533 0.200369 0.214671 1.264724
    49 2.200014 0.001663 0.000836 0.236792 0.017724 1.474129
    50 0.599949 0.959244 0.300102 0.174544 0.000000 0.000000
    51 2.556571 -0.000385 0.000554 0.236787 0.177136 1.399512
    52 2.103853 0.001708 -0.001011 0.124856 -0.418702 0.877014
    53 0.999376 -0.000240 1.490624 -0.000012 0.000000 0.946917
    54 0.310848 -0.606446 -0.498005 0.308107 -0.197598 0.313975
    55 1.869163 -0.000835 -0.000994 -0.000007 0.000003 -0.009745
    56 1.200941 0.399582 -0.000237 -0.009465 0.016087 0.007127
    57 0.000586 0.100342 -0.000319 -0.120035 -0.021926 -0.209617
    58 -0.161663 0.051712 0.194808 -2.941982 0.122408 -0.060194
    59 2.010090 -0.003202 -0.003377 0.000006 0.000001 0.391729
    60 0.000237 0.099800 -0.000395 -0.018823 0.010833 -0.239219
    61 -0.203197 0.048607 0.069150 -3.093332 0.033217 -0.046722
    62 1.180426 -0.002312 0.000781 -0.000002 0.000000 0.323878
    63 -0.000196 0.099625 -0.000034 0.000000 0.000000 -0.314102
    64 -0.088737 -0.688435 -0.145203 2.930407 -0.136130 0.513013
    65 1.712069 -0.003328 0.003818 -0.023995 0.014205 0.694785
    66 -0.000576 0.100143 -0.000311 -0.010914 0.023131 -0.260843
    67 -0.146027 -0.232426 -0.014225 3.028455 -0.094299 0.113020
    68 1.290634 0.000361 -0.000036 0.000000 0.000000 -0.140655
    69 -0.658119 -0.003576 0.072643 -0.142711 0.027792 -0.077299
    70 1.868078 -0.003049 0.002177 -0.000009 0.000003 1.450101
    71 1.200075 0.399942 -0.000093 0.009465 -0.016087 0.007127
    72 0.000589 0.100342 0.000319 0.120035 0.021926 -0.209617
    73 0.068073 0.002283 -0.080050 3.111376 -0.069366 -0.060847
    74 2.011874 -0.001179 0.002180 -0.000061 -0.000049 1.378946
    75 0.000233 0.099800 0.000395 0.018823 -0.010833 -0.239219
    76 -0.018673 -0.001009 0.047544 3.109244 0.002635 -0.106673
    77 1.178665 0.001595 0.000845 0.000006 -0.000001 0.743912
    78 -0.000196 0.099628 0.000034 0.000000 0.000000 -0.314102
    79 0.036894 -0.634449 0.266284 -2.801062 0.174301 0.490915
    80 1.708256 -0.002504 -0.000686 -0.000034 0.000023 1.160590
    81 -0.000580 0.100140 0.000311 0.010910 -0.023132 -0.260845
    82 -0.003952 -0.281811 0.115047 -3.059162 0.089004 0.167964
    83 1.289625 0.000042 0.000061 0.000034 -0.000010 0.672669
    84 -0.171526 -0.018150 -0.099873 0.013484 -0.062184 -0.011781
    85 0.916622 0.003336 0.001326 -0.000065 -0.000039 0.530729
    86 -0.342617 0.053402 -0.025571 -2.909301 -0.017248 0.075276
    87 1.100231 -0.000928 -0.002434 0.000009 0.000002 0.372720
    88 -0.384979 0.331001 0.006848 -3.087207 -0.018765 -0.184278
    89 0.678146 0.002286 -0.003905 -0.000006 0.000029 0.139384
    90 -0.123848 0.072738 0.029507 2.898184 -0.060627 0.094835
    91 1.017166 -0.000154 -0.000252 -0.000011 -0.000002 0.255651
    92 -0.344990 0.123129 0.143151 2.994981 0.012396 0.059140
    93 -0.730989 0.177046 0.039141 -0.123731 0.076518 -0.084310
    94 0.921993 0.001298 -0.000896 -0.000026 0.000001 0.471806
    95 -0.124023 -0.052090 0.038495 3.077813 -0.008519 0.039229
    96 1.100433 -0.003552 0.000502 -0.000018 0.000054 0.545699
    97 -0.330082 0.160639 0.042780 3.128073 0.034033 -0.171236
    98 0.679764 0.001532 0.003272 0.000002 0.000003 0.674840
    99 -0.019512 -0.016531 0.038578 -2.763781 0.050305 0.076829
    100 1.019531 -0.000003 0.000000 0.000000 0.000000 0.497026
    101 -0.155308 0.130644 -0.021921 -3.022466 0.022433 -0.024902
    102 -0.252207 0.061937 -0.024914 -0.007671 -0.063171 -0.044392
    103 -0.085995 0.185205 -0.015180 -2.937063 -0.113970 -0.138991
    104 -0.286533 0.179852 0.024264 -3.109353 -0.049645 -0.029914
    105 -0.019482 0.147083 0.079203 2.893815 0.038585 -0.060594
    106 -0.046482 0.251896 0.129548 3.016165 0.077112 -0.042864
    107 0.039124 -0.040295 0.047739 3.084219 0.030470 -0.037414
    108 -0.233757 0.066630 0.001754 -3.133087 0.040141 -0.065412
    109 0.044266 0.020131 0.001684 -2.778763 -0.118872 -0.040488
    110 0.071495 0.074128 -0.048302 -3.035917 -0.059482 0.104366
    111 0.000000 0.000000 0.000000 0.000000 0.000000 -1.570796
    112 -4.707175 -8.000244 -9.601856 0.812262 -0.757089 -1.734244
    113 0.000000 0.000000 0.000000 0.000000 0.000000 0.000000
    114 -5.691580 -15.684072 -2.652425 0.812213 -0.756944 -1.734415
    115 3.096000 0.000000 -1.996000 0.000000 0.000000 0.000000
    116 3.040999 0.000000 1.202000 0.000000 0.000000 0.000000
    117 7.854000 0.000000 -0.042000 0.000000 0.000000 -0.000027
    118 13.105999 0.000000 -0.006000 0.000000 0.000000 0.000027
    119 3.456000 0.000000 -1.084000 0.000000 0.000000 0.000013
    120 1.804000 0.000000 -1.025000 0.000000 0.000000 0.000000
    121 7.098000 0.000000 -1.084000 0.000000 0.000000 0.000000
    122 1.868000 1.809000 -1.975000 -2.218442 -0.017124 -0.465675
    123 3.740000 0.000000 1.273000 0.000000 0.000000 0.000013
    124 11.956999 0.000000 -0.006000 0.000000 0.000000 0.000027
    125 6.072001 0.000000 -1.238000 0.000000 0.000000 0.000000
    126 5.690000 -0.365000 0.068000 -0.000040 -0.349041 -1.570749
    127 6.396999 0.614000 0.428000 0.000000 0.000000 -0.000027
    128 3.040999 0.000000 1.202000 0.000000 0.000000 0.000000
    129 3.720000 0.000000 1.202000 0.000000 0.000000 0.000000
    130 1.086000 -0.661000 -0.149000 0.000000 0.000000 0.000000
    131 1.067000 0.589000 0.076000 0.000000 0.000000 0.000000
    132 0.000000 -0.019000 0.000000 0.000000 0.000000 0.000000
    133 0.000000 -0.019000 0.000000 0.000000 0.000000 0.000000
    134 3.300000 -0.019000 1.346000 0.000000 0.000000 0.000000
    135 -1.524000 -1.859000 -4.367000 -1.730250 -0.014891 0.208056
    136 7.283999 0.000000 -2.195000 0.000000 0.000000 -0.000027
    137 -1.323000 0.000000 0.184000 0.000000 0.000000 0.000000
    138 0.082000 0.000000 1.002000 0.000000 0.000000 0.000000
    139 -55.457464 -21.430341 -21.711199 -0.907000 0.623968 -0.487068
    140 0.478000 0.000000 -4.537000 0.000000 0.000000 -0.000013
    141 3.436000 0.000000 1.202000 0.000000 0.000000 0.000000
    142 3.040999 0.000000 1.202000 0.000000 0.000000 0.000000
    143 4.657000 0.000000 1.545000 0.000000 0.000000 -0.000013
    144 -0.403000 0.000000 -0.011000 0.000000 0.000000 0.000000
    145 1.781000 0.000000 0.873000 0.000000 0.000000 0.000000
    146 0.384000 0.715000 0.801000 0.000000 0.000000 0.000000
    147 1.795000 0.533000 -1.550000 0.000000 0.000000 0.000000
    148 4.435999 0.595000 -0.954000 0.000000 0.000000 0.000000
    149 4.401999 -0.614000 -1.630000 0.000000 0.000000 0.000000
    150 4.203000 -0.003000 -0.048000 0.000000 0.000000 0.000000
    151 5.136000 0.000000 1.534000 0.000000 0.000000 -0.000027
    152 11.957001 0.000000 -0.006000 0.000000 0.000000 0.000027
    153 -2.103001 0.000000 0.000000 0.000000 0.000000 0.000000
    154 -0.598001 0.000000 -0.011000 0.000000 0.000000 -0.000013
    155 0.496000 0.184000 -3.523000 0.000000 0.000000 0.000000
    156 0.147000 0.184000 -0.328000 0.000000 0.000000 0.000000
    157 0.147000 0.184000 0.023000 0.000000 0.000000 0.000000
    158 0.147000 0.184000 0.368000 0.000000 0.000000 0.000000
    159 0.147000 0.184000 0.717000 0.000000 0.000000 0.000000
    160 0.147000 0.184000 1.067000 0.000000 0.000000 0.000000
    161 0.148000 0.184000 1.414000 0.000000 0.000000 0.000000
    162 0.148000 -0.074000 1.640000 0.000000 0.000000 0.000000
    163 0.435000 0.184000 -3.179000 0.000000 0.000000 0.000000
    164 0.378000 0.184000 -2.826000 0.000000 0.000000 0.000000
    165 0.329000 0.184000 -2.477000 0.000000 0.000000 0.000000
    166 0.286000 0.184000 -2.127000 0.000000 0.000000 0.000000
    167 0.252000 0.184000 -1.775000 0.000000 0.000000 0.000000
    168 0.215000 0.184000 -1.417000 0.000000 0.000000 0.000000
    169 0.190000 0.184000 -1.064000 0.000000 0.000000 0.000000
    170 0.166000 0.184000 -0.714000 0.000000 0.000000 0.000000
    171 1.622000 0.000000 1.568000 0.000000 0.000000 0.000013
    172 2.240000 0.000000 1.568000 0.000000 0.000000 0.000013
    173 0.000000 0.000000 0.000000 0.000000 0.000000 0.000000
    174 0.000006 -0.006207 -4.863281 -3.140338 -0.002958 -3.128596
    175 1.000088 -0.000029 0.000000 0.000000 0.000000 0.000000
    176 17.162518 -0.000404 0.000000 0.000000 0.000000 0.119207
    177 17.749374 0.295515 0.000000 0.000000 0.000000 -1.158917
    178 5.413528 0.000347 0.000000 0.000000 0.000000 -0.518029
    179 0.017887 0.299792 0.000000 0.000000 0.000000 -0.059577
    180 9.999889 -0.000303 0.000000 0.000000 0.000000 0.000000
    181 0.000004 0.006218 4.863281 -3.140338 -0.002958 -3.128596
    182 1.000088 -0.000029 0.000000 0.000000 0.000000 0.000000
    183 12.283573 1.581455 -4.695999 1.462269 -0.086726 0.090185
    184 17.162518 -0.000404 0.000000 0.000000 0.000000 0.119207
    185 17.749374 0.295515 0.000000 0.000000 0.000000 -1.158919
    186 5.413528 0.000347 0.000000 0.000000 0.000000 -0.518029
    187 0.017887 0.299792 0.000000 0.000000 0.000000 -0.059571
    188 9.499836 0.000212 0.000000 0.000000 0.000000 0.000000
    189 -1.145525 0.000130 0.000671 0.000000 0.000000 0.000000
    190 -0.857691 0.104071 0.104687 0.023536 0.163924 0.013632
    191 3.999430 -0.000528 -0.000332 -0.268467 0.000000 0.000000
    192 0.599499 0.400698 0.000236 0.000000 0.000000 0.000000
    193 0.599886 0.400186 -0.000027 0.000000 0.000000 0.000000
    194 2.299677 -2.499979 -0.599480 0.891899 0.221475 -0.527234
    195 -1.740596 -0.861284 -5.859502 2.742465 -0.414828 -0.430258
    196 -9.580679 -27.862108 -37.184677 0.812879 -0.123459 -0.568477
    197 0.649935 -0.548296 0.093658 -1.665913 -0.131399 -0.112062
    198 1.899127 0.000427 -0.000439 0.027386 -0.033311 0.477848
    199 0.657078 0.008400 0.040375 -1.665945 -0.131407 -0.000013
    200 1.799664 -0.000240 0.000231 0.027386 -0.033311 0.477848
    201 1.799664 -0.000240 0.000231 0.027386 -0.033311 0.477848
    202 1.799664 -0.000240 0.000231 0.027386 -0.033311 0.477848
    203 0.665774 0.747222 -0.029186 -1.665935 -0.131408 0.094976
    204 1.900306 -0.000137 -0.000517 0.027386 -0.033311 0.477848
    205 6.802695 0.215868 5.239270 2.552700 1.292004 -1.446906
    206 3.999897 0.000040 0.001007 0.367246 0.000000 0.000000
    207 0.600403 0.399632 -0.000469 0.000000 0.000000 3.141497
    208 0.599890 0.400186 0.000031 0.000000 0.000000 3.141497
    209 2.300137 -2.499413 0.600155 -0.891927 -0.221523 -0.527258
    210 12.103249 -3.649587 -1.238105 1.733585 0.203059 0.048157
    211 2.762354 0.116951 1.523975 1.629482 0.064153 1.743800
    212 7.228317 7.928200 -3.925652 2.328713 0.123459 -0.568477
    213 0.650396 -0.547731 -0.092976 1.665913 0.131399 -0.112062
    214 1.899441 -0.000320 -0.000150 -0.027386 0.033311 0.477848
    215 0.657068 0.008398 -0.040379 1.665945 0.131407 -0.000013
    216 1.799659 -0.000233 -0.000233 -0.027386 0.033311 0.477848
    217 1.799659 -0.000233 -0.000233 -0.027386 0.033311 0.477848
    218 1.799659 -0.000233 -0.000233 -0.027386 0.033311 0.477848
    219 0.665778 0.747222 0.029179 1.665935 0.131408 0.094976
    220 1.900722 0.000549 -0.000072 -0.027386 0.033311 0.477848
    221 4.530998 0.000000 0.000000 0.000000 0.000000 0.000000
    222 4.527344 0.000000 0.000000 0.000000 0.000000 0.000000
    223 0.000000 0.000000 0.000000 0.000000 0.000000 0.000000
    224 0.000000 0.000000 0.000000 0.000000 0.000000 0.000000
    225 4.000000 -6.496094 0.008293 -0.001274 0.000001 0.000975
    226 -6.500000 0.000000 0.000000 -1.537381 1.569552 -1.537381
    227 16.695590 -5.687425 9.145943 0.812262 -0.757026 -0.163540
    228 0.280000 -0.135000 2.196999 1.570796 0.000000 -1.570735
    229 0.000000 0.000000 0.000000 0.000000 0.000000 0.000000
    230 0.000000 0.000000 0.000000 0.019870 0.015292 -0.015832
    231 0.106000 0.000000 -64.320000 0.000000 0.000000 0.000000
    232 0.000000 0.000000 0.000000 0.000000 0.000000 0.000000
    233 -0.106000 0.000000 64.320000 0.000000 0.000000 0.000000
    234 -5.161178 -22.396543 1.495134 0.812246 -0.757081 -1.734416
    235 0.000000 0.000000 0.000000 0.000000 -0.000036 0.000055
    236 1.688000 -0.001000 -1.454002 0.000000 0.000000 0.000000
    237 -1.070999 -0.005000 0.545002 0.000000 0.000000 0.000000
    238 5.895000 0.750997 -0.156000 0.000000 0.000000 0.000000
    239 11.599999 -0.000003 -1.500002 0.000000 0.000000 0.000000
    240 -3.802991 5.150613 -5.505911 -1.515123 -0.074947 -0.291635
    241 11.239561 -0.000003 -1.579000 0.000000 0.000000 0.000000
    242 8.340649 0.042967 -1.500000 0.000000 0.000000 0.000000
    243 0.673937 -0.015635 -4.768713 -3.141592 -1.281051 3.141593
    244 0.094999 -0.144000 0.332001 0.000000 0.000000 0.000000
    245 14.209020 0.000022 0.766988 0.000000 0.000000 0.000000
    246 0.000000 0.000000 0.000000 1.570800 0.000000 -1.570796
  time 34
    0 0.000000 0.000000 0.000000 0.000000 0.000000 -1.570796
    1 -0.106750 -0.000001 -0.000351 0.000000 0.000000 0.000000
    2 0.000000 0.000000 0.000000 0.000000 0.000000 0.000000
    3 -0.904000 0.000000 -11.806000 0.000000 0.000000 0.000000
    4 0.000000 0.000000 -14.313999 1.572085 -1.570793 0.000000
    5 3.533001 0.000000 0.000000 -0.001274 0.000000 0.000000
    6 6.250000 0.000000 0.000000 0.000000 0.000000 0.000000
    7 9.568951 -0.019507 -1.944020 -1.333724 0.862041 -1.623008
    8 9.570313 5.304688 2.056641 -1.552151 -1.032979 1.554747
    9 5.786820 0.002787 -0.000113 -1.180879 -0.107315 -1.129404
    10 5.999492 -0.000592 -4.000343 0.000000 0.000000 0.000000
    11 5.787410 0.002582 0.000893 1.258898 -0.688145 -2.193499
    12 5.999492 -0.000592 4.000340 0.000000 0.000000 0.000000
    13 0.500225 0.000133 -0.000084 0.305003 0.000000 0.000000
    14 11.530657 0.000349 -0.001308 -0.000005 0.000009 -0.847062
    15 -0.829338 0.893824 0.079659 -0.148839 0.047645 0.087266
    16 0.500225 0.000132 0.000072 -0.092851 0.000000 0.000000
    17 11.532495 0.000526 0.003814 0.000030 0.000002 -0.737245
    18 -0.829586 0.894698 -0.079468 0.045377 -0.019621 0.087266
    19 10.599886 0.000105 -0.000553 -0.275834 0.000000 0.000024
    20 0.123572 -0.275181 -0.000805 0.000000 0.000011 0.423555
    21 11.042053 0.003717 0.000798 -0.544014 0.095767 0.158923
    22 -11.814724 0.424524 -0.297680 0.247998 -0.066121 -0.042695
    23 10.599878 0.000105 0.000549 0.734005 0.000000 0.000000
    24 0.115757 -0.279088 0.000801 0.000000 0.000025 0.368599
    25 11.041739 0.003170 -0.000568 0.465359 0.339802 -0.860949
    26 -11.663242 0.094713 0.140656 -0.068591 0.018527 -0.015099
    27 0.610300 -0.939470 0.070347 -1.655245 -0.140091 -0.175604
    28 0.639938 -0.199121 0.060192 -1.665909 -0.131392 -0.066435
    29 0.600155 1.080260 -0.339535 -1.813982 0.250476 -0.063839
    30 0.610207 0.400743 -0.010098 -1.816211 0.108350 0.008872
    31 0.630809 -0.690091 -0.232343 0.395227 0.078119 -1.073792
    32 -0.792125 0.203736 0.461304 1.439074 -0.003453 -0.018305
    33 0.610300 -0.939469 -0.070354 1.655295 0.140043 -0.175652
    34 0.639938 -0.199121 -0.060200 1.665960 0.131416 -0.066423
    35 0.600157 1.080260 0.339531 1.741577 -0.203951 0.075913
    36 0.610205 0.400743 0.010086 1.761892 -0.015361 0.028035
    37 0.627906 -0.691394 0.232270 -1.014489 -0.861409 -0.665993
    38 -0.626031 -0.069982 -0.080517 -1.447153 0.086151 0.021559
    39 2.621377 -0.002532 -0.001438 -0.198675 0.050356 0.219173
    40 2.660837 0.000397 -0.000071 -0.244370 0.283806 0.793406
    41 2.202488 0.003364 -0.002863 -0.445936 0.357514 0.841751
    42 0.599950 0.959236 -0.300102 -0.174544 0.000000 0.000000
    43 2.557190 -0.001967 0.002453 -0.528730 0.313494 0.524132
    44 2.098929 0.000032 -0.002193 -0.484688 0.209327 0.375767
    45 0.999378 -0.000238 -1.045302 0.000000 0.000000 0.000000
    46 -0.122641 -0.721855 0.661686 -0.486644 0.223964 0.243056
    47 2.622112 -0.000648 0.002741 -0.053026 0.086883 -0.048142
    48 2.657909 0.000687 -0.000533 0.200369 0.214671 1.264724
    49 2.200014 0.001663 0.000836 0.236792 0.017724 1.474129
    50 0.599949 0.959244 0.300102 0.174544 0.000000 0.000000
    51 2.556571 -0.000385 0.000554 0.236787 0.177136 1.399512
    52 2.103853 0.001708 -0.001011 0.124856 -0.418702 0.877014
    53 0.999376 -0.000240 1.490624 -0.000012 0.000000 0.946917
    54 0.310848 -0.606446 -0.498005 0.308107 -0.197598 0.313975
    55 1.869163 -0.000835 -0.000994 -0.000007 0.000003 -0.009745
    56 1.200941 0.399582 -0.000237 -0.009465 0.016087 0.007127
    57 0.000586 0.100342 -0.000319 -0.120035 -0.021926 -0.209617
    58 -0.161663 0.051712 0.194808 -2.941982 0.122408 -0.060194
    59 2.010090 -0.003202 -0.003377 0.000006 0.000001 0.391729
    60 0.000237 0.099800 -0.000395 -0.018823 0.010833 -0.239219
    61 -0.203197 0.048607 0.069150 -3.093332 0.033217 -0.046722
    62 1.180426 -0.002312 0.000781 -0.000014 0.000000 0.323878
    63 -0.000196 0.099625 -0.000034 0.000000 0.000000 -0.314102
    64 -0.088737 -0.688435 -0.145203 2.930407 -0.136130 0.513013
    65 1.712069 -0.003328 0.003818 -0.023983 0.014205 0.694785
    66 -0.000576 0.100143 -0.000311 -0.010914 0.023131 -0.260843
    67 -0.146027 -0.232426 -0.014225 3.028455 -0.094299 0.113020
    68 1.290634 0.000361 -0.000036 0.000000 0.000000 0.114639
    69 -0.658119 -0.003576 0.072643 -0.142711 0.027792 -0.077299
    70 1.868078 -0.003049 0.002177 -0.000009 0.000003 1.450101
    71 1.200075 0.399942 -0.000093 0.009465 -0.016087 0.007127
    72 0.000589 0.100342 0.000319 0.120035 0.021926 -0.209617
    73 0.068073 0.002283 -0.080050 3.111376 -0.069366 -0.060847
    74 2.011874 -0.001179 0.002180 -0.000061 -0.000037 1.378946
    75 0.000233 0.099800 0.000395 0.018823 -0.010833 -0.239219
    76 -0.018673 -0.001009 0.047544 3.109244 0.002635 -0.106673
    77 1.178665 0.001595 0.000845 0.000006 -0.000001 0.743912
    78 -0.000196 0.099628 0.000034 0.000000 0.000000 -0.314102
    79 0.036894 -0.634449 0.266284 -2.801062 0.174301 0.490915
    80 1.708256 -0.002504 -0.000686 -0.000034 0.000023 1.160590
    81 -0.000580 0.100140 0.000311 0.010910 -0.023132 -0.260845
    82 -0.003952 -0.281811 0.115047 -3.059162 0.089004 0.167964
    83 1.289625 0.000042 0.000061 0.000034 -0.000010 0.672669
    84 -0.171526 -0.018150 -0.099873 0.013484 -0.062184 -0.011781
    85 0.916622 0.003336 0.001326 -0.000053 -0.000027 0.530729
    86 -0.342617 0.053402 -0.025571 -2.909301 -0.017248 0.075276
    87 1.100231 -0.000928 -0.002434 0.000009 0.000002 0.372720
    88 -0.384979 0.331001 0.006848 -3.087207 -0.018765 -0.184278
    89 0.678146 0.002286 -0.003905 -0.000006 0.000041 0.139497
    90 -0.123848 0.072738 0.029507 2.898184 -0.060627 0.094835
    91 1.017166 -0.000154 -0.000252 -0.000011 -0.000002 0.255651
    92 -0.344990 0.123129 0.143151 2.994981 0.012396 0.059140
    93 -0.730989 0.177046 0.039141 -0.123731 0.076518 -0.084310
    94 0.921993 0.001298 -0.000896 -0.000026 0.000001 0.471806
    95 -0.124023 -0.052090 0.038495 3.077813 -0.008519 0.039229
    96 1.100433 -0.003552 0.000502 -0.000018 0.000054 0.545699
    97 -0.330082 0.160639 0.042780 3.128073 0.034033 -0.171236
    98 0.679764 0.001532 0.003272 0.000002 0.000003 0.674840
    99 -0.019512 -0.016531 0.038578 -2.763781 0.050305 0.076829
    100 1.019531 -0.000003 0.000000 0.000000 0.000000 0.497026
    101 -0.155308 0.130644 -0.021921 -3.022466 0.022433 -0.024902
    102 -0.252207 0.061937 -0.024914 -0.007671 -0.063171 -0.044392
    103 -0.085995 0.185205 -0.015180 -2.937063 -0.113970 -0.138991
    104 -0.286533 0.179852 0.024264 -3.109353 -0.049645 -0.029914
    105 -0.019482 0.147083 0.079203 2.893815 0.038585 -0.060594
    106 -0.046482 0.251896 0.129548 3.016165 0.077112 -0.042864
    107 0.039124 -0.040295 0.047739 3.084219 0.030470 -0.037414
    108 -0.233757 0.066630 0.001754 -3.133087 0.040141 -0.065412
    109 0.044266 0.020131 0.001684 -2.778763 -0.118872 -0.040488
    110 0.071495 0.074128 -0.048302 -3.035917 -0.059482 0.104366
    111 0.000000 0.000000 0.000000 0.000000 0.000000 -1.570796
    112 -4.707175 -8.000244 -9.601856 0.812262 -0.757089 -1.734244
    113 0.000000 0.000000 0.000000 0.000000 0.000000 0.000000
    114 -5.687674 -15.684072 -2.656331 0.811936 -0.756631 -1.734229
    115 3.096000 0.000000 -1.996000 0.000000 0.000000 0.000000
    116 3.040999 0.000000 1.202000 0.000000 0.000000 0.000000
    117 7.854000 0.000000 -0.042000 0.000000 0.000000 -0.000027
    118 13.105999 0.000000 -0.006000 0.000000 0.000000 0.000027
    119 3.456000 0.000000 -1.084000 0.000000 0.000000 0.000013
    120 1.804000 0.000000 -1.025000 0.000000 0.000000 0.000000
    121 7.098000 0.000000 -1.084000 0.000000 0.000000 0.000000
    122 1.868000 1.809000 -1.975000 -2.218442 -0.017124 -0.465675
    123 3.740000 0.000000 1.273000 0.000000 0.000000 0.000013
    124 11.956999 0.000000 -0.006000 0.000000 0.000000 0.000027
    125 6.072001 0.000000 -1.238000 0.000000 0.000000 0.000000
    126 5.690000 -0.365000 0.068000 -0.000040 -0.349041 -1.570749
    127 6.396999 0.614000 0.428000 0.000000 0.000000 -0.000027
    128 3.040999 0.000000 1.202000 0.000000 0.000000 0.000000
    129 3.720000 0.000000 1.202000 0.000000 0.000000 0.000000
    130 1.086000 -0.661000 -0.149000 0.000000 0.000000 0.000000
    131 1.067000 0.589000 0.076000 0.000000 0.000000 0.000000
    132 0.000000 -0.019000 0.000000 0.000000 0.000000 0.000000
    133 0.000000 -0.019000 0.000000 0.000000 0.000000 0.000000
    134 3.300000 -0.019000 1.346000 0.000000 0.000000 0.000000
    135 -1.524000 -1.859000 -4.367000 -1.730250 -0.014891 0.208056
    136 7.283999 0.000000 -2.195000 0.000000 0.000000 -0.000027
    137 -1.323000 0.000000 0.184000 0.000000 0.000000 0.000000
    138 0.082000 0.000000 1.002000 0.000000 0.000000 0.000000
    139 -55.453558 -21.430341 -21.715106 -0.907000 0.623968 -0.487068
    140 0.478000 0.000000 -4.537000 0.000000 0.000000 -0.000013
    141 3.436000 0.000000 1.202000 0.000000 0.000000 0.000000
    142 3.040999 0.000000 1.202000 0.000000 0.000000 0.000000
    143 4.657000 0.000000 1.545000 0.000000 0.000000 -0.000013
    144 -0.403000 0.000000 -0.011000 0.000000 0.000000 0.000000
    145 1.781000 0.000000 0.873000 0.000000 0.000000 0.000000
    146 0.384000 0.715000 0.801000 0.000000 0.000000 0.000000
    147 1.795000 0.533000 -1.550000 0.000000 0.000000 0.000000
    148 4.435999 0.595000 -0.954000 0.000000 0.000000 0.000000
    149 4.401999 -0.614000 -1.630000 0.000000 0.000000 0.000000
    150 4.203000 -0.003000 -0.048000 0.000000 0.000000 0.000000
    151 5.136000 0.000000 1.534000 0.000000 0.000000 -0.000027
    152 11.957001 0.000000 -0.006000 0.000000 0.000000 0.000027
    153 -2.103001 0.000000 0.000000 0.000000 0.000000 0.000000
    154 -0.598001 0.000000 -0.011000 0.000000 0.000000 -0.000013
    155 0.496000 0.184000 -3.523000 0.000000 0.000000 0.000000
    156 0.147000 0.184000 -0.328000 0.000000 0.000000 0.000000
    157 0.147000 0.184000 0.023000 0.000000 0.000000 0.000000
    158 0.147000 0.184000 0.368000 0.000000 0.000000 0.000000
    159 0.147000 0.184000 0.717000 0.000000 0.000000 0.000000
    160 0.147000 0.184000 1.067000 0.000000 0.000000 0.000000
    161 0.148000 0.184000 1.414000 0.000000 0.000000 0.000000
    162 0.148000 -0.074000 1.640000 0.000000 0.000000 0.000000
    163 0.435000 0.184000 -3.179000 0.000000 0.000000 0.000000
    164 0.378000 0.184000 -2.826000 0.000000 0.000000 0.000000
    165 0.329000 0.184000 -2.477000 0.000000 0.000000 0.000000
    166 0.286000 0.184000 -2.127000 0.000000 0.000000 0.000000
    167 0.252000 0.184000 -1.775000 0.000000 0.000000 0.000000
    168 0.215000 0.184000 -1.417000 0.000000 0.000000 0.000000
    169 0.190000 0.184000 -1.064000 0.000000 0.000000 0.000000
    170 0.166000 0.184000 -0.714000 0.000000 0.000000 0.000000
    171 1.622000 0.000000 1.568000 0.000000 0.000000 0.000013
    172 2.240000 0.000000 1.568000 0.000000 0.000000 0.000013
    173 0.000000 0.000000 0.000000 0.000000 0.000000 0.000000
    174 0.000006 -0.006207 -4.863281 -3.140338 -0.002958 -3.128596
    175 1.000088 -0.000029 0.000000 0.000000 0.000000 0.000000
    176 17.162518 -0.000404 0.000000 0.000000 0.000000 0.119207
    177 17.749374 0.295515 0.000000 0.000000 0.000000 -1.158917
    178 5.413528 0.000347 0.000000 0.000000 0.000000 -0.518029
    179 0.017887 0.299792 0.000000 0.000000 0.000000 -0.059577
    180 9.999889 -0.000303 0.000000 0.000000 0.000000 0.000000
    181 0.000004 0.006218 4.863281 -3.140338 -0.002958 -3.128596
    182 1.000088 -0.000029 0.000000 0.000000 0.000000 0.000000
    183 12.283573 1.581455 -4.695999 1.462269 -0.086726 0.090185
    184 17.162518 -0.000404 0.000000 0.000000 0.000000 0.119207
    185 17.749374 0.295515 0.000000 0.000000 0.000000 -1.158919
    186 5.413528 0.000347 0.000000 0.000000 0.000000 -0.518029
    187 0.017887 0.299792 0.000000 0.000000 0.000000 -0.059571
    188 9.499836 0.000212 0.000000 0.000000 0.000000 0.000000
    189 -1.145525 0.000130 0.000671 0.000000 0.000000 0.000000
    190 -0.857691 0.104071 0.104687 0.023536 0.163924 0.013632
    191 3.999430 -0.000528 -0.000332 -0.275828 0.000000 0.000060
    192 0.599499 0.400698 0.000236 0.000000 0.000000 0.000000
    193 0.599886 0.400186 -0.000027 0.000000 0.000000 0.000000
    194 2.299677 -2.499979 -0.599480 0.891899 0.221475 -0.527234
    195 -1.822630 -0.904254 -5.644652 2.741412 -0.381860 -0.420237
    196 -9.580679 -27.862108 -37.184677 0.812879 -0.123459 -0.568477
    197 0.649935 -0.548296 0.093658 -1.665913 -0.131399 -0.112062
    198 1.899127 0.000427 -0.000439 0.027386 -0.033311 0.477848
    199 0.657078 0.008400 0.040375 -1.665945 -0.131407 -0.000013
    200 1.799664 -0.000240 0.000231 0.027386 -0.033311 0.477848
    201 1.799664 -0.000240 0.000231 0.027386 -0.033311 0.477848
    202 1.799664 -0.000240 0.000231 0.027386 -0.033311 0.477848
    203 0.665774 0.747222 -0.029186 -1.665935 -0.131408 0.094976
    204 1.900306 -0.000137 -0.000517 0.027386 -0.033311 0.477848
    205 6.802695 0.215868 5.239270 2.552700 1.292004 -1.446906
    206 3.999897 0.000040 0.001007 0.366940 0.000000 0.000000
    207 0.600403 0.399632 -0.000469 0.000000 0.000000 -3.141592
    208 0.599890 0.400186 0.000031 0.000000 0.000000 3.141593
    209 2.300137 -2.499413 0.600155 -0.891927 -0.221523 -0.527258
    210 12.103249 -3.649587 -1.238105 1.733585 0.203059 0.048157
    211 2.762354 0.116951 1.523975 1.629482 0.064153 1.743800
    212 7.228317 7.928200 -3.925652 2.328713 0.123459 -0.568477
    213 0.650396 -0.547731 -0.092976 1.665913 0.131399 -0.112062
    214 1.899441 -0.000320 -0.000150 -0.027386 0.033311 0.477848
    215 0.657068 0.008398 -0.040379 1.665945 0.131407 -0.000013
    216 1.799659 -0.000233 -0.000233 -0.027386 0.033311 0.477848
    217 1.799659 -0.000233 -0.000233 -0.027386 0.033311 0.477848
    218 1.799659 -0.000233 -0.000233 -0.027386 0.033311 0.477848
    219 0.665778 0.747222 0.029179 1.665935 0.131408 0.094976
    220 1.900722 0.000549 -0.000072 -0.027386 0.033311 0.477848
    221 4.530998 0.000000 0.000000 0.000000 0.000000 0.000000
    222 4.527344 0.000000 0.000000 0.000000 0.000000 0.000000
    223 0.000000 0.000000 0.000000 0.000000 0.000000 0.000000
    224 0.000000 0.000000 0.000000 0.000000 0.000000 0.000000
    225 4.000000 -6.496094 0.008293 -0.001274 0.000001 0.000975
    226 -6.500000 0.000000 0.000000 -1.537381 1.569552 -1.537381
    227 16.695590 -5.687425 9.145943 0.812262 -0.757026 -0.163540
    228 0.280000 -0.135000 2.196999 1.570796 0.000000 -1.570735
    229 0.000000 0.000000 0.000000 0.000000 0.000000 0.000000
    230 0.000000 0.000000 0.000000 0.018408 0.012140 -0.013375
    231 0.106000 0.000000 -64.320000 0.000000 0.000000 0.000000
    232 0.000000 0.000000 0.000000 0.000000 0.000000 0.000000
    233 -0.106000 0.000000 64.320000 0.000000 0.000000 0.000000
    234 -5.008830 -21.451201 0.588857 0.812246 -0.757081 -1.734416
    235 0.000000 0.000000 0.000000 0.000000 -0.000036 0.000055
    236 1.688000 -0.001000 -1.454002 0.000000 0.000000 0.000000
    237 -1.070999 -0.005000 0.545002 0.000000 0.000000 0.000000
    238 5.895000 0.750997 -0.156000 0.000000 0.000000 0.000000
    239 11.599999 -0.000003 -1.500002 0.000000 0.000000 0.000000
    240 -3.802991 5.150613 -5.505911 -1.515123 -0.074947 -0.291635
    241 9.723890 -0.000003 -1.579000 0.000000 0.000000 0.000000
    242 7.024203 0.039061 -1.500000 0.000000 0.000000 0.000000
    243 0.673937 -0.015635 -4.768713 -3.141592 -1.281051 3.141593
    244 0.094999 -0.144000 0.332001 0.000000 0.000000 0.000000
    245 14.209020 0.000022 0.766988 0.000000 0.000000 0.000000
    246 0.000000 0.000000 0.000000 1.570800 0.000000 -1.570796
  time 35
    0 0.000000 0.000000 0.000000 0.000000 0.000000 -1.570796
    1 -0.106750 -0.000001 -0.000351 0.000000 0.000000 0.000000
    2 0.000000 0.000000 0.000000 0.000000 0.000000 0.000000
    3 -0.904000 0.000000 -11.806000 0.000000 0.000000 0.000000
    4 0.000000 0.000000 -14.313999 1.572085 -1.570793 0.000000
    5 3.533001 0.000000 0.000000 -0.001274 0.000000 0.000000
    6 6.250000 0.000000 0.000000 0.000000 0.000000 0.000000
    7 9.568951 -0.019507 -1.944020 -1.314513 0.862419 -1.591284
    8 9.570313 5.304688 2.056641 -1.552151 -1.032979 1.554747
    9 5.786820 0.002787 -0.000113 -1.119604 0.229605 -1.057322
    10 5.999492 -0.000592 -4.000343 0.000000 0.000000 0.000000
    11 5.787410 0.002582 0.000893 1.255600 -0.692946 -2.185617
    12 5.999492 -0.000592 4.000340 0.000000 0.000000 0.000000
    13 0.500225 0.000133 -0.000084 0.349407 0.000000 0.000000
    14 11.530657 0.000349 -0.001308 -0.000005 0.000009 -1.343475
    15 -0.829338 0.893824 0.079659 -0.148839 0.047645 0.087266
    16 0.500225 0.000132 0.000072 -0.090873 0.000000 0.000000
    17 11.532495 0.000526 0.003814 0.000066 0.000014 -0.737892
    18 -0.829586 0.894698 -0.079468 0.045377 -0.019621 0.087266
    19 10.599886 0.000105 -0.000553 -0.299467 0.000000 0.000000
    20 0.311077 -0.388466 -0.000805 0.000024 0.000047 0.671787
    21 11.042053 0.003717 0.000798 -0.575875 0.018170 0.302752
    22 -11.814724 0.424524 -0.297680 0.247998 -0.066121 -0.042695
    23 10.599878 0.000105 0.000549 0.680702 0.000000 0.000000
    24 0.115757 -0.279088 0.000801 0.000000 0.000049 0.368915
    25 11.041739 0.003170 -0.000568 0.432861 0.332269 -0.858789
    26 -11.663242 0.094713 0.140656 -0.068591 0.018527 -0.015099
    27 0.610300 -0.939470 0.070347 -1.655245 -0.140091 -0.175616
    28 0.639938 -0.199121 0.060192 -1.665909 -0.131392 -0.066435
    29 0.600155 1.080260 -0.339535 -1.813982 0.250476 -0.063851
    30 0.610207 0.400743 -0.010098 -1.816211 0.108338 0.008872
    31 0.630809 -0.690091 -0.232343 0.392904 0.069911 -1.039729
    32 -0.792125 0.203736 0.461304 1.439074 -0.003453 -0.018305
    33 0.610300 -0.939469 -0.070354 1.655295 0.140055 -0.175652
    34 0.639938 -0.199121 -0.060200 1.665960 0.131416 -0.066435
    35 0.600157 1.080260 0.339531 1.741577 -0.203951 0.075913
    36 0.610205 0.400743 0.010086 1.761892 -0.015361 0.028035
    37 0.627906 -0.691394 0.232270 -1.014489 -0.861409 -0.665993
    38 -0.626031 -0.069982 -0.080517 -1.447153 0.086151 0.021559
    39 2.621377 -0.002532 -0.001438 -0.198675 0.050356 0.219173
    40 2.660837 0.000397 -0.000071 -0.244393 0.283824 0.793406
    41 2.202488 0.003364 -0.002863 -0.445955 0.357537 0.841751
    42 0.599950 0.959236 -0.300102 -0.174544 0.000000 0.000000
    43 2.557190 -0.001967 0.002453 -0.528730 0.313512 0.524132
    44 2.098929 0.000032 -0.002193 -0.490047 0.195537 0.349325
    45 0.999378 -0.000238 -1.053115 0.000000 0.000000 0.000000
    46 -0.122641 -0.721855 0.661686 -0.486644 0.223964 0.243056
    47 2.622112 -0.000648 0.002741 -0.053026 0.086883 -0.048142
    48 2.657909 0.000687 -0.000533 0.200369 0.214671 1.264724
    49 2.200014 0.001663 0.000836 0.236792 0.017724 1.474129
    50 0.599949 0.959244 0.300102 0.174544 0.000000 0.000000
    51 2.556571 -0.000385 0.000554 0.236787 0.177136 1.399512
    52 2.103853 0.001708 -0.001011 0.124843 -0.418702 0.877014
    53 0.999376 -0.000240 1.490624 -0.000012 0.000000 0.946917
    54 0.310848 -0.606446 -0.498005 0.308107 -0.197598 0.313975
    55 1.869163 -0.000835 -0.000994 -0.000007 0.000003 -0.009745
    56 1.200941 0.399582 -0.000237 -0.009465 0.016087 0.007127
    57 0.000586 0.100342 -0.000319 -0.120035 -0.021926 -0.209617
    58 -0.161663 0.051712 0.194808 -2.941982 0.122408 -0.060194
    59 2.010090 -0.003202 -0.003377 0.000006 0.000001 0.391729
    60 0.000237 0.099800 -0.000395 -0.018823 0.010833 -0.239219
    61 -0.203197 0.048607 0.069150 -3.093332 0.033217 -0.046722
    62 1.180426 -0.002312 0.000781 -0.000025 -0.000012 0.323878
    63 -0.000196 0.099625 -0.000034 0.000000 0.000000 -0.314102
    64 -0.088737 -0.688435 -0.145203 2.930407 -0.136130 0.513013
    65 1.712069 -0.003328 0.003818 -0.023971 0.014193 0.694785
    66 -0.000576 0.100143 -0.000311 -0.010914 0.023131 -0.260843
    67 -0.146027 -0.232426 -0.014225 3.028455 -0.094299 0.113020
    68 1.290634 0.000361 -0.000036 0.000000 0.000000 0.167525
    69 -0.658119 -0.003576 0.072643 -0.142711 0.027792 -0.077299
    70 1.868078 -0.003049 0.002177 -0.000009 0.000003 1.450101
    71 1.200075 0.399942 -0.000093 0.009465 -0.016087 0.007127
    72 0.000589 0.100342 0.000319 0.120035 0.021926 -0.209617
    73 0.068073 0.002283 -0.080050 3.111376 -0.069366 -0.060847
    74 2.011874 -0.001179 0.002180 -0.000061 -0.000037 1.378946
    75 0.000233 0.099800 0.000395 0.018823 -0.010833 -0.239219
    76 -0.018673 -0.001009 0.047544 3.109244 0.002635 -0.106673
    77 1.178665 0.001595 0.000845 0.000006 -0.000001 0.743912
    78 -0.000196 0.099628 0.000034 0.000000 0.000000 -0.314102
    79 0.036894 -0.634449 0.266284 -2.801062 0.174301 0.490915
    80 1.708256 -0.002504 -0.000686 -0.000046 0.000023 1.160590
    81 -0.000580 0.100140 0.000311 0.010910 -0.023132 -0.260845
    82 -0.003952 -0.281811 0.115047 -3.059162 0.089004 0.167964
    83 1.289625 0.000042 0.000061 0.000034 -0.000010 0.672669
    84 -0.171526 -0.018150 -0.099873 0.013484 -0.062184 -0.011781
    85 0.916622 0.003336 0.001326 -0.000041 -0.000027 0.530729
    86 -0.342617 0.053402 -0.025571 -2.909301 -0.017248 0.075276
    87 1.100231 -0.000928 -0.002434 0.000009 0.000002 0.372720
    88 -0.384979 0.331001 0.006848 -3.087207 -0.018765 -0.184278
    89 0.678146 0.002286 -0.003905 -0.000006 0.000041 0.139609
    90 -0.123848 0.072738 0.029507 2.898184 -0.060627 0.094835
    91 1.017166 -0.000154 -0.000252 -0.000011 -0.000002 0.255603
    92 -0.344990 0.123129 0.143151 2.994981 0.012396 0.059140
    93 -0.730989 0.177046 0.039141 -0.123731 0.076518 -0.084310
    94 0.921993 0.001298 -0.000896 -0.000026 0.000001 0.471806
    95 -0.124023 -0.052090 0.038495 3.077813 -0.008519 0.039229
    96 1.100433 -0.003552 0.000502 -0.000018 0.000054 0.545699
    97 -0.330082 0.160639 0.042780 3.128073 0.034033 -0.171236
    98 0.679764 0.001532 0.003272 0.000002 0.000003 0.674840
    99 -0.019512 -0.016531 0.038578 -2.763781 0.050305 0.076829
    100 1.019531 -0.000003 0.000000 0.000000 0.000000 0.497026
    101 -0.155308 0.130644 -0.021921 -3.022466 0.022433 -0.024902
    102 -0.252207 0.061937 -0.024914 -0.007671 -0.063171 -0.044392
    103 -0.085995 0.185205 -0.015180 -2.937063 -0.113970 -0.138991
    104 -0.286533 0.179852 0.024264 -3.109353 -0.049645 -0.029914
    105 -0.019482 0.147083 0.079203 2.893815 0.038585 -0.060594
    106 -0.046482 0.251896 0.129548 3.016165 0.077112 -0.042864
    107 0.039124 -0.040295 0.047739 3.084219 0.030470 -0.037414
    108 -0.233757 0.066630 0.001754 -3.133087 0.040141 -0.065412
    109 0.044266 0.020131 0.001684 -2.778763 -0.118872 -0.040488
    110 0.071495 0.074128 -0.048302 -3.035917 -0.059482 0.104366
    111 0.000000 0.000000 0.000000 0.000000 0.000000 -1.570796
    112 -4.652486 -7.968993 -9.633106 0.771282 -0.757311 -1.733312
    113 0.000000 0.000000 0.000000 0.000000 0.000000 0.000000
    114 -5.640797 -15.652821 -2.703207 0.771284 -0.757122 -1.733390
    115 3.096000 0.000000 -1.996000 0.000000 0.000000 0.000000
    116 3.040999 0.000000 1.202000 0.000000 0.000000 0.000000
    117 7.854000 0.000000 -0.042000 0.000000 0.000000 -0.000027
    118 13.105999 0.000000 -0.006000 0.000000 0.000000 0.000027
    119 3.456000 0.000000 -1.084000 0.000000 0.000000 0.000013
    120 1.804000 0.000000 -1.025000 0.000000 0.000000 0.000000
    121 7.098000 0.000000 -1.084000 0.000000 0.000000 0.000000
    122 1.868000 1.809000 -1.975000 -2.218442 -0.017124 -0.465675
    123 3.740000 0.000000 1.273000 0.000000 0.000000 0.000013
    124 11.956999 0.000000 -0.006000 0.000000 0.000000 0.000027
    125 6.072001 0.000000 -1.238000 0.000000 0.000000 0.000000
    126 5.690000 -0.365000 0.068000 -0.000040 -0.349041 -1.570749
    127 6.396999 0.614000 0.428000 0.000000 0.000000 -0.000027
    128 3.040999 0.000000 1.202000 0.000000 0.000000 0.000000
    129 3.720000 0.000000 1.202000 0.000000 0.000000 0.000000
    130 1.086000 -0.661000 -0.149000 0.000000 0.000000 0.000000
    131 1.067000 0.589000 0.076000 0.000000 0.000000 0.000000
    132 0.000000 -0.019000 0.000000 0.000000 0.000000 0.000000
    133 0.000000 -0.019000 0.000000 0.000000 0.000000 0.000000
    134 3.300000 -0.019000 1.346000 0.000000 0.000000 0.000000
    135 -1.524000 -1.859000 -4.367000 -1.730250 -0.014891 0.208056
    136 7.283999 0.000000 -2.195000 0.000000 0.000000 -0.000027
    137 -1.323000 0.000000 0.184000 0.000000 0.000000 0.000000
    138 0.082000 0.000000 1.002000 0.000000 0.000000 0.000000
    139 -55.394963 -20.442030 -22.539350 -0.862362 0.642032 -0.461243
    140 0.478000 0.000000 -4.537000 0.000000 0.000000 -0.000013
    141 3.436000 0.000000 1.202000 0.000000 0.000000 0.000000
    142 3.040999 0.000000 1.202000 0.000000 0.000000 0.000000
    143 4.657000 0.000000 1.545000 0.000000 0.000000 -0.000013
    144 -0.403000 0.000000 -0.011000 0.000000 0.000000 0.000000
    145 1.781000 0.000000 0.873000 0.000000 0.000000 0.000000
    146 0.384000 0.715000 0.801000 0.000000 0.000000 0.000000
    147 1.795000 0.533000 -1.550000 0.000000 0.000000 0.000000
    148 4.435999 0.595000 -0.954000 0.000000 0.000000 0.000000
    149 4.401999 -0.614000 -1.630000 0.000000 0.000000 0.000000
    150 4.203000 -0.003000 -0.048000 0.000000 0.000000 0.000000
    151 5.136000 0.000000 1.534000 0.000000 0.000000 -0.000027
    152 11.957001 0.000000 -0.006000 0.000000 0.000000 0.000027
    153 -2.103001 0.000000 0.000000 0.000000 0.000000 0.000000
    154 -0.598001 0.000000 -0.011000 0.000000 0.000000 -0.000013
    155 0.496000 0.184000 -3.523000 0.000000 0.000000 0.000000
    156 0.147000 0.184000 -0.328000 0.000000 0.000000 0.000000
    157 0.147000 0.184000 0.023000 0.000000 0.000000 0.000000
    158 0.147000 0.184000 0.368000 0.000000 0.000000 0.000000
    159 0.147000 0.184000 0.717000 0.000000 0.000000 0.000000
    160 0.147000 0.184000 1.067000 0.000000 0.000000 0.000000
    161 0.148000 0.184000 1.414000 0.000000 0.000000 0.000000
    162 0.148000 -0.074000 1.640000 0.000000 0.000000 0.000000
    163 0.435000 0.184000 -3.179000 0.000000 0.000000 0.000000
    164 0.378000 0.184000 -2.826000 0.000000 0.000000 0.000000
    165 0.329000 0.184000 -2.477000 0.000000 0.000000 0.000000
    166 0.286000 0.184000 -2.127000 0.000000 0.000000 0.000000
    167 0.252000 0.184000 -1.775000 0.000000 0.000000 0.000000
    168 0.215000 0.184000 -1.417000 0.000000 0.000000 0.000000
    169 0.190000 0.184000 -1.064000 0.000000 0.000000 0.000000
    170 0.166000 0.184000 -0.714000 0.000000 0.000000 0.000000
    171 1.622000 0.000000 1.568000 0.000000 0.000000 0.000013
    172 2.240000 0.000000 1.568000 0.000000 0.000000 0.000013
    173 0.000000 0.000000 0.000000 0.000000 0.000000 0.000000
    174 0.000006 -0.006207 -4.863281 -3.140338 -0.002958 -3.128596
    175 1.000088 -0.000029 0.000000 0.000000 0.000000 0.000000
    176 17.162518 -0.000404 0.000000 0.000000 0.000000 0.119207
    177 17.749374 0.295515 0.000000 0.000000 0.000000 -1.158917
    178 5.413528 0.000347 0.000000 0.000000 0.000000 -0.518029
    179 0.017887 0.299792 0.000000 0.000000 0.000000 -0.059577
    180 9.999889 -0.000303 0.000000 0.000000 0.000000 0.000000
    181 0.000004 0.006218 4.863281 -3.140338 -0.002958 -3.128596
    182 1.000088 -0.000029 0.000000 0.000000 0.000000 0.000000
    183 12.283573 1.581455 -4.695999 1.462269 -0.086726 0.090185
    184 17.162518 -0.000404 0.000000 0.000000 0.000000 0.119207
    185 17.749374 0.295515 0.000000 0.000000 0.000000 -1.158919
    186 5.413528 0.000347 0.000000 0.000000 0.000000 -0.518029
    187 0.017887 0.299792 0.000000 0.000000 0.000000 -0.059571
    188 9.499836 0.000212 0.000000 0.000000 0.000000 0.000000
    189 -1.145525 0.000130 0.000671 0.000000 0.000000 0.000000
    190 -0.857691 0.104071 0.104687 0.023536 0.163924 0.013632
    191 3.999430 -0.000528 -0.000332 -0.299483 0.000000 0.000000
    192 0.599499 0.400698 0.000236 0.000000 0.000000 0.000000
    193 0.599886 0.400186 -0.000027 0.000000 0.000000 0.000000
    194 2.299677 -2.499979 -0.599480 0.891899 0.221475 -0.527234
    195 1.396219 -2.158199 -4.429771 2.741699 -0.394874 -0.424190
    196 -9.580679 -27.862108 -37.184677 0.812879 -0.123459 -0.568477
    197 0.649935 -0.548296 0.093658 -1.665913 -0.131399 -0.112062
    198 1.899127 0.000427 -0.000439 0.027386 -0.033311 0.477848
    199 0.657078 0.008400 0.040375 -1.665945 -0.131407 -0.000013
    200 1.799664 -0.000240 0.000231 0.027386 -0.033311 0.477848
    201 1.799664 -0.000240 0.000231 0.027386 -0.033311 0.477848
    202 1.799664 -0.000240 0.000231 0.027386 -0.033311 0.477848
    203 0.665774 0.747222 -0.029186 -1.665935 -0.131408 0.094976
    204 1.900306 -0.000137 -0.000517 0.027386 -0.033311 0.477848
    205 6.904260 0.153366 5.106454 2.481220 1.298626 -1.521073
    206 3.999897 0.000040 0.001007 0.340377 0.000000 0.000000
    207 0.600403 0.399632 -0.000469 0.000000 0.000000 3.141497
    208 0.599890 0.400186 0.000031 0.000000 0.000000 3.141497
    209 2.300137 -2.499413 0.600155 -0.891927 -0.221523 -0.527258
    210 12.103249 -3.649587 -1.238105 1.733585 0.203059 0.048157
    211 2.762354 0.116951 1.523975 1.629482 0.064153 1.743800
    212 7.228317 7.928200 -3.925652 2.328713 0.123459 -0.568477
    213 0.650396 -0.547731 -0.092976 1.665913 0.131399 -0.112062
    214 1.899441 -0.000320 -0.000150 -0.027386 0.033311 0.477848
    215 0.657068 0.008398 -0.040379 1.665945 0.131407 -0.000013
    216 1.799659 -0.000233 -0.000233 -0.027386 0.033311 0.477848
    217 1.799659 -0.000233 -0.000233 -0.027386 0.033311 0.477848
    218 1.799659 -0.000233 -0.000233 -0.027386 0.033311 0.477848
    219 0.665778 0.747222 0.029179 1.665935 0.131408 0.094976
    220 1.900722 0.000549 -0.000072 -0.027386 0.033311 0.477848
    221 4.530998 0.000000 0.000000 0.000000 0.000000 0.000000
    222 4.527344 0.000000 0.000000 0.000000 0.000000 0.000000
    223 0.000000 0.000000 0.000000 0.000000 0.000000 0.000000
    224 0.000000 0.000000 0.000000 0.000000 0.000000 0.000000
    225 4.000000 -6.496094 0.008293 -0.001274 0.000001 0.000975
    226 -6.500000 0.000000 0.000000 -1.537381 1.569552 -1.537381
    227 16.668246 -5.636642 9.106879 0.771282 -0.757248 -0.162514
    228 0.280000 -0.135000 2.196999 1.570796 0.000000 -1.570735
    229 0.000000 0.000000 0.000000 0.000000 0.000000 0.000000
    230 0.000000 0.000000 0.000000 0.012104 0.007490 -0.008976
    231 0.106000 0.000000 -64.320000 0.000000 0.000000 0.000000
    232 0.000000 0.000000 0.000000 0.000000 0.000000 0.000000
    233 -0.106000 0.000000 64.320000 0.000000 0.000000 0.000000
    234 -4.719758 -19.638646 -1.235418 0.771271 -0.757306 -1.733362
    235 0.000000 0.000000 0.000000 0.000000 -0.000036 0.000055
    236 1.688000 -0.001000 -1.454002 0.000000 0.000000 0.000000
    237 -1.070999 -0.005000 0.545002 0.000000 0.000000 0.000000
    238 5.895000 0.750997 -0.156000 0.000000 0.000000 0.000000
    239 11.599999 -0.000003 -1.500002 0.000000 0.000000 0.000000
    240 -3.802991 5.150613 -5.505911 -1.515123 -0.074947 -0.291635
    241 7.216001 -0.000003 -1.579000 0.000000 0.000000 0.000000
    242 4.488969 0.039061 -1.500000 0.000000 0.000000 0.000000
    243 0.673937 -0.015635 -4.768713 -3.141592 -1.281051 3.141593
    244 0.094999 -0.144000 0.332001 0.000000 0.000000 0.000000
    245 14.209020 0.000022 0.766988 0.000000 0.000000 0.000000
    246 0.000000 0.000000 0.000000 1.570800 0.000000 -1.570796
  time 36
    0 0.000000 0.000000 0.000000 0.000000 0.000000 -1.570796
    1 -0.106750 -0.000001 -0.000351 0.000000 0.000000 0.000000
    2 0.000000 0.000000 0.000000 0.000000 0.000000 0.000000
    3 -0.904000 0.000000 -11.806000 0.000000 0.000000 0.000000
    4 0.000000 0.000000 -14.313999 1.572085 -1.570793 0.000000
    5 3.533001 0.000000 0.000000 -0.001274 0.000000 0.000000
    6 6.250000 0.000000 0.000000 0.000000 0.000000 0.000000
    7 9.568951 -0.019507 -1.944020 -1.295302 0.862419 -1.559560
    8 9.570313 5.304688 2.056641 -1.552151 -1.032979 1.554747
    9 5.786820 0.002787 -0.000113 -1.104883 0.277440 -1.069967
    10 5.999492 -0.000592 -4.000343 0.000000 0.000000 0.000000
    11 5.787410 0.002582 0.000893 1.257127 -0.709185 -2.175470
    12 5.999492 -0.000592 4.000340 0.000000 0.000000 0.000000
    13 0.500225 0.000133 -0.000084 0.339944 0.000000 0.000000
    14 11.530657 0.000349 -0.001308 -0.000053 -0.000027 -1.316242
    15 -0.829338 0.893824 0.079659 -0.148839 0.047645 0.087266
    16 0.500225 0.000132 0.000072 -0.085004 0.000000 0.000000
    17 11.532495 0.000526 0.003814 0.000006 -0.000010 -0.713077
    18 -0.829586 0.894698 -0.079468 0.045377 -0.019621 0.087266
    19 10.599886 0.000105 -0.000553 -0.327232 0.000000 0.000000
    20 0.299358 -0.384559 -0.000805 0.000060 -0.000013 0.658147
    21 11.042053 0.003717 0.000798 -0.644142 0.010167 0.199211
    22 -11.814724 0.424524 -0.297680 0.247998 -0.066121 -0.042695
    23 10.599878 0.000105 0.000549 0.573485 0.000036 0.000072
    24 0.111851 -0.279088 0.000801 0.000000 -0.000011 0.356567
    25 11.041739 0.003170 -0.000568 0.357383 0.313833 -0.878162
    26 -11.663242 0.094713 0.140656 -0.068591 0.018527 -0.015099
    27 0.610300 -0.939470 0.070347 -1.655245 -0.140091 -0.175616
    28 0.639938 -0.199121 0.060192 -1.665909 -0.131392 -0.066435
    29 0.600155 1.080260 -0.339535 -1.813982 0.250476 -0.063851
    30 0.610207 0.400743 -0.010098 -1.816211 0.108338 0.008872
    31 0.630809 -0.690091 -0.232343 0.390310 0.061796 -1.005666
    32 -0.792125 0.203736 0.461304 1.439074 -0.003453 -0.018305
    33 0.610300 -0.939469 -0.070354 1.655295 0.140055 -0.175652
    34 0.639938 -0.199121 -0.060200 1.665960 0.131416 -0.066435
    35 0.600157 1.080260 0.339531 1.741577 -0.203951 0.075913
    36 0.610205 0.400743 0.010086 1.761892 -0.015349 0.028035
    37 0.627906 -0.691394 0.232270 -1.014489 -0.861409 -0.665993
    38 -0.626031 -0.069982 -0.080517 -1.447153 0.086151 0.021559
    39 2.621377 -0.002532 -0.001438 -0.198694 0.050342 0.219213
    40 2.660837 0.000397 -0.000071 -0.244415 0.283824 0.793406
    41 2.202488 0.003364 -0.002863 -0.445955 0.357561 0.841751
    42 0.599950 0.959236 -0.300102 -0.174544 0.000000 0.000000
    43 2.557190 -0.001967 0.002453 -0.528730 0.313512 0.524132
    44 2.098929 0.000032 -0.002193 -0.495702 0.179741 0.319244
    45 0.999378 -0.000238 -1.057021 0.000000 0.000000 0.000000
    46 -0.122641 -0.721855 0.661686 -0.486644 0.223964 0.243056
    47 2.622112 -0.000648 0.002741 -0.053026 0.086883 -0.048142
    48 2.657909 0.000687 -0.000533 0.200369 0.214671 1.264724
    49 2.200014 0.001663 0.000836 0.236792 0.017724 1.474129
    50 0.599949 0.959244 0.300102 0.174544 0.000000 0.000000
    51 2.556571 -0.000385 0.000554 0.236787 0.177136 1.399512
    52 2.103853 0.001708 -0.001011 0.124843 -0.418702 0.877014
    53 0.999376 -0.000240 1.490624 -0.000012 0.000000 0.946917
    54 0.310848 -0.606446 -0.498005 0.308107 -0.197598 0.313975
    55 1.869163 -0.000835 -0.000994 -0.000007 0.000003 -0.009745
    56 1.200941 0.399582 -0.000237 -0.009465 0.016087 0.007127
    57 0.000586 0.100342 -0.000319 -0.120035 -0.021926 -0.209617
    58 -0.161663 0.051712 0.194808 -2.941982 0.122408 -0.060194
    59 2.010090 -0.003202 -0.003377 0.000006 0.000001 0.391729
    60 0.000237 0.099800 -0.000395 -0.018823 0.010833 -0.239219
    61 -0.203197 0.048607 0.069150 -3.093332 0.033217 -0.046722
    62 1.180426 -0.002312 0.000781 -0.000037 -0.000024 0.323878
    63 -0.000196 0.099625 -0.000034 0.000000 0.000000 -0.314102
    64 -0.088737 -0.688435 -0.145203 2.930407 -0.136130 0.513013
    65 1.712069 -0.003328 0.003818 -0.023971 0.014193 0.694836
    66 -0.000576 0.100143 -0.000311 -0.010914 0.023131 -0.260843
    67 -0.146027 -0.232426 -0.014225 3.028455 -0.094299 0.113020
    68 1.290634 0.000361 -0.000036 0.000000 0.000000 0.184160
    69 -0.658119 -0.003576 0.072643 -0.142711 0.027792 -0.077299
    70 1.868078 -0.003049 0.002177 -0.000009 0.000003 1.450101
    71 1.200075 0.399942 -0.000093 0.009465 -0.016087 0.007127
    72 0.000589 0.100342 0.000319 0.120035 0.021926 -0.209617
    73 0.068073 0.002283 -0.080050 3.111376 -0.069366 -0.060847
    74 2.011874 -0.001179 0.002180 -0.000061 -0.000037 1.378946
    75 0.000233 0.099800 0.000395 0.018823 -0.010833 -0.239219
    76 -0.018673 -0.001009 0.047544 3.109244 0.002635 -0.106673
    77 1.178665 0.001595 0.000845 0.000006 -0.000001 0.743912
    78 -0.000196 0.099628 0.000034 0.000000 0.000000 -0.314102
    79 0.036894 -0.634449 0.266284 -2.801062 0.174301 0.490915
    80 1.708256 -0.002504 -0.000686 -0.000046 0.000035 1.160590
    81 -0.000580 0.100140 0.000311 0.010910 -0.023132 -0.260845
    82 -0.003952 -0.281811 0.115047 -3.059162 0.089004 0.167964
    83 1.289625 0.000042 0.000061 0.000034 -0.000010 0.672669
    84 -0.171526 -0.018150 -0.099873 0.013484 -0.062184 -0.011781
    85 0.916622 0.003336 0.001326 -0.000029 -0.000015 0.530729
    86 -0.342617 0.053402 -0.025571 -2.909301 -0.017248 0.075276
    87 1.100231 -0.000928 -0.002434 0.000009 0.000002 0.372720
    88 -0.384979 0.331001 0.006848 -3.087207 -0.018765 -0.184278
    89 0.678146 0.002286 -0.003905 -0.000006 0.000041 0.139722
    90 -0.123848 0.072738 0.029507 2.898184 -0.060627 0.094835
    91 1.017166 -0.000154 -0.000252 -0.000011 -0.000002 0.255603
    92 -0.344990 0.123129 0.143151 2.994981 0.012396 0.059140
    93 -0.730989 0.177046 0.039141 -0.123731 0.076518 -0.084310
    94 0.921993 0.001298 -0.000896 -0.000026 0.000001 0.471806
    95 -0.124023 -0.052090 0.038495 3.077813 -0.008519 0.039229
    96 1.100433 -0.003552 0.000502 -0.000018 0.000054 0.545699
    97 -0.330082 0.160639 0.042780 3.128073 0.034033 -0.171236
    98 0.679764 0.001532 0.003272 0.000002 0.000003 0.674840
    99 -0.019512 -0.016531 0.038578 -2.763781 0.050305 0.076829
    100 1.019531 -0.000003 0.000000 0.000000 0.000000 0.497026
    101 -0.155308 0.130644 -0.021921 -3.022466 0.022433 -0.024902
    102 -0.252207 0.061937 -0.024914 -0.007671 -0.063171 -0.044392
    103 -0.085995 0.185205 -0.015180 -2.937063 -0.113970 -0.138991
    104 -0.286533 0.179852 0.024264 -3.109353 -0.049645 -0.029914
    105 -0.019482 0.147083 0.079203 2.893815 0.038585 -0.060594
    106 -0.046482 0.251896 0.129548 3.016165 0.077112 -0.042864
    107 0.039124 -0.040295 0.047739 3.084219 0.030470 -0.037414
    108 -0.233757 0.066630 0.001754 -3.133087 0.040141 -0.065412
    109 0.044266 0.020131 0.001684 -2.778763 -0.118872 -0.040488
    110 0.071495 0.074128 -0.048302 -3.035917 -0.059482 0.104366
    111 0.000000 0.000000 0.000000 0.000000 0.000000 -1.570796
    112 -4.535295 -7.898679 -10.105777 0.682332 -0.750780 -1.732099
    113 0.000000 0.000000 0.000000 0.000000 0.000000 0.000000
    114 -5.547044 -15.648915 -3.238380 0.682052 -0.750638 -1.732085
    115 3.096000 0.000000 -1.996000 0.000000 0.000000 0.000000
    116 3.040999 0.000000 1.202000 0.000000 0.000000 0.000000
    117 7.854000 0.000000 -0.042000 0.000000 0.000000 -0.000027
    118 13.105999 0.000000 -0.006000 0.000000 0.000000 0.000027
    119 3.456000 0.000000 -1.084000 0.000000 0.000000 0.000013
    120 1.804000 0.000000 -1.025000 0.000000 0.000000 0.000000
    121 7.098000 0.000000 -1.084000 0.000000 0.000000 0.000000
    122 1.868000 1.809000 -1.975000 -2.218442 -0.017124 -0.465675
    123 3.740000 0.000000 1.273000 0.000000 0.000000 0.000013
    124 11.956999 0.000000 -0.006000 0.000000 0.000000 0.000027
    125 6.072001 0.000000 -1.238000 0.000000 0.000000 0.000000
    126 5.690000 -0.365000 0.068000 -0.000040 -0.349041 -1.570749
    127 6.396999 0.614000 0.428000 0.000000 0.000000 -0.000027
    128 3.040999 0.000000 1.202000 0.000000 0.000000 0.000000
    129 3.720000 0.000000 1.202000 0.000000 0.000000 0.000000
    130 1.086000 -0.661000 -0.149000 0.000000 0.000000 0.000000
    131 1.067000 0.589000 0.076000 0.000000 0.000000 0.000000
    132 0.000000 -0.019000 0.000000 0.000000 0.000000 0.000000
    133 0.000000 -0.019000 0.000000 0.000000 0.000000 0.000000
    134 3.300000 -0.019000 1.346000 0.000000 0.000000 0.000000
    135 -1.524000 -1.859000 -4.367000 -1.730250 -0.014891 0.208056
    136 7.283999 0.000000 -2.195000 0.000000 0.000000 -0.000027
    137 -1.323000 0.000000 0.184000 0.000000 0.000000 0.000000
    138 0.082000 0.000000 1.002000 0.000000 0.000000 0.000000
    139 -54.809007 -18.258370 -24.226901 -0.758176 0.673621 -0.393832
    140 0.478000 0.000000 -4.537000 0.000000 0.000000 -0.000013
    141 3.436000 0.000000 1.202000 0.000000 0.000000 0.000000
    142 3.040999 0.000000 1.202000 0.000000 0.000000 0.000000
    143 4.657000 0.000000 1.545000 0.000000 0.000000 -0.000013
    144 -0.403000 0.000000 -0.011000 0.000000 0.000000 0.000000
    145 1.781000 0.000000 0.873000 0.000000 0.000000 0.000000
    146 0.384000 0.715000 0.801000 0.000000 0.000000 0.000000
    147 1.795000 0.533000 -1.550000 0.000000 0.000000 0.000000
    148 4.435999 0.595000 -0.954000 0.000000 0.000000 0.000000
    149 4.401999 -0.614000 -1.630000 0.000000 0.000000 0.000000
    150 4.203000 -0.003000 -0.048000 0.000000 0.000000 0.000000
    151 5.136000 0.000000 1.534000 0.000000 0.000000 -0.000027
    152 11.957001 0.000000 -0.006000 0.000000 0.000000 0.000027
    153 -2.103001 0.000000 0.000000 0.000000 0.000000 0.000000
    154 -0.598001 0.000000 -0.011000 0.000000 0.000000 -0.000013
    155 0.496000 0.184000 -3.523000 0.000000 0.000000 0.000000
    156 0.147000 0.184000 -0.328000 0.000000 0.000000 0.000000
    157 0.147000 0.184000 0.023000 0.000000 0.000000 0.000000
    158 0.147000 0.184000 0.368000 0.000000 0.000000 0.000000
    159 0.147000 0.184000 0.717000 0.000000 0.000000 0.000000
    160 0.147000 0.184000 1.067000 0.000000 0.000000 0.000000
    161 0.148000 0.184000 1.414000 0.000000 0.000000 0.000000
    162 0.148000 -0.074000 1.640000 0.000000 0.000000 0.000000
    163 0.435000 0.184000 -3.179000 0.000000 0.000000 0.000000
    164 0.378000 0.184000 -2.826000 0.000000 0.000000 0.000000
    165 0.329000 0.184000 -2.477000 0.000000 0.000000 0.000000
    166 0.286000 0.184000 -2.127000 0.000000 0.000000 0.000000
    167 0.252000 0.184000 -1.775000 0.000000 0.000000 0.000000
    168 0.215000 0.184000 -1.417000 0.000000 0.000000 0.000000
    169 0.190000 0.184000 -1.064000 0.000000 0.000000 0.000000
    170 0.166000 0.184000 -0.714000 0.000000 0.000000 0.000000
    171 1.622000 0.000000 1.568000 0.000000 0.000000 0.000013
    172 2.240000 0.000000 1.568000 0.000000 0.000000 0.000013
    173 0.000000 0.000000 0.000000 0.000000 0.000000 0.000000
    174 0.000006 -0.006207 -4.863281 -3.140338 -0.002958 -3.128596
    175 1.000088 -0.000029 0.000000 0.000000 0.000000 0.000000
    176 17.162518 -0.000404 0.000000 0.000000 0.000000 0.119207
    177 17.749374 0.295515 0.000000 0.000000 0.000000 -1.158917
    178 5.413528 0.000347 0.000000 0.000000 0.000000 -0.518029
    179 0.017887 0.299792 0.000000 0.000000 0.000000 -0.059577
    180 9.999889 -0.000303 0.000000 0.000000 0.000000 0.000000
    181 0.000004 0.006218 4.863281 -3.140338 -0.002958 -3.128596
    182 1.000088 -0.000029 0.000000 0.000000 0.000000 0.000000
    183 12.283573 1.581455 -4.695999 1.462269 -0.086726 0.090185
    184 17.162518 -0.000404 0.000000 0.000000 0.000000 0.119207
    185 17.749374 0.295515 0.000000 0.000000 0.000000 -1.158919
    186 5.413528 0.000347 0.000000 0.000000 0.000000 -0.518029
    187 0.017887 0.299792 0.000000 0.000000 0.000000 -0.059571
    188 9.499836 0.000212 0.000000 0.000000 0.000000 0.000000
    189 -1.145525 0.000130 0.000671 0.000000 0.000000 0.000000
    190 -0.857691 0.104071 0.104687 0.023536 0.163924 0.013632
    191 3.999430 -0.000528 -0.000332 -0.327219 0.000000 0.000000
    192 0.599499 0.400698 0.000236 0.000000 0.000000 0.000000
    193 0.599886 0.400186 -0.000027 0.000000 0.000000 0.000000
    194 2.299677 -2.499979 -0.599480 0.891899 0.221475 -0.527234
    195 1.466533 -2.201169 -4.386801 2.742369 -0.414828 -0.430258
    196 -9.580679 -27.862108 -37.184677 0.812879 -0.123459 -0.568477
    197 0.649935 -0.548296 0.093658 -1.665913 -0.131399 -0.112062
    198 1.899127 0.000427 -0.000439 0.027386 -0.033311 0.477848
    199 0.657078 0.008400 0.040375 -1.665945 -0.131407 -0.000013
    200 1.799664 -0.000240 0.000231 0.027386 -0.033311 0.477848
    201 1.799664 -0.000240 0.000231 0.027386 -0.033311 0.477848
    202 1.799664 -0.000240 0.000231 0.027386 -0.033311 0.477848
    203 0.665774 0.747222 -0.029186 -1.665935 -0.131408 0.094976
    204 1.900306 -0.000137 -0.000517 0.027386 -0.033311 0.477848
    205 7.005826 0.090864 4.965825 2.406579 1.303772 -1.598402
    206 3.999897 0.000040 0.001007 0.286772 0.000000 0.000000
    207 0.600403 0.399632 -0.000469 0.000000 0.000000 -3.141592
    208 0.599890 0.400186 0.000031 0.000000 0.000000 -3.141496
    209 2.300137 -2.499413 0.600155 -0.891927 -0.221511 -0.527258
    210 12.103249 -3.649587 -1.238105 1.733585 0.203059 0.048157
    211 2.762354 0.116951 1.523975 1.629482 0.064153 1.743800
    212 7.228317 7.928200 -3.925652 2.328713 0.123459 -0.568477
    213 0.650396 -0.547731 -0.092976 1.665913 0.131399 -0.112062
    214 1.899441 -0.000320 -0.000150 -0.027386 0.033311 0.477848
    215 0.657068 0.008398 -0.040379 1.665945 0.131407 -0.000013
    216 1.799659 -0.000233 -0.000233 -0.027386 0.033311 0.477848
    217 1.799659 -0.000233 -0.000233 -0.027386 0.033311 0.477848
    218 1.799659 -0.000233 -0.000233 -0.027386 0.033311 0.477848
    219 0.665778 0.747222 0.029179 1.665935 0.131408 0.094976
    220 1.900722 0.000549 -0.000072 -0.027386 0.033311 0.477848
    221 4.530998 0.000000 0.000000 0.000000 0.000000 0.000000
    222 4.527344 0.000000 0.000000 0.000000 0.000000 0.000000
    223 0.000000 0.000000 0.000000 0.000000 0.000000 0.000000
    224 0.000000 0.000000 0.000000 0.000000 0.000000 0.000000
    225 4.000000 -6.496094 0.008293 -0.001274 0.000001 0.000975
    226 -6.500000 0.000000 0.000000 -1.537381 1.569552 -1.537381
    227 16.652620 -5.546795 8.567800 0.682332 -0.750674 -0.161302
    228 0.280000 -0.135000 2.196999 1.570796 0.000000 -1.570735
    229 0.000000 0.000000 0.000000 0.000000 0.000000 0.000000
    230 0.000000 0.000000 0.000000 0.008389 0.004686 -0.011697
    231 0.106000 0.000000 -64.320000 0.000000 0.000000 0.000000
    232 0.000000 0.000000 0.000000 0.000000 0.000000 0.000000
    233 -0.106000 0.000000 64.320000 0.000000 0.000000 0.000000
    234 -4.782260 -19.697242 -1.895594 0.682333 -0.750742 -1.732213
    235 0.000000 0.000000 0.000000 0.000000 -0.000036 0.000055
    236 1.688000 -0.001000 -1.454002 0.000000 0.000000 0.000000
    237 -1.070999 -0.005000 0.545002 0.000000 0.000000 0.000000
    238 5.895000 0.750997 -0.156000 0.000000 0.000000 0.000000
    239 11.599999 -0.000003 -1.500002 0.000000 0.000000 0.000000
    240 -3.802991 5.150613 -5.505911 -1.515123 -0.074947 -0.291635
    241 7.216001 -0.000003 -1.579000 0.000000 0.000000 0.000000
    242 4.488969 0.039061 -1.500000 0.000000 0.000000 0.000000
    243 0.673937 -0.015635 -4.768713 -3.141592 -1.281051 3.141593
    244 0.094999 -0.144000 0.332001 0.000000 0.000000 0.000000
    245 14.209020 0.000022 0.766988 0.000000 0.000000 0.000000
    246 0.000000 0.000000 0.000000 1.570800 0.000000 -1.570796
  time 37
    0 0.000000 0.000000 0.000000 0.000000 0.000000 -1.570796
    1 -0.106750 -0.000001 -0.000351 0.000000 0.000000 0.000000
    2 0.000000 0.000000 0.000000 0.000000 0.000000 0.000000
    3 -0.904000 0.000000 -11.806000 0.000000 0.000000 0.000000
    4 0.000000 0.000000 -14.313999 1.572085 -1.570793 0.000000
    5 3.533001 0.000000 0.000000 -0.001274 0.000000 0.000000
    6 6.250000 0.000000 0.000000 0.000000 0.000000 0.000000
    7 9.568951 -0.019507 -1.944020 -1.295302 0.862419 -1.559560
    8 9.570313 5.304688 2.056641 -1.552151 -1.032979 1.554747
    9 5.786820 0.002787 -0.000113 -1.095133 0.285683 -1.071812
    10 5.999492 -0.000592 -4.000343 0.000000 0.000000 0.000000
    11 5.787410 0.002582 0.000893 1.255906 -0.718788 -2.170940
    12 5.999492 -0.000592 4.000340 0.000000 0.000000 0.000000
    13 0.500225 0.000133 -0.000084 0.332846 0.000000 0.000000
    14 11.530657 0.000349 -0.001308 -0.000005 0.000009 -1.303891
    15 -0.829338 0.893824 0.079659 -0.148839 0.047645 0.087266
    16 0.500225 0.000132 0.000072 -0.079069 0.000000 0.000000
    17 11.532495 0.000526 0.003814 0.000006 -0.000010 -0.713400
    18 -0.829586 0.894698 -0.079468 0.045377 -0.019621 0.087266
    19 10.599886 0.000105 -0.000553 -0.339930 0.000000 0.000000
    20 0.287639 -0.376746 -0.000805 0.000036 -0.000001 0.652245
    21 11.042053 0.003717 0.000798 -0.672732 0.001567 0.169307
    22 -11.814724 0.424524 -0.297680 0.247998 -0.066121 -0.042695
    23 10.599878 0.000105 0.000549 0.532241 -0.000012 0.000048
    24 0.107944 -0.279088 0.000801 0.000000 -0.000011 0.356739
    25 11.041739 0.003170 -0.000568 0.333621 0.308490 -0.874538
    26 -11.663242 0.094713 0.140656 -0.068591 0.018527 -0.015099
    27 0.610300 -0.939470 0.070347 -1.655245 -0.140091 -0.175616
    28 0.639938 -0.199121 0.060192 -1.665909 -0.131392 -0.066435
    29 0.600155 1.080260 -0.339535 -1.813982 0.250476 -0.063851
    30 0.610207 0.400743 -0.010098 -1.816211 0.108338 0.008884
    31 0.630809 -0.690091 -0.232343 0.390310 0.061796 -1.005666
    32 -0.792125 0.203736 0.461304 1.439074 -0.003453 -0.018305
    33 0.610300 -0.939469 -0.070354 1.655295 0.140055 -0.175652
    34 0.639938 -0.199121 -0.060200 1.665960 0.131416 -0.066435
    35 0.600157 1.080260 0.339531 1.741577 -0.203939 0.075913
    36 0.610205 0.400743 0.010086 1.761892 -0.015349 0.028035
    37 0.627906 -0.691394 0.232270 -1.014489 -0.861409 -0.665993
    38 -0.626031 -0.069982 -0.080517 -1.447153 0.086151 0.021559
    39 2.621377 -0.002532 -0.001438 -0.198694 0.050328 0.219213
    40 2.660837 0.000397 -0.000071 -0.244438 0.283824 0.793364
    41 2.202488 0.003364 -0.002863 -0.445955 0.357561 0.841751
    42 0.599950 0.959236 -0.300102 -0.174544 0.000000 0.000000
    43 2.557190 -0.001967 0.002453 -0.528730 0.313529 0.524132
    44 2.098929 0.000032 -0.002193 -0.496422 0.177454 0.314995
    45 0.999378 -0.000238 -1.064834 0.000000 0.000000 0.000000
    46 -0.122641 -0.721855 0.661686 -0.486644 0.223964 0.243056
    47 2.622112 -0.000648 0.002741 -0.053026 0.086883 -0.048142
    48 2.657909 0.000687 -0.000533 0.200369 0.214671 1.264724
    49 2.200014 0.001663 0.000836 0.236792 0.017724 1.474129
    50 0.599949 0.959244 0.300102 0.174544 0.000000 0.000000
    51 2.556571 -0.000385 0.000554 0.236787 0.177136 1.399512
    52 2.103853 0.001708 -0.001011 0.124843 -0.418702 0.877014
    53 0.999376 -0.000240 1.490624 -0.000012 0.000000 0.946917
    54 0.310848 -0.606446 -0.498005 0.308107 -0.197598 0.313975
    55 1.869163 -0.000835 -0.000994 -0.000007 0.000003 -0.009745
    56 1.200941 0.399582 -0.000237 -0.009465 0.016087 0.007127
    57 0.000586 0.100342 -0.000319 -0.120035 -0.021926 -0.209617
    58 -0.161663 0.051712 0.194808 -2.941982 0.122408 -0.060194
    59 2.010090 -0.003202 -0.003377 0.000006 0.000001 0.391729
    60 0.000237 0.099800 -0.000395 -0.018823 0.010833 -0.239219
    61 -0.203197 0.048607 0.069150 -3.093332 0.033217 -0.046722
    62 1.180426 -0.002312 0.000781 -0.000049 -0.000024 0.323878
    63 -0.000196 0.099625 -0.000034 0.000000 0.000000 -0.314102
    64 -0.088737 -0.688435 -0.145203 2.930407 -0.136130 0.513013
    65 1.712069 -0.003328 0.003818 -0.023959 0.014193 0.694836
    66 -0.000576 0.100143 -0.000311 -0.010914 0.023131 -0.260843
    67 -0.146027 -0.232426 -0.014225 3.028455 -0.094299 0.113020
    68 1.290634 0.000361 -0.000036 0.000000 0.000000 0.221800
    69 -0.658119 -0.003576 0.072643 -0.142711 0.027792 -0.077299
    70 1.868078 -0.003049 0.002177 -0.000009 0.000015 1.450101
    71 1.200075 0.399942 -0.000093 0.009465 -0.016087 0.007127
    72 0.000589 0.100342 0.000319 0.120035 0.021926 -0.209617
    73 0.068073 0.002283 -0.080050 3.111376 -0.069366 -0.060847
    74 2.011874 -0.001179 0.002180 -0.000061 -0.000037 1.378946
    75 0.000233 0.099800 0.000395 0.018823 -0.010833 -0.239219
    76 -0.018673 -0.001009 0.047544 3.109244 0.002635 -0.106673
    77 1.178665 0.001595 0.000845 0.000006 -0.000001 0.743912
    78 -0.000196 0.099628 0.000034 0.000000 0.000000 -0.314102
    79 0.036894 -0.634449 0.266284 -2.801062 0.174301 0.490915
    80 1.708256 -0.002504 -0.000686 -0.000046 0.000035 1.160556
    81 -0.000580 0.100140 0.000311 0.010910 -0.023132 -0.260845
    82 -0.003952 -0.281811 0.115047 -3.059162 0.089004 0.167964
    83 1.289625 0.000042 0.000061 0.000034 -0.000010 0.672669
    84 -0.171526 -0.018150 -0.099873 0.013484 -0.062184 -0.011781
    85 0.916622 0.003336 0.001326 -0.000017 -0.000003 0.530729
    86 -0.342617 0.053402 -0.025571 -2.909301 -0.017248 0.075276
    87 1.100231 -0.000928 -0.002434 0.000009 0.000002 0.372720
    88 -0.384979 0.331001 0.006848 -3.087207 -0.018765 -0.184278
    89 0.678146 0.002286 -0.003905 -0.000006 0.000053 0.139834
    90 -0.123848 0.072738 0.029507 2.898184 -0.060627 0.094835
    91 1.017166 -0.000154 -0.000252 -0.000011 -0.000002 0.255603
    92 -0.344990 0.123129 0.143151 2.994981 0.012396 0.059140
    93 -0.730989 0.177046 0.039141 -0.123731 0.076518 -0.084310
    94 0.921993 0.001298 -0.000896 -0.000026 0.000001 0.471806
    95 -0.124023 -0.052090 0.038495 3.077813 -0.008519 0.039229
    96 1.100433 -0.003552 0.000502 -0.000006 0.000054 0.545699
    97 -0.330082 0.160639 0.042780 3.128073 0.034033 -0.171236
    98 0.679764 0.001532 0.003272 0.000002 0.000003 0.674840
    99 -0.019512 -0.016531 0.038578 -2.763781 0.050305 0.076829
    100 1.019531 -0.000003 0.000000 0.000000 0.000000 0.497026
    101 -0.155308 0.130644 -0.021921 -3.022466 0.022433 -0.024902
    102 -0.252207 0.061937 -0.024914 -0.007671 -0.063171 -0.044392
    103 -0.085995 0.185205 -0.015180 -2.937063 -0.113970 -0.138991
    104 -0.286533 0.179852 0.024264 -3.109353 -0.049645 -0.029914
    105 -0.019482 0.147083 0.079203 2.893815 0.038585 -0.060594
    106 -0.046482 0.251896 0.129548 3.016165 0.077112 -0.042864
    107 0.039124 -0.040295 0.047739 3.084219 0.030470 -0.037414
    108 -0.233757 0.066630 0.001754 -3.133087 0.040141 -0.065412
    109 0.044266 0.020131 0.001684 -2.778763 -0.118872 -0.040488
    110 0.071495 0.074128 -0.048302 -3.035917 -0.059482 0.104366
    111 0.000000 0.000000 0.000000 0.000000 0.000000 -1.570796
    112 -4.496231 -7.875240 -10.234687 0.651575 -0.743937 -1.731354
    113 0.000000 0.000000 0.000000 0.000000 0.000000 0.000000
    114 -5.496261 -15.676260 -3.441511 0.650434 -0.743170 -1.729940
    115 3.096000 0.000000 -1.996000 0.000000 0.000000 0.000000
    116 3.040999 0.000000 1.202000 0.000000 0.000000 0.000000
    117 7.854000 0.000000 -0.042000 0.000000 0.000000 -0.000027
    118 13.105999 0.000000 -0.006000 0.000000 0.000000 0.000027
    119 3.456000 0.000000 -1.084000 0.000000 0.000000 0.000013
    120 1.804000 0.000000 -1.025000 0.000000 0.000000 0.000000
    121 7.098000 0.000000 -1.084000 0.000000 0.000000 0.000000
    122 1.868000 1.809000 -1.975000 -2.218442 -0.017124 -0.465675
    123 3.740000 0.000000 1.273000 0.000000 0.000000 0.000013
    124 11.956999 0.000000 -0.006000 0.000000 0.000000 0.000027
    125 6.072001 0.000000 -1.238000 0.000000 0.000000 0.000000
    126 5.690000 -0.365000 0.068000 -0.000040 -0.349041 -1.570749
    127 6.396999 0.614000 0.428000 0.000000 0.000000 -0.000027
    128 3.040999 0.000000 1.202000 0.000000 0.000000 0.000000
    129 3.720000 0.000000 1.202000 0.000000 0.000000 0.000000
    130 1.086000 -0.661000 -0.149000 0.000000 0.000000 0.000000
    131 1.067000 0.589000 0.076000 0.000000 0.000000 0.000000
    132 0.000000 -0.019000 0.000000 0.000000 0.000000 0.000000
    133 0.000000 -0.019000 0.000000 0.000000 0.000000 0.000000
    134 3.300000 -0.019000 1.346000 0.000000 0.000000 0.000000
    135 -1.524000 -1.859000 -4.367000 -1.730250 -0.014891 0.208056
    136 7.283999 0.000000 -2.195000 0.000000 0.000000 -0.000027
    137 -1.323000 0.000000 0.184000 0.000000 0.000000 0.000000
    138 0.082000 0.000000 1.002000 0.000000 0.000000 0.000000
    139 -54.480872 -17.609912 -24.953486 -0.719427 0.679579 -0.365728
    140 0.478000 0.000000 -4.537000 0.000000 0.000000 -0.000013
    141 3.436000 0.000000 1.202000 0.000000 0.000000 0.000000
    142 3.040999 0.000000 1.202000 0.000000 0.000000 0.000000
    143 4.657000 0.000000 1.545000 0.000000 0.000000 -0.000013
    144 -0.403000 0.000000 -0.011000 0.000000 0.000000 0.000000
    145 1.781000 0.000000 0.873000 0.000000 0.000000 0.000000
    146 0.384000 0.715000 0.801000 0.000000 0.000000 0.000000
    147 1.795000 0.533000 -1.550000 0.000000 0.000000 0.000000
    148 4.435999 0.595000 -0.954000 0.000000 0.000000 0.000000
    149 4.401999 -0.614000 -1.630000 0.000000 0.000000 0.000000
    150 4.203000 -0.003000 -0.048000 0.000000 0.000000 0.000000
    151 5.136000 0.000000 1.534000 0.000000 0.000000 -0.000027
    152 11.957001 0.000000 -0.006000 0.000000 0.000000 0.000027
    153 -2.103001 0.000000 0.000000 0.000000 0.000000 0.000000
    154 -0.598001 0.000000 -0.011000 0.000000 0.000000 -0.000013
    155 0.496000 0.184000 -3.523000 0.000000 0.000000 0.000000
    156 0.147000 0.184000 -0.328000 0.000000 0.000000 0.000000
    157 0.147000 0.184000 0.023000 0.000000 0.000000 0.000000
    158 0.147000 0.184000 0.368000 0.000000 0.000000 0.000000
    159 0.147000 0.184000 0.717000 0.000000 0.000000 0.000000
    160 0.147000 0.184000 1.067000 0.000000 0.000000 0.000000
    161 0.148000 0.184000 1.414000 0.000000 0.000000 0.000000
    162 0.148000 -0.074000 1.640000 0.000000 0.000000 0.000000
    163 0.435000 0.184000 -3.179000 0.000000 0.000000 0.000000
    164 0.378000 0.184000 -2.826000 0.000000 0.000000 0.000000
    165 0.329000 0.184000 -2.477000 0.000000 0.000000 0.000000
    166 0.286000 0.184000 -2.127000 0.000000 0.000000 0.000000
    167 0.252000 0.184000 -1.775000 0.000000 0.000000 0.000000
    168 0.215000 0.184000 -1.417000 0.000000 0.000000 0.000000
    169 0.190000 0.184000 -1.064000 0.000000 0.000000 0.000000
    170 0.166000 0.184000 -0.714000 0.000000 0.000000 0.000000
    171 1.622000 0.000000 1.568000 0.000000 0.000000 0.000013
    172 2.240000 0.000000 1.568000 0.000000 0.000000 0.000013
    173 0.000000 0.000000 0.000000 0.000000 0.000000 0.000000
    174 0.000006 -0.006207 -4.863281 -3.140338 -0.002958 -3.128596
    175 1.000088 -0.000029 0.000000 0.000000 0.000000 0.000000
    176 17.162518 -0.000404 0.000000 0.000000 0.000000 0.119207
    177 17.749374 0.295515 0.000000 0.000000 0.000000 -1.158917
    178 5.413528 0.000347 0.000000 0.000000 0.000000 -0.518029
    179 0.017887 0.299792 0.000000 0.000000 0.000000 -0.059577
    180 9.999889 -0.000303 0.000000 0.000000 0.000000 0.000000
    181 0.000004 0.006218 4.863281 -3.140338 -0.002958 -3.128596
    182 1.000088 -0.000029 0.000000 0.000000 0.000000 0.000000
    183 12.283573 1.581455 -4.695999 1.462269 -0.086726 0.090185
    184 17.162518 -0.000404 0.000000 0.000000 0.000000 0.119207
    185 17.749374 0.295515 0.000000 0.000000 0.000000 -1.158919
    186 5.413528 0.000347 0.000000 0.000000 0.000000 -0.518029
    187 0.017887 0.299792 0.000000 0.000000 0.000000 -0.059571
    188 9.499836 0.000212 0.000000 0.000000 0.000000 0.000000
    189 -1.145525 0.000130 0.000671 0.000000 0.000000 0.000000
    190 -0.857691 0.104071 0.104687 0.023536 0.163924 0.013632
    191 3.999430 -0.000528 -0.000332 -0.339933 0.000000 0.000000
    192 0.599499 0.400698 0.000236 0.000000 0.000000 0.000000
    193 0.599886 0.400186 -0.000027 0.000000 0.000000 0.000000
    194 2.299677 -2.499979 -0.599480 0.891899 0.221487 -0.527250
    195 1.466533 -2.201169 -4.386801 2.742369 -0.414828 -0.430258
    196 -9.580679 -27.862108 -37.184677 0.812879 -0.123459 -0.568477
    197 0.649935 -0.548296 0.093658 -1.665913 -0.131399 -0.112062
    198 1.899127 0.000427 -0.000439 0.027386 -0.033311 0.477848
    199 0.657078 0.008400 0.040375 -1.665945 -0.131407 -0.000013
    200 1.799664 -0.000240 0.000231 0.027386 -0.033311 0.477848
    201 1.799664 -0.000240 0.000231 0.027386 -0.033311 0.477848
    202 1.799664 -0.000240 0.000231 0.027386 -0.033311 0.477848
    203 0.665774 0.747222 -0.029186 -1.665935 -0.131408 0.094976
    204 1.900306 -0.000137 -0.000517 0.027386 -0.033311 0.477848
    205 7.005826 0.090864 4.965825 2.406579 1.303772 -1.598402
    206 3.999897 0.000040 0.001007 0.266063 0.000000 0.000000
    207 0.600403 0.399632 -0.000469 0.000000 0.000000 -3.141592
    208 0.599890 0.400186 0.000031 0.000000 0.000000 3.141497
    209 2.300137 -2.499413 0.600155 -0.891927 -0.221511 -0.527258
    210 12.103249 -3.649587 -1.238105 1.733585 0.203059 0.048157
    211 2.762354 0.116951 1.523975 1.629482 0.064153 1.743800
    212 7.228317 7.928200 -3.925652 2.328713 0.123459 -0.568477
    213 0.650396 -0.547731 -0.092976 1.665913 0.131399 -0.112062
    214 1.899441 -0.000320 -0.000150 -0.027386 0.033311 0.477848
    215 0.657068 0.008398 -0.040379 1.665945 0.131407 -0.000013
    216 1.799659 -0.000233 -0.000233 -0.027386 0.033311 0.477848
    217 1.799659 -0.000233 -0.000233 -0.027386 0.033311 0.477848
    218 1.799659 -0.000233 -0.000233 -0.027386 0.033311 0.477848
    219 0.665778 0.747222 0.029179 1.665935 0.131408 0.094976
    220 1.900722 0.000549 -0.000072 -0.027386 0.033311 0.477848
    221 4.530998 0.000000 0.000000 0.000000 0.000000 0.000000
    222 4.527344 0.000000 0.000000 0.000000 0.000000 0.000000
    223 0.000000 0.000000 0.000000 0.000000 0.000000 0.000000
    224 0.000000 0.000000 0.000000 0.000000 0.000000 0.000000
    225 4.000000 -6.496094 0.008293 -0.001274 0.000001 0.000975
    226 -6.500000 0.000000 0.000000 -1.537381 1.569552 -1.537381
    227 16.679965 -5.519451 8.380294 0.651575 -0.743877 -0.160649
    228 0.280000 -0.135000 2.196999 1.570796 0.000000 -1.570735
    229 0.000000 0.000000 0.000000 0.000000 0.000000 0.000000
    230 0.000000 0.000000 0.000000 0.015472 0.003763 -0.013519
    231 0.106000 0.000000 -64.320000 0.000000 0.000000 0.000000
    232 0.000000 0.000000 0.000000 0.000000 0.000000 0.000000
    233 -0.106000 0.000000 64.320000 0.000000 0.000000 0.000000
    234 -4.809605 -19.755837 -2.141695 0.651581 -0.743916 -1.731447
    235 0.000000 0.000000 0.000000 0.000000 -0.000036 0.000055
    236 1.688000 -0.001000 -1.454002 0.000000 0.000000 0.000000
    237 -1.070999 -0.005000 0.545002 0.000000 0.000000 0.000000
    238 5.895000 0.750997 -0.156000 0.000000 0.000000 0.000000
    239 11.599999 -0.000003 -1.500002 0.000000 0.000000 0.000000
    240 -3.802991 5.150613 -5.505911 -1.515123 -0.074947 -0.291635
    241 7.216001 -0.000003 -1.579000 0.000000 0.000000 0.000000
    242 4.488969 0.039061 -1.500000 0.000000 0.000000 0.000000
    243 0.673937 -0.015635 -4.768713 -3.141592 -1.281051 3.141593
    244 0.094999 -0.144000 0.332001 0.000000 0.000000 0.000000
    245 14.209020 0.000022 0.766988 0.000000 0.000000 0.000000
    246 0.000000 0.000000 0.000000 1.570800 0.000000 -1.570796
  time 38
    0 0.000000 0.000000 0.000000 0.000000 0.000000 -1.570796
    1 -0.106750 -0.000001 -0.000351 0.000000 0.000000 0.000000
    2 0.000000 0.000000 0.000000 0.000000 0.000000 0.000000
    3 -0.904000 0.000000 -11.806000 0.000000 0.000000 0.000000
    4 0.000000 0.000000 -14.313999 1.572085 -1.570793 0.000000
    5 3.533001 0.000000 0.000000 -0.001274 0.000000 0.000000
    6 6.250000 0.000000 0.000000 0.000000 0.000000 0.000000
    7 9.568951 -0.019507 -1.944020 -1.295302 0.862419 -1.559560
    8 9.570313 5.304688 2.056641 -1.552151 -1.032979 1.554747
    9 5.786820 0.002787 -0.000113 -1.089875 0.290109 -1.072643
    10 5.999492 -0.000592 -4.000343 0.000000 0.000000 0.000000
    11 5.787410 0.002582 0.000893 1.254562 -0.728437 -2.166410
    12 5.999492 -0.000592 4.000340 0.000000 0.000000 0.000000
    13 0.500225 0.000133 -0.000084 0.329161 0.000000 0.000000
    14 11.530657 0.000349 -0.001308 0.000043 0.000045 -1.292768
    15 -0.829338 0.893824 0.079659 -0.148839 0.047645 0.087266
    16 0.500225 0.000132 0.000072 -0.073199 0.000000 0.000000
    17 11.532495 0.000526 0.003814 0.000030 -0.000057 -0.729000
    18 -0.829586 0.894698 -0.079468 0.045377 -0.019621 0.087266
    19 10.599886 0.000105 -0.000553 -0.348749 0.000024 0.000000
    20 0.279826 -0.368934 -0.000805 0.000000 0.000011 0.646342
    21 11.042053 0.003717 0.000798 -0.691329 -0.000862 0.159572
    22 -11.814724 0.424524 -0.297680 0.247998 -0.066121 -0.042695
    23 10.599878 0.000105 0.000549 0.509784 0.000000 0.000000
    24 0.119663 -0.279088 0.000801 0.000000 -0.000011 0.364492
    25 11.041739 0.003170 -0.000568 0.328321 0.307964 -0.852169
    26 -11.663242 0.094713 0.140656 -0.068591 0.018527 -0.015099
    27 0.610300 -0.939470 0.070347 -1.655295 -0.140091 -0.175616
    28 0.639938 -0.199121 0.060192 -1.665909 -0.131392 -0.066435
    29 0.600155 1.080260 -0.339535 -1.813982 0.250476 -0.063851
    30 0.610207 0.400743 -0.010098 -1.816211 0.108338 0.008884
    31 0.630809 -0.690091 -0.232343 0.390310 0.061796 -1.005666
    32 -0.792125 0.203736 0.461304 1.439074 -0.003453 -0.018305
    33 0.610300 -0.939469 -0.070354 1.655295 0.140055 -0.175652
    34 0.639938 -0.199121 -0.060200 1.665960 0.131416 -0.066435
    35 0.600157 1.080260 0.339531 1.741577 -0.203939 0.075913
    36 0.610205 0.400743 0.010086 1.761892 -0.015349 0.028035
    37 0.627906 -0.691394 0.232270 -1.014489 -0.861409 -0.665993
    38 -0.626031 -0.069982 -0.080517 -1.447153 0.086151 0.021559
    39 2.621377 -0.002532 -0.001438 -0.198714 0.050328 0.219213
    40 2.660837 0.000397 -0.000071 -0.244461 0.283843 0.793364
    41 2.202488 0.003364 -0.002863 -0.445975 0.357585 0.841751
    42 0.599950 0.959236 -0.300102 -0.174544 0.000000 0.000000
    43 2.557190 -0.001967 0.002453 -0.528730 0.313529 0.524132
    44 2.098929 0.000032 -0.002193 -0.496550 0.177138 0.314427
    45 0.999378 -0.000238 -1.072647 0.000000 0.000000 0.000000
    46 -0.122641 -0.721855 0.661686 -0.486644 0.223964 0.243056
    47 2.622112 -0.000648 0.002741 -0.053026 0.086883 -0.048142
    48 2.657909 0.000687 -0.000533 0.200369 0.214671 1.264724
    49 2.200014 0.001663 0.000836 0.236792 0.017724 1.474129
    50 0.599949 0.959244 0.300102 0.174544 0.000000 0.000000
    51 2.556571 -0.000385 0.000554 0.236787 0.177136 1.399512
    52 2.103853 0.001708 -0.001011 0.124843 -0.418702 0.877014
    53 0.999376 -0.000240 1.490624 -0.000012 0.000012 0.946917
    54 0.310848 -0.606446 -0.498005 0.308107 -0.197598 0.313975
    55 1.869163 -0.000835 -0.000994 -0.000007 0.000003 -0.009745
    56 1.200941 0.399582 -0.000237 -0.009465 0.016087 0.007127
    57 0.000586 0.100342 -0.000319 -0.120035 -0.021926 -0.209617
    58 -0.161663 0.051712 0.194808 -2.941982 0.122408 -0.060194
    59 2.010090 -0.003202 -0.003377 0.000006 0.000001 0.391729
    60 0.000237 0.099800 -0.000395 -0.018823 0.010833 -0.239219
    61 -0.203197 0.048607 0.069150 -3.093332 0.033217 -0.046722
    62 1.180426 -0.002312 0.000781 -0.000061 -0.000036 0.323878
    63 -0.000196 0.099625 -0.000034 0.000000 0.000000 -0.314102
    64 -0.088737 -0.688435 -0.145203 2.930407 -0.136130 0.513013
    65 1.712069 -0.003328 0.003818 -0.023947 0.014181 0.694836
    66 -0.000576 0.100143 -0.000311 -0.010914 0.023131 -0.260843
    67 -0.146027 -0.232426 -0.014225 3.028455 -0.094299 0.113020
    68 1.290634 0.000361 -0.000036 0.000000 0.000000 0.243240
    69 -0.658119 -0.003576 0.072643 -0.142711 0.027792 -0.077299
    70 1.868078 -0.003049 0.002177 -0.000009 0.000015 1.450101
    71 1.200075 0.399942 -0.000093 0.009465 -0.016087 0.007127
    72 0.000589 0.100342 0.000319 0.120035 0.021926 -0.209617
    73 0.068073 0.002283 -0.080050 3.111376 -0.069366 -0.060847
    74 2.011874 -0.001179 0.002180 -0.000061 -0.000037 1.378946
    75 0.000233 0.099800 0.000395 0.018823 -0.010833 -0.239219
    76 -0.018673 -0.001009 0.047544 3.109244 0.002635 -0.106673
    77 1.178665 0.001595 0.000845 0.000006 -0.000001 0.743912
    78 -0.000196 0.099628 0.000034 0.000000 0.000000 -0.314102
    79 0.036894 -0.634449 0.266284 -2.801062 0.174301 0.490915
    80 1.708256 -0.002504 -0.000686 -0.000046 0.000035 1.160556
    81 -0.000580 0.100140 0.000311 0.010910 -0.023132 -0.260845
    82 -0.003952 -0.281811 0.115047 -3.059162 0.089004 0.167964
    83 1.289625 0.000042 0.000061 0.000034 -0.000010 0.672669
    84 -0.171526 -0.018150 -0.099873 0.013484 -0.062184 -0.011781
    85 0.916622 0.003336 0.001326 -0.000005 -0.000003 0.530729
    86 -0.342617 0.053402 -0.025571 -2.909301 -0.017248 0.075276
    87 1.100231 -0.000928 -0.002434 0.000009 0.000002 0.372720
    88 -0.384979 0.331001 0.006848 -3.087207 -0.018765 -0.184278
    89 0.678146 0.002286 -0.003905 -0.000006 0.000053 0.139947
    90 -0.123848 0.072738 0.029507 2.898184 -0.060627 0.094835
    91 1.017166 -0.000154 -0.000252 -0.000011 -0.000002 0.255603
    92 -0.344990 0.123129 0.143151 2.994981 0.012396 0.059140
    93 -0.730989 0.177046 0.039141 -0.123731 0.076518 -0.084310
    94 0.921993 0.001298 -0.000896 -0.000026 0.000001 0.471806
    95 -0.124023 -0.052090 0.038495 3.077813 -0.008519 0.039229
    96 1.100433 -0.003552 0.000502 -0.000006 0.000054 0.545699
    97 -0.330082 0.160639 0.042780 3.128073 0.034033 -0.171236
    98 0.679764 0.001532 0.003272 0.000002 0.000003 0.674840
    99 -0.019512 -0.016531 0.038578 -2.763781 0.050305 0.076829
    100 1.019531 -0.000003 0.000000 0.000000 0.000000 0.497026
    101 -0.155308 0.130644 -0.021921 -3.022466 0.022433 -0.024902
    102 -0.252207 0.061937 -0.024914 -0.007671 -0.063171 -0.044392
    103 -0.085995 0.185205 -0.015180 -2.937063 -0.113970 -0.138991
    104 -0.286533 0.179852 0.024264 -3.109353 -0.049645 -0.029914
    105 -0.019482 0.147083 0.079203 2.893815 0.038585 -0.060594
    106 -0.046482 0.251896 0.129548 3.016165 0.077112 -0.042864
    107 0.039124 -0.040295 0.047739 3.084219 0.030470 -0.037414
    108 -0.233757 0.066630 0.001754 -3.133087 0.040141 -0.065412
    109 0.044266 0.020131 0.001684 -2.778763 -0.118872 -0.040488
    110 0.071495 0.074128 -0.048302 -3.035917 -0.059482 0.104366
    111 0.000000 0.000000 0.000000 0.000000 0.000000 -1.570796
    112 -4.468886 -7.871334 -10.226875 0.637856 -0.729142 -1.730421
    113 0.000000 0.000000 0.000000 0.000000 0.000000 0.000000
    114 -5.511887 -15.762200 -3.539171 0.637621 -0.728995 -1.730406
    115 3.096000 0.000000 -1.996000 0.000000 0.000000 0.000000
    116 3.040999 0.000000 1.202000 0.000000 0.000000 0.000000
    117 7.854000 0.000000 -0.042000 0.000000 0.000000 -0.000027
    118 13.105999 0.000000 -0.006000 0.000000 0.000000 0.000027
    119 3.456000 0.000000 -1.084000 0.000000 0.000000 0.000013
    120 1.804000 0.000000 -1.025000 0.000000 0.000000 0.000000
    121 7.098000 0.000000 -1.084000 0.000000 0.000000 0.000000
    122 1.868000 1.809000 -1.975000 -2.218442 -0.017124 -0.465675
    123 3.740000 0.000000 1.273000 0.000000 0.000000 0.000013
    124 11.956999 0.000000 -0.006000 0.000000 0.000000 0.000027
    125 6.072001 0.000000 -1.238000 0.000000 0.000000 0.000000
    126 5.690000 -0.365000 0.068000 -0.000040 -0.349041 -1.570749
    127 6.396999 0.614000 0.428000 0.000000 0.000000 -0.000027
    128 3.040999 0.000000 1.202000 0.000000 0.000000 0.000000
    129 3.720000 0.000000 1.202000 0.000000 0.000000 0.000000
    130 1.086000 -0.661000 -0.149000 0.000000 0.000000 0.000000
    131 1.067000 0.589000 0.076000 0.000000 0.000000 0.000000
    132 0.000000 -0.019000 0.000000 0.000000 0.000000 0.000000
    133 0.000000 -0.019000 0.000000 0.000000 0.000000 0.000000
    134 3.300000 -0.019000 1.346000 0.000000 0.000000 0.000000
    135 -1.524000 -1.859000 -4.367000 -1.730250 -0.014891 0.208056
    136 7.283999 0.000000 -2.195000 0.000000 0.000000 -0.000027
    137 -1.323000 0.000000 0.184000 0.000000 0.000000 0.000000
    138 0.082000 0.000000 1.002000 0.000000 0.000000 0.000000
    139 -53.984763 -17.664602 -25.762104 -0.698152 0.672675 -0.344081
    140 0.478000 0.000000 -4.537000 0.000000 0.000000 -0.000013
    141 3.436000 0.000000 1.202000 0.000000 0.000000 0.000000
    142 3.040999 0.000000 1.202000 0.000000 0.000000 0.000000
    143 4.657000 0.000000 1.545000 0.000000 0.000000 -0.000013
    144 -0.403000 0.000000 -0.011000 0.000000 0.000000 0.000000
    145 1.781000 0.000000 0.873000 0.000000 0.000000 0.000000
    146 0.384000 0.715000 0.801000 0.000000 0.000000 0.000000
    147 1.795000 0.533000 -1.550000 0.000000 0.000000 0.000000
    148 4.435999 0.595000 -0.954000 0.000000 0.000000 0.000000
    149 4.401999 -0.614000 -1.630000 0.000000 0.000000 0.000000
    150 4.203000 -0.003000 -0.048000 0.000000 0.000000 0.000000
    151 5.136000 0.000000 1.534000 0.000000 0.000000 -0.000027
    152 11.957001 0.000000 -0.006000 0.000000 0.000000 0.000027
    153 -2.103001 0.000000 0.000000 0.000000 0.000000 0.000000
    154 -0.598001 0.000000 -0.011000 0.000000 0.000000 -0.000013
    155 0.496000 0.184000 -3.523000 0.000000 0.000000 0.000000
    156 0.147000 0.184000 -0.328000 0.000000 0.000000 0.000000
    157 0.147000 0.184000 0.023000 0.000000 0.000000 0.000000
    158 0.147000 0.184000 0.368000 0.000000 0.000000 0.000000
    159 0.147000 0.184000 0.717000 0.000000 0.000000 0.000000
    160 0.147000 0.184000 1.067000 0.000000 0.000000 0.000000
    161 0.148000 0.184000 1.414000 0.000000 0.000000 0.000000
    162 0.148000 -0.074000 1.640000 0.000000 0.000000 0.000000
    163 0.435000 0.184000 -3.179000 0.000000 0.000000 0.000000
    164 0.378000 0.184000 -2.826000 0.000000 0.000000 0.000000
    165 0.329000 0.184000 -2.477000 0.000000 0.000000 0.000000
    166 0.286000 0.184000 -2.127000 0.000000 0.000000 0.000000
    167 0.252000 0.184000 -1.775000 0.000000 0.000000 0.000000
    168 0.215000 0.184000 -1.417000 0.000000 0.000000 0.000000
    169 0.190000 0.184000 -1.064000 0.000000 0.000000 0.000000
    170 0.166000 0.184000 -0.714000 0.000000 0.000000 0.000000
    171 1.622000 0.000000 1.568000 0.000000 0.000000 0.000013
    172 2.240000 0.000000 1.568000 0.000000 0.000000 0.000013
    173 0.000000 0.000000 0.000000 0.000000 0.000000 0.000000
    174 0.000006 -0.006207 -4.863281 -3.140338 -0.002958 -3.128596
    175 1.000088 -0.000029 0.000000 0.000000 0.000000 0.000000
    176 17.162518 -0.000404 0.000000 0.000000 0.000000 0.119207
    177 17.749374 0.295515 0.000000 0.000000 0.000000 -1.158917
    178 5.413528 0.000347 0.000000 0.000000 0.000000 -0.518029
    179 0.017887 0.299792 0.000000 0.000000 0.000000 -0.059577
    180 9.999889 -0.000303 0.000000 0.000000 0.000000 0.000000
    181 0.000004 0.006218 4.863281 -3.140338 -0.002958 -3.128596
    182 1.000088 -0.000029 0.000000 0.000000 0.000000 0.000000
    183 12.283573 1.581455 -4.695999 1.462269 -0.086726 0.090185
    184 17.162518 -0.000404 0.000000 0.000000 0.000000 0.119207
    185 17.749374 0.295515 0.000000 0.000000 0.000000 -1.158919
    186 5.413528 0.000347 0.000000 0.000000 0.000000 -0.518029
    187 0.017887 0.299792 0.000000 0.000000 0.000000 -0.059571
    188 9.499836 0.000212 0.000000 0.000000 0.000000 0.000000
    189 -1.145525 0.000130 0.000671 0.000000 0.000000 0.000000
    190 -0.857691 0.104071 0.104687 0.023536 0.163924 0.013632
    191 3.999430 -0.000528 -0.000332 -0.348800 0.000000 0.000000
    192 0.599499 0.400698 0.000236 0.000000 0.000000 0.000000
    193 0.599886 0.400186 -0.000027 0.000000 0.000000 0.000000
    194 2.299677 -2.499979 -0.599480 0.891899 0.221487 -0.527250
    195 1.466533 -2.197263 -4.386801 2.742465 -0.414828 -0.430258
    196 -9.580679 -27.862108 -37.184677 0.812879 -0.123459 -0.568477
    197 0.649935 -0.548296 0.093658 -1.665913 -0.131399 -0.112062
    198 1.899127 0.000427 -0.000439 0.027386 -0.033311 0.477848
    199 0.657078 0.008400 0.040375 -1.665945 -0.131407 -0.000013
    200 1.799664 -0.000240 0.000231 0.027386 -0.033311 0.477848
    201 1.799664 -0.000240 0.000231 0.027386 -0.033311 0.477848
    202 1.799664 -0.000240 0.000231 0.027386 -0.033311 0.477848
    203 0.665774 0.747222 -0.029186 -1.665935 -0.131408 0.094976
    204 1.900306 -0.000137 -0.000517 0.027386 -0.033311 0.477848
    205 7.005826 0.090864 4.965825 2.406579 1.303772 -1.598402
    206 3.999897 0.000040 0.001007 0.253612 -0.000024 0.000000
    207 0.600403 0.399632 -0.000469 0.000000 0.000000 3.141497
    208 0.599890 0.400186 0.000031 0.000000 0.000000 -3.141496
    209 2.300137 -2.499413 0.600155 -0.891927 -0.221511 -0.527258
    210 12.103249 -3.649587 -1.238105 1.733585 0.203059 0.048157
    211 2.762354 0.116951 1.523975 1.629482 0.064153 1.743800
    212 7.228317 7.928200 -3.925652 2.328713 0.123459 -0.568477
    213 0.650396 -0.547731 -0.092976 1.665913 0.131399 -0.112062
    214 1.899441 -0.000320 -0.000150 -0.027386 0.033311 0.477848
    215 0.657068 0.008398 -0.040379 1.665945 0.131407 -0.000013
    216 1.799659 -0.000233 -0.000233 -0.027386 0.033311 0.477848
    217 1.799659 -0.000233 -0.000233 -0.027386 0.033311 0.477848
    218 1.799659 -0.000233 -0.000233 -0.027386 0.033311 0.477848
    219 0.665778 0.747222 0.029179 1.665935 0.131408 0.094976
    220 1.900722 0.000549 -0.000072 -0.027386 0.033311 0.477848
    221 4.530998 0.000000 0.000000 0.000000 0.000000 0.000000
    222 4.527344 0.000000 0.000000 0.000000 0.000000 0.000000
    223 0.000000 0.000000 0.000000 0.000000 0.000000 0.000000
    224 0.000000 0.000000 0.000000 0.000000 0.000000 0.000000
    225 4.000000 -6.496094 0.008293 -0.001274 0.000001 0.000975
    226 -6.500000 0.000000 0.000000 -1.537381 1.569552 -1.537381
    227 16.777624 -5.507732 8.267010 0.637944 -0.729039 -0.159717
    228 0.280000 -0.135000 2.196999 1.570796 0.000000 -1.570735
    229 0.000000 0.000000 0.000000 0.000000 0.000000 0.000000
    230 0.000000 0.000000 0.000000 0.028607 0.002984 -0.012344
    231 0.106000 0.000000 -64.320000 0.000000 0.000000 0.000000
    232 0.000000 0.000000 0.000000 0.000000 0.000000 0.000000
    233 -0.106000 0.000000 64.320000 0.000000 0.000000 0.000000
    234 -4.821324 -19.876935 -2.325295 0.637864 -0.729100 -1.730585
    235 0.000000 0.000000 0.000000 0.000000 -0.000036 0.000055
    236 1.688000 -0.001000 -1.454002 0.000000 0.000000 0.000000
    237 -1.070999 -0.005000 0.545002 0.000000 0.000000 0.000000
    238 5.895000 0.750997 -0.156000 0.000000 0.000000 0.000000
    239 11.599999 -0.000003 -1.500002 0.000000 0.000000 0.000000
    240 -3.802991 5.150613 -5.505911 -1.515198 -0.074947 -0.291635
    241 7.216001 -0.000003 -1.579000 0.000000 0.000000 0.000000
    242 4.488969 0.039061 -1.500000 0.000000 0.000000 0.000000
    243 0.673937 -0.015635 -4.768713 -3.141592 -1.281051 3.141593
    244 0.094999 -0.144000 0.332001 0.000000 0.000000 0.000000
    245 14.209020 0.000022 0.766988 0.000000 0.000000 0.000000
    246 0.000000 0.000000 0.000000 1.570800 0.000000 -1.570796
  time 39
    0 0.000000 0.000000 0.000000 0.000000 0.000000 -1.570796
    1 -0.106750 -0.000001 -0.000351 0.000000 0.000000 0.000000
    2 0.000000 0.000000 0.000000 0.000000 0.000000 0.000000
    3 -0.904000 0.000000 -11.806000 0.000000 0.000000 0.000000
    4 0.000000 0.000000 -14.313999 1.572085 -1.570793 0.000000
    5 3.533001 0.000000 0.000000 -0.001274 0.000000 0.000000
    6 6.250000 0.000000 0.000000 0.000000 0.000000 0.000000
    7 9.568951 -0.019507 -1.944020 -1.295302 0.862419 -1.559560
    8 9.570313 5.304688 2.056641 -1.552151 -1.032979 1.554747
    9 5.786820 0.002787 -0.000113 -1.130215 0.361632 -1.001946
    10 5.999492 -0.000592 -4.000343 0.000000 0.000000 0.000000
    11 5.787410 0.002582 0.000893 1.247050 -0.726790 -2.167588
    12 5.999492 -0.000592 4.000340 0.000000 0.000000 0.000000
    13 0.500225 0.000133 -0.000084 0.392810 -0.000012 0.000060
    14 11.530657 0.000349 -0.001308 -0.000005 0.000009 -1.352374
    15 -0.829338 0.893824 0.079659 -0.148839 0.047645 0.087266
    16 0.500225 0.000132 0.000072 -0.067330 0.000000 0.000000
    17 11.532495 0.000526 0.003814 0.000090 -0.000034 -0.788410
    18 -0.829586 0.894698 -0.079468 0.045377 -0.019621 0.087266
    19 10.599886 0.000105 -0.000553 -0.159938 0.000000 0.000000
    20 0.295452 -0.380653 -0.000805 0.000000 0.000011 0.676228
    21 11.042053 0.003717 0.000798 -0.315773 0.066623 0.157774
    22 -11.814724 0.424524 -0.297680 0.247998 -0.066121 -0.042695
    23 10.599878 0.000105 0.000549 0.482346 0.000000 0.000000
    24 0.131382 -0.279088 0.000801 -0.000048 0.000061 0.394270
    25 11.041739 0.003170 -0.000568 0.349055 0.321365 -0.741924
    26 -11.663242 0.094713 0.140656 -0.068591 0.018527 -0.015099
    27 0.610300 -0.939470 0.070347 -1.655245 -0.140091 -0.175616
    28 0.639938 -0.199121 0.060192 -1.665909 -0.131392 -0.066435
    29 0.600155 1.080260 -0.339535 -1.813982 0.250476 -0.063851
    30 0.610207 0.400743 -0.010098 -1.816211 0.108338 0.008884
    31 0.630809 -0.690091 -0.232343 0.390310 0.061796 -1.005666
    32 -0.792125 0.203736 0.461304 1.439074 -0.003453 -0.018305
    33 0.610300 -0.939469 -0.070354 1.655295 0.140055 -0.175664
    34 0.639938 -0.199121 -0.060200 1.665960 0.131416 -0.066435
    35 0.600157 1.080260 0.339531 1.741577 -0.203939 0.075913
    36 0.610205 0.400743 0.010086 1.761892 -0.015349 0.028035
    37 0.627906 -0.691394 0.232270 -1.014489 -0.861409 -0.665993
    38 -0.626031 -0.069982 -0.080517 -1.447153 0.086151 0.021559
    39 2.621377 -0.002532 -0.001438 -0.198714 0.050314 0.219213
    40 2.660837 0.000397 -0.000071 -0.244484 0.283843 0.793364
    41 2.202488 0.003364 -0.002863 -0.445975 0.357585 0.841751
    42 0.599950 0.959236 -0.300102 -0.174544 0.000000 0.000000
    43 2.557190 -0.001967 0.002453 -0.528730 0.313547 0.524132
    44 2.098929 0.000032 -0.002193 -0.484773 0.209257 0.375704
    45 0.999378 -0.000238 -1.080459 0.000000 0.000000 0.000000
    46 -0.122641 -0.721855 0.661686 -0.486644 0.223964 0.243056
    47 2.622112 -0.000648 0.002741 -0.053026 0.086883 -0.048142
    48 2.657909 0.000687 -0.000533 0.200369 0.214671 1.264724
    49 2.200014 0.001663 0.000836 0.236792 0.017724 1.474129
    50 0.599949 0.959244 0.300102 0.174544 0.000000 0.000000
    51 2.556571 -0.000385 0.000554 0.236787 0.177136 1.399512
    52 2.103853 0.001708 -0.001011 0.124843 -0.418702 0.877014
    53 0.999376 -0.000240 1.490624 -0.000024 0.000012 0.946917
    54 0.310848 -0.606446 -0.498005 0.308107 -0.197598 0.313975
    55 1.869163 -0.000835 -0.000994 -0.000007 0.000003 -0.009745
    56 1.200941 0.399582 -0.000237 -0.009465 0.016087 0.007127
    57 0.000586 0.100342 -0.000319 -0.120035 -0.021926 -0.209617
    58 -0.161663 0.051712 0.194808 -2.941982 0.122408 -0.060194
    59 2.010090 -0.003202 -0.003377 0.000006 0.000001 0.391729
    60 0.000237 0.099800 -0.000395 -0.018823 0.010833 -0.239219
    61 -0.203197 0.048607 0.069150 -3.093332 0.033217 -0.046722
    62 1.180426 -0.002312 0.000781 -0.000073 -0.000048 0.323878
    63 -0.000196 0.099625 -0.000034 0.000000 0.000000 -0.314102
    64 -0.088737 -0.688435 -0.145203 2.930407 -0.136130 0.513013
    65 1.712069 -0.003328 0.003818 -0.023935 0.014181 0.694836
    66 -0.000576 0.100143 -0.000311 -0.010914 0.023131 -0.260843
    67 -0.146027 -0.232426 -0.014225 3.028455 -0.094299 0.113020
    68 1.290634 0.000361 -0.000036 0.000000 0.000000 -0.140655
    69 -0.658119 -0.003576 0.072643 -0.142711 0.027792 -0.077299
    70 1.868078 -0.003049 0.002177 -0.000021 0.000015 1.450101
    71 1.200075 0.399942 -0.000093 0.009465 -0.016087 0.007127
    72 0.000589 0.100342 0.000319 0.120035 0.021926 -0.209617
    73 0.068073 0.002283 -0.080050 3.111376 -0.069366 -0.060847
    74 2.011874 -0.001179 0.002180 -0.000073 -0.000037 1.378946
    75 0.000233 0.099800 0.000395 0.018823 -0.010833 -0.239219
    76 -0.018673 -0.001009 0.047544 3.109244 0.002635 -0.106673
    77 1.178665 0.001595 0.000845 0.000006 -0.000001 0.743912
    78 -0.000196 0.099628 0.000034 0.000000 0.000000 -0.314102
    79 0.036894 -0.634449 0.266284 -2.801062 0.174301 0.490915
    80 1.708256 -0.002504 -0.000686 -0.000046 0.000035 1.160556
    81 -0.000580 0.100140 0.000311 0.010910 -0.023132 -0.260845
    82 -0.003952 -0.281811 0.115047 -3.059162 0.089004 0.167964
    83 1.289625 0.000042 0.000061 0.000034 -0.000010 0.672669
    84 -0.171526 -0.018150 -0.099873 0.013484 -0.062184 -0.011781
    85 0.916622 0.003336 0.001326 0.000007 0.000009 0.530729
    86 -0.342617 0.053402 -0.025571 -2.909301 -0.017248 0.075276
    87 1.100231 -0.000928 -0.002434 0.000009 0.000002 0.372720
    88 -0.384979 0.331001 0.006848 -3.087207 -0.018765 -0.184278
    89 0.678146 0.002286 -0.003905 -0.000006 0.000053 0.140059
    90 -0.123848 0.072738 0.029507 2.898184 -0.060627 0.094835
    91 1.017166 -0.000154 -0.000252 -0.000011 -0.000002 0.255603
    92 -0.344990 0.123129 0.143151 2.994981 0.012396 0.059140
    93 -0.730989 0.177046 0.039141 -0.123731 0.076518 -0.084310
    94 0.921993 0.001298 -0.000896 -0.000026 0.000001 0.471806
    95 -0.124023 -0.052090 0.038495 3.077813 -0.008519 0.039229
    96 1.100433 -0.003552 0.000502 -0.000006 0.000054 0.545699
    97 -0.330082 0.160639 0.042780 3.128073 0.034033 -0.171236
    98 0.679764 0.001532 0.003272 0.000002 0.000003 0.674840
    99 -0.019512 -0.016531 0.038578 -2.763781 0.050305 0.076829
    100 1.019531 -0.000003 0.000000 0.000000 0.000000 0.497026
    101 -0.155308 0.130644 -0.021921 -3.022466 0.022433 -0.024902
    102 -0.252207 0.061937 -0.024914 -0.007671 -0.063171 -0.044392
    103 -0.085995 0.185205 -0.015180 -2.937063 -0.113970 -0.138991
    104 -0.286533 0.179852 0.024264 -3.109353 -0.049645 -0.029914
    105 -0.019482 0.147083 0.079203 2.893815 0.038585 -0.060594
    106 -0.046482 0.251896 0.129548 3.016165 0.077112 -0.042864
    107 0.039124 -0.040295 0.047739 3.084219 0.030470 -0.037414
    108 -0.233757 0.066630 0.001754 -3.133087 0.040141 -0.065412
    109 0.044266 0.020131 0.001684 -2.778763 -0.118872 -0.040488
    110 0.071495 0.074128 -0.048302 -3.035917 -0.059482 0.104366
    111 0.000000 0.000000 0.000000 0.000000 0.000000 -1.570796
    112 -4.269662 -8.027589 -9.492477 0.634361 -0.681735 -1.728183
    113 0.000000 0.000000 0.000000 0.000000 0.000000 0.000000
    114 -5.336100 -16.230964 -3.183691 0.634210 -0.681683 -1.728169
    115 3.096000 0.000000 -1.996000 0.000000 0.000000 0.000000
    116 3.040999 0.000000 1.202000 0.000000 0.000000 0.000000
    117 7.854000 0.000000 -0.042000 0.000000 0.000000 -0.000027
    118 13.105999 0.000000 -0.006000 0.000000 0.000000 0.000027
    119 3.456000 0.000000 -1.084000 0.000000 0.000000 0.000013
    120 1.804000 0.000000 -1.025000 0.000000 0.000000 0.000000
    121 7.098000 0.000000 -1.084000 0.000000 0.000000 0.000000
    122 1.868000 1.809000 -1.975000 -2.218442 -0.017124 -0.465675
    123 3.740000 0.000000 1.273000 0.000000 0.000000 0.000013
    124 11.956999 0.000000 -0.006000 0.000000 0.000000 0.000027
    125 6.072001 0.000000 -1.238000 0.000000 0.000000 0.000000
    126 5.690000 -0.365000 0.068000 -0.000040 -0.349041 -1.570749
    127 6.396999 0.614000 0.428000 0.000000 0.000000 -0.000027
    128 3.040999 0.000000 1.202000 0.000000 0.000000 0.000000
    129 3.720000 0.000000 1.202000 0.000000 0.000000 0.000000
    130 1.086000 -0.661000 -0.149000 0.000000 0.000000 0.000000
    131 1.067000 0.589000 0.076000 0.000000 0.000000 0.000000
    132 0.000000 -0.019000 0.000000 0.000000 0.000000 0.000000
    133 0.000000 -0.019000 0.000000 0.000000 0.000000 0.000000
    134 3.300000 -0.019000 1.346000 0.000000 0.000000 0.000000
    135 -1.524000 -1.859000 -4.367000 -1.730250 -0.014891 0.208056
    136 7.283999 0.000000 -2.195000 0.000000 0.000000 -0.000027
    137 -1.323000 0.000000 0.184000 0.000000 0.000000 0.000000
    138 0.082000 0.000000 1.002000 0.000000 0.000000 0.000000
    139 -52.933950 -19.313089 -27.859825 -0.680012 0.636216 -0.306293
    140 0.478000 0.000000 -4.537000 0.000000 0.000000 -0.000013
    141 3.436000 0.000000 1.202000 0.000000 0.000000 0.000000
    142 3.040999 0.000000 1.202000 0.000000 0.000000 0.000000
    143 4.657000 0.000000 1.545000 0.000000 0.000000 -0.000013
    144 -0.403000 0.000000 -0.011000 0.000000 0.000000 0.000000
    145 1.781000 0.000000 0.873000 0.000000 0.000000 0.000000
    146 0.384000 0.715000 0.801000 0.000000 0.000000 0.000000
    147 1.795000 0.533000 -1.550000 0.000000 0.000000 0.000000
    148 4.435999 0.595000 -0.954000 0.000000 0.000000 0.000000
    149 4.401999 -0.614000 -1.630000 0.000000 0.000000 0.000000
    150 4.203000 -0.003000 -0.048000 0.000000 0.000000 0.000000
    151 5.136000 0.000000 1.534000 0.000000 0.000000 -0.000027
    152 11.957001 0.000000 -0.006000 0.000000 0.000000 0.000027
    153 -2.103001 0.000000 0.000000 0.000000 0.000000 0.000000
    154 -0.598001 0.000000 -0.011000 0.000000 0.000000 -0.000013
    155 0.496000 0.184000 -3.523000 0.000000 0.000000 0.000000
    156 0.147000 0.184000 -0.328000 0.000000 0.000000 0.000000
    157 0.147000 0.184000 0.023000 0.000000 0.000000 0.000000
    158 0.147000 0.184000 0.368000 0.000000 0.000000 0.000000
    159 0.147000 0.184000 0.717000 0.000000 0.000000 0.000000
    160 0.147000 0.184000 1.067000 0.000000 0.000000 0.000000
    161 0.148000 0.184000 1.414000 0.000000 0.000000 0.000000
    162 0.148000 -0.074000 1.640000 0.000000 0.000000 0.000000
    163 0.435000 0.184000 -3.179000 0.000000 0.000000 0.000000
    164 0.378000 0.184000 -2.826000 0.000000 0.000000 0.000000
    165 0.329000 0.184000 -2.477000 0.000000 0.000000 0.000000
    166 0.286000 0.184000 -2.127000 0.000000 0.000000 0.000000
    167 0.252000 0.184000 -1.775000 0.000000 0.000000 0.000000
    168 0.215000 0.184000 -1.417000 0.000000 0.000000 0.000000
    169 0.190000 0.184000 -1.064000 0.000000 0.000000 0.000000
    170 0.166000 0.184000 -0.714000 0.000000 0.000000 0.000000
    171 1.622000 0.000000 1.568000 0.000000 0.000000 0.000013
    172 2.240000 0.000000 1.568000 0.000000 0.000000 0.000013
    173 0.000000 0.000000 0.000000 0.000000 0.000000 0.000000
    174 0.000006 -0.006207 -4.863281 -3.140338 -0.002958 -3.128596
    175 1.000088 -0.000029 0.000000 0.000000 0.000000 0.000000
    176 17.162518 -0.000404 0.000000 0.000000 0.000000 0.119207
    177 17.749374 0.295515 0.000000 0.000000 0.000000 -1.158917
    178 5.413528 0.000347 0.000000 0.000000 0.000000 -0.518029
    179 0.017887 0.299792 0.000000 0.000000 0.000000 -0.059577
    180 9.999889 -0.000303 0.000000 0.000000 0.000000 0.000000
    181 0.000004 0.006218 4.863281 -3.140338 -0.002958 -3.128596
    182 1.000088 -0.000029 0.000000 0.000000 0.000000 0.000000
    183 12.283573 1.581455 -4.695999 1.462269 -0.086726 0.090185
    184 17.162518 -0.000404 0.000000 0.000000 0.000000 0.119207
    185 17.749374 0.295515 0.000000 0.000000 0.000000 -1.158919
    186 5.413528 0.000347 0.000000 0.000000 0.000000 -0.518029
    187 0.017887 0.299792 0.000000 0.000000 0.000000 -0.059571
    188 9.499836 0.000212 0.000000 0.000000 0.000000 0.000000
    189 -1.145525 0.000130 0.000671 0.000000 0.000000 0.000000
    190 -0.857691 0.104071 0.104687 0.023536 0.163924 0.013632
    191 3.999430 -0.000528 -0.000332 -0.159929 0.000060 0.000000
    192 0.599499 0.400698 0.000236 0.000000 0.000000 0.000000
    193 0.599886 0.400186 -0.000027 0.000000 0.000000 0.000000
    194 2.299677 -2.499979 -0.599480 0.891899 0.221487 -0.527250
    195 2.611099 -4.252013 -4.039134 2.309736 -0.537242 -0.218347
    196 -9.580679 -27.862108 -37.184677 0.812879 -0.123459 -0.568477
    197 0.649935 -0.548296 0.093658 -1.665913 -0.131399 -0.112062
    198 1.899127 0.000427 -0.000439 0.027386 -0.033311 0.477848
    199 0.657078 0.008400 0.040375 -1.665945 -0.131407 -0.000013
    200 1.799664 -0.000240 0.000231 0.027386 -0.033311 0.477848
    201 1.799664 -0.000240 0.000231 0.027386 -0.033311 0.477848
    202 1.799664 -0.000240 0.000231 0.027386 -0.033311 0.477848
    203 0.665774 0.747222 -0.029186 -1.665935 -0.131408 0.094976
    204 1.900306 -0.000137 -0.000517 0.027386 -0.033311 0.477848
    205 7.005826 0.090864 4.965825 2.406579 1.303772 -1.598402
    206 3.999897 0.000040 0.001007 0.241161 -0.000060 0.000000
    207 0.600403 0.399632 -0.000469 0.000000 0.000000 3.141497
    208 0.599890 0.400186 0.000031 0.000000 0.000000 -3.141496
    209 2.300137 -2.499413 0.600155 -0.891927 -0.221511 -0.527258
    210 12.103249 -3.649587 -1.238105 1.733585 0.203059 0.048157
    211 2.762354 0.116951 1.523975 1.629482 0.064153 1.743800
    212 7.228317 7.928200 -3.925652 2.328713 0.123459 -0.568477
    213 0.650396 -0.547731 -0.092976 1.665913 0.131399 -0.112062
    214 1.899441 -0.000320 -0.000150 -0.027386 0.033311 0.477848
    215 0.657068 0.008398 -0.040379 1.665945 0.131407 -0.000013
    216 1.799659 -0.000233 -0.000233 -0.027386 0.033311 0.477848
    217 1.799659 -0.000233 -0.000233 -0.027386 0.033311 0.477848
    218 1.799659 -0.000233 -0.000233 -0.027386 0.033311 0.477848
    219 0.665778 0.747222 0.029179 1.665935 0.131408 0.094976
    220 1.900722 0.000549 -0.000072 -0.027386 0.033311 0.477848
    221 4.530998 0.000000 0.000000 0.000000 0.000000 0.000000
    222 4.527344 0.000000 0.000000 0.000000 0.000000 0.000000
    223 0.000000 0.000000 0.000000 0.000000 0.000000 0.000000
    224 0.000000 0.000000 0.000000 0.000000 0.000000 0.000000
    225 4.000000 -6.496094 0.008293 -0.001274 0.000001 0.000975
    226 -6.500000 0.000000 0.000000 -1.537381 1.569552 -1.537381
    227 17.242482 -5.339758 8.618583 0.634449 -0.681683 -0.157479
    228 0.280000 -0.135000 2.196999 1.570796 0.000000 -1.570735
    229 0.000000 0.000000 0.000000 0.000000 0.000000 0.000000
    230 0.000000 0.000000 0.000000 0.028248 0.002277 -0.010403
    231 0.106000 0.000000 -64.320000 0.000000 0.000000 0.000000
    232 0.000000 0.000000 0.000000 0.000000 0.000000 0.000000
    233 -0.106000 0.000000 64.320000 0.000000 0.000000 0.000000
    234 -4.661163 -20.396482 -2.169040 0.634370 -0.681728 -1.728286
    235 0.000000 0.000000 0.000000 0.000000 -0.000036 0.000055
    236 1.688000 -0.001000 -1.454002 0.000000 0.000000 0.000000
    237 -1.070999 -0.005000 0.545002 0.000000 0.000000 0.000000
    238 5.895000 0.750997 -0.156000 0.000000 0.000000 0.000000
    239 11.599999 -0.000003 -1.500002 0.000000 0.000000 0.000000
    240 -3.802991 5.150613 -5.505911 -1.515198 -0.074947 -0.291635
    241 7.216001 -0.000003 -1.579000 0.000000 0.000000 0.000000
    242 4.488969 0.039061 -1.500000 0.000000 0.000000 0.000000
    243 0.673937 -0.015635 -4.768713 -3.141592 -1.281051 3.141593
    244 0.094999 -0.144000 0.332001 0.000000 0.000000 0.000000
    245 14.209020 0.000022 0.766988 0.000000 0.000000 0.000000
    246 0.000000 0.000000 0.000000 1.570800 0.000000 -1.570796
  time 40
    0 0.000000 0.000000 0.000000 0.000000 0.000000 -1.570796
    1 -0.106750 -0.000001 -0.000351 0.000000 0.000000 0.000000
    2 0.000000 0.000000 0.000000 0.000000 0.000000 0.000000
    3 -0.904000 0.000000 -11.806000 0.000000 0.000000 0.000000
    4 0.000000 0.000000 -14.313999 1.572085 -1.570793 0.000000
    5 3.533001 0.000000 0.000000 -0.001274 0.000000 0.000000
    6 6.250000 0.000000 0.000000 0.000000 0.000000 0.000000
    7 9.568951 -0.019507 -1.944020 -1.545137 1.187827 -1.546947
    8 9.570313 5.304688 2.056641 -1.552151 -1.032979 1.554747
    9 5.786820 0.002787 -0.000113 -1.429610 0.746357 -1.523959
    10 5.999492 -0.000592 -4.000343 0.000000 0.000000 0.000000
    11 5.787410 0.002582 0.000893 1.225552 -0.725660 -2.171846
    12 5.999492 -0.000592 4.000340 0.000000 0.000000 0.000000
    13 0.500225 0.000133 -0.000084 0.408187 -0.000060 0.000000
    14 11.530657 0.000349 -0.001308 -0.000005 0.000009 -1.354292
    15 -0.829338 0.893824 0.079659 -0.148839 0.047645 0.087266
    16 0.500225 0.000132 0.000072 -0.051701 0.000000 0.000000
    17 11.532495 0.000526 0.003814 0.000030 -0.000057 -0.966961
    18 -0.829586 0.894698 -0.079468 0.045377 -0.019621 0.087266
    19 10.599886 0.000105 -0.000553 0.161298 0.000000 0.000000
    20 0.314984 -0.392372 -0.000805 0.000000 0.000011 0.677132
    21 11.042053 0.003717 0.000798 0.324066 0.125030 0.131914
    22 -11.814724 0.424524 -0.297680 0.247998 -0.066121 -0.042695
    23 10.599878 0.000105 0.000549 0.371371 0.000000 0.000000
    24 0.147008 -0.279088 0.000801 0.000000 -0.000011 0.483487
    25 11.041739 0.003170 -0.000568 0.350976 0.342473 -0.374955
    26 -11.663242 0.094713 0.140656 -0.068591 0.018527 -0.015099
    27 0.610300 -0.939470 0.070347 -1.655245 -0.140091 -0.175616
    28 0.639938 -0.199121 0.060192 -1.665909 -0.131392 -0.066435
    29 0.600155 1.080260 -0.339535 -1.737970 0.020677 0.107421
    30 0.610207 0.400743 -0.010098 -1.760171 -0.067668 0.011640
    31 0.630809 -0.690091 -0.232343 0.307038 0.036963 -1.213340
    32 -0.792125 0.203736 0.461304 1.439074 -0.003453 -0.018305
    33 0.610300 -0.939469 -0.070354 1.655295 0.140055 -0.175664
    34 0.639938 -0.199121 -0.060200 1.665960 0.131416 -0.066435
    35 0.600157 1.080260 0.339531 1.741577 -0.203939 0.075913
    36 0.610205 0.400743 0.010086 1.761892 -0.015349 0.028023
    37 0.627906 -0.691394 0.232270 -1.014489 -0.861409 -0.665993
    38 -0.626031 -0.069982 -0.080517 -1.447153 0.086151 0.021559
    39 2.621377 -0.002532 -0.001438 0.182640 -0.022527 -0.228696
    40 2.660837 0.000397 -0.000071 -0.088596 -0.076634 0.745711
    41 2.202488 0.003364 -0.002863 -0.164163 0.080430 0.656964
    42 0.599950 0.959236 -0.300102 -0.174544 0.000000 0.000000
    43 2.557190 -0.001967 0.002453 -0.084925 0.010857 0.796937
    44 2.098929 0.000032 -0.002193 -0.518366 0.084791 0.147339
    45 0.999378 -0.000238 -0.998426 0.000000 0.000000 0.000000
    46 -0.122641 -0.721855 0.661686 -0.486644 0.223964 0.243056
    47 2.622112 -0.000648 0.002741 -0.053026 0.086883 -0.048142
    48 2.657909 0.000687 -0.000533 0.200385 0.214671 1.264724
    49 2.200014 0.001663 0.000836 0.236792 0.017724 1.474129
    50 0.599949 0.959244 0.300102 0.174544 0.000000 0.000000
    51 2.556571 -0.000385 0.000554 0.236787 0.177136 1.399512
    52 2.103853 0.001708 -0.001011 0.124843 -0.418702 0.877014
    53 0.999376 -0.000240 1.490624 -0.000024 0.000012 0.946946
    54 0.310848 -0.606446 -0.498005 0.308107 -0.197598 0.313975
    55 1.869163 -0.000835 -0.000994 -0.000007 0.000003 0.796342
    56 1.200941 0.399582 -0.000237 -0.009465 0.016087 0.007127
    57 0.000586 0.100342 -0.000319 -0.120035 -0.021926 -0.209617
    58 -0.161663 0.051712 0.194808 -2.941982 0.122408 -0.060194
    59 2.010090 -0.003202 -0.003377 0.000006 0.000001 0.745701
    60 0.000237 0.099800 -0.000395 -0.018823 0.010833 -0.239219
    61 -0.203197 0.048607 0.069150 -3.093332 0.033217 -0.046722
    62 1.180426 -0.002312 0.000781 0.000046 -0.000012 0.689341
    63 -0.000196 0.099625 -0.000034 0.000000 0.000000 -0.314102
    64 -0.088737 -0.688435 -0.145203 2.930407 -0.136130 0.513013
    65 1.712069 -0.003328 0.003818 -0.023911 0.014181 0.758197
    66 -0.000576 0.100143 -0.000311 -0.010914 0.023131 -0.260843
    67 -0.146027 -0.232426 -0.014225 3.028455 -0.094299 0.113020
    68 1.290634 0.000361 -0.000036 0.000000 0.000000 -0.172657
    69 -0.658119 -0.003576 0.072643 -0.142711 0.027792 -0.077299
    70 1.868078 -0.003049 0.002177 -0.000021 0.000015 1.450101
    71 1.200075 0.399942 -0.000093 0.009465 -0.016087 0.007127
    72 0.000589 0.100342 0.000319 0.120035 0.021926 -0.209617
    73 0.068073 0.002283 -0.080050 3.111376 -0.069366 -0.060847
    74 2.011874 -0.001179 0.002180 -0.000073 -0.000037 1.378946
    75 0.000233 0.099800 0.000395 0.018823 -0.010833 -0.239219
    76 -0.018673 -0.001009 0.047544 3.109244 0.002635 -0.106673
    77 1.178665 0.001595 0.000845 0.000006 -0.000001 0.743912
    78 -0.000196 0.099628 0.000034 0.000000 0.000000 -0.314102
    79 0.036894 -0.634449 0.266284 -2.801062 0.174301 0.490915
    80 1.708256 -0.002504 -0.000686 -0.000046 0.000035 1.160556
    81 -0.000580 0.100140 0.000311 0.010910 -0.023132 -0.260845
    82 -0.003952 -0.281811 0.115047 -3.059162 0.089004 0.167964
    83 1.289625 0.000042 0.000061 0.000034 -0.000010 0.672669
    84 -0.171526 -0.018150 -0.099873 0.013484 -0.062184 -0.011781
    85 0.916622 0.003336 0.001326 -0.000053 0.000033 0.753117
    86 -0.342617 0.053402 -0.025571 -2.909301 -0.017248 0.075276
    87 1.100231 -0.000928 -0.002434 0.000009 0.000002 0.290239
    88 -0.384979 0.331001 0.006848 -3.087207 -0.018765 -0.184278
    89 0.678146 0.002286 -0.003905 -0.000006 -0.000007 0.345829
    90 -0.123848 0.072738 0.029507 2.898184 -0.060627 0.094835
    91 1.017166 -0.000154 -0.000252 -0.000059 0.000058 0.271210
    92 -0.344990 0.123129 0.143151 2.994981 0.012396 0.059140
    93 -0.730989 0.177046 0.039141 -0.123731 0.076518 -0.084310
    94 0.921993 0.001298 -0.000896 -0.000026 0.000001 0.471806
    95 -0.124023 -0.052090 0.038495 3.077813 -0.008519 0.039229
    96 1.100433 -0.003552 0.000502 -0.000006 0.000054 0.545699
    97 -0.330082 0.160639 0.042780 3.128073 0.034033 -0.171236
    98 0.679764 0.001532 0.003272 0.000002 0.000003 0.674840
    99 -0.019512 -0.016531 0.038578 -2.763781 0.050305 0.076829
    100 1.019531 -0.000003 0.000000 0.000000 0.000000 0.497026
    101 -0.155308 0.130644 -0.021921 -3.022466 0.022433 -0.024902
    102 -0.252207 0.061937 -0.024914 -0.007671 -0.063171 -0.044392
    103 -0.085995 0.185205 -0.015180 -2.937063 -0.113970 -0.138991
    104 -0.286533 0.179852 0.024264 -3.109353 -0.049645 -0.029914
    105 -0.019482 0.147083 0.079203 2.893815 0.038585 -0.060594
    106 -0.046482 0.251896 0.129548 3.016165 0.077112 -0.042864
    107 0.039124 -0.040295 0.047739 3.084219 0.030470 -0.037414
    108 -0.233757 0.066630 0.001754 -3.133087 0.040141 -0.065412
    109 0.044266 0.020131 0.001684 -2.778763 -0.118872 -0.040488
    110 0.071495 0.074128 -0.048302 -3.035917 -0.059482 0.104366
    111 0.000000 0.000000 0.000000 0.000000 0.000000 -1.570796
    112 -3.293069 -8.383068 -7.336161 0.539906 -0.519077 -1.718580
    113 0.000000 0.000000 0.000000 0.000000 0.000000 0.000000
    114 -4.453261 -17.504440 -2.464919 0.539631 -0.519043 -1.718659
    115 3.096000 0.000000 -1.996000 0.000000 0.000000 0.000000
    116 3.040999 0.000000 1.202000 0.000000 0.000000 0.000000
    117 7.854000 0.000000 -0.042000 0.000000 0.000000 -0.000027
    118 13.105999 0.000000 -0.006000 0.000000 0.000000 0.000027
    119 3.456000 0.000000 -1.084000 0.000000 0.000000 0.000013
    120 1.804000 0.000000 -1.025000 0.000000 0.000000 0.000000
    121 7.098000 0.000000 -1.084000 0.000000 0.000000 0.000000
    122 1.868000 1.809000 -1.975000 -2.218442 -0.017124 -0.465675
    123 3.740000 0.000000 1.273000 0.000000 0.000000 0.000013
    124 11.956999 0.000000 -0.006000 0.000000 0.000000 0.000027
    125 6.072001 0.000000 -1.238000 0.000000 0.000000 0.000000
    126 5.690000 -0.365000 0.068000 -0.000040 -0.349041 -1.570749
    127 6.396999 0.614000 0.428000 0.000000 0.000000 -0.000027
    128 3.040999 0.000000 1.202000 0.000000 0.000000 0.000000
    129 3.720000 0.000000 1.202000 0.000000 0.000000 0.000000
    130 1.086000 -0.661000 -0.149000 0.000000 0.000000 0.000000
    131 1.067000 0.589000 0.076000 0.000000 0.000000 0.000000
    132 0.000000 -0.019000 0.000000 0.000000 0.000000 0.000000
    133 0.000000 -0.019000 0.000000 0.000000 0.000000 0.000000
    134 3.300000 -0.019000 1.346000 0.000000 0.000000 0.000000
    135 -1.524000 -1.859000 -4.367000 -1.730250 -0.014891 0.208056
    136 7.283999 0.000000 -2.195000 0.000000 0.000000 -0.000027
    137 -1.323000 0.000000 0.184000 0.000000 0.000000 0.000000
    138 0.082000 0.000000 1.002000 0.000000 0.000000 0.000000
    139 -47.785355 -21.629566 -36.551496 -0.539261 0.519650 -0.145361
    140 0.478000 0.000000 -4.537000 0.000000 0.000000 -0.000013
    141 3.436000 0.000000 1.202000 0.000000 0.000000 0.000000
    142 3.040999 0.000000 1.202000 0.000000 0.000000 0.000000
    143 4.657000 0.000000 1.545000 0.000000 0.000000 -0.000013
    144 -0.403000 0.000000 -0.011000 0.000000 0.000000 0.000000
    145 1.781000 0.000000 0.873000 0.000000 0.000000 0.000000
    146 0.384000 0.715000 0.801000 0.000000 0.000000 0.000000
    147 1.795000 0.533000 -1.550000 0.000000 0.000000 0.000000
    148 4.435999 0.595000 -0.954000 0.000000 0.000000 0.000000
    149 4.401999 -0.614000 -1.630000 0.000000 0.000000 0.000000
    150 4.203000 -0.003000 -0.048000 0.000000 0.000000 0.000000
    151 5.136000 0.000000 1.534000 0.000000 0.000000 -0.000027
    152 11.957001 0.000000 -0.006000 0.000000 0.000000 0.000027
    153 -2.103001 0.000000 0.000000 0.000000 0.000000 0.000000
    154 -0.598001 0.000000 -0.011000 0.000000 0.000000 -0.000013
    155 0.496000 0.184000 -3.523000 0.000000 0.000000 0.000000
    156 0.147000 0.184000 -0.328000 0.000000 0.000000 0.000000
    157 0.147000 0.184000 0.023000 0.000000 0.000000 0.000000
    158 0.147000 0.184000 0.368000 0.000000 0.000000 0.000000
    159 0.147000 0.184000 0.717000 0.000000 0.000000 0.000000
    160 0.147000 0.184000 1.067000 0.000000 0.000000 0.000000
    161 0.148000 0.184000 1.414000 0.000000 0.000000 0.000000
    162 0.148000 -0.074000 1.640000 0.000000 0.000000 0.000000
    163 0.435000 0.184000 -3.179000 0.000000 0.000000 0.000000
    164 0.378000 0.184000 -2.826000 0.000000 0.000000 0.000000
    165 0.329000 0.184000 -2.477000 0.000000 0.000000 0.000000
    166 0.286000 0.184000 -2.127000 0.000000 0.000000 0.000000
    167 0.252000 0.184000 -1.775000 0.000000 0.000000 0.000000
    168 0.215000 0.184000 -1.417000 0.000000 0.000000 0.000000
    169 0.190000 0.184000 -1.064000 0.000000 0.000000 0.000000
    170 0.166000 0.184000 -0.714000 0.000000 0.000000 0.000000
    171 1.622000 0.000000 1.568000 0.000000 0.000000 0.000013
    172 2.240000 0.000000 1.568000 0.000000 0.000000 0.000013
    173 0.000000 0.000000 0.000000 0.000000 0.000000 0.000000
    174 0.000006 -0.006207 -4.863281 -3.140338 -0.002958 -3.128596
    175 1.000088 -0.000029 0.000000 0.000000 0.000000 0.000000
    176 17.162518 -0.000404 0.000000 0.000000 0.000000 0.119207
    177 17.749374 0.295515 0.000000 0.000000 0.000000 -1.158917
    178 5.413528 0.000347 0.000000 0.000000 0.000000 -0.518029
    179 0.017887 0.299792 0.000000 0.000000 0.000000 -0.059577
    180 9.999889 -0.000303 0.000000 0.000000 0.000000 0.000000
    181 0.000004 0.006218 4.863281 -3.140338 -0.002958 -3.128596
    182 1.000088 -0.000029 0.000000 0.000000 0.000000 0.000000
    183 12.283573 1.581455 -4.695999 1.462269 -0.086726 0.090185
    184 17.162518 -0.000404 0.000000 0.000000 0.000000 0.119207
    185 17.749374 0.295515 0.000000 0.000000 0.000000 -1.158919
    186 5.413528 0.000347 0.000000 0.000000 0.000000 -0.518029
    187 0.017887 0.299792 0.000000 0.000000 0.000000 -0.059571
    188 9.499836 0.000212 0.000000 0.000000 0.000000 0.000000
    189 -1.145525 0.000130 0.000671 0.000000 0.000000 0.000000
    190 -0.857691 0.104071 0.104687 0.023536 0.163924 0.013632
    191 3.999430 -0.000528 -0.000332 0.161334 0.000000 0.000000
    192 0.599499 0.400698 0.000236 0.000000 0.000000 0.000000
    193 0.599886 0.400186 -0.000027 0.000000 0.000000 0.000000
    194 2.299677 -2.499979 -0.599480 0.891899 0.221487 -0.527250
    195 5.232273 -5.259856 -1.082013 1.804392 -0.417821 0.102692
    196 -9.580679 -27.862108 -37.184677 0.812879 -0.123459 -0.568477
    197 0.649935 -0.548296 0.093658 -1.665913 -0.131399 -0.112062
    198 1.899127 0.000427 -0.000439 0.027386 -0.033311 0.477848
    199 0.657078 0.008400 0.040375 -1.665945 -0.131407 -0.000013
    200 1.799664 -0.000240 0.000231 0.027386 -0.033311 0.477848
    201 1.799664 -0.000240 0.000231 0.027386 -0.033311 0.477848
    202 1.799664 -0.000240 0.000231 0.027386 -0.033311 0.477848
    203 0.665774 0.747222 -0.029186 -1.665935 -0.131408 0.094976
    204 1.900306 -0.000137 -0.000517 0.027386 -0.033311 0.477848
    205 6.255803 -3.374086 4.825195 1.565404 1.561257 -2.764181
    206 3.999897 0.000040 0.001007 0.185676 0.000000 0.000000
    207 0.600403 0.399632 -0.000469 0.000000 0.000000 -3.141496
    208 0.599890 0.400186 0.000031 0.000000 0.000000 3.141497
    209 2.300137 -2.499413 0.600155 -0.891927 -0.221511 -0.527258
    210 12.103249 -3.649587 -1.238105 1.733585 0.203059 0.048103
    211 2.762354 0.116951 1.523975 1.629482 0.064153 1.743800
    212 7.228317 7.928200 -3.925652 2.328713 0.123459 -0.568477
    213 0.650396 -0.547731 -0.092976 1.665913 0.131399 -0.112062
    214 1.899441 -0.000320 -0.000150 -0.027386 0.033311 0.477848
    215 0.657068 0.008398 -0.040379 1.665945 0.131407 -0.000013
    216 1.799659 -0.000233 -0.000233 -0.027386 0.033311 0.477848
    217 1.799659 -0.000233 -0.000233 -0.027386 0.033311 0.477848
    218 1.799659 -0.000233 -0.000233 -0.027386 0.033311 0.477848
    219 0.665778 0.747222 0.029179 1.665935 0.131408 0.094976
    220 1.900722 0.000549 -0.000072 -0.027386 0.033311 0.477848
    221 4.530998 0.000000 0.000000 0.000000 0.000000 0.000000
    222 4.527344 0.000000 0.000000 0.000000 0.000000 0.000000
    223 0.000000 0.000000 0.000000 0.000000 0.000000 0.000000
    224 0.000000 0.000000 0.000000 0.000000 0.000000 0.000000
    225 4.000000 -6.496094 0.008293 -0.001274 0.000001 0.000975
    226 -6.500000 0.000000 0.000000 -1.537381 1.569552 -1.537381
    227 18.515958 -4.449106 9.333449 0.539906 -0.519003 -0.147876
    228 0.280000 -0.135000 2.196999 1.570796 0.000000 -1.570735
    229 0.000000 0.000000 0.000000 0.000000 0.000000 0.000000
    230 0.000000 0.000000 0.000000 0.023454 0.001870 -0.008593
    231 0.106000 0.000000 -64.320000 0.000000 0.000000 0.000000
    232 0.000000 0.000000 0.000000 0.000000 0.000000 0.000000
    233 -0.106000 0.000000 64.320000 0.000000 0.000000 0.000000
    234 -3.922859 -21.802775 -2.215916 0.539840 -0.519058 -1.718707
    235 0.000000 0.000000 0.000000 0.000000 -0.000036 0.000055
    236 1.688000 -0.001000 -1.454002 0.000000 0.000000 0.000000
    237 -1.070999 -0.005000 0.545002 0.000000 0.000000 0.000000
    238 5.895000 0.750997 -0.156000 0.000000 0.000000 0.000000
    239 11.599999 -0.000003 -1.500002 0.000000 0.000000 0.000000
    240 -3.802991 5.150613 -5.505911 -1.515198 -0.074947 -0.291635
    241 7.216001 -0.000003 -1.579000 0.000000 0.000000 0.000000
    242 4.488969 0.039061 -1.500000 0.000000 0.000000 0.000000
    243 0.673937 -0.015635 -4.768713 -3.141592 -1.281051 3.141593
    244 0.094999 -0.144000 0.332001 0.000000 0.000000 0.000000
    245 14.209020 0.000022 0.766988 0.000000 0.000000 0.000000
    246 0.000000 0.000000 0.000000 1.570800 0.000000 -1.570796
  time 41
    0 0.000000 0.000000 0.000000 0.000000 0.000000 -1.570796
    1 -0.106750 -0.000001 -0.000351 0.000000 0.000000 0.000000
    2 0.000000 0.000000 0.000000 0.000000 0.000000 0.000000
    3 -0.904000 0.000000 -11.806000 0.000000 0.000000 0.000000
    4 0.000000 0.000000 -14.313999 1.572085 -1.570793 0.000000
    5 3.533001 0.000000 0.000000 -0.001274 0.000000 0.000000
    6 6.250000 0.000000 0.000000 0.000000 0.000000 0.000000
    7 9.568951 -0.019507 -1.944020 -1.545137 1.187827 -1.546947
    8 9.570313 5.304688 2.056641 -1.552151 -1.032979 1.554747
    9 5.786820 0.002787 -0.000113 -1.222748 0.916542 -1.377858
    10 5.999492 -0.000592 -4.000343 0.000000 0.000000 0.000000
    11 5.787410 0.002582 0.000893 1.212483 -0.730414 -2.177735
    12 5.999492 -0.000592 4.000340 0.000000 0.000000 0.000000
    13 0.500225 0.000133 -0.000084 0.276295 0.000000 0.000000
    14 11.530657 0.000349 -0.001308 -0.000089 0.000009 -1.631304
    15 -0.829338 0.893824 0.079659 -0.148839 0.047645 0.087266
    16 0.500225 0.000132 0.000072 -0.036138 0.000000 0.000000
    17 11.532495 0.000526 0.003814 0.000006 -0.000010 -1.095803
    18 -0.829586 0.894698 -0.079468 0.045377 -0.019621 0.087266
    19 10.599886 0.000105 -0.000553 0.225344 0.000000 0.000000
    20 0.533740 -0.501750 -0.000805 -0.000024 -0.000049 0.815659
    21 11.042053 0.003717 0.000798 0.436551 -0.063609 0.247387
    22 -11.814724 0.424524 -0.297680 0.247998 -0.066121 -0.042695
    23 10.599878 0.000105 0.000549 0.391906 -0.000012 0.000060
    24 0.197791 -0.314245 0.000801 0.000012 0.000049 0.547865
    25 11.041739 0.003170 -0.000568 0.410206 0.335116 -0.038299
    26 -11.663242 0.094713 0.140656 -0.068591 0.018527 -0.015099
    27 0.610300 -0.939470 0.070347 -1.655245 -0.140091 -0.175616
    28 0.639938 -0.199121 0.060192 -1.665909 -0.131392 -0.066435
    29 0.600155 1.080260 -0.339535 -1.737970 0.020677 0.107421
    30 0.610207 0.400743 -0.010098 -1.760171 -0.067668 0.011640
    31 0.630809 -0.690091 -0.232343 0.181270 0.027589 -1.533792
    32 -0.792125 0.203736 0.461304 1.439074 -0.003453 -0.018305
    33 0.610300 -0.939469 -0.070354 1.655295 0.140055 -0.175664
    34 0.639938 -0.199121 -0.060200 1.665960 0.131416 -0.066435
    35 0.600157 1.080260 0.339531 1.741577 -0.203939 0.075913
    36 0.610205 0.400743 0.010086 1.761892 -0.015349 0.028023
    37 0.627906 -0.691394 0.232270 -1.014456 -0.861409 -0.665993
    38 -0.626031 -0.069982 -0.080517 -1.447153 0.086151 0.021559
    39 2.621377 -0.002532 -0.001438 0.097436 -0.173955 -0.328911
    40 2.660837 0.000397 -0.000071 -0.235973 0.071906 0.862099
    41 2.202488 0.003364 -0.002863 -0.195669 0.096076 0.459992
    42 0.599950 0.959236 -0.300102 -0.174544 0.000000 0.000000
    43 2.557190 -0.001967 0.002453 -0.185167 0.102665 0.837147
    44 2.098929 0.000032 -0.002193 -0.522052 -0.055295 -0.095667
    45 0.999378 -0.000238 -0.916392 0.000000 0.000000 0.000000
    46 -0.122641 -0.721855 0.661686 -0.486644 0.223964 0.243056
    47 2.622112 -0.000648 0.002741 -0.053026 0.086883 -0.048142
    48 2.657909 0.000687 -0.000533 0.200385 0.214683 1.264724
    49 2.200014 0.001663 0.000836 0.236792 0.017724 1.474129
    50 0.599949 0.959244 0.300102 0.174544 0.000000 0.000000
    51 2.556571 -0.000385 0.000554 0.236787 0.177136 1.399512
    52 2.103853 0.001708 -0.001011 0.124843 -0.418702 0.877014
    53 0.999376 -0.000240 1.490624 -0.000024 0.000012 0.946946
    54 0.310848 -0.606446 -0.498005 0.308107 -0.197598 0.313975
    55 1.869163 -0.000835 -0.000994 -0.000031 -0.000056 0.749907
    56 1.200941 0.399582 -0.000237 -0.009465 0.016087 0.007127
    57 0.000586 0.100342 -0.000319 -0.120035 -0.021926 -0.209617
    58 -0.161663 0.051712 0.194808 -2.941982 0.122408 -0.060194
    59 2.010090 -0.003202 -0.003377 -0.000018 -0.000047 0.808614
    60 0.000237 0.099800 -0.000395 -0.018823 0.010833 -0.239219
    61 -0.203197 0.048607 0.069150 -3.093332 0.033217 -0.046722
    62 1.180426 -0.002312 0.000781 0.000022 0.000060 1.064983
    63 -0.000196 0.099625 -0.000034 0.000000 0.000000 -0.314102
    64 -0.088737 -0.688435 -0.145203 2.930407 -0.136130 0.513013
    65 1.712069 -0.003328 0.003818 -0.023911 0.014193 0.895505
    66 -0.000576 0.100143 -0.000311 -0.010914 0.023131 -0.260843
    67 -0.146027 -0.232426 -0.014225 3.028455 -0.094299 0.113020
    68 1.290634 0.000361 -0.000036 0.000000 0.000000 -0.228798
    69 -0.658119 -0.003576 0.072643 -0.142711 0.027792 -0.077299
    70 1.868078 -0.003049 0.002177 -0.000021 0.000015 1.450101
    71 1.200075 0.399942 -0.000093 0.009465 -0.016087 0.007127
    72 0.000589 0.100342 0.000319 0.120035 0.021926 -0.209617
    73 0.068073 0.002283 -0.080050 3.111376 -0.069366 -0.060847
    74 2.011874 -0.001179 0.002180 -0.000073 -0.000037 1.378946
    75 0.000233 0.099800 0.000395 0.018823 -0.010833 -0.239219
    76 -0.018673 -0.001009 0.047544 3.109244 0.002635 -0.106673
    77 1.178665 0.001595 0.000845 0.000006 -0.000001 0.743912
    78 -0.000196 0.099628 0.000034 0.000000 0.000000 -0.314102
    79 0.036894 -0.634449 0.266284 -2.801062 0.174301 0.490915
    80 1.708256 -0.002504 -0.000686 -0.000046 0.000035 1.160556
    81 -0.000580 0.100140 0.000311 0.010910 -0.023132 -0.260845
    82 -0.003952 -0.281811 0.115047 -3.059162 0.089004 0.167964
    83 1.289625 0.000042 0.000061 0.000034 -0.000010 0.672669
    84 -0.171526 -0.018150 -0.099873 0.013484 -0.062184 -0.011781
    85 0.916622 0.003336 0.001326 0.000007 0.000009 0.444328
    86 -0.342617 0.053402 -0.025571 -2.909301 -0.017248 0.075276
    87 1.100231 -0.000928 -0.002434 0.000009 0.000002 0.290180
    88 -0.384979 0.331001 0.006848 -3.087207 -0.018765 -0.184278
    89 0.678146 0.002286 -0.003905 -0.000006 -0.000007 0.345829
    90 -0.123848 0.072738 0.029507 2.898184 -0.060627 0.094835
    91 1.017166 -0.000154 -0.000252 -0.000011 -0.000002 0.271210
    92 -0.344990 0.123129 0.143151 2.994981 0.012396 0.059140
    93 -0.730989 0.177046 0.039141 -0.123731 0.076518 -0.084310
    94 0.921993 0.001298 -0.000896 -0.000014 0.000001 0.471806
    95 -0.124023 -0.052090 0.038495 3.077813 -0.008519 0.039229
    96 1.100433 -0.003552 0.000502 -0.000006 0.000054 0.545699
    97 -0.330082 0.160639 0.042780 3.128073 0.034033 -0.171236
    98 0.679764 0.001532 0.003272 0.000002 0.000003 0.674840
    99 -0.019512 -0.016531 0.038578 -2.763781 0.050305 0.076829
    100 1.019531 -0.000003 0.000000 0.000000 0.000000 0.497026
    101 -0.155308 0.130644 -0.021921 -3.022466 0.022433 -0.024902
    102 -0.252207 0.061937 -0.024914 -0.007671 -0.063171 -0.044392
    103 -0.085995 0.185205 -0.015180 -2.937063 -0.113970 -0.138991
    104 -0.286533 0.179852 0.024264 -3.109353 -0.049645 -0.029914
    105 -0.019482 0.147083 0.079203 2.893815 0.038585 -0.060594
    106 -0.046482 0.251896 0.129548 3.016165 0.077112 -0.042864
    107 0.039124 -0.040295 0.047739 3.084219 0.030470 -0.037414
    108 -0.233757 0.066630 0.001754 -3.133087 0.040141 -0.065412
    109 0.044266 0.020131 0.001684 -2.778763 -0.118872 -0.040488
    110 0.071495 0.074128 -0.048302 -3.035917 -0.059482 0.104366
    111 0.000000 0.000000 0.000000 0.000000 0.000000 -1.570796
    112 -2.722739 -8.804956 -6.000183 0.484596 -0.324828 -1.700305
    113 0.000000 0.000000 0.000000 0.000000 0.000000 0.000000
    114 -3.836055 -18.707602 -3.011811 0.484322 -0.324788 -1.700573
    115 3.096000 0.000000 -1.996000 0.000000 0.000000 0.000000
    116 3.040999 0.000000 1.202000 0.000000 0.000000 0.000000
    117 7.854000 0.000000 -0.042000 0.000000 0.000000 -0.000027
    118 13.105999 0.000000 -0.006000 0.000000 0.000000 0.000027
    119 3.456000 0.000000 -1.084000 0.000000 0.000000 0.000013
    120 1.804000 0.000000 -1.025000 0.000000 0.000000 0.000000
    121 7.098000 0.000000 -1.084000 0.000000 0.000000 0.000000
    122 1.868000 1.809000 -1.975000 -2.218442 -0.017124 -0.465675
    123 3.740000 0.000000 1.273000 0.000000 0.000000 0.000013
    124 11.956999 0.000000 -0.006000 0.000000 0.000000 0.000027
    125 6.072001 0.000000 -1.238000 0.000000 0.000000 0.000000
    126 5.690000 -0.365000 0.068000 -0.000040 -0.349041 -1.570749
    127 6.396999 0.614000 0.428000 0.000000 0.000000 -0.000027
    128 3.040999 0.000000 1.202000 0.000000 0.000000 0.000000
    129 3.720000 0.000000 1.202000 0.000000 0.000000 0.000000
    130 1.086000 -0.661000 -0.149000 0.000000 0.000000 0.000000
    131 1.067000 0.589000 0.076000 0.000000 0.000000 0.000000
    132 0.000000 -0.019000 0.000000 0.000000 0.000000 0.000000
    133 0.000000 -0.019000 0.000000 0.000000 0.000000 0.000000
    134 3.300000 -0.019000 1.346000 0.000000 0.000000 0.000000
    135 -1.524000 -1.859000 -4.367000 -1.730250 -0.014891 0.208056
    136 7.283999 0.000000 -2.195000 0.000000 0.000000 -0.000027
    137 -1.323000 0.000000 0.184000 0.000000 0.000000 0.000000
    138 0.082000 0.000000 1.002000 0.000000 0.000000 0.000000
    139 -39.187437 -23.578845 -44.719714 -0.469456 0.347143 -0.035035
    140 0.478000 0.000000 -4.537000 0.000000 0.000000 -0.000013
    141 3.436000 0.000000 1.202000 0.000000 0.000000 0.000000
    142 3.040999 0.000000 1.202000 0.000000 0.000000 0.000000
    143 4.657000 0.000000 1.545000 0.000000 0.000000 -0.000013
    144 -0.403000 0.000000 -0.011000 0.000000 0.000000 0.000000
    145 1.781000 0.000000 0.873000 0.000000 0.000000 0.000000
    146 0.384000 0.715000 0.801000 0.000000 0.000000 0.000000
    147 1.795000 0.533000 -1.550000 0.000000 0.000000 0.000000
    148 4.435999 0.595000 -0.954000 0.000000 0.000000 0.000000
    149 4.401999 -0.614000 -1.630000 0.000000 0.000000 0.000000
    150 4.203000 -0.003000 -0.048000 0.000000 0.000000 0.000000
    151 5.136000 0.000000 1.534000 0.000000 0.000000 -0.000027
    152 11.957001 0.000000 -0.006000 0.000000 0.000000 0.000027
    153 -2.103001 0.000000 0.000000 0.000000 0.000000 0.000000
    154 -0.598001 0.000000 -0.011000 0.000000 0.000000 -0.000013
    155 0.496000 0.184000 -3.523000 0.000000 0.000000 0.000000
    156 0.147000 0.184000 -0.328000 0.000000 0.000000 0.000000
    157 0.147000 0.184000 0.023000 0.000000 0.000000 0.000000
    158 0.147000 0.184000 0.368000 0.000000 0.000000 0.000000
    159 0.147000 0.184000 0.717000 0.000000 0.000000 0.000000
    160 0.147000 0.184000 1.067000 0.000000 0.000000 0.000000
    161 0.148000 0.184000 1.414000 0.000000 0.000000 0.000000
    162 0.148000 -0.074000 1.640000 0.000000 0.000000 0.000000
    163 0.435000 0.184000 -3.179000 0.000000 0.000000 0.000000
    164 0.378000 0.184000 -2.826000 0.000000 0.000000 0.000000
    165 0.329000 0.184000 -2.477000 0.000000 0.000000 0.000000
    166 0.286000 0.184000 -2.127000 0.000000 0.000000 0.000000
    167 0.252000 0.184000 -1.775000 0.000000 0.000000 0.000000
    168 0.215000 0.184000 -1.417000 0.000000 0.000000 0.000000
    169 0.190000 0.184000 -1.064000 0.000000 0.000000 0.000000
    170 0.166000 0.184000 -0.714000 0.000000 0.000000 0.000000
    171 1.622000 0.000000 1.568000 0.000000 0.000000 0.000013
    172 2.240000 0.000000 1.568000 0.000000 0.000000 0.000013
    173 0.000000 0.000000 0.000000 0.000000 0.000000 0.000000
    174 0.000006 -0.006207 -4.863281 -3.140338 -0.002958 -3.128596
    175 1.000088 -0.000029 0.000000 0.000000 0.000000 0.000000
    176 17.162518 -0.000404 0.000000 0.000000 0.000000 0.119207
    177 17.749374 0.295515 0.000000 0.000000 0.000000 -1.158917
    178 5.413528 0.000347 0.000000 0.000000 0.000000 -0.518029
    179 0.017887 0.299792 0.000000 0.000000 0.000000 -0.059577
    180 9.999889 -0.000303 0.000000 0.000000 0.000000 0.000000
    181 0.000004 0.006218 4.863281 -3.140338 -0.002958 -3.128596
    182 1.000088 -0.000029 0.000000 0.000000 0.000000 0.000000
    183 12.283573 1.581455 -4.695999 1.462269 -0.086726 0.090185
    184 17.162518 -0.000404 0.000000 0.000000 0.000000 0.119207
    185 17.749374 0.295515 0.000000 0.000000 0.000000 -1.158919
    186 5.413528 0.000347 0.000000 0.000000 0.000000 -0.518029
    187 0.017887 0.299792 0.000000 0.000000 0.000000 -0.059571
    188 9.499836 0.000212 0.000000 0.000000 0.000000 0.000000
    189 -1.145525 0.000130 0.000671 0.000000 0.000000 0.000000
    190 -0.857691 0.104071 0.104687 0.023536 0.163924 0.013632
    191 3.999430 -0.000528 -0.000332 0.225306 0.000000 0.000000
    192 0.599499 0.400698 0.000236 0.000000 0.000000 0.000000
    193 0.599886 0.400186 -0.000027 0.000000 0.000000 0.000000
    194 2.299677 -2.499979 -0.599480 0.891899 0.221487 -0.527250
    195 7.533125 -3.947316 0.066460 1.515746 -0.226696 0.286379
    196 -9.580679 -27.862108 -37.184677 0.812879 -0.123459 -0.568477
    197 0.649935 -0.548296 0.093658 -1.665913 -0.131399 -0.112062
    198 1.899127 0.000427 -0.000439 0.027386 -0.033311 0.477848
    199 0.657078 0.008400 0.040375 -1.665945 -0.131407 -0.000013
    200 1.799664 -0.000240 0.000231 0.027386 -0.033311 0.477848
    201 1.799664 -0.000240 0.000231 0.027386 -0.033311 0.477848
    202 1.799664 -0.000240 0.000231 0.027386 -0.033311 0.477848
    203 0.665774 0.747222 -0.029186 -1.665935 -0.131408 0.094976
    204 1.900306 -0.000137 -0.000517 0.027386 -0.033311 0.477848
    205 6.255803 -3.374086 4.825195 1.565404 1.561257 -2.764181
    206 3.999897 0.000040 0.001007 0.195856 0.000000 0.000000
    207 0.600403 0.399632 -0.000469 0.000000 0.000000 3.141497
    208 0.599890 0.400186 0.000031 0.000000 0.000000 -3.141496
    209 2.300137 -2.499413 0.600155 -0.891927 -0.221511 -0.527258
    210 12.103249 -3.649587 -1.238105 1.733585 0.203059 0.048103
    211 2.762354 0.116951 1.523975 1.629482 0.064153 1.743800
    212 7.228317 7.928200 -3.925652 2.328713 0.123459 -0.568477
    213 0.650396 -0.547731 -0.092976 1.665913 0.131399 -0.112062
    214 1.899441 -0.000320 -0.000150 -0.027386 0.033311 0.477848
    215 0.657068 0.008398 -0.040379 1.665945 0.131407 -0.000013
    216 1.799659 -0.000233 -0.000233 -0.027386 0.033311 0.477848
    217 1.799659 -0.000233 -0.000233 -0.027386 0.033311 0.477848
    218 1.799659 -0.000233 -0.000233 -0.027386 0.033311 0.477848
    219 0.665778 0.747222 0.029179 1.665935 0.131408 0.094976
    220 1.900722 0.000549 -0.000072 -0.027386 0.033311 0.477848
    221 4.530998 0.000000 0.000000 0.000000 0.000000 0.000000
    222 4.527344 0.000000 0.000000 0.000000 0.000000 0.000000
    223 0.000000 0.000000 0.000000 0.000000 0.000000 0.000000
    224 0.000000 0.000000 0.000000 0.000000 0.000000 0.000000
    225 4.000000 -6.496094 0.008293 -0.001274 0.000001 0.000975
    226 -6.500000 0.000000 0.000000 -1.537381 1.569552 -1.537381
    227 19.719120 -3.827993 8.794370 0.484596 -0.324738 -0.129601
    228 0.280000 -0.135000 2.196999 1.570796 0.000000 -1.570735
    229 0.000000 0.000000 0.000000 0.000000 0.000000 0.000000
    230 0.000000 0.000000 0.000000 0.018672 0.001462 -0.006783
    231 0.106000 0.000000 -64.320000 0.000000 0.000000 0.000000
    232 0.000000 0.000000 0.000000 0.000000 0.000000 0.000000
    233 -0.106000 0.000000 64.320000 0.000000 0.000000 0.000000
    234 -3.325185 -22.974685 -3.622209 0.484625 -0.324806 -1.700411
    235 0.000000 0.000000 0.000000 0.000000 -0.000036 0.000055
    236 1.688000 -0.001000 -1.454002 0.000000 0.000000 0.000000
    237 -1.070999 -0.005000 0.545002 0.000000 0.000000 0.000000
    238 5.895000 0.750997 -0.156000 0.000000 0.000000 0.000000
    239 11.599999 -0.000003 -1.500002 0.000000 0.000000 0.000000
    240 -3.802991 5.150613 -5.505911 -1.515198 -0.074947 -0.291635
    241 7.216001 -0.000003 -1.579000 0.000000 0.000000 0.000000
    242 4.488969 0.039061 -1.500000 0.000000 0.000000 0.000000
    243 0.673937 -0.015635 -4.768713 -3.141592 -1.281051 3.141593
    244 0.094999 -0.144000 0.332001 0.000000 0.000000 0.000000
    245 14.209020 0.000022 0.766988 0.000000 0.000000 0.000000
    246 0.000000 0.000000 0.000000 1.570800 0.000000 -1.570796
  time 42
    0 0.000000 0.000000 0.000000 0.000000 0.000000 -1.570796
    1 -0.106750 -0.000001 -0.000351 0.000000 0.000000 0.000000
    2 0.000000 0.000000 0.000000 0.000000 0.000000 0.000000
    3 -0.904000 0.000000 -11.806000 0.000000 0.000000 0.000000
    4 0.000000 0.000000 -14.313999 1.572085 -1.570793 0.000000
    5 3.533001 0.000000 0.000000 -0.001274 0.000000 0.000000
    6 6.250000 0.000000 0.000000 0.000000 0.000000 0.000000
    7 9.568951 -0.019507 -1.944020 -1.545137 1.187827 -1.546947
    8 9.570313 5.304688 2.056641 -1.552151 -1.032979 1.554747
    9 5.786820 0.002787 -0.000113 -1.126583 0.920236 -1.317959
    10 5.999492 -0.000592 -4.000343 0.000000 0.000000 0.000000
    11 5.787410 0.002582 0.000893 1.191596 -0.770895 -2.151824
    12 5.999492 -0.000592 4.000340 0.000000 0.000000 0.000000
    13 0.500225 0.000133 -0.000084 0.231709 0.000060 0.000000
    14 11.530657 0.000349 -0.001308 -0.000041 -0.000123 -1.706253
    15 -0.829338 0.893824 0.079659 -0.148839 0.047645 0.087266
    16 0.500225 0.000132 0.000072 -0.001319 0.000000 0.000000
    17 11.532495 0.000526 0.003814 0.000006 -0.000010 -1.215268
    18 -0.829586 0.894698 -0.079468 0.045377 -0.019621 0.087266
    19 10.599886 0.000105 -0.000553 0.166841 0.000024 0.000024
    20 0.611868 -0.525188 -0.000805 0.000000 0.000011 0.852138
    21 11.042053 0.003717 0.000798 0.271488 -0.123768 0.615171
    22 -11.814724 0.424524 -0.297680 0.247998 -0.066121 -0.042695
    23 10.599878 0.000105 0.000549 0.412179 -0.000072 0.000036
    24 0.252480 -0.349402 0.000801 0.000012 0.000049 0.607621
    25 11.041739 0.003170 -0.000568 0.431697 0.294564 0.163583
    26 -11.663242 0.094713 0.140656 -0.068591 0.018527 -0.015099
    27 0.610300 -0.939470 0.070347 -1.655245 -0.140091 -0.175616
    28 0.639938 -0.199121 0.060192 -1.665909 -0.131404 -0.066435
    29 0.600155 1.080260 -0.339535 -1.737970 0.020677 0.107421
    30 0.610207 0.400743 -0.010098 -1.760171 -0.067668 0.011628
    31 0.630809 -0.690091 -0.232343 0.109670 0.315563 -1.704478
    32 -0.792125 0.203736 0.461304 1.439074 -0.003453 -0.018305
    33 0.610300 -0.939469 -0.070354 1.655295 0.140055 -0.175664
    34 0.639938 -0.199121 -0.060200 1.665960 0.131416 -0.066435
    35 0.600157 1.080260 0.339531 1.741577 -0.203939 0.075913
    36 0.610205 0.400743 0.010086 1.761892 -0.015349 0.028023
    37 0.627906 -0.691394 0.232270 -1.014456 -0.861409 -0.665993
    38 -0.626031 -0.069982 -0.080517 -1.447153 0.086151 0.021559
    39 2.621377 -0.002532 -0.001438 -0.031137 -0.191326 -0.072498
    40 2.660837 0.000397 -0.000071 -0.139296 0.054520 1.040360
    41 2.202488 0.003364 -0.002863 -0.115138 0.174951 0.222613
    42 0.599950 0.959236 -0.300102 -0.174544 0.000000 0.000000
    43 2.557190 -0.001967 0.002453 -0.090476 0.074259 0.813640
    44 2.098929 0.000032 -0.002193 -0.509110 0.132794 0.232913
    45 0.999378 -0.000238 -0.998426 0.000000 0.000000 0.000000
    46 -0.122641 -0.721855 0.661686 -0.486644 0.223964 0.243056
    47 2.622112 -0.000648 0.002741 -0.053026 0.086883 -0.048142
    48 2.657909 0.000687 -0.000533 0.200385 0.214683 1.264724
    49 2.200014 0.001663 0.000836 0.236792 0.017712 1.474129
    50 0.599949 0.959244 0.300102 0.174544 0.000000 0.000000
    51 2.556571 -0.000385 0.000554 0.236787 0.177136 1.399512
    52 2.103853 0.001708 -0.001011 0.124843 -0.418702 0.877031
    53 0.999376 -0.000240 1.490624 -0.000024 0.000012 0.946946
    54 0.310848 -0.606446 -0.498005 0.308107 -0.197598 0.313975
    55 1.869163 -0.000835 -0.000994 -0.000007 0.000003 0.623145
    56 1.200941 0.399582 -0.000237 -0.009465 0.016087 0.007127
    57 0.000586 0.100342 -0.000319 -0.120035 -0.021926 -0.209617
    58 -0.161663 0.051712 0.194808 -2.941982 0.122408 -0.060194
    59 2.010090 -0.003202 -0.003377 0.000006 0.000001 1.102653
    60 0.000237 0.099800 -0.000395 -0.018823 0.010833 -0.239219
    61 -0.203197 0.048607 0.069150 -3.093332 0.033217 -0.046722
    62 1.180426 -0.002312 0.000781 -0.000002 0.000000 1.131751
    63 -0.000196 0.099625 -0.000034 0.000000 0.000000 -0.314102
    64 -0.088737 -0.688435 -0.145203 2.930407 -0.136130 0.513013
    65 1.712069 -0.003328 0.003818 -0.025648 0.009699 1.296843
    66 -0.000576 0.100143 -0.000311 -0.010914 0.023131 -0.260843
    67 -0.146027 -0.232426 -0.014225 3.028455 -0.094299 0.113020
    68 1.290634 0.000361 -0.000036 -0.000024 0.000024 0.070568
    69 -0.658119 -0.003576 0.072643 -0.142711 0.027792 -0.077299
    70 1.868078 -0.003049 0.002177 -0.000021 0.000015 1.450101
    71 1.200075 0.399942 -0.000093 0.009465 -0.016087 0.007127
    72 0.000589 0.100342 0.000319 0.120035 0.021926 -0.209617
    73 0.068073 0.002283 -0.080050 3.111376 -0.069366 -0.060847
    74 2.011874 -0.001179 0.002180 -0.000073 -0.000025 1.378946
    75 0.000233 0.099800 0.000395 0.018823 -0.010833 -0.239219
    76 -0.018673 -0.001009 0.047544 3.109244 0.002635 -0.106673
    77 1.178665 0.001595 0.000845 0.000006 -0.000001 0.743912
    78 -0.000196 0.099628 0.000034 0.000000 0.000000 -0.314102
    79 0.036894 -0.634449 0.266284 -2.801062 0.174301 0.490915
    80 1.708256 -0.002504 -0.000686 -0.000046 0.000035 1.160556
    81 -0.000580 0.100140 0.000311 0.010910 -0.023132 -0.260845
    82 -0.003952 -0.281811 0.115047 -3.059162 0.089004 0.167964
    83 1.289625 0.000042 0.000061 0.000034 -0.000010 0.672669
    84 -0.171526 -0.018150 -0.099873 0.013484 -0.062184 -0.011781
    85 0.916622 0.003336 0.001326 0.000031 -0.000003 0.662324
    86 -0.342617 0.053402 -0.025571 -2.909301 -0.017248 0.075276
    87 1.100231 -0.000928 -0.002434 0.000009 0.000002 0.484039
    88 -0.384979 0.331001 0.006848 -3.087207 -0.018765 -0.184278
    89 0.678146 0.002286 -0.003905 0.000006 0.000029 0.725042
    90 -0.123848 0.072738 0.029507 2.898184 -0.060627 0.094835
    91 1.017166 -0.000154 -0.000252 -0.000011 -0.000002 0.399574
    92 -0.344990 0.123129 0.143151 2.994981 0.012396 0.059140
    93 -0.730989 0.177046 0.039141 -0.123731 0.076518 -0.084310
    94 0.921993 0.001298 -0.000896 -0.000014 0.000001 0.471806
    95 -0.124023 -0.052090 0.038495 3.077813 -0.008519 0.039229
    96 1.100433 -0.003552 0.000502 -0.000006 0.000054 0.545699
    97 -0.330082 0.160639 0.042780 3.128073 0.034033 -0.171236
    98 0.679764 0.001532 0.003272 0.000002 0.000003 0.674840
    99 -0.019512 -0.016531 0.038578 -2.763781 0.050305 0.076829
    100 1.019531 -0.000003 0.000000 0.000000 0.000000 0.497026
    101 -0.155308 0.130644 -0.021921 -3.022466 0.022433 -0.024902
    102 -0.252207 0.061937 -0.024914 -0.007671 -0.063171 -0.044392
    103 -0.085995 0.185205 -0.015180 -2.937063 -0.113970 -0.138991
    104 -0.286533 0.179852 0.024264 -3.109353 -0.049645 -0.029914
    105 -0.019482 0.147083 0.079203 2.893815 0.038585 -0.060594
    106 -0.046482 0.251896 0.129548 3.016165 0.077112 -0.042864
    107 0.039124 -0.040295 0.047739 3.084219 0.030470 -0.037414
    108 -0.233757 0.066630 0.001754 -3.133087 0.040141 -0.065412
    109 0.044266 0.020131 0.001684 -2.778763 -0.118872 -0.040488
    110 0.071495 0.074128 -0.048302 -3.035917 -0.059482 0.104366
    111 0.000000 0.000000 0.000000 0.000000 0.000000 -1.570796
    112 -2.656331 -8.761986 -5.629078 0.431558 -0.207000 -1.675970
    113 0.000000 0.000000 0.000000 0.000000 0.000000 0.000000
    114 -3.566515 -18.965423 -3.824335 0.431502 -0.207268 -1.675960
    115 3.096000 0.000000 -1.996000 0.000000 0.000000 0.000000
    116 3.040999 0.000000 1.202000 0.000000 0.000000 0.000000
    117 7.854000 0.000000 -0.042000 0.000000 0.000000 -0.000027
    118 13.105999 0.000000 -0.006000 0.000000 0.000000 0.000027
    119 3.456000 0.000000 -1.084000 0.000000 0.000000 0.000013
    120 1.804000 0.000000 -1.025000 0.000000 0.000000 0.000000
    121 7.098000 0.000000 -1.084000 0.000000 0.000000 0.000000
    122 1.868000 1.809000 -1.975000 -2.218442 -0.017124 -0.465675
    123 3.740000 0.000000 1.273000 0.000000 0.000000 0.000013
    124 11.956999 0.000000 -0.006000 0.000000 0.000000 0.000027
    125 6.072001 0.000000 -1.238000 0.000000 0.000000 0.000000
    126 5.690000 -0.365000 0.068000 -0.000040 -0.349041 -1.570749
    127 6.396999 0.614000 0.428000 0.000000 0.000000 -0.000027
    128 3.040999 0.000000 1.202000 0.000000 0.000000 0.000000
    129 3.720000 0.000000 1.202000 0.000000 0.000000 0.000000
    130 1.086000 -0.661000 -0.149000 0.000000 0.000000 0.000000
    131 1.067000 0.589000 0.076000 0.000000 0.000000 0.000000
    132 0.000000 -0.019000 0.000000 0.000000 0.000000 0.000000
    133 0.000000 -0.019000 0.000000 0.000000 0.000000 0.000000
    134 3.300000 -0.019000 1.346000 0.000000 0.000000 0.000000
    135 -1.524000 -1.859000 -4.367000 -1.730250 -0.014891 0.208056
    136 7.283999 0.000000 -2.195000 0.000000 0.000000 -0.000027
    137 -1.323000 0.000000 0.184000 0.000000 0.000000 0.000000
    138 0.082000 0.000000 1.002000 0.000000 0.000000 0.000000
    139 -32.796617 -22.406934 -49.442514 -0.419404 0.231618 0.010254
    140 0.478000 0.000000 -4.537000 0.000000 0.000000 -0.000013
    141 3.436000 0.000000 1.202000 0.000000 0.000000 0.000000
    142 3.040999 0.000000 1.202000 0.000000 0.000000 0.000000
    143 4.657000 0.000000 1.545000 0.000000 0.000000 -0.000013
    144 -0.403000 0.000000 -0.011000 0.000000 0.000000 0.000000
    145 1.781000 0.000000 0.873000 0.000000 0.000000 0.000000
    146 0.384000 0.715000 0.801000 0.000000 0.000000 0.000000
    147 1.795000 0.533000 -1.550000 0.000000 0.000000 0.000000
    148 4.435999 0.595000 -0.954000 0.000000 0.000000 0.000000
    149 4.401999 -0.614000 -1.630000 0.000000 0.000000 0.000000
    150 4.203000 -0.003000 -0.048000 0.000000 0.000000 0.000000
    151 5.136000 0.000000 1.534000 0.000000 0.000000 -0.000027
    152 11.957001 0.000000 -0.006000 0.000000 0.000000 0.000027
    153 -2.103001 0.000000 0.000000 0.000000 0.000000 0.000000
    154 -0.598001 0.000000 -0.011000 0.000000 0.000000 -0.000013
    155 0.496000 0.184000 -3.523000 0.000000 0.000000 0.000000
    156 0.147000 0.184000 -0.328000 0.000000 0.000000 0.000000
    157 0.147000 0.184000 0.023000 0.000000 0.000000 0.000000
    158 0.147000 0.184000 0.368000 0.000000 0.000000 0.000000
    159 0.147000 0.184000 0.717000 0.000000 0.000000 0.000000
    160 0.147000 0.184000 1.067000 0.000000 0.000000 0.000000
    161 0.148000 0.184000 1.414000 0.000000 0.000000 0.000000
    162 0.148000 -0.074000 1.640000 0.000000 0.000000 0.000000
    163 0.435000 0.184000 -3.179000 0.000000 0.000000 0.000000
    164 0.378000 0.184000 -2.826000 0.000000 0.000000 0.000000
    165 0.329000 0.184000 -2.477000 0.000000 0.000000 0.000000
    166 0.286000 0.184000 -2.127000 0.000000 0.000000 0.000000
    167 0.252000 0.184000 -1.775000 0.000000 0.000000 0.000000
    168 0.215000 0.184000 -1.417000 0.000000 0.000000 0.000000
    169 0.190000 0.184000 -1.064000 0.000000 0.000000 0.000000
    170 0.166000 0.184000 -0.714000 0.000000 0.000000 0.000000
    171 1.622000 0.000000 1.568000 0.000000 0.000000 0.000013
    172 2.240000 0.000000 1.568000 0.000000 0.000000 0.000013
    173 0.000000 0.000000 0.000000 0.000000 0.000000 0.000000
    174 0.000006 -0.006207 -4.863281 -3.140338 -0.002958 -3.128596
    175 1.000088 -0.000029 0.000000 0.000000 0.000000 0.000000
    176 17.162518 -0.000404 0.000000 0.000000 0.000000 0.119207
    177 17.749374 0.295515 0.000000 0.000000 0.000000 -1.158917
    178 5.413528 0.000347 0.000000 0.000000 0.000000 -0.518029
    179 0.017887 0.299792 0.000000 0.000000 0.000000 -0.059577
    180 9.999889 -0.000303 0.000000 0.000000 0.000000 0.000000
    181 0.000004 0.006218 4.863281 -3.140338 -0.002958 -3.128596
    182 1.000088 -0.000029 0.000000 0.000000 0.000000 0.000000
    183 12.283573 1.581455 -4.695999 1.462269 -0.086726 0.090185
    184 17.162518 -0.000404 0.000000 0.000000 0.000000 0.119207
    185 17.749374 0.295515 0.000000 0.000000 0.000000 -1.158919
    186 5.413528 0.000347 0.000000 0.000000 0.000000 -0.518029
    187 0.017887 0.299792 0.000000 0.000000 0.000000 -0.059571
    188 9.499836 0.000212 0.000000 0.000000 0.000000 0.000000
    189 -1.145525 0.000130 0.000671 0.000000 0.000000 0.000000
    190 -0.857691 0.104071 0.104687 0.023536 0.163924 0.013632
    191 3.999430 -0.000528 -0.000332 0.166788 0.000000 0.000000
    192 0.599499 0.400698 0.000236 0.000000 0.000000 0.000000
    193 0.599886 0.400186 -0.000027 0.000000 0.000000 0.000000
    194 2.299677 -2.499979 -0.599480 0.891899 0.221487 -0.527250
    195 6.615128 -4.627024 0.078179 1.512780 -0.286948 0.091384
    196 -9.580679 -27.862108 -37.184677 0.812879 -0.123459 -0.568477
    197 0.649935 -0.548296 0.093658 -1.665913 -0.131399 -0.112062
    198 1.899127 0.000427 -0.000439 0.027386 -0.033311 0.477848
    199 0.657078 0.008400 0.040375 -1.665945 -0.131407 -0.000013
    200 1.799664 -0.000240 0.000231 0.027386 -0.033311 0.477848
    201 1.799664 -0.000240 0.000231 0.027386 -0.033311 0.477848
    202 1.799664 -0.000240 0.000231 0.027386 -0.033311 0.477848
    203 0.665774 0.747222 -0.029186 -1.665935 -0.131408 0.094976
    204 1.900306 -0.000137 -0.000517 0.027386 -0.033311 0.477848
    205 6.255803 -3.374086 4.825195 1.565404 1.561257 -2.764181
    206 3.999897 0.000040 0.001007 0.206079 0.000000 0.000000
    207 0.600403 0.399632 -0.000469 0.000000 0.000000 3.141497
    208 0.599890 0.400186 0.000031 0.000000 0.000000 -3.141496
    209 2.300137 -2.499413 0.600155 -0.891927 -0.221511 -0.527258
    210 12.103249 -3.649587 -1.238105 1.733585 0.203032 0.048103
    211 2.762354 0.116951 1.523975 1.629482 0.064153 1.743800
    212 7.228317 7.928200 -3.925652 2.328713 0.123459 -0.568477
    213 0.650396 -0.547731 -0.092976 1.665913 0.131399 -0.112062
    214 1.899441 -0.000320 -0.000150 -0.027386 0.033311 0.477848
    215 0.657068 0.008398 -0.040379 1.665945 0.131407 -0.000013
    216 1.799659 -0.000233 -0.000233 -0.027386 0.033311 0.477848
    217 1.799659 -0.000233 -0.000233 -0.027386 0.033311 0.477848
    218 1.799659 -0.000233 -0.000233 -0.027386 0.033311 0.477848
    219 0.665778 0.747222 0.029179 1.665935 0.131408 0.094976
    220 1.900722 0.000549 -0.000072 -0.027386 0.033311 0.477848
    221 4.530998 0.000000 0.000000 0.000000 0.000000 0.000000
    222 4.527344 0.000000 0.000000 0.000000 0.000000 0.000000
    223 0.000000 0.000000 0.000000 0.000000 0.000000 0.000000
    224 0.000000 0.000000 0.000000 0.000000 0.000000 0.000000
    225 4.000000 -6.496094 0.008293 -0.001274 0.000001 0.000975
    226 -6.500000 0.000000 0.000000 -1.537381 1.569552 -1.537381
    227 19.976940 -3.570172 7.966219 0.431558 -0.206926 -0.105266
    228 0.280000 -0.135000 2.196999 1.570796 0.000000 -1.570735
    229 0.000000 0.000000 0.000000 0.000000 0.000000 0.000000
    230 0.000000 0.000000 0.000000 0.013878 0.001067 -0.004974
    231 0.106000 0.000000 -64.320000 0.000000 0.000000 0.000000
    232 0.000000 0.000000 0.000000 0.000000 0.000000 0.000000
    233 -0.106000 0.000000 64.320000 0.000000 0.000000 0.000000
    234 -3.055645 -23.123127 -4.989439 0.431594 -0.206995 -1.676177
    235 0.000000 0.000000 0.000000 0.000000 -0.000036 0.000055
    236 1.688000 -0.001000 -1.454002 0.000000 0.000000 0.000000
    237 -1.070999 -0.005000 0.545002 0.000000 0.000000 0.000000
    238 5.895000 0.750997 -0.156000 0.000000 0.000000 0.000000
    239 11.599999 -0.000003 -1.500002 0.000000 0.000000 0.000000
    240 -3.802991 5.150613 -5.505911 -1.515198 -0.074947 -0.291635
    241 7.216001 -0.000003 -1.579000 0.000000 0.000000 0.000000
    242 4.488969 0.039061 -1.500000 0.000000 0.000000 0.000000
    243 0.673937 -0.015635 -4.768713 -3.141592 -1.281051 3.141593
    244 0.094999 -0.144000 0.332001 0.000000 0.000000 0.000000
    245 14.209020 0.000022 0.766988 0.000000 0.000000 0.000000
    246 0.000000 0.000000 0.000000 1.570800 0.000000 -1.570796
  time 43
    0 0.000000 0.000000 0.000000 0.000000 0.000000 -1.570796
    1 -0.106750 -0.000001 -0.000351 0.000000 0.000000 0.000000
    2 0.000000 0.000000 0.000000 0.000000 0.000000 0.000000
    3 -0.904000 0.000000 -11.806000 0.000000 0.000000 0.000000
    4 0.000000 0.000000 -14.313999 1.572085 -1.570793 0.000000
    5 3.533001 0.000000 0.000000 -0.001274 0.000000 0.000000
    6 6.250000 0.000000 0.000000 0.000000 0.000000 0.000000
    7 9.568951 -0.019507 -1.944020 -1.545137 1.187827 -1.546947
    8 9.570313 5.304688 2.056641 -1.552151 -1.032979 1.554747
    9 5.786820 0.002787 -0.000113 -1.020666 1.000124 -1.255292
    10 5.999492 -0.000592 -4.000343 0.000000 0.000000 0.000000
    11 5.787410 0.002582 0.000893 1.176999 -0.856047 -2.124736
    12 5.999492 -0.000592 4.000340 0.000000 0.000000 0.000000
    13 0.500225 0.000133 -0.000084 0.165695 0.000000 -0.000060
    14 11.530657 0.000349 -0.001308 0.000043 -0.000027 -1.777367
    15 -0.829338 0.893824 0.079659 -0.148839 0.047645 0.087266
    16 0.500225 0.000132 0.000072 0.057900 0.000000 0.000000
    17 11.532495 0.000526 0.003814 0.000006 -0.000010 -1.334733
    18 -0.829586 0.894698 -0.079468 0.045377 -0.019621 0.087266
    19 10.599886 0.000105 -0.000553 0.120734 0.000000 0.000000
    20 0.689995 -0.548627 -0.000805 0.000036 0.000047 0.888592
    21 11.042053 0.003717 0.000798 0.192258 -0.192845 0.646024
    22 -11.814724 0.424524 -0.297680 0.247998 -0.066121 -0.042695
    23 10.599878 0.000105 0.000549 0.394702 0.000000 0.000060
    24 0.303263 -0.384560 0.000801 0.000012 0.000049 0.667376
    25 11.041739 0.003170 -0.000568 0.405198 0.256026 0.247695
    26 -11.663242 0.094713 0.140656 -0.068591 0.018527 -0.015099
    27 0.610300 -0.939470 0.070347 -1.655245 -0.140103 -0.175616
    28 0.639938 -0.199121 0.060192 -1.665909 -0.131404 -0.066447
    29 0.600155 1.080260 -0.339535 -1.737970 0.020677 0.107409
    30 0.610207 0.400743 -0.010098 -1.760171 -0.067668 0.011628
    31 0.630809 -0.690091 -0.232343 0.076554 0.603584 -1.780638
    32 -0.792125 0.203736 0.461304 1.439074 -0.003453 -0.018305
    33 0.610300 -0.939469 -0.070354 1.655295 0.140055 -0.175664
    34 0.639938 -0.199121 -0.060200 1.665960 0.131416 -0.066435
    35 0.600157 1.080260 0.339531 1.741577 -0.203939 0.075913
    36 0.610205 0.400743 0.010086 1.761892 -0.015349 0.028023
    37 0.627906 -0.691394 0.232270 -1.014456 -0.861409 -0.665993
    38 -0.626031 -0.069982 -0.080517 -1.447153 0.086151 0.021559
    39 2.621377 -0.002532 -0.001438 -0.110794 -0.193743 0.183915
    40 2.660837 0.000397 -0.000071 -0.042801 0.037077 1.151133
    41 2.202488 0.003364 -0.002863 -0.034587 0.230248 0.081214
    42 0.599950 0.959236 -0.300102 -0.174544 0.000000 0.000000
    43 2.557190 -0.001967 0.002453 0.004214 0.045782 0.790050
    44 2.098929 0.000032 -0.002193 -0.433027 0.306142 0.577585
    45 0.999378 -0.000238 -1.170306 0.000000 0.000000 0.000000
    46 -0.122641 -0.721855 0.661686 -0.486644 0.223964 0.243056
    47 2.622112 -0.000648 0.002741 -0.053026 0.086883 -0.048142
    48 2.657909 0.000687 -0.000533 0.200385 0.214683 1.264724
    49 2.200014 0.001663 0.000836 0.236792 0.017712 1.474129
    50 0.599949 0.959244 0.300102 0.174544 0.000000 0.000000
    51 2.556571 -0.000385 0.000554 0.236801 0.177136 1.399512
    52 2.103853 0.001708 -0.001011 0.124843 -0.418702 0.877031
    53 0.999376 -0.000240 1.490624 -0.000024 0.000012 0.946946
    54 0.310848 -0.606446 -0.498005 0.308107 -0.197598 0.313975
    55 1.869163 -0.000835 -0.000994 0.000005 0.000063 0.539423
    56 1.200941 0.399582 -0.000237 -0.009465 0.016087 0.007127
    57 0.000586 0.100342 -0.000319 -0.120035 -0.021926 -0.209617
    58 -0.161663 0.051712 0.194808 -2.941982 0.122408 -0.060194
    59 2.010090 -0.003202 -0.003377 0.000042 0.000060 1.303739
    60 0.000237 0.099800 -0.000395 -0.018823 0.010833 -0.239219
    61 -0.203197 0.048607 0.069150 -3.093332 0.033217 -0.046722
    62 1.180426 -0.002312 0.000781 -0.000002 0.000000 1.141238
    63 -0.000196 0.099625 -0.000034 0.000000 0.000000 -0.314102
    64 -0.088737 -0.688435 -0.145203 2.930407 -0.136130 0.513013
    65 1.712069 -0.003328 0.003818 -0.027326 0.005217 1.564115
    66 -0.000576 0.100143 -0.000311 -0.010914 0.023131 -0.260843
    67 -0.146027 -0.232426 -0.014225 3.028455 -0.094299 0.113020
    68 1.290634 0.000361 -0.000036 -0.000048 0.000060 0.369855
    69 -0.658119 -0.003576 0.072643 -0.142711 0.027792 -0.077299
    70 1.868078 -0.003049 0.002177 -0.000021 0.000015 1.450101
    71 1.200075 0.399942 -0.000093 0.009465 -0.016087 0.007127
    72 0.000589 0.100342 0.000319 0.120035 0.021926 -0.209617
    73 0.068073 0.002283 -0.080050 3.111376 -0.069366 -0.060847
    74 2.011874 -0.001179 0.002180 -0.000073 -0.000025 1.378946
    75 0.000233 0.099800 0.000395 0.018823 -0.010833 -0.239219
    76 -0.018673 -0.001009 0.047544 3.109244 0.002635 -0.106673
    77 1.178665 0.001595 0.000845 0.000006 -0.000001 0.743912
    78 -0.000196 0.099628 0.000034 0.000000 0.000000 -0.314102
    79 0.036894 -0.634449 0.266284 -2.801062 0.174301 0.490915
    80 1.708256 -0.002504 -0.000686 -0.000046 0.000035 1.160556
    81 -0.000580 0.100140 0.000311 0.010910 -0.023132 -0.260845
    82 -0.003952 -0.281811 0.115047 -3.059162 0.089004 0.167964
    83 1.289625 0.000042 0.000061 0.000046 -0.000010 0.672669
    84 -0.171526 -0.018150 -0.099873 0.013484 -0.062184 -0.011781
    85 0.916622 0.003336 0.001326 0.000066 -0.000015 0.880319
    86 -0.342617 0.053402 -0.025571 -2.909301 -0.017248 0.075276
    87 1.100231 -0.000928 -0.002434 0.000009 0.000002 0.677898
    88 -0.384979 0.331001 0.006848 -3.087207 -0.018765 -0.184278
    89 0.678146 0.002286 -0.003905 0.000030 0.000041 1.104311
    90 -0.123848 0.072738 0.029507 2.898184 -0.060627 0.094835
    91 1.017166 -0.000154 -0.000252 -0.000011 -0.000002 0.527889
    92 -0.344990 0.123129 0.143151 2.994981 0.012396 0.059140
    93 -0.730989 0.177046 0.039141 -0.123731 0.076518 -0.084310
    94 0.921993 0.001298 -0.000896 -0.000014 0.000001 0.471806
    95 -0.124023 -0.052090 0.038495 3.077813 -0.008519 0.039229
    96 1.100433 -0.003552 0.000502 -0.000006 0.000054 0.545699
    97 -0.330082 0.160639 0.042780 3.128073 0.034033 -0.171236
    98 0.679764 0.001532 0.003272 0.000002 0.000003 0.674840
    99 -0.019512 -0.016531 0.038578 -2.763781 0.050305 0.076829
    100 1.019531 -0.000003 0.000000 0.000000 0.000000 0.497026
    101 -0.155308 0.130644 -0.021921 -3.022466 0.022433 -0.024902
    102 -0.252207 0.061937 -0.024914 -0.007671 -0.063171 -0.044392
    103 -0.085995 0.185205 -0.015180 -2.937063 -0.113970 -0.138991
    104 -0.286533 0.179852 0.024264 -3.109353 -0.049645 -0.029914
    105 -0.019482 0.147083 0.079203 2.893815 0.038585 -0.060594
    106 -0.046482 0.251896 0.129548 3.016165 0.077112 -0.042864
    107 0.039124 -0.040295 0.047739 3.084219 0.030470 -0.037414
    108 -0.233757 0.066630 0.001754 -3.133087 0.040141 -0.065412
    109 0.044266 0.020131 0.001684 -2.778763 -0.118872 -0.040488
    110 0.071495 0.074128 -0.048302 -3.035917 -0.059482 0.104366
    111 0.000000 0.000000 0.000000 0.000000 0.000000 -1.570796
    112 -2.664144 -8.168218 -5.996277 0.387607 -0.154439 -1.646693
    113 0.000000 0.000000 0.000000 0.000000 0.000000 0.000000
    114 -3.300882 -18.473220 -4.754051 0.387532 -0.154277 -1.646872
    115 3.096000 0.000000 -1.996000 0.000000 0.000000 0.000000
    116 3.040999 0.000000 1.202000 0.000000 0.000000 0.000000
    117 7.854000 0.000000 -0.042000 0.000000 0.000000 -0.000027
    118 13.105999 0.000000 -0.006000 0.000000 0.000000 0.000027
    119 3.456000 0.000000 -1.084000 0.000000 0.000000 0.000013
    120 1.804000 0.000000 -1.025000 0.000000 0.000000 0.000000
    121 7.098000 0.000000 -1.084000 0.000000 0.000000 0.000000
    122 1.868000 1.809000 -1.975000 -2.218442 -0.017124 -0.465675
    123 3.740000 0.000000 1.273000 0.000000 0.000000 0.000013
    124 11.956999 0.000000 -0.006000 0.000000 0.000000 0.000027
    125 6.072001 0.000000 -1.238000 0.000000 0.000000 0.000000
    126 5.690000 -0.365000 0.068000 -0.000040 -0.349041 -1.570749
    127 6.396999 0.614000 0.428000 0.000000 0.000000 -0.000027
    128 3.040999 0.000000 1.202000 0.000000 0.000000 0.000000
    129 3.720000 0.000000 1.202000 0.000000 0.000000 0.000000
    130 1.086000 -0.661000 -0.149000 0.000000 0.000000 0.000000
    131 1.067000 0.589000 0.076000 0.000000 0.000000 0.000000
    132 0.000000 -0.019000 0.000000 0.000000 0.000000 0.000000
    133 0.000000 -0.019000 0.000000 0.000000 0.000000 0.000000
    134 3.300000 -0.019000 1.346000 0.000000 0.000000 0.000000
    135 -1.524000 -1.859000 -4.367000 -1.730250 -0.014891 0.208056
    136 7.283999 0.000000 -2.195000 0.000000 0.000000 -0.000027
    137 -1.323000 0.000000 0.184000 0.000000 0.000000 0.000000
    138 0.082000 0.000000 1.002000 0.000000 0.000000 0.000000
    139 -29.116817 -20.078738 -51.466014 -0.380655 0.171467 0.012438
    140 0.478000 0.000000 -4.537000 0.000000 0.000000 -0.000013
    141 3.436000 0.000000 1.202000 0.000000 0.000000 0.000000
    142 3.040999 0.000000 1.202000 0.000000 0.000000 0.000000
    143 4.657000 0.000000 1.545000 0.000000 0.000000 -0.000013
    144 -0.403000 0.000000 -0.011000 0.000000 0.000000 0.000000
    145 1.781000 0.000000 0.873000 0.000000 0.000000 0.000000
    146 0.384000 0.715000 0.801000 0.000000 0.000000 0.000000
    147 1.795000 0.533000 -1.550000 0.000000 0.000000 0.000000
    148 4.435999 0.595000 -0.954000 0.000000 0.000000 0.000000
    149 4.401999 -0.614000 -1.630000 0.000000 0.000000 0.000000
    150 4.203000 -0.003000 -0.048000 0.000000 0.000000 0.000000
    151 5.136000 0.000000 1.534000 0.000000 0.000000 -0.000027
    152 11.957001 0.000000 -0.006000 0.000000 0.000000 0.000027
    153 -2.103001 0.000000 0.000000 0.000000 0.000000 0.000000
    154 -0.598001 0.000000 -0.011000 0.000000 0.000000 -0.000013
    155 0.496000 0.184000 -3.523000 0.000000 0.000000 0.000000
    156 0.147000 0.184000 -0.328000 0.000000 0.000000 0.000000
    157 0.147000 0.184000 0.023000 0.000000 0.000000 0.000000
    158 0.147000 0.184000 0.368000 0.000000 0.000000 0.000000
    159 0.147000 0.184000 0.717000 0.000000 0.000000 0.000000
    160 0.147000 0.184000 1.067000 0.000000 0.000000 0.000000
    161 0.148000 0.184000 1.414000 0.000000 0.000000 0.000000
    162 0.148000 -0.074000 1.640000 0.000000 0.000000 0.000000
    163 0.435000 0.184000 -3.179000 0.000000 0.000000 0.000000
    164 0.378000 0.184000 -2.826000 0.000000 0.000000 0.000000
    165 0.329000 0.184000 -2.477000 0.000000 0.000000 0.000000
    166 0.286000 0.184000 -2.127000 0.000000 0.000000 0.000000
    167 0.252000 0.184000 -1.775000 0.000000 0.000000 0.000000
    168 0.215000 0.184000 -1.417000 0.000000 0.000000 0.000000
    169 0.190000 0.184000 -1.064000 0.000000 0.000000 0.000000
    170 0.166000 0.184000 -0.714000 0.000000 0.000000 0.000000
    171 1.622000 0.000000 1.568000 0.000000 0.000000 0.000013
    172 2.240000 0.000000 1.568000 0.000000 0.000000 0.000013
    173 0.000000 0.000000 0.000000 0.000000 0.000000 0.000000
    174 0.000006 -0.006207 -4.863281 -3.140338 -0.002958 -3.128596
    175 1.000088 -0.000029 0.000000 0.000000 0.000000 0.000000
    176 17.162518 -0.000404 0.000000 0.000000 0.000000 0.119207
    177 17.749374 0.295515 0.000000 0.000000 0.000000 -1.158917
    178 5.413528 0.000347 0.000000 0.000000 0.000000 -0.518029
    179 0.017887 0.299792 0.000000 0.000000 0.000000 -0.059577
    180 9.999889 -0.000303 0.000000 0.000000 0.000000 0.000000
    181 0.000004 0.006218 4.863281 -3.140338 -0.002958 -3.128596
    182 1.000088 -0.000029 0.000000 0.000000 0.000000 0.000000
    183 12.283573 1.581455 -4.695999 1.462269 -0.086726 0.090185
    184 17.162518 -0.000404 0.000000 0.000000 0.000000 0.119207
    185 17.749374 0.295515 0.000000 0.000000 0.000000 -1.158919
    186 5.413528 0.000347 0.000000 0.000000 0.000000 -0.518029
    187 0.017887 0.299792 0.000000 0.000000 0.000000 -0.059571
    188 9.499836 0.000212 0.000000 0.000000 0.000000 0.000000
    189 -1.145525 0.000130 0.000671 0.000000 0.000000 0.000000
    190 -0.857691 0.104071 0.104687 0.023536 0.163924 0.013632
    191 3.999430 -0.000528 -0.000332 0.120716 0.000000 0.000000
    192 0.599499 0.400698 0.000236 0.000000 0.000000 0.000000
    193 0.599886 0.400186 -0.000027 0.000000 0.000000 0.000000
    194 2.299677 -2.499979 -0.599480 0.891899 0.221487 -0.527250
    195 6.615128 -4.627024 0.078179 1.512780 -0.286948 0.091384
    196 -9.580679 -27.862108 -37.184677 0.812879 -0.123459 -0.568477
    197 0.649935 -0.548296 0.093658 -1.665913 -0.131399 -0.112062
    198 1.899127 0.000427 -0.000439 0.027386 -0.033311 0.477848
    199 0.657078 0.008400 0.040375 -1.665945 -0.131407 -0.000013
    200 1.799664 -0.000240 0.000231 0.027386 -0.033311 0.477848
    201 1.799664 -0.000240 0.000231 0.027386 -0.033311 0.477848
    202 1.799664 -0.000240 0.000231 0.027386 -0.033311 0.477848
    203 0.665774 0.747222 -0.029186 -1.665935 -0.131408 0.094976
    204 1.900306 -0.000137 -0.000517 0.027386 -0.033311 0.477848
    205 6.255803 -3.374086 4.825195 1.565404 1.561257 -2.764181
    206 3.999897 0.000040 0.001007 0.197385 0.000000 0.000000
    207 0.600403 0.399632 -0.000469 0.000000 0.000000 3.141497
    208 0.599890 0.400186 0.000031 0.000000 0.000000 3.141497
    209 2.300137 -2.499413 0.600155 -0.891927 -0.221511 -0.527258
    210 12.103249 -3.649587 -1.238105 1.733585 0.203032 0.048103
    211 2.762354 0.116951 1.523975 1.629482 0.064153 1.743800
    212 7.228317 7.928200 -3.925652 2.328713 0.123459 -0.568477
    213 0.650396 -0.547731 -0.092976 1.665913 0.131399 -0.112062
    214 1.899441 -0.000320 -0.000150 -0.027386 0.033311 0.477848
    215 0.657068 0.008398 -0.040379 1.665945 0.131407 -0.000013
    216 1.799659 -0.000233 -0.000233 -0.027386 0.033311 0.477848
    217 1.799659 -0.000233 -0.000233 -0.027386 0.033311 0.477848
    218 1.799659 -0.000233 -0.000233 -0.027386 0.033311 0.477848
    219 0.665778 0.747222 0.029179 1.665935 0.131408 0.094976
    220 1.900722 0.000549 -0.000072 -0.027386 0.033311 0.477848
    221 4.530998 0.000000 0.000000 0.000000 0.000000 0.000000
    222 4.527344 0.000000 0.000000 0.000000 0.000000 0.000000
    223 0.000000 0.000000 0.000000 0.000000 0.000000 0.000000
    224 0.000000 0.000000 0.000000 0.000000 0.000000 0.000000
    225 4.000000 -6.496094 0.008293 -0.001274 0.000001 0.000975
    226 -6.500000 0.000000 0.000000 -1.537381 1.569552 -1.537381
    227 19.484738 -3.300633 7.048223 0.387694 -0.154373 -0.075896
    228 0.280000 -0.135000 2.196999 1.570796 0.000000 -1.570735
    229 0.000000 0.000000 0.000000 0.000000 0.000000 0.000000
    230 0.000000 0.000000 0.000000 0.009084 0.000683 -0.003164
    231 0.106000 0.000000 -64.320000 0.000000 0.000000 0.000000
    232 0.000000 0.000000 0.000000 0.000000 0.000000 0.000000
    233 -0.106000 0.000000 64.320000 0.000000 0.000000 0.000000
    234 -2.747042 -22.544985 -6.157443 0.387650 -0.154447 -1.646770
    235 0.000000 0.000000 0.000000 0.000000 -0.000036 0.000055
    236 1.688000 -0.001000 -1.454002 0.000000 0.000000 0.000000
    237 -1.070999 -0.005000 0.545002 0.000000 0.000000 0.000000
    238 5.895000 0.750997 -0.156000 0.000000 0.000000 0.000000
    239 11.599999 -0.000003 -1.500002 0.000000 0.000000 0.000000
    240 -3.802991 5.150613 -5.505911 -1.515198 -0.074947 -0.291635
    241 7.216001 -0.000003 -1.579000 0.000000 0.000000 0.000000
    242 4.488969 0.039061 -1.500000 0.000000 0.000000 0.000000
    243 0.673937 -0.015635 -4.768713 -3.141592 -1.281051 3.141593
    244 0.094999 -0.144000 0.332001 0.000000 0.000000 0.000000
    245 14.209020 0.000022 0.766988 0.000000 0.000000 0.000000
    246 0.000000 0.000000 0.000000 1.570800 0.000000 -1.570796
  time 44
    0 0.000000 0.000000 0.000000 0.000000 0.000000 -1.570796
    1 -0.106750 -0.000001 -0.000351 0.000000 0.000000 0.000000
    2 0.000000 0.000000 0.000000 0.000000 0.000000 0.000000
    3 -0.904000 0.000000 -11.806000 0.000000 0.000000 0.000000
    4 0.000000 0.000000 -14.313999 1.572085 -1.570793 0.000000
    5 3.533001 0.000000 0.000000 -0.001274 0.000000 0.000000
    6 6.250000 0.000000 0.000000 0.000000 0.000000 0.000000
    7 9.568951 -0.019507 -1.944020 -1.545137 1.187827 -1.546947
    8 9.570313 5.304688 2.056641 -1.552151 -1.032979 1.554747
    9 5.786820 0.002787 -0.000113 -0.958627 1.041701 -1.205269
    10 5.999492 -0.000592 -4.000343 0.000000 0.000000 0.000000
    11 5.787410 0.002582 0.000893 1.173518 -0.906836 -2.122471
    12 5.999492 -0.000592 4.000340 0.000000 0.000000 0.000000
    13 0.500225 0.000133 -0.000084 0.135577 0.000000 0.000000
    14 11.530657 0.000349 -0.001308 -0.000017 0.000093 -1.858069
    15 -0.829338 0.893824 0.079659 -0.148839 0.047645 0.087266
    16 0.500225 0.000132 0.000072 0.095885 0.000000 0.000000
    17 11.532495 0.000526 0.003814 0.000006 -0.000010 -1.412895
    18 -0.829586 0.894698 -0.079468 0.045377 -0.019621 0.087266
    19 10.599886 0.000105 -0.000553 0.144720 0.000024 0.000000
    20 0.768122 -0.572065 -0.000805 -0.000024 -0.000049 0.929033
    21 11.042053 0.003717 0.000798 0.215215 -0.231863 0.725851
    22 -11.814724 0.424524 -0.297680 0.247998 -0.066121 -0.042695
    23 10.599878 0.000105 0.000549 0.441364 0.000000 0.000000
    24 0.357952 -0.415811 0.000801 0.000072 0.000025 0.706457
    25 11.041739 0.003170 -0.000568 0.449343 0.239472 0.285326
    26 -11.663242 0.094713 0.140656 -0.068591 0.018527 -0.015099
    27 0.610300 -0.939470 0.070347 -1.655245 -0.140103 -0.175616
    28 0.639938 -0.199121 0.060192 -1.665909 -0.131404 -0.066447
    29 0.600155 1.080260 -0.339535 -1.737970 0.020677 0.107409
    30 0.610207 0.400743 -0.010098 -1.760171 -0.067680 0.011628
    31 0.630809 -0.690091 -0.232343 0.076554 0.603584 -1.780638
    32 -0.792125 0.203736 0.461304 1.439074 -0.003453 -0.018305
    33 0.610300 -0.939469 -0.070354 1.655295 0.140055 -0.175664
    34 0.639938 -0.199121 -0.060200 1.665960 0.131416 -0.066435
    35 0.600157 1.080260 0.339531 1.741577 -0.203927 0.075913
    36 0.610205 0.400743 0.010086 1.761892 -0.015349 0.028023
    37 0.627906 -0.691394 0.232270 -1.014456 -0.861409 -0.665993
    38 -0.626031 -0.069982 -0.080517 -1.447153 0.086151 0.021559
    39 2.621377 -0.002532 -0.001438 -0.110813 -0.193743 0.183876
    40 2.660837 0.000397 -0.000071 -0.042801 0.037077 1.151133
    41 2.202488 0.003364 -0.002863 -0.034587 0.230248 0.081214
    42 0.599950 0.959236 -0.300102 -0.174544 0.000000 0.000000
    43 2.557190 -0.001967 0.002453 0.004236 0.045782 0.790050
    44 2.098929 0.000032 -0.002193 -0.433027 0.306142 0.577585
    45 0.999378 -0.000238 -1.170306 0.000000 0.000000 0.000000
    46 -0.122641 -0.721855 0.661686 -0.486644 0.223964 0.243056
    47 2.622112 -0.000648 0.002741 -0.053026 0.086883 -0.048142
    48 2.657909 0.000687 -0.000533 0.200385 0.214683 1.264756
    49 2.200014 0.001663 0.000836 0.236792 0.017712 1.474129
    50 0.599949 0.959244 0.300102 0.174544 0.000000 0.000000
    51 2.556571 -0.000385 0.000554 0.236801 0.177136 1.399512
    52 2.103853 0.001708 -0.001011 0.124843 -0.418702 0.877031
    53 0.999376 -0.000240 1.490624 -0.000024 0.000012 0.946946
    54 0.310848 -0.606446 -0.498005 0.308107 -0.197598 0.313975
    55 1.869163 -0.000835 -0.000994 0.000005 0.000063 0.539423
    56 1.200941 0.399582 -0.000237 -0.009465 0.016087 0.007127
    57 0.000586 0.100342 -0.000319 -0.120035 -0.021926 -0.209617
    58 -0.161663 0.051712 0.194808 -2.941982 0.122408 -0.060194
    59 2.010090 -0.003202 -0.003377 0.000042 0.000048 1.303739
    60 0.000237 0.099800 -0.000395 -0.018823 0.010833 -0.239219
    61 -0.203197 0.048607 0.069150 -3.093332 0.033217 -0.046722
    62 1.180426 -0.002312 0.000781 -0.000002 0.000000 1.141238
    63 -0.000196 0.099625 -0.000034 0.000000 0.000000 -0.314102
    64 -0.088737 -0.688435 -0.145203 2.930407 -0.136130 0.513013
    65 1.712069 -0.003328 0.003818 -0.027326 0.005217 1.564115
    66 -0.000576 0.100143 -0.000311 -0.010914 0.023131 -0.260843
    67 -0.146027 -0.232426 -0.014225 3.028455 -0.094299 0.113020
    68 1.290634 0.000361 -0.000036 -0.000036 0.000060 0.369855
    69 -0.658119 -0.003576 0.072643 -0.142711 0.027792 -0.077299
    70 1.868078 -0.003049 0.002177 -0.000021 0.000015 1.450101
    71 1.200075 0.399942 -0.000093 0.009465 -0.016087 0.007127
    72 0.000589 0.100342 0.000319 0.120035 0.021926 -0.209617
    73 0.068073 0.002283 -0.080050 3.111376 -0.069366 -0.060847
    74 2.011874 -0.001179 0.002180 -0.000073 -0.000025 1.378946
    75 0.000233 0.099800 0.000395 0.018823 -0.010833 -0.239219
    76 -0.018673 -0.001009 0.047544 3.109244 0.002635 -0.106673
    77 1.178665 0.001595 0.000845 0.000006 -0.000001 0.743912
    78 -0.000196 0.099628 0.000034 0.000000 0.000000 -0.314102
    79 0.036894 -0.634449 0.266284 -2.801062 0.174301 0.490915
    80 1.708256 -0.002504 -0.000686 -0.000046 0.000035 1.160556
    81 -0.000580 0.100140 0.000311 0.010910 -0.023132 -0.260845
    82 -0.003952 -0.281811 0.115047 -3.059162 0.089004 0.167964
    83 1.289625 0.000042 0.000061 0.000046 -0.000010 0.672669
    84 -0.171526 -0.018150 -0.099873 0.013484 -0.062184 -0.011781
    85 0.916622 0.003336 0.001326 0.000054 -0.000015 0.880319
    86 -0.342617 0.053402 -0.025571 -2.909301 -0.017248 0.075276
    87 1.100231 -0.000928 -0.002434 0.000009 0.000002 0.677898
    88 -0.384979 0.331001 0.006848 -3.087207 -0.018765 -0.184278
    89 0.678146 0.002286 -0.003905 0.000018 0.000041 1.104311
    90 -0.123848 0.072738 0.029507 2.898184 -0.060627 0.094835
    91 1.017166 -0.000154 -0.000252 -0.000011 -0.000002 0.527889
    92 -0.344990 0.123129 0.143151 2.994981 0.012396 0.059140
    93 -0.730989 0.177046 0.039141 -0.123731 0.076518 -0.084310
    94 0.921993 0.001298 -0.000896 -0.000014 0.000001 0.471806
    95 -0.124023 -0.052090 0.038495 3.077813 -0.008519 0.039229
    96 1.100433 -0.003552 0.000502 -0.000006 0.000054 0.545699
    97 -0.330082 0.160639 0.042780 3.128073 0.034033 -0.171236
    98 0.679764 0.001532 0.003272 0.000002 0.000003 0.674840
    99 -0.019512 -0.016531 0.038578 -2.763781 0.050305 0.076829
    100 1.019531 -0.000003 0.000000 0.000000 0.000000 0.497026
    101 -0.155308 0.130644 -0.021921 -3.022466 0.022433 -0.024902
    102 -0.252207 0.061937 -0.024914 -0.007671 -0.063171 -0.044392
    103 -0.085995 0.185205 -0.015180 -2.937063 -0.113970 -0.138991
    104 -0.286533 0.179852 0.024264 -3.109353 -0.049645 -0.029914
    105 -0.019482 0.147083 0.079203 2.893815 0.038585 -0.060594
    106 -0.046482 0.251896 0.129548 3.016165 0.077112 -0.042864
    107 0.039124 -0.040295 0.047739 3.084219 0.030470 -0.037414
    108 -0.233757 0.066630 0.001754 -3.133087 0.040141 -0.065412
    109 0.044266 0.020131 0.001684 -2.778763 -0.118872 -0.040488
    110 0.071495 0.074128 -0.048302 -3.035917 -0.059482 0.104366
    111 0.000000 0.000000 0.000000 0.000000 0.000000 -1.570796
    112 -2.816492 -7.644765 -6.109561 0.434703 -0.129380 -1.617043
    113 0.000000 0.000000 0.000000 0.000000 0.000000 0.000000
    114 -3.132908 -17.992737 -5.121250 0.434544 -0.129280 -1.617225
    115 3.096000 0.000000 -1.996000 0.000000 0.000000 0.000000
    116 3.040999 0.000000 1.202000 0.000000 0.000000 0.000000
    117 7.854000 0.000000 -0.042000 0.000000 0.000000 -0.000027
    118 13.105999 0.000000 -0.006000 0.000000 0.000000 0.000027
    119 3.456000 0.000000 -1.084000 0.000000 0.000000 0.000013
    120 1.804000 0.000000 -1.025000 0.000000 0.000000 0.000000
    121 7.098000 0.000000 -1.084000 0.000000 0.000000 0.000000
    122 1.868000 1.809000 -1.975000 -2.218442 -0.017124 -0.465675
    123 3.740000 0.000000 1.273000 0.000000 0.000000 0.000013
    124 11.956999 0.000000 -0.006000 0.000000 0.000000 0.000027
    125 6.072001 0.000000 -1.238000 0.000000 0.000000 0.000000
    126 5.690000 -0.365000 0.068000 -0.000040 -0.349041 -1.570749
    127 6.396999 0.614000 0.428000 0.000000 0.000000 -0.000027
    128 3.040999 0.000000 1.202000 0.000000 0.000000 0.000000
    129 3.720000 0.000000 1.202000 0.000000 0.000000 0.000000
    130 1.086000 -0.661000 -0.149000 0.000000 0.000000 0.000000
    131 1.067000 0.589000 0.076000 0.000000 0.000000 0.000000
    132 0.000000 -0.019000 0.000000 0.000000 0.000000 0.000000
    133 0.000000 -0.019000 0.000000 0.000000 0.000000 0.000000
    134 3.300000 -0.019000 1.346000 0.000000 0.000000 0.000000
    135 -1.524000 -1.859000 -4.367000 -1.730250 -0.014891 0.208056
    136 7.283999 0.000000 -2.195000 0.000000 0.000000 -0.000027
    137 -1.323000 0.000000 0.184000 0.000000 0.000000 0.000000
    138 0.082000 0.000000 1.002000 0.000000 0.000000 0.000000
    139 -27.093318 -22.278024 -51.137879 -0.432511 0.136805 -0.012248
    140 0.478000 0.000000 -4.537000 0.000000 0.000000 -0.000013
    141 3.436000 0.000000 1.202000 0.000000 0.000000 0.000000
    142 3.040999 0.000000 1.202000 0.000000 0.000000 0.000000
    143 4.657000 0.000000 1.545000 0.000000 0.000000 -0.000013
    144 -0.403000 0.000000 -0.011000 0.000000 0.000000 0.000000
    145 1.781000 0.000000 0.873000 0.000000 0.000000 0.000000
    146 0.384000 0.715000 0.801000 0.000000 0.000000 0.000000
    147 1.795000 0.533000 -1.550000 0.000000 0.000000 0.000000
    148 4.435999 0.595000 -0.954000 0.000000 0.000000 0.000000
    149 4.401999 -0.614000 -1.630000 0.000000 0.000000 0.000000
    150 4.203000 -0.003000 -0.048000 0.000000 0.000000 0.000000
    151 5.136000 0.000000 1.534000 0.000000 0.000000 -0.000027
    152 11.957001 0.000000 -0.006000 0.000000 0.000000 0.000027
    153 -2.103001 0.000000 0.000000 0.000000 0.000000 0.000000
    154 -0.598001 0.000000 -0.011000 0.000000 0.000000 -0.000013
    155 0.496000 0.184000 -3.523000 0.000000 0.000000 0.000000
    156 0.147000 0.184000 -0.328000 0.000000 0.000000 0.000000
    157 0.147000 0.184000 0.023000 0.000000 0.000000 0.000000
    158 0.147000 0.184000 0.368000 0.000000 0.000000 0.000000
    159 0.147000 0.184000 0.717000 0.000000 0.000000 0.000000
    160 0.147000 0.184000 1.067000 0.000000 0.000000 0.000000
    161 0.148000 0.184000 1.414000 0.000000 0.000000 0.000000
    162 0.148000 -0.074000 1.640000 0.000000 0.000000 0.000000
    163 0.435000 0.184000 -3.179000 0.000000 0.000000 0.000000
    164 0.378000 0.184000 -2.826000 0.000000 0.000000 0.000000
    165 0.329000 0.184000 -2.477000 0.000000 0.000000 0.000000
    166 0.286000 0.184000 -2.127000 0.000000 0.000000 0.000000
    167 0.252000 0.184000 -1.775000 0.000000 0.000000 0.000000
    168 0.215000 0.184000 -1.417000 0.000000 0.000000 0.000000
    169 0.190000 0.184000 -1.064000 0.000000 0.000000 0.000000
    170 0.166000 0.184000 -0.714000 0.000000 0.000000 0.000000
    171 1.622000 0.000000 1.568000 0.000000 0.000000 0.000013
    172 2.240000 0.000000 1.568000 0.000000 0.000000 0.000013
    173 0.000000 0.000000 0.000000 0.000000 0.000000 0.000000
    174 0.000006 -0.006207 -4.863281 -3.140338 -0.002958 -3.128596
    175 1.000088 -0.000029 0.000000 0.000000 0.000000 0.000000
    176 17.162518 -0.000404 0.000000 0.000000 0.000000 0.119207
    177 17.749374 0.295515 0.000000 0.000000 0.000000 -1.158917
    178 5.413528 0.000347 0.000000 0.000000 0.000000 -0.518029
    179 0.017887 0.299792 0.000000 0.000000 0.000000 -0.059577
    180 9.999889 -0.000303 0.000000 0.000000 0.000000 0.000000
    181 0.000004 0.006218 4.863281 -3.140338 -0.002958 -3.128596
    182 1.000088 -0.000029 0.000000 0.000000 0.000000 0.000000
    183 12.283573 1.581455 -4.695999 1.462269 -0.086726 0.090185
    184 17.162518 -0.000404 0.000000 0.000000 0.000000 0.119207
    185 17.749374 0.295515 0.000000 0.000000 0.000000 -1.158919
    186 5.413528 0.000347 0.000000 0.000000 0.000000 -0.518029
    187 0.017887 0.299792 0.000000 0.000000 0.000000 -0.059571
    188 9.499836 0.000212 0.000000 0.000000 0.000000 0.000000
    189 -1.145525 0.000130 0.000671 0.000000 0.000000 0.000000
    190 -0.857691 0.104071 0.104687 0.023536 0.163924 0.013632
    191 3.999430 -0.000528 -0.000332 0.144706 0.000060 0.000000
    192 0.599499 0.400698 0.000236 0.000000 0.000000 0.000000
    193 0.599886 0.400186 -0.000027 0.000000 0.000000 0.000000
    194 2.299677 -2.499979 -0.599480 0.891899 0.221487 -0.527250
    195 6.615128 -4.627024 0.078179 1.512780 -0.286948 0.091384
    196 -9.580679 -27.862108 -37.184677 0.812879 -0.123459 -0.568477
    197 0.649935 -0.548296 0.093658 -1.665913 -0.131399 -0.112062
    198 1.899127 0.000427 -0.000439 0.027386 -0.033311 0.477848
    199 0.657078 0.008400 0.040375 -1.665945 -0.131407 -0.000013
    200 1.799664 -0.000240 0.000231 0.027386 -0.033311 0.477848
    201 1.799664 -0.000240 0.000231 0.027386 -0.033311 0.477848
    202 1.799664 -0.000240 0.000231 0.027386 -0.033311 0.477848
    203 0.665774 0.747222 -0.029186 -1.665935 -0.131408 0.094976
    204 1.900306 -0.000137 -0.000517 0.027386 -0.033311 0.477848
    205 6.255803 -3.374086 4.825195 1.565404 1.561257 -2.764181
    206 3.999897 0.000040 0.001007 0.219404 0.000000 0.000000
    207 0.600403 0.399632 -0.000469 0.000000 0.000000 3.141497
    208 0.599890 0.400186 0.000031 0.000000 0.000000 -3.141496
    209 2.300137 -2.499413 0.600155 -0.891927 -0.221511 -0.527258
    210 12.103249 -3.649587 -1.238105 1.733585 0.203032 0.048103
    211 2.762354 0.116951 1.523975 1.629482 0.064153 1.743800
    212 7.228317 7.928200 -3.925652 2.328713 0.123459 -0.568477
    213 0.650396 -0.547731 -0.092976 1.665913 0.131399 -0.112062
    214 1.899441 -0.000320 -0.000150 -0.027386 0.033311 0.477848
    215 0.657068 0.008398 -0.040379 1.665945 0.131407 -0.000013
    216 1.799659 -0.000233 -0.000233 -0.027386 0.033311 0.477848
    217 1.799659 -0.000233 -0.000233 -0.027386 0.033311 0.477848
    218 1.799659 -0.000233 -0.000233 -0.027386 0.033311 0.477848
    219 0.665778 0.747222 0.029179 1.665935 0.131408 0.094976
    220 1.900722 0.000549 -0.000072 -0.027386 0.033311 0.477848
    221 4.530998 0.000000 0.000000 0.000000 0.000000 0.000000
    222 4.527344 0.000000 0.000000 0.000000 0.000000 0.000000
    223 0.000000 0.000000 0.000000 0.000000 0.000000 0.000000
    224 0.000000 0.000000 0.000000 0.000000 0.000000 0.000000
    225 4.000000 -6.496094 0.008293 -0.001274 0.000001 0.000975
    226 -6.500000 0.000000 0.000000 -1.537381 1.569552 -1.537381
    227 19.008161 -3.132659 6.684930 0.434703 -0.129318 -0.046339
    228 0.280000 -0.135000 2.196999 1.570796 0.000000 -1.570735
    229 0.000000 0.000000 0.000000 0.000000 0.000000 0.000000
    230 0.000000 0.000000 0.000000 0.006939 0.000503 -0.002373
    231 0.106000 0.000000 -64.320000 0.000000 0.000000 0.000000
    232 0.000000 0.000000 0.000000 0.000000 0.000000 0.000000
    233 -0.106000 0.000000 64.320000 0.000000 0.000000 0.000000
    234 -2.364218 -22.009812 -6.579331 0.434652 -0.129392 -1.617171
    235 0.000000 0.000000 0.000000 0.000000 -0.000036 0.000055
    236 1.688000 -0.001000 -1.454002 0.000000 0.000000 0.000000
    237 -1.070999 -0.005000 0.545002 0.000000 0.000000 0.000000
    238 5.895000 0.750997 -0.156000 0.000000 0.000000 0.000000
    239 11.599999 -0.000003 -1.500002 0.000000 0.000000 0.000000
    240 -3.802991 5.150613 -5.505911 -1.515198 -0.074947 -0.291635
    241 7.216001 -0.000003 -1.579000 0.000000 0.000000 0.000000
    242 4.488969 0.039061 -1.500000 0.000000 0.000000 0.000000
    243 0.673937 -0.015635 -4.768713 -3.141592 -1.281051 3.141593
    244 0.094999 -0.144000 0.332001 0.000000 0.000000 0.000000
    245 14.209020 0.000022 0.766988 0.000000 0.000000 0.000000
    246 0.000000 0.000000 0.000000 1.570800 0.000000 -1.570796
  time 45
    0 0.000000 0.000000 0.000000 0.000000 0.000000 -1.570796
    1 -0.106750 -0.000001 -0.000351 0.000000 0.000000 0.000000
    2 0.000000 0.000000 0.000000 0.000000 0.000000 0.000000
    3 -0.904000 0.000000 -11.806000 0.000000 0.000000 0.000000
    4 0.000000 0.000000 -14.313999 1.572085 -1.570793 0.000000
    5 3.533001 0.000000 0.000000 -0.001274 0.000000 0.000000
    6 6.250000 0.000000 0.000000 0.000000 0.000000 0.000000
    7 9.568951 -0.019507 -1.944020 -1.545137 1.187827 -1.546947
    8 9.570313 5.304688 2.056641 -1.552151 -1.032979 1.554747
    9 5.786820 0.002787 -0.000113 -0.938553 1.056781 -1.183488
    10 5.999492 -0.000592 -4.000343 0.000000 0.000000 0.000000
    11 5.787410 0.002582 0.000893 1.171686 -0.921428 -2.121203
    12 5.999492 -0.000592 4.000340 0.000000 0.000000 0.000000
    13 0.500225 0.000133 -0.000084 0.128707 0.000000 0.000000
    14 11.530657 0.000349 -0.001308 -0.000005 0.000009 -1.896043
    15 -0.829338 0.893824 0.079659 -0.148839 0.047645 0.087266
    16 0.500225 0.000132 0.000072 0.107425 0.000000 0.000000
    17 11.532495 0.000526 0.003814 0.000090 -0.000010 -1.437467
    18 -0.829586 0.894698 -0.079468 0.045377 -0.019621 0.087266
    19 10.599886 0.000105 -0.000553 0.169411 0.000000 0.000000
    20 0.787654 -0.575971 -0.000805 0.000000 0.000011 0.948044
    21 11.042053 0.003717 0.000798 0.239445 -0.255074 0.776373
    22 -11.814724 0.424524 -0.297680 0.247998 -0.066121 -0.042695
    23 10.599878 0.000105 0.000549 0.482695 -0.000072 0.000036
    24 0.357952 -0.419717 0.000801 0.000000 -0.000011 0.718775
    25 11.041739 0.003170 -0.000568 0.488538 0.218758 0.296197
    26 -11.663242 0.094713 0.140656 -0.068591 0.018527 -0.015099
    27 0.610300 -0.939470 0.070347 -1.655245 -0.140103 -0.175616
    28 0.639938 -0.199121 0.060192 -1.665909 -0.131404 -0.066447
    29 0.600155 1.080260 -0.339535 -1.737970 0.020677 0.107397
    30 0.610207 0.400743 -0.010098 -1.760171 -0.067680 0.011628
    31 0.630809 -0.690091 -0.232343 0.076554 0.603584 -1.780638
    32 -0.792125 0.203736 0.461304 1.439074 -0.003453 -0.018305
    33 0.610300 -0.939469 -0.070354 1.655295 0.140055 -0.175664
    34 0.639938 -0.199121 -0.060200 1.665960 0.131428 -0.066435
    35 0.600157 1.080260 0.339531 1.741577 -0.203927 0.075913
    36 0.610205 0.400743 0.010086 1.761892 -0.015349 0.028023
    37 0.627906 -0.691394 0.232270 -1.014456 -0.861409 -0.665993
    38 -0.626031 -0.069982 -0.080517 -1.447153 0.086151 0.021559
    39 2.621377 -0.002532 -0.001438 -0.110813 -0.193743 0.183876
    40 2.660837 0.000397 -0.000071 -0.042801 0.037077 1.151133
    41 2.202488 0.003364 -0.002863 -0.034587 0.230248 0.081214
    42 0.599950 0.959236 -0.300102 -0.174544 0.000000 0.000000
    43 2.557190 -0.001967 0.002453 0.004236 0.045782 0.790050
    44 2.098929 0.000032 -0.002193 -0.433027 0.306142 0.577585
    45 0.999378 -0.000238 -1.170306 0.000000 0.000000 0.000000
    46 -0.122641 -0.721855 0.661686 -0.486644 0.223964 0.243056
    47 2.622112 -0.000648 0.002741 -0.053026 0.086883 -0.048142
    48 2.657909 0.000687 -0.000533 0.200385 0.214683 1.264756
    49 2.200014 0.001663 0.000836 0.236792 0.017712 1.474129
    50 0.599949 0.959244 0.300102 0.174544 0.000000 0.000000
    51 2.556571 -0.000385 0.000554 0.236801 0.177136 1.399512
    52 2.103853 0.001708 -0.001011 0.124830 -0.418702 0.877031
    53 0.999376 -0.000240 1.490624 -0.000036 0.000012 0.946946
    54 0.310848 -0.606446 -0.498005 0.308107 -0.197598 0.313975
    55 1.869163 -0.000835 -0.000994 0.000005 0.000051 0.539423
    56 1.200941 0.399582 -0.000237 -0.009465 0.016087 0.007127
    57 0.000586 0.100342 -0.000319 -0.120035 -0.021926 -0.209617
    58 -0.161663 0.051712 0.194808 -2.941982 0.122408 -0.060194
    59 2.010090 -0.003202 -0.003377 0.000042 0.000048 1.303739
    60 0.000237 0.099800 -0.000395 -0.018823 0.010833 -0.239219
    61 -0.203197 0.048607 0.069150 -3.093332 0.033217 -0.046722
    62 1.180426 -0.002312 0.000781 -0.000002 0.000012 1.141238
    63 -0.000196 0.099625 -0.000034 0.000000 0.000000 -0.314102
    64 -0.088737 -0.688435 -0.145203 2.930407 -0.136130 0.513013
    65 1.712069 -0.003328 0.003818 -0.027326 0.005217 1.564115
    66 -0.000576 0.100143 -0.000311 -0.010914 0.023131 -0.260843
    67 -0.146027 -0.232426 -0.014225 3.028455 -0.094299 0.113020
    68 1.290634 0.000361 -0.000036 -0.000036 0.000048 0.369855
    69 -0.658119 -0.003576 0.072643 -0.142711 0.027792 -0.077299
    70 1.868078 -0.003049 0.002177 -0.000021 0.000027 1.450101
    71 1.200075 0.399942 -0.000093 0.009465 -0.016087 0.007127
    72 0.000589 0.100342 0.000319 0.120035 0.021926 -0.209617
    73 0.068073 0.002283 -0.080050 3.111376 -0.069366 -0.060847
    74 2.011874 -0.001179 0.002180 -0.000073 -0.000025 1.378946
    75 0.000233 0.099800 0.000395 0.018823 -0.010833 -0.239219
    76 -0.018673 -0.001009 0.047544 3.109244 0.002635 -0.106673
    77 1.178665 0.001595 0.000845 0.000006 -0.000001 0.743912
    78 -0.000196 0.099628 0.000034 0.000000 0.000000 -0.314102
    79 0.036894 -0.634449 0.266284 -2.801062 0.174301 0.490915
    80 1.708256 -0.002504 -0.000686 -0.000046 0.000035 1.160556
    81 -0.000580 0.100140 0.000311 0.010910 -0.023132 -0.260845
    82 -0.003952 -0.281811 0.115047 -3.059162 0.089004 0.167964
    83 1.289625 0.000042 0.000061 0.000046 -0.000010 0.672669
    84 -0.171526 -0.018150 -0.099873 0.013484 -0.062184 -0.011781
    85 0.916622 0.003336 0.001326 0.000054 -0.000015 0.880319
    86 -0.342617 0.053402 -0.025571 -2.909301 -0.017248 0.075276
    87 1.100231 -0.000928 -0.002434 0.000009 0.000002 0.677898
    88 -0.384979 0.331001 0.006848 -3.087207 -0.018765 -0.184278
    89 0.678146 0.002286 -0.003905 0.000018 0.000041 1.104311
    90 -0.123848 0.072738 0.029507 2.898184 -0.060627 0.094835
    91 1.017166 -0.000154 -0.000252 -0.000011 -0.000002 0.527889
    92 -0.344990 0.123129 0.143151 2.994981 0.012396 0.059140
    93 -0.730989 0.177046 0.039141 -0.123731 0.076518 -0.084310
    94 0.921993 0.001298 -0.000896 -0.000014 0.000001 0.471806
    95 -0.124023 -0.052090 0.038495 3.077813 -0.008519 0.039229
    96 1.100433 -0.003552 0.000502 -0.000006 0.000054 0.545699
    97 -0.330082 0.160639 0.042780 3.128073 0.034033 -0.171236
    98 0.679764 0.001532 0.003272 0.000002 0.000003 0.674840
    99 -0.019512 -0.016531 0.038578 -2.763781 0.050305 0.076829
    100 1.019531 -0.000003 0.000000 0.000000 0.000000 0.497026
    101 -0.155308 0.130644 -0.021921 -3.022466 0.022433 -0.024902
    102 -0.252207 0.061937 -0.024914 -0.007671 -0.063171 -0.044392
    103 -0.085995 0.185205 -0.015180 -2.937063 -0.113970 -0.138991
    104 -0.286533 0.179852 0.024264 -3.109353 -0.049645 -0.029914
    105 -0.019482 0.147083 0.079203 2.893815 0.038585 -0.060594
    106 -0.046482 0.251896 0.129548 3.016165 0.077112 -0.042864
    107 0.039124 -0.040295 0.047739 3.084219 0.030470 -0.037414
    108 -0.233757 0.066630 0.001754 -3.133087 0.040141 -0.065412
    109 0.044266 0.020131 0.001684 -2.778763 -0.118872 -0.040488
    110 0.071495 0.074128 -0.048302 -3.035917 -0.059482 0.104366
    111 0.000000 0.000000 0.000000 0.000000 0.000000 -1.570796
    112 -2.945402 -7.508042 -6.136906 0.470441 -0.116762 -1.589351
    113 0.000000 0.000000 0.000000 0.000000 0.000000 0.000000
    114 -2.968841 -17.875546 -5.269692 0.470311 -0.116714 -1.589629
    115 3.096000 0.000000 -1.996000 0.000000 0.000000 0.000000
    116 3.040999 0.000000 1.202000 0.000000 0.000000 0.000000
    117 7.854000 0.000000 -0.042000 0.000000 0.000000 -0.000027
    118 13.105999 0.000000 -0.006000 0.000000 0.000000 0.000027
    119 3.456000 0.000000 -1.084000 0.000000 0.000000 0.000013
    120 1.804000 0.000000 -1.025000 0.000000 0.000000 0.000000
    121 7.098000 0.000000 -1.084000 0.000000 0.000000 0.000000
    122 1.868000 1.809000 -1.975000 -2.218442 -0.017124 -0.465675
    123 3.740000 0.000000 1.273000 0.000000 0.000000 0.000013
    124 11.956999 0.000000 -0.006000 0.000000 0.000000 0.000027
    125 6.072001 0.000000 -1.238000 0.000000 0.000000 0.000000
    126 5.690000 -0.365000 0.068000 -0.000040 -0.349041 -1.570749
    127 6.396999 0.614000 0.428000 0.000000 0.000000 -0.000027
    128 3.040999 0.000000 1.202000 0.000000 0.000000 0.000000
    129 3.720000 0.000000 1.202000 0.000000 0.000000 0.000000
    130 1.086000 -0.661000 -0.149000 0.000000 0.000000 0.000000
    131 1.067000 0.589000 0.076000 0.000000 0.000000 0.000000
    132 0.000000 -0.019000 0.000000 0.000000 0.000000 0.000000
    133 0.000000 -0.019000 0.000000 0.000000 0.000000 0.000000
    134 3.300000 -0.019000 1.346000 0.000000 0.000000 0.000000
    135 -1.524000 -1.859000 -4.367000 -1.730250 -0.014891 0.208056
    136 7.283999 0.000000 -2.195000 0.000000 0.000000 -0.000027
    137 -1.323000 0.000000 0.184000 0.000000 0.000000 0.000000
    138 0.082000 0.000000 1.002000 0.000000 0.000000 0.000000
    139 -26.163602 -23.867916 -50.739429 -0.471355 0.112499 -0.036269
    140 0.478000 0.000000 -4.537000 0.000000 0.000000 -0.000013
    141 3.436000 0.000000 1.202000 0.000000 0.000000 0.000000
    142 3.040999 0.000000 1.202000 0.000000 0.000000 0.000000
    143 4.657000 0.000000 1.545000 0.000000 0.000000 -0.000013
    144 -0.403000 0.000000 -0.011000 0.000000 0.000000 0.000000
    145 1.781000 0.000000 0.873000 0.000000 0.000000 0.000000
    146 0.384000 0.715000 0.801000 0.000000 0.000000 0.000000
    147 1.795000 0.533000 -1.550000 0.000000 0.000000 0.000000
    148 4.435999 0.595000 -0.954000 0.000000 0.000000 0.000000
    149 4.401999 -0.614000 -1.630000 0.000000 0.000000 0.000000
    150 4.203000 -0.003000 -0.048000 0.000000 0.000000 0.000000
    151 5.136000 0.000000 1.534000 0.000000 0.000000 -0.000027
    152 11.957001 0.000000 -0.006000 0.000000 0.000000 0.000027
    153 -2.103001 0.000000 0.000000 0.000000 0.000000 0.000000
    154 -0.598001 0.000000 -0.011000 0.000000 0.000000 -0.000013
    155 0.496000 0.184000 -3.523000 0.000000 0.000000 0.000000
    156 0.147000 0.184000 -0.328000 0.000000 0.000000 0.000000
    157 0.147000 0.184000 0.023000 0.000000 0.000000 0.000000
    158 0.147000 0.184000 0.368000 0.000000 0.000000 0.000000
    159 0.147000 0.184000 0.717000 0.000000 0.000000 0.000000
    160 0.147000 0.184000 1.067000 0.000000 0.000000 0.000000
    161 0.148000 0.184000 1.414000 0.000000 0.000000 0.000000
    162 0.148000 -0.074000 1.640000 0.000000 0.000000 0.000000
    163 0.435000 0.184000 -3.179000 0.000000 0.000000 0.000000
    164 0.378000 0.184000 -2.826000 0.000000 0.000000 0.000000
    165 0.329000 0.184000 -2.477000 0.000000 0.000000 0.000000
    166 0.286000 0.184000 -2.127000 0.000000 0.000000 0.000000
    167 0.252000 0.184000 -1.775000 0.000000 0.000000 0.000000
    168 0.215000 0.184000 -1.417000 0.000000 0.000000 0.000000
    169 0.190000 0.184000 -1.064000 0.000000 0.000000 0.000000
    170 0.166000 0.184000 -0.714000 0.000000 0.000000 0.000000
    171 1.622000 0.000000 1.568000 0.000000 0.000000 0.000013
    172 2.240000 0.000000 1.568000 0.000000 0.000000 0.000013
    173 0.000000 0.000000 0.000000 0.000000 0.000000 0.000000
    174 0.000006 -0.006207 -4.863281 -3.140338 -0.002958 -3.128596
    175 1.000088 -0.000029 0.000000 0.000000 0.000000 0.000000
    176 17.162518 -0.000404 0.000000 0.000000 0.000000 0.119207
    177 17.749374 0.295515 0.000000 0.000000 0.000000 -1.158917
    178 5.413528 0.000347 0.000000 0.000000 0.000000 -0.518029
    179 0.017887 0.299792 0.000000 0.000000 0.000000 -0.059577
    180 9.999889 -0.000303 0.000000 0.000000 0.000000 0.000000
    181 0.000004 0.006218 4.863281 -3.140338 -0.002958 -3.128596
    182 1.000088 -0.000029 0.000000 0.000000 0.000000 0.000000
    183 12.283573 1.581455 -4.695999 1.462269 -0.086726 0.090185
    184 17.162518 -0.000404 0.000000 0.000000 0.000000 0.119207
    185 17.749374 0.295515 0.000000 0.000000 0.000000 -1.158919
    186 5.413528 0.000347 0.000000 0.000000 0.000000 -0.518029
    187 0.017887 0.299792 0.000000 0.000000 0.000000 -0.059571
    188 9.499836 0.000212 0.000000 0.000000 0.000000 0.000000
    189 -1.145525 0.000130 0.000671 0.000000 0.000000 0.000000
    190 -0.857691 0.104071 0.104687 0.023536 0.163924 0.013632
    191 3.999430 -0.000528 -0.000332 0.169364 0.000000 0.000000
    192 0.599499 0.400698 0.000236 0.000000 0.000000 0.000000
    193 0.599886 0.400186 -0.000027 0.000000 0.000000 0.000000
    194 2.299677 -2.499979 -0.599480 0.891872 0.221487 -0.527250
    195 6.615128 -4.627024 0.078179 1.512876 -0.286948 0.091384
    196 -9.580679 -27.862108 -37.184677 0.812879 -0.123459 -0.568477
    197 0.649935 -0.548296 0.093658 -1.665913 -0.131399 -0.112062
    198 1.899127 0.000427 -0.000439 0.027386 -0.033311 0.477848
    199 0.657078 0.008400 0.040375 -1.665945 -0.131407 -0.000013
    200 1.799664 -0.000240 0.000231 0.027386 -0.033311 0.477848
    201 1.799664 -0.000240 0.000231 0.027386 -0.033311 0.477848
    202 1.799664 -0.000240 0.000231 0.027386 -0.033311 0.477848
    203 0.665774 0.747222 -0.029186 -1.665935 -0.131408 0.094976
    204 1.900306 -0.000137 -0.000517 0.027386 -0.033311 0.477848
    205 6.255803 -3.374086 4.825195 1.565404 1.561257 -2.764181
    206 3.999897 0.000040 0.001007 0.241423 0.000000 0.000000
    207 0.600403 0.399632 -0.000469 0.000000 0.000000 -3.141592
    208 0.599890 0.400186 0.000031 0.000000 0.000000 3.141497
    209 2.300137 -2.499413 0.600155 -0.891927 -0.221511 -0.527258
    210 12.103249 -3.649587 -1.238105 1.733585 0.203032 0.048103
    211 2.762354 0.116951 1.523975 1.629482 0.064153 1.743800
    212 7.228317 7.928200 -3.925652 2.328713 0.123459 -0.568477
    213 0.650396 -0.547731 -0.092976 1.665913 0.131399 -0.112062
    214 1.899441 -0.000320 -0.000150 -0.027386 0.033311 0.477848
    215 0.657068 0.008398 -0.040379 1.665945 0.131407 -0.000013
    216 1.799659 -0.000233 -0.000233 -0.027386 0.033311 0.477848
    217 1.799659 -0.000233 -0.000233 -0.027386 0.033311 0.477848
    218 1.799659 -0.000233 -0.000233 -0.027386 0.033311 0.477848
    219 0.665778 0.747222 0.029179 1.665935 0.131408 0.094976
    220 1.900722 0.000549 -0.000072 -0.027386 0.033311 0.477848
    221 4.530998 0.000000 0.000000 0.000000 0.000000 0.000000
    222 4.527344 0.000000 0.000000 0.000000 0.000000 0.000000
    223 0.000000 0.000000 0.000000 0.000000 0.000000 0.000000
    224 0.000000 0.000000 0.000000 0.000000 0.000000 0.000000
    225 4.000000 -6.496094 0.008293 -0.001274 0.000001 0.000975
    226 -6.500000 0.000000 0.000000 -1.537381 1.569552 -1.537381
    227 18.883157 -2.964685 6.532582 0.470441 -0.116701 -0.018648
    228 0.280000 -0.135000 2.196999 1.570796 0.000000 -1.570735
    229 0.000000 0.000000 0.000000 0.000000 0.000000 0.000000
    230 0.000000 0.000000 0.000000 0.004782 0.000336 -0.001582
    231 0.106000 0.000000 -64.320000 0.000000 0.000000 0.000000
    232 0.000000 0.000000 0.000000 0.000000 0.000000 0.000000
    233 -0.106000 0.000000 64.320000 0.000000 0.000000 0.000000
    234 -2.012645 -21.841838 -6.747305 0.470472 -0.116752 -1.589489
    235 0.000000 0.000000 0.000000 0.000000 -0.000036 0.000055
    236 1.688000 -0.001000 -1.454002 0.000000 0.000000 0.000000
    237 -1.070999 -0.005000 0.545002 0.000000 0.000000 0.000000
    238 5.895000 0.750997 -0.156000 0.000000 0.000000 0.000000
    239 11.599999 -0.000003 -1.500002 0.000000 0.000000 0.000000
    240 -3.802991 5.150613 -5.505911 -1.515198 -0.074947 -0.291635
    241 7.216001 -0.000003 -1.579000 0.000000 0.000000 0.000000
    242 4.488969 0.039061 -1.500000 0.000000 0.000000 0.000000
    243 0.673937 -0.015635 -4.768713 -3.141592 -1.281051 3.141593
    244 0.094999 -0.144000 0.332001 0.000000 0.000000 0.000000
    245 14.209020 0.000022 0.766988 0.000000 0.000000 0.000000
    246 0.000000 0.000000 0.000000 1.570800 0.000000 -1.570796
  time 46
    0 0.000000 0.000000 0.000000 0.000000 0.000000 -1.570796
    1 -0.106750 -0.000001 -0.000351 0.000000 0.000000 0.000000
    2 0.000000 0.000000 0.000000 0.000000 0.000000 0.000000
    3 -0.904000 0.000000 -11.806000 0.000000 0.000000 0.000000
    4 0.000000 0.000000 -14.313999 1.572085 -1.570793 0.000000
    5 3.533001 0.000000 0.000000 -0.001274 0.000000 0.000000
    6 6.250000 0.000000 0.000000 0.000000 0.000000 0.000000
    7 9.568951 -0.019507 -1.944020 -1.545137 1.187827 -1.546947
    8 9.570313 5.304688 2.056641 -1.552151 -1.032979 1.554747
    9 5.786820 0.002787 -0.000113 -0.943906 1.057880 -1.181826
    10 5.999492 -0.000592 -4.000343 0.000000 0.000000 0.000000
    11 5.787410 0.002582 0.000893 1.168571 -0.917427 -2.117398
    12 5.999492 -0.000592 4.000340 0.000000 0.000000 0.000000
    13 0.500225 0.000133 -0.000084 0.133257 0.000000 0.000060
    14 11.530657 0.000349 -0.001308 -0.000005 0.000009 -1.909928
    15 -0.829338 0.893824 0.079659 -0.148839 0.047645 0.087266
    16 0.500225 0.000132 0.000072 0.104919 0.000000 0.000000
    17 11.532495 0.000526 0.003814 -0.000078 0.000002 -1.438679
    18 -0.829586 0.894698 -0.079468 0.045377 -0.019621 0.087266
    19 10.599886 0.000105 -0.000553 0.185687 0.000000 0.000000
    20 0.811092 -0.579878 -0.000805 0.000000 0.000011 0.954984
    21 11.042053 0.003717 0.000798 0.254406 -0.269089 0.804580
    22 -11.814724 0.424524 -0.297680 0.247998 -0.066121 -0.042695
    23 10.599878 0.000105 0.000549 0.510832 -0.000012 0.000048
    24 0.361858 -0.419717 0.000801 0.000000 -0.000011 0.718431
    25 11.041739 0.003170 -0.000568 0.514222 0.197300 0.298148
    26 -11.663242 0.094713 0.140656 -0.068591 0.018527 -0.015099
    27 0.610300 -0.939470 0.070347 -1.655245 -0.140103 -0.175616
    28 0.639938 -0.199121 0.060192 -1.665909 -0.131404 -0.066447
    29 0.600155 1.080260 -0.339535 -1.737970 0.020677 0.107397
    30 0.610207 0.400743 -0.010098 -1.760171 -0.067680 0.011616
    31 0.630809 -0.690091 -0.232343 0.076524 0.603584 -1.780638
    32 -0.792125 0.203736 0.461304 1.439074 -0.003453 -0.018305
    33 0.610300 -0.939469 -0.070354 1.655295 0.140055 -0.175664
    34 0.639938 -0.199121 -0.060200 1.665960 0.131428 -0.066435
    35 0.600157 1.080260 0.339531 1.741577 -0.203927 0.075913
    36 0.610205 0.400743 0.010086 1.761892 -0.015349 0.028023
    37 0.627906 -0.691394 0.232270 -1.014456 -0.861409 -0.665993
    38 -0.626031 -0.069982 -0.080517 -1.447153 0.086151 0.021559
    39 2.621377 -0.002532 -0.001438 -0.110813 -0.193743 0.183876
    40 2.660837 0.000397 -0.000071 -0.042801 0.037096 1.151133
    41 2.202488 0.003364 -0.002863 -0.034587 0.230248 0.081214
    42 0.599950 0.959236 -0.300102 -0.174544 0.000000 0.000000
    43 2.557190 -0.001967 0.002453 0.004236 0.045782 0.790091
    44 2.098929 0.000032 -0.002193 -0.433027 0.306142 0.577585
    45 0.999378 -0.000238 -1.170306 0.000000 0.000000 0.000000
    46 -0.122641 -0.721855 0.661686 -0.486644 0.223964 0.243056
    47 2.622112 -0.000648 0.002741 -0.053026 0.086883 -0.048142
    48 2.657909 0.000687 -0.000533 0.200385 0.214683 1.264756
    49 2.200014 0.001663 0.000836 0.236792 0.017712 1.474129
    50 0.599949 0.959244 0.300102 0.174544 0.000000 0.000000
    51 2.556571 -0.000385 0.000554 0.236801 0.177136 1.399512
    52 2.103853 0.001708 -0.001011 0.124830 -0.418702 0.877031
    53 0.999376 -0.000240 1.490624 -0.000036 0.000012 0.946946
    54 0.310848 -0.606446 -0.498005 0.308107 -0.197598 0.313975
    55 1.869163 -0.000835 -0.000994 0.000005 0.000051 0.539481
    56 1.200941 0.399582 -0.000237 -0.009465 0.016087 0.007127
    57 0.000586 0.100342 -0.000319 -0.120035 -0.021926 -0.209617
    58 -0.161663 0.051712 0.194808 -2.941982 0.122408 -0.060194
    59 2.010090 -0.003202 -0.003377 0.000030 0.000037 1.303739
    60 0.000237 0.099800 -0.000395 -0.018823 0.010833 -0.239219
    61 -0.203197 0.048607 0.069150 -3.093332 0.033217 -0.046722
    62 1.180426 -0.002312 0.000781 -0.000002 0.000000 1.141238
    63 -0.000196 0.099625 -0.000034 0.000000 0.000000 -0.314102
    64 -0.088737 -0.688435 -0.145203 2.930407 -0.136130 0.513013
    65 1.712069 -0.003328 0.003818 -0.027326 0.005217 1.564115
    66 -0.000576 0.100143 -0.000311 -0.010914 0.023131 -0.260843
    67 -0.146027 -0.232426 -0.014225 3.028455 -0.094299 0.113020
    68 1.290634 0.000361 -0.000036 -0.000024 0.000048 0.369855
    69 -0.658119 -0.003576 0.072643 -0.142711 0.027792 -0.077299
    70 1.868078 -0.003049 0.002177 -0.000033 0.000027 1.450101
    71 1.200075 0.399942 -0.000093 0.009465 -0.016087 0.007127
    72 0.000589 0.100342 0.000319 0.120035 0.021926 -0.209617
    73 0.068073 0.002283 -0.080050 3.111376 -0.069366 -0.060847
    74 2.011874 -0.001179 0.002180 -0.000084 -0.000025 1.378946
    75 0.000233 0.099800 0.000395 0.018823 -0.010833 -0.239219
    76 -0.018673 -0.001009 0.047544 3.109244 0.002635 -0.106673
    77 1.178665 0.001595 0.000845 0.000006 -0.000001 0.743912
    78 -0.000196 0.099628 0.000034 0.000000 0.000000 -0.314102
    79 0.036894 -0.634449 0.266284 -2.801062 0.174301 0.490915
    80 1.708256 -0.002504 -0.000686 -0.000046 0.000035 1.160556
    81 -0.000580 0.100140 0.000311 0.010910 -0.023132 -0.260845
    82 -0.003952 -0.281811 0.115047 -3.059162 0.089004 0.167964
    83 1.289625 0.000042 0.000061 0.000046 -0.000010 0.672669
    84 -0.171526 -0.018150 -0.099873 0.013484 -0.062184 -0.011781
    85 0.916622 0.003336 0.001326 0.000042 -0.000015 0.880319
    86 -0.342617 0.053402 -0.025571 -2.909301 -0.017248 0.075276
    87 1.100231 -0.000928 -0.002434 0.000009 0.000002 0.677898
    88 -0.384979 0.331001 0.006848 -3.087207 -0.018765 -0.184278
    89 0.678146 0.002286 -0.003905 0.000018 0.000029 1.104311
    90 -0.123848 0.072738 0.029507 2.898184 -0.060627 0.094835
    91 1.017166 -0.000154 -0.000252 -0.000011 -0.000002 0.527889
    92 -0.344990 0.123129 0.143151 2.994981 0.012396 0.059140
    93 -0.730989 0.177046 0.039141 -0.123731 0.076518 -0.084310
    94 0.921993 0.001298 -0.000896 -0.000014 0.000001 0.471806
    95 -0.124023 -0.052090 0.038495 3.077813 -0.008519 0.039229
    96 1.100433 -0.003552 0.000502 0.000006 0.000054 0.545699
    97 -0.330082 0.160639 0.042780 3.128073 0.034033 -0.171236
    98 0.679764 0.001532 0.003272 0.000002 0.000003 0.674840
    99 -0.019512 -0.016531 0.038578 -2.763781 0.050305 0.076829
    100 1.019531 -0.000003 0.000000 0.000000 0.000000 0.497026
    101 -0.155308 0.130644 -0.021921 -3.022466 0.022433 -0.024902
    102 -0.252207 0.061937 -0.024914 -0.007671 -0.063171 -0.044392
    103 -0.085995 0.185205 -0.015180 -2.937063 -0.113970 -0.138991
    104 -0.286533 0.179852 0.024264 -3.109353 -0.049645 -0.029914
    105 -0.019482 0.147083 0.079203 2.893815 0.038585 -0.060594
    106 -0.046482 0.251896 0.129548 3.016165 0.077112 -0.042864
    107 0.039124 -0.040295 0.047739 3.084219 0.030470 -0.037414
    108 -0.233757 0.066630 0.001754 -3.133087 0.040141 -0.065412
    109 0.044266 0.020131 0.001684 -2.778763 -0.118872 -0.040488
    110 0.071495 0.074128 -0.048302 -3.035917 -0.059482 0.104366
    111 0.000000 0.000000 0.000000 0.000000 0.000000 -1.570796
    112 -3.031343 -7.558824 -6.078310 0.487829 -0.112230 -1.566974
    113 0.000000 0.000000 0.000000 0.000000 0.000000 0.000000
    114 -2.816492 -17.922422 -5.254067 0.487549 -0.112108 -1.567160
    115 3.096000 0.000000 -1.996000 0.000000 0.000000 0.000000
    116 3.040999 0.000000 1.202000 0.000000 0.000000 0.000000
    117 7.854000 0.000000 -0.042000 0.000000 0.000000 -0.000027
    118 13.105999 0.000000 -0.006000 0.000000 0.000000 0.000027
    119 3.456000 0.000000 -1.084000 0.000000 0.000000 0.000013
    120 1.804000 0.000000 -1.025000 0.000000 0.000000 0.000000
    121 7.098000 0.000000 -1.084000 0.000000 0.000000 0.000000
    122 1.868000 1.809000 -1.975000 -2.218442 -0.017124 -0.465675
    123 3.740000 0.000000 1.273000 0.000000 0.000000 0.000013
    124 11.956999 0.000000 -0.006000 0.000000 0.000000 0.000027
    125 6.072001 0.000000 -1.238000 0.000000 0.000000 0.000000
    126 5.690000 -0.365000 0.068000 -0.000040 -0.349041 -1.570749
    127 6.396999 0.614000 0.428000 0.000000 0.000000 -0.000027
    128 3.040999 0.000000 1.202000 0.000000 0.000000 0.000000
    129 3.720000 0.000000 1.202000 0.000000 0.000000 0.000000
    130 1.086000 -0.661000 -0.149000 0.000000 0.000000 0.000000
    131 1.067000 0.589000 0.076000 0.000000 0.000000 0.000000
    132 0.000000 -0.019000 0.000000 0.000000 0.000000 0.000000
    133 0.000000 -0.019000 0.000000 0.000000 0.000000 0.000000
    134 3.300000 -0.019000 1.346000 0.000000 0.000000 0.000000
    135 -1.524000 -1.859000 -4.367000 -1.730250 -0.014891 0.208056
    136 7.283999 0.000000 -2.195000 0.000000 0.000000 -0.000027
    137 -1.323000 0.000000 0.184000 0.000000 0.000000 0.000000
    138 0.082000 0.000000 1.002000 0.000000 0.000000 0.000000
    139 -25.890156 -24.531999 -50.614425 -0.490730 0.097272 -0.056112
    140 0.478000 0.000000 -4.537000 0.000000 0.000000 -0.000013
    141 3.436000 0.000000 1.202000 0.000000 0.000000 0.000000
    142 3.040999 0.000000 1.202000 0.000000 0.000000 0.000000
    143 4.657000 0.000000 1.545000 0.000000 0.000000 -0.000013
    144 -0.403000 0.000000 -0.011000 0.000000 0.000000 0.000000
    145 1.781000 0.000000 0.873000 0.000000 0.000000 0.000000
    146 0.384000 0.715000 0.801000 0.000000 0.000000 0.000000
    147 1.795000 0.533000 -1.550000 0.000000 0.000000 0.000000
    148 4.435999 0.595000 -0.954000 0.000000 0.000000 0.000000
    149 4.401999 -0.614000 -1.630000 0.000000 0.000000 0.000000
    150 4.203000 -0.003000 -0.048000 0.000000 0.000000 0.000000
    151 5.136000 0.000000 1.534000 0.000000 0.000000 -0.000027
    152 11.957001 0.000000 -0.006000 0.000000 0.000000 0.000027
    153 -2.103001 0.000000 0.000000 0.000000 0.000000 0.000000
    154 -0.598001 0.000000 -0.011000 0.000000 0.000000 -0.000013
    155 0.496000 0.184000 -3.523000 0.000000 0.000000 0.000000
    156 0.147000 0.184000 -0.328000 0.000000 0.000000 0.000000
    157 0.147000 0.184000 0.023000 0.000000 0.000000 0.000000
    158 0.147000 0.184000 0.368000 0.000000 0.000000 0.000000
    159 0.147000 0.184000 0.717000 0.000000 0.000000 0.000000
    160 0.147000 0.184000 1.067000 0.000000 0.000000 0.000000
    161 0.148000 0.184000 1.414000 0.000000 0.000000 0.000000
    162 0.148000 -0.074000 1.640000 0.000000 0.000000 0.000000
    163 0.435000 0.184000 -3.179000 0.000000 0.000000 0.000000
    164 0.378000 0.184000 -2.826000 0.000000 0.000000 0.000000
    165 0.329000 0.184000 -2.477000 0.000000 0.000000 0.000000
    166 0.286000 0.184000 -2.127000 0.000000 0.000000 0.000000
    167 0.252000 0.184000 -1.775000 0.000000 0.000000 0.000000
    168 0.215000 0.184000 -1.417000 0.000000 0.000000 0.000000
    169 0.190000 0.184000 -1.064000 0.000000 0.000000 0.000000
    170 0.166000 0.184000 -0.714000 0.000000 0.000000 0.000000
    171 1.622000 0.000000 1.568000 0.000000 0.000000 0.000013
    172 2.240000 0.000000 1.568000 0.000000 0.000000 0.000013
    173 0.000000 0.000000 0.000000 0.000000 0.000000 0.000000
    174 0.000006 -0.006207 -4.863281 -3.140338 -0.002958 -3.128596
    175 1.000088 -0.000029 0.000000 0.000000 0.000000 0.000000
    176 17.162518 -0.000404 0.000000 0.000000 0.000000 0.119207
    177 17.749374 0.295515 0.000000 0.000000 0.000000 -1.158917
    178 5.413528 0.000347 0.000000 0.000000 0.000000 -0.518029
    179 0.017887 0.299792 0.000000 0.000000 0.000000 -0.059577
    180 9.999889 -0.000303 0.000000 0.000000 0.000000 0.000000
    181 0.000004 0.006218 4.863281 -3.140338 -0.002958 -3.128596
    182 1.000088 -0.000029 0.000000 0.000000 0.000000 0.000000
    183 12.283573 1.581455 -4.695999 1.462269 -0.086726 0.090185
    184 17.162518 -0.000404 0.000000 0.000000 0.000000 0.119207
    185 17.749374 0.295515 0.000000 0.000000 0.000000 -1.158919
    186 5.413528 0.000347 0.000000 0.000000 0.000000 -0.518029
    187 0.017887 0.299792 0.000000 0.000000 0.000000 -0.059571
    188 9.499836 0.000212 0.000000 0.000000 0.000000 0.000000
    189 -1.145525 0.000130 0.000671 0.000000 0.000000 0.000000
    190 -0.857691 0.104071 0.104687 0.023536 0.163924 0.013632
    191 3.999430 -0.000528 -0.000332 0.185725 0.000000 0.000000
    192 0.599499 0.400698 0.000236 0.000000 0.000000 0.000000
    193 0.599886 0.400186 -0.000027 0.000000 0.000000 0.000000
    194 2.299677 -2.499979 -0.599480 0.891872 0.221487 -0.527250
    195 6.615128 -4.627024 0.078179 1.512876 -0.286948 0.091384
    196 -9.580679 -27.862108 -37.184677 0.812879 -0.123459 -0.568477
    197 0.649935 -0.548296 0.093658 -1.665913 -0.131399 -0.112062
    198 1.899127 0.000427 -0.000439 0.027386 -0.033311 0.477848
    199 0.657078 0.008400 0.040375 -1.665945 -0.131407 -0.000013
    200 1.799664 -0.000240 0.000231 0.027386 -0.033311 0.477848
    201 1.799664 -0.000240 0.000231 0.027386 -0.033311 0.477848
    202 1.799664 -0.000240 0.000231 0.027386 -0.033311 0.477848
    203 0.665774 0.747222 -0.029186 -1.665935 -0.131408 0.094976
    204 1.900306 -0.000137 -0.000517 0.027386 -0.033311 0.477848
    205 6.255803 -3.374086 4.825195 1.565404 1.561257 -2.764181
    206 3.999897 0.000040 0.001007 0.255403 0.000000 0.000000
    207 0.600403 0.399632 -0.000469 0.000000 0.000000 3.141497
    208 0.599890 0.400186 0.000031 0.000000 0.000000 -3.141496
    209 2.300137 -2.499413 0.600155 -0.891927 -0.221511 -0.527258
    210 12.103249 -3.649587 -1.238105 1.733585 0.203032 0.048103
    211 2.762354 0.116951 1.523975 1.629482 0.064153 1.743800
    212 7.228317 7.928200 -3.925652 2.328713 0.123459 -0.568477
    213 0.650396 -0.547731 -0.092976 1.665913 0.131399 -0.112062
    214 1.899441 -0.000320 -0.000150 -0.027386 0.033311 0.477848
    215 0.657068 0.008398 -0.040379 1.665945 0.131407 -0.000013
    216 1.799659 -0.000233 -0.000233 -0.027386 0.033311 0.477848
    217 1.799659 -0.000233 -0.000233 -0.027386 0.033311 0.477848
    218 1.799659 -0.000233 -0.000233 -0.027386 0.033311 0.477848
    219 0.665778 0.747222 0.029179 1.665935 0.131408 0.094976
    220 1.900722 0.000549 -0.000072 -0.027386 0.033311 0.477848
    221 4.530998 0.000000 0.000000 0.000000 0.000000 0.000000
    222 4.527344 0.000000 0.000000 0.000000 0.000000 0.000000
    223 0.000000 0.000000 0.000000 0.000000 0.000000 0.000000
    224 0.000000 0.000000 0.000000 0.000000 0.000000 0.000000
    225 4.000000 -6.496094 0.008293 -0.001274 0.000001 0.000975
    226 -6.500000 0.000000 0.000000 -1.537381 1.569552 -1.537381
    227 18.937846 -2.808430 6.548207 0.487829 -0.112170 0.003730
    228 0.280000 -0.135000 2.196999 1.570796 0.000000 -1.570735
    229 0.000000 0.000000 0.000000 0.000000 0.000000 0.000000
    230 0.000000 0.000000 0.000000 0.002637 0.000168 -0.000791
    231 0.106000 0.000000 -64.320000 0.000000 0.000000 0.000000
    232 0.000000 0.000000 0.000000 0.000000 0.000000 0.000000
    233 -0.106000 0.000000 64.320000 0.000000 0.000000 0.000000
    234 -1.735292 -21.865276 -6.731679 0.487770 -0.112251 -1.566979
    235 0.000000 0.000000 0.000000 0.000000 -0.000036 0.000055
    236 1.688000 -0.001000 -1.454002 0.000000 0.000000 0.000000
    237 -1.070999 -0.005000 0.545002 0.000000 0.000000 0.000000
    238 5.895000 0.750997 -0.156000 0.000000 0.000000 0.000000
    239 11.599999 -0.000003 -1.500002 0.000000 0.000000 0.000000
    240 -3.802991 5.150613 -5.505911 -1.515198 -0.074947 -0.291635
    241 7.216001 -0.000003 -1.579000 0.000000 0.000000 0.000000
    242 4.488969 0.039061 -1.500000 0.000000 0.000000 0.000000
    243 0.673937 -0.015635 -4.768713 -3.141592 -1.281051 3.141593
    244 0.094999 -0.144000 0.332001 0.000000 0.000000 0.000000
    245 14.209020 0.000022 0.766988 0.000000 0.000000 0.000000
    246 0.000000 0.000000 0.000000 1.570800 0.000000 -1.570796
  time 47
    0 0.000000 0.000000 0.000000 0.000000 0.000000 -1.570796
    1 -0.106750 -0.000001 -0.000351 0.000000 0.000000 0.000000
    2 0.000000 0.000000 0.000000 0.000000 0.000000 0.000000
    3 -0.904000 0.000000 -11.806000 0.000000 0.000000 0.000000
    4 0.000000 0.000000 -14.313999 1.572085 -1.570793 0.000000
    5 3.533001 0.000000 0.000000 -0.001274 0.000000 0.000000
    6 6.250000 0.000000 0.000000 0.000000 0.000000 0.000000
    7 9.568951 -0.019507 -1.944020 -1.545137 1.187827 -1.546947
    8 9.570313 5.304688 2.056641 -1.552151 -1.032979 1.554747
    9 5.786820 0.002787 -0.000113 -0.958436 1.052202 -1.190041
    10 5.999492 -0.000592 -4.000343 0.000000 0.000000 0.000000
    11 5.787410 0.002582 0.000893 1.163868 -0.907213 -2.110875
    12 5.999492 -0.000592 4.000340 0.000000 0.000000 0.000000
    13 0.500225 0.000133 -0.000084 0.141082 0.000000 -0.000060
    14 11.530657 0.000349 -0.001308 0.000031 0.000057 -1.916142
    15 -0.829338 0.893824 0.079659 -0.148839 0.047645 0.087266
    16 0.500225 0.000132 0.000072 0.098325 0.000000 0.000000
    17 11.532495 0.000526 0.003814 -0.000042 -0.000046 -1.436254
    18 -0.829586 0.894698 -0.079468 0.045377 -0.019621 0.087266
    19 10.599886 0.000105 -0.000553 0.194404 0.000000 0.000000
    20 0.830624 -0.583784 -0.000805 -0.000048 0.000035 0.958094
    21 11.042053 0.003717 0.000798 0.261493 -0.278923 0.820156
    22 -11.814724 0.424524 -0.297680 0.247998 -0.066121 -0.042695
    23 10.599878 0.000105 0.000549 0.524901 -0.000012 0.000048
    24 0.361858 -0.419717 0.000801 0.000000 -0.000011 0.718115
    25 11.041739 0.003170 -0.000568 0.525928 0.179301 0.297869
    26 -11.663242 0.094713 0.140656 -0.068591 0.018527 -0.015099
    27 0.610300 -0.939470 0.070347 -1.655245 -0.140103 -0.175616
    28 0.639938 -0.199121 0.060192 -1.665909 -0.131416 -0.066447
    29 0.600155 1.080260 -0.339535 -1.737970 0.020677 0.107385
    30 0.610207 0.400743 -0.010098 -1.760171 -0.067692 0.011616
    31 0.630809 -0.690091 -0.232343 0.076524 0.603584 -1.780675
    32 -0.792125 0.203736 0.461304 1.439074 -0.003453 -0.018305
    33 0.610300 -0.939469 -0.070354 1.655295 0.140055 -0.175664
    34 0.639938 -0.199121 -0.060200 1.665960 0.131428 -0.066435
    35 0.600157 1.080260 0.339531 1.741577 -0.203927 0.075913
    36 0.610205 0.400743 0.010086 1.761892 -0.015349 0.028023
    37 0.627906 -0.691394 0.232270 -1.014456 -0.861409 -0.665993
    38 -0.626031 -0.069982 -0.080517 -1.447153 0.086151 0.021559
    39 2.621377 -0.002532 -0.001438 -0.110833 -0.193743 0.183876
    40 2.660837 0.000397 -0.000071 -0.042801 0.037096 1.151133
    41 2.202488 0.003364 -0.002863 -0.034587 0.230248 0.081214
    42 0.599950 0.959236 -0.300102 -0.174544 0.000000 0.000000
    43 2.557190 -0.001967 0.002453 0.004236 0.045782 0.790091
    44 2.098929 0.000032 -0.002193 -0.433027 0.306142 0.577585
    45 0.999378 -0.000238 -1.170306 0.000000 0.000000 0.000000
    46 -0.122641 -0.721855 0.661686 -0.486644 0.223964 0.243056
    47 2.622112 -0.000648 0.002741 -0.053026 0.086883 -0.048142
    48 2.657909 0.000687 -0.000533 0.200385 0.214683 1.264756
    49 2.200014 0.001663 0.000836 0.236792 0.017712 1.474129
    50 0.599949 0.959244 0.300102 0.174544 0.000000 0.000000
    51 2.556571 -0.000385 0.000554 0.236801 0.177136 1.399512
    52 2.103853 0.001708 -0.001011 0.124830 -0.418702 0.877031
    53 0.999376 -0.000240 1.490624 -0.000036 0.000012 0.946946
    54 0.310848 -0.606446 -0.498005 0.308107 -0.197598 0.313975
    55 1.869163 -0.000835 -0.000994 0.000005 0.000039 0.539481
    56 1.200941 0.399582 -0.000237 -0.009465 0.016087 0.007127
    57 0.000586 0.100342 -0.000319 -0.120035 -0.021926 -0.209617
    58 -0.161663 0.051712 0.194808 -2.941982 0.122408 -0.060194
    59 2.010090 -0.003202 -0.003377 0.000030 0.000037 1.303739
    60 0.000237 0.099800 -0.000395 -0.018823 0.010833 -0.239219
    61 -0.203197 0.048607 0.069150 -3.093332 0.033217 -0.046722
    62 1.180426 -0.002312 0.000781 -0.000002 0.000000 1.141238
    63 -0.000196 0.099625 -0.000034 0.000000 0.000000 -0.314102
    64 -0.088737 -0.688435 -0.145203 2.930407 -0.136130 0.513013
    65 1.712069 -0.003328 0.003818 -0.027326 0.005217 1.564115
    66 -0.000576 0.100143 -0.000311 -0.010914 0.023131 -0.260843
    67 -0.146027 -0.232426 -0.014225 3.028455 -0.094299 0.113020
    68 1.290634 0.000361 -0.000036 -0.000024 0.000036 0.369855
    69 -0.658119 -0.003576 0.072643 -0.142711 0.027792 -0.077299
    70 1.868078 -0.003049 0.002177 -0.000033 0.000027 1.450101
    71 1.200075 0.399942 -0.000093 0.009465 -0.016087 0.007127
    72 0.000589 0.100342 0.000319 0.120035 0.021926 -0.209617
    73 0.068073 0.002283 -0.080050 3.111376 -0.069366 -0.060847
    74 2.011874 -0.001179 0.002180 -0.000084 -0.000025 1.378946
    75 0.000233 0.099800 0.000395 0.018823 -0.010833 -0.239219
    76 -0.018673 -0.001009 0.047544 3.109244 0.002635 -0.106673
    77 1.178665 0.001595 0.000845 0.000006 -0.000001 0.743912
    78 -0.000196 0.099628 0.000034 0.000000 0.000000 -0.314102
    79 0.036894 -0.634449 0.266284 -2.801062 0.174301 0.490915
    80 1.708256 -0.002504 -0.000686 -0.000046 0.000035 1.160556
    81 -0.000580 0.100140 0.000311 0.010910 -0.023132 -0.260845
    82 -0.003952 -0.281811 0.115047 -3.059162 0.089004 0.167964
    83 1.289625 0.000042 0.000061 0.000046 -0.000010 0.672669
    84 -0.171526 -0.018150 -0.099873 0.013484 -0.062184 -0.011781
    85 0.916622 0.003336 0.001326 0.000042 -0.000015 0.880319
    86 -0.342617 0.053402 -0.025571 -2.909301 -0.017248 0.075276
    87 1.100231 -0.000928 -0.002434 0.000009 0.000002 0.677898
    88 -0.384979 0.331001 0.006848 -3.087207 -0.018765 -0.184278
    89 0.678146 0.002286 -0.003905 0.000018 0.000029 1.104311
    90 -0.123848 0.072738 0.029507 2.898184 -0.060627 0.094835
    91 1.017166 -0.000154 -0.000252 -0.000011 -0.000002 0.527889
    92 -0.344990 0.123129 0.143151 2.994981 0.012396 0.059140
    93 -0.730989 0.177046 0.039141 -0.123731 0.076518 -0.084310
    94 0.921993 0.001298 -0.000896 -0.000014 0.000001 0.471806
    95 -0.124023 -0.052090 0.038495 3.077813 -0.008519 0.039229
    96 1.100433 -0.003552 0.000502 0.000006 0.000066 0.545699
    97 -0.330082 0.160639 0.042780 3.128073 0.034033 -0.171236
    98 0.679764 0.001532 0.003272 0.000002 0.000003 0.674840
    99 -0.019512 -0.016531 0.038578 -2.763781 0.050305 0.076829
    100 1.019531 -0.000003 0.000000 0.000000 0.000000 0.497026
    101 -0.155308 0.130644 -0.021921 -3.022466 0.022433 -0.024902
    102 -0.252207 0.061937 -0.024914 -0.007671 -0.063171 -0.044392
    103 -0.085995 0.185205 -0.015180 -2.937063 -0.113970 -0.138991
    104 -0.286533 0.179852 0.024264 -3.109353 -0.049645 -0.029914
    105 -0.019482 0.147083 0.079203 2.893815 0.038585 -0.060594
    106 -0.046482 0.251896 0.129548 3.016165 0.077112 -0.042864
    107 0.039124 -0.040295 0.047739 3.084219 0.030470 -0.037414
    108 -0.233757 0.066630 0.001754 -3.133087 0.040141 -0.065412
    109 0.044266 0.020131 0.001684 -2.778763 -0.118872 -0.040488
    110 0.071495 0.074128 -0.048302 -3.035917 -0.059482 0.104366
    111 0.000000 0.000000 0.000000 0.000000 0.000000 -1.570796
    112 -3.086032 -7.609607 -5.945494 0.491062 -0.115207 -1.550470
    113 0.000000 0.000000 0.000000 0.000000 0.000000 0.000000
    114 -2.703207 -17.977111 -5.093905 0.490683 -0.115149 -1.551032
    115 3.096000 0.000000 -1.996000 0.000000 0.000000 0.000000
    116 3.040999 0.000000 1.202000 0.000000 0.000000 0.000000
    117 7.854000 0.000000 -0.042000 0.000000 0.000000 -0.000027
    118 13.105999 0.000000 -0.006000 0.000000 0.000000 0.000027
    119 3.456000 0.000000 -1.084000 0.000000 0.000000 0.000013
    120 1.804000 0.000000 -1.025000 0.000000 0.000000 0.000000
    121 7.098000 0.000000 -1.084000 0.000000 0.000000 0.000000
    122 1.868000 1.809000 -1.975000 -2.218442 -0.017124 -0.465675
    123 3.740000 0.000000 1.273000 0.000000 0.000000 0.000013
    124 11.956999 0.000000 -0.006000 0.000000 0.000000 0.000027
    125 6.072001 0.000000 -1.238000 0.000000 0.000000 0.000000
    126 5.690000 -0.365000 0.068000 -0.000040 -0.349041 -1.570749
    127 6.396999 0.614000 0.428000 0.000000 0.000000 -0.000027
    128 3.040999 0.000000 1.202000 0.000000 0.000000 0.000000
    129 3.720000 0.000000 1.202000 0.000000 0.000000 0.000000
    130 1.086000 -0.661000 -0.149000 0.000000 0.000000 0.000000
    131 1.067000 0.589000 0.076000 0.000000 0.000000 0.000000
    132 0.000000 -0.019000 0.000000 0.000000 0.000000 0.000000
    133 0.000000 -0.019000 0.000000 0.000000 0.000000 0.000000
    134 3.300000 -0.019000 1.346000 0.000000 0.000000 0.000000
    135 -1.524000 -1.859000 -4.367000 -1.730250 -0.014891 0.208056
    136 7.283999 0.000000 -2.195000 0.000000 0.000000 -0.000027
    137 -1.323000 0.000000 0.184000 0.000000 0.000000 0.000000
    138 0.082000 0.000000 1.002000 0.000000 0.000000 0.000000
    139 -26.081568 -24.516373 -50.712084 -0.495573 0.091786 -0.072443
    140 0.478000 0.000000 -4.537000 0.000000 0.000000 -0.000013
    141 3.436000 0.000000 1.202000 0.000000 0.000000 0.000000
    142 3.040999 0.000000 1.202000 0.000000 0.000000 0.000000
    143 4.657000 0.000000 1.545000 0.000000 0.000000 -0.000013
    144 -0.403000 0.000000 -0.011000 0.000000 0.000000 0.000000
    145 1.781000 0.000000 0.873000 0.000000 0.000000 0.000000
    146 0.384000 0.715000 0.801000 0.000000 0.000000 0.000000
    147 1.795000 0.533000 -1.550000 0.000000 0.000000 0.000000
    148 4.435999 0.595000 -0.954000 0.000000 0.000000 0.000000
    149 4.401999 -0.614000 -1.630000 0.000000 0.000000 0.000000
    150 4.203000 -0.003000 -0.048000 0.000000 0.000000 0.000000
    151 5.136000 0.000000 1.534000 0.000000 0.000000 -0.000027
    152 11.957001 0.000000 -0.006000 0.000000 0.000000 0.000027
    153 -2.103001 0.000000 0.000000 0.000000 0.000000 0.000000
    154 -0.598001 0.000000 -0.011000 0.000000 0.000000 -0.000013
    155 0.496000 0.184000 -3.523000 0.000000 0.000000 0.000000
    156 0.147000 0.184000 -0.328000 0.000000 0.000000 0.000000
    157 0.147000 0.184000 0.023000 0.000000 0.000000 0.000000
    158 0.147000 0.184000 0.368000 0.000000 0.000000 0.000000
    159 0.147000 0.184000 0.717000 0.000000 0.000000 0.000000
    160 0.147000 0.184000 1.067000 0.000000 0.000000 0.000000
    161 0.148000 0.184000 1.414000 0.000000 0.000000 0.000000
    162 0.148000 -0.074000 1.640000 0.000000 0.000000 0.000000
    163 0.435000 0.184000 -3.179000 0.000000 0.000000 0.000000
    164 0.378000 0.184000 -2.826000 0.000000 0.000000 0.000000
    165 0.329000 0.184000 -2.477000 0.000000 0.000000 0.000000
    166 0.286000 0.184000 -2.127000 0.000000 0.000000 0.000000
    167 0.252000 0.184000 -1.775000 0.000000 0.000000 0.000000
    168 0.215000 0.184000 -1.417000 0.000000 0.000000 0.000000
    169 0.190000 0.184000 -1.064000 0.000000 0.000000 0.000000
    170 0.166000 0.184000 -0.714000 0.000000 0.000000 0.000000
    171 1.622000 0.000000 1.568000 0.000000 0.000000 0.000013
    172 2.240000 0.000000 1.568000 0.000000 0.000000 0.000013
    173 0.000000 0.000000 0.000000 0.000000 0.000000 0.000000
    174 0.000006 -0.006207 -4.863281 -3.140338 -0.002958 -3.128596
    175 1.000088 -0.000029 0.000000 0.000000 0.000000 0.000000
    176 17.162518 -0.000404 0.000000 0.000000 0.000000 0.119207
    177 17.749374 0.295515 0.000000 0.000000 0.000000 -1.158917
    178 5.413528 0.000347 0.000000 0.000000 0.000000 -0.518029
    179 0.017887 0.299792 0.000000 0.000000 0.000000 -0.059577
    180 9.999889 -0.000303 0.000000 0.000000 0.000000 0.000000
    181 0.000004 0.006218 4.863281 -3.140338 -0.002958 -3.128596
    182 1.000088 -0.000029 0.000000 0.000000 0.000000 0.000000
    183 12.283573 1.581455 -4.695999 1.462269 -0.086726 0.090185
    184 17.162518 -0.000404 0.000000 0.000000 0.000000 0.119207
    185 17.749374 0.295515 0.000000 0.000000 0.000000 -1.158919
    186 5.413528 0.000347 0.000000 0.000000 0.000000 -0.518029
    187 0.017887 0.299792 0.000000 0.000000 0.000000 -0.059571
    188 9.499836 0.000212 0.000000 0.000000 0.000000 0.000000
    189 -1.145525 0.000130 0.000671 0.000000 0.000000 0.000000
    190 -0.857691 0.104071 0.104687 0.023536 0.163924 0.013632
    191 3.999430 -0.000528 -0.000332 0.194358 0.000000 0.000000
    192 0.599499 0.400698 0.000236 0.000000 0.000000 0.000000
    193 0.599886 0.400186 -0.000027 0.000000 0.000000 0.000000
    194 2.299677 -2.499979 -0.599480 0.891872 0.221487 -0.527250
    195 6.615128 -4.627024 0.078179 1.512876 -0.286948 0.091384
    196 -9.580679 -27.862108 -37.184677 0.812879 -0.123459 -0.568477
    197 0.649935 -0.548296 0.093658 -1.665913 -0.131399 -0.112062
    198 1.899127 0.000427 -0.000439 0.027386 -0.033311 0.477848
    199 0.657078 0.008400 0.040375 -1.665945 -0.131407 -0.000013
    200 1.799664 -0.000240 0.000231 0.027386 -0.033311 0.477848
    201 1.799664 -0.000240 0.000231 0.027386 -0.033311 0.477848
    202 1.799664 -0.000240 0.000231 0.027386 -0.033311 0.477848
    203 0.665774 0.747222 -0.029186 -1.665935 -0.131408 0.094976
    204 1.900306 -0.000137 -0.000517 0.027386 -0.033311 0.477848
    205 6.255803 -3.374086 4.825195 1.565404 1.561257 -2.764181
    206 3.999897 0.000040 0.001007 0.262437 0.000000 0.000000
    207 0.600403 0.399632 -0.000469 0.000000 0.000000 3.141497
    208 0.599890 0.400186 0.000031 0.000000 0.000000 3.141497
    209 2.300137 -2.499413 0.600155 -0.891927 -0.221511 -0.527258
    210 12.103249 -3.649587 -1.238105 1.733585 0.203032 0.048103
    211 2.762354 0.116951 1.523975 1.629482 0.064153 1.743800
    212 7.228317 7.928200 -3.925652 2.328713 0.123459 -0.568477
    213 0.650396 -0.547731 -0.092976 1.665913 0.131399 -0.112062
    214 1.899441 -0.000320 -0.000150 -0.027386 0.033311 0.477848
    215 0.657068 0.008398 -0.040379 1.665945 0.131407 -0.000013
    216 1.799659 -0.000233 -0.000233 -0.027386 0.033311 0.477848
    217 1.799659 -0.000233 -0.000233 -0.027386 0.033311 0.477848
    218 1.799659 -0.000233 -0.000233 -0.027386 0.033311 0.477848
    219 0.665778 0.747222 0.029179 1.665935 0.131408 0.094976
    220 1.900722 0.000549 -0.000072 -0.027386 0.033311 0.477848
    221 4.530998 0.000000 0.000000 0.000000 0.000000 0.000000
    222 4.527344 0.000000 0.000000 0.000000 0.000000 0.000000
    223 0.000000 0.000000 0.000000 0.000000 0.000000 0.000000
    224 0.000000 0.000000 0.000000 0.000000 0.000000 0.000000
    225 4.000000 -6.496094 0.008293 -0.001274 0.000001 0.000975
    226 -6.500000 0.000000 0.000000 -1.537381 1.569552 -1.537381
    227 18.980816 -2.691239 6.708368 0.491062 -0.115102 0.020326
    228 0.280000 -0.135000 2.196999 1.570796 0.000000 -1.570735
    229 0.000000 0.000000 0.000000 0.000000 0.000000 0.000000
    230 0.000000 0.000000 0.000000 0.000479 0.000000 0.000000
    231 0.106000 0.000000 -64.320000 0.000000 0.000000 0.000000
    232 0.000000 0.000000 0.000000 0.000000 0.000000 0.000000
    233 -0.106000 0.000000 64.320000 0.000000 0.000000 0.000000
    234 -1.547787 -21.892621 -6.555893 0.491090 -0.115177 -1.550503
    235 0.000000 0.000000 0.000000 0.000000 -0.000036 0.000055
    236 1.688000 -0.001000 -1.454002 0.000000 0.000000 0.000000
    237 -1.070999 -0.005000 0.545002 0.000000 0.000000 0.000000
    238 5.895000 0.750997 -0.156000 0.000000 0.000000 0.000000
    239 11.599999 -0.000003 -1.500002 0.000000 0.000000 0.000000
    240 -3.802991 5.150613 -5.505911 -1.515198 -0.074947 -0.291635
    241 7.216001 -0.000003 -1.579000 0.000000 0.000000 0.000000
    242 4.488969 0.039061 -1.500000 0.000000 0.000000 0.000000
    243 0.673937 -0.015635 -4.768713 -3.141592 -1.281051 3.141593
    244 0.094999 -0.144000 0.332001 0.000000 0.000000 0.000000
    245 14.209020 0.000022 0.766988 0.000000 0.000000 0.000000
    246 0.000000 0.000000 0.000000 1.570800 0.000000 -1.570796
  time 48
    0 0.000000 0.000000 0.000000 0.000000 0.000000 -1.570796
    1 -0.106750 -0.000001 -0.000351 0.000000 0.000000 0.000000
    2 0.000000 0.000000 0.000000 0.000000 0.000000 0.000000
    3 -0.904000 0.000000 -11.806000 0.000000 0.000000 0.000000
    4 0.000000 0.000000 -14.313999 1.572085 -1.570793 0.000000
    5 3.533001 0.000000 0.000000 -0.001274 0.000000 0.000000
    6 6.250000 0.000000 0.000000 0.000000 0.000000 0.000000
    7 9.568951 -0.019507 -1.944020 -1.545137 1.187827 -1.546947
    8 9.570313 5.304688 2.056641 -1.552151 -1.032979 1.554747
    9 5.786820 0.002787 -0.000113 -0.972870 1.044112 -1.200931
    10 5.999492 -0.000592 -4.000343 0.000000 0.000000 0.000000
    11 5.787410 0.002582 0.000893 1.159288 -0.896951 -2.104442
    12 5.999492 -0.000592 4.000340 0.000000 0.000000 0.000000
    13 0.500225 0.000133 -0.000084 0.147997 -0.000060 0.000000
    14 11.530657 0.000349 -0.001308 -0.000017 0.000093 -1.914531
    15 -0.829338 0.893824 0.079659 -0.148839 0.047645 0.087266
    16 0.500225 0.000132 0.000072 0.091730 0.000000 0.000000
    17 11.532495 0.000526 0.003814 -0.000018 0.000014 -1.429384
    18 -0.829586 0.894698 -0.079468 0.045377 -0.019621 0.087266
    19 10.599886 0.000105 -0.000553 0.192439 0.000000 0.000000
    20 0.822812 -0.583784 -0.000805 -0.000012 0.000047 0.955569
    21 11.042053 0.003717 0.000798 0.260585 -0.287045 0.814265
    22 -11.814724 0.424524 -0.297680 0.247998 -0.066121 -0.042695
    23 10.599878 0.000105 0.000549 0.518959 0.000036 0.000072
    24 0.361858 -0.419717 0.000801 -0.000048 -0.000023 0.714669
    25 11.041739 0.003170 -0.000568 0.519056 0.166995 0.286859
    26 -11.663242 0.094713 0.140656 -0.068591 0.018527 -0.015099
    27 0.610300 -0.939470 0.070347 -1.655245 -0.140103 -0.175616
    28 0.639938 -0.199121 0.060192 -1.665909 -0.131416 -0.066447
    29 0.600155 1.080260 -0.339535 -1.737970 0.020677 0.107373
    30 0.610207 0.400743 -0.010098 -1.760171 -0.067692 0.011616
    31 0.630809 -0.690091 -0.232343 0.076524 0.603584 -1.780675
    32 -0.792125 0.203736 0.461304 1.439074 -0.003453 -0.018305
    33 0.610300 -0.939469 -0.070354 1.655295 0.140067 -0.175664
    34 0.639938 -0.199121 -0.060200 1.665960 0.131428 -0.066435
    35 0.600157 1.080260 0.339531 1.741577 -0.203927 0.075913
    36 0.610205 0.400743 0.010086 1.761892 -0.015349 0.028023
    37 0.627906 -0.691394 0.232270 -1.014456 -0.861409 -0.665993
    38 -0.626031 -0.069982 -0.080517 -1.447153 0.086151 0.021559
    39 2.621377 -0.002532 -0.001438 -0.110833 -0.193743 0.183876
    40 2.660837 0.000397 -0.000071 -0.042801 0.037096 1.151175
    41 2.202488 0.003364 -0.002863 -0.034587 0.230248 0.081214
    42 0.599950 0.959236 -0.300102 -0.174544 0.000000 0.000000
    43 2.557190 -0.001967 0.002453 0.004236 0.045782 0.790091
    44 2.098929 0.000032 -0.002193 -0.433027 0.306142 0.577585
    45 0.999378 -0.000238 -1.170306 0.000000 0.000000 0.000000
    46 -0.122641 -0.721855 0.661686 -0.486644 0.223964 0.243056
    47 2.622112 -0.000648 0.002741 -0.053008 0.086883 -0.048142
    48 2.657909 0.000687 -0.000533 0.200385 0.214683 1.264756
    49 2.200014 0.001663 0.000836 0.236792 0.017712 1.474129
    50 0.599949 0.959244 0.300102 0.174544 0.000000 0.000000
    51 2.556571 -0.000385 0.000554 0.236801 0.177123 1.399512
    52 2.103853 0.001708 -0.001011 0.124830 -0.418702 0.877031
    53 0.999376 -0.000240 1.490624 -0.000036 0.000012 0.946946
    54 0.310848 -0.606446 -0.498005 0.308107 -0.197598 0.313975
    55 1.869163 -0.000835 -0.000994 0.000005 0.000039 0.539481
    56 1.200941 0.399582 -0.000237 -0.009465 0.016087 0.007127
    57 0.000586 0.100342 -0.000319 -0.120035 -0.021926 -0.209617
    58 -0.161663 0.051712 0.194808 -2.941982 0.122408 -0.060194
    59 2.010090 -0.003202 -0.003377 0.000030 0.000025 1.303739
    60 0.000237 0.099800 -0.000395 -0.018823 0.010833 -0.239219
    61 -0.203197 0.048607 0.069150 -3.093332 0.033217 -0.046722
    62 1.180426 -0.002312 0.000781 -0.000002 0.000012 1.141238
    63 -0.000196 0.099625 -0.000034 0.000000 0.000000 -0.314102
    64 -0.088737 -0.688435 -0.145203 2.930407 -0.136130 0.513013
    65 1.712069 -0.003328 0.003818 -0.027326 0.005217 1.564115
    66 -0.000576 0.100143 -0.000311 -0.010914 0.023131 -0.260843
    67 -0.146027 -0.232426 -0.014225 3.028455 -0.094299 0.113020
    68 1.290634 0.000361 -0.000036 -0.000012 0.000036 0.369855
    69 -0.658119 -0.003576 0.072643 -0.142711 0.027792 -0.077299
    70 1.868078 -0.003049 0.002177 -0.000033 0.000027 1.450101
    71 1.200075 0.399942 -0.000093 0.009465 -0.016087 0.007127
    72 0.000589 0.100342 0.000319 0.120035 0.021926 -0.209617
    73 0.068073 0.002283 -0.080050 3.111376 -0.069366 -0.060847
    74 2.011874 -0.001179 0.002180 -0.000084 -0.000025 1.378946
    75 0.000233 0.099800 0.000395 0.018823 -0.010833 -0.239219
    76 -0.018673 -0.001009 0.047544 3.109244 0.002635 -0.106673
    77 1.178665 0.001595 0.000845 0.000006 -0.000001 0.743912
    78 -0.000196 0.099628 0.000034 0.000000 0.000000 -0.314102
    79 0.036894 -0.634449 0.266284 -2.801062 0.174301 0.490915
    80 1.708256 -0.002504 -0.000686 -0.000046 0.000035 1.160556
    81 -0.000580 0.100140 0.000311 0.010910 -0.023132 -0.260845
    82 -0.003952 -0.281811 0.115047 -3.059162 0.089004 0.167964
    83 1.289625 0.000042 0.000061 0.000046 -0.000010 0.672669
    84 -0.171526 -0.018150 -0.099873 0.013484 -0.062184 -0.011781
    85 0.916622 0.003336 0.001326 0.000031 -0.000003 0.880319
    86 -0.342617 0.053402 -0.025571 -2.909301 -0.017248 0.075276
    87 1.100231 -0.000928 -0.002434 0.000009 0.000002 0.677957
    88 -0.384979 0.331001 0.006848 -3.087207 -0.018765 -0.184278
    89 0.678146 0.002286 -0.003905 0.000006 0.000017 1.104311
    90 -0.123848 0.072738 0.029507 2.898184 -0.060627 0.094835
    91 1.017166 -0.000154 -0.000252 -0.000011 -0.000002 0.527889
    92 -0.344990 0.123129 0.143151 2.994981 0.012396 0.059140
    93 -0.730989 0.177046 0.039141 -0.123731 0.076518 -0.084310
    94 0.921993 0.001298 -0.000896 -0.000014 0.000001 0.471806
    95 -0.124023 -0.052090 0.038495 3.077813 -0.008519 0.039229
    96 1.100433 -0.003552 0.000502 0.000006 0.000066 0.545699
    97 -0.330082 0.160639 0.042780 3.128073 0.034033 -0.171236
    98 0.679764 0.001532 0.003272 0.000002 0.000003 0.674840
    99 -0.019512 -0.016531 0.038578 -2.763781 0.050305 0.076829
    100 1.019531 -0.000003 0.000000 0.000000 0.000000 0.497026
    101 -0.155308 0.130644 -0.021921 -3.022466 0.022433 -0.024902
    102 -0.252207 0.061937 -0.024914 -0.007671 -0.063171 -0.044392
    103 -0.085995 0.185205 -0.015180 -2.937063 -0.113970 -0.138991
    104 -0.286533 0.179852 0.024264 -3.109353 -0.049645 -0.029914
    105 -0.019482 0.147083 0.079203 2.893815 0.038585 -0.060594
    106 -0.046482 0.251896 0.129548 3.016165 0.077112 -0.042864
    107 0.039124 -0.040295 0.047739 3.084219 0.030470 -0.037414
    108 -0.233757 0.066630 0.001754 -3.133087 0.040141 -0.065412
    109 0.044266 0.020131 0.001684 -2.778763 -0.118872 -0.040488
    110 0.071495 0.074128 -0.048302 -3.035917 -0.059482 0.104366
    111 0.000000 0.000000 0.000000 0.000000 0.000000 -1.570796
    112 -3.089938 -7.636952 -5.843928 0.479266 -0.128403 -1.541053
    113 0.000000 0.000000 0.000000 0.000000 0.000000 0.000000
    114 -2.601642 -17.992737 -4.859523 0.478976 -0.128117 -1.541149
    115 3.096000 0.000000 -1.996000 0.000000 0.000000 0.000000
    116 3.040999 0.000000 1.202000 0.000000 0.000000 0.000000
    117 7.854000 0.000000 -0.042000 0.000000 0.000000 -0.000027
    118 13.105999 0.000000 -0.006000 0.000000 0.000000 0.000027
    119 3.456000 0.000000 -1.084000 0.000000 0.000000 0.000013
    120 1.804000 0.000000 -1.025000 0.000000 0.000000 0.000000
    121 7.098000 0.000000 -1.084000 0.000000 0.000000 0.000000
    122 1.868000 1.809000 -1.975000 -2.218442 -0.017124 -0.465675
    123 3.740000 0.000000 1.273000 0.000000 0.000000 0.000013
    124 11.956999 0.000000 -0.006000 0.000000 0.000000 0.000027
    125 6.072001 0.000000 -1.238000 0.000000 0.000000 0.000000
    126 5.690000 -0.365000 0.068000 -0.000040 -0.349041 -1.570749
    127 6.396999 0.614000 0.428000 0.000000 0.000000 -0.000027
    128 3.040999 0.000000 1.202000 0.000000 0.000000 0.000000
    129 3.720000 0.000000 1.202000 0.000000 0.000000 0.000000
    130 1.086000 -0.661000 -0.149000 0.000000 0.000000 0.000000
    131 1.067000 0.589000 0.076000 0.000000 0.000000 0.000000
    132 0.000000 -0.019000 0.000000 0.000000 0.000000 0.000000
    133 0.000000 -0.019000 0.000000 0.000000 0.000000 0.000000
    134 3.300000 -0.019000 1.346000 0.000000 0.000000 0.000000
    135 -1.524000 -1.859000 -4.367000 -1.730250 -0.014891 0.208056
    136 7.283999 0.000000 -2.195000 0.000000 0.000000 -0.000027
    137 -1.323000 0.000000 0.184000 0.000000 0.000000 0.000000
    138 0.082000 0.000000 1.002000 0.000000 0.000000 0.000000
    139 -26.858935 -23.719474 -50.919122 -0.485506 0.099967 -0.085830
    140 0.478000 0.000000 -4.537000 0.000000 0.000000 -0.000013
    141 3.436000 0.000000 1.202000 0.000000 0.000000 0.000000
    142 3.040999 0.000000 1.202000 0.000000 0.000000 0.000000
    143 4.657000 0.000000 1.545000 0.000000 0.000000 -0.000013
    144 -0.403000 0.000000 -0.011000 0.000000 0.000000 0.000000
    145 1.781000 0.000000 0.873000 0.000000 0.000000 0.000000
    146 0.384000 0.715000 0.801000 0.000000 0.000000 0.000000
    147 1.795000 0.533000 -1.550000 0.000000 0.000000 0.000000
    148 4.435999 0.595000 -0.954000 0.000000 0.000000 0.000000
    149 4.401999 -0.614000 -1.630000 0.000000 0.000000 0.000000
    150 4.203000 -0.003000 -0.048000 0.000000 0.000000 0.000000
    151 5.136000 0.000000 1.534000 0.000000 0.000000 -0.000027
    152 11.957001 0.000000 -0.006000 0.000000 0.000000 0.000027
    153 -2.103001 0.000000 0.000000 0.000000 0.000000 0.000000
    154 -0.598001 0.000000 -0.011000 0.000000 0.000000 -0.000013
    155 0.496000 0.184000 -3.523000 0.000000 0.000000 0.000000
    156 0.147000 0.184000 -0.328000 0.000000 0.000000 0.000000
    157 0.147000 0.184000 0.023000 0.000000 0.000000 0.000000
    158 0.147000 0.184000 0.368000 0.000000 0.000000 0.000000
    159 0.147000 0.184000 0.717000 0.000000 0.000000 0.000000
    160 0.147000 0.184000 1.067000 0.000000 0.000000 0.000000
    161 0.148000 0.184000 1.414000 0.000000 0.000000 0.000000
    162 0.148000 -0.074000 1.640000 0.000000 0.000000 0.000000
    163 0.435000 0.184000 -3.179000 0.000000 0.000000 0.000000
    164 0.378000 0.184000 -2.826000 0.000000 0.000000 0.000000
    165 0.329000 0.184000 -2.477000 0.000000 0.000000 0.000000
    166 0.286000 0.184000 -2.127000 0.000000 0.000000 0.000000
    167 0.252000 0.184000 -1.775000 0.000000 0.000000 0.000000
    168 0.215000 0.184000 -1.417000 0.000000 0.000000 0.000000
    169 0.190000 0.184000 -1.064000 0.000000 0.000000 0.000000
    170 0.166000 0.184000 -0.714000 0.000000 0.000000 0.000000
    171 1.622000 0.000000 1.568000 0.000000 0.000000 0.000013
    172 2.240000 0.000000 1.568000 0.000000 0.000000 0.000013
    173 0.000000 0.000000 0.000000 0.000000 0.000000 0.000000
    174 0.000006 -0.006207 -4.863281 -3.140338 -0.002958 -3.128596
    175 1.000088 -0.000029 0.000000 0.000000 0.000000 0.000000
    176 17.162518 -0.000404 0.000000 0.000000 0.000000 0.119207
    177 17.749374 0.295515 0.000000 0.000000 0.000000 -1.158917
    178 5.413528 0.000347 0.000000 0.000000 0.000000 -0.518029
    179 0.017887 0.299792 0.000000 0.000000 0.000000 -0.059577
    180 9.999889 -0.000303 0.000000 0.000000 0.000000 0.000000
    181 0.000004 0.006218 4.863281 -3.140338 -0.002958 -3.128596
    182 1.000088 -0.000029 0.000000 0.000000 0.000000 0.000000
    183 12.283573 1.581455 -4.695999 1.462269 -0.086726 0.090185
    184 17.162518 -0.000404 0.000000 0.000000 0.000000 0.119207
    185 17.749374 0.295515 0.000000 0.000000 0.000000 -1.158919
    186 5.413528 0.000347 0.000000 0.000000 0.000000 -0.518029
    187 0.017887 0.299792 0.000000 0.000000 0.000000 -0.059571
    188 9.499836 0.000212 0.000000 0.000000 0.000000 0.000000
    189 -1.145525 0.000130 0.000671 0.000000 0.000000 0.000000
    190 -0.857691 0.104071 0.104687 0.023536 0.163924 0.013632
    191 3.999430 -0.000528 -0.000332 0.192484 0.000000 0.000000
    192 0.599499 0.400698 0.000236 0.000000 0.000000 0.000000
    193 0.599886 0.400186 -0.000027 0.000000 0.000000 0.000000
    194 2.299677 -2.499979 -0.599480 0.891872 0.221487 -0.527250
    195 6.615128 -4.627024 0.078179 1.512876 -0.286905 0.091384
    196 -9.580679 -27.862108 -37.184677 0.812879 -0.123459 -0.568477
    197 0.649935 -0.548296 0.093658 -1.665913 -0.131399 -0.112062
    198 1.899127 0.000427 -0.000439 0.027386 -0.033311 0.477848
    199 0.657078 0.008400 0.040375 -1.665945 -0.131407 -0.000013
    200 1.799664 -0.000240 0.000231 0.027386 -0.033311 0.477848
    201 1.799664 -0.000240 0.000231 0.027386 -0.033311 0.477848
    202 1.799664 -0.000240 0.000231 0.027386 -0.033311 0.477848
    203 0.665774 0.747222 -0.029186 -1.665935 -0.131408 0.094976
    204 1.900306 -0.000137 -0.000517 0.027386 -0.033311 0.477848
    205 6.255803 -3.374086 4.825195 1.565404 1.561257 -2.764181
    206 3.999897 0.000040 0.001007 0.259466 0.000000 0.000000
    207 0.600403 0.399632 -0.000469 0.000000 0.000000 -3.141592
    208 0.599890 0.400186 0.000031 0.000000 0.000000 3.141497
    209 2.300137 -2.499413 0.600155 -0.891927 -0.221511 -0.527258
    210 12.103249 -3.649587 -1.238105 1.733585 0.203032 0.048103
    211 2.762354 0.116951 1.523975 1.629482 0.064153 1.743800
    212 7.228317 7.928200 -3.925652 2.328713 0.123459 -0.568477
    213 0.650396 -0.547731 -0.092976 1.665913 0.131399 -0.112062
    214 1.899441 -0.000320 -0.000150 -0.027386 0.033311 0.477848
    215 0.657068 0.008398 -0.040379 1.665945 0.131407 -0.000013
    216 1.799659 -0.000233 -0.000233 -0.027386 0.033311 0.477848
    217 1.799659 -0.000233 -0.000233 -0.027386 0.033311 0.477848
    218 1.799659 -0.000233 -0.000233 -0.027386 0.033311 0.477848
    219 0.665778 0.747222 0.029179 1.665935 0.131408 0.094976
    220 1.900722 0.000549 -0.000072 -0.027386 0.033311 0.477848
    221 4.530998 0.000000 0.000000 0.000000 0.000000 0.000000
    222 4.527344 0.000000 0.000000 0.000000 0.000000 0.000000
    223 0.000000 0.000000 0.000000 0.000000 0.000000 0.000000
    224 0.000000 0.000000 0.000000 0.000000 0.000000 0.000000
    225 4.000000 -6.496094 0.008293 -0.001274 0.000001 0.000975
    226 -6.500000 0.000000 0.000000 -1.537381 1.569552 -1.537381
    227 18.992535 -2.601393 6.950563 0.479266 -0.128340 0.029650
    228 0.280000 -0.135000 2.196999 1.570796 0.000000 -1.570735
    229 0.000000 0.000000 0.000000 0.000000 0.000000 0.000000
    230 0.000000 0.000000 0.000000 0.000395 0.000000 0.000000
    231 0.106000 0.000000 -64.320000 0.000000 0.000000 0.000000
    232 0.000000 0.000000 0.000000 0.000000 0.000000 0.000000
    233 -0.106000 0.000000 64.320000 0.000000 0.000000 0.000000
    234 -1.442315 -21.916059 -6.274634 0.479296 -0.128417 -1.541116
    235 0.000000 0.000000 0.000000 0.000000 -0.000036 0.000055
    236 1.688000 -0.001000 -1.454002 0.000000 0.000000 0.000000
    237 -1.070999 -0.005000 0.545002 0.000000 0.000000 0.000000
    238 5.895000 0.750997 -0.156000 0.000000 0.000000 0.000000
    239 11.599999 -0.000003 -1.500002 0.000000 0.000000 0.000000
    240 -3.802991 5.150613 -5.505911 -1.515198 -0.074947 -0.291635
    241 7.216001 -0.000003 -1.579000 0.000000 0.000000 0.000000
    242 4.488969 0.039061 -1.500000 0.000000 0.000000 0.000000
    243 0.673937 -0.015635 -4.768713 -3.141592 -1.281051 3.141593
    244 0.094999 -0.144000 0.332001 0.000000 0.000000 0.000000
    245 14.209020 0.000022 0.766988 0.000000 0.000000 0.000000
    246 0.000000 0.000000 0.000000 1.570800 0.000000 -1.570796
  time 49
    0 0.000000 0.000000 0.000000 0.000000 0.000000 -1.570796
    1 -0.106750 -0.000001 -0.000351 0.000000 0.000000 0.000000
    2 0.000000 0.000000 0.000000 0.000000 0.000000 0.000000
    3 -0.904000 0.000000 -11.806000 0.000000 0.000000 0.000000
    4 0.000000 0.000000 -14.313999 1.572085 -1.570793 0.000000
    5 3.533001 0.000000 0.000000 -0.001274 0.000000 0.000000
    6 6.250000 0.000000 0.000000 0.000000 0.000000 0.000000
    7 9.568951 -0.019507 -1.944020 -1.545137 1.187827 -1.546947
    8 9.570313 5.304688 2.056641 -1.552151 -1.032979 1.554747
    9 5.786820 0.002787 -0.000113 -0.980996 1.037061 -1.210437
    10 5.999492 -0.000592 -4.000343 0.000000 0.000000 0.000000
    11 5.787410 0.002582 0.000893 1.154219 -0.888667 -2.095473
    12 5.999492 -0.000592 4.000340 0.000000 0.000000 0.000000
    13 0.500225 0.000133 -0.000084 0.150545 0.000000 0.000000
    14 11.530657 0.000349 -0.001308 0.000091 -0.000063 -1.906169
    15 -0.829338 0.893824 0.079659 -0.148839 0.047645 0.087266
    16 0.500225 0.000132 0.000072 0.085135 0.000000 0.000000
    17 11.532495 0.000526 0.003814 0.000006 0.000074 -1.422594
    18 -0.829586 0.894698 -0.079468 0.045377 -0.019621 0.087266
    19 10.599886 0.000105 -0.000553 0.175055 0.000000 0.000000
    20 0.818905 -0.579878 -0.000805 0.000036 0.000047 0.953043
    21 11.042053 0.003717 0.000798 0.244593 -0.295485 0.787706
    22 -11.814724 0.424524 -0.297680 0.247998 -0.066121 -0.042695
    23 10.599878 0.000105 0.000549 0.491783 -0.000012 0.000048
    24 0.365764 -0.423623 0.000801 -0.000072 -0.000047 0.711195
    25 11.041739 0.003170 -0.000568 0.491159 0.157930 0.271806
    26 -11.663242 0.094713 0.140656 -0.068591 0.018527 -0.015099
    27 0.610300 -0.939470 0.070347 -1.655245 -0.140103 -0.175616
    28 0.639938 -0.199121 0.060192 -1.665909 -0.131416 -0.066447
    29 0.600155 1.080260 -0.339535 -1.737970 0.020677 0.107373
    30 0.610207 0.400743 -0.010098 -1.760171 -0.067692 0.011616
    31 0.630809 -0.690091 -0.232343 0.076524 0.603584 -1.780675
    32 -0.792125 0.203736 0.461304 1.439074 -0.003453 -0.018305
    33 0.610300 -0.939469 -0.070354 1.655295 0.140067 -0.175664
    34 0.639938 -0.199121 -0.060200 1.665960 0.131428 -0.066435
    35 0.600157 1.080260 0.339531 1.741577 -0.203927 0.075913
    36 0.610205 0.400743 0.010086 1.761892 -0.015349 0.028023
    37 0.627906 -0.691394 0.232270 -1.014456 -0.861409 -0.665993
    38 -0.626031 -0.069982 -0.080517 -1.447153 0.086151 0.021559
    39 2.621377 -0.002532 -0.001438 -0.110833 -0.193743 0.183876
    40 2.660837 0.000397 -0.000071 -0.042801 0.037096 1.151175
    41 2.202488 0.003364 -0.002863 -0.034587 0.230248 0.081214
    42 0.599950 0.959236 -0.300102 -0.174544 0.000000 0.000000
    43 2.557190 -0.001967 0.002453 0.004236 0.045782 0.790091
    44 2.098929 0.000032 -0.002193 -0.433027 0.306142 0.577585
    45 0.999378 -0.000238 -1.170306 0.000000 0.000000 0.000000
    46 -0.122641 -0.721855 0.661686 -0.486644 0.223964 0.243056
    47 2.622112 -0.000648 0.002741 -0.053008 0.086883 -0.048142
    48 2.657909 0.000687 -0.000533 0.200385 0.214683 1.264756
    49 2.200014 0.001663 0.000836 0.236792 0.017712 1.474129
    50 0.599949 0.959244 0.300102 0.174544 0.000000 0.000000
    51 2.556571 -0.000385 0.000554 0.236801 0.177123 1.399512
    52 2.103853 0.001708 -0.001011 0.124830 -0.418702 0.877031
    53 0.999376 -0.000240 1.490624 -0.000036 0.000024 0.946946
    54 0.310848 -0.606446 -0.498005 0.308107 -0.197598 0.313975
    55 1.869163 -0.000835 -0.000994 0.000005 0.000027 0.539481
    56 1.200941 0.399582 -0.000237 -0.009465 0.016087 0.007127
    57 0.000586 0.100342 -0.000319 -0.120035 -0.021926 -0.209617
    58 -0.161663 0.051712 0.194808 -2.941982 0.122408 -0.060194
    59 2.010090 -0.003202 -0.003377 0.000018 0.000025 1.303739
    60 0.000237 0.099800 -0.000395 -0.018823 0.010833 -0.239219
    61 -0.203197 0.048607 0.069150 -3.093332 0.033217 -0.046722
    62 1.180426 -0.002312 0.000781 -0.000002 0.000000 1.141238
    63 -0.000196 0.099625 -0.000034 0.000000 0.000000 -0.314102
    64 -0.088737 -0.688435 -0.145203 2.930407 -0.136130 0.513013
    65 1.712069 -0.003328 0.003818 -0.027326 0.005217 1.564115
    66 -0.000576 0.100143 -0.000311 -0.010914 0.023131 -0.260843
    67 -0.146027 -0.232426 -0.014225 3.028455 -0.094299 0.113020
    68 1.290634 0.000361 -0.000036 -0.000012 0.000024 0.369855
    69 -0.658119 -0.003576 0.072643 -0.142711 0.027792 -0.077299
    70 1.868078 -0.003049 0.002177 -0.000033 0.000027 1.450101
    71 1.200075 0.399942 -0.000093 0.009465 -0.016087 0.007127
    72 0.000589 0.100342 0.000319 0.120035 0.021926 -0.209617
    73 0.068073 0.002283 -0.080050 3.111376 -0.069366 -0.060847
    74 2.011874 -0.001179 0.002180 -0.000084 -0.000025 1.378946
    75 0.000233 0.099800 0.000395 0.018823 -0.010833 -0.239219
    76 -0.018673 -0.001009 0.047544 3.109244 0.002635 -0.106673
    77 1.178665 0.001595 0.000845 0.000006 -0.000001 0.743886
    78 -0.000196 0.099628 0.000034 0.000000 0.000000 -0.314102
    79 0.036894 -0.634449 0.266284 -2.801062 0.174301 0.490915
    80 1.708256 -0.002504 -0.000686 -0.000058 0.000035 1.160556
    81 -0.000580 0.100140 0.000311 0.010910 -0.023132 -0.260845
    82 -0.003952 -0.281811 0.115047 -3.059162 0.089004 0.167964
    83 1.289625 0.000042 0.000061 0.000046 -0.000010 0.672669
    84 -0.171526 -0.018150 -0.099873 0.013484 -0.062184 -0.011781
    85 0.916622 0.003336 0.001326 0.000031 -0.000003 0.880319
    86 -0.342617 0.053402 -0.025571 -2.909301 -0.017248 0.075276
    87 1.100231 -0.000928 -0.002434 0.000009 0.000002 0.677957
    88 -0.384979 0.331001 0.006848 -3.087207 -0.018765 -0.184278
    89 0.678146 0.002286 -0.003905 0.000006 0.000017 1.104311
    90 -0.123848 0.072738 0.029507 2.898184 -0.060627 0.094835
    91 1.017166 -0.000154 -0.000252 -0.000011 -0.000002 0.527889
    92 -0.344990 0.123129 0.143151 2.994981 0.012396 0.059140
    93 -0.730989 0.177046 0.039141 -0.123731 0.076518 -0.084310
    94 0.921993 0.001298 -0.000896 -0.000014 0.000001 0.471806
    95 -0.124023 -0.052090 0.038495 3.077813 -0.008519 0.039229
    96 1.100433 -0.003552 0.000502 0.000006 0.000066 0.545699
    97 -0.330082 0.160639 0.042780 3.128073 0.034033 -0.171236
    98 0.679764 0.001532 0.003272 0.000002 0.000003 0.674840
    99 -0.019512 -0.016531 0.038578 -2.763781 0.050305 0.076829
    100 1.019531 -0.000003 0.000000 0.000000 0.000000 0.497026
    101 -0.155308 0.130644 -0.021921 -3.022466 0.022433 -0.024902
    102 -0.252207 0.061937 -0.024914 -0.007671 -0.063171 -0.044392
    103 -0.085995 0.185205 -0.015180 -2.937063 -0.113970 -0.138991
    104 -0.286533 0.179852 0.024264 -3.109353 -0.049645 -0.029914
    105 -0.019482 0.147083 0.079203 2.893815 0.038585 -0.060594
    106 -0.046482 0.251896 0.129548 3.016165 0.077112 -0.042864
    107 0.039124 -0.040295 0.047739 3.084219 0.030470 -0.037414
    108 -0.233757 0.066630 0.001754 -3.133087 0.040141 -0.065412
    109 0.044266 0.020131 0.001684 -2.778763 -0.118872 -0.040488
    110 0.071495 0.074128 -0.048302 -3.035917 -0.059482 0.104366
    111 0.000000 0.000000 0.000000 0.000000 0.000000 -1.570796
    112 -3.035249 -7.644765 -5.769707 0.448509 -0.147241 -1.537790
    113 0.000000 0.000000 0.000000 0.000000 0.000000 0.000000
    114 -2.535234 -17.965392 -4.586077 0.448464 -0.147212 -1.537979
    115 3.096000 0.000000 -1.996000 0.000000 0.000000 0.000000
    116 3.040999 0.000000 1.202000 0.000000 0.000000 0.000000
    117 7.854000 0.000000 -0.042000 0.000000 0.000000 -0.000027
    118 13.105999 0.000000 -0.006000 0.000000 0.000000 0.000027
    119 3.456000 0.000000 -1.084000 0.000000 0.000000 0.000013
    120 1.804000 0.000000 -1.025000 0.000000 0.000000 0.000000
    121 7.098000 0.000000 -1.084000 0.000000 0.000000 0.000000
    122 1.868000 1.809000 -1.975000 -2.218442 -0.017124 -0.465675
    123 3.740000 0.000000 1.273000 0.000000 0.000000 0.000013
    124 11.956999 0.000000 -0.006000 0.000000 0.000000 0.000027
    125 6.072001 0.000000 -1.238000 0.000000 0.000000 0.000000
    126 5.690000 -0.365000 0.068000 -0.000040 -0.349041 -1.570749
    127 6.396999 0.614000 0.428000 0.000000 0.000000 -0.000027
    128 3.040999 0.000000 1.202000 0.000000 0.000000 0.000000
    129 3.720000 0.000000 1.202000 0.000000 0.000000 0.000000
    130 1.086000 -0.661000 -0.149000 0.000000 0.000000 0.000000
    131 1.067000 0.589000 0.076000 0.000000 0.000000 0.000000
    132 0.000000 -0.019000 0.000000 0.000000 0.000000 0.000000
    133 0.000000 -0.019000 0.000000 0.000000 0.000000 0.000000
    134 3.300000 -0.019000 1.346000 0.000000 0.000000 0.000000
    135 -1.524000 -1.859000 -4.367000 -1.730250 -0.014891 0.208056
    136 7.283999 0.000000 -2.195000 0.000000 0.000000 -0.000027
    137 -1.323000 0.000000 0.184000 0.000000 0.000000 0.000000
    138 0.082000 0.000000 1.002000 0.000000 0.000000 0.000000
    139 -27.948812 -21.953795 -51.344916 -0.456539 0.118031 -0.094090
    140 0.478000 0.000000 -4.537000 0.000000 0.000000 -0.000013
    141 3.436000 0.000000 1.202000 0.000000 0.000000 0.000000
    142 3.040999 0.000000 1.202000 0.000000 0.000000 0.000000
    143 4.657000 0.000000 1.545000 0.000000 0.000000 -0.000013
    144 -0.403000 0.000000 -0.011000 0.000000 0.000000 0.000000
    145 1.781000 0.000000 0.873000 0.000000 0.000000 0.000000
    146 0.384000 0.715000 0.801000 0.000000 0.000000 0.000000
    147 1.795000 0.533000 -1.550000 0.000000 0.000000 0.000000
    148 4.435999 0.595000 -0.954000 0.000000 0.000000 0.000000
    149 4.401999 -0.614000 -1.630000 0.000000 0.000000 0.000000
    150 4.203000 -0.003000 -0.048000 0.000000 0.000000 0.000000
    151 5.136000 0.000000 1.534000 0.000000 0.000000 -0.000027
    152 11.957001 0.000000 -0.006000 0.000000 0.000000 0.000027
    153 -2.103001 0.000000 0.000000 0.000000 0.000000 0.000000
    154 -0.598001 0.000000 -0.011000 0.000000 0.000000 -0.000013
    155 0.496000 0.184000 -3.523000 0.000000 0.000000 0.000000
    156 0.147000 0.184000 -0.328000 0.000000 0.000000 0.000000
    157 0.147000 0.184000 0.023000 0.000000 0.000000 0.000000
    158 0.147000 0.184000 0.368000 0.000000 0.000000 0.000000
    159 0.147000 0.184000 0.717000 0.000000 0.000000 0.000000
    160 0.147000 0.184000 1.067000 0.000000 0.000000 0.000000
    161 0.148000 0.184000 1.414000 0.000000 0.000000 0.000000
    162 0.148000 -0.074000 1.640000 0.000000 0.000000 0.000000
    163 0.435000 0.184000 -3.179000 0.000000 0.000000 0.000000
    164 0.378000 0.184000 -2.826000 0.000000 0.000000 0.000000
    165 0.329000 0.184000 -2.477000 0.000000 0.000000 0.000000
    166 0.286000 0.184000 -2.127000 0.000000 0.000000 0.000000
    167 0.252000 0.184000 -1.775000 0.000000 0.000000 0.000000
    168 0.215000 0.184000 -1.417000 0.000000 0.000000 0.000000
    169 0.190000 0.184000 -1.064000 0.000000 0.000000 0.000000
    170 0.166000 0.184000 -0.714000 0.000000 0.000000 0.000000
    171 1.622000 0.000000 1.568000 0.000000 0.000000 0.000013
    172 2.240000 0.000000 1.568000 0.000000 0.000000 0.000013
    173 0.000000 0.000000 0.000000 0.000000 0.000000 0.000000
    174 0.000006 -0.006207 -4.863281 -3.140338 -0.002958 -3.128596
    175 1.000088 -0.000029 0.000000 0.000000 0.000000 0.000000
    176 17.162518 -0.000404 0.000000 0.000000 0.000000 0.119207
    177 17.749374 0.295515 0.000000 0.000000 0.000000 -1.158917
    178 5.413528 0.000347 0.000000 0.000000 0.000000 -0.518029
    179 0.017887 0.299792 0.000000 0.000000 0.000000 -0.059577
    180 9.999889 -0.000303 0.000000 0.000000 0.000000 0.000000
    181 0.000004 0.006218 4.863281 -3.140338 -0.002958 -3.128596
    182 1.000088 -0.000029 0.000000 0.000000 0.000000 0.000000
    183 12.283573 1.581455 -4.695999 1.462269 -0.086726 0.090185
    184 17.162518 -0.000404 0.000000 0.000000 0.000000 0.119207
    185 17.749374 0.295515 0.000000 0.000000 0.000000 -1.158919
    186 5.413528 0.000347 0.000000 0.000000 0.000000 -0.518029
    187 0.017887 0.299792 0.000000 0.000000 0.000000 -0.059571
    188 9.499836 0.000212 0.000000 0.000000 0.000000 0.000000
    189 -1.145525 0.000130 0.000671 0.000000 0.000000 0.000000
    190 -0.857691 0.104071 0.104687 0.023536 0.163924 0.013632
    191 3.999430 -0.000528 -0.000332 0.175086 0.000000 0.000000
    192 0.599499 0.400698 0.000236 0.000000 0.000000 0.000000
    193 0.599886 0.400186 -0.000027 0.000000 0.000000 0.000000
    194 2.299677 -2.499979 -0.599480 0.891872 0.221487 -0.527250
    195 6.615128 -4.627024 0.078179 1.512876 -0.286905 0.091384
    196 -9.580679 -27.862108 -37.184677 0.812879 -0.123459 -0.568477
    197 0.649935 -0.548296 0.093658 -1.665913 -0.131399 -0.112062
    198 1.899127 0.000427 -0.000439 0.027386 -0.033311 0.477848
    199 0.657078 0.008400 0.040375 -1.665945 -0.131407 -0.000013
    200 1.799664 -0.000240 0.000231 0.027386 -0.033311 0.477848
    201 1.799664 -0.000240 0.000231 0.027386 -0.033311 0.477848
    202 1.799664 -0.000240 0.000231 0.027386 -0.033311 0.477848
    203 0.665774 0.747222 -0.029186 -1.665935 -0.131408 0.094976
    204 1.900306 -0.000137 -0.000517 0.027386 -0.033311 0.477848
    205 6.255803 -3.374086 4.825195 1.565404 1.561257 -2.764181
    206 3.999897 0.000040 0.001007 0.245879 0.000000 0.000000
    207 0.600403 0.399632 -0.000469 0.000000 0.000000 -3.141592
    208 0.599890 0.400186 0.000031 0.000000 0.000000 -3.141496
    209 2.300137 -2.499413 0.600155 -0.891954 -0.221511 -0.527258
    210 12.103249 -3.649587 -1.238105 1.733585 0.203032 0.048103
    211 2.762354 0.116951 1.523975 1.629482 0.064153 1.743800
    212 7.228317 7.928200 -3.925652 2.328713 0.123459 -0.568477
    213 0.650396 -0.547731 -0.092976 1.665913 0.131399 -0.112062
    214 1.899441 -0.000320 -0.000150 -0.027386 0.033311 0.477848
    215 0.657068 0.008398 -0.040379 1.665945 0.131407 -0.000013
    216 1.799659 -0.000233 -0.000233 -0.027386 0.033311 0.477848
    217 1.799659 -0.000233 -0.000233 -0.027386 0.033311 0.477848
    218 1.799659 -0.000233 -0.000233 -0.027386 0.033311 0.477848
    219 0.665778 0.747222 0.029179 1.665935 0.131408 0.094976
    220 1.900722 0.000549 -0.000072 -0.027386 0.033311 0.477848
    221 4.530998 0.000000 0.000000 0.000000 0.000000 0.000000
    222 4.527344 0.000000 0.000000 0.000000 0.000000 0.000000
    223 0.000000 0.000000 0.000000 0.000000 0.000000 0.000000
    224 0.000000 0.000000 0.000000 0.000000 0.000000 0.000000
    225 4.000000 -6.496094 0.008293 -0.001274 0.000001 0.000975
    226 -6.500000 0.000000 0.000000 -1.537381 1.569552 -1.537381
    227 18.980816 -2.523266 7.212290 0.448509 -0.147176 0.033006
    228 0.280000 -0.135000 2.196999 1.570796 0.000000 -1.570735
    229 0.000000 0.000000 0.000000 0.000000 0.000000 0.000000
    230 0.000000 0.000000 0.000000 0.000324 0.000000 0.000000
    231 0.106000 0.000000 -64.320000 0.000000 0.000000 0.000000
    232 0.000000 0.000000 0.000000 0.000000 0.000000 0.000000
    233 -0.106000 0.000000 64.320000 0.000000 0.000000 0.000000
    234 -1.411064 -21.931685 -5.969937 0.448543 -0.147246 -1.537763
    235 0.000000 0.000000 0.000000 0.000000 -0.000036 0.000055
    236 1.688000 -0.001000 -1.454002 0.000000 0.000000 0.000000
    237 -1.070999 -0.005000 0.545002 0.000000 0.000000 0.000000
    238 5.895000 0.750997 -0.156000 0.000000 0.000000 0.000000
    239 11.599999 -0.000003 -1.500002 0.000000 0.000000 0.000000
    240 -3.802991 5.150613 -5.505911 -1.515198 -0.074947 -0.291635
    241 7.216001 -0.000003 -1.579000 0.000000 0.000000 0.000000
    242 4.488969 0.039061 -1.500000 0.000000 0.000000 0.000000
    243 0.673937 -0.015635 -4.768713 -3.141592 -1.281051 3.141593
    244 0.094999 -0.144000 0.332001 0.000000 0.000000 0.000000
    245 14.209020 0.000022 0.766988 0.000000 0.000000 0.000000
    246 0.000000 0.000000 0.000000 1.570800 0.000000 -1.570796
  time 50
    0 0.000000 0.000000 0.000000 0.000000 0.000000 -1.570796
    1 -0.106750 -0.000001 -0.000351 0.000000 0.000000 0.000000
    2 0.000000 0.000000 0.000000 0.000000 0.000000 0.000000
    3 -0.904000 0.000000 -11.806000 0.000000 0.000000 0.000000
    4 0.000000 0.000000 -14.313999 1.572085 -1.570793 0.000000
    5 3.533001 0.000000 0.000000 -0.001274 0.000000 0.000000
    6 6.250000 0.000000 0.000000 0.000000 0.000000 0.000000
    7 9.568951 -0.019507 -1.944020 -1.545137 1.187827 -1.546947
    8 9.570313 5.304688 2.056641 -1.552151 -1.032979 1.554747
    9 5.786820 0.002787 -0.000113 -0.977363 1.034008 -1.214867
    10 5.999492 -0.000592 -4.000343 0.000000 0.000000 0.000000
    11 5.787410 0.002582 0.000893 1.147134 -0.884901 -2.083514
    12 5.999492 -0.000592 4.000340 0.000000 0.000000 0.000000
    13 0.500225 0.000133 -0.000084 0.146360 0.000000 0.000000
    14 11.530657 0.000349 -0.001308 -0.000089 -0.000003 -1.893281
    15 -0.829338 0.893824 0.079659 -0.148839 0.047645 0.087266
    16 0.500225 0.000132 0.000072 0.084080 0.000000 0.000000
    17 11.532495 0.000526 0.003814 0.000042 -0.000057 -1.422352
    18 -0.829586 0.894698 -0.079468 0.045377 -0.019621 0.087266
    19 10.599886 0.000105 -0.000553 0.143914 0.000000 0.000000
    20 0.811092 -0.579878 -0.000805 0.000048 0.000023 0.947273
    21 11.042053 0.003717 0.000798 0.209037 -0.303687 0.756104
    22 -11.814724 0.424524 -0.297680 0.247998 -0.066121 -0.042695
    23 10.599878 0.000105 0.000549 0.454995 -0.000012 0.000048
    24 0.365764 -0.423623 0.000801 -0.000060 -0.000035 0.712401
    25 11.041739 0.003170 -0.000568 0.452546 0.150266 0.271388
    26 -11.663242 0.094713 0.140656 -0.068591 0.018527 -0.015099
    27 0.610300 -0.939470 0.070347 -1.655245 -0.140103 -0.175628
    28 0.639938 -0.199121 0.060192 -1.665909 -0.131416 -0.066447
    29 0.600155 1.080260 -0.339535 -1.737970 0.020677 0.107361
    30 0.610207 0.400743 -0.010098 -1.760171 -0.067704 0.011604
    31 0.630809 -0.690091 -0.232343 0.076524 0.603584 -1.780712
    32 -0.792125 0.203736 0.461304 1.439074 -0.003453 -0.018305
    33 0.610300 -0.939469 -0.070354 1.655295 0.140067 -0.175664
    34 0.639938 -0.199121 -0.060200 1.665960 0.131428 -0.066435
    35 0.600157 1.080260 0.339531 1.741577 -0.203927 0.075913
    36 0.610205 0.400743 0.010086 1.761892 -0.015337 0.028023
    37 0.627906 -0.691394 0.232270 -1.014456 -0.861409 -0.665993
    38 -0.626031 -0.069982 -0.080517 -1.447153 0.086151 0.021559
    39 2.621377 -0.002532 -0.001438 -0.110833 -0.193743 0.183876
    40 2.660837 0.000397 -0.000071 -0.042801 0.037096 1.151175
    41 2.202488 0.003364 -0.002863 -0.034587 0.230248 0.081214
    42 0.599950 0.959236 -0.300102 -0.174544 0.000000 0.000000
    43 2.557190 -0.001967 0.002453 0.004236 0.045782 0.790091
    44 2.098929 0.000032 -0.002193 -0.433027 0.306142 0.577585
    45 0.999378 -0.000238 -1.170306 0.000000 0.000000 0.000000
    46 -0.122641 -0.721855 0.661686 -0.486644 0.223964 0.243056
    47 2.622112 -0.000648 0.002741 -0.053008 0.086883 -0.048142
    48 2.657909 0.000687 -0.000533 0.200385 0.214683 1.264756
    49 2.200014 0.001663 0.000836 0.236792 0.017712 1.474129
    50 0.599949 0.959244 0.300102 0.174544 0.000000 0.000000
    51 2.556571 -0.000385 0.000554 0.236801 0.177123 1.399512
    52 2.103853 0.001708 -0.001011 0.124830 -0.418702 0.877031
    53 0.999376 -0.000240 1.490624 -0.000048 0.000024 0.946946
    54 0.310848 -0.606446 -0.498005 0.308107 -0.197598 0.313975
    55 1.869163 -0.000835 -0.000994 0.000005 0.000027 0.539481
    56 1.200941 0.399582 -0.000237 -0.009465 0.016087 0.007127
    57 0.000586 0.100342 -0.000319 -0.120035 -0.021926 -0.209617
    58 -0.161663 0.051712 0.194808 -2.941982 0.122408 -0.060194
    59 2.010090 -0.003202 -0.003377 0.000018 0.000025 1.303739
    60 0.000237 0.099800 -0.000395 -0.018823 0.010833 -0.239219
    61 -0.203197 0.048607 0.069150 -3.093332 0.033217 -0.046722
    62 1.180426 -0.002312 0.000781 -0.000002 0.000000 1.141238
    63 -0.000196 0.099625 -0.000034 0.000000 0.000000 -0.314102
    64 -0.088737 -0.688435 -0.145203 2.930407 -0.136130 0.513013
    65 1.712069 -0.003328 0.003818 -0.027326 0.005217 1.564115
    66 -0.000576 0.100143 -0.000311 -0.010914 0.023131 -0.260843
    67 -0.146027 -0.232426 -0.014225 3.028455 -0.094299 0.113020
    68 1.290634 0.000361 -0.000036 -0.000012 0.000012 0.369855
    69 -0.658119 -0.003576 0.072643 -0.142711 0.027792 -0.077299
    70 1.868078 -0.003049 0.002177 -0.000033 0.000027 1.450101
    71 1.200075 0.399942 -0.000093 0.009465 -0.016087 0.007127
    72 0.000589 0.100342 0.000319 0.120035 0.021926 -0.209617
    73 0.068073 0.002283 -0.080050 3.111376 -0.069366 -0.060847
    74 2.011874 -0.001179 0.002180 -0.000084 -0.000025 1.378946
    75 0.000233 0.099800 0.000395 0.018823 -0.010833 -0.239219
    76 -0.018673 -0.001009 0.047544 3.109244 0.002635 -0.106673
    77 1.178665 0.001595 0.000845 0.000006 -0.000001 0.743886
    78 -0.000196 0.099628 0.000034 0.000000 0.000000 -0.314102
    79 0.036894 -0.634449 0.266284 -2.801062 0.174301 0.490915
    80 1.708256 -0.002504 -0.000686 -0.000058 0.000035 1.160556
    81 -0.000580 0.100140 0.000311 0.010910 -0.023132 -0.260845
    82 -0.003952 -0.281811 0.115047 -3.059162 0.089004 0.167964
    83 1.289625 0.000042 0.000061 0.000046 -0.000010 0.672669
    84 -0.171526 -0.018150 -0.099873 0.013484 -0.062184 -0.011781
    85 0.916622 0.003336 0.001326 0.000019 -0.000003 0.880319
    86 -0.342617 0.053402 -0.025571 -2.909301 -0.017248 0.075276
    87 1.100231 -0.000928 -0.002434 0.000009 0.000002 0.677957
    88 -0.384979 0.331001 0.006848 -3.087207 -0.018765 -0.184278
    89 0.678146 0.002286 -0.003905 0.000006 0.000005 1.104367
    90 -0.123848 0.072738 0.029507 2.898184 -0.060627 0.094835
    91 1.017166 -0.000154 -0.000252 -0.000011 -0.000002 0.527889
    92 -0.344990 0.123129 0.143151 2.994981 0.012396 0.059140
    93 -0.730989 0.177046 0.039141 -0.123731 0.076518 -0.084310
    94 0.921993 0.001298 -0.000896 -0.000014 0.000001 0.471806
    95 -0.124023 -0.052090 0.038495 3.077813 -0.008519 0.039229
    96 1.100433 -0.003552 0.000502 0.000006 0.000066 0.545699
    97 -0.330082 0.160639 0.042780 3.128073 0.034033 -0.171236
    98 0.679764 0.001532 0.003272 0.000002 0.000003 0.674840
    99 -0.019512 -0.016531 0.038578 -2.763781 0.050305 0.076829
    100 1.019531 -0.000003 0.000000 0.000000 0.000000 0.497026
    101 -0.155308 0.130644 -0.021921 -3.022466 0.022433 -0.024902
    102 -0.252207 0.061937 -0.024914 -0.007671 -0.063171 -0.044392
    103 -0.085995 0.185205 -0.015180 -2.937063 -0.113970 -0.138991
    104 -0.286533 0.179852 0.024264 -3.109353 -0.049645 -0.029914
    105 -0.019482 0.147083 0.079203 2.893815 0.038585 -0.060594
    106 -0.046482 0.251896 0.129548 3.016165 0.077112 -0.042864
    107 0.039124 -0.040295 0.047739 3.084219 0.030470 -0.037414
    108 -0.233757 0.066630 0.001754 -3.133087 0.040141 -0.065412
    109 0.044266 0.020131 0.001684 -2.778763 -0.118872 -0.040488
    110 0.071495 0.074128 -0.048302 -3.035917 -0.059482 0.104366
    111 0.000000 0.000000 0.000000 0.000000 0.000000 -1.570796
    112 -2.961028 -7.629139 -5.711112 0.404471 -0.156838 -1.539655
    113 0.000000 0.000000 0.000000 0.000000 0.000000 0.000000
    114 -2.484451 -17.945860 -4.445448 0.404401 -0.156558 -1.539751
    115 3.096000 0.000000 -1.996000 0.000000 0.000000 0.000000
    116 3.040999 0.000000 1.202000 0.000000 0.000000 0.000000
    117 7.854000 0.000000 -0.042000 0.000000 0.000000 -0.000027
    118 13.105999 0.000000 -0.006000 0.000000 0.000000 0.000027
    119 3.456000 0.000000 -1.084000 0.000000 0.000000 0.000013
    120 1.804000 0.000000 -1.025000 0.000000 0.000000 0.000000
    121 7.098000 0.000000 -1.084000 0.000000 0.000000 0.000000
    122 1.868000 1.809000 -1.975000 -2.218442 -0.017124 -0.465675
    123 3.740000 0.000000 1.273000 0.000000 0.000000 0.000013
    124 11.956999 0.000000 -0.006000 0.000000 0.000000 0.000027
    125 6.072001 0.000000 -1.238000 0.000000 0.000000 0.000000
    126 5.690000 -0.365000 0.068000 -0.000040 -0.349041 -1.570749
    127 6.396999 0.614000 0.428000 0.000000 0.000000 -0.000027
    128 3.040999 0.000000 1.202000 0.000000 0.000000 0.000000
    129 3.720000 0.000000 1.202000 0.000000 0.000000 0.000000
    130 1.086000 -0.661000 -0.149000 0.000000 0.000000 0.000000
    131 1.067000 0.589000 0.076000 0.000000 0.000000 0.000000
    132 0.000000 -0.019000 0.000000 0.000000 0.000000 0.000000
    133 0.000000 -0.019000 0.000000 0.000000 0.000000 0.000000
    134 3.300000 -0.019000 1.346000 0.000000 0.000000 0.000000
    135 -1.524000 -1.859000 -4.367000 -1.730250 -0.014891 0.208056
    136 7.283999 0.000000 -2.195000 0.000000 0.000000 -0.000027
    137 -1.323000 0.000000 0.184000 0.000000 0.000000 0.000000
    138 0.082000 0.000000 1.002000 0.000000 0.000000 0.000000
    139 -28.511330 -19.613880 -52.087126 -0.412946 0.131603 -0.090862
    140 0.478000 0.000000 -4.537000 0.000000 0.000000 -0.000013
    141 3.436000 0.000000 1.202000 0.000000 0.000000 0.000000
    142 3.040999 0.000000 1.202000 0.000000 0.000000 0.000000
    143 4.657000 0.000000 1.545000 0.000000 0.000000 -0.000013
    144 -0.403000 0.000000 -0.011000 0.000000 0.000000 0.000000
    145 1.781000 0.000000 0.873000 0.000000 0.000000 0.000000
    146 0.384000 0.715000 0.801000 0.000000 0.000000 0.000000
    147 1.795000 0.533000 -1.550000 0.000000 0.000000 0.000000
    148 4.435999 0.595000 -0.954000 0.000000 0.000000 0.000000
    149 4.401999 -0.614000 -1.630000 0.000000 0.000000 0.000000
    150 4.203000 -0.003000 -0.048000 0.000000 0.000000 0.000000
    151 5.136000 0.000000 1.534000 0.000000 0.000000 -0.000027
    152 11.957001 0.000000 -0.006000 0.000000 0.000000 0.000027
    153 -2.103001 0.000000 0.000000 0.000000 0.000000 0.000000
    154 -0.598001 0.000000 -0.011000 0.000000 0.000000 -0.000013
    155 0.496000 0.184000 -3.523000 0.000000 0.000000 0.000000
    156 0.147000 0.184000 -0.328000 0.000000 0.000000 0.000000
    157 0.147000 0.184000 0.023000 0.000000 0.000000 0.000000
    158 0.147000 0.184000 0.368000 0.000000 0.000000 0.000000
    159 0.147000 0.184000 0.717000 0.000000 0.000000 0.000000
    160 0.147000 0.184000 1.067000 0.000000 0.000000 0.000000
    161 0.148000 0.184000 1.414000 0.000000 0.000000 0.000000
    162 0.148000 -0.074000 1.640000 0.000000 0.000000 0.000000
    163 0.435000 0.184000 -3.179000 0.000000 0.000000 0.000000
    164 0.378000 0.184000 -2.826000 0.000000 0.000000 0.000000
    165 0.329000 0.184000 -2.477000 0.000000 0.000000 0.000000
    166 0.286000 0.184000 -2.127000 0.000000 0.000000 0.000000
    167 0.252000 0.184000 -1.775000 0.000000 0.000000 0.000000
    168 0.215000 0.184000 -1.417000 0.000000 0.000000 0.000000
    169 0.190000 0.184000 -1.064000 0.000000 0.000000 0.000000
    170 0.166000 0.184000 -0.714000 0.000000 0.000000 0.000000
    171 1.622000 0.000000 1.568000 0.000000 0.000000 0.000013
    172 2.240000 0.000000 1.568000 0.000000 0.000000 0.000013
    173 0.000000 0.000000 0.000000 0.000000 0.000000 0.000000
    174 0.000006 -0.006207 -4.863281 -3.140338 -0.002958 -3.128596
    175 1.000088 -0.000029 0.000000 0.000000 0.000000 0.000000
    176 17.162518 -0.000404 0.000000 0.000000 0.000000 0.119207
    177 17.749374 0.295515 0.000000 0.000000 0.000000 -1.158917
    178 5.413528 0.000347 0.000000 0.000000 0.000000 -0.518029
    179 0.017887 0.299792 0.000000 0.000000 0.000000 -0.059577
    180 9.999889 -0.000303 0.000000 0.000000 0.000000 0.000000
    181 0.000004 0.006218 4.863281 -3.140338 -0.002958 -3.128596
    182 1.000088 -0.000029 0.000000 0.000000 0.000000 0.000000
    183 12.283573 1.581455 -4.695999 1.462269 -0.086726 0.090185
    184 17.162518 -0.000404 0.000000 0.000000 0.000000 0.119207
    185 17.749374 0.295515 0.000000 0.000000 0.000000 -1.158919
    186 5.413528 0.000347 0.000000 0.000000 0.000000 -0.518029
    187 0.017887 0.299792 0.000000 0.000000 0.000000 -0.059571
    188 9.499836 0.000212 0.000000 0.000000 0.000000 0.000000
    189 -1.145525 0.000130 0.000671 0.000000 0.000000 0.000000
    190 -0.857691 0.104071 0.104687 0.023536 0.163924 0.013632
    191 3.999430 -0.000528 -0.000332 0.143903 0.000000 0.000060
    192 0.599499 0.400698 0.000236 0.000000 0.000000 0.000000
    193 0.599886 0.400186 -0.000027 0.000000 0.000000 0.000000
    194 2.299677 -2.499979 -0.599480 0.891872 0.221487 -0.527266
    195 6.615128 -4.627024 0.078179 1.512876 -0.286905 0.091384
    196 -9.580679 -27.862108 -37.184677 0.812879 -0.123459 -0.568477
    197 0.649935 -0.548296 0.093658 -1.665913 -0.131399 -0.112062
    198 1.899127 0.000427 -0.000439 0.027386 -0.033311 0.477848
    199 0.657078 0.008400 0.040375 -1.665945 -0.131407 -0.000013
    200 1.799664 -0.000240 0.000231 0.027386 -0.033311 0.477848
    201 1.799664 -0.000240 0.000231 0.027386 -0.033311 0.477848
    202 1.799664 -0.000240 0.000231 0.027386 -0.033311 0.477848
    203 0.665774 0.747222 -0.029186 -1.665935 -0.131408 0.094976
    204 1.900306 -0.000137 -0.000517 0.027386 -0.033311 0.477848
    205 6.255803 -3.374086 4.825195 1.565404 1.561257 -2.764181
    206 3.999897 0.000040 0.001007 0.227443 0.000000 0.000000
    207 0.600403 0.399632 -0.000469 0.000000 0.000000 -3.141592
    208 0.599890 0.400186 0.000031 0.000000 0.000000 -3.141496
    209 2.300137 -2.499413 0.600155 -0.891954 -0.221511 -0.527258
    210 12.103249 -3.649587 -1.238105 1.733585 0.203032 0.048103
    211 2.762354 0.116951 1.523975 1.629482 0.064153 1.743800
    212 7.228317 7.928200 -3.925652 2.328713 0.123459 -0.568477
    213 0.650396 -0.547731 -0.092976 1.665913 0.131399 -0.112062
    214 1.899441 -0.000320 -0.000150 -0.027386 0.033311 0.477848
    215 0.657068 0.008398 -0.040379 1.665945 0.131407 -0.000013
    216 1.799659 -0.000233 -0.000233 -0.027386 0.033311 0.477848
    217 1.799659 -0.000233 -0.000233 -0.027386 0.033311 0.477848
    218 1.799659 -0.000233 -0.000233 -0.027386 0.033311 0.477848
    219 0.665778 0.747222 0.029179 1.665935 0.131408 0.094976
    220 1.900722 0.000549 -0.000072 -0.027386 0.033311 0.477848
    221 4.530998 0.000000 0.000000 0.000000 0.000000 0.000000
    222 4.527344 0.000000 0.000000 0.000000 0.000000 0.000000
    223 0.000000 0.000000 0.000000 0.000000 0.000000 0.000000
    224 0.000000 0.000000 0.000000 0.000000 0.000000 0.000000
    225 4.000000 -6.496094 0.008293 -0.001274 0.000001 0.000975
    226 -6.500000 0.000000 0.000000 -1.537381 1.569552 -1.537381
    227 18.953472 -2.488108 7.364638 0.404471 -0.156772 0.031048
    228 0.280000 -0.135000 2.196999 1.570796 0.000000 -1.570735
    229 0.000000 0.000000 0.000000 0.000000 0.000000 0.000000
    230 0.000000 0.000000 0.000000 0.000240 0.000000 0.000000
    231 0.106000 0.000000 -64.320000 0.000000 0.000000 0.000000
    232 0.000000 0.000000 0.000000 0.000000 0.000000 0.000000
    233 -0.106000 0.000000 64.320000 0.000000 0.000000 0.000000
    234 -1.465753 -21.927778 -5.821495 0.404511 -0.156848 -1.539679
    235 0.000000 0.000000 0.000000 0.000000 -0.000036 0.000055
    236 1.688000 -0.001000 -1.454002 0.000000 0.000000 0.000000
    237 -1.070999 -0.005000 0.545002 0.000000 0.000000 0.000000
    238 5.895000 0.750997 -0.156000 0.000000 0.000000 0.000000
    239 11.599999 -0.000003 -1.500002 0.000000 0.000000 0.000000
    240 -3.802991 5.150613 -5.505911 -1.515198 -0.074947 -0.291635
    241 7.216001 -0.000003 -1.579000 0.000000 0.000000 0.000000
    242 4.488969 0.039061 -1.500000 0.000000 0.000000 0.000000
    243 0.673937 -0.015635 -4.768713 -3.141592 -1.281051 3.141593
    244 0.094999 -0.144000 0.332001 0.000000 0.000000 0.000000
    245 14.209020 0.000022 0.766988 0.000000 0.000000 0.000000
    246 0.000000 0.000000 0.000000 1.570800 0.000000 -1.570796
  time 51
    0 0.000000 0.000000 0.000000 0.000000 0.000000 -1.570796
    1 -0.106750 -0.000001 -0.000351 0.000000 0.000000 0.000000
    2 0.000000 0.000000 0.000000 0.000000 0.000000 0.000000
    3 -0.904000 0.000000 -11.806000 0.000000 0.000000 0.000000
    4 0.000000 0.000000 -14.313999 1.572085 -1.570793 0.000000
    5 3.533001 0.000000 0.000000 -0.001274 0.000000 0.000000
    6 6.250000 0.000000 0.000000 0.000000 0.000000 0.000000
    7 9.568951 -0.019507 -1.944020 -1.545137 1.187827 -1.546947
    8 9.570313 5.304688 2.056641 -1.552151 -1.032979 1.554747
    9 5.786820 0.002787 -0.000113 -0.967708 1.035046 -1.214314
    10 5.999492 -0.000592 -4.000343 0.000000 0.000000 0.000000
    11 5.787410 0.002582 0.000893 1.141760 -0.885607 -2.074455
    12 5.999492 -0.000592 4.000340 0.000000 0.000000 0.000000
    13 0.500225 0.000133 -0.000084 0.139126 0.000060 0.000000
    14 11.530657 0.000349 -0.001308 0.000043 -0.000027 -1.883001
    15 -0.829338 0.893824 0.079659 -0.148839 0.047645 0.087266
    16 0.500225 0.000132 0.000072 0.083025 0.000000 0.000000
    17 11.532495 0.000526 0.003814 0.000030 -0.000034 -1.425585
    18 -0.829586 0.894698 -0.079468 0.045377 -0.019621 0.087266
    19 10.599886 0.000105 -0.000553 0.117661 0.000000 -0.000024
    20 0.803280 -0.579878 -0.000805 0.000060 -0.000025 0.941476
    21 11.042053 0.003717 0.000798 0.175661 -0.308863 0.735187
    22 -11.814724 0.424524 -0.297680 0.247998 -0.066121 -0.042695
    23 10.599878 0.000105 0.000549 0.427732 0.000000 0.000000
    24 0.365764 -0.423623 0.000801 -0.000048 -0.000023 0.713607
    25 11.041739 0.003170 -0.000568 0.423718 0.146413 0.280935
    26 -11.663242 0.094713 0.140656 -0.068591 0.018527 -0.015099
    27 0.610300 -0.939470 0.070347 -1.655245 -0.140103 -0.175628
    28 0.639938 -0.199121 0.060192 -1.665909 -0.131416 -0.066447
    29 0.600155 1.080260 -0.339535 -1.737970 0.020677 0.107361
    30 0.610207 0.400743 -0.010098 -1.760171 -0.067704 0.011604
    31 0.630809 -0.690091 -0.232343 0.076524 0.603584 -1.780712
    32 -0.792125 0.203736 0.461304 1.439074 -0.003453 -0.018305
    33 0.610300 -0.939469 -0.070354 1.655295 0.140067 -0.175664
    34 0.639938 -0.199121 -0.060200 1.665960 0.131428 -0.066447
    35 0.600157 1.080260 0.339531 1.741577 -0.203927 0.075913
    36 0.610205 0.400743 0.010086 1.761892 -0.015337 0.028023
    37 0.627906 -0.691394 0.232270 -1.014456 -0.861409 -0.665993
    38 -0.626031 -0.069982 -0.080517 -1.447153 0.086151 0.021559
    39 2.621377 -0.002532 -0.001438 -0.110852 -0.193743 0.183836
    40 2.660837 0.000397 -0.000071 -0.042801 0.037096 1.151175
    41 2.202488 0.003364 -0.002863 -0.034587 0.230248 0.081214
    42 0.599950 0.959236 -0.300102 -0.174544 0.000000 0.000000
    43 2.557190 -0.001967 0.002453 0.004236 0.045782 0.790091
    44 2.098929 0.000032 -0.002193 -0.433027 0.306142 0.577585
    45 0.999378 -0.000238 -1.170306 0.000000 0.000000 0.000000
    46 -0.122641 -0.721855 0.661686 -0.486644 0.223964 0.243056
    47 2.622112 -0.000648 0.002741 -0.053008 0.086883 -0.048142
    48 2.657909 0.000687 -0.000533 0.200385 0.214683 1.264756
    49 2.200014 0.001663 0.000836 0.236792 0.017712 1.474129
    50 0.599949 0.959244 0.300102 0.174544 0.000000 0.000000
    51 2.556571 -0.000385 0.000554 0.236801 0.177123 1.399512
    52 2.103853 0.001708 -0.001011 0.124830 -0.418702 0.877031
    53 0.999376 -0.000240 1.490624 -0.000048 0.000024 0.946946
    54 0.310848 -0.606446 -0.498005 0.308107 -0.197598 0.313975
    55 1.869163 -0.000835 -0.000994 -0.000007 0.000015 0.539481
    56 1.200941 0.399582 -0.000237 -0.009465 0.016087 0.007127
    57 0.000586 0.100342 -0.000319 -0.120035 -0.021926 -0.209617
    58 -0.161663 0.051712 0.194808 -2.941982 0.122408 -0.060194
    59 2.010090 -0.003202 -0.003377 0.000018 0.000013 1.303739
    60 0.000237 0.099800 -0.000395 -0.018823 0.010833 -0.239219
    61 -0.203197 0.048607 0.069150 -3.093332 0.033217 -0.046722
    62 1.180426 -0.002312 0.000781 -0.000002 0.000000 1.141238
    63 -0.000196 0.099625 -0.000034 0.000000 0.000000 -0.314102
    64 -0.088737 -0.688435 -0.145203 2.930407 -0.136130 0.513013
    65 1.712069 -0.003328 0.003818 -0.027326 0.005217 1.564115
    66 -0.000576 0.100143 -0.000311 -0.010914 0.023131 -0.260843
    67 -0.146027 -0.232426 -0.014225 3.028455 -0.094299 0.113020
    68 1.290634 0.000361 -0.000036 0.000000 0.000012 0.369855
    69 -0.658119 -0.003576 0.072643 -0.142711 0.027792 -0.077299
    70 1.868078 -0.003049 0.002177 -0.000033 0.000027 1.450101
    71 1.200075 0.399942 -0.000093 0.009465 -0.016087 0.007127
    72 0.000589 0.100342 0.000319 0.120035 0.021926 -0.209617
    73 0.068073 0.002283 -0.080050 3.111376 -0.069366 -0.060847
    74 2.011874 -0.001179 0.002180 -0.000084 -0.000013 1.378946
    75 0.000233 0.099800 0.000395 0.018823 -0.010833 -0.239219
    76 -0.018673 -0.001009 0.047544 3.109244 0.002635 -0.106673
    77 1.178665 0.001595 0.000845 0.000006 -0.000001 0.743886
    78 -0.000196 0.099628 0.000034 0.000000 0.000000 -0.314102
    79 0.036894 -0.634449 0.266284 -2.801062 0.174301 0.490915
    80 1.708256 -0.002504 -0.000686 -0.000058 0.000035 1.160556
    81 -0.000580 0.100140 0.000311 0.010910 -0.023132 -0.260845
    82 -0.003952 -0.281811 0.115047 -3.059162 0.089004 0.167964
    83 1.289625 0.000042 0.000061 0.000046 -0.000010 0.672669
    84 -0.171526 -0.018150 -0.099873 0.013484 -0.062184 -0.011781
    85 0.916622 0.003336 0.001326 0.000019 -0.000003 0.880319
    86 -0.342617 0.053402 -0.025571 -2.909301 -0.017248 0.075276
    87 1.100231 -0.000928 -0.002434 0.000009 0.000002 0.677957
    88 -0.384979 0.331001 0.006848 -3.087207 -0.018765 -0.184278
    89 0.678146 0.002286 -0.003905 -0.000006 0.000005 1.104367
    90 -0.123848 0.072738 0.029507 2.898184 -0.060627 0.094835
    91 1.017166 -0.000154 -0.000252 -0.000011 -0.000002 0.527889
    92 -0.344990 0.123129 0.143151 2.994981 0.012396 0.059140
    93 -0.730989 0.177046 0.039141 -0.123731 0.076518 -0.084310
    94 0.921993 0.001298 -0.000896 -0.000002 -0.000011 0.471806
    95 -0.124023 -0.052090 0.038495 3.077813 -0.008519 0.039229
    96 1.100433 -0.003552 0.000502 0.000006 0.000066 0.545699
    97 -0.330082 0.160639 0.042780 3.128073 0.034033 -0.171236
    98 0.679764 0.001532 0.003272 0.000002 0.000003 0.674840
    99 -0.019512 -0.016531 0.038578 -2.763781 0.050305 0.076829
    100 1.019531 -0.000003 0.000000 0.000000 0.000000 0.497026
    101 -0.155308 0.130644 -0.021921 -3.022466 0.022433 -0.024902
    102 -0.252207 0.061937 -0.024914 -0.007671 -0.063171 -0.044392
    103 -0.085995 0.185205 -0.015180 -2.937063 -0.113970 -0.138991
    104 -0.286533 0.179852 0.024264 -3.109353 -0.049645 -0.029914
    105 -0.019482 0.147083 0.079203 2.893815 0.038585 -0.060594
    106 -0.046482 0.251896 0.129548 3.016165 0.077112 -0.042864
    107 0.039124 -0.040295 0.047739 3.084219 0.030470 -0.037414
    108 -0.233757 0.066630 0.001754 -3.133087 0.040141 -0.065412
    109 0.044266 0.020131 0.001684 -2.778763 -0.118872 -0.040488
    110 0.071495 0.074128 -0.048302 -3.035917 -0.059482 0.104366
    111 0.000000 0.000000 0.000000 0.000000 0.000000 -1.570796
    112 -2.890713 -7.625233 -5.695486 0.371005 -0.155994 -1.544037
    113 0.000000 0.000000 0.000000 0.000000 0.000000 0.000000
    114 -2.476638 -17.953673 -4.468886 0.370386 -0.154456 -1.544505
    115 3.096000 0.000000 -1.996000 0.000000 0.000000 0.000000
    116 3.040999 0.000000 1.202000 0.000000 0.000000 0.000000
    117 7.854000 0.000000 -0.042000 0.000000 0.000000 -0.000027
    118 13.105999 0.000000 -0.006000 0.000000 0.000000 0.000027
    119 3.456000 0.000000 -1.084000 0.000000 0.000000 0.000013
    120 1.804000 0.000000 -1.025000 0.000000 0.000000 0.000000
    121 7.098000 0.000000 -1.084000 0.000000 0.000000 0.000000
    122 1.868000 1.809000 -1.975000 -2.218442 -0.017124 -0.465675
    123 3.740000 0.000000 1.273000 0.000000 0.000000 0.000013
    124 11.956999 0.000000 -0.006000 0.000000 0.000000 0.000027
    125 6.072001 0.000000 -1.238000 0.000000 0.000000 0.000000
    126 5.690000 -0.365000 0.068000 -0.000040 -0.349041 -1.570749
    127 6.396999 0.614000 0.428000 0.000000 0.000000 -0.000027
    128 3.040999 0.000000 1.202000 0.000000 0.000000 0.000000
    129 3.720000 0.000000 1.202000 0.000000 0.000000 0.000000
    130 1.086000 -0.661000 -0.149000 0.000000 0.000000 0.000000
    131 1.067000 0.589000 0.076000 0.000000 0.000000 0.000000
    132 0.000000 -0.019000 0.000000 0.000000 0.000000 0.000000
    133 0.000000 -0.019000 0.000000 0.000000 0.000000 0.000000
    134 3.300000 -0.019000 1.346000 0.000000 0.000000 0.000000
    135 -1.524000 -1.859000 -4.367000 -1.730250 -0.014891 0.208056
    136 7.283999 0.000000 -2.195000 0.000000 0.000000 -0.000027
    137 -1.323000 0.000000 0.184000 0.000000 0.000000 0.000000
    138 0.082000 0.000000 1.002000 0.000000 0.000000 0.000000
    139 -28.464453 -17.906796 -52.700426 -0.378661 0.135386 -0.082032
    140 0.478000 0.000000 -4.537000 0.000000 0.000000 -0.000013
    141 3.436000 0.000000 1.202000 0.000000 0.000000 0.000000
    142 3.040999 0.000000 1.202000 0.000000 0.000000 0.000000
    143 4.657000 0.000000 1.545000 0.000000 0.000000 -0.000013
    144 -0.403000 0.000000 -0.011000 0.000000 0.000000 0.000000
    145 1.781000 0.000000 0.873000 0.000000 0.000000 0.000000
    146 0.384000 0.715000 0.801000 0.000000 0.000000 0.000000
    147 1.795000 0.533000 -1.550000 0.000000 0.000000 0.000000
    148 4.435999 0.595000 -0.954000 0.000000 0.000000 0.000000
    149 4.401999 -0.614000 -1.630000 0.000000 0.000000 0.000000
    150 4.203000 -0.003000 -0.048000 0.000000 0.000000 0.000000
    151 5.136000 0.000000 1.534000 0.000000 0.000000 -0.000027
    152 11.957001 0.000000 -0.006000 0.000000 0.000000 0.000027
    153 -2.103001 0.000000 0.000000 0.000000 0.000000 0.000000
    154 -0.598001 0.000000 -0.011000 0.000000 0.000000 -0.000013
    155 0.496000 0.184000 -3.523000 0.000000 0.000000 0.000000
    156 0.147000 0.184000 -0.328000 0.000000 0.000000 0.000000
    157 0.147000 0.184000 0.023000 0.000000 0.000000 0.000000
    158 0.147000 0.184000 0.368000 0.000000 0.000000 0.000000
    159 0.147000 0.184000 0.717000 0.000000 0.000000 0.000000
    160 0.147000 0.184000 1.067000 0.000000 0.000000 0.000000
    161 0.148000 0.184000 1.414000 0.000000 0.000000 0.000000
    162 0.148000 -0.074000 1.640000 0.000000 0.000000 0.000000
    163 0.435000 0.184000 -3.179000 0.000000 0.000000 0.000000
    164 0.378000 0.184000 -2.826000 0.000000 0.000000 0.000000
    165 0.329000 0.184000 -2.477000 0.000000 0.000000 0.000000
    166 0.286000 0.184000 -2.127000 0.000000 0.000000 0.000000
    167 0.252000 0.184000 -1.775000 0.000000 0.000000 0.000000
    168 0.215000 0.184000 -1.417000 0.000000 0.000000 0.000000
    169 0.190000 0.184000 -1.064000 0.000000 0.000000 0.000000
    170 0.166000 0.184000 -0.714000 0.000000 0.000000 0.000000
    171 1.622000 0.000000 1.568000 0.000000 0.000000 0.000013
    172 2.240000 0.000000 1.568000 0.000000 0.000000 0.000013
    173 0.000000 0.000000 0.000000 0.000000 0.000000 0.000000
    174 0.000006 -0.006207 -4.863281 -3.140338 -0.002958 -3.128596
    175 1.000088 -0.000029 0.000000 0.000000 0.000000 0.000000
    176 17.162518 -0.000404 0.000000 0.000000 0.000000 0.119207
    177 17.749374 0.295515 0.000000 0.000000 0.000000 -1.158917
    178 5.413528 0.000347 0.000000 0.000000 0.000000 -0.518029
    179 0.017887 0.299792 0.000000 0.000000 0.000000 -0.059577
    180 9.999889 -0.000303 0.000000 0.000000 0.000000 0.000000
    181 0.000004 0.006218 4.863281 -3.140338 -0.002958 -3.128596
    182 1.000088 -0.000029 0.000000 0.000000 0.000000 0.000000
    183 12.283573 1.581455 -4.695999 1.462269 -0.086726 0.090185
    184 17.162518 -0.000404 0.000000 0.000000 0.000000 0.119207
    185 17.749374 0.295515 0.000000 0.000000 0.000000 -1.158919
    186 5.413528 0.000347 0.000000 0.000000 0.000000 -0.518029
    187 0.017887 0.299792 0.000000 0.000000 0.000000 -0.059571
    188 9.499836 0.000212 0.000000 0.000000 0.000000 0.000000
    189 -1.145525 0.000130 0.000671 0.000000 0.000000 0.000000
    190 -0.857691 0.104071 0.104687 0.023536 0.163924 0.013632
    191 3.999430 -0.000528 -0.000332 0.117672 0.000000 0.000000
    192 0.599499 0.400698 0.000236 0.000000 0.000000 0.000000
    193 0.599886 0.400186 -0.000027 0.000000 0.000000 0.000000
    194 2.299677 -2.499979 -0.599480 0.891872 0.221487 -0.527266
    195 6.615128 -4.627024 0.078179 1.512876 -0.286905 0.091384
    196 -9.580679 -27.862108 -37.184677 0.812879 -0.123459 -0.568477
    197 0.649935 -0.548296 0.093658 -1.665913 -0.131399 -0.112062
    198 1.899127 0.000427 -0.000439 0.027386 -0.033311 0.477848
    199 0.657078 0.008400 0.040375 -1.665945 -0.131407 -0.000013
    200 1.799664 -0.000240 0.000231 0.027386 -0.033311 0.477848
    201 1.799664 -0.000240 0.000231 0.027386 -0.033311 0.477848
    202 1.799664 -0.000240 0.000231 0.027386 -0.033311 0.477848
    203 0.665774 0.747222 -0.029186 -1.665935 -0.131408 0.094976
    204 1.900306 -0.000137 -0.000517 0.027386 -0.033311 0.477848
    205 6.255803 -3.374086 4.825195 1.565404 1.561257 -2.764181
    206 3.999897 0.000040 0.001007 0.213899 0.000000 0.000000
    207 0.600403 0.399632 -0.000469 0.000000 0.000000 3.141497
    208 0.599890 0.400186 0.000031 0.000000 0.000000 3.141497
    209 2.300137 -2.499413 0.600155 -0.891954 -0.221511 -0.527258
    210 12.103249 -3.649587 -1.238105 1.733585 0.203032 0.048103
    211 2.762354 0.116951 1.523975 1.629482 0.064153 1.743800
    212 7.228317 7.928200 -3.925652 2.328713 0.123459 -0.568477
    213 0.650396 -0.547731 -0.092976 1.665913 0.131399 -0.112062
    214 1.899441 -0.000320 -0.000150 -0.027386 0.033311 0.477848
    215 0.657068 0.008398 -0.040379 1.665945 0.131407 -0.000013
    216 1.799659 -0.000233 -0.000233 -0.027386 0.033311 0.477848
    217 1.799659 -0.000233 -0.000233 -0.027386 0.033311 0.477848
    218 1.799659 -0.000233 -0.000233 -0.027386 0.033311 0.477848
    219 0.665778 0.747222 0.029179 1.665935 0.131408 0.094976
    220 1.900722 0.000549 -0.000072 -0.027386 0.033311 0.477848
    221 4.530998 0.000000 0.000000 0.000000 0.000000 0.000000
    222 4.527344 0.000000 0.000000 0.000000 0.000000 0.000000
    223 0.000000 0.000000 0.000000 0.000000 0.000000 0.000000
    224 0.000000 0.000000 0.000000 0.000000 0.000000 0.000000
    225 4.000000 -6.496094 0.008293 -0.001274 0.000001 0.000975
    226 -6.500000 0.000000 0.000000 -1.537381 1.569552 -1.537381
    227 18.953472 -2.472483 7.364638 0.371005 -0.155928 0.026666
    228 0.280000 -0.135000 2.196999 1.570796 0.000000 -1.570735
    229 0.000000 0.000000 0.000000 0.000000 0.000000 0.000000
    230 0.000000 0.000000 0.000000 0.000156 0.000000 0.000000
    231 0.106000 0.000000 -64.320000 0.000000 0.000000 0.000000
    232 0.000000 0.000000 0.000000 0.000000 0.000000 0.000000
    233 -0.106000 0.000000 64.320000 0.000000 0.000000 0.000000
    234 -1.536067 -21.939497 -5.852746 0.370963 -0.155985 -1.544085
    235 0.000000 0.000000 0.000000 0.000000 -0.000036 0.000055
    236 1.688000 -0.001000 -1.454002 0.000000 0.000000 0.000000
    237 -1.070999 -0.005000 0.545002 0.000000 0.000000 0.000000
    238 5.895000 0.750997 -0.156000 0.000000 0.000000 0.000000
    239 11.599999 -0.000003 -1.500002 0.000000 0.000000 0.000000
    240 -3.802991 5.150613 -5.505911 -1.515198 -0.074947 -0.291635
    241 7.216001 -0.000003 -1.579000 0.000000 0.000000 0.000000
    242 4.488969 0.039061 -1.500000 0.000000 0.000000 0.000000
    243 0.673937 -0.015635 -4.768713 -3.141592 -1.281051 3.141593
    244 0.094999 -0.144000 0.332001 0.000000 0.000000 0.000000
    245 14.209020 0.000022 0.766988 0.000000 0.000000 0.000000
    246 0.000000 0.000000 0.000000 1.570800 0.000000 -1.570796
  time 52
    0 0.000000 0.000000 0.000000 0.000000 0.000000 -1.570796
    1 -0.106750 -0.000001 -0.000351 0.000000 0.000000 0.000000
    2 0.000000 0.000000 0.000000 0.000000 0.000000 0.000000
    3 -0.904000 0.000000 -11.806000 0.000000 0.000000 0.000000
    4 0.000000 0.000000 -14.313999 1.572085 -1.570793 0.000000
    5 3.533001 0.000000 0.000000 -0.001274 0.000000 0.000000
    6 6.250000 0.000000 0.000000 0.000000 0.000000 0.000000
    7 9.568951 -0.019507 -1.944020 -1.545137 1.187827 -1.546947
    8 9.570313 5.304688 2.056641 -1.552151 -1.032979 1.554747
    9 5.786820 0.002787 -0.000113 -0.962451 1.035657 -1.213852
    10 5.999492 -0.000592 -4.000343 0.000000 0.000000 0.000000
    11 5.787410 0.002582 0.000893 1.141088 -0.886972 -2.073549
    12 5.999492 -0.000592 4.000340 0.000000 0.000000 0.000000
    13 0.500225 0.000133 -0.000084 0.135259 0.000000 0.000000
    14 11.530657 0.000349 -0.001308 0.000031 0.000057 -1.877785
    15 -0.829338 0.893824 0.079659 -0.148839 0.047645 0.087266
    16 0.500225 0.000132 0.000072 0.084080 0.000000 0.000000
    17 11.532495 0.000526 0.003814 0.000018 -0.000022 -1.428818
    18 -0.829586 0.894698 -0.079468 0.045377 -0.019621 0.087266
    19 10.599886 0.000105 -0.000553 0.106575 0.000000 0.000000
    20 0.795467 -0.579878 -0.000805 0.000024 -0.000037 0.940014
    21 11.042053 0.003717 0.000798 0.160881 -0.308186 0.726350
    22 -11.814724 0.424524 -0.297680 0.247998 -0.066121 -0.042695
    23 10.599878 0.000105 0.000549 0.415849 0.000000 0.000000
    24 0.369671 -0.423623 0.000801 -0.000024 -0.000011 0.714841
    25 11.041739 0.003170 -0.000568 0.411429 0.148777 0.287765
    26 -11.663242 0.094713 0.140656 -0.068591 0.018527 -0.015099
    27 0.610300 -0.939470 0.070347 -1.655245 -0.140103 -0.175628
    28 0.639938 -0.199121 0.060192 -1.665909 -0.131428 -0.066447
    29 0.600155 1.080260 -0.339535 -1.737970 0.020677 0.107349
    30 0.610207 0.400743 -0.010098 -1.760171 -0.067704 0.011604
    31 0.630809 -0.690091 -0.232343 0.076524 0.603584 -1.780712
    32 -0.792125 0.203736 0.461304 1.439074 -0.003453 -0.018305
    33 0.610300 -0.939469 -0.070354 1.655295 0.140067 -0.175664
    34 0.639938 -0.199121 -0.060200 1.665960 0.131428 -0.066435
    35 0.600157 1.080260 0.339531 1.741577 -0.203915 0.075913
    36 0.610205 0.400743 0.010086 1.761892 -0.015337 0.028023
    37 0.627906 -0.691394 0.232270 -1.014456 -0.861409 -0.665993
    38 -0.626031 -0.069982 -0.080517 -1.447153 0.086151 0.021559
    39 2.621377 -0.002532 -0.001438 -0.110852 -0.193743 0.183836
    40 2.660837 0.000397 -0.000071 -0.042801 0.037096 1.151175
    41 2.202488 0.003364 -0.002863 -0.034587 0.230248 0.081214
    42 0.599950 0.959236 -0.300102 -0.174544 0.000000 0.000000
    43 2.557190 -0.001967 0.002453 0.004236 0.045782 0.790091
    44 2.098929 0.000032 -0.002193 -0.433027 0.306142 0.577585
    45 0.999378 -0.000238 -1.170306 0.000000 0.000000 0.000000
    46 -0.122641 -0.721855 0.661686 -0.486644 0.223964 0.243056
    47 2.622112 -0.000648 0.002741 -0.053008 0.086883 -0.048142
    48 2.657909 0.000687 -0.000533 0.200385 0.214683 1.264756
    49 2.200014 0.001663 0.000836 0.236792 0.017712 1.474129
    50 0.599949 0.959244 0.300102 0.174544 0.000000 0.000000
    51 2.556571 -0.000385 0.000554 0.236801 0.177123 1.399512
    52 2.103853 0.001708 -0.001011 0.124830 -0.418702 0.877031
    53 0.999376 -0.000240 1.490624 -0.000048 0.000024 0.946946
    54 0.310848 -0.606446 -0.498005 0.308107 -0.197598 0.313975
    55 1.869163 -0.000835 -0.000994 -0.000007 0.000015 0.539481
    56 1.200941 0.399582 -0.000237 -0.009465 0.016087 0.007127
    57 0.000586 0.100342 -0.000319 -0.120035 -0.021926 -0.209617
    58 -0.161663 0.051712 0.194808 -2.941982 0.122408 -0.060194
    59 2.010090 -0.003202 -0.003377 0.000006 0.000013 1.303739
    60 0.000237 0.099800 -0.000395 -0.018823 0.010833 -0.239219
    61 -0.203197 0.048607 0.069150 -3.093332 0.033217 -0.046722
    62 1.180426 -0.002312 0.000781 -0.000002 0.000012 1.141238
    63 -0.000196 0.099625 -0.000034 0.000000 0.000000 -0.314102
    64 -0.088737 -0.688435 -0.145203 2.930407 -0.136130 0.513013
    65 1.712069 -0.003328 0.003818 -0.027326 0.005217 1.564115
    66 -0.000576 0.100143 -0.000311 -0.010914 0.023131 -0.260843
    67 -0.146027 -0.232426 -0.014225 3.028455 -0.094299 0.113020
    68 1.290634 0.000361 -0.000036 0.000000 0.000000 0.369855
    69 -0.658119 -0.003576 0.072643 -0.142711 0.027792 -0.077299
    70 1.868078 -0.003049 0.002177 -0.000033 0.000027 1.450101
    71 1.200075 0.399942 -0.000093 0.009465 -0.016087 0.007127
    72 0.000589 0.100342 0.000319 0.120035 0.021926 -0.209617
    73 0.068073 0.002283 -0.080050 3.111376 -0.069366 -0.060847
    74 2.011874 -0.001179 0.002180 -0.000084 -0.000013 1.378946
    75 0.000233 0.099800 0.000395 0.018823 -0.010833 -0.239219
    76 -0.018673 -0.001009 0.047544 3.109244 0.002635 -0.106673
    77 1.178665 0.001595 0.000845 0.000006 -0.000001 0.743886
    78 -0.000196 0.099628 0.000034 0.000000 0.000000 -0.314102
    79 0.036894 -0.634449 0.266284 -2.801062 0.174301 0.490915
    80 1.708256 -0.002504 -0.000686 -0.000058 0.000035 1.160556
    81 -0.000580 0.100140 0.000311 0.010910 -0.023132 -0.260845
    82 -0.003952 -0.281811 0.115047 -3.059162 0.089004 0.167964
    83 1.289625 0.000042 0.000061 0.000046 -0.000010 0.672669
    84 -0.171526 -0.018150 -0.099873 0.013484 -0.062184 -0.011781
    85 0.916622 0.003336 0.001326 0.000007 0.000009 0.880319
    86 -0.342617 0.053402 -0.025571 -2.909301 -0.017248 0.075276
    87 1.100231 -0.000928 -0.002434 0.000009 0.000002 0.677957
    88 -0.384979 0.331001 0.006848 -3.087207 -0.018765 -0.184278
    89 0.678146 0.002286 -0.003905 -0.000006 0.000005 1.104367
    90 -0.123848 0.072738 0.029507 2.898184 -0.060627 0.094835
    91 1.017166 -0.000154 -0.000252 -0.000011 -0.000002 0.527889
    92 -0.344990 0.123129 0.143151 2.994981 0.012396 0.059140
    93 -0.730989 0.177046 0.039141 -0.123731 0.076518 -0.084310
    94 0.921993 0.001298 -0.000896 -0.000002 -0.000011 0.471806
    95 -0.124023 -0.052090 0.038495 3.077813 -0.008519 0.039229
    96 1.100433 -0.003552 0.000502 0.000006 0.000066 0.545699
    97 -0.330082 0.160639 0.042780 3.128073 0.034033 -0.171236
    98 0.679764 0.001532 0.003272 0.000002 0.000003 0.674840
    99 -0.019512 -0.016531 0.038578 -2.763781 0.050305 0.076829
    100 1.019531 -0.000003 0.000000 0.000000 0.000000 0.497026
    101 -0.155308 0.130644 -0.021921 -3.022466 0.022433 -0.024902
    102 -0.252207 0.061937 -0.024914 -0.007671 -0.063171 -0.044392
    103 -0.085995 0.185205 -0.015180 -2.937063 -0.113970 -0.138991
    104 -0.286533 0.179852 0.024264 -3.109353 -0.049645 -0.029914
    105 -0.019482 0.147083 0.079203 2.893815 0.038585 -0.060594
    106 -0.046482 0.251896 0.129548 3.016165 0.077112 -0.042864
    107 0.039124 -0.040295 0.047739 3.084219 0.030470 -0.037414
    108 -0.233757 0.066630 0.001754 -3.133087 0.040141 -0.065412
    109 0.044266 0.020131 0.001684 -2.778763 -0.118872 -0.040488
    110 0.071495 0.074128 -0.048302 -3.035917 -0.059482 0.104366
    111 0.000000 0.000000 0.000000 0.000000 0.000000 -1.570796
    112 -2.855556 -7.605701 -5.695486 0.357724 -0.153684 -1.549538
    113 0.000000 0.000000 0.000000 0.000000 0.000000 0.000000
    114 -2.476638 -17.945860 -4.488418 0.357849 -0.152578 -1.549074
    115 3.096000 0.000000 -1.996000 0.000000 0.000000 0.000000
    116 3.040999 0.000000 1.202000 0.000000 0.000000 0.000000
    117 7.854000 0.000000 -0.042000 0.000000 0.000000 -0.000027
    118 13.105999 0.000000 -0.006000 0.000000 0.000000 0.000027
    119 3.456000 0.000000 -1.084000 0.000000 0.000000 0.000013
    120 1.804000 0.000000 -1.025000 0.000000 0.000000 0.000000
    121 7.098000 0.000000 -1.084000 0.000000 0.000000 0.000000
    122 1.868000 1.809000 -1.975000 -2.218442 -0.017124 -0.465675
    123 3.740000 0.000000 1.273000 0.000000 0.000000 0.000013
    124 11.956999 0.000000 -0.006000 0.000000 0.000000 0.000027
    125 6.072001 0.000000 -1.238000 0.000000 0.000000 0.000000
    126 5.690000 -0.365000 0.068000 -0.000040 -0.349041 -1.570749
    127 6.396999 0.614000 0.428000 0.000000 0.000000 -0.000027
    128 3.040999 0.000000 1.202000 0.000000 0.000000 0.000000
    129 3.720000 0.000000 1.202000 0.000000 0.000000 0.000000
    130 1.086000 -0.661000 -0.149000 0.000000 0.000000 0.000000
    131 1.067000 0.589000 0.076000 0.000000 0.000000 0.000000
    132 0.000000 -0.019000 0.000000 0.000000 0.000000 0.000000
    133 0.000000 -0.019000 0.000000 0.000000 0.000000 0.000000
    134 3.300000 -0.019000 1.346000 0.000000 0.000000 0.000000
    135 -1.524000 -1.859000 -4.367000 -1.730250 -0.014891 0.208056
    136 7.283999 0.000000 -2.195000 0.000000 0.000000 -0.000027
    137 -1.323000 0.000000 0.184000 0.000000 0.000000 0.000000
    138 0.082000 0.000000 1.002000 0.000000 0.000000 0.000000
    139 -28.347262 -17.289590 -52.934808 -0.364415 0.136285 -0.074152
    140 0.478000 0.000000 -4.537000 0.000000 0.000000 -0.000013
    141 3.436000 0.000000 1.202000 0.000000 0.000000 0.000000
    142 3.040999 0.000000 1.202000 0.000000 0.000000 0.000000
    143 4.657000 0.000000 1.545000 0.000000 0.000000 -0.000013
    144 -0.403000 0.000000 -0.011000 0.000000 0.000000 0.000000
    145 1.781000 0.000000 0.873000 0.000000 0.000000 0.000000
    146 0.384000 0.715000 0.801000 0.000000 0.000000 0.000000
    147 1.795000 0.533000 -1.550000 0.000000 0.000000 0.000000
    148 4.435999 0.595000 -0.954000 0.000000 0.000000 0.000000
    149 4.401999 -0.614000 -1.630000 0.000000 0.000000 0.000000
    150 4.203000 -0.003000 -0.048000 0.000000 0.000000 0.000000
    151 5.136000 0.000000 1.534000 0.000000 0.000000 -0.000027
    152 11.957001 0.000000 -0.006000 0.000000 0.000000 0.000027
    153 -2.103001 0.000000 0.000000 0.000000 0.000000 0.000000
    154 -0.598001 0.000000 -0.011000 0.000000 0.000000 -0.000013
    155 0.496000 0.184000 -3.523000 0.000000 0.000000 0.000000
    156 0.147000 0.184000 -0.328000 0.000000 0.000000 0.000000
    157 0.147000 0.184000 0.023000 0.000000 0.000000 0.000000
    158 0.147000 0.184000 0.368000 0.000000 0.000000 0.000000
    159 0.147000 0.184000 0.717000 0.000000 0.000000 0.000000
    160 0.147000 0.184000 1.067000 0.000000 0.000000 0.000000
    161 0.148000 0.184000 1.414000 0.000000 0.000000 0.000000
    162 0.148000 -0.074000 1.640000 0.000000 0.000000 0.000000
    163 0.435000 0.184000 -3.179000 0.000000 0.000000 0.000000
    164 0.378000 0.184000 -2.826000 0.000000 0.000000 0.000000
    165 0.329000 0.184000 -2.477000 0.000000 0.000000 0.000000
    166 0.286000 0.184000 -2.127000 0.000000 0.000000 0.000000
    167 0.252000 0.184000 -1.775000 0.000000 0.000000 0.000000
    168 0.215000 0.184000 -1.417000 0.000000 0.000000 0.000000
    169 0.190000 0.184000 -1.064000 0.000000 0.000000 0.000000
    170 0.166000 0.184000 -0.714000 0.000000 0.000000 0.000000
    171 1.622000 0.000000 1.568000 0.000000 0.000000 0.000013
    172 2.240000 0.000000 1.568000 0.000000 0.000000 0.000013
    173 0.000000 0.000000 0.000000 0.000000 0.000000 0.000000
    174 0.000006 -0.006207 -4.863281 -3.140338 -0.002958 -3.128596
    175 1.000088 -0.000029 0.000000 0.000000 0.000000 0.000000
    176 17.162518 -0.000404 0.000000 0.000000 0.000000 0.119207
    177 17.749374 0.295515 0.000000 0.000000 0.000000 -1.158917
    178 5.413528 0.000347 0.000000 0.000000 0.000000 -0.518029
    179 0.017887 0.299792 0.000000 0.000000 0.000000 -0.059577
    180 9.999889 -0.000303 0.000000 0.000000 0.000000 0.000000
    181 0.000004 0.006218 4.863281 -3.140338 -0.002958 -3.128596
    182 1.000088 -0.000029 0.000000 0.000000 0.000000 0.000000
    183 12.283573 1.581455 -4.695999 1.462269 -0.086726 0.090185
    184 17.162518 -0.000404 0.000000 0.000000 0.000000 0.119207
    185 17.749374 0.295515 0.000000 0.000000 0.000000 -1.158919
    186 5.413528 0.000347 0.000000 0.000000 0.000000 -0.518029
    187 0.017887 0.299792 0.000000 0.000000 0.000000 -0.059571
    188 9.499836 0.000212 0.000000 0.000000 0.000000 0.000000
    189 -1.145525 0.000130 0.000671 0.000000 0.000000 0.000000
    190 -0.857691 0.104071 0.104687 0.023536 0.163924 0.013632
    191 3.999430 -0.000528 -0.000332 0.106530 0.000000 0.000000
    192 0.599499 0.400698 0.000236 0.000000 0.000000 0.000000
    193 0.599886 0.400186 -0.000027 0.000000 0.000000 0.000000
    194 2.299677 -2.499979 -0.599480 0.891872 0.221487 -0.527266
    195 6.615128 -4.627024 0.078179 1.512876 -0.286905 0.091384
    196 -9.580679 -27.862108 -37.184677 0.812879 -0.123459 -0.568477
    197 0.649935 -0.548296 0.093658 -1.665913 -0.131399 -0.112062
    198 1.899127 0.000427 -0.000439 0.027386 -0.033311 0.477848
    199 0.657078 0.008400 0.040375 -1.665945 -0.131407 -0.000013
    200 1.799664 -0.000240 0.000231 0.027386 -0.033311 0.477848
    201 1.799664 -0.000240 0.000231 0.027386 -0.033311 0.477848
    202 1.799664 -0.000240 0.000231 0.027386 -0.033311 0.477848
    203 0.665774 0.747222 -0.029186 -1.665935 -0.131408 0.094976
    204 1.900306 -0.000137 -0.000517 0.027386 -0.033311 0.477848
    205 6.255803 -3.374086 4.825195 1.565404 1.561257 -2.764181
    206 3.999897 0.000040 0.001007 0.207914 0.000000 0.000000
    207 0.600403 0.399632 -0.000469 0.000000 0.000000 3.141497
    208 0.599890 0.400186 0.000031 0.000000 0.000000 3.141497
    209 2.300137 -2.499413 0.600155 -0.891954 -0.221511 -0.527258
    210 12.103249 -3.649587 -1.238105 1.733585 0.203032 0.048103
    211 2.762354 0.116951 1.523975 1.629482 0.064153 1.743800
    212 7.228317 7.928200 -3.925652 2.328713 0.123459 -0.568477
    213 0.650396 -0.547731 -0.092976 1.665913 0.131399 -0.112062
    214 1.899441 -0.000320 -0.000150 -0.027386 0.033311 0.477848
    215 0.657068 0.008398 -0.040379 1.665945 0.131407 -0.000013
    216 1.799659 -0.000233 -0.000233 -0.027386 0.033311 0.477848
    217 1.799659 -0.000233 -0.000233 -0.027386 0.033311 0.477848
    218 1.799659 -0.000233 -0.000233 -0.027386 0.033311 0.477848
    219 0.665778 0.747222 0.029179 1.665935 0.131408 0.094976
    220 1.900722 0.000549 -0.000072 -0.027386 0.033311 0.477848
    221 4.530998 0.000000 0.000000 0.000000 0.000000 0.000000
    222 4.527344 0.000000 0.000000 0.000000 0.000000 0.000000
    223 0.000000 0.000000 0.000000 0.000000 0.000000 0.000000
    224 0.000000 0.000000 0.000000 0.000000 0.000000 0.000000
    225 4.000000 -6.496094 0.008293 -0.001274 0.000001 0.000975
    226 -6.500000 0.000000 0.000000 -1.537381 1.569552 -1.537381
    227 18.937846 -2.499827 7.337294 0.357724 -0.153618 0.021165
    228 0.280000 -0.135000 2.196999 1.570796 0.000000 -1.570735
    229 0.000000 0.000000 0.000000 0.000000 0.000000 0.000000
    230 0.000000 0.000000 0.000000 0.000072 0.000000 0.000000
    231 0.106000 0.000000 -64.320000 0.000000 0.000000 0.000000
    232 0.000000 0.000000 0.000000 0.000000 0.000000 0.000000
    233 -0.106000 0.000000 64.320000 0.000000 0.000000 0.000000
    234 -1.614195 -21.927778 -5.895716 0.357771 -0.153697 -1.549545
    235 0.000000 0.000000 0.000000 0.000000 -0.000036 0.000055
    236 1.688000 -0.001000 -1.454002 0.000000 0.000000 0.000000
    237 -1.070999 -0.005000 0.545002 0.000000 0.000000 0.000000
    238 5.895000 0.750997 -0.156000 0.000000 0.000000 0.000000
    239 11.599999 -0.000003 -1.500002 0.000000 0.000000 0.000000
    240 -3.802991 5.150613 -5.505911 -1.515198 -0.074947 -0.291635
    241 7.216001 -0.000003 -1.579000 0.000000 0.000000 0.000000
    242 4.488969 0.039061 -1.500000 0.000000 0.000000 0.000000
    243 0.673937 -0.015635 -4.768713 -3.141592 -1.281051 3.141593
    244 0.094999 -0.144000 0.332001 0.000000 0.000000 0.000000
    245 14.209020 0.000022 0.766988 0.000000 0.000000 0.000000
    246 0.000000 0.000000 0.000000 1.570800 0.000000 -1.570796
  time 53
    0 0.000000 0.000000 0.000000 0.000000 0.000000 -1.570796
    1 -0.106750 -0.000001 -0.000351 0.000000 0.000000 0.000000
    2 0.000000 0.000000 0.000000 0.000000 0.000000 0.000000
    3 -0.904000 0.000000 -11.806000 0.000000 0.000000 0.000000
    4 0.000000 0.000000 -14.313999 1.572085 -1.570793 0.000000
    5 3.533001 0.000000 0.000000 -0.001274 0.000000 0.000000
    6 6.250000 0.000000 0.000000 0.000000 0.000000 0.000000
    7 9.568951 -0.019507 -1.944020 -1.545137 1.187827 -1.546947
    8 9.570313 5.304688 2.056641 -1.552151 -1.032979 1.554747
    9 5.786820 0.002787 -0.000113 -0.960730 1.036420 -1.213022
    10 5.999492 -0.000592 -4.000343 0.000000 0.000000 0.000000
    11 5.787410 0.002582 0.000893 1.140477 -0.888337 -2.072643
    12 5.999492 -0.000592 4.000340 0.000000 0.000000 0.000000
    13 0.500225 0.000133 -0.000084 0.134167 0.000000 0.000000
    14 11.530657 0.000349 -0.001308 -0.000089 -0.000003 -1.877325
    15 -0.829338 0.893824 0.079659 -0.148839 0.047645 0.087266
    16 0.500225 0.000132 0.000072 0.085070 0.000000 0.000000
    17 11.532495 0.000526 0.003814 0.000006 -0.000010 -1.432132
    18 -0.829586 0.894698 -0.079468 0.045377 -0.019621 0.087266
    19 10.599886 0.000105 -0.000553 0.105466 0.000024 0.000024
    20 0.791561 -0.575971 -0.000805 -0.000024 -0.000049 0.938578
    21 11.042053 0.003717 0.000798 0.159124 -0.305718 0.727299
    22 -11.814724 0.424524 -0.297680 0.247998 -0.066121 -0.042695
    23 10.599878 0.000105 0.000549 0.415936 0.000000 0.000000
    24 0.369671 -0.423623 0.000801 0.000000 -0.000011 0.716048
    25 11.041739 0.003170 -0.000568 0.411487 0.151536 0.292085
    26 -11.663242 0.094713 0.140656 -0.068591 0.018527 -0.015099
    27 0.610300 -0.939470 0.070347 -1.655245 -0.140103 -0.175628
    28 0.639938 -0.199121 0.060192 -1.665909 -0.131428 -0.066447
    29 0.600155 1.080260 -0.339535 -1.737970 0.020677 0.107349
    30 0.610207 0.400743 -0.010098 -1.760171 -0.067704 0.011604
    31 0.630809 -0.690091 -0.232343 0.076524 0.603584 -1.780749
    32 -0.792125 0.203736 0.461304 1.439074 -0.003453 -0.018305
    33 0.610300 -0.939469 -0.070354 1.655295 0.140067 -0.175664
    34 0.639938 -0.199121 -0.060200 1.665960 0.131428 -0.066447
    35 0.600157 1.080260 0.339531 1.741577 -0.203915 0.075913
    36 0.610205 0.400743 0.010086 1.761892 -0.015337 0.028023
    37 0.627906 -0.691394 0.232270 -1.014456 -0.861409 -0.665993
    38 -0.626031 -0.069982 -0.080517 -1.447153 0.086151 0.021559
    39 2.621377 -0.002532 -0.001438 -0.110852 -0.193743 0.183836
    40 2.660837 0.000397 -0.000071 -0.042801 0.037096 1.151216
    41 2.202488 0.003364 -0.002863 -0.034587 0.230248 0.081214
    42 0.599950 0.959236 -0.300102 -0.174544 0.000000 0.000000
    43 2.557190 -0.001967 0.002453 0.004236 0.045782 0.790133
    44 2.098929 0.000032 -0.002193 -0.433027 0.306142 0.577585
    45 0.999378 -0.000238 -1.170306 0.000000 0.000000 0.000000
    46 -0.122641 -0.721855 0.661686 -0.486644 0.223964 0.243056
    47 2.622112 -0.000648 0.002741 -0.053008 0.086883 -0.048142
    48 2.657909 0.000687 -0.000533 0.200385 0.214683 1.264756
    49 2.200014 0.001663 0.000836 0.236792 0.017712 1.474129
    50 0.599949 0.959244 0.300102 0.174544 0.000000 0.000000
    51 2.556571 -0.000385 0.000554 0.236801 0.177123 1.399512
    52 2.103853 0.001708 -0.001011 0.124830 -0.418702 0.877031
    53 0.999376 -0.000240 1.490624 -0.000048 0.000024 0.946946
    54 0.310848 -0.606446 -0.498005 0.308107 -0.197598 0.313975
    55 1.869163 -0.000835 -0.000994 -0.000007 0.000003 0.539481
    56 1.200941 0.399582 -0.000237 -0.009465 0.016087 0.007127
    57 0.000586 0.100342 -0.000319 -0.120035 -0.021926 -0.209617
    58 -0.161663 0.051712 0.194808 -2.941982 0.122408 -0.060194
    59 2.010090 -0.003202 -0.003377 0.000006 0.000001 1.303739
    60 0.000237 0.099800 -0.000395 -0.018823 0.010833 -0.239219
    61 -0.203197 0.048607 0.069150 -3.093332 0.033217 -0.046722
    62 1.180426 -0.002312 0.000781 -0.000002 0.000000 1.141238
    63 -0.000196 0.099625 -0.000034 0.000000 0.000000 -0.314102
    64 -0.088737 -0.688435 -0.145203 2.930407 -0.136130 0.513013
    65 1.712069 -0.003328 0.003818 -0.027326 0.005217 1.564115
    66 -0.000576 0.100143 -0.000311 -0.010914 0.023131 -0.260843
    67 -0.146027 -0.232426 -0.014225 3.028455 -0.094299 0.113020
    68 1.290634 0.000361 -0.000036 0.000000 0.000000 0.369855
    69 -0.658119 -0.003576 0.072643 -0.142711 0.027792 -0.077299
    70 1.868078 -0.003049 0.002177 -0.000045 0.000039 1.450101
    71 1.200075 0.399942 -0.000093 0.009465 -0.016087 0.007127
    72 0.000589 0.100342 0.000319 0.120035 0.021926 -0.209617
    73 0.068073 0.002283 -0.080050 3.111376 -0.069366 -0.060847
    74 2.011874 -0.001179 0.002180 -0.000096 -0.000013 1.378946
    75 0.000233 0.099800 0.000395 0.018823 -0.010833 -0.239219
    76 -0.018673 -0.001009 0.047544 3.109244 0.002635 -0.106673
    77 1.178665 0.001595 0.000845 0.000006 -0.000001 0.743886
    78 -0.000196 0.099628 0.000034 0.000000 0.000000 -0.314102
    79 0.036894 -0.634449 0.266284 -2.801062 0.174301 0.490915
    80 1.708256 -0.002504 -0.000686 -0.000058 0.000035 1.160556
    81 -0.000580 0.100140 0.000311 0.010910 -0.023132 -0.260845
    82 -0.003952 -0.281811 0.115047 -3.059162 0.089004 0.167964
    83 1.289625 0.000042 0.000061 0.000046 -0.000010 0.672669
    84 -0.171526 -0.018150 -0.099873 0.013484 -0.062184 -0.011781
    85 0.916622 0.003336 0.001326 0.000007 0.000009 0.880319
    86 -0.342617 0.053402 -0.025571 -2.909301 -0.017248 0.075276
    87 1.100231 -0.000928 -0.002434 0.000009 0.000002 0.677957
    88 -0.384979 0.331001 0.006848 -3.087207 -0.018765 -0.184278
    89 0.678146 0.002286 -0.003905 -0.000006 -0.000007 1.104367
    90 -0.123848 0.072738 0.029507 2.898184 -0.060627 0.094835
    91 1.017166 -0.000154 -0.000252 -0.000011 -0.000002 0.527889
    92 -0.344990 0.123129 0.143151 2.994981 0.012396 0.059140
    93 -0.730989 0.177046 0.039141 -0.123731 0.076518 -0.084310
    94 0.921993 0.001298 -0.000896 -0.000002 -0.000011 0.471806
    95 -0.124023 -0.052090 0.038495 3.077813 -0.008519 0.039229
    96 1.100433 -0.003552 0.000502 0.000006 0.000066 0.545699
    97 -0.330082 0.160639 0.042780 3.128073 0.034033 -0.171236
    98 0.679764 0.001532 0.003272 0.000002 0.000003 0.674840
    99 -0.019512 -0.016531 0.038578 -2.763781 0.050305 0.076829
    100 1.019531 -0.000003 0.000000 0.000000 0.000000 0.497026
    101 -0.155308 0.130644 -0.021921 -3.022466 0.022433 -0.024902
    102 -0.252207 0.061937 -0.024914 -0.007671 -0.063171 -0.044392
    103 -0.085995 0.185205 -0.015180 -2.937063 -0.113970 -0.138991
    104 -0.286533 0.179852 0.024264 -3.109353 -0.049645 -0.029914
    105 -0.019482 0.147083 0.079203 2.893815 0.038585 -0.060594
    106 -0.046482 0.251896 0.129548 3.016165 0.077112 -0.042864
    107 0.039124 -0.040295 0.047739 3.084219 0.030470 -0.037414
    108 -0.233757 0.066630 0.001754 -3.133087 0.040141 -0.065412
    109 0.044266 0.020131 0.001684 -2.778763 -0.118872 -0.040488
    110 0.071495 0.074128 -0.048302 -3.035917 -0.059482 0.104366
    111 0.000000 0.000000 0.000000 0.000000 0.000000 -1.570796
    112 -2.851650 -7.613514 -5.703299 0.358161 -0.150840 -1.552335
    113 0.000000 0.000000 0.000000 0.000000 0.000000 0.000000
    114 -2.519608 -17.938047 -4.500137 0.358034 -0.150745 -1.552430
    115 3.096000 0.000000 -1.996000 0.000000 0.000000 0.000000
    116 3.040999 0.000000 1.202000 0.000000 0.000000 0.000000
    117 7.854000 0.000000 -0.042000 0.000000 0.000000 -0.000027
    118 13.105999 0.000000 -0.006000 0.000000 0.000000 0.000027
    119 3.456000 0.000000 -1.084000 0.000000 0.000000 0.000013
    120 1.804000 0.000000 -1.025000 0.000000 0.000000 0.000000
    121 7.098000 0.000000 -1.084000 0.000000 0.000000 0.000000
    122 1.868000 1.809000 -1.975000 -2.218442 -0.017124 -0.465675
    123 3.740000 0.000000 1.273000 0.000000 0.000000 0.000013
    124 11.956999 0.000000 -0.006000 0.000000 0.000000 0.000027
    125 6.072001 0.000000 -1.238000 0.000000 0.000000 0.000000
    126 5.690000 -0.365000 0.068000 -0.000040 -0.349041 -1.570749
    127 6.396999 0.614000 0.428000 0.000000 0.000000 -0.000027
    128 3.040999 0.000000 1.202000 0.000000 0.000000 0.000000
    129 3.720000 0.000000 1.202000 0.000000 0.000000 0.000000
    130 1.086000 -0.661000 -0.149000 0.000000 0.000000 0.000000
    131 1.067000 0.589000 0.076000 0.000000 0.000000 0.000000
    132 0.000000 -0.019000 0.000000 0.000000 0.000000 0.000000
    133 0.000000 -0.019000 0.000000 0.000000 0.000000 0.000000
    134 3.300000 -0.019000 1.346000 0.000000 0.000000 0.000000
    135 -1.524000 -1.859000 -4.367000 -1.730250 -0.014891 0.208056
    136 7.283999 0.000000 -2.195000 0.000000 0.000000 -0.000027
    137 -1.323000 0.000000 0.184000 0.000000 0.000000 0.000000
    138 0.082000 0.000000 1.002000 0.000000 0.000000 0.000000
    139 -28.183195 -17.375530 -52.966059 -0.364320 0.134582 -0.070544
    140 0.478000 0.000000 -4.537000 0.000000 0.000000 -0.000013
    141 3.436000 0.000000 1.202000 0.000000 0.000000 0.000000
    142 3.040999 0.000000 1.202000 0.000000 0.000000 0.000000
    143 4.657000 0.000000 1.545000 0.000000 0.000000 -0.000013
    144 -0.403000 0.000000 -0.011000 0.000000 0.000000 0.000000
    145 1.781000 0.000000 0.873000 0.000000 0.000000 0.000000
    146 0.384000 0.715000 0.801000 0.000000 0.000000 0.000000
    147 1.795000 0.533000 -1.550000 0.000000 0.000000 0.000000
    148 4.435999 0.595000 -0.954000 0.000000 0.000000 0.000000
    149 4.401999 -0.614000 -1.630000 0.000000 0.000000 0.000000
    150 4.203000 -0.003000 -0.048000 0.000000 0.000000 0.000000
    151 5.136000 0.000000 1.534000 0.000000 0.000000 -0.000027
    152 11.957001 0.000000 -0.006000 0.000000 0.000000 0.000027
    153 -2.103001 0.000000 0.000000 0.000000 0.000000 0.000000
    154 -0.598001 0.000000 -0.011000 0.000000 0.000000 -0.000013
    155 0.496000 0.184000 -3.523000 0.000000 0.000000 0.000000
    156 0.147000 0.184000 -0.328000 0.000000 0.000000 0.000000
    157 0.147000 0.184000 0.023000 0.000000 0.000000 0.000000
    158 0.147000 0.184000 0.368000 0.000000 0.000000 0.000000
    159 0.147000 0.184000 0.717000 0.000000 0.000000 0.000000
    160 0.147000 0.184000 1.067000 0.000000 0.000000 0.000000
    161 0.148000 0.184000 1.414000 0.000000 0.000000 0.000000
    162 0.148000 -0.074000 1.640000 0.000000 0.000000 0.000000
    163 0.435000 0.184000 -3.179000 0.000000 0.000000 0.000000
    164 0.378000 0.184000 -2.826000 0.000000 0.000000 0.000000
    165 0.329000 0.184000 -2.477000 0.000000 0.000000 0.000000
    166 0.286000 0.184000 -2.127000 0.000000 0.000000 0.000000
    167 0.252000 0.184000 -1.775000 0.000000 0.000000 0.000000
    168 0.215000 0.184000 -1.417000 0.000000 0.000000 0.000000
    169 0.190000 0.184000 -1.064000 0.000000 0.000000 0.000000
    170 0.166000 0.184000 -0.714000 0.000000 0.000000 0.000000
    171 1.622000 0.000000 1.568000 0.000000 0.000000 0.000013
    172 2.240000 0.000000 1.568000 0.000000 0.000000 0.000013
    173 0.000000 0.000000 0.000000 0.000000 0.000000 0.000000
    174 0.000006 -0.006207 -4.863281 -3.140338 -0.002958 -3.128596
    175 1.000088 -0.000029 0.000000 0.000000 0.000000 0.000000
    176 17.162518 -0.000404 0.000000 0.000000 0.000000 0.119207
    177 17.749374 0.295515 0.000000 0.000000 0.000000 -1.158917
    178 5.413528 0.000347 0.000000 0.000000 0.000000 -0.518029
    179 0.017887 0.299792 0.000000 0.000000 0.000000 -0.059577
    180 9.999889 -0.000303 0.000000 0.000000 0.000000 0.000000
    181 0.000004 0.006218 4.863281 -3.140338 -0.002958 -3.128596
    182 1.000088 -0.000029 0.000000 0.000000 0.000000 0.000000
    183 12.283573 1.581455 -4.695999 1.462269 -0.086726 0.090185
    184 17.162518 -0.000404 0.000000 0.000000 0.000000 0.119207
    185 17.749374 0.295515 0.000000 0.000000 0.000000 -1.158919
    186 5.413528 0.000347 0.000000 0.000000 0.000000 -0.518029
    187 0.017887 0.299792 0.000000 0.000000 0.000000 -0.059571
    188 9.499836 0.000212 0.000000 0.000000 0.000000 0.000000
    189 -1.145525 0.000130 0.000671 0.000000 0.000000 0.000000
    190 -0.857691 0.104071 0.104687 0.023536 0.163924 0.013632
    191 3.999430 -0.000528 -0.000332 0.105426 0.000000 0.000000
    192 0.599499 0.400698 0.000236 0.000000 0.000000 0.000000
    193 0.599886 0.400186 -0.000027 0.000000 0.000000 0.000000
    194 2.299677 -2.499979 -0.599480 0.891872 0.221487 -0.527266
    195 6.615128 -4.627024 0.078179 1.512876 -0.286862 0.091384
    196 -9.580679 -27.862108 -37.184677 0.812879 -0.123459 -0.568477
    197 0.649935 -0.548296 0.093658 -1.665913 -0.131399 -0.112062
    198 1.899127 0.000427 -0.000439 0.027386 -0.033311 0.477848
    199 0.657078 0.008400 0.040375 -1.665945 -0.131407 -0.000013
    200 1.799664 -0.000240 0.000231 0.027386 -0.033311 0.477848
    201 1.799664 -0.000240 0.000231 0.027386 -0.033311 0.477848
    202 1.799664 -0.000240 0.000231 0.027386 -0.033311 0.477848
    203 0.665774 0.747222 -0.029186 -1.665935 -0.131408 0.094976
    204 1.900306 -0.000137 -0.000517 0.027386 -0.033311 0.477848
    205 6.255803 -3.374086 4.825195 1.565404 1.561257 -2.764181
    206 3.999897 0.000040 0.001007 0.208001 0.000000 0.000000
    207 0.600403 0.399632 -0.000469 0.000000 0.000000 -3.141592
    208 0.599890 0.400186 0.000031 0.000000 0.000000 3.141497
    209 2.300137 -2.499413 0.600155 -0.891954 -0.221499 -0.527258
    210 12.103249 -3.649587 -1.238105 1.733585 0.203032 0.048103
    211 2.762354 0.116951 1.523975 1.629482 0.064153 1.743800
    212 7.228317 7.928200 -3.925652 2.328713 0.123459 -0.568477
    213 0.650396 -0.547731 -0.092976 1.665913 0.131399 -0.112062
    214 1.899441 -0.000320 -0.000150 -0.027386 0.033311 0.477848
    215 0.657068 0.008398 -0.040379 1.665945 0.131407 -0.000013
    216 1.799659 -0.000233 -0.000233 -0.027386 0.033311 0.477848
    217 1.799659 -0.000233 -0.000233 -0.027386 0.033311 0.477848
    218 1.799659 -0.000233 -0.000233 -0.027386 0.033311 0.477848
    219 0.665778 0.747222 0.029179 1.665935 0.131408 0.094976
    220 1.900722 0.000549 -0.000072 -0.027386 0.033311 0.477848
    221 4.530998 0.000000 0.000000 0.000000 0.000000 0.000000
    222 4.527344 0.000000 0.000000 0.000000 0.000000 0.000000
    223 0.000000 0.000000 0.000000 0.000000 0.000000 0.000000
    224 0.000000 0.000000 0.000000 0.000000 0.000000 0.000000
    225 4.000000 -6.496094 0.008293 -0.001274 0.000001 0.000975
    226 -6.500000 0.000000 0.000000 -1.537381 1.569552 -1.537381
    227 18.953472 -2.523266 7.298230 0.358248 -0.150774 0.018368
    228 0.280000 -0.135000 2.196999 1.570796 0.000000 -1.570735
    229 0.000000 0.000000 0.000000 0.000000 0.000000 0.000000
    230 0.000000 0.000000 0.000000 0.000000 0.000000 0.000000
    231 0.106000 0.000000 -64.320000 0.000000 0.000000 0.000000
    232 0.000000 0.000000 0.000000 0.000000 0.000000 0.000000
    233 -0.106000 0.000000 64.320000 0.000000 0.000000 0.000000
    234 -1.649352 -21.939497 -5.946499 0.358207 -0.150809 -1.552419
    235 0.000000 0.000000 0.000000 0.000000 -0.000036 0.000055
    236 1.688000 -0.001000 -1.454002 0.000000 0.000000 0.000000
    237 -1.070999 -0.005000 0.545002 0.000000 0.000000 0.000000
    238 5.895000 0.750997 -0.156000 0.000000 0.000000 0.000000
    239 11.599999 -0.000003 -1.500002 0.000000 0.000000 0.000000
    240 -3.802991 5.150613 -5.505911 -1.515198 -0.074999 -0.291635
    241 7.216001 -0.000003 -1.579000 0.000000 0.000000 0.000000
    242 4.488969 0.039061 -1.500000 0.000000 0.000000 0.000000
    243 0.673937 -0.015635 -4.768713 -3.141592 -1.281051 3.141593
    244 0.094999 -0.144000 0.332001 0.000000 0.000000 0.000000
    245 14.209020 0.000022 0.766988 0.000000 0.000000 0.000000
    246 0.000000 0.000000 0.000000 1.570800 0.000000 -1.570796
end
